Date,Open,High,Low,Close,Volume,MA_5,MA_10,MA_20,RSI,MACD,Close_Lag1,Close_Lag2,Close_Lag3
2020-01-28,614.3008147111344,625.8454240674904,608.0903950345262,614.1371459960938,11511345.0,597.3353149414063,587.7260498046875,573.5191345214844,84.65457158845454,12.364533207617228,614.06005859375,583.7590942382812,585.0589599609375
2020-01-29,614.1371860669334,616.5828140815914,596.8154519310588,606.2610473632812,6946015.0,600.6552612304688,592.1474792480469,576.1077728271484,74.31283087323959,12.919188056669782,614.1371459960938,614.06005859375,583.7590942382812
2020-01-30,607.0409762289654,610.449458357339,600.5417114909338,607.531982421875,3366300.0,605.1498657226563,596.3339660644531,578.8995758056641,74.84682073525387,13.307904617647978,606.2610473632812,614.1371459960938,614.06005859375
2020-01-31,607.6089427864421,614.6570403975567,597.373801112088,599.76171875,3341175.0,608.350390625,597.8774230957031,581.1199157714843,65.83576396202243,12.840947503647726,607.531982421875,606.2610473632812,614.1371459960938
2020-02-03,601.5911667578591,611.0271241934704,600.2720614808045,605.4714965820312,2576210.0,606.6326782226563,599.505615234375,583.6743682861328,68.80756533993335,12.784243181517354,599.76171875,607.531982421875,606.2610473632812
2020-02-04,607.3682926651504,631.1700741522419,606.9927655000903,624.28564453125,5149785.0,608.6623779296875,602.9988464355469,587.118017578125,76.16482959735862,14.0949710483726,605.4714965820312,599.76171875,607.531982421875
2020-02-05,622.9664996682205,625.8550614904842,601.1482552286154,603.3916625976562,4781145.0,608.0885009765625,604.3718811035156,589.3913146972657,59.4067509175834,13.294511746523881,624.28564453125,605.4714965820312,599.76171875
2020-02-06,609.9872494534109,611.758867800454,604.0175432465844,608.3214721679688,2462660.0,608.2463989257812,606.6981323242187,591.6872406005859,61.556024282619845,12.90912802280377,603.3916625976562,624.28564453125,605.4714965820312
2020-02-07,608.494739923049,613.3379231606986,604.0945493957498,609.8139038085938,2676165.0,610.2568359375,609.30361328125,593.9374298095703,62.20837685004878,12.579131013753226,608.3214721679688,603.3916625976562,624.28564453125
2020-02-10,609.7657576193512,611.0752836566624,599.4728465299619,606.4246826171875,1477975.0,610.4474731445313,608.5400756835937,595.8092163085937,59.729619699507104,11.906869204912027,609.8139038085938,608.3214721679688,603.3916625976562
2020-02-11,608.5043855678596,617.3722910945202,603.7093919779851,614.5318603515625,3060520.0,608.4967163085937,608.5795471191407,598.152798461914,63.4783951549483,11.89120396933231,606.4246826171875,609.8139038085938,608.3214721679688
2020-02-12,610.8634351944036,618.8454734238876,609.3036164693941,615.3984985351562,2843165.0,610.8980834960937,609.4932922363281,600.8203857421875,63.86563226108616,11.812551870981451,614.5318603515625,606.4246826171875,609.8139038085938
2020-02-13,620.6075543083956,642.5895283046433,615.668108424898,640.2208862304688,8584320.0,617.2779663085937,612.7621826171875,604.5480743408203,72.7709592794576,13.596447372230273,615.3984985351562,614.5318603515625,606.4246826171875
2020-02-14,636.4848911143936,641.8383561971535,631.0544400361517,636.3115844726562,3533430.0,622.5775024414063,616.4171691894531,607.1472961425782,69.85122220050636,14.527287896833514,640.2208862304688,615.3984985351562,614.5318603515625
2020-02-17,640.4519025478689,643.5811778610548,633.0186983202359,634.6266479492188,3203305.0,628.2178955078125,619.3326843261718,609.4191497802734,68.57415098127518,14.956614876954063,636.3115844726562,640.2208862304688,615.3984985351562
2020-02-18,633.1727283469588,633.1727283469588,622.6295247031563,626.1150512695312,3486830.0,630.5345336914063,619.515625,611.2572357177735,62.3706928938649,14.443548646167983,634.6266479492188,636.3115844726562,640.2208862304688
2020-02-19,627.3956103142855,635.2525314563509,627.3956103142855,631.2759399414062,1509105.0,633.7100219726562,622.304052734375,613.3379669189453,64.46950156909077,14.288669656884963,626.1150512695312,634.6266479492188,636.3115844726562
2020-02-20,633.423066295212,647.9910508197778,623.938978681579,626.8756713867188,4622330.0,631.0409790039063,624.15947265625,615.4288024902344,61.32863626355151,13.65347330300574,631.2759399414062,626.1150512695312,634.6266479492188
2020-02-24,627.2031367939454,627.2031367939454,609.7465885802452,611.6626586914062,3143085.0,626.1111938476563,624.3443481445313,616.8239807128906,51.91222585867877,11.786643542328989,626.8756713867188,631.2759399414062,626.1150512695312
2020-02-25,612.7602153935261,612.8179842739733,588.5636933726317,594.4467163085938,5005135.0,618.0752075195312,623.1465515136719,615.8433135986328,43.72951845312519,8.816355379724428,611.6626586914062,626.8756713867188,631.2759399414062
2020-02-26,596.391769337685,599.9542819932907,589.3243953777628,592.2225952148438,3810845.0,611.2967163085938,620.915625,614.7475860595703,42.79110719995536,6.211312482686935,594.4467163085938,611.6626586914062,626.8756713867188
2020-02-27,595.8140033580888,595.8140033580888,583.3161780847257,590.6242065429688,4677080.0,603.1663696289063,618.4381958007813,613.9657440185547,42.092027003205544,3.972033481466042,592.2225952148438,594.4467163085938,611.6626586914062
2020-02-28,583.4895011959001,594.7549043092113,559.4662830811933,563.6739501953125,8299780.0,590.526025390625,610.7835021972656,611.7728424072266,32.462231964534624,0.02246927350029182,590.6242065429688,592.2225952148438,594.4467163085938
2020-03-02,570.2021240735713,577.1828152493902,553.8336068337204,559.5240478515625,4444330.0,580.0983032226562,603.1047485351562,609.7609588623047,31.27568826167662,-3.403221039632399,563.6739501953125,590.6242065429688,592.2225952148438
2020-03-03,566.158104659543,592.7328493302642,564.4731103004373,586.127685546875,5280400.0,578.4344970703125,598.2548522949219,608.7937683105469,45.12346045981951,-3.926155787450739,559.5240478515625,563.6739501953125,590.6242065429688
2020-03-04,590.2294297085801,613.6748982297967,584.6448889461647,610.7093505859375,9163610.0,582.1318481445312,596.7142822265625,608.1149536132813,54.288774167335866,-2.330189438181378,586.127685546875,559.5240478515625,563.6739501953125
2020-03-05,610.641976232851,622.379168030119,609.7176153004542,613.2320556640625,5228710.0,586.65341796875,594.9098937988281,608.6069732666016,55.117250186899234,-0.8519921561606907,610.7093505859375,586.127685546875,559.5240478515625
2020-03-06,594.1193561365468,617.4685634802448,594.1193561365468,610.63232421875,5629460.0,596.0450927734375,593.2855590820312,608.7225158691406,54.030468045582786,0.10846294558166392,613.2320556640625,610.7093505859375,586.127685546875
2020-03-09,608.2830390104618,614.1082941915987,582.7289139772311,589.5073852539062,4992640.0,602.0417602539062,591.0700317382813,607.7071899414062,46.079588065236535,-0.8254601023350006,610.63232421875,613.2320556640625,610.7093505859375
2020-03-11,591.1922977643428,593.8690598292804,574.4386163074938,577.827880859375,5845705.0,600.3817993164063,589.4081481933594,606.2773498535156,42.36746329650261,-2.479457597533383,589.5073852539062,610.63232421875,613.2320556640625
2020-03-12,567.698741282534,574.3424579326055,539.8819316131109,548.9038696289062,3889695.0,588.020703125,585.0762756347656,602.9959503173828,34.87468246489628,-6.054397185119001,577.827880859375,589.5073852539062,610.63232421875
2020-03-13,525.7086126075684,603.78646435756,502.6097560201636,555.5859985351562,4930170.0,576.4914916992187,581.5724548339844,600.0053253173828,37.6194210036078,-8.253232479906956,548.9038696289062,577.827880859375,589.5073852539062
2020-03-16,537.2725560407412,574.043954296828,531.4954317822386,544.3880615234375,4715400.0,563.2426391601563,579.6438659667969,595.2136840820312,34.9603225840151,-10.775195478411774,555.5859985351562,548.9038696289062,577.827880859375
2020-03-17,544.9752828680643,559.225508193006,531.0620328857783,535.5778198242188,4684015.0,552.4567260742188,577.2492431640625,590.1769958496094,32.98484872322372,-13.33110946773752,544.3880615234375,555.5859985351562,548.9038696289062
2020-03-18,539.5447744878886,539.5447744878886,504.7376427352877,513.865478515625,4366425.0,539.6642456054688,570.0230224609375,584.1389373779297,28.68326862515019,-16.913723330512994,535.5778198242188,544.3880615234375,555.5859985351562
2020-03-19,502.2245752237854,516.0704191310318,480.4737383383318,505.2960815429688,4838010.0,530.9426879882812,559.4816955566406,578.0979888916015,27.176865623622646,-20.21146416862007,513.865478515625,535.5778198242188,544.3880615234375
2020-03-20,508.5794564153108,567.891234860354,508.5794564153108,557.9257202148438,7772855.0,531.4106323242188,553.9510620117187,574.4304779052734,45.9511630951799,-18.36645844495183,505.2960815429688,513.865478515625,535.5778198242188
2020-03-23,516.1378559766738,586.7632295417293,516.1378559766738,533.1129760742188,4816170.0,529.155615234375,546.1991271972656,569.7423431396485,40.63255975085033,-18.69100097529065,557.9257202148438,505.2960815429688,513.865478515625
2020-03-24,548.8267025138787,570.0094875231862,539.409963514768,550.357666015625,5340585.0,532.1115844726562,542.2841552734375,566.6770935058594,45.365523279488386,-17.356624546751277,533.1129760742188,557.9257202148438,505.2960815429688
2020-03-25,544.4458587468985,567.8721152891952,538.3702517695986,562.6919555664062,4097050.0,541.8768798828125,540.7705627441406,565.08935546875,48.526436013872704,-15.129444707841799,550.357666015625,533.1129760742188,557.9257202148438
2020-03-26,572.9366573144131,590.5280197536313,554.4594855971718,567.8046875,3194975.0,554.3786010742188,542.66064453125,563.8684600830078,49.82235996541042,-12.804234654645029,562.6919555664062,550.357666015625,533.1129760742188
2020-03-27,568.6229576294517,586.7535117714596,548.0756309621987,561.6326293945312,4007940.0,555.1199829101563,543.2653076171875,562.4188812255859,48.24331644761724,-11.328929593976682,567.8046875,562.6919555664062,550.357666015625
2020-03-30,554.5268083611785,587.340886126342,541.316480901505,576.6050415039062,5752295.0,563.8183959960937,546.4870056152344,563.0654357910156,52.20094949192051,-8.849578741776668,561.6326293945312,567.8046875,562.6919555664062
2020-03-31,587.3409247771921,606.9831693752786,583.8842531488873,600.96533203125,5013780.0,573.9399291992188,553.0257568359375,565.1375,57.848469821932994,-4.862946450928575,576.6050415039062,561.6326293945312,567.8046875
2020-04-01,600.8112235782797,605.4425487017834,590.4220506709448,596.006591796875,3555215.0,580.6028564453125,561.2398681640625,565.6314453125,56.387979627772886,-2.0796674217990585,600.96533203125,576.6050415039062,561.6326293945312
2020-04-03,594.0808897191215,619.8565088778302,582.5459181539793,605.9817504882812,5868365.0,588.2382690429688,571.3084350585938,565.3950653076172,58.649599584508636,0.9204033646886955,596.006591796875,600.96533203125,576.6050415039062
2020-04-07,625.8551087899855,696.2589895573557,618.1522766818011,690.0197143554688,11837790.0,613.9156860351562,584.5178344726562,569.2344482421875,71.87992005298827,9.964280404878537,605.9817504882812,596.006591796875,600.96533203125
2020-04-08,678.812057865904,725.0290490397527,668.4132466053766,709.2382202148438,12611475.0,640.4423217773438,602.1303588867188,574.1647430419922,73.93389686408916,18.469486184067136,690.0197143554688,605.9817504882812,596.006591796875
2020-04-09,720.2147359568622,733.6946909079265,691.9453588209359,697.4047241210938,9804680.0,659.7302001953125,616.8350646972656,579.5596099853516,70.51835740179027,23.978647876134232,709.2382202148438,690.0197143554688,605.9817504882812
2020-04-13,711.3564755694316,742.5529665769676,694.6413453587296,721.4857177734375,11611945.0,684.826025390625,632.7144409179688,586.7425018310547,73.22873964031442,29.94267265128974,697.4047241210938,709.2382202148438,690.0197143554688
2020-04-15,736.5833181317176,749.7936469489435,727.1473605811357,733.2326049804688,8625555.0,710.2761962890625,649.2572326660156,595.9589385986328,74.46211934440794,35.21118821926541,721.4857177734375,697.4047241210938,709.2382202148438
2020-04-16,733.0014834401435,749.1003732793869,727.9175863743143,743.4484252929688,7329295.0,720.9619384765625,667.4388122558594,605.3520599365235,75.51845498340894,39.7526127123316,733.2326049804688,721.4857177734375,697.4047241210938
2020-04-17,764.5060057008396,769.8787469818205,736.3136149646211,756.7164916992188,9074610.0,730.4575927734375,685.4499572753906,615.9684814453125,76.85735791509956,43.91610884942236,743.4484252929688,733.2326049804688,721.4857177734375
2020-04-20,755.5611851558863,755.8307537171473,733.7525185008105,740.3865966796875,7493955.0,739.0539672851562,699.3920837402344,626.2089202880859,71.66262278434029,45.37496908234391,756.7164916992188,743.4484252929688,733.2326049804688
2020-04-21,738.5090341571347,779.4880989429588,736.0152163846793,773.44140625,14239375.0,749.4451049804687,717.1355651855469,639.1877166748047,75.30162476762574,48.63770798745156,740.3865966796875,756.7164916992188,743.4484252929688
2020-04-22,768.3478383901788,788.4425962590024,762.8210659457433,781.22119140625,8917130.0,759.042822265625,734.6595092773438,652.9839721679688,76.08019518828758,51.2603186750008,773.44140625,740.3865966796875,756.7164916992188
2020-04-23,776.2528853627979,786.8442790736653,772.064435316371,775.5018310546875,5128285.0,765.4535034179687,743.2077209472657,663.8627777099609,74.22768763658078,52.27466219218684,781.22119140625,773.44140625,740.3865966796875
2020-04-24,772.2088386463486,779.8346251864367,764.5252832221665,770.8223266601562,6330770.0,768.2746704101562,749.3661315917968,675.7482452392578,72.66859396529159,52.10035933010852,775.5018310546875,781.22119140625,773.44140625
2020-04-27,770.822344665191,782.8195258643924,761.627101329839,766.489501953125,5624485.0,773.4952514648437,756.274609375,686.5548370361328,71.17783646450526,51.02442253184972,770.8223266601562,775.5018310546875,781.22119140625
2020-04-28,776.0603008327345,777.2542303542217,749.4951339078731,760.6065063476562,4305840.0,770.928271484375,760.1866882324218,696.4505645751954,69.104922309513,49.130678410477344,766.489501953125,770.8223266601562,775.5018310546875
2020-04-29,760.6065205173952,764.5060674200423,745.740052573522,747.3095092773438,5198230.0,764.1459350585938,761.5943786621094,705.4258056640625,64.53045042039244,46.02635286920088,760.6065063476562,766.489501953125,770.8223266601562
2020-04-30,757.400177817915,788.3366802747427,750.0728732817438,758.0164184570312,10890150.0,760.6488525390625,763.0511779785156,715.2449951171875,66.45594697189753,43.92378455496555,747.3095092773438,760.6065063476562,766.489501953125
2020-05-04,741.397587337103,771.4386441879876,741.0509739979794,758.536376953125,7077435.0,758.1916625976562,763.2331665039062,724.3415618896485,66.55091132300097,41.81739541894285,758.0164184570312,747.3095092773438,760.6065063476562
2020-05-05,766.4317443932638,767.6545877158134,732.9244386784029,738.2971801757812,3978630.0,752.5531982421875,763.0242248535156,731.208154296875,59.49090744104581,38.07601620570165,758.536376953125,758.0164184570312,747.3095092773438
2020-05-06,741.5901228542077,747.1746640016629,732.7414927171817,741.8789672851562,4779515.0,748.8076904296875,759.8679809570312,738.5017730712891,60.293696727284924,34.99654808774835,738.2971801757812,758.536376953125,758.0164184570312
2020-05-07,752.740079614508,758.0646320379508,735.3412995969362,739.0194091796875,4581335.0,747.1496704101562,755.647802734375,745.1536560058594,59.283589714732706,31.95692543321468,741.8789672851562,738.2971801757812,758.536376953125
2020-05-08,751.0453674189037,795.7410319497815,751.0453674189037,767.2020263671875,10017290.0,748.9867919921875,754.817822265625,749.0127716064453,65.43048529985288,31.459459192532222,739.0194091796875,741.8789672851562,738.2971801757812
2020-05-11,766.0081072995217,766.0081072995217,741.0220348523039,743.7084350585938,5974940.0,746.0212036132813,752.1064331054688,750.7362823486328,57.621039513680444,28.837061444388496,767.2020263671875,739.0194091796875,741.8789672851562
2020-05-12,743.9394844131541,752.8747384423345,723.9024962157159,726.6466064453125,5392485.0,743.6910888671875,748.1221435546875,752.1983764648437,52.70150575002073,25.092791280032543,743.7084350585938,767.2020263671875,739.0194091796875
2020-05-13,741.2049321813824,741.2049321813824,719.2711505520402,727.8405151367188,4392175.0,740.8833984375,744.8455444335938,752.5161163330079,53.00387327488675,21.96852912345514,726.6466064453125,743.7084350585938,767.2020263671875
2020-05-14,729.843338361265,735.6108244686629,716.0937549128113,718.6742553710938,4485705.0,736.8143676757812,741.9820190429688,751.788198852539,50.3429507653364,18.53918016906721,727.8405151367188,726.6466064453125,743.7084350585938
2020-05-15,721.3701937658413,727.7057892353346,715.795231763207,719.2711791992188,4496935.0,727.2281982421875,738.1074951171875,750.5793365478515,50.51716779606152,15.688713456971982,718.6742553710938,727.8405151367188,726.6466064453125
2020-05-18,724.0950716444104,724.5572227266382,695.9219561541079,708.496826171875,4954380.0,720.1858764648438,733.1035400390625,748.1683532714844,47.291985858758125,12.417160509907376,719.2711791992188,718.6742553710938,727.8405151367188
2020-05-19,712.540834086009,716.748501129887,704.8283645733078,712.4348754882812,4677020.0,717.3435302734375,730.5173095703125,746.7707672119141,48.58406058757373,10.026618283061111,708.496826171875,719.2711791992188,718.6742553710938
2020-05-20,716.5366583134854,756.8032182770188,711.1928305487056,752.9902954101562,21083545.0,722.373486328125,731.6284423828125,745.7482116699218,59.57457476728896,11.274613075931597,712.4348754882812,708.496826171875,719.2711791992188
2020-05-21,760.6546442875853,761.4538295461014,736.6795566756474,740.9161376953125,8672120.0,726.8218627929688,731.818115234375,743.732958984375,55.753504435583196,11.160720482541478,752.9902954101562,712.4348754882812,708.496826171875
2020-05-22,739.5873951030972,752.9518130593456,733.887315991227,749.6492309570312,5052550.0,732.8974731445312,730.0628356933594,742.4403289794922,57.85886390098957,11.640957708227006,740.9161376953125,752.9902954101562,712.4348754882812
2020-05-26,750.8333918974034,758.5362224042102,742.0618077620811,744.1511840820312,4136880.0,740.0283447265625,730.1071105957031,741.1067718505859,56.050636886323076,11.44596082426881,749.6492309570312,740.9161376953125,752.9902954101562
2020-05-27,744.237937842416,751.0260461210765,734.4649471966138,747.7523193359375,4308340.0,747.0918334960937,732.2176818847656,740.1699127197265,56.99857840056077,11.450017236587087,744.1511840820312,749.6492309570312,740.9161376953125
2020-05-28,750.0631420102973,753.1057342894441,739.9531766815321,748.6669921875,3962810.0,746.2271728515625,734.3003295898437,739.5729370117188,57.25079175137375,11.395676166173871,747.7523193359375,744.1511840820312,749.6492309570312
2020-05-29,747.1746226876727,787.7492999363832,745.1141012476053,784.0037841796875,9631120.0,754.8447021484375,740.8332824707031,741.4076507568359,65.63632796324681,14.042125387692181,748.6669921875,747.7523193359375,744.1511840820312
2020-06-01,785.2266606356516,788.0670327322938,758.9311219961116,761.3382568359375,6848855.0,757.1825073242187,745.039990234375,741.5737426757812,57.804108281586224,14.147453788665985,784.0037841796875,748.6669921875,747.7523193359375
2020-06-02,767.3945733348303,771.6889229694231,748.3300774949054,750.1209716796875,7451040.0,758.37646484375,749.2024047851562,741.1529724121094,54.347675067539726,13.173925329230428,761.3382568359375,784.0037841796875,748.6669921875
2020-06-03,756.5721301250645,768.3574530853069,753.19250335336,763.04248046875,3694130.0,761.4344970703125,754.2631652832031,742.3902374267578,57.50025386331266,13.291834783452714,750.1209716796875,761.3382568359375,784.0037841796875
2020-06-04,762.5610423731904,781.2597081464156,761.9352225747785,770.0713500976562,5997250.0,765.7153686523437,755.9712707519532,743.7998565673828,59.152685509605035,13.79344763355732,763.04248046875,750.1209716796875,761.3382568359375
2020-06-05,774.0287080961444,779.9117318705155,768.8004179827954,775.0781860351562,3855025.0,763.9302490234375,759.3874755859375,745.6027954101562,60.33572500669973,14.428664583684053,770.0713500976562,763.04248046875,750.1209716796875
2020-06-08,777.00379874659,777.00379874659,759.1140161194534,764.0438232421875,3559990.0,764.4713623046875,760.8269348144531,745.4448852539062,56.455051343152576,13.881678386382077,775.0781860351562,770.0713500976562,763.04248046875
2020-06-09,756.8031855265662,797.62821547945,756.8031855265662,794.1234130859375,11375810.0,773.2718505859375,765.8241577148438,747.9656341552734,63.37120393364144,15.6944436223406,764.0438232421875,775.0781860351562,770.0713500976562
2020-06-10,798.2059384795308,806.871624180756,787.1716108635113,791.9473876953125,7769840.0,779.05283203125,770.2436645507812,751.2306732177734,62.596644814886865,16.76226115641964,794.1234130859375,764.0438232421875,775.0781860351562
2020-06-11,792.0436234275583,794.9226060582918,777.4082906298415,781.375244140625,4137580.0,781.3136108398437,773.5144897460938,753.9074096679688,58.834150301823534,16.56448553737357,791.9473876953125,794.1234130859375,764.0438232421875
2020-06-12,768.7426414012539,777.3312824507578,766.6243508909431,771.8141479492188,3911520.0,780.6608032226562,772.2955261230469,756.564404296875,55.58045955470097,15.458055535246672,781.375244140625,791.9473876953125,794.1234130859375
2020-06-15,779.5265269067615,794.7203903000716,762.6958588285653,772.6517944335938,6959575.0,782.3823974609375,773.4268798828125,759.2334350585937,55.81102724990441,14.481855047601584,771.8141479492188,781.375244140625,791.9473876953125
2020-06-16,782.8003293547099,785.6888914556498,761.1842445457538,771.332763671875,3900130.0,777.824267578125,775.5480590820313,762.3752319335938,55.32404052207907,13.446768393411048,772.6517944335938,771.8141479492188,781.375244140625
2020-06-17,771.3327110533539,778.5155640428746,764.8912156569639,767.43310546875,3186815.0,772.9214111328125,775.9871215820312,765.1251434326172,53.82860887102681,12.171479694939308,771.332763671875,772.6517944335938,771.8141479492188
2020-06-18,772.2088534027594,780.3834738819206,768.7426027550104,771.6311645507812,3614150.0,770.9725952148438,776.1431030273437,766.0571868896484,55.23152486277231,11.368503465416211,767.43310546875,771.332763671875,772.6517944335938
2020-06-19,774.1827273621057,778.929590409872,768.7426376604888,771.361572265625,3654715.0,770.882080078125,775.7714416503907,767.579458618164,55.115706430759914,10.588329502553279,771.6311645507812,767.43310546875,771.332763671875
2020-06-22,776.4454621400839,782.3188478289148,772.3821878418763,776.609130859375,2655980.0,771.6735473632813,777.0279724121094,768.9274536132813,57.005598802560904,10.27502603482526,771.361572265625,771.6311645507812,767.43310546875
2020-06-23,779.5074351307718,795.3174829246844,778.0053850924311,791.24462890625,4799415.0,775.6559204101562,776.7400939941406,771.2821258544922,61.832528373485054,11.07997015889373,776.609130859375,771.361572265625,771.6311645507812
2020-06-24,791.9377415159064,796.6076184670945,775.7328929681363,778.496337890625,2677740.0,777.8685668945312,775.3949890136719,772.8193267822265,55.9411171392721,10.567399233098058,791.24462890625,776.609130859375,771.361572265625
2020-06-25,776.0602262486968,778.1785165354693,765.7673159344575,771.5540771484375,3769375.0,777.8531494140625,774.4128723144531,773.9636810302734,52.98069515221672,9.49158754561256,778.496337890625,791.24462890625,776.609130859375
2020-06-26,773.1716777540233,782.8002167048829,763.5431388031637,770.0134887695312,3719560.0,777.5835327148437,774.2328063964844,773.2641662597656,52.31900850464384,8.417652961993213,771.5540771484375,778.496337890625,791.24462890625
2020-06-29,769.8979786910326,778.7562465979767,762.3395988499645,765.2474365234375,2692435.0,775.3111938476562,773.4923706054688,773.4596252441406,50.22900895431753,7.100125653634564,770.0134887695312,771.5540771484375,778.496337890625
2020-06-30,770.2832221896629,772.3822369179761,755.9366736692019,759.6821899414062,3404710.0,768.9987060546875,772.3273132324218,773.9376861572266,47.826497005154486,5.543010506312498,765.2474365234375,770.0134887695312,771.5540771484375
2020-07-01,763.5816364666484,763.7357260008487,748.3011497597325,753.23095703125,3117825.0,763.9456298828125,770.9070983886719,773.4471099853515,45.13164392272826,3.7452520190669247,759.6821899414062,765.2474365234375,770.0134887695312
2020-07-02,759.8843509126262,766.2391634906621,751.218665341882,754.9833984375,3711465.0,760.631494140625,769.2423217773437,772.6927124023438,46.02140532481143,2.4338667407370167,753.23095703125,759.6821899414062,765.2474365234375
2020-07-03,758.729009081615,764.1113892044442,752.9518846469833,755.1567993164062,2280380.0,757.66015625,767.6218444824219,771.6966430664063,46.11451950956539,1.3925243079896745,754.9833984375,753.23095703125,759.6821899414062
2020-07-06,755.8403472009533,758.72890903739,746.596972831532,749.4855346679688,2848085.0,754.5077758789063,764.9094848632812,770.9687286376953,43.47315272922995,0.10837993079951502,755.1567993164062,754.9833984375,753.23095703125
2020-07-07,750.0439575576025,754.6849206883087,734.4649875659818,736.29443359375,5179985.0,749.830224609375,759.4144653320312,768.077279663086,38.018448236342,-1.9512327573160064,749.4855346679688,755.1567993164062,754.9833984375
2020-07-08,737.7386978292673,759.6339869403108,737.7386978292673,748.4649047851562,6811290.0,748.8770141601562,756.4113220214844,765.9031555175782,44.889109638731384,-2.5717893523107023,736.29443359375,749.4855346679688,755.1567993164062
2020-07-09,751.9889254540456,754.2997984120408,742.1774414767252,750.371337890625,2455715.0,747.9546020507812,754.2930480957032,764.3529602050781,45.900750135700704,-2.8765921422286738,748.4649047851562,736.29443359375,749.4855346679688
2020-07-10,750.9683170017099,762.0026444969903,747.7909106996167,752.0756225585938,4152955.0,747.3383666992188,752.4992614746094,763.3660339355469,46.84020798917714,-2.946661737543195,750.371337890625,748.4649047851562,736.29443359375
2020-07-13,758.8298974631023,761.4754045834208,750.8254758567944,755.77734375,2678440.0,748.596728515625,751.5522521972656,762.5223114013672,48.915234793860975,-2.6726853797139256,752.0756225585938,750.371337890625,748.4649047851562
2020-07-14,756.6398494760867,774.4802256394403,750.8255062795802,771.9800415039062,6044725.0,755.7338500976563,752.7820373535156,762.5546752929688,56.85394331682361,-1.1350506873171753,755.77734375,752.0756225585938,750.371337890625
2020-07-15,773.1137768058821,784.5098982702707,767.6870804640562,782.3101196289062,5296965.0,762.5028930664063,755.6899536132812,763.2985260009766,61.0137303434475,0.9066357248150325,771.9800415039062,755.77734375,752.0756225585938
2020-07-16,781.2732357061597,806.8273274485498,777.3970070633748,804.734130859375,7809325.0,773.3754516601563,760.6650268554688,764.9536743164062,68.18446424945051,4.284725567807072,782.3101196289062,771.9800415039062,755.77734375
2020-07-17,802.5731806042071,805.8679395787633,794.6268997771244,798.2608642578125,3712880.0,782.6125,764.9754333496094,766.2986389160156,64.49653016500054,6.3661624330715085,804.734130859375,782.3101196289062,771.9800415039062
2020-07-20,802.2533046405754,805.0926348742862,789.2776157470867,793.095703125,3144360.0,790.076171875,769.3364501953125,767.1229675292968,61.63202746274474,7.512333306281448,798.2608642578125,804.734130859375,782.3101196289062
2020-07-21,794.6752970556618,800.5768810718649,776.4182936319204,781.7481079101562,3316480.0,792.02978515625,773.8818176269531,766.6481414794922,55.77158364834569,7.419498522497975,793.095703125,798.2608642578125,804.734130859375
2020-07-22,785.624402378986,800.4412660226488,780.1007643797842,787.1845703125,4093845.0,793.0046752929687,777.7537841796875,767.082553100586,57.83992703736579,7.695889940261964,781.7481079101562,793.095703125,798.2608642578125
2020-07-23,792.8631889706852,802.3793374862855,787.2620692792243,800.4412231445312,3559780.0,792.14609375,782.7607727050781,768.5269104003906,62.45118734854647,8.882244240606497,787.1845703125,781.7481079101562,793.095703125
2020-07-24,800.4412076432988,810.1123790944642,785.256098630762,788.027587890625,5479715.0,790.0994384765625,786.3559692382812,769.4276153564454,56.247224819861536,8.720240447224569,800.4412231445312,787.1845703125,781.7481079101562
2020-07-27,791.719692132458,791.845674293775,768.0650331080395,778.28857421875,2909240.0,787.1380126953125,788.6070922851562,770.0796722412109,51.89182443896334,7.717037063231828,788.027587890625,800.4412231445312,787.1845703125
2020-07-28,778.9281671932823,793.0764378314159,776.6702473514267,785.197998046875,2592970.0,787.8279907226563,789.9288879394531,771.3554626464844,54.578995190872014,7.394287172452778,778.28857421875,788.027587890625,800.4412231445312
2020-07-29,791.2254774072608,840.3663876750403,789.8591328252618,833.8155517578125,24766165.0,797.1541870117187,795.0794311523438,775.3846923828125,68.08675425982963,10.935478440977704,785.197998046875,778.28857421875,788.027587890625
2020-07-30,851.5880721687394,883.7801223581494,841.1416076829755,875.3687133789062,31472050.0,812.1396850585937,802.1428894042969,781.4039581298828,74.94504446918228,16.90007733120865,833.8155517578125,785.197998046875,778.28857421875
2020-07-31,868.0813972855087,882.0067440261888,863.5074758533259,876.231201171875,7910670.0,829.7804077148437,809.9399230957031,787.4576782226562,75.06482627264378,21.44940509101434,875.3687133789062,833.8155517578125,785.197998046875
2020-08-03,876.2311342607458,905.0993237324296,872.1513826115489,877.4714965820312,12183250.0,849.6169921875,818.3775024414062,793.8569763183593,75.2480842514328,24.868196501461284,876.231201171875,875.3687133789062,833.8155517578125
2020-08-04,878.1015073346528,902.0662730164674,870.2424676205397,898.2869262695312,8332715.0,872.2347778320312,830.0313842773437,801.9566009521484,78.15036609987598,28.923828647093842,877.4714965820312,876.231201171875,875.3687133789062
2020-08-05,902.2019417074548,904.2660382488052,887.9858893261381,891.7167358398438,5060070.0,883.8150146484375,840.4846008300781,809.1191925048828,75.1548938965167,31.247584183929575,898.2869262695312,877.4714965820312,876.231201171875
2020-08-06,893.4803686533611,902.7735933534748,885.2433830966813,888.2474365234375,4587005.0,886.3907592773437,849.2652221679688,816.0129974365234,73.5517381577068,32.43533932647881,891.7167358398438,898.2869262695312,877.4714965820312
2020-08-07,889.5945445367464,912.2705075659148,883.8867832094136,886.3966674804688,8326715.0,888.4238525390625,859.1021301269532,822.7290496826172,72.66127369117422,32.84864352503132,888.2474365234375,891.7167358398438,898.2869262695312
2020-08-10,892.5016297749139,922.2710368532815,892.5016297749139,909.1500244140624,8697180.0,894.7595581054687,872.1882751464843,830.3976837158203,76.43798671935136,34.61319644424066,886.3966674804688,888.2474365234375,891.7167358398438
2020-08-11,913.830625350266,918.3852059483794,884.7492097694233,890.7379760742188,6457605.0,893.2497680664062,882.7422729492188,836.335580444336,68.22467181114912,34.1324611550383,909.1500244140624,886.3966674804688,888.2474365234375
2020-08-12,886.6872418199328,887.6368988460239,869.0600908981095,875.6690673828125,5353620.0,890.040234375,886.9276245117187,841.0035278320313,62.32241767004597,32.16476459518037,890.7379760742188,909.1500244140624,886.3966674804688
2020-08-13,881.8711084919638,889.6817067718155,870.552468906775,872.5875244140625,4550210.0,886.908251953125,886.6495056152344,844.3961975097657,61.15723135164154,30.010750875901977,875.6690673828125,890.7379760742188,909.1500244140624
2020-08-14,877.2196415665659,888.8192871566933,866.3371479968155,875.9114379882812,5753920.0,884.8112060546875,886.617529296875,848.2787261962891,61.98288223641905,28.246285929386318,872.5875244140625,875.6690673828125,890.7379760742188
2020-08-17,875.9210561005137,885.7182094076511,872.1901506933048,875.8629150390625,3388330.0,878.1537841796875,886.4566711425781,852.4170867919922,61.96217629003177,26.53810460007719,875.9114379882812,872.5875244140625,875.6690673828125
2020-08-18,879.5162656351048,883.721999786005,870.6687689231559,876.105224609375,3252160.0,875.2272338867188,884.2385009765625,857.1349426269531,62.03038934861867,24.916686890699566,875.8629150390625,875.9114379882812,872.5875244140625
2020-08-19,879.9038857883559,883.5765910673341,867.519307111253,870.0679321289062,4036070.0,874.1070068359375,882.0736206054687,861.2791107177734,59.18263520321348,22.880787155386884,876.105224609375,875.8629150390625,875.9114379882812
2020-08-20,869.2442910959649,877.3068539370505,864.6121693818288,867.5,4033835.0,873.089501953125,879.998876953125,864.6320495605469,57.9637014453293,20.82011001737567,870.0679321289062,876.105224609375,875.8629150390625
2020-08-21,876.0276397254406,876.0276397254406,867.0347612281793,870.1648559570312,2438510.0,871.940185546875,878.3756958007813,868.7389129638672,58.90950738112934,19.18093427314284,867.5,870.0679321289062,876.105224609375
2020-08-24,870.1649189757148,873.5275190477516,857.6156164870728,866.8313598632812,3676190.0,870.1338745117188,874.1438293457031,873.1660522460937,57.176478246399384,17.41217371080222,870.1648559570312,867.5,870.0679321289062
2020-08-25,870.2133903639937,870.6785189063315,856.646589177918,858.138916015625,3010780.0,866.5406127929688,870.8839233398437,876.8130981445313,52.81341646994825,15.134548989374025,866.8313598632812,870.1648559570312,867.5
2020-08-26,858.7785171461726,863.0229924864369,852.7703505741791,859.5053100585938,3460010.0,864.4280883789063,869.2675476074219,878.0975860595703,53.41519541410764,13.286611778128758,858.138916015625,866.8313598632812,870.1648559570312
2020-08-27,860.9878843594129,866.0075933376221,856.0651165848856,859.9413452148438,4518315.0,862.916357421875,868.0029296875,877.3262176513672,53.618474972268174,11.722166775764094,859.5053100585938,858.138916015625,866.8313598632812
2020-08-28,864.3989600456434,865.5618404310693,845.1728405600551,847.789306640625,5814245.0,858.4412475585938,865.1907165527343,875.9041229248047,47.40940883022059,9.39348266513332,859.9413452148438,859.5053100585938,858.138916015625
2020-08-31,847.9250057729867,857.6155772675351,817.2349824107871,826.547607421875,5944120.0,850.3844970703125,860.2591857910156,873.3579284667969,38.92429965164903,5.767472297016411,847.789306640625,859.9413452148438,859.5053100585938
2020-09-01,827.7880052733398,848.0994652886669,820.210030088986,843.4577026367188,4063205.0,847.4482543945312,856.99443359375,870.6164672851562,47.04901930219834,4.20980826737366,826.547607421875,847.789306640625,859.9413452148438
2020-09-02,843.3219045752425,852.2662822921038,836.6257463301292,843.6126098632812,3018485.0,844.2697143554688,854.3489013671875,868.2112609863282,47.11841853541709,2.9537984700019706,843.4577026367188,826.547607421875,847.789306640625
2020-09-03,847.8377490550158,865.5618418472654,841.1706904038759,859.1951293945312,4691970.0,844.1204711914063,853.5184143066406,866.7586456298828,53.69313102665467,3.179133680024165,843.6126098632812,843.4577026367188,826.547607421875
2020-09-04,852.7703253777472,868.9438922101489,831.8290137417696,837.7499389648438,6774000.0,842.11259765625,850.2769226074219,864.3263092041016,45.33867681115965,1.60872147490943,859.1951293945312,843.6126098632812,843.4577026367188
2020-09-07,841.9460111399088,859.7475877536876,832.4686030239736,856.6174926757812,6153985.0,848.1265747070313,849.2555358886718,861.6996826171875,52.36172645912132,1.865112533599131,837.7499389648438,859.1951293945312,843.6126098632812
2020-09-08,865.3680469844944,868.5659237946558,838.970939314844,842.84716796875,7357755.0,848.0044677734375,847.7263610839843,859.305142211914,47.55896253428035,0.9462464344776436,856.6174926757812,837.7499389648438,859.1951293945312
2020-09-09,843.0603553615164,861.2980187777633,840.2888659928554,858.4780883789062,6175435.0,850.9775634765625,847.6236389160156,858.4455932617187,52.84609290846715,1.4624646922783313,842.84716796875,856.6174926757812,837.7499389648438
2020-09-10,864.3990330579041,864.7866796013068,841.2482420692847,848.9232177734375,4355845.0,848.9231811523438,846.521826171875,857.2623779296875,49.55698186828422,1.0880310318025295,858.4780883789062,842.84716796875,856.6174926757812
2020-09-11,852.7703389332839,861.8795003032399,847.9250529166175,853.0804443359375,4434725.0,851.9892822265625,847.0509399414062,856.1208282470703,50.986356934598355,1.1139027212382189,848.9232177734375,858.4780883789062,842.84716796875
2020-09-14,857.353883190285,857.353883190285,840.3663427054197,845.8124389648438,2924530.0,849.828271484375,848.9774230957031,854.6183044433594,48.40396415602475,0.5416946110365188,853.0804443359375,848.9232177734375,858.4780883789062
2020-09-15,847.915398605911,881.648279307163,847.450270050127,860.978271484375,12522330.0,853.4544921875,850.7294799804688,853.8619567871094,53.67634566593683,1.2970202571826803,845.8124389648438,853.0804443359375,848.9232177734375
2020-09-16,863.4299283012664,901.37818060706,854.9022371350094,896.93994140625,14898945.0,861.1468627929687,856.0622131347657,855.2055572509765,63.26274425407193,4.742755953689766,860.978271484375,845.8124389648438,853.0804443359375
2020-09-17,911.689010092832,939.12301730458,902.1825612415852,935.5762939453124,42149590.0,878.4774780273438,863.7003295898437,858.6093719482421,70.35975433294843,10.470460124112606,896.93994140625,860.978271484375,845.8124389648438
2020-09-18,969.0572192478486,1065.3718304640663,959.4150880870208,1033.664306640625,109935390.0,914.5942504882812,883.2917663574219,866.7843444824218,80.60408335220463,22.663340927071545,935.5762939453124,896.93994140625,860.978271484375
2020-09-21,1033.664330784693,1068.414709283437,990.618765514734,996.5784912109376,63716980.0,944.7474609375,897.2878662109375,873.2717010498047,70.66025738573153,28.99948344865038,1033.664306640625,935.5762939453124,896.93994140625
2020-09-22,1010.5328852469008,1019.4481640793988,979.7168192816276,1001.6077880859376,38516740.0,972.8733642578125,913.1639282226563,880.4451446533203,71.17951383247993,34.034416702609406,996.5784912109376,1033.664306640625,935.5762939453124
2020-09-23,1018.6728162745136,1023.3243378547328,980.569541652602,989.9403076171876,25066590.0,991.4734375,926.3101501464844,886.96689453125,68.1655034921261,36.66056919521134,1001.6077880859376,996.5784912109376,1033.664306640625
2020-09-24,980.6858251874614,1008.3814356492328,969.5416680830584,974.3675537109376,25989895.0,999.231689453125,938.8545837402344,892.6882049560547,64.2546860122374,37.058040845666255,989.9403076171876,1001.6077880859376,996.5784912109376
2020-09-25,992.314522199207,998.7102757344472,977.5848416810016,990.8027954101562,17571115.0,990.6593872070313,952.6268188476563,899.8388793945312,66.4428663743017,38.2582098145283,974.3675537109376,989.9403076171876,1001.6077880859376
2020-09-28,1007.8097105697328,1007.819410604437,986.6551769572606,994.2235107421876,12487900.0,990.1883911132812,967.4679260253906,908.2226745605469,66.89707553105856,39.035399719017846,990.8027954101562,974.3675537109376,989.9403076171876
2020-09-29,994.2526976891288,999.0882837046938,981.926318365436,985.3761596679688,7146485.0,986.9420654296875,979.90771484375,915.3185974121094,64.4666239942965,38.493689732637336,994.2235107421876,990.8027954101562,974.3675537109376
2020-09-30,988.4383163531102,1030.689185432719,985.5311448344246,1005.4550170898438,26977680.0,990.0450073242188,990.7592224121094,923.4107177734375,67.36450443188694,39.232330765763436,985.3761596679688,994.2235107421876,990.8027954101562
2020-10-01,1012.6647083949086,1018.6728153284296,986.1900603084716,990.773681640625,11385685.0,993.3262329101562,996.2789611816406,929.9896453857422,63.29954839876327,38.192785376784855,1005.4550170898438,985.3761596679688,994.2235107421876
2020-10-05,1002.005089121736,1005.8813177063464,989.0196997046702,999.9700927734376,9188390.0,995.1596923828125,992.9095397949219,938.1006530761719,64.73505579493802,37.67669816380044,990.773681640625,1005.4550170898438,985.3761596679688
2020-10-06,999.970151683318,1013.0039237496674,990.8028492478946,995.5125122070312,8450035.0,995.4174926757812,992.8029418945313,945.0454040527344,63.43978306671108,36.48740177609318,999.9700927734376,990.773681640625,1005.4550170898438
2020-10-07,997.1598627442776,1006.8504347826088,987.1204443077404,989.397705078125,7912070.0,996.2218017578125,991.58193359375,952.3729309082031,61.618403818221594,34.65201512842009,995.5125122070312,999.9700927734376,990.773681640625
2020-10-08,996.9660770416858,1010.6878415799154,979.9106351354488,1006.734130859375,11102775.0,996.4776245117188,993.2613159179688,959.7857330322265,64.71176163029715,34.20210211773974,989.397705078125,995.5125122070312,999.9700927734376
2020-10-09,998.3226806096254,1019.060528358362,995.4155090082076,998.7103271484376,11669875.0,998.0649536132812,995.6955932617187,967.2750885009766,62.212619096111666,32.81976311399535,1006.734130859375,989.397705078125,995.5125122070312
2020-10-12,999.6987272603905,1015.1842415116342,990.570225514912,1011.7925415039062,9678985.0,1000.429443359375,997.7945678710937,975.210693359375,64.61226012071099,32.40631503270595,998.7103271484376,1006.734130859375,989.397705078125
2020-10-13,1013.6338290932964,1031.619587468611,999.6502816773888,1001.7628784179688,16819870.0,1001.6795166015625,998.5485046386718,983.0082153320312,61.39333777992354,30.912998654097237,1011.7925415039062,998.7103271484376,1006.734130859375
2020-10-14,1002.9741531059128,1011.6471673058652,986.6649046639378,992.8959350585938,9322630.0,1002.3791625976562,999.3004821777344,989.6040985107422,58.613218626400695,28.683402036444022,1001.7628784179688,1011.7925415039062,998.7103271484376
2020-10-15,997.8672026604452,1001.0360384758384,972.9527811248754,979.9590454101562,8842090.0,997.0241455078125,996.7508850097656,993.7550537109375,54.719831918307285,25.577688110071676,992.8959350585938,1001.7628784179688,1011.7925415039062
2020-10-16,976.0343670104244,993.2835723397948,972.933372321126,984.6686401367188,10115525.0,994.2158081054688,996.140380859375,996.2096710205078,55.86907874008765,23.228646999391003,979.9590454101562,992.8959350585938,1001.7628784179688
2020-10-19,1009.9512949638672,1010.7265879861808,977.2068757886944,980.3272705078124,10753270.0,987.92275390625,994.1760986328125,993.5428192138672,54.495992675357634,20.777196164507473,984.6686401367188,979.9590454101562,992.8959350585938
2020-10-20,980.094712609052,990.3763946439894,975.0556036641358,982.8468017578124,6901450.0,984.1395385742187,992.9095275878906,992.856234741211,55.184380722007745,18.820754884590087,980.3272705078124,984.6686401367188,979.9590454101562
2020-10-21,987.7696898690336,987.7696898690336,950.94551635467,978.1178588867188,8006955.0,981.1839233398438,991.78154296875,991.68173828125,53.547006772174335,16.696211374885593,982.8468017578124,980.3272705078124,984.6686401367188
2020-10-22,976.1700753667038,977.7205431796278,936.3030492093936,973.321044921875,24590740.0,979.8563232421875,988.440234375,990.8507751464844,51.86593068658717,14.458760942737854,978.1178588867188,982.8468017578124,980.3272705078124
2020-10-23,978.94155082376,986.6940080717858,968.2819221077248,972.59423828125,9087405.0,977.4414428710937,985.8286254882812,990.762109375,51.60158882793649,12.483021630632152,973.321044921875,978.1178588867188,982.8468017578124
2020-10-26,970.6076873862988,981.073552674078,959.6089116036684,964.812744140625,7040385.0,974.3385375976562,981.1306457519531,989.4626068115234,48.73756651990999,10.172075097044967,972.59423828125,973.321044921875,978.1178588867188
2020-10-27,967.1191058087528,993.671297302206,961.4016445506588,988.3220825195312,9217170.0,975.43359375,979.7865661621094,989.1675354003906,56.57869071563377,10.120972183896015,964.812744140625,972.59423828125,973.321044921875
2020-10-28,990.3763680901895,998.1288249832636,953.5521978480886,959.5603637695312,18141410.0,971.7220947265625,976.4530090332031,987.8767456054687,47.088897523652285,7.671213452125357,988.3220825195312,964.812744140625,972.59423828125
2020-10-29,953.5522822278328,976.8096549650973,948.6972962054798,957.8064575195312,11551185.0,968.6191772460937,974.2377502441407,985.4943176269531,46.575869545192916,5.524552825215096,959.5603637695312,988.3220825195312,964.812744140625
2020-10-30,964.01807047829,964.8030044279376,943.8907930767896,947.4762573242188,6316955.0,963.5955810546875,970.5185119628907,983.3294464111328,43.565289504984975,2.9556767876938466,957.8064575195312,959.5603637695312,988.3220825195312
2020-11-02,948.9008142500908,953.5522769424496,934.3261562283932,941.6619262695312,5854965.0,958.9654174804688,966.6519775390625,980.4140380859375,41.92275419596593,0.44552041447354895,947.4762573242188,957.8064575195312,959.5603637695312
2020-11-03,940.1793026484154,953.5522801133768,936.3224147917124,945.2861938476562,7304100.0,950.3582397460938,962.8959167480468,977.9027221679687,43.35636223640505,-1.237088110044965,941.6619262695312,947.4762573242188,957.8064575195312
2020-11-04,950.0151477996394,962.2350033412064,945.2958442384054,956.57568359375,7607400.0,949.7613037109375,960.74169921875,976.26162109375,47.688113772834065,-1.6406871952636948,945.2861938476562,941.6619262695312,947.4762573242188
2020-11-05,963.775827450236,968.9215188218172,953.9592732721268,961.0140380859376,5170230.0,950.4028198242188,959.5109985351562,973.9756164550781,49.328728332351474,-1.5841432461835439,956.57568359375,945.2861938476562,941.6619262695312
2020-11-06,961.8667888172314,961.8667888172314,947.9026417817104,950.247802734375,5452210.0,950.95712890625,957.2763549804688,971.552490234375,45.593352735137394,-2.3806345022004507,961.0140380859376,956.57568359375,945.2861938476562
2020-11-09,954.521289007374,960.1418086260252,943.8616603991698,945.73193359375,6028255.0,951.7711303710937,955.3682739257813,968.2494598388672,44.085387992535445,-3.337776648449335,950.247802734375,961.0140380859376,956.57568359375
2020-11-10,934.9462510144788,943.4739414167458,906.9211370599216,910.5260009765624,9830150.0,944.819091796875,947.5886657714843,963.6876159667969,34.50417501213943,-6.858087465845074,945.73193359375,950.247802734375,961.0140380859376
2020-11-11,916.728088917565,953.532861552072,909.188795694471,946.2164916992188,13535220.0,942.7472534179688,946.2542785644531,961.3536437988281,47.06434383478371,-6.690906225634421,910.5260009765624,945.73193359375,950.247802734375
2020-11-12,944.8308052123898,954.5213775735424,931.264003906776,935.498779296875,6582350.0,937.6442016601562,944.0235107421875,959.1306304931641,44.31596655878814,-7.338648337614927,946.2164916992188,910.5260009765624,945.73193359375
2020-11-13,939.9853893380432,946.7396889514988,936.1188609628742,941.3226928710938,5459350.0,935.8591796875,943.408154296875,956.9633331298828,46.15597315046969,-7.29792157797408,935.498779296875,946.2164916992188,910.5260009765624
2020-11-14,946.0323633523068,949.2883812523776,936.1092273826316,944.2589721679688,676080.0,935.5645874023437,943.6678588867187,955.1599182128906,47.1049826978725,-6.94861284428282,941.3226928710938,935.498779296875,946.2164916992188
2020-11-17,944.830775323102,945.77073242205,924.4805740084506,927.2230224609376,6416065.0,938.9039916992188,941.8615417480469,952.3787292480469,42.432135223259735,-7.954744578341661,944.2589721679688,941.3226928710938,935.498779296875
2020-11-18,927.3877481507664,929.3258625669644,906.068489572588,911.6502685546876,6500295.0,931.9907470703125,937.3690002441406,949.0553497314453,38.6570463551158,-9.894643033976308,927.2230224609376,944.2589721679688,941.3226928710938
2020-11-19,906.0684542930916,932.5818442791576,902.5798721383928,912.4060668945312,8836445.0,927.3722045898437,932.508203125,946.0096008300782,38.94097379297916,-11.241455426135985,911.6502685546876,927.2230224609376,944.2589721679688
2020-11-20,916.7280709646147,921.0500871796812,902.444177926987,905.2835083007812,4774680.0,920.1643676757812,928.0117736816406,942.6440643310547,37.193831104321305,-12.736723878456019,912.4060668945312,911.6502685546876,927.2230224609376
2020-11-23,908.0064910564772,943.8616032967012,905.3124839626784,935.8668823242188,10763015.0,918.4859497070313,927.0252685546875,941.1967712402344,47.98532368409582,-11.323383297880355,905.2835083007812,912.4060668945312,911.6502685546876
2020-11-24,939.985489016962,957.4285187100604,927.5427684780666,952.6801147460938,9611490.0,923.5773681640625,931.2406799316407,939.4146728515625,52.7879879394509,-8.745797256107494,935.8668823242188,905.2835083007812,912.4060668945312
2020-11-25,968.6694864981578,972.3519509208386,926.6124424134566,931.515869140625,13295580.0,927.55048828125,929.7706176757813,938.0124481201171,46.915658607194615,-8.314969696110666,952.6801147460938,935.8668823242188,905.2835083007812
2020-11-26,932.2330497267124,955.354740902099,925.2170848866054,949.937744140625,8336175.0,935.0568237304688,931.2145141601562,937.6190124511719,51.92844488222608,-6.41311796453374,931.515869140625,952.6801147460938,935.8668823242188
2020-11-27,949.8697856461448,956.5659442136578,932.0779114029606,935.9056396484376,10018690.0,941.18125,930.6728088378907,937.0404815673828,48.19517027587401,-5.969349382594714,949.937744140625,931.515869140625,952.6801147460938
2020-12-01,943.8616838053216,943.8616838053216,931.4577638556716,936.186767578125,5585950.0,941.2452270507813,929.8655883789063,936.7667236328125,48.2754022741167,-5.53121451195409,935.9056396484376,949.937744140625,931.515869140625
2020-12-02,940.3924209247252,947.5440674081086,932.4267995591586,940.0338745117188,6117260.0,938.7159790039062,931.1466735839844,936.5041076660157,49.429622033693995,-4.818020946100546,936.186767578125,935.9056396484376,949.937744140625
2020-12-03,943.8616891429068,957.2346663384128,938.5512747469064,954.1433715820312,5174465.0,943.2414794921875,935.3959838867188,936.3824920654297,53.52568253235747,-3.0788009108786127,940.0338745117188,936.186767578125,935.9056396484376
2020-12-04,957.4285395785976,961.4113505834922,942.3306114318984,951.3331909179688,6998410.0,943.5205688476562,939.2886962890625,935.8984497070312,52.61165450427063,-1.9052520369874628,954.1433715820312,940.0338745117188,936.186767578125
2020-12-07,955.4903026241014,983.3991353339128,950.6644171827749,974.697021484375,12029520.0,951.2788452148437,946.2300476074219,937.1209106445312,58.89619860478649,0.8996887160819824,951.3331909179688,954.1433715820312,940.0338745117188
2020-12-08,978.7477721991016,984.5621154002844,960.5101085938048,972.0031127929688,6638505.0,958.4421142578125,949.8436706542968,938.4344696044922,57.94204227130017,2.8721403083053474,974.697021484375,951.3331909179688,954.1433715820312
2020-12-09,973.902493293785,988.4383514026476,973.902493293785,980.0850830078124,6767490.0,966.4523559570313,952.5841674804688,941.9124237060547,60.033950151931364,5.029492993900249,972.0031127929688,974.697021484375,951.3331909179688
2020-12-10,980.2981678014816,985.8024643418416,971.9643001527118,979.3485107421876,4741470.0,971.4933837890625,957.367431640625,943.5690246582031,59.74230206687855,6.603652518474405,980.0850830078124,972.0031127929688,974.697021484375
2020-12-11,979.7361960734388,985.3470157785606,966.1112546689697,972.34228515625,3839815.0,975.6952026367187,959.6078857421875,945.4111999511719,56.91021952062125,7.2028118996076955,979.3485107421876,980.0850830078124,972.0031127929688
2020-12-14,959.7542506330192,979.5229815326842,959.7542506330192,973.47607421875,5918125.0,975.4510131835938,963.3649291992188,947.0188690185547,57.26328714776546,7.6806001502151275,972.34228515625,979.3485107421876,980.0850830078124
2020-12-15,978.1566323537312,983.7868521532372,971.0340266565966,975.1331787109376,5025520.0,976.0770263671875,967.2595703125,948.5625793457032,57.80744111192008,8.099598139096656,973.47607421875,972.34228515625,979.3485107421876
2020-12-16,978.7477166852868,979.0868630274966,970.2200256365476,976.6060791015624,4162280.0,975.3812255859375,970.9167907714843,951.0317321777344,58.315487739582345,8.453066131471246,975.1331787109376,973.47607421875,972.34228515625
2020-12-17,978.7477930049332,995.1248836950256,974.8715641217456,983.1763916015624,6803005.0,976.1468017578125,973.8200927734375,954.6080383300781,60.59487317783729,9.157795998642655,976.6060791015624,975.1331787109376,973.47607421875
2020-12-18,984.5620895776058,1020.0004584103816,984.2035431546612,1013.3915405273438,18525665.0,984.3566528320313,980.025927734375,959.6573120117188,68.99214430651767,12.015897706333476,983.1763916015624,976.6060791015624,975.1331787109376
2020-12-21,1016.1533159585948,1022.2002231833126,961.7019916843868,982.3429565429688,9061285.0,986.130029296875,980.7905212402344,963.5102844238281,55.82685636848252,11.641407755413638,1013.3915405273438,983.1763916015624,976.6060791015624
2020-12-22,989.930626982008,1002.9741576094764,956.7210784274848,1000.4158325195312,7764120.0,991.1865600585937,983.6317932128907,966.7377319335938,60.54627871269773,12.657049236379748,982.3429565429688,1013.3915405273438,983.1763916015624
2020-12-23,1000.3479779454954,1015.3198626187,994.4948352876712,1012.4901733398438,4062350.0,998.36337890625,986.8723022460938,969.7282348632813,63.362562849389604,14.271735143185765,1000.4158325195312,982.3429565429688,1013.3915405273438
2020-12-24,1016.9286499076362,1016.9286499076362,1001.0360881601206,1008.1683349609376,3378180.0,1003.361767578125,989.7542846679687,973.5608581542969,61.66579431666777,15.029399556831208,1012.4901733398438,1000.4158325195312,982.3429565429688
2020-12-28,1013.2752853346936,1014.6028889677118,1005.2999635011296,1008.1683349609376,2055865.0,1002.3171264648438,993.3368896484375,976.4723876953125,61.66579431666777,15.451736068298942,1008.1683349609376,1012.4901733398438,1000.4158325195312
2020-12-29,1012.6647477189504,1021.1924981748812,997.2761150505974,1001.15234375,4412165.0,1006.07900390625,996.1045166015625,979.7347229003906,58.70599541969387,15.0468581266299,1008.1683349609376,1008.1683349609376,1012.4901733398438
2020-12-30,1006.1624994163852,1006.1624994163852,996.6753909958873,1002.1892700195312,2376345.0,1006.43369140625,998.8101257324219,983.0348480224609,59.01906670972608,14.640889662474137,1001.15234375,1008.1683349609376,1008.1683349609376
2020-12-31,1005.8813507588384,1018.2368297782748,1000.260771809222,1008.8079223632812,6036190.0,1005.6972412109375,1002.0303100585937,986.4735504150391,61.0489976148122,14.68395911926143,1002.1892700195312,1001.15234375,1008.1683349609376
2021-01-01,1011.1627569327544,1018.450086500279,1007.8195566821638,1015.8336791992188,2915215.0,1007.2303100585938,1005.2960388183594,989.5580657958984,63.1363964014434,15.110823664975555,1008.8079223632812,1002.1892700195312,1001.15234375
2021-01-04,1019.4481838154752,1028.8190096115443,1015.83361935299,1021.8223266601562,3923440.0,1009.9611083984375,1006.1391174316407,993.0825225830079,64.8648165874431,15.750785443658515,1015.8336791992188,1008.8079223632812,1002.1892700195312
2021-01-05,1015.5719815743536,1034.371715578915,1013.0427563879352,1024.6617431640625,4770920.0,1014.66298828125,1010.37099609375,995.5807586669922,65.68630984920765,16.29919002905035,1021.8223266601562,1015.8336791992188,1008.8079223632812
2021-01-06,1024.6617410533488,1030.1078379673215,1012.8585719145908,1024.93310546875,2713390.0,1019.2117553710938,1012.8227233886719,998.2272583007813,65.7686839102853,16.56475312135194,1024.6617431640625,1021.8223266601562,1015.8336791992188
2021-01-07,1027.3944161068796,1032.0459380746036,1018.0914904645488,1021.560791015625,3266465.0,1021.7623291015625,1013.72978515625,1000.3010437011719,63.72142961457039,16.315026720240894,1024.93310546875,1024.6617431640625,1021.8223266601562
2021-01-08,1027.181180663004,1038.8292665525523,1023.1305880133116,1034.6138916015625,4045915.0,1025.5183715820312,1016.3743408203125,1003.0643127441406,67.88809830768466,16.97471888326004,1021.560791015625,1024.93310546875,1024.6617431640625
2021-01-11,1035.7283575770398,1051.8146830485753,1032.239657107094,1049.8377685546875,4599235.0,1031.1214599609375,1020.5412841796875,1006.9390869140625,71.93644545885543,18.512567954441693,1034.6138916015625,1021.560791015625,1024.93310546875
2021-01-12,1054.518352770055,1055.01258143132,1032.908447057131,1037.637451171875,3741860.0,1033.7166015625,1024.189794921875,1010.1471557617188,64.8775506000398,18.533221333468646,1049.8377685546875,1034.6138916015625,1021.560791015625
2021-01-13,1039.7984320310654,1041.736546536249,1015.1843541566078,1025.2625732421875,3296060.0,1033.7824951171874,1026.4971252441405,1012.6536254882812,58.596740332527986,17.351028204885324,1037.637451171875,1049.8377685546875,1034.6138916015625
2021-01-14,1028.1502440661095,1032.6272834021595,1020.4171868759414,1028.925537109375,2674860.0,1035.2554443359375,1028.50888671875,1015.2695983886719,59.83620005606781,16.51927824790903,1025.2625732421875,1037.637451171875,1049.8377685546875
2021-01-15,1030.1078268380447,1030.1078268380447,1006.9667356482836,1010.3003540039062,2577605.0,1030.3927368164063,1027.9555541992188,1016.6257965087891,51.4088943611871,14.193598823084926,1028.925537109375,1025.2625732421875,1037.637451171875
2021-01-18,1013.8275587293932,1015.174562383948,975.840565177752,979.1547241210938,4412055.0,1016.2561279296875,1023.6887939453125,1014.9139556884766,41.00792556052021,9.72518322810572,1010.3003540039062,1028.925537109375,1025.2625732421875
2021-01-19,986.1125659978924,989.397684044221,976.140988875199,986.2870483398438,3990495.0,1005.9860473632813,1019.8513244628906,1015.1111602783203,43.811435553168764,6.682419856576644,979.1547241210938,1010.3003540039062,1028.925537109375
2021-01-20,988.884083348682,1000.0184814233332,981.6645957316708,984.6880493164062,3398145.0,997.871142578125,1015.8268188476562,1014.3247711181641,43.314450809192344,4.094780029644767,986.2870483398438,979.1547241210938,1010.3003540039062
2021-01-21,990.3764318667978,995.803128382788,975.627410068287,979.1741333007812,2906620.0,987.9208618164063,1011.5881530761719,1012.658969116211,41.56353724869352,1.5809061807492526,984.6880493164062,986.2870483398438,979.1547241210938
2021-01-22,978.505461994531,989.4751960837274,966.1499832716488,976.2088012695312,3815610.0,981.1025512695312,1005.7476440429688,1011.0609924316407,40.6127311570889,-0.6432198307729777,979.1741333007812,984.6880493164062,986.2870483398438
2021-01-25,977.1972822644788,993.9426186959894,961.304720881604,985.0272216796876,3588895.0,982.27705078125,999.2665893554689,1009.9039367675781,44.66659366546571,-1.674974823254729,976.2088012695312,979.1741333007812,984.6880493164062
2021-01-27,979.2128659425176,979.2128659425176,936.6518917828414,951.4784545898438,5261980.0,975.31533203125,990.6506896972656,1007.4202423095703,34.90477118475654,-5.140496766716524,985.0272216796876,976.2088012695312,979.1741333007812
2021-01-28,939.0163781263166,950.4415406293352,925.837224548078,944.2105102539062,5165470.0,967.21982421875,982.5454833984375,1004.5213043212891,33.211389607899605,-8.376847162133572,951.4784545898438,985.0272216796876,976.2088012695312
2021-01-29,947.7379571197088,952.5832431990528,881.8420664406287,892.055908203125,14820975.0,949.7961791992187,968.8585205078125,998.6837036132813,24.155186454490448,-14.977467753338829,944.2105102539062,951.4784545898438,985.0272216796876
2021-02-01,883.789868995686,887.200969276466,851.4233347633009,858.2261352539062,12951700.0,926.1996459960938,953.6510986328125,990.8033264160156,20.29028528784397,-22.676882095635733,892.055908203125,944.2105102539062,951.4784545898438
2021-02-02,866.1432385470446,877.5781006877957,849.087856962184,868.7597045898438,18375530.0,902.946142578125,942.6115966796875,983.1501953125,24.3491357482188,-27.610476039632317,858.2261352539062,892.055908203125,944.2105102539062
2021-02-03,887.4528428091536,922.8525295552838,880.3787373103175,901.1359252929688,17227025.0,892.87763671875,934.096484375,976.9739044189453,35.26087325807043,-28.578459660011504,868.7597045898438,858.2261352539062,892.055908203125
2021-02-04,909.55707538577,912.0766596245204,895.8158512192941,904.7021484375,6508800.0,884.9759643554687,926.0978942871094,970.9623565673828,36.349918756752686,-28.726685896243225,901.1359252929688,868.7597045898438,858.2261352539062
2021-02-05,908.0065613842314,936.109219100499,896.5038575955388,930.4692993164062,12038405.0,892.658642578125,921.2274108886719,966.4077819824219,43.71705303857365,-26.45994870755203,904.7021484375,901.1359252929688,868.7597045898438
2021-02-08,942.8926248224992,951.6044393026827,935.1401674755518,941.8848266601562,10792890.0,909.390380859375,917.7950134277344,961.7713287353515,46.66247001179423,-23.471836777793328,930.4692993164062,904.7021484375,901.1359252929688
2021-02-09,939.985460350112,948.8426571304402,931.263945769544,938.8419799804688,6233845.0,923.4068359375,913.1764892578125,956.2215393066406,45.97186323289084,-21.105972331173575,941.8848266601562,930.4692993164062,904.7021484375
2021-02-10,939.0164066341642,946.5944408730091,922.7362578531,934.9560546875,5767115.0,930.1708618164063,911.5242492675782,951.0874694824219,45.054791809461854,-19.32183927150959,938.8419799804688,941.8848266601562,930.4692993164062
2021-02-11,934.364968373996,941.9236027395076,932.2330306948624,935.14990234375,3557750.0,936.2604125976562,910.6181884765625,946.5818359375,45.11361200946251,-17.68835869353643,934.9560546875,938.8419799804688,941.8848266601562
2021-02-12,941.8847971917191,941.8847971917191,927.3876811137336,928.744384765625,2504510.0,935.9154296875,914.2870361328125,941.5727783203125,43.458050686427036,-16.717970939891757,935.14990234375,934.9560546875,938.8419799804688
2021-02-15,928.7444773558263,936.7973406099806,910.9235006152728,912.8228149414062,4923205.0,930.10302734375,919.7467041015625,936.6989013671875,39.57091169457997,-17.037274185094702,928.744384765625,935.14990234375,934.9560546875
2021-02-16,916.5342320886976,922.8525035746404,905.0993696547048,910.2547607421876,4064700.0,924.3855834960938,923.8962097167969,933.2539031982421,38.96551062682428,-17.298142598965228,912.8228149414062,928.744384765625,935.14990234375
2021-02-17,910.254769301865,912.8421353315182,887.6563494646331,891.63916015625,5106775.0,915.7222045898437,922.946533203125,928.5215087890625,34.80825330192536,-18.79040202866554,910.2547607421876,912.8228149414062,928.744384765625
2021-02-18,892.8893346439729,903.9075103614598,883.7801732349022,894.8177490234375,5147530.0,907.6557739257812,921.9580932617188,924.0279937744141,36.0626167279988,-19.491852874169012,891.63916015625,910.2547607421876,912.8228149414062
2021-02-19,891.9203285573627,916.3405242686318,877.9658803110135,907.318603515625,6392670.0,903.3706176757812,919.6430236816407,920.4352172851562,40.88045147634803,-18.82207408566626,894.8177490234375,891.63916015625,910.2547607421876
2021-02-22,912.464190421452,916.1369548803484,861.1332614840353,866.1917114257812,6976565.0,894.0443969726563,912.0737121582031,914.9343627929687,32.266228308405246,-21.363599770380347,907.318603515625,894.8177490234375,891.63916015625
2021-02-23,871.763858422406,878.7992233592973,856.7434713923304,871.2115478515625,5317090.0,886.2357543945312,905.3106689453125,909.2435791015625,34.091756443433226,-22.710920979192338,866.1917114257812,907.318603515625,894.8177490234375
2021-02-24,871.2115440452666,876.7545229734127,848.3127171219289,859.6603393554688,3677930.0,879.839990234375,897.7810974121094,904.6526733398438,31.95735254539801,-24.42916453018131,871.2115478515625,866.1917114257812,907.318603515625
2021-02-25,856.8694596384904,889.5945413784056,856.8694596384904,868.3043823242188,8531875.0,874.5373168945313,891.0965454101563,900.8573669433594,35.22552745213876,-24.807418419857186,859.6603393554688,871.2115478515625,866.1917114257812
2021-02-26,864.3990105701383,883.5087899022609,853.7393815160223,857.916015625,7534450.0,864.6567993164062,884.0137084960937,899.1503723144531,33.163924428252756,-25.649767176437194,868.3043823242188,859.6603393554688,871.2115478515625
2021-03-01,861.4918640234728,867.8876179830214,852.8187901210339,863.119873046875,3545365.0,864.042431640625,879.0434143066407,899.3950592041016,35.20952804221065,-25.602299460030622,857.916015625,868.3043823242188,859.6603393554688
2021-03-02,866.995987251878,868.2557496353079,850.861222245868,853.68115234375,9188390.0,860.5363525390625,873.3860534667969,898.6411315917969,33.223314546492645,-26.026291938194504,863.119873046875,857.916015625,868.3043823242188
2021-03-03,865.368122556418,875.2040772832928,857.8094878505229,872.645751953125,4253070.0,863.1334350585937,871.4867126464844,897.2166229248047,40.487533127469206,-24.549038304803616,853.68115234375,863.119873046875,857.916015625
2021-03-04,868.6629413179629,888.3056915277471,861.2980707405453,886.6970825195312,7364955.0,866.8119750976563,870.6746459960938,896.3163696289063,45.24067308797352,-21.99098087386028,872.645751953125,853.68115234375,863.119873046875
2021-03-05,881.8420335433187,883.7801479027546,869.0504669417307,870.6978759765625,4131845.0,869.3683471679688,867.0125732421875,893.3277984619141,41.20523471243674,-21.012485335963675,886.6970825195312,872.645751953125,853.68115234375
2021-03-08,872.1514408257223,876.4153159728255,864.9803942091999,870.6494140625,2782080.0,870.8742553710938,867.4583435058594,889.7660278320312,41.193248705977375,-20.010265163109807,870.6978759765625,886.6970825195312,872.645751953125
2021-03-09,872.3355477131405,876.0276530442903,855.9681584516866,862.13134765625,2715590.0,872.5642944335938,866.5503234863281,885.9304962158203,39.04346104446127,-19.67651659099522,870.6494140625,870.6978759765625,886.6970825195312
2021-03-10,871.3762288553719,875.9985913883985,863.6334714437785,872.22900390625,3149805.0,872.4809448242188,867.8071899414062,882.7941436767578,42.85098394005692,-18.385287819783002,862.13134765625,870.6494140625,870.6978759765625
2021-03-12,876.0276921602605,877.956106488182,853.3711305228868,857.9063110351562,3439260.0,866.7227905273437,866.7673828125,878.9319641113282,39.11853727190333,-18.306673395361713,872.22900390625,862.13134765625,870.6494140625
2021-03-15,864.3989819157568,864.8253694296492,830.4819815042641,841.5776977539062,4608715.0,860.8987548828125,865.1335510253906,874.5736297607422,35.33933220219377,-19.339025280198484,857.9063110351562,872.22900390625,862.13134765625
2021-03-16,848.9135112695906,865.6975891502366,845.986939584907,862.4027709960938,4678635.0,859.2494262695312,865.0618408203125,872.0526275634766,42.91408917281938,-18.266200825577585,841.5776977539062,857.9063110351562,872.22900390625
2021-03-17,862.402784962873,865.3680976910023,841.9750421987835,844.2135620117188,4769865.0,855.665869140625,864.1150817871094,868.7505676269532,38.65474009824985,-18.66849804278411,862.4027709960938,841.5776977539062,857.9063110351562
2021-03-18,846.9559865198906,848.6033955769867,813.0486848067598,816.4791259765625,6054535.0,844.5158935546875,858.4984191894531,864.9925659179687,33.23767363966459,-20.983375397613145,844.2135620117188,862.4027709960938,841.5776977539062
2021-03-19,815.9461554970336,834.4260832422789,801.410297620008,828.4373168945312,7062075.0,838.6220947265625,852.6724426269532,861.6735443115234,37.31659041777342,-21.603969201842233,816.4791259765625,844.2135620117188,862.4027709960938
2021-03-22,828.9120708859597,846.5586220539418,827.2356210218549,843.84521484375,4336515.0,839.0755981445312,849.9871765136719,858.4998748779296,42.21537431194341,-20.61487027528233,828.4373168945312,816.4791259765625,844.2135620117188
2021-03-23,843.0797127016709,853.3516947380352,837.6723572936527,847.3920288085938,3326180.0,836.0734497070313,847.6614379882812,857.5598907470703,43.313606571205014,-19.32207119573627,843.84521484375,828.4373168945312,816.4791259765625
2021-03-24,843.1282557437416,856.452793045195,839.4652500636266,843.1766967773438,3912020.0,835.8660766601563,845.7659729003906,856.1581481933594,42.285006948729524,-18.425265683533553,847.3920288085938,843.84521484375,828.4373168945312
2021-03-25,843.0797462147975,853.1870054999928,830.4335618508869,849.0006713867188,4707080.0,842.3703857421875,843.4431396484375,855.6251647949218,44.25471789521192,-17.0480751774013,843.1766967773438,847.3920288085938,843.84521484375
2021-03-26,856.6465146758311,857.2279253031885,842.633927090976,853.9331665039062,3626590.0,847.4695556640625,843.0458251953125,854.9066040039063,45.937552478468234,-15.381324313648634,849.0006713867188,843.1766967773438,847.3920288085938
2021-03-30,858.5749503433439,877.4715651090099,856.8500593414561,875.6788330078125,4331625.0,853.836279296875,846.4559387207031,855.7947448730469,52.714744536542284,-12.16548258460034,853.9331665039062,849.0006713867188,843.1766967773438
2021-03-31,874.0895609813983,881.2024665819397,868.4690412655962,875.25244140625,3862550.0,859.4083618164062,847.7409057617188,856.4013732910156,52.575570352182865,-9.541324633082013,875.6788330078125,853.9331665039062,849.0006713867188
2021-04-01,881.8420698669019,890.5538848079617,876.4250139846622,889.1390991210938,3238200.0,868.6008422851562,852.2334594726562,858.1742706298828,56.594793996605524,-6.268859814804273,875.25244140625,875.6788330078125,853.9331665039062
2021-04-05,883.7801676196349,888.4316303567425,857.4024589895807,883.1212158203125,3661290.0,875.424951171875,858.8976684570313,858.6980438232422,54.44151181328275,-4.113581946246654,889.1390991210938,875.25244140625,875.6788330078125
2021-04-06,883.5863008622889,899.2656385106445,880.2915420278359,895.263427734375,3711470.0,883.6910034179688,865.5802795410157,859.1263610839844,57.920358018418085,-1.4094860054144647,883.1212158203125,889.1390991210938,875.25244140625
2021-04-07,903.607134309736,917.5033819939848,899.4789410084248,909.4893188476562,5568060.0,890.4531005859375,872.1446899414062,861.0659332275391,61.61827199796106,1.8599991197205554,895.263427734375,883.1212158203125,889.1390991210938
2021-04-08,909.5085967499224,921.7671936316306,903.3938483618184,908.79150390625,3303175.0,897.1609130859375,878.2846374511719,862.9730377197266,61.3335452260647,4.344698819361156,909.4893188476562,895.263427734375,883.1212158203125
2021-04-09,909.5377741142868,929.132083401841,909.2179686593968,922.6006469726562,6810735.0,903.85322265625,886.2270324707031,865.9965026855468,64.79990599519255,7.343472688258885,908.79150390625,909.4893188476562,895.263427734375
2021-04-12,925.4496022537184,992.3145473380184,909.944687451562,968.466064453125,17568825.0,920.9221923828125,898.1735717773438,870.8083557128906,73.3465578784396,13.268032838250178,922.6006469726562,908.79150390625,909.4893188476562
2021-04-13,997.1016285819524,997.1016285819524,920.8174764838864,925.8953857421876,19686170.0,927.048583984375,905.3697937011718,874.2078094482422,59.02213818822882,14.362628012006098,968.466064453125,922.6006469726562,908.79150390625
2021-04-15,938.6094162926628,944.840446838094,927.3877176311372,939.1229858398438,6934505.0,932.9753173828125,911.714208984375,879.085073852539,61.535812616042385,16.11173332103533,925.8953857421876,968.466064453125,922.6006469726562
2021-04-16,942.6600370769214,957.4284584914172,933.2407708788744,948.3677978515624,5990145.0,940.890576171875,919.0257446289063,883.3833251953125,63.233335645980375,18.035983358149338,939.1229858398438,925.8953857421876,968.466064453125
2021-04-19,948.3193152510598,970.0262193425216,931.6612202673176,962.8745727539062,9219640.0,948.945361328125,926.3992919921875,889.3163757324219,65.7850523921026,20.495283996438047,948.3677978515624,939.1229858398438,925.8953857421876
2021-04-20,988.4384184345764,1009.9030606895992,986.4034218199536,999.4371948242188,17424880.0,955.1395874023438,938.0308898925781,898.4642791748047,71.20869147137458,25.105198405305373,962.8745727539062,948.3677978515624,939.1229858398438
2021-04-22,1003.9335764778232,1025.2625352810996,999.873283520497,1007.7904052734376,12120670.0,971.5185913085937,949.2835876464844,907.43193359375,72.28943119709488,29.097208551731114,999.4371948242188,962.8745727539062,948.3677978515624
2021-04-23,1013.2461082307744,1020.6400188407656,974.8908697334864,981.984375,11774495.0,980.090869140625,956.5330932617187,914.3388916015625,64.26381021078504,29.834659003024285,1007.7904052734376,999.4371948242188,962.8745727539062
2021-04-26,993.2835550752012,994.252612202104,974.9199106910858,981.984375,4752885.0,986.8141845703125,963.8523803710938,921.0685089111328,64.26381021078505,30.07243745913115,981.984375,1007.7904052734376,999.4371948242188
2021-04-27,986.5970878026326,991.53931489105,973.1950696362532,980.1528930664062,4789175.0,990.2698486328125,969.6076049804688,927.9173187255859,63.68188051274428,29.769924158425283,981.984375,981.984375,1007.7904052734376
2021-04-28,985.0562686743187,989.7755721465048,974.8714688159836,977.6720581054688,4219765.0,985.9168212890625,970.5282043457031,934.3508880615234,62.85164630046296,28.995752553769762,980.1528930664062,981.984375,981.984375
2021-04-29,982.6724046989272,996.9660570053776,977.2554082776888,988.8840942382812,5359655.0,982.1355590820312,976.8270751953125,941.0984344482422,65.06819401302923,28.953179363523077,977.6720581054688,980.1528930664062,981.984375
2021-04-30,996.1908071225928,1009.9513721216312,993.3127356129852,1000.6678466796876,6534750.0,985.8722534179688,982.9815612792969,947.3478851318359,67.27803341952881,29.529887977732415,988.8840942382812,977.6720581054688,980.1528930664062
2021-05-03,1006.6470217863088,1010.2130862335148,996.1908561717192,1005.096435546875,4689495.0,990.4946655273437,988.6544250488281,953.8400848388671,68.09492768058911,29.998480015560972,1000.6678466796876,988.8840942382812,977.6720581054688
2021-05-04,1009.9512752175252,1012.257635876742,979.5907584718068,982.0909423828124,3978090.0,990.882275390625,990.5760620117187,958.4876770019531,59.75012396247884,28.1885514735294,1005.096435546875,1000.6678466796876,988.8840942382812
2021-05-05,990.3764625045828,1008.2071387171044,982.6240048724528,1000.2510986328124,5055995.0,995.3980834960937,990.6574523925781,964.3441711425781,63.547640899759294,27.897952670245104,982.0909423828124,1005.096435546875,1000.6678466796876
2021-05-06,1001.0361192056484,1017.8977386766422,994.2527185914764,1001.7047119140624,4891875.0,997.96220703125,990.0488830566406,969.6662353515625,63.841715136928016,27.468307913238846,1000.2510986328124,982.0909423828124,1005.096435546875
2021-05-07,1007.8096792038064,1017.316186090579,1001.2297436721024,1002.9158935546876,3924345.0,998.41181640625,992.1420349121094,974.3375640869141,64.1015824903873,26.915280979073145,1001.7047119140624,1000.2510986328124,982.0909423828124
2021-05-10,1042.7056851121902,1044.6340997318005,1021.774070482319,1032.540283203125,11222420.0,1003.9005859375,997.1976257324219,980.5250030517578,69.81570728569045,28.538470094014315,1002.9158935546876,1001.7047119140624,1000.2510986328124
2021-05-11,1032.045928584501,1036.8815145986448,1021.6382636132108,1026.4156494140625,4724450.0,1012.76552734375,1001.8239013671875,985.7157531738281,67.42614611688786,28.996399951960257,1032.540283203125,1002.9158935546876,1001.7047119140624
2021-05-12,1030.6890847995055,1034.9529596025557,1022.3552175849215,1027.4815673828125,4400825.0,1018.21162109375,1006.8048522949218,988.6665283203125,67.63377387511335,29.109764095129208,1026.4156494140625,1032.540283203125,1002.9158935546876
2021-05-14,1034.6719697963144,1046.27167376242,1000.0669768897104,1007.2089233398438,14885055.0,1019.3124633789063,1008.6373352050781,992.7322052001953,59.82360942864704,27.24965597486664,1027.4815673828125,1026.4156494140625,1032.540283203125
2021-05-17,1017.5099760616372,1019.4480903017544,997.1597765404044,1017.5681762695312,6846935.0,1022.242919921875,1010.3273681640625,996.6544647216797,62.22417326953887,26.30814806905346,1007.2089233398438,1027.4815673828125,1026.4156494140625
2021-05-18,1025.3110189412134,1028.1502902962925,1009.7576035463106,1010.8138427734376,4550200.0,1017.8976318359375,1010.8991088867188,999.7767669677735,59.7186908038887,24.731884239237274,1017.5681762695312,1007.2089233398438,1027.4815673828125
2021-05-19,1014.6028400608184,1020.2234188702806,1008.9919612863432,1015.1455688476562,4594605.0,1015.6436157226562,1014.2045715332031,1002.3903167724609,60.808589895773416,23.56062566351568,1010.8138427734376,1017.5681762695312,1007.2089233398438
2021-05-20,1018.479061630086,1024.4871686250276,1012.6647187473264,1014.8547973632812,3879585.0,1013.11826171875,1015.66494140625,1003.1611968994141,60.689883388161725,22.351280328643952,1015.1455688476562,1010.8138427734376,1017.5681762695312
2021-05-21,1018.672785957901,1021.2893111288196,1007.1023008537878,1011.0076293945312,3558170.0,1013.8780029296875,1016.5952331542969,1003.3220581054687,59.04746105457817,20.842175509472213,1014.8547973632812,1015.1455688476562,1010.8138427734376
2021-05-24,1014.7965353671208,1027.0067493119752,1012.9941033783806,1021.8029174804688,3532490.0,1014.724951171875,1018.483935546875,1005.3129852294921,62.143370540269544,20.283473341654826,1011.0076293945312,1014.8547973632812,1015.1455688476562
2021-05-25,1025.1462625820488,1031.0768880711846,1018.479144137984,1029.371337890625,3478075.0,1018.4364501953125,1018.167041015625,1007.6823333740234,64.18745262432843,20.21834166634983,1021.8029174804688,1011.0076293945312,1014.8547973632812
2021-05-26,1031.076752872528,1033.9839241682212,1022.3552389854484,1024.3321533203125,2537400.0,1020.2737670898438,1017.95869140625,1009.8912963867188,61.79496776395953,19.53491789044392,1029.371337890625,1021.8029174804688,1011.0076293945312
2021-05-27,1023.0821053795177,1024.0802626531615,1013.6628980944782,1021.1633911132812,3891965.0,1021.5354858398438,1017.3268737792969,1012.0658630371094,60.27357933762134,18.524073013712382,1024.3321533203125,1029.371337890625,1021.8029174804688
2021-05-28,1023.3243989866464,1023.3243989866464,998.1289118903844,1006.7632446289062,4373725.0,1020.6866088867188,1017.2823059082032,1012.9598205566406,53.79218923948453,16.372270350696567,1021.1633911132812,1024.3321533203125,1029.371337890625
2021-05-31,1011.1143404652588,1034.03256768194,1002.2280430540538,1028.9739990234375,4338240.0,1022.1208251953125,1018.4228881835937,1014.3751281738281,60.79488138070325,16.27160456526849,1006.7632446289062,1021.1633911132812,1024.3321533203125
2021-06-01,1028.1698025177272,1034.7594395212377,1020.475544282415,1030.398681640625,3736865.0,1022.3262939453125,1020.3813720703125,1015.6402404785156,61.20105254156856,16.120953864492094,1028.9739990234375,1006.7632446289062,1021.1633911132812
2021-06-02,1028.4120168148136,1037.6665609618212,1023.9058768987672,1029.59423828125,2729755.0,1023.3787109375,1021.8262390136719,1018.0154052734375,60.817910476304725,15.75503599487945,1030.398681640625,1028.9739990234375,1006.7632446289062
2021-06-03,1029.138779285332,1034.953122671125,1020.8049107576528,1023.8186645507812,2833590.0,1023.909765625,1022.7226257324219,1019.1937835693359,58.00996979590679,14.82807410719829,1029.59423828125,1030.398681640625,1028.9739990234375
2021-06-04,1023.8185179477414,1025.262403551677,1015.9594791251404,1018.47900390625,2007655.0,1026.2529174804688,1023.4697631835937,1020.0324981689453,55.46053619339789,13.506885179597134,1023.8186645507812,1029.59423828125,1030.398681640625
2021-06-07,1019.641953530126,1022.113096743743,1010.280946011391,1011.5406494140624,1819835.0,1022.7662475585937,1022.4435363769531,1020.463735961914,52.24737123493943,11.764354063956148,1018.47900390625,1023.8186645507812,1029.59423828125
2021-06-08,1011.6956345353876,1026.4059736842078,998.148234907874,1022.3067626953124,3663570.0,1021.1478637695312,1021.7370788574219,1019.9520599365235,56.462400388229135,11.12389166742605,1011.5406494140624,1018.47900390625,1023.8186645507812
2021-06-09,1022.9172521728548,1029.1386413473076,1009.3795528611074,1012.2383422851562,2365525.0,1017.6766845703125,1020.5276977539063,1019.2431945800781,51.85280669326412,9.692158057170104,1022.3067626953124,1011.5406494140624,1018.47900390625
2021-06-10,1014.1182864992136,1027.2005577536231,1014.1182864992136,1025.6597900390625,1836400.0,1018.0449096679688,1020.9773376464843,1019.1521057128906,56.9036771778726,9.53063430235602,1012.2383422851562,1022.3067626953124,1011.5406494140624
2021-06-11,1027.2005144279926,1064.0052837444691,1024.9813358402,1056.8536376953125,7277420.0,1025.7198364257813,1025.986376953125,1021.6343414306641,65.86626353338124,11.783871238514962,1025.6597900390625,1012.2383422851562,1022.3067626953124
2021-06-14,1056.8536779125673,1068.8700099330836,1040.7673532802646,1058.4720458984375,4489710.0,1035.1061157226563,1028.936181640625,1023.6795349121094,66.25833340889517,13.544042469788792,1056.8536376953125,1025.6597900390625,1012.2383422851562
2021-06-15,1061.117653906533,1062.6778218326278,1046.969442179736,1048.6846923828125,2844075.0,1040.3817016601563,1030.7647827148437,1025.5730773925782,61.64673371140538,13.987988396522724,1058.4720458984375,1056.8536376953125,1025.6597900390625
2021-06-16,1048.519931121642,1057.822856944319,1035.0113300097005,1047.7640380859375,3492955.0,1047.4868408203124,1032.5817626953126,1027.2040008544923,61.215129316786296,14.102959496104518,1048.6846923828125,1058.4720458984375,1056.8536376953125
2021-06-17,1047.7640011143444,1049.2951872033757,1017.228999170463,1024.584228515625,3536160.0,1047.271728515625,1032.6583190917968,1027.6904724121093,51.44846669104069,12.183217463146775,1047.7640380859375,1048.6846923828125,1058.4720458984375
2021-06-18,1030.1078298126563,1035.9221731606112,1014.564114075326,1024.080322265625,3487140.0,1040.7170654296874,1033.2184509277345,1028.3441070556642,51.25701232810749,10.500108335181267,1024.584228515625,1047.7640380859375,1048.6846923828125
2021-06-21,1022.355332412221,1027.2006183478238,1013.052407074486,1023.7120361328124,2077445.0,1033.7650634765625,1034.4355895996093,1028.4395629882813,51.10732113364668,9.032394787460362,1024.080322265625,1024.584228515625,1047.7640380859375
2021-06-22,1024.3903122092045,1031.076830350362,1017.6069120095312,1028.8189697265625,2134275.0,1029.7919189453125,1035.0868103027344,1028.4119445800782,53.15050480287901,8.186934205841908,1023.7120361328124,1024.080322265625,1024.584228515625
2021-06-23,1031.4643195979584,1036.881315237919,1024.7196022742712,1027.074462890625,2055715.0,1025.65400390625,1036.5704223632813,1028.5490600585938,52.345789102255296,7.292074980272901,1028.8189697265625,1023.7120361328124,1024.080322265625
2021-06-24,1027.006789338836,1030.0980247897442,1017.5196822225475,1022.868896484375,1830910.0,1025.3109375,1036.2913330078125,1028.6343353271484,50.36604335435757,6.172387098998001,1027.074462890625,1028.8189697265625,1023.7120361328124
2021-06-25,1022.7429801752836,1034.177784021186,1020.8048657987124,1029.0030517578125,2320365.0,1026.2954833984375,1033.5062744140625,1029.7463256835938,53.149332972950894,5.714132489053895,1022.868896484375,1027.074462890625,1028.8189697265625
2021-06-28,1032.821276766412,1050.4483715748297,1029.633040521838,1047.405517578125,2964815.0,1031.0341796875,1032.3996215820312,1030.667901611328,60.33536156148497,6.757985751953811,1029.0030517578125,1022.868896484375,1027.074462890625
2021-06-29,1048.713794331954,1057.231846109334,1042.7056862082295,1052.9970703125,2881305.0,1035.8697998046875,1032.830859375,1031.7978210449219,62.2309760215738,7.944855213070923,1047.405517578125,1029.0030517578125,1022.868896484375
2021-06-30,1054.1405485482396,1059.9160920396655,1047.550911776705,1051.0491943359375,2340440.0,1040.66474609375,1033.159375,1032.8705688476562,61.134878672560376,8.62881291566714,1052.9970703125,1047.405517578125,1029.0030517578125
2021-07-01,1051.6208860567565,1081.467896835044,1048.985078712884,1077.3009033203125,4157750.0,1051.5511474609375,1038.4310424804687,1035.5446807861329,69.04748299520054,11.160496585506962,1051.0491943359375,1052.9970703125,1047.405517578125
2021-07-02,1081.468018692913,1085.344248150593,1068.1919801176102,1080.6346435546875,2858690.0,1061.8774658203124,1044.086474609375,1038.6524627685546,69.88595276112898,13.282763677889989,1077.3009033203125,1051.0491943359375,1052.9970703125
2021-07-05,1080.7312380976637,1084.5686663859942,1072.155106362902,1073.3082275390625,1486705.0,1067.0580078125,1049.04609375,1041.7408416748046,65.67540408586999,14.209694581753865,1080.6346435546875,1077.3009033203125,1051.0491943359375
2021-07-06,1073.676668679538,1077.8242622382722,1068.6764182737516,1073.60888671875,890540.0,1071.18037109375,1053.5250854492188,1044.3059478759765,65.76655624655592,14.797972864565281,1073.3082275390625,1080.6346435546875,1077.3009033203125
2021-07-07,1071.5836246130657,1088.1738810888862,1068.8799168545297,1077.998779296875,2692540.0,1076.5702880859376,1058.6175170898437,1047.5939697265626,67.13873266427002,15.440427646623448,1073.60888671875,1073.3082275390625,1080.6346435546875
2021-07-08,1073.7153885410992,1083.0183140972724,1056.1948767720876,1059.5186767578125,2255835.0,1073.0138427734375,1062.2824951171874,1049.2869140625,56.814581787892195,14.293619906981803,1077.998779296875,1073.60888671875,1073.3082275390625
2021-07-09,1060.735579770116,1074.8028587364447,1054.690125784265,1063.1304931640625,2304980.0,1069.5130126953125,1065.6952392578125,1049.6007568359375,58.16849451739105,13.520355665801162,1059.5186767578125,1077.998779296875,1073.60888671875
2021-07-12,1070.8405696288758,1070.860058825614,1059.177949092971,1069.750244140625,913295.0,1068.801416015625,1067.9297119140624,1050.1646667480468,60.60620450737896,13.288515034336342,1063.1304931640625,1059.5186767578125,1077.998779296875
2021-07-13,1069.750291382369,1077.480016125171,1057.0363231902222,1058.6134033203125,1852410.0,1065.8023193359375,1068.4913452148437,1050.6611022949219,54.818447161998904,12.067028490863777,1069.750244140625,1063.1304931640625,1059.5186767578125
2021-07-14,1058.6134811531388,1062.8579672617896,1045.0621894873275,1049.6085205078125,2506775.0,1060.124267578125,1068.3472778320313,1050.7533264160156,50.60992464643627,10.254169139956502,1058.6134033203125,1069.750244140625,1063.1304931640625
2021-07-15,1053.336836123208,1058.8857904054998,1045.7823960725532,1050.1534423828125,1518410.0,1058.251220703125,1065.6325317382812,1052.031787109375,50.85580059624996,8.760450662579387,1049.6085205078125,1058.6134033203125,1069.750244140625
2021-07-16,1050.0268707151572,1061.1248980028656,1048.24539187857,1052.6651611328125,2189520.0,1056.158154296875,1062.8355834960937,1053.4610290527344,52.04093743006495,7.690689241129348,1050.1534423828125,1049.6085205078125,1058.6134033203125
2021-07-19,1051.0003239946102,1060.1513326349864,1047.9046318307012,1055.1572265625,1204290.0,1053.23955078125,1061.0204833984376,1055.0332885742187,53.24567144470409,6.963711133345896,1052.6651611328125,1050.1534423828125,1049.6085205078125
2021-07-20,1058.3990660020322,1058.3990660020322,1036.319945744941,1040.496337890625,1322140.0,1049.6161376953125,1057.709228515625,1055.6171569824219,45.93510920757783,5.145253278683867,1055.1572265625,1052.6651611328125,1050.1534423828125
2021-07-22,1050.2217615405218,1050.2217615405218,1037.0891320764244,1048.3720703125,929240.0,1049.36884765625,1054.7465576171876,1056.6820373535156,49.913458028505225,4.2901637763068265,1040.496337890625,1055.1572265625,1052.6651611328125
2021-07-23,1047.7880021492351,1057.620421326831,1043.6213542419014,1055.70263671875,1533805.0,1050.4786865234375,1054.3649536132812,1058.3237243652343,53.35404677713932,4.156105631338505,1048.3720703125,1040.496337890625,1055.1572265625
2021-07-26,1055.0893090467416,1060.5409367506102,1051.350948189885,1053.580322265625,934695.0,1050.66171875,1053.4099365234374,1059.552587890625,52.23529774272437,3.8344098561842657,1055.70263671875,1048.3720703125,1040.496337890625
2021-07-27,1058.7885306300414,1060.1417226125811,930.6747499116136,943.0090942382812,29369105.0,1028.2320922851563,1040.735821533203,1054.3327667236329,23.999962274464536,-5.281824794407612,1053.580322265625,1055.70263671875,1048.3720703125
2021-07-28,948.188140883678,949.142160810046,908.5760523054524,921.2803344726562,16190650.0,1004.3888916015625,1027.0025146484375,1047.7469299316406,21.536318909872833,-14.097330501452234,943.0090942382812,1053.580322265625,1055.70263671875
2021-07-29,924.8336559700195,927.7541833046618,907.3104919621666,909.7734985351562,5434680.0,976.6691772460938,1013.0190124511719,1040.6831451416015,20.345252359978943,-21.76133663729695,921.2803344726562,943.0090942382812,1053.580322265625
2021-07-30,912.1780574905782,935.5422766792376,910.7372829877944,917.2792358398438,6866000.0,948.9844970703125,999.731591796875,1032.682061767578,23.324081965797006,-26.919159133812173,909.7734985351562,921.2803344726562,943.0090942382812
2021-08-02,922.691903163424,924.9309621856644,912.6842606206636,915.4003295898438,3781730.0,921.3484985351563,986.0051086425781,1024.420346069336,23.09128435493767,-30.80330137029773,917.2792358398438,909.7734985351562,921.2803344726562
2021-08-03,920.6280773164416,920.8325356177468,913.4825538063136,919.3236083984376,2991305.0,916.6114013671875,972.4217468261719,1016.7211151123047,24.779541821776917,-33.18242986862174,915.4003295898438,917.2792358398438,909.7734985351562
2021-08-04,920.0829464258362,936.515785333593,920.0829464258362,928.4940795898438,5520990.0,918.054150390625,961.2215209960938,1009.4653747558593,28.718377461669064,-33.93672452447697,919.3236083984376,915.4003295898438,917.2792358398438
2021-08-05,933.4004754863251,936.3210026683338,923.2760169063282,931.1224975585938,2969750.0,922.3239501953125,949.4965637207031,1002.1215606689453,29.852169976283818,-33.93127845364302,928.4940795898438,919.3236083984376,915.4003295898438
2021-08-06,934.2571814754896,935.7855978526306,926.0602517054092,931.9013061523438,1998185.0,925.2483642578125,937.1164306640625,995.7406921386719,30.206405868637717,-33.47820317182277,931.1224975585938,928.4940795898438,919.3236083984376
2021-08-09,933.5952714949738,941.1497119787508,926.6444019285648,938.1707763671876,2717725.0,929.8024536132813,925.5754760742187,989.4927062988281,33.13372611762718,-32.241582997453975,931.9013061523438,931.1224975585938,928.4940795898438
2021-08-10,942.162155277363,946.0270175487384,921.6308803211556,928.6790771484376,3083355.0,931.6735473632813,924.1424743652344,982.4391479492188,31.012946638113533,-31.662468177464575,938.1707763671876,931.9013061523438,931.1224975585938
2021-08-11,927.754202940534,928.1338857624607,913.1515659582592,923.8309326171876,2633925.0,930.74091796875,924.3975341796875,975.7000244140625,29.958178709929996,-31.234666464268344,928.6790771484376,938.1707763671876,931.9013061523438
2021-08-12,924.7169461913428,925.4762524883436,913.24897901501,918.2918090820312,3107090.0,928.1747802734375,925.249365234375,969.1341888427735,28.754874233066218,-30.98541097138593,923.8309326171876,928.6790771484376,938.1707763671876
2021-08-13,919.4014472816935,922.0688527078892,901.858853709909,905.7918090820312,3969475.0,922.952880859375,924.1006225585937,961.9161071777344,26.19761086470278,-31.434166229425387,918.2918090820312,923.8309326171876,928.6790771484376
2021-08-16,903.4164383432492,912.4992948184522,897.3806700827312,907.5343627929688,2096145.0,916.8255981445312,923.3140258789062,954.6595672607422,27.169989043186206,-31.288523856596157,905.7918090820312,918.2918090820312,923.8309326171876
2021-08-17,908.284031693874,918.8368969628503,907.5344106388612,915.1959228515624,2130070.0,914.1289672851562,922.9012573242187,947.6615020751954,31.44669045060995,-30.206673629829538,907.5343627929688,905.7918090820312,918.2918090820312
2021-08-18,915.0985631758258,925.816907981225,910.2310176270182,912.5771484375,2768780.0,911.8782104492187,921.3095642089844,941.2655426025391,30.781338225853347,-29.22373966035252,915.1959228515624,907.5343627929688,905.7918090820312
2021-08-20,907.2910120857454,907.2910120857454,877.7158002196777,887.0615234375,4134540.0,905.6321533203125,916.903466796875,933.2000152587891,25.18913730740357,-30.156035101242537,912.5771484375,915.1959228515624,907.5343627929688
2021-08-23,895.4336746001558,895.4336746001558,876.1582059528492,879.0494995117188,2837575.0,900.28369140625,911.6182861328125,924.3673583984375,23.7312100264203,-31.18194329429582,887.0615234375,912.5771484375,915.1959228515624
2021-08-24,886.2827082179157,894.7911682431727,865.5858952494137,893.1751098632812,3084680.0,897.4118408203125,907.1187194824219,916.3470977783203,31.282788890871245,-30.503538422696806,879.0494995117188,887.0615234375,912.5771484375
2021-08-25,889.7873988855092,894.5770474590202,880.7045415135951,885.6889038085938,2220705.0,891.5104370117188,902.8197021484375,913.481088256836,29.609535410549597,-30.221596189507864,893.1751098632812,879.0494995117188,887.0615234375
2021-08-26,885.6888251134234,886.8473033223135,873.5102761505715,876.8396606445312,2408595.0,884.362939453125,898.1205749511719,911.2590545654297,27.721939937812607,-30.362218154490165,885.6889038085938,893.1751098632812,879.0494995117188
2021-08-27,877.3263823007452,897.7310942996144,877.3263823007452,895.7354125976562,2816975.0,886.0977172851562,895.8649353027344,910.5571502685547,36.962885146387684,-28.61903044242365,876.8396606445312,885.6889038085938,893.1751098632812
2021-08-30,899.3276678925295,915.0985267261464,891.354626224429,910.785888671875,3141835.0,892.4449951171875,896.3643432617188,910.2324829101562,43.19282484599393,-25.726534508901977,895.7354125976562,876.8396606445312,885.6889038085938
2021-08-31,910.7956514320036,919.333285750367,905.4607812121908,915.8870849609376,3227635.0,896.9873901367188,897.1996154785156,910.2568206787109,45.17073438565251,-22.76022107343806,910.785888671875,895.7354125976562,876.8396606445312
2021-09-01,922.6919795112376,931.5412040112434,912.5675197934522,927.4524536132812,2814755.0,905.3401000976562,898.4252685546875,910.6632629394531,49.466629108244625,-19.254217081096385,915.8870849609376,910.785888671875,895.7354125976562
2021-09-02,936.7104746522674,954.8956176410902,936.5157609472084,946.1924438476562,6299320.0,919.2106567382813,901.7867980957031,911.5481811523438,55.54462056264528,-14.792998583145277,927.4524536132812,915.8870849609376,910.785888671875
2021-09-03,949.4050361157176,955.8399172160264,946.6987116270312,953.7566528320312,2156575.0,930.8149047851563,908.4563110351562,912.6798889160157,57.753400338852224,-10.525748062257549,946.1924438476562,927.4524536132812,915.8870849609376
2021-09-06,961.8269855483892,962.469475406838,948.4801544696828,957.1444091796876,3080995.0,940.0866088867188,916.2658020019531,913.9420440673828,58.742109252030644,-6.792260702634849,953.7566528320312,946.1924438476562,927.4524536132812
2021-09-07,956.9595071374786,959.091494580976,945.3844689301276,953.54248046875,2101070.0,947.6176879882812,922.3025390625,914.7106292724609,57.209083985168036,-4.077092432547829,957.1444091796876,953.7566528320312,946.1924438476562
2021-09-08,956.959461946638,961.8270075313104,946.503983537686,956.2390747070312,2500145.0,953.3750122070312,929.3575561523437,916.0886291503906,58.090890656125254,-1.6882483223597546,953.54248046875,957.1444091796876,953.7566528320312
2021-09-09,951.118412592598,958.4099864125088,949.5802515420744,956.3850708007812,1812055.0,955.4135375976563,937.3120971679688,917.7163360595703,58.14118498801777,0.21423889762922954,956.2390747070312,953.54248046875,957.1444091796876
2021-09-13,959.6658943426988,963.228911746817,948.8014987740607,960.1526489257812,1493265.0,956.6927368164063,943.7538208007812,919.8093780517578,59.49218437123255,2.002897636678881,956.3850708007812,956.2390747070312,953.54248046875
2021-09-14,963.7545592361084,971.3674078397812,958.6631254486424,960.0260620117188,1549905.0,957.2690673828125,948.6778381347656,922.5210906982422,59.4227886841998,3.3713452979272915,960.1526489257812,956.3850708007812,956.2390747070312
2021-09-15,961.2429329596551,968.6415785359336,957.7188346836704,966.227294921875,1601600.0,959.8060302734375,953.7118591308594,925.4557373046875,61.775089991762954,4.899756258428738,960.0260620117188,960.1526489257812,956.3850708007812
2021-09-16,969.809888615402,972.82774340447,957.2613406157316,960.259765625,1482575.0,960.6101684570312,956.9925903320312,927.7089294433594,58.27412540689206,5.565349331909374,966.227294921875,960.0260620117188,960.1526489257812
2021-09-17,960.464129043814,965.2830113475146,948.0129680763442,951.0308227539062,2274150.0,959.5393188476562,957.4764282226563,929.6316131591797,53.24814390356664,5.287190635296497,960.259765625,966.227294921875,960.0260620117188
2021-09-20,949.1713943311232,951.2254843189804,924.4832172476775,929.6914672851562,1660330.0,953.4470825195312,955.0699096679688,931.7631103515625,43.83418886285362,3.3067223810666064,951.0308227539062,960.259765625,966.227294921875
2021-09-21,928.484359870577,947.0296974553706,923.9088549422108,945.0145263671876,1701950.0,950.444775390625,953.8569213867188,935.0613616943359,50.58936862984161,2.939742309440817,929.6914672851562,951.0308227539062,960.259765625
2021-09-22,945.1216171272104,949.911265344895,936.9148829842468,943.5932006835938,1253645.0,945.9179565429688,952.8619934082031,937.5822662353515,49.98878940355141,2.505338867630371,945.0145263671876,929.6914672851562,951.0308227539062
2021-09-23,947.594321266409,947.9252810962151,928.7277095824352,934.0430908203124,2800365.0,940.6746215820312,950.6423950195312,939.9999755859375,46.03428640371522,1.3746112945812001,943.5932006835938,945.0145263671876,929.6914672851562
2021-09-24,935.7369686395856,938.676925748058,930.2950265693396,932.6898803710938,1258075.0,937.0064331054688,948.2728759765625,942.7924865722656,45.485212033864656,0.3651001255070696,934.0430908203124,943.5932006835938,945.0145263671876
2021-09-27,934.0431243085038,935.6688679760066,921.5237512958516,932.9430541992188,1130285.0,937.6567504882812,945.5519165039062,944.6528686523437,45.615907280683054,-0.40979191098836054,932.6898803710938,934.0430908203124,943.5932006835938
2021-09-28,936.4962911156886,945.1021379436814,925.8266691098958,941.0231323242188,1527230.0,936.8584716796875,943.6516235351562,946.1647308349609,49.75600916266843,-0.36766642635097924,932.9430541992188,932.6898803710938,934.0430908203124
2021-09-29,940.9938765560644,958.4976106577992,932.9429966670184,950.339599609375,3275350.0,938.2077514648438,942.0628540039063,947.8873565673828,54.09528102930925,0.4127217729796939,941.0231323242188,932.9430541992188,932.6898803710938
2021-09-30,952.0724735882612,970.5886369090427,947.31205893223,950.28125,3880075.0,941.4553833007812,941.0650024414062,949.0287963867188,54.0637882797399,1.0147789771435782,950.339599609375,941.0231323242188,932.9430541992188
2021-10-01,944.887935027044,967.6680723692464,944.7419443089432,964.9130249023438,1710665.0,947.9000122070313,942.45322265625,949.9648254394531,60.304526016531,2.642118898801982,950.28125,950.339599609375,941.0231323242188
2021-10-04,964.747547237432,988.5011937621548,963.77403810803,981.8228759765624,3801765.0,957.6759765625,947.6663635253906,951.3681365966797,66.04572581991442,5.235924690651018,964.9130249023438,950.28125,950.339599609375
2021-10-05,980.732543135262,983.244213307364,967.66806735398,980.2457885742188,1774235.0,965.5205078125,951.1894897460937,952.5232055664062,65.10004705948444,7.082632516093213,981.8228759765624,964.9130249023438,950.28125
2021-10-06,976.9164779405124,981.7256157442752,955.3629700860998,965.0591430664062,2646320.0,968.4644165039062,953.336083984375,953.0990386962891,56.68329081453064,7.237299318695705,980.2457885742188,981.8228759765624,964.9130249023438
2021-10-07,968.8168278678556,971.5426416016696,950.7193260603864,952.3060913085938,1719870.0,968.869384765625,955.1623840332031,952.9023895263672,50.749500816510874,6.258663205368748,965.0591430664062,980.2457885742188,981.8228759765624
2021-10-08,955.333742857723,963.121815992922,938.6575265035156,944.1481323242188,1741550.0,964.71640625,956.3082092285156,952.2905426025391,47.33584794604065,4.769824357651032,952.3060913085938,965.0591430664062,980.2457885742188
2021-10-11,948.1978582357212,958.2249900274531,940.0009282954836,952.9388427734376,3440320.0,958.939599609375,958.3077880859375,951.9298522949218,51.14903304524208,4.250251457437685,944.1481323242188,952.3060913085938,965.0591430664062
2021-10-12,954.0389461301942,965.1369739647356,945.4720776812528,956.0443725585938,1427440.0,954.09931640625,959.809912109375,951.7307678222656,52.45863949143275,4.042477328081418,952.9388427734376,944.1481323242188,952.3060913085938
2021-10-13,955.7912213801914,962.9952124790908,952.1113878839942,959.5781860351562,1207980.0,953.003125,960.7337707519531,951.3983123779296,53.970785779159826,4.115522862151124,956.0443725585938,952.9388427734376,944.1481323242188
2021-10-14,958.7118006538388,975.3880171749367,956.7745269489956,965.4679565429688,1460300.0,955.635498046875,962.25244140625,951.6587219238281,56.45668286928412,4.595690966536608,959.5781860351562,956.0443725585938,952.9388427734376
2021-10-18,962.8005151479812,968.6318252424072,947.3509302397666,949.6581420898438,1668255.0,956.7375,960.726953125,951.590087890625,48.832829156280496,3.6583367219564025,965.4679565429688,959.5781860351562,956.0443725585938
2021-10-19,955.012431632883,957.9329589467452,932.6217222266076,934.919189453125,2698595.0,953.1335693359375,956.0365844726563,951.8514739990235,43.002684878901164,1.706495018322471,949.6581420898438,965.4679565429688,959.5781860351562
2021-10-20,934.7732013299552,943.223253251296,918.6031698994832,925.593017578125,1580485.0,947.0432983398438,950.5713073730469,950.8803985595703,39.767375468208364,-0.5861410531094862,934.919189453125,949.6581420898438,965.4679565429688
2021-10-21,930.6748412517164,932.388227035424,895.6285083175513,905.6848754882812,2584000.0,936.2646362304688,944.6338806152344,948.9849822998046,33.90359156469238,-3.9638001241835354,925.593017578125,934.919189453125,949.6581420898438
2021-10-22,906.33707076522,912.723288779702,894.3142558387102,902.9200439453124,1814980.0,923.7550537109375,939.6952758789063,947.4288299560546,33.172038531143954,-6.785499062222584,905.6848754882812,925.593017578125,934.919189453125
2021-10-25,905.5386859566088,914.9038387291038,883.3621795941029,910.4548950195312,1380835.0,915.914404296875,936.3259521484375,946.3170806884766,37.15202915673169,-8.317833482831475,902.9200439453124,905.6848754882812,925.593017578125
2021-10-26,914.125061182964,914.864937619068,902.8323791891236,908.5176391601562,1363565.0,910.6340942382812,931.8838317871093,945.0958099365234,36.54933045669333,-9.578129197357612,910.4548950195312,902.9200439453124,905.6848754882812
2021-10-27,906.4342651774216,920.5501465969238,904.7890324835208,907.8361206054688,1929040.0,907.08271484375,927.0630065917969,943.4364593505859,36.32607014969348,-10.510754052732182,908.5176391601562,910.4548950195312,902.9200439453124
2021-10-28,910.2310239353924,913.0931431146583,886.0977543277293,889.777587890625,1341975.0,903.9012573242187,920.0829467773438,940.4083587646485,30.933977807695996,-12.562229081315309,907.8361206054688,908.5176391601562,910.4548950195312
2021-10-29,894.2654742029524,957.5143940653278,881.2302319475858,907.15478515625,9725820.0,904.7482055664062,914.2516296386718,938.2520355224609,40.14157190907006,-12.64013561435695,889.777587890625,907.8361206054688,908.5176391601562
2021-11-01,912.1780676524216,941.373597365236,901.2844979576212,934.85107421875,3383505.0,909.62744140625,912.7709228515625,936.7489379882812,51.28817753436546,-10.347735786376916,907.15478515625,889.777587890625,907.8361206054688
2021-11-02,934.5395643411156,935.3475935849576,919.3820789344238,924.0743408203124,2046660.0,912.7387817382812,911.6864379882812,933.8615112304688,47.57578785936607,-9.293455556508661,934.85107421875,907.15478515625,889.777587890625
2021-11-03,926.5860654137246,934.2281484557292,925.524973636217,929.049072265625,1862160.0,916.9813720703125,912.0320434570312,931.3016754150391,49.396672973172286,-7.964699528279311,924.0743408203124,934.85107421875,907.15478515625
2021-11-04,929.701279700238,932.3589407843778,925.6125292042864,927.9781494140624,104180.0,924.621484375,914.2613708496094,929.4476257324219,49.00208988819036,-6.918315294568629,929.049072265625,924.0743408203124,934.85107421875
2021-11-08,926.7806795100822,936.5450044756956,915.3127135894872,932.3783569335938,1191260.0,929.6661987304688,917.2072021484375,928.4512390136719,50.743124022119986,-5.668643682045399,927.9781494140624,929.049072265625,924.0743408203124
2021-11-09,932.6217028839044,941.383284643774,929.7595837989492,933.0792236328124,1249435.0,929.3118286132812,919.4696350097656,927.8977935791015,51.02989348661056,-4.569046714096203,932.3783569335938,927.9781494140624,929.049072265625
2021-11-10,931.4730183655864,944.294117045842,929.5065108975908,940.2832641601562,1711170.0,932.55361328125,922.6461975097657,927.2650146484375,53.994718967213835,-3.0807889140733096,933.0792236328124,932.3783569335938,927.9781494140624
2021-11-11,940.6045389393076,944.1773008307482,931.4535292950302,937.4795532226562,1586300.0,934.2397094726563,925.6105407714844,926.3367736816406,52.65849787123519,-2.1033241151769744,940.2832641601562,933.0792236328124,932.3783569335938
2021-11-12,944.3038986760351,948.1979353716066,937.4893344587856,942.9896850585938,1166710.0,937.2420166015625,930.9317504882813,925.5073486328125,55.01469254247697,-0.8739799340845593,937.4795532226562,940.2832641601562,933.0792236328124
2021-11-15,942.5515247600688,953.8442065797906,941.0036191433198,948.9085083007812,1337395.0,940.548046875,935.1071228027344,924.6793762207031,57.463682949746115,0.5712981864794529,942.9896850585938,937.4795532226562,940.2832641601562
2021-11-16,954.2336076468714,954.2336076468714,934.0527241082128,937.9954833984376,1679855.0,941.531298828125,935.4215637207031,924.0962432861328,51.85802233713001,0.8265733806206299,948.9085083007812,942.9896850585938,937.4795532226562
2021-11-17,937.9955124193506,939.4070530878128,924.8531394940618,928.3966674804688,983295.0,939.1539794921875,935.8537963867187,923.7701171875,47.47147084847395,0.2514381645613639,937.9954833984376,948.9085083007812,942.9896850585938
2021-11-18,926.741805675798,928.2799073746228,905.5776665271178,909.5398559570312,1168320.0,933.5660400390625,933.9028747558593,922.9674591064453,40.26573703994721,-1.7062788147285346,928.3966674804688,937.9954833984376,948.9085083007812
2021-11-22,910.5133346395212,913.0736684100364,892.0458949270309,897.108154296875,910090.0,924.3897338867188,930.8158752441407,922.538623046875,36.34850675854969,-4.212360582620818,909.5398559570312,928.3966674804688,937.9954833984376
2021-11-23,895.6284442179173,907.6707480024716,886.1853933028323,901.8491821289062,1063495.0,914.9778686523438,927.7629577636719,922.4850799560547,38.79398695123071,-5.749609199552424,897.108154296875,909.5398559570312,928.3966674804688
2021-11-24,901.2553738295968,906.064452226079,893.0194646240767,895.248779296875,996290.0,906.4285278320312,923.9799133300781,921.7247741699218,36.68108038741074,-7.415011513384002,901.8491821289062,897.108154296875,909.5398559570312
2021-11-25,898.3542218520384,914.3197955036876,892.7078807278199,893.992919921875,2726870.0,899.5477783203125,919.35087890625,920.9985382080079,36.276231182070255,-8.735494854552485,895.248779296875,901.8491821289062,897.108154296875
2021-11-26,891.7343757276662,938.462814630426,890.984754673084,925.0089111328124,5361365.0,902.6415893554688,918.1038146972656,921.857177734375,50.737256934973324,-7.196301650839928,893.992919921875,895.248779296875,901.8491821289062
2021-11-29,944.3038249095569,951.1183885944712,908.4008046275744,914.6312866210938,4500925.0,906.1462158203125,915.2679748535156,923.0998626708985,46.902069259856376,-6.736216604412107,925.0089111328124,893.992919921875,895.248779296875
2021-11-30,917.8049952828948,924.4929984651708,905.363519685155,910.3965454101562,3589115.0,907.8556884765625,911.4167785644531,923.2619506835938,45.39416665678907,-6.636799224699644,914.6312866210938,925.0089111328124,893.992919921875
2021-12-01,914.3197570978087,917.5128360430442,893.6813523281434,896.86474609375,2127105.0,908.1788818359375,907.3037048339844,921.3626342773438,40.87224403631614,-7.562734850168681,910.3965454101562,914.6312866210938,925.0089111328124
2021-12-02,897.555888061654,909.0627725879216,897.3904081541585,907.8458862304688,1163740.0,910.9494750976562,905.2486267089844,920.5512115478516,45.60745193800955,-7.326009590268882,896.86474609375,910.3965454101562,914.6312866210938
2021-12-03,905.7918049959516,908.0892722004426,892.3184129731305,894.9468994140625,2738865.0,904.9370727539062,903.7893310546875,918.8461029052735,41.41210562537046,-8.08603279831982,907.8458862304688,896.86474609375,910.3965454101562
2021-12-06,897.4293628183032,897.4293628183032,873.1013792994924,875.9050903320312,1336375.0,897.1918334960938,901.6690246582032,916.2424499511719,36.12861850190497,-10.108348767885673,894.9468994140625,907.8458862304688,896.86474609375
2021-12-07,880.0522930880963,885.8933481307165,864.7292681998819,880.1885986328125,2662500.0,891.150244140625,899.5029663085937,913.6329620361328,38.04356160238544,-11.235885132948965,875.9050903320312,894.9468994140625,907.8458862304688
2021-12-08,881.4638483538541,893.622967807681,881.4638483538541,889.9236450195312,979280.0,889.7620239257812,898.9704528808594,911.4751831054688,42.27907393248511,-11.214653397998745,880.1885986328125,875.9050903320312,894.9468994140625
2021-12-09,895.6284704882373,899.1233946856017,888.8820588135584,894.5089111328125,1130885.0,887.09462890625,899.0220520019532,909.1864654541016,44.21353310126901,-10.704440315733223,889.9236450195312,880.1885986328125,875.9050903320312
2021-12-10,897.5754603664461,899.4251515683546,890.4688552645553,894.3239135742188,802565.0,886.9700317382812,895.9535522460938,907.0286834716796,44.14924424707216,-10.19747043754137,894.5089111328125,889.9236450195312,880.1885986328125
2021-12-13,910.8151771946946,910.8151771946946,889.0961894758057,895.5895385742188,1355025.0,890.9069213867188,894.0493774414062,904.6586761474609,44.74122211701537,-9.583099787248216,894.3239135742188,894.5089111328125,889.9236450195312
2021-12-14,894.849669731201,907.310575624359,891.1697764294579,904.6918334960938,1195915.0,895.807568359375,893.47890625,902.4478424072265,48.93343746695598,-8.26643714966383,895.5895385742188,894.3239135742188,894.5089111328125
2021-12-15,904.409492011635,904.6917882753224,890.2352011257373,895.6868286132812,1537725.0,896.960205078125,893.3611145019531,900.3324096679687,45.274042273961065,-7.859007414006896,904.6918334960938,895.5895385742188,894.3239135742188
2021-12-16,901.4694700076922,903.2120299900192,889.7873602451735,895.1124267578125,1006605.0,897.080908203125,892.0877685546875,898.6681976318359,45.04265252713922,-7.496055975236004,895.6868286132812,904.6918334960938,895.5895385742188
2021-12-17,901.4694505741834,904.9740596600748,875.5351532000849,879.6531372070312,2417560.0,894.1467529296875,890.5583923339843,897.173861694336,39.231198628466466,-8.359486852326881,895.1124267578125,895.6868286132812,904.6918334960938
2021-12-20,875.4183922839136,890.7609065862482,868.7596227154759,887.9766845703125,1708885.0,892.6241821289062,891.7655517578125,896.7172882080079,43.4609329019954,-8.276712543548683,879.6531372070312,895.1124267578125,895.6868286132812
2021-12-21,888.0448166882243,901.313751359038,884.6861981857221,899.6976928710938,1293770.0,891.6253540039063,893.7164611816406,896.6097137451172,48.85905119107436,-7.182530157480073,887.9766845703125,879.6531372070312,895.1124267578125
2021-12-22,903.4164337993088,911.0682009717476,897.5753792704339,905.0714111328124,1068395.0,893.5022705078125,895.2312377929687,897.1008453369141,51.16130101254019,-5.814739877916281,899.6976928710938,887.9766845703125,879.6531372070312
2021-12-23,909.97794209072,915.0986097757524,906.3565165387664,914.086181640625,831200.0,897.297021484375,897.18896484375,898.1055084228516,54.834582119405184,-3.957717483014676,905.0714111328124,899.6976928710938,887.9766845703125
2021-12-24,919.9661475370146,920.9396566878474,897.770150781683,903.1536254882812,1259130.0,901.997119140625,898.0719360351562,897.012744140625,49.92998602334656,-3.329795955195891,914.086181640625,905.0714111328124,899.6976928710938
2021-12-27,900.3207175366821,923.8601610862194,899.7365764097892,922.2830810546876,1696340.0,908.8583984375,900.7412902832032,897.3953338623047,57.151808134665636,-1.2738917961351035,903.1536254882812,914.086181640625,905.0714111328124
2021-12-28,922.28307853449,929.4286022295285,915.6924027519752,923.6265258789062,3342970.0,913.6441650390625,902.6347595214844,898.0568328857422,57.6141801804716,0.45854599874905944,922.2830810546876,903.1536254882812,914.086181640625
2021-12-29,923.6265289756262,943.9436597056492,923.6265289756262,941.0231323242188,2528020.0,920.8345092773437,907.1683898925781,900.2647521972656,63.158250193004534,3.1984069391106686,923.6265258789062,922.2830810546876,903.1536254882812
2021-12-30,940.40981186769,959.480881712032,939.4460473438188,954.9540405273438,2765730.0,929.0080810546875,913.1525512695313,902.6201599121093,66.89273733093097,6.419870074525079,941.0231323242188,923.6265258789062,922.2830810546876
2021-12-31,954.817714357194,960.0844318677308,949.463414301806,955.40185546875,1442840.0,939.4577270507813,920.7274230957031,905.6429077148438,67.0085074594205,8.906370645181141,954.9540405273438,941.0231323242188,923.6265258789062
2022-01-03,955.4018876778364,959.9384140972963,943.8560241930836,944.9171752929688,1463005.0,943.9845458984375,926.4214721679688,909.0935119628906,61.57915246069355,9.916601783152146,955.40185546875,954.9540405273438,941.0231323242188
2022-01-04,946.4456258934996,952.656619144579,939.436347993724,941.4710083007812,1267190.0,947.5534423828125,930.5988037109375,912.1576324462891,59.86228258117429,10.32017580032641,944.9171752929688,955.40185546875,954.9540405273438
2022-01-05,950.1449130076396,954.934561300846,926.2062973032904,932.6996459960938,2684010.0,945.8887451171875,933.3616271972656,914.2964324951172,55.61227457948368,9.819047615113845,941.4710083007812,944.9171752929688,955.40185546875
2022-01-06,932.699600970383,941.587743671577,920.6085753512344,922.779541015625,1908215.0,939.4538452148438,934.2309631347656,915.7099639892579,51.186157430380966,8.52318043321327,932.6996459960938,941.4710083007812,944.9171752929688
2022-01-07,928.620637684528,928.620637684528,913.1515633582948,916.7340698242188,1335615.0,931.7202880859375,935.5890075683594,916.8304718017578,48.64523657889991,6.928509806105353,922.779541015625,932.6996459960938,941.4710083007812
2022-01-10,920.628129231987,920.628129231987,906.366255782938,914.9136352539062,1575095.0,925.719580078125,934.8520629882812,917.7966766357422,47.87455852349476,5.454946758675533,916.7340698242188,922.779541015625,932.6996459960938
2022-01-11,917.0455731357202,922.8671385458108,907.4175538665088,909.1114501953124,1547160.0,919.2476684570313,933.4005554199218,918.0176574707032,45.40544102727977,3.775428790816477,914.9136352539062,916.7340698242188,922.779541015625
2022-01-12,911.204540274926,915.7410666497724,902.2482444483966,913.8135375976562,1188845.0,915.4704467773438,930.6795959472656,918.9239929199218,47.756963795914025,2.791637596916644,909.1114501953124,914.9136352539062,916.7340698242188
2022-01-13,915.098547442195,926.7027591939184,912.100122798564,920.1510620117188,2270255.0,914.9447509765625,927.1992980957032,920.1759246826172,50.83097238735808,2.4946049897474722,913.8135375976562,909.1114501953124,914.9136352539062
2022-01-14,919.0315588194863,919.5767215680862,907.4176017618216,912.995849609375,1594300.0,914.1971069335938,922.9586975097657,921.8430603027343,47.43719583364617,1.6626724136901885,920.1510620117188,913.8135375976562,909.1114501953124
2022-01-17,908.3813451280612,915.0888372918772,896.6992355720174,909.7247924804688,2693245.0,913.1593383789062,919.4394592285156,922.9304656982422,45.927538842499565,0.7309865228642138,912.995849609375,920.1510620117188,913.8135375976562
2022-01-18,909.2575240615548,919.8590527084845,899.7171465064496,913.8427734375,2122640.0,914.1056030273437,916.6766357421875,923.6377197265625,48.16405076687823,0.3212027642554176,909.7247924804688,912.995849609375,920.1510620117188
2022-01-19,914.125097872254,921.7963547782548,906.3272800224566,912.1683349609376,1539435.0,913.7765625,914.6235046386719,923.9925659179687,47.307225813397956,-0.13708675716407015,913.8427734375,909.7247924804688,912.995849609375
2022-01-20,917.4350150547932,917.4350150547932,889.7873323819583,893.983154296875,1588695.0,908.5429809570312,911.7438659667969,922.9874145507813,39.15945432474127,-1.9452529393732902,912.1683349609376,913.8427734375,909.7247924804688
2022-01-21,888.083738755842,889.7873798003175,863.502632256982,875.4086303710938,2787740.0,901.025537109375,907.6113220214844,921.6001647949219,32.922302506961884,-4.821467635304657,893.983154296875,912.1683349609376,913.8427734375
2022-01-24,873.4518728697595,874.1723195701213,839.3596219892278,849.7469482421875,2782490.0,889.0299682617188,901.0946533203125,917.9733581542969,26.615180728215805,-9.067052451399604,875.4086303710938,893.983154296875,912.1683349609376
2022-01-25,849.7469484293975,860.3776519782813,837.4126038250645,857.2429809570312,1704510.0,877.710009765625,895.9078063964844,914.6541809082031,30.78640425157687,-11.692062988735302,849.7469482421875,875.4086303710938,893.983154296875
2022-01-27,845.0059667856104,849.902746473359,823.9781923011166,828.7191772460938,3527530.0,861.0201782226562,887.3983703613281,909.0389831542968,24.9701972346506,-15.890855438076187,857.2429809570312,849.7469482421875,875.4086303710938
2022-01-28,827.2491741270785,852.7940456214153,812.9678110275931,821.369140625,6514920.0,846.4973754882812,877.5201782226562,902.3597381591796,23.726318640714453,-19.585742979976658,828.7191772460938,857.2429809570312,849.7469482421875
2022-01-31,827.4730020265323,850.5743542802137,825.5454729953037,837.7630004882812,3092775.0,838.9682495117188,869.9968933105469,896.4777954101562,31.877540928796435,-20.94962624473692,821.369140625,828.7191772460938,857.2429809570312
2022-02-01,841.1118903017207,842.3580105118319,829.0403532939665,839.0578002929688,1858315.0,836.830419921875,862.9301940917969,891.1848266601562,32.49118228490319,-21.676164701428775,837.7630004882812,821.369140625,828.7191772460938
2022-02-02,842.0854398181283,862.4804690014266,840.1579106575981,859.6767578125,1525005.0,837.3171752929687,857.5135925292968,887.0951141357422,41.524495046976156,-20.353551043986158,839.0578002929688,837.7630004882812,821.369140625
2022-02-03,860.1926266909798,863.882264249278,848.8999447709718,851.7523193359375,1107685.0,841.9238037109375,851.4719909667969,883.0477478027344,39.345443673382164,-19.717514911140483,859.6767578125,839.0578002929688,837.7630004882812
2022-02-04,857.5739174342526,857.9536002623666,844.4218587559216,847.3326416015625,1234965.0,847.11650390625,846.8069396972656,879.2754028320312,38.143214698561195,-19.347061863805266,851.7523193359375,859.6767578125,839.0578002929688
2022-02-07,841.1119700897716,846.9530254376173,827.4925855439709,839.0092163085938,1279790.0,847.3657470703125,843.1669982910156,875.38916015625,35.91737686003475,-19.500318481271734,847.3326416015625,851.7523193359375,859.6767578125
2022-02-08,838.9701623396933,852.667443026771,833.3335658273354,841.4915771484375,1982015.0,847.8525024414063,842.3414611816406,871.7180572509766,37.096338469394944,-19.20014239113641,839.0092163085938,847.3326416015625,851.7523193359375
2022-02-09,841.5402093101852,855.7144994383717,839.4568855744873,850.6035766601562,994400.0,846.0378662109375,841.6775207519531,868.7926635742188,41.36095266627432,-18.019273500310646,841.4915771484375,839.0092163085938,847.3326416015625
2022-02-10,853.7674981898364,854.4976300297934,843.7792851122982,850.9832763671875,1189325.0,845.8840576171875,843.9039306640625,865.6511505126953,41.538814472455144,-16.858454039412663,850.6035766601562,841.4915771484375,839.0092163085938
2022-02-11,839.3595580809143,846.8652752158001,833.3530235697642,842.1632690429688,1687690.0,844.8501831054688,845.9833435058594,861.7517608642578,38.60926589715601,-16.460451296317387,850.9832763671875,850.6035766601562,841.4915771484375
2022-02-14,827.4827904038378,830.7148479624328,811.2738390362608,818.643310546875,2246930.0,840.777001953125,844.0713745117188,857.0341339111328,32.106577945902785,-17.837278300175285,842.1632690429688,850.9832763671875,850.6035766601562
2022-02-15,824.367515881129,836.1372673566281,815.5280363813457,832.8468017578125,1790055.0,839.048046875,843.4502746582032,853.190234375,38.80900538732592,-17.579673055029957,818.643310546875,842.1632690429688,850.9832763671875
2022-02-16,832.9343668988456,851.3921209297145,826.2269343198408,840.420654296875,1903065.0,837.0114624023438,841.5246643066406,849.5191284179688,42.09185148635531,-16.57332546036082,832.8468017578125,818.643310546875,842.1632690429688
2022-02-17,841.676572562798,844.0811116854281,835.8939257318825,837.41259765625,1145155.0,834.2973266601563,840.0906921386719,845.7813415527344,41.14765591692936,-15.83596561865727,840.420654296875,832.8468017578125,818.643310546875
2022-02-18,833.3238539320192,845.5900457716486,830.3254290354246,841.3358154296875,1790540.0,834.1318359375,839.4910095214843,843.148974609375,42.94527084767674,-14.764831953132102,837.41259765625,840.420654296875,832.8468017578125
2022-02-21,852.0151911167795,859.9298249917746,833.8300479406721,836.8771362304688,2939755.0,837.7786010742187,839.2778015136719,841.2223999023438,41.397675722855325,-14.113042584887467,841.3358154296875,837.41259765625,840.420654296875
2022-02-22,815.7909118497437,824.6790550201163,809.1223980315327,821.3496704101562,2404200.0,835.4791748046875,837.2636108398438,839.8025360107422,36.46885347590738,-14.680207246887221,836.8771362304688,841.3358154296875,837.41259765625
2022-02-23,829.4298192322308,829.5563801787689,815.9661706702499,817.9326782226562,1857420.0,830.9815795898437,833.9965209960938,837.8370208740234,35.46808632462326,-15.229851789087888,821.3496704101562,836.8771362304688,841.3358154296875
2022-02-24,788.5424327442539,807.817902549901,788.5326881455661,796.8172607421875,3485635.0,822.8625122070313,828.5799194335938,836.2419250488281,29.991078243901697,-17.17134618054638,817.9326782226562,821.3496704101562,836.8771362304688
2022-02-25,801.0032369969612,817.9423182879992,798.6862806971501,813.1915893554688,1527165.0,817.2336669921875,825.6827514648437,835.8330474853516,37.98811465029714,-17.190560914896878,796.8172607421875,817.9326782226562,821.3496704101562
2022-02-28,808.0126142428334,808.0126142428334,789.0291853539957,791.1514282226562,4914250.0,808.088525390625,822.9335632324219,833.5024688720703,32.59155786764552,-18.76790085793266,813.1915893554688,796.8172607421875,817.9326782226562
2022-03-02,790.7522657313777,791.1513783234124,744.7344709750561,750.21533203125,7703175.0,793.8616577148438,814.6704162597656,829.0603454589843,25.37989812175863,-23.055386824492416,791.1514282226562,813.1915893554688,796.8172607421875
2022-03-03,755.2484242961725,758.2176154678756,720.3968068742897,724.0669555664062,6673625.0,775.0885131835937,803.0350463867187,822.2798553466797,22.02707980064153,-28.237699173556734,750.21533203125,791.1514282226562,813.1915893554688
2022-03-04,722.3437175387303,754.2650580054215,711.4404042582639,745.445068359375,6040250.0,764.8140747070313,793.8382934570312,816.9644927978516,30.151402332454552,-30.270741740779954,724.0669555664062,750.21533203125,791.1514282226562
2022-03-07,729.9371237841171,738.2995932402256,714.1662642106531,733.9090576171875,3015430.0,748.957568359375,783.0956176757812,811.2933135986328,28.429967108816555,-32.43886721030856,745.445068359375,724.0669555664062,750.21533203125
2022-03-08,730.1318821927091,756.7963127907751,727.7662620245989,753.2138061523438,3920845.0,741.3700439453125,774.7292846679687,807.0035430908204,35.106870165868116,-32.22788737069243,733.9090576171875,745.445068359375,724.0669555664062
2022-03-09,759.6291522890212,775.1663791905545,755.8714213569102,765.2658081054688,4046845.0,744.3801391601562,769.1208984375,803.1922546386719,38.93690226782543,-30.733907142587782,753.2138061523438,733.9090576171875,745.445068359375
2022-03-10,773.9397934636169,776.1788526805466,754.5766817290257,757.8768920898438,3560495.0,751.1421264648437,763.1153198242188,798.5559204101562,37.47651152454038,-29.802595054663016,765.2658081054688,753.2138061523438,733.9090576171875
2022-03-11,757.9741896466351,778.0285135024944,754.0801531019963,774.0565795898438,5566315.0,756.8644287109375,760.8392517089844,794.709585571289,42.55714401413964,-27.442616552104596,757.8768920898438,765.2658081054688,753.2138061523438
2022-03-14,771.2139785895531,777.7656763087627,764.2047006616114,770.4935913085938,2850290.0,764.1813354492188,756.5694519042969,791.1261016845704,41.752532304607165,-25.56512116026147,774.0565795898438,757.8768920898438,765.2658081054688
2022-03-15,770.629838816914,778.6126259319892,755.443119461042,759.3079223632812,2356470.0,765.4001586914062,753.3851013183594,788.1593322753906,39.24400166401461,-24.69511265049175,770.4935913085938,774.0565795898438,757.8768920898438
2022-03-16,773.7450248739376,773.7450248739376,757.390083791404,767.8650512695312,1793880.0,765.9200073242188,755.1500732421875,784.9102447509765,42.10946558227918,-23.04943629674915,759.3079223632812,770.4935913085938,774.0565795898438
2022-03-17,772.012287407277,788.5424546652979,768.3323940980615,787.0140380859375,3862935.0,771.7474365234375,761.4447814941407,782.2399139404297,48.01777286674297,-19.96986258357083,767.8650512695312,759.3079223632812,770.4935913085938
2022-03-21,793.2152156408763,794.9578349857937,778.1744879186658,779.7710571289062,2008195.0,772.89033203125,764.8773803710938,779.3578369140625,46.10120577567389,-17.907302028979757,787.0140380859375,767.8650512695312,759.3079223632812
2022-03-22,782.8960344256313,789.8955672700034,772.9662296671579,784.7164916992188,6451110.0,775.734912109375,769.9581237792969,776.5268707275391,47.63798047665993,-15.692756363460717,779.7710571289062,787.0140380859375,767.8650512695312
2022-03-23,786.5954041222132,815.59622071282,786.5954041222132,803.5928955078125,5220570.0,784.5919067382813,774.9960327148438,774.8626586914063,53.131058643581966,-12.273068642343333,784.7164916992188,779.7710571289062,787.0140380859375
2022-03-24,800.8085675459547,846.6706267286083,798.5597638858105,842.766845703125,8690735.0,799.572265625,782.7461364746093,775.9335174560547,62.032729934983216,-6.328974615718266,803.5928955078125,784.7164916992188,779.7710571289062
2022-03-25,842.4748788342665,851.8205433135929,835.2708870435002,849.1823120117188,4321985.0,812.0059204101562,791.8766784667969,777.4959991455078,63.26328834745331,-1.0880207341645018,842.766845703125,803.5928955078125,784.7164916992188
2022-03-28,848.8610244339714,849.4743399263637,825.3702448703834,834.3849487304688,2484535.0,822.9286987304688,797.9095153808594,779.3743835449219,58.549632943628716,1.8501223669436513,849.1823120117188,842.766845703125,803.5928955078125
2022-03-29,836.0496283575479,848.0335233624762,826.9083633730512,841.8031005859375,2105420.0,834.3460205078125,805.0404663085938,780.8049591064453,60.1525202617597,4.722763721046476,834.3849487304688,849.1823120117188,842.766845703125
2022-03-30,847.4981012975308,850.1655067925211,834.1220954298873,847.8096313476562,3084130.0,843.1893676757812,813.8906372070312,783.6378692626953,61.45234629379928,7.3987414384887416,841.8031005859375,834.3849487304688,849.1823120117188
2022-03-31,847.5370101965781,854.2542468450654,833.3432901070838,836.3319702148438,3058595.0,841.902392578125,820.7373291015625,787.943701171875,57.58670978685564,8.495392135992802,847.8096313476562,841.8031005859375,834.3849487304688
2022-04-01,836.2443962027261,843.964316967628,830.013913604565,833.216796875,1569355.0,838.7092895507812,825.3576049804688,793.4011932373047,56.54701531688426,9.009273958653807,836.3319702148438,847.8096313476562,841.8031005859375
2022-04-04,845.0059508270527,845.0059508270527,831.3768225879068,840.5570068359375,1298870.0,839.943701171875,831.4361999511718,798.1567901611328,58.45054539788624,9.894761948122323,833.216796875,836.3319702148438,847.8096313476562
2022-04-05,844.7917315410829,858.2455746363216,837.7532205417599,843.0393676757812,2399325.0,840.1909545898437,837.2684875488281,803.6133056640625,59.10303311957696,10.673782611446882,840.5570068359375,833.216796875,836.3319702148438
2022-04-06,843.0588746125853,847.9264200780159,830.6563782735927,832.6909790039062,2059755.0,837.1672241210938,840.1782958984375,807.5871643066406,55.21059307006797,10.336975401065047,843.0393676757812,840.5570068359375,833.216796875
2022-04-07,836.244289210572,848.3255105974996,832.6909573459167,840.6055908203125,1397010.0,838.0219482421875,839.9621704101562,811.3541534423828,57.51515192319869,10.586659863743307,832.6909790039062,843.0393676757812,840.5570068359375
2022-04-08,846.3689085743497,871.8067083128686,842.4456380409522,862.5972900390625,3358875.0,843.898046875,841.3036682128907,816.5901733398438,63.18363947306119,12.415959481710843,840.6055908203125,832.6909790039062,843.0393676757812
2022-04-11,862.5290602174081,866.4230966066515,851.5186747035536,852.8912963867188,1077795.0,846.3649047851562,843.1543029785156,820.5319091796875,59.415729965643905,12.933411717461809,862.5972900390625,840.6055908203125,832.6909790039062
2022-04-12,852.0151453810951,858.2650569398794,842.7959836401025,851.304443359375,1855070.0,848.017919921875,844.1044372558594,824.5724517822266,58.7983643244336,13.064847139672679,852.8912963867188,862.5972900390625,840.6055908203125
2022-04-13,847.1476125534354,849.3574377586592,835.3876062402762,837.0620727539062,1847180.0,848.892138671875,843.0296813964844,828.4601593017578,53.432083581934684,11.882792939092042,851.304443359375,852.8912963867188,862.5972900390625
2022-04-18,832.3502630596106,840.810059338082,823.7249868747248,834.2875366210938,1698380.0,847.6285278320313,842.8252380371093,831.781283569336,52.4282396311205,10.599935136713725,837.0620727539062,851.304443359375,852.8912963867188
2022-04-19,839.164882566008,840.3525352015322,815.800663097813,819.6362915039062,1550720.0,839.036328125,841.4671875,833.4123962402343,47.36750632873959,8.305289839043894,834.2875366210938,837.0620727539062,851.304443359375
2022-04-20,821.0576119033994,845.0059123809859,820.288501674339,835.9328002929688,2252075.0,835.64462890625,841.0047668457031,836.2204833984375,52.8224276253723,7.712850038127499,819.6362915039062,834.2875366210938,837.0620727539062
2022-04-21,840.9171662077416,847.2547200876407,839.1648616749073,841.1702880859375,1972180.0,833.6177978515625,840.8178588867188,839.0431732177734,54.45614694042218,7.578597368038118,835.9328002929688,819.6362915039062,834.2875366210938
2022-04-22,836.6240782993009,837.0231909237491,811.3225839204805,816.3361206054688,1953715.0,829.472607421875,839.182373046875,839.6803344726562,46.2736335876172,5.4059746808590035,841.1702880859375,835.9328002929688,819.6362915039062
2022-04-25,808.0126279271517,813.7952748941087,790.6841762239374,801.2857055664062,1705680.0,822.8722412109375,835.2503845214844,837.6062774658203,42.140988704212084,2.441567960655334,816.3361206054688,841.1702880859375,835.9328002929688
2022-04-26,812.8801772841025,814.8758592488674,804.3230528563295,808.8984985351562,792225.0,820.7246826171875,829.8805053710937,835.5920867919922,44.82519280284804,0.6984912746906957,801.2857055664062,816.3361206054688,841.1702880859375
2022-04-27,808.8985362830236,810.6800748289452,792.9330204015758,793.8091430664062,993500.0,812.299951171875,823.9722900390625,833.5632965087891,40.78623345883752,-1.878836380192638,808.8984985351562,801.2857055664062,816.3361206054688
2022-04-28,798.2775104810594,808.3338767319218,794.6950039056799,802.5901489257812,1504805.0,804.5839233398438,819.1008605957031,831.6026489257813,43.95121911979229,-3.1762198431829347,793.8091430664062,808.8984985351562,801.2857055664062
2022-04-29,809.9596634281108,830.5980705818114,801.2175697285198,804.498291015625,2615175.0,802.216357421875,815.844482421875,829.4370819091797,44.64363615269746,-4.004275667781258,802.5901489257812,793.8091430664062,808.8984985351562
2022-05-02,802.5901443484051,807.0877518844408,792.4364510068528,802.930908203125,925300.0,802.5453979492188,812.7088195800782,827.7670288085938,44.16103333732186,-4.732437969329453,804.498291015625,802.5901489257812,793.8091430664062
2022-05-04,802.9503852534453,805.1700147750385,772.3822316826606,777.31787109375,1712475.0,796.2292724609375,808.4769775390625,824.9720825195312,37.102640964134,-7.2922098214974085,802.930908203125,804.498291015625,802.5901489257812
2022-05-05,788.5423818462064,793.3904382170406,769.266913284733,771.7590942382812,1264655.0,791.8192626953125,802.0596069335937,821.5321868896484,35.766519041237316,-9.658062163415707,777.31787109375,802.930908203125,804.498291015625
2022-05-06,765.139268617707,768.8483360815977,755.4430961477036,765.3047485351562,1197395.0,784.3621826171875,794.4730529785156,817.6454559326172,34.22536170303643,-11.916463374416708,771.7590942382812,777.31787109375,802.930908203125
2022-05-09,764.9834048772603,766.3365967264707,753.6225708225991,760.46630859375,886775.0,775.5557861328125,788.8860717773438,814.0342224121093,33.074811696992754,-13.936038297171535,765.3047485351562,771.7590942382812,777.31787109375
2022-05-10,759.3371135937723,765.9569637260618,757.3900953537883,762.0629272460938,1014140.0,767.3821899414063,784.9637939453125,810.1070892333985,33.86488986441944,-15.232145500314914,760.46630859375,765.3047485351562,771.7590942382812
2022-05-11,758.4609429454622,767.6995945435144,749.7967472991093,756.2316284179688,1356280.0,763.16494140625,779.6971069335938,804.7888061523438,32.362206871098394,-16.539203238350865,762.0629272460938,760.46630859375,765.3047485351562
2022-05-12,751.8410586808501,758.5972141453939,737.8906567773984,755.4430541992188,1468145.0,759.9017333984375,775.860498046875,799.9163940429687,32.154418934860686,-17.437676580605967,756.2316284179688,762.0629272460938,760.46630859375
2022-05-13,759.2203029350059,774.7185516041523,757.4874281676758,764.068359375,1092005.0,759.6544555664062,772.0083190917969,795.55458984375,36.92484434705057,-17.254830192787722,755.4430541992188,756.2316284179688,762.0629272460938
2022-05-16,763.8152186031167,770.0457006309065,751.7534859723663,757.0785522460938,1089575.0,758.976904296875,767.2663452148438,791.5554138183594,34.79000388039995,-17.472529686201483,764.068359375,755.4430541992188,756.2316284179688
2022-05-17,766.1322464856429,768.0695202747908,753.6908298837443,760.115966796875,1277320.0,758.5875122070313,762.9848510742188,787.8468353271485,36.507873449399746,-17.201673944099298,757.0785522460938,764.068359375,755.4430541992188
2022-05-18,762.0628777071372,775.8769735985506,755.8324553951744,760.46630859375,2500790.0,759.4344482421875,761.2996948242187,784.8883361816406,36.714958927878634,-16.765487063281512,760.115966796875,757.0785522460938,764.068359375
2022-05-19,756.6113695840403,781.6792317312159,745.5230854263183,765.0711669921875,9129055.0,761.3600708007813,760.6309020996093,781.3452545166016,39.507750452936676,-15.865346391958838,760.46630859375,760.115966796875,757.0785522460938
2022-05-20,773.9397772147149,837.0426476896358,773.9397772147149,827.3075561523438,12401575.0,774.00791015625,766.8311828613281,780.6521179199219,63.16654791030378,-10.014580105161258,765.0711669921875,760.46630859375,760.115966796875
2022-05-23,827.3075505184886,842.4748396674216,824.7958802818521,832.340576171875,3035360.0,789.0603149414062,774.0186096191406,781.4523406982422,64.3798194254362,-4.91502566118163,827.3075561523438,765.0711669921875,760.46630859375
2022-05-24,832.1361769146522,851.8205033396218,828.7385800814029,846.3883056640625,5054480.0,806.3147827148438,782.4511474609375,783.707470703125,67.5888387384226,0.25698003830655125,832.340576171875,827.3075561523438,765.0711669921875
2022-05-25,854.9551229941197,856.2985702894174,836.4974287079082,838.6683349609375,2500200.0,821.9551879882813,790.6948181152344,785.1959625244141,64.16757884083935,3.6903545896414016,846.3883056640625,832.340576171875,827.3075561523438
2022-05-26,840.3330907850817,846.758227259601,835.2026786690415,838.02587890625,2145360.0,836.5461303710938,798.9531005859375,787.4067993164062,63.87779547058091,6.287015027610892,838.6683349609375,846.3883056640625,832.340576171875
2022-05-27,841.1119233685902,858.4403747209992,831.1723733465341,854.83837890625,2171455.0,842.052294921875,808.0301025390625,790.0192108154297,67.95607564697626,9.590956794936119,838.02587890625,838.6683349609375,846.3883056640625
2022-05-30,857.4668375965922,861.8962922946059,847.1670942706663,850.9053955078125,2324015.0,845.7652587890625,817.4127868652344,792.339566040039,66.07664925131495,11.756474241313413,854.83837890625,838.02587890625,838.6683349609375
2022-05-31,847.9264340342532,856.4933023107595,843.1757048283372,850.77880859375,2380075.0,846.643359375,826.4790710449219,794.7319610595703,66.01336723624627,13.309029703406623,850.9053955078125,854.83837890625,838.02587890625
2022-06-01,846.9529437875248,849.221236699385,837.4319959676208,840.9171752929688,1772530.0,847.0931274414063,834.5241577148438,797.9119262695312,61.103778908525186,13.587066457936999,850.77880859375,850.9053955078125,854.83837890625
2022-06-02,837.821441700078,848.8999806040848,835.2708524751201,843.6722412109375,1639675.0,848.2223999023438,842.3842651367188,801.5075836181641,61.95506946442174,13.869840496020402,840.9171752929688,850.77880859375,850.9053955078125
2022-06-03,848.8415487389797,855.0622863074558,840.0994558112592,845.0059204101562,1423865.0,846.255908203125,844.1541015625,805.492642211914,62.38425408435108,14.03971661017124,843.6722412109375,840.9171752929688,850.77880859375
2022-06-06,843.4483866303268,847.6636386450948,831.5715626195589,838.3374633789062,566055.0,843.7423217773437,844.7537902832031,809.3861999511719,58.81177027044458,13.480856975059623,845.0059204101562,843.6722412109375,840.9171752929688
2022-06-07,829.4297625837744,832.3502899168158,798.9978582665574,806.8345947265625,3605015.0,834.9534790039063,840.7984191894532,811.6247833251953,45.543102401434105,10.37632663368754,838.3374633789062,845.0059204101562,843.6722412109375
2022-06-08,812.6853740910421,820.1424869730482,800.8085513438365,817.5821533203125,2264910.0,830.286474609375,838.6898010253906,814.6923095703125,49.71156220622729,8.683108657086336,806.8345947265625,838.3374633789062,845.0059204101562
2022-06-09,811.9260779753428,844.0323890549562,811.9260779753428,841.676513671875,3702930.0,829.8873291015625,839.0548645019531,819.0039825439453,57.55550405981117,9.179617807086515,817.5821533203125,806.8345947265625,838.3374633789062
2022-06-10,841.676572229213,849.6787890610552,833.6742959790867,847.2547607421875,2107480.0,830.3370971679688,838.2965026855469,823.1633026123047,59.14436262455637,9.90899804352648,841.676513671875,817.5821533203125,806.8345947265625
2022-06-13,841.6960011879867,847.926483617935,828.7483411633558,830.8316650390625,1839815.0,828.8359375,836.2891296386719,826.8509582519531,52.86941216143224,9.057422240561777,847.2547607421875,841.676513671875,817.5821533203125
2022-06-14,827.4827559282592,842.0756481994101,825.3507685686068,839.3693237304688,2035905.0,835.3428833007813,835.1481811523438,830.8136260986328,55.51187849425198,8.968081524270701,830.8316650390625,847.2547607421875,841.676513671875
2022-06-15,838.5223979459282,846.7777365294028,834.6964546958712,844.1297607421875,1585315.0,840.6524047851562,835.4694396972657,834.9967987060547,56.96086021303961,9.17563483837614,839.3693237304688,830.8316650390625,847.2547607421875
2022-06-16,846.9529214308491,848.7636341059347,832.4768457915796,834.7840576171875,1750035.0,839.2739135742188,834.5806213378906,838.4824432373047,53.291213234786106,8.488156019360417,844.1297607421875,839.3693237304688,830.8316650390625
2022-06-17,835.2708005728917,837.0036752766725,791.6673497517476,807.3700561523438,4764870.0,831.29697265625,830.8170349121094,837.4855682373047,44.279702992236366,5.665929978555937,834.7840576171875,844.1297607421875,839.3693237304688
2022-06-20,807.3700981886985,813.69790761341,799.6598630008097,808.363037109375,1387575.0,826.8032470703125,827.8195922851562,836.2866912841797,44.64483783071459,3.4694273736026844,807.3700561523438,834.7840576171875,844.1297607421875
2022-06-21,809.9791068902365,832.6521137401306,809.9791068902365,831.1139526367188,1191555.0,825.1521728515625,830.2475280761719,835.5229736328125,52.34944429366829,3.5238709887282766,808.363037109375,807.3700561523438,834.7840576171875
2022-06-22,833.5185674007035,846.7290940337782,809.9596334853806,829.6050415039062,2847785.0,822.2472290039062,831.4498168945313,835.0698089599609,51.83414712224812,3.4059991895426265,831.1139526367188,808.363037109375,807.3700561523438
2022-06-23,836.2443427120762,838.7170345118192,828.4562696716844,836.224853515625,1675510.0,822.5353881835938,830.9046508789063,834.9797576904297,53.97462006360978,3.802910855622031,829.6050415039062,831.1139526367188,808.363037109375
2022-06-24,841.5013392384118,851.3435025571686,835.6602842952991,839.0967407226562,1518295.0,828.8807250976563,830.0888488769531,834.19267578125,54.91077908008165,4.299639934101492,836.224853515625,829.6050415039062,831.1139526367188
2022-06-27,856.6588353074858,856.6588353074858,838.3568748057529,841.218994140625,1663765.0,835.4519165039062,831.1275817871094,833.7083557128906,55.62901294468883,4.809112961305232,839.0967407226562,836.224853515625,829.6050415039062
2022-06-28,842.9129399670219,852.7940823829523,839.5543806703494,851.74267578125,1412215.0,839.5776611328125,832.3649169921875,833.7565490722657,59.107511521069505,5.992964005673798,841.218994140625,839.0967407226562,836.224853515625
2022-06-29,848.335348055755,858.3917144636825,843.9156377948885,849.7469482421875,1905735.0,843.6060424804688,832.9266357421875,834.1980377197266,58.17607051034507,6.692983407624979,851.74267578125,841.218994140625,839.0967407226562
2022-06-30,850.798319438858,859.6085652168236,847.1476601868047,855.4808959960938,1845325.0,847.4572509765625,834.9963195800781,834.7884704589844,60.12053137926596,7.622567279463965,849.7469482421875,851.74267578125,841.218994140625
2022-07-01,853.7675245066404,855.7145428065415,835.2805952560045,853.9427490234375,1523995.0,850.4264526367188,839.6535888671875,835.2353118896484,59.32376343110355,8.141305685171801,855.4808959960938,849.7469482421875,851.74267578125
2022-07-04,849.308835073013,858.8784466441213,836.4390726449249,847.8193969726562,1303490.0,851.746533203125,843.5992248535156,835.7094085693359,56.13432914158464,7.966473723368722,853.9427490234375,855.4808959960938,849.7469482421875
2022-07-05,849.8539682831096,869.8303943387401,847.1865628146701,855.5587768554688,2434495.0,852.5097534179688,846.0437072753906,838.1456176757813,59.125485979041386,8.356097519179116,847.8193969726562,853.9427490234375,855.4808959960938
2022-07-06,855.7145369753479,865.1186091557425,852.6674486033041,854.7410278320312,1678505.0,853.5085693359375,848.5573059082031,840.0035614013672,58.67025590484097,8.500898604976442,855.5587768554688,847.8193969726562,853.9427490234375
2022-07-07,861.8962694705574,865.0601740879664,842.6694644878411,844.314697265625,2161110.0,851.2753295898438,849.3662902832032,840.1354705810547,53.06073672811504,7.685740338067603,854.7410278320312,855.5587768554688,847.8193969726562
2022-07-08,843.058872565873,859.5987825103273,838.0745107748351,857.8951416015625,2089480.0,852.0658081054687,851.2461303710937,840.6674896240235,58.61152038227623,8.042837080671688,844.314697265625,854.7410278320312,855.5587768554688
2022-07-11,858.4735449174175,895.6322496866917,852.7786850670319,882.360595703125,4797040.0,858.9740478515625,855.3602905273438,843.2439361572266,66.33511037826001,10.182617624082468,857.8951416015625,844.314697265625,854.7410278320312
2022-07-12,876.3030477060406,889.8099356070162,867.6578282141382,878.9691162109375,2079370.0,863.6561157226563,858.0829345703125,845.22392578125,64.53719027039102,11.47249726271616,882.360595703125,857.8951416015625,844.314697265625
2022-07-13,881.0863066464242,888.9669544973889,872.3626561546347,882.4781494140625,1893835.0,869.2035400390625,861.3560546875,847.1413452148438,65.57677863203506,12.632268890240084,878.9691162109375,882.360595703125,857.8951416015625
2022-07-14,883.3407368833168,903.3364297810396,882.7624027175035,896.9456787109375,4423835.0,879.729736328125,865.5025329589844,850.2494262695312,69.54130358327646,14.55106929571184,882.4781494140625,878.9691162109375,882.360595703125
2022-07-15,900.8664005330044,904.2284202682064,886.281276072201,891.1821899414062,1504725.0,886.3871459960938,869.2264770507812,854.4400329589844,66.26704471209752,15.428813309315842,896.9456787109375,882.4781494140625,878.9691162109375
2022-07-18,897.0633186846611,904.4734983270384,873.4016913192924,875.5188598632812,2337315.0,885.018798828125,871.9964233398438,857.7978240966797,58.241312400418614,14.691181139276978,891.1821899414062,896.9456787109375,882.4781494140625
2022-07-19,873.8917926441762,881.7724409800987,869.4515955787011,871.9510498046875,1961920.0,883.615185546875,873.6356506347656,859.8396789550782,56.560938290544094,13.661231700648841,875.5188598632812,891.1821899414062,896.9456787109375
2022-07-20,880.2042068297501,880.5963039033497,870.4023782458999,874.0780639648438,1130700.0,881.9351684570313,875.5693542480469,862.063330078125,57.350957146098445,12.86828404839548,871.9510498046875,875.5188598632812,891.1821899414062
2022-07-21,876.0873194729212,879.5865790275074,853.9352135189619,856.8953247070312,3126100.0,873.92509765625,876.8274169921875,863.0968536376953,49.51642596498052,10.729678806851211,874.0780639648438,871.9510498046875,875.5188598632812
2022-07-22,861.384569983838,863.8938353761907,853.347059643681,857.3658447265625,1806315.0,867.1618286132813,876.7744873046875,864.0103088378906,49.71898274677308,8.969392208260842,856.8953247070312,874.0780639648438,871.9510498046875
2022-07-25,858.179470957518,860.7671080680549,842.9572034395779,848.9461059570312,1726910.0,861.8472778320313,873.4330383300781,864.3966644287109,46.150540436033616,6.816374917684811,857.3658447265625,856.8953247070312,874.0780639648438
2022-07-26,848.6031116475976,848.6031116475976,822.187171941606,825.7060546875,2971165.0,852.5982788085937,868.1067321777343,863.0948333740234,38.03583825185687,3.197951299091983,848.9461059570312,857.3658447265625,856.8953247070312
2022-07-27,824.912083362704,842.9572227021639,816.1001895835016,840.2225341796875,1866270.0,845.8271728515625,863.8811706542969,862.6186126708984,44.58967201945218,1.484569890179955,825.7060546875,848.9461059570312,857.3658447265625
2022-07-28,845.7017000938791,845.8781258171826,822.3733616336369,835.1255493164062,2832835.0,841.4732177734375,857.6991577148438,861.6008453369141,42.874944431307505,-0.2813382100576973,840.2225341796875,825.7060546875,848.9461059570312
2022-07-29,820.0111589858546,820.0111589858546,795.0458718384348,801.858154296875,9872475.0,830.3716796875,848.7667541503906,858.996615600586,33.7517440970191,-4.315487598296954,835.1255493164062,840.2225341796875,825.7060546875
2022-08-01,811.5521298608267,811.5521298608267,803.8478479913366,805.7984619140625,2136850.0,821.7421508789063,841.7947143554687,856.8955688476562,35.50233100815788,-7.112640071491683,801.858154296875,835.1255493164062,840.2225341796875
2022-08-02,809.2389345578864,809.2389345578864,798.1040717740457,800.8878173828125,2635115.0,816.7785034179688,834.6883911132812,854.1620208740235,34.28635880702524,-9.61481789689799,805.7984619140625,801.858154296875,835.1255493164062
2022-08-03,802.7598676438784,804.5339960433679,791.9876687023142,803.0245361328125,2600985.0,809.3389038085937,827.5830383300781,851.5761962890625,35.32436754280975,-11.295192556154802,800.8878173828125,805.7984619140625,801.858154296875
2022-08-04,805.7102883217433,815.3748766921271,801.6033198605094,813.14990234375,3006675.0,804.9437744140625,823.20849609375,850.0179565429687,40.14900735277954,-11.675283744658373,803.0245361328125,800.8878173828125,805.7984619140625
2022-08-05,814.5319294251315,822.1381577365062,812.3461408646124,814.8945922851562,2075395.0,807.5510620117187,818.9613708496094,847.8679290771485,40.966186455273466,-11.700846774574302,813.14990234375,803.0245361328125,800.8878173828125
2022-08-08,814.8946103474934,830.0188245277551,814.8946103474934,827.9310302734375,2041885.0,811.9775756835937,816.85986328125,845.146450805664,46.81005944565196,-10.547588035134595,814.8945922851562,813.14990234375,803.0245361328125
2022-08-10,831.9007275210106,835.899890145318,826.2058677760641,831.8419189453125,2108115.0,818.1683959960938,817.4734497070312,842.7900909423828,48.458444411414206,-9.211857584140489,827.9310302734375,814.8945922851562,813.14990234375
2022-08-11,835.11569812429,838.6443320734458,830.3912101178005,834.7824096679688,1285185.0,824.519970703125,816.9294372558594,840.4053039550781,49.72013336425821,-7.825797628031296,831.8419189453125,827.9310302734375,814.8945922851562
2022-08-12,834.7236220151293,840.9183842932803,827.4703054210678,835.2725219726562,2021290.0,828.9444946289062,816.9441345214843,837.321646118164,49.94009416028899,-6.611573061155468,834.7824096679688,831.8419189453125,827.9310302734375
2022-08-16,838.0562479767317,846.6818441779205,835.6645996830487,842.52587890625,1314065.0,834.470751953125,821.0109069824218,834.8888305664062,53.20294917897243,-5.006296587434463,835.2725219726562,834.7824096679688,831.8419189453125
2022-08-17,846.4760661535901,848.8186575105401,841.339858176262,846.0741577148438,2169055.0,838.0993774414062,825.0384765625,833.4165954589844,54.75650639582951,-3.4084959513556896,842.52587890625,835.2725219726562,834.7824096679688
2022-08-18,831.194973306961,831.194973306961,810.2876584654165,828.2740478515625,5137920.0,837.3858032226562,827.777099609375,831.2327453613282,46.42944300724819,-3.537766371426301,846.0741577148438,842.52587890625,835.2725219726562
2022-08-19,829.6267549480601,832.586866355106,820.4130125967766,824.1376953125,1928705.0,835.2568603515625,829.8884155273438,828.735726928711,44.72725346917372,-3.9286956338976324,828.2740478515625,846.0741577148438,842.52587890625
2022-08-22,817.2960283158276,829.2248362237369,815.5120884432847,820.7952880859375,1692810.0,832.3614135742188,830.6529541015625,826.9307250976562,43.344406868948894,-4.456838559788821,824.1376953125,828.2740478515625,846.0741577148438
2022-08-23,812.5715159987323,830.2539916251044,812.5715159987323,828.2838745117188,1398150.0,829.5130126953125,831.9918823242188,825.4766265869141,47.27740484655718,-4.222455455683644,820.7952880859375,824.1376953125,828.2740478515625
2022-08-24,832.4300857681912,832.4300857681912,822.7654973529903,826.8920288085938,1467185.0,825.6765869140625,831.8879821777343,824.3739227294922,46.6294905938365,-4.1017332455292035,828.2838745117188,820.7952880859375,824.1376953125
2022-08-25,831.0284319398647,835.8803489510271,825.706046310858,830.7833862304688,1552875.0,826.1784545898438,831.78212890625,824.6277893066406,48.744438211401274,-3.6499852438566904,826.8920288085938,828.2838745117188,820.7952880859375
2022-08-26,837.664223345317,838.0563204079166,825.7354150446004,827.9212036132812,818685.0,826.93515625,831.0960083007812,824.0127227783203,47.260958228350205,-3.4827786109387944,830.7833862304688,826.8920288085938,828.2838745117188
2022-08-29,817.4724264306145,827.911396813479,814.9533495441954,825.3433227539062,966050.0,827.8447631835937,830.1030883789062,823.5236114501953,45.90584740079286,-3.5177293960280167,827.9212036132812,830.7833862304688,826.8920288085938
2022-08-30,826.0980409141363,835.4294001905223,821.9127010950829,832.1849975585938,2359905.0,828.6249877929688,829.0690002441406,825.0399536132812,50.00316016196626,-2.9592497771794797,825.3433227539062,827.9212036132812,830.7833862304688
2022-09-01,826.4901958440471,829.7247873025492,822.775264532764,823.7652587890625,1656700.0,827.9996337890625,826.8381103515625,825.9382934570312,45.4415057411529,-3.159630948845688,832.1849975585938,825.3433227539062,827.9212036132812
2022-09-02,827.8917898620901,829.626732534439,818.2467649416277,821.3833618164062,1008280.0,826.11962890625,826.1490417480469,826.9630706787109,44.212706130753894,-3.47062642932201,823.7652587890625,832.1849975585938,825.3433227539062
2022-09-05,822.3733539118043,827.1860250470666,814.5318916575798,826.1470336914062,1581715.0,825.764794921875,826.3499755859375,828.1191955566406,47.283017662230186,-3.2947245458852876,821.3833618164062,823.7652587890625,832.1849975585938
2022-09-06,829.2346453400692,833.5474735723183,820.413000176877,831.0382080078125,1129375.0,826.9037719726563,827.374267578125,829.0136108398438,50.30712536288861,-2.72918381372574,826.1470336914062,821.3833618164062,823.7652587890625
2022-09-07,826.294087893327,836.2919642671225,825.7648107265577,833.0181274414062,1073975.0,827.0703979492188,827.8476928710937,829.9197875976563,51.5194891626088,-2.097052244667566,831.0382080078125,826.1470336914062,821.3833618164062
2022-09-08,842.3593197956144,842.3593197956144,833.6846660281274,837.3995971679688,1577545.0,829.797265625,828.8984497070312,830.3932159423828,54.183394161137926,-1.228375484515368,833.0181274414062,831.0382080078125,826.1470336914062
2022-09-09,837.566168227007,846.7799100991272,832.3810229650206,834.1551513671875,1570630.0,832.3516235351562,829.2356262207031,830.5088775634765,51.90883007381678,-0.7926058874838873,837.3995971679688,833.0181274414062,831.0382080078125
2022-09-12,835.1157026000835,842.9571645963284,832.1163457795441,835.3411254882812,1262745.0,834.1904418945312,829.9776184082032,830.5368133544922,52.690635105789596,-0.34755079311298687,834.1551513671875,837.3995971679688,833.0181274414062
2022-09-13,835.9097265804047,844.3197121107792,830.6069637317062,833.7239379882812,2209365.0,834.727587890625,830.8156799316406,830.4593841552735,51.46209199058459,-0.12390662181837797,835.3411254882812,834.1551513671875,837.3995971679688
2022-09-14,816.5608482234204,835.5959804190151,816.5608482234204,826.12744140625,1723540.0,833.3494506835938,830.2099243164063,829.6394622802734,46.032589578612324,-0.5532631195492286,833.7239379882812,835.3411254882812,834.1551513671875
2022-09-15,830.2638506650742,830.2638506650742,811.8560483050634,817.2764282226562,1881365.0,829.3248168945313,829.5610412597656,828.199575805664,40.65102650663115,-1.5894122749293729,826.12744140625,833.7239379882812,835.3411254882812
2022-09-16,820.4129955406394,820.4129955406394,796.0652287045522,799.3096313476562,1893520.0,822.355712890625,827.3536682128906,826.7513549804687,32.376619452349345,-3.8163458394018335,817.2764282226562,826.12744140625,833.7239379882812
2022-09-19,797.8687696893151,805.9160917168894,783.5581252688654,803.583251953125,1506440.0,816.0041381835938,825.0972900390625,825.7236328125,35.72780509499276,-5.176687634043333,799.3096313476562,817.2764282226562,826.12744140625
2022-09-20,806.1023229331595,830.8028805382296,804.9456546338724,826.4901123046875,2957845.0,814.557373046875,824.64248046875,826.0083740234375,50.023921380790405,-4.356161004831051,803.583251953125,799.3096313476562,817.2764282226562
2022-09-21,827.2644176399048,836.8996306842699,810.18965113294,814.0907592773438,1894725.0,812.1500366210937,822.7497436523438,825.2987182617187,44.28219817723961,-4.652777579511735,826.4901123046875,803.583251953125,799.3096313476562
2022-09-22,805.7299147785128,827.6859744309527,805.3966262906782,819.9033203125,2391915.0,812.6754150390625,821.0001159667969,824.9492828369141,47.33394493910796,-4.368466293855818,814.0907592773438,826.4901123046875,803.583251953125
2022-09-23,816.1001902722991,826.2451183331672,809.5330132527054,811.4345703125,1659940.0,815.1004028320312,818.7280578613281,823.9818420410156,43.5880274776804,-4.771501995477365,819.9033203125,814.0907592773438,826.4901123046875
2022-09-26,807.5138365657926,815.2768677087766,801.652302651164,809.2095336914062,2055290.0,816.2256591796875,816.1148986816406,823.0462585449219,42.63339123948899,-5.210390415291158,811.4345703125,819.9033203125,814.0907592773438
2022-09-27,813.2576548208623,823.3535253691962,808.7095924178197,819.7464599609375,1485445.0,814.8769287109375,814.7171508789063,822.7664154052734,48.39715064866752,-4.65431867238749,809.2095336914062,811.4345703125,819.9033203125
2022-09-28,819.0701289105453,842.3690923846938,819.0701289105453,837.0172729492188,3133240.0,819.4622314453125,815.8061340332031,823.0080291748047,56.170325488321566,-2.787880587886093,819.7464599609375,809.2095336914062,811.4345703125
2022-09-29,841.2418751769701,863.9331305786346,840.2126952179023,854.8566284179688,5442790.0,826.4528930664062,819.5641540527344,824.56259765625,62.46051989883232,0.12928165916343914,837.0172729492188,819.7464599609375,809.2095336914062
2022-09-30,859.1399961042989,863.541007101881,837.4779213247668,849.9556884765625,3164565.0,834.1571166992187,824.628759765625,825.9912139892579,59.916462577602836,2.022376168971391,854.8566284179688,837.0172729492188,819.7464599609375
2022-10-03,845.897745311193,870.2062664674125,845.3880311176796,866.4129638671875,3476290.0,845.597802734375,830.9117309570313,828.0045104980469,65.06253534330534,4.795353936660376,849.9556884765625,854.8566284179688,837.0172729492188
2022-10-04,871.5785373298797,872.3430487866725,857.8657898508606,865.2955322265625,1543270.0,854.7076171875,834.7922729492187,829.7173767089844,64.45743056555062,6.824127111675466,866.4129638671875,849.9556884765625,854.8566284179688
2022-10-06,869.62798577734,871.9608255797788,856.6601269165806,862.08056640625,1231195.0,859.7202758789062,839.5912536621094,831.1704986572265,62.6520249438311,8.079389424250053,865.2955322265625,866.4129638671875,849.9556884765625
2022-10-07,860.6004696749768,864.2369692788179,857.0718356429993,857.9833984375,1338865.0,860.3456298828125,843.3992614746094,832.1996887207031,60.33277685447483,8.643944624067785,862.08056640625,865.2955322265625,866.4129638671875
2022-10-10,852.7590398919093,860.2084052756634,846.8779430650685,858.64013671875,1218745.0,862.08251953125,848.1198181152344,833.4239379882813,60.584643582316595,9.04014283867923,857.9833984375,862.08056640625,865.2955322265625
2022-10-11,860.0124087050524,860.208397403665,833.5474732264568,839.5755615234375,1486910.0,856.7150390625,851.1564208984375,833.6356597900391,50.55043003994396,7.726712161171122,858.64013671875,857.9833984375,862.08056640625
2022-10-12,842.957180479802,844.9175460158016,826.3038848235833,831.42041015625,1470100.0,849.9400146484375,852.3238159179688,833.5204833984375,46.96696742102964,5.9590639468103745,839.5755615234375,858.64013671875,857.9833984375
2022-10-13,833.1455813273067,844.7215379791203,831.4498842015979,834.0669555664062,1513920.0,844.3372924804687,852.0287841796875,833.9174591064453,48.24908560255317,4.717365248086594,831.42041015625,839.5755615234375,858.64013671875
2022-10-14,843.9374160966566,850.7986959023204,835.7136678000069,845.0744018554688,1244005.0,841.7554931640625,851.0505615234375,835.3073577880859,53.30546402213569,4.568852122594649,834.0669555664062,831.42041015625,839.5755615234375
2022-10-17,843.937444102083,857.4639556312793,839.5266212235007,849.8577270507812,1050700.0,839.9990112304688,851.0407653808594,837.8347625732422,55.34719403170707,4.782004793443889,845.0744018554688,834.0669555664062,831.42041015625
2022-10-18,854.1117107968115,857.3952993147939,849.8576910331528,854.0430908203125,721180.0,842.8925170898438,849.8037780761719,840.3577545166015,57.114183330216285,5.228384140613798,849.8577270507812,845.0744018554688,834.0669555664062
2022-10-19,854.7291847067575,861.3944155610021,843.9471742636647,846.2702026367188,860840.0,845.8624755859375,847.9012451171875,841.3467590332032,52.92544191909942,4.898469367874782,854.0430908203125,849.8577270507812,845.0744018554688
2022-10-20,843.9373462867468,853.7391737697519,839.0364325452441,852.57275390625,1287620.0,849.5636352539062,846.9504638671875,843.2708587646484,55.758699836114594,5.086933742724341,846.2702026367188,854.0430908203125,849.8577270507812
2022-10-21,853.7392283156457,860.3946480646063,844.6431031139688,848.9951171875,1002975.0,850.3477783203125,846.0516357421875,844.7254486083984,53.77997682026981,4.891224739840482,852.57275390625,846.2702026367188,854.0430908203125
2022-10-24,855.6603816885614,859.4242500637189,853.7392019013689,858.1500244140625,158840.0,852.0062377929687,846.0026245117188,847.0612213134766,57.897384192348746,5.412457012180312,848.9951171875,852.57275390625,846.2702026367188
2022-10-25,860.5906795631812,877.7536898149662,856.8758083205026,870.8629760742188,3118275.0,855.37021484375,849.1313659667969,850.1438934326172,62.84693169007368,6.773288047306096,858.1500244140625,848.9951171875,852.57275390625
2022-10-27,874.3230609663917,885.8892060858027,872.4313153341812,880.4393920898438,2207370.0,862.204052734375,854.0332641601562,853.1785400390625,66.08162252687734,8.526208363282763,870.8629760742188,858.1500244140625,848.9951171875
2022-10-28,879.2239577445861,882.7035946646295,868.4419471144963,874.313232421875,1767930.0,866.5521484375,858.0578918457031,855.0433380126954,62.34231642536969,9.313717715810867,880.4393920898438,870.8629760742188,858.1500244140625
2022-10-31,888.2416764269041,906.6691013320992,851.7102438701169,869.1672973632812,9128805.0,870.5865844726562,860.4671813964844,855.7588714599609,59.30651475338828,9.414071047552625,874.313232421875,880.4393920898438,870.8629760742188
2022-11-01,869.4711276231408,897.8474312190391,869.4711276231408,889.0845947265625,5350980.0,876.7734985351562,864.3898681640625,857.7153167724609,66.17260891080551,10.974256825930524,869.1672973632812,874.313232421875,880.4393920898438
2022-11-02,890.9959309307776,910.5897745263684,890.9959309307776,893.0739135742188,3708780.0,881.2156860351563,868.2929504394531,859.0483642578125,67.3605125760297,12.389798106513354,889.0845947265625,869.1672973632812,874.313232421875
2022-11-03,893.0739796057719,901.7681964529156,887.5261113295994,899.7882080078125,1766075.0,885.08544921875,873.6447509765625,860.772998046875,69.31369848432378,13.893259371114027,893.0739135742188,889.0845947265625,869.1672973632812
2022-11-04,899.8175864726697,901.768140595992,884.6051308697255,887.0850219726562,2463380.0,887.6398071289062,877.0959777832031,862.0232208251953,61.78097585610201,13.89949755144562,899.7882080078125,893.0739135742188,889.0845947265625
2022-11-07,888.2417072305012,891.4371128813515,871.2649331544994,879.312255859375,2100085.0,889.668798828125,880.1276916503906,863.0896636962891,57.65242084066668,13.125936463734888,887.0850219726562,899.7882080078125,893.0739135742188
2022-11-09,890.0060312409993,895.0637484432839,882.1841912119543,889.0062255859375,3565560.0,889.653125,883.2133117675781,864.6079681396484,61.140241548312446,13.143594889285737,879.312255859375,887.0850219726562,899.7882080078125
2022-11-10,889.9961493029705,904.9047508647382,887.6534981099347,891.8585205078125,2959765.0,889.4100463867187,885.3128662109375,867.2221160888672,62.12859976927965,13.23517877897757,889.0062255859375,879.312255859375,887.0850219726562
2022-11-11,896.318378854802,897.6514131296854,882.5566336216234,889.898193359375,1625215.0,887.4320434570312,886.2587463378907,870.1460052490235,60.98064414823405,12.999724916849573,891.8585205078125,889.0062255859375,879.312255859375
2022-11-14,862.5608232518404,878.9985071755044,845.8977164390207,855.4348754882812,3722425.0,881.1020141601563,884.3709106445312,871.2144012451172,45.17681415240698,9.91789696202568,889.898193359375,891.8585205078125,889.0062255859375
2022-11-15,856.1308779254663,870.9120514853812,855.4447379917684,869.1672973632812,1872600.0,879.0730224609375,884.3709106445312,872.4190460205078,50.663537730422156,8.485798777055152,855.4348754882812,889.898193359375,891.8585205078125
2022-11-16,869.1574573007096,890.976335553988,861.2278121134391,878.4398193359375,2610960.0,876.9597412109375,883.3064331054687,873.8481506347656,54.01044325137501,8.006768632494527,869.1672973632812,855.4348754882812,889.898193359375
2022-11-17,878.4300237918425,879.9002979882721,859.1007879134643,866.7364501953125,1561865.0,871.9353271484375,880.6726867675782,874.4828186035156,49.450649836040824,6.606612791407201,878.4398193359375,869.1672973632812,855.4348754882812
2022-11-18,867.2167006573768,869.333869104858,857.7579130522607,864.3349609375,1693670.0,866.8226806640625,877.1273620605468,875.3860565185547,48.54498762201537,5.2427637695171825,866.7364501953125,878.4398193359375,869.1672973632812
2022-11-21,858.6400838862468,861.1885350908262,846.3976109837557,852.7295532226562,2153040.0,866.2816162109375,873.6918151855468,875.393896484375,44.32059509216177,3.188686982869058,864.3349609375,866.7364501953125,878.4398193359375
2022-11-22,856.9933513264132,863.0704960732542,848.0540898270926,855.2094116210938,2015475.0,863.4900390625,871.2815307617187,875.7046112060547,45.41368235398949,1.7408527119191604,852.7295532226562,864.3349609375,866.7364501953125
2022-11-23,858.6401145878546,866.4815768215336,854.719383471015,863.66845703125,1964345.0,860.5357666015625,868.74775390625,875.9805328369141,49.08549829362387,1.2614664900544312,855.2094116210938,852.7295532226562,864.3349609375
2022-11-24,867.9910666871581,870.3925265441312,857.8265757023927,865.2760009765625,1188110.0,860.2436767578125,866.089501953125,875.7011840820312,49.77689427525934,0.9997404316376333,863.66845703125,855.2094116210938,852.7295532226562
2022-11-25,867.2363650225162,869.4123421471193,860.4044597190328,866.109130859375,1477045.0,860.5985107421875,863.710595703125,874.9846710205078,50.15467891209129,0.8497518530837169,865.2760009765625,863.66845703125,855.2094116210938
2022-11-28,865.4523960139267,871.8529584465305,859.9143393866156,862.9529418945312,1530840.0,862.6431884765625,864.46240234375,874.4166564941406,48.6613354026158,0.4707798943080661,866.109130859375,865.2760009765625,863.66845703125
2022-11-29,863.560680930946,877.9889432199658,863.3548210030252,873.0194091796875,2045690.0,866.2051879882813,864.8476135253907,874.609262084961,53.424589287841684,0.9715225602449209,862.9529418945312,866.109130859375,865.2760009765625
2022-11-30,876.2834269380752,885.6834063534424,870.5983786389457,879.6454467773438,4256840.0,869.4005859375,864.9681762695312,874.1373046875,56.29877152360608,1.8813436304044444,873.0194091796875,862.9529418945312,866.109130859375
2022-12-01,884.0464461453171,888.3984601305674,871.7353526828555,877.1361694335938,1936730.0,871.7726196289062,866.0081481933594,873.3404174804688,54.91666593448348,2.372556320282797,879.6454467773438,873.0194091796875,862.9529418945312
2022-12-02,879.2141513802478,886.8693765784317,874.3524830294073,884.2033081054688,2080040.0,875.391455078125,867.9949829101563,872.5611724853516,58.0409303751559,3.294132238367979,877.1361694335938,879.6454467773438,873.0194091796875
2022-12-05,888.0259818826411,888.4377017274626,872.3921142964543,878.1261596679688,1961695.0,878.4260986328125,870.5346435546875,872.1132293701172,54.54072459449066,3.49383791435082,884.2033081054688,877.1361694335938,879.6454467773438
2022-12-06,874.3427076784209,877.1558276161372,854.5331911351728,857.503173828125,1742295.0,875.3228515625,870.7640197753906,871.0227752685547,44.69115647755529,1.9653481870636824,878.1261596679688,884.2033081054688,877.1361694335938
2022-12-07,855.6996287301993,859.2282630627589,846.877983073187,855.0134887695312,1661035.0,870.3964599609375,869.8985229492188,869.3231384277344,43.665937524261,0.5468090150044418,857.503173828125,878.1261596679688,884.2033081054688
2022-12-08,857.4541244189376,858.4931158355286,849.0441987325289,853.9744873046875,1386625.0,865.7641235351563,868.7683715820312,867.4289367675781,43.22034317526897,-0.6536968237190877,855.0134887695312,857.503173828125,878.1261596679688
2022-12-09,857.6599409951468,865.4622175384479,853.5921584876118,863.9526977539062,1539865.0,861.7140014648437,868.5527282714844,866.1316619873047,48.640804844296426,-0.7908319398899266,853.9744873046875,855.0134887695312,857.503173828125
2022-12-12,856.101419045007,874.8915660886124,856.101419045007,872.8037719726562,1367975.0,860.6495239257813,869.5378112792969,867.0001068115234,52.93307769720902,-0.18319305402792452,863.9526977539062,853.9744873046875,855.0134887695312
2022-12-13,872.401871220035,877.1949794341688,870.5003142092978,873.9603881835938,1087545.0,863.940966796875,869.6319091796875,867.2397613525391,53.480200633113526,0.3872306489190578,872.8037719726562,863.9526977539062,853.9744873046875
2022-12-14,877.263603511234,884.8110230149442,872.6273580245821,883.0564575195312,1392005.0,869.549560546875,869.9730102539063,867.4705932617187,57.64962020151436,1.5553432902894428,873.9603881835938,872.8037719726562,863.9526977539062
2022-12-15,879.4494069563771,887.5751607718613,874.5191185118615,876.0775756835938,1209055.0,873.9701782226563,869.8671508789063,867.9376495361328,53.674736259321215,1.8960866287779936,883.0564575195312,873.9603881835938,872.8037719726562
2022-12-16,869.3240885251566,874.0975736416646,835.3607329473623,844.7410888671875,16783045.0,870.1278564453125,865.9209289550781,866.9579559326172,40.25377180172847,-0.3583337680602199,876.0775756835938,883.0564575195312,873.9603881835938
2022-12-19,851.7690001875158,864.2565188773519,845.9075264740679,861.7864990234375,1661755.0,867.9244018554688,864.286962890625,867.4108032226562,47.88689989202837,-0.7607861603200945,844.7410888671875,876.0775756835938,883.0564575195312
2022-12-20,858.6401000028144,860.6004655279351,844.5450670911488,856.6307373046875,1214105.0,864.4584716796875,864.1997192382812,867.4818695068359,45.97365249672533,-1.478713771018647,861.7864990234375,844.7410888671875,876.0775756835938
2022-12-21,858.6303263584026,869.4221486208219,853.4255580533701,864.0409545898438,1739615.0,860.65537109375,865.1024658203125,867.5004943847656,49.12012016623888,-1.4332127849037306,856.6307373046875,861.7864990234375,844.7410888671875
2022-12-22,868.4419137695344,873.5388760186305,845.9173333895482,852.6119384765625,1737350.0,855.9622436523438,864.9662109375,866.8672912597656,44.78762319839179,-2.29294734003372,864.0409545898438,856.6307373046875,861.7864990234375
2022-12-23,847.867915303585,866.0894796643304,841.2418701449108,845.0057983398438,2498780.0,856.015185546875,863.0715209960938,865.812124633789,42.12471621828393,-3.547155707922002,852.6119384765625,864.0409545898438,856.6307373046875
2022-12-26,849.2401741341138,852.1709710310963,829.2444804218695,832.8809204101562,1593040.0,850.2340698242188,859.0792358398437,864.3085235595703,38.22328687683809,-5.456600894157873,845.0057983398438,852.6119384765625,864.0409545898438
2022-12-27,837.0369527058423,837.0369527058423,823.5496273661671,833.322021484375,1366245.0,845.5723266601562,855.0153991699219,862.3236541748047,38.446635857843646,-6.855233921394756,832.8809204101562,845.0057983398438,852.6119384765625
2022-12-28,833.3219837624847,836.419394873567,826.4803270493979,833.6944580078125,1088005.0,839.50302734375,850.07919921875,860.0261047363281,38.648325886486695,-7.8431966682560414,833.322021484375,832.8809204101562,845.0057983398438
2022-12-29,838.0562685667225,853.6705729177874,827.8721552256428,835.2333374023438,4064660.0,836.0273071289063,845.994775390625,857.9309631347656,39.53000303431327,-8.40510078696525,833.6944580078125,833.322021484375,832.8809204101562
2022-12-30,839.0365255987424,840.0363312570869,828.2545141716557,830.7147827148438,882895.0,833.1691040039062,844.5921447753906,855.2565368652344,37.81174066534125,-9.110008937242128,835.2333374023438,833.6944580078125,833.322021484375
2023-01-02,834.8707274634493,836.5958588205025,825.1178963163352,830.2246704101562,663630.0,832.6378540039062,841.4359619140625,852.8614624023437,37.620724320450364,-9.597566914759,830.7147827148438,835.2333374023438,833.6944580078125
2023-01-03,830.9597637696281,834.7432549451264,826.5096956566927,830.8715209960938,810895.0,832.14775390625,838.8600402832031,851.5298797607422,38.06542731994389,-9.818582184707338,830.2246704101562,830.7147827148438,835.2333374023438
2023-01-04,830.2148642665533,835.1157784593901,827.5291728609767,833.841552734375,832835.0,832.1771728515625,835.8401000976562,850.4712829589844,40.17434201376657,-9.64292401326884,830.8715209960938,830.2246704101562,830.7147827148438
2023-01-05,836.0958533872346,843.7118922041349,831.4889826754313,842.467041015625,994925.0,833.6239135742187,834.8256103515625,849.8959106445312,45.93233059701445,-8.707336078586081,833.841552734375,830.8715209960938,830.2246704101562
2023-01-06,842.8591906701366,846.7406761639194,834.9392971108974,837.4191284179688,630680.0,834.9647827148438,834.066943359375,848.5692321777344,43.30545935621561,-8.277779173692124,842.467041015625,833.841552734375,830.8715209960938
2023-01-09,841.6143598226569,850.788856444959,838.0857256834976,849.6224365234375,830195.0,838.8443359375,835.7410949707031,847.4101654052735,50.65284530911602,-6.873414807613244,837.4191284179688,842.467041015625,833.841552734375
2023-01-10,846.8779584339865,852.4257668847177,839.8108187482604,840.7420043945312,1170765.0,840.8184326171875,836.4830932617188,845.7492462158203,45.98273032012577,-6.403210362334676,849.6224365234375,837.4191284179688,842.467041015625
2023-01-11,843.9275797683821,846.8779395697679,832.0575804133458,835.4882202148438,1273265.0,841.1477661132812,836.6624694824219,843.3708343505859,43.431490557592376,-6.380950798603408,840.7420043945312,849.6224365234375,837.4191284179688
2023-01-12,838.0465089156529,847.2700628556263,831.6067005383612,845.0352172851562,1280325.0,841.6614013671875,837.6426574707032,841.818716430664,48.97193799433286,-5.529209769574095,835.4882202148438,840.7420043945312,849.6224365234375
2023-01-13,847.662062754063,851.1319481105681,840.9968317634836,846.9563598632812,1234630.0,843.56884765625,839.2668151855469,841.9294799804687,50.0324979711648,-4.645626822996064,845.0352172851562,835.4882202148438,840.7420043945312
2023-01-16,850.7398446896578,853.2981073879836,841.0066368607747,848.06396484375,446555.0,843.2571533203125,841.0507446289063,841.2433532714844,50.669081426985784,-3.8120634125858714,846.9563598632812,845.0352172851562,835.4882202148438
2023-01-17,850.5927852805977,854.6801905099701,844.0549829494155,853.10205078125,778125.0,845.7291625976562,843.2737976074219,841.0669189453125,53.566834376442245,-2.713645755140874,848.06396484375,846.9563598632812,845.0352172851562
2023-01-18,853.1021246489339,861.5709188815273,851.1908159405396,855.5722045898438,1318465.0,849.7459594726563,845.4468627929688,840.6434814453125,54.96367921194024,-1.625088075771714,853.10205078125,848.06396484375,846.9563598632812
2023-01-19,855.6701548949602,859.2576574649875,846.2016153182727,849.2695922851562,1242455.0,850.5928344726562,846.1271179199218,840.4763641357422,50.76720635019091,-1.2564824643804968,855.5722045898438,853.10205078125,848.06396484375
2023-01-20,849.2205852717083,858.8459874880871,839.0364716836632,852.8766479492188,1182675.0,851.7768920898437,847.6728698730469,840.869906616211,52.97984071608171,-0.665627673543213,849.2695922851562,855.5722045898438,853.10205078125
2023-01-23,854.7096498278553,855.7878868784436,846.750569722647,850.3772583007812,770265.0,852.23955078125,847.7483520507812,841.7447235107422,51.26072265260615,-0.3945032632350376,852.8766479492188,849.2695922851562,855.5722045898438
2023-01-24,850.9947081387762,853.700022204584,830.6069181223132,833.6944580078125,1320270.0,848.3580322265625,847.0435974121094,841.7633453369141,41.56568201532588,-1.5084097655583264,850.3772583007812,852.8766479492188,849.2695922851562
2023-01-25,835.1157514783331,836.8605055909073,818.4722665613759,823.539794921875,1470210.0,841.9515502929687,845.8487548828125,841.2556121826171,36.980853553187686,-3.17399727405666,833.6944580078125,850.3772583007812,852.8766479492188
2023-01-27,839.0364294574571,858.8165100662948,833.8120386770719,845.70166015625,4781440.0,841.2379638671875,845.9153991699219,841.7790283203125,49.95489449208466,-2.674875761744147,823.539794921875,833.6944580078125,850.3772583007812
2023-01-30,846.8680847317866,850.6908213876226,840.006805480722,848.60302734375,1873685.0,840.3832397460938,846.0800659179688,842.6734405517578,51.36651894421914,-2.021895134442275,845.70166015625,823.539794921875,833.6944580078125
2023-01-31,851.778873944687,857.9932593713041,841.6437572225823,847.6915283203125,3159705.0,839.84609375,846.042822265625,843.5467834472656,50.88094992448028,-1.5599712586887335,848.60302734375,845.70166015625,823.539794921875
2023-02-01,850.9947405837944,858.6401546532558,844.9665922801278,853.0531005859375,2027270.0,843.717822265625,846.0379272460938,844.6558624267578,53.65608540434034,-0.7525838675078376,847.6915283203125,848.60302734375,845.70166015625
2023-02-02,845.505671050127,858.4539075545284,841.3007083171572,856.6994018554688,1946775.0,850.3497436523437,846.1506469726562,845.7987548828125,55.49754937341118,0.17943409144265843,853.0531005859375,847.6915283203125,848.60302734375
2023-02-03,857.6598993056793,868.4222866693439,846.5250377139821,854.3958740234375,1874895.0,852.0885864257813,846.6632751464844,846.3951965332031,54.0367671742198,0.7238455531199861,856.6994018554688,853.0531005859375,847.6915283203125
2023-02-06,858.6695500241516,858.6695500241516,840.0166429926319,852.6707763671875,1516105.0,852.9021362304687,846.6426879882813,847.1577789306641,52.9135000302422,1.0045151695695722,854.3958740234375,856.6994018554688,853.0531005859375
2023-02-07,858.7675923340935,875.9404147538784,854.7684296146341,870.4513549804688,2987405.0,857.4541015625,848.65009765625,848.1992248535156,61.741106928998,2.6313592864277098,852.6707763671875,854.3958740234375,856.6994018554688
2023-02-08,872.3626479476592,881.4979583614199,868.9614425197053,879.7728271484375,1196855.0,862.798046875,853.2579345703125,850.150765991211,65.40302027946373,4.619558476437533,870.4513549804688,852.6707763671875,854.3958740234375
2023-02-09,871.1864480910236,887.9573611986297,869.1476511453021,879.7140502929688,2054810.0,867.4009765625,858.8753601074219,852.3620574951171,65.3605389781477,6.119931101491147,879.7728271484375,870.4513549804688,852.6707763671875
2023-02-10,880.9785092152628,883.1447348190205,868.9418951041844,882.0861206054688,685110.0,872.9390258789062,862.5138061523437,854.2146026611329,66.31155294031517,7.414918897028883,879.7140502929688,879.7728271484375,870.4513549804688
2023-02-13,883.7523778451754,893.4169655286255,882.1841093548755,887.006591796875,1872775.0,879.8061889648437,866.3541625976562,856.2171142578125,68.25830101778948,8.7375261948755,882.0861206054688,879.7140502929688,879.7728271484375
2023-02-14,890.9861091358471,894.7107915763542,882.2918930329682,889.6922607421875,1202135.0,883.6543701171875,870.5542358398437,858.2985290527344,69.30105691301844,9.888425433043722,887.006591796875,882.0861206054688,879.7140502929688
2023-02-15,891.5742198906196,894.5540137872052,882.9878691152489,886.0557861328125,1283685.0,884.9109619140625,873.8545043945312,859.9462158203125,66.13306613270305,10.38734936381752,889.6922607421875,887.006591796875,882.0861206054688
2023-02-16,890.4862491292918,891.936900507478,884.017066675944,885.947998046875,1352330.0,886.1577514648437,876.7793640136719,861.4650054931641,66.03670446081665,10.651271349861076,886.0557861328125,889.6922607421875,887.006591796875
2023-02-17,882.3997302190933,889.0257753383653,875.0091736460023,884.1934814453125,1056035.0,886.5792236328125,879.7591247558594,863.2111999511719,64.39199587343208,10.596704386666715,885.947998046875,886.0557861328125,889.6922607421875
2023-02-20,886.0852573053651,889.7217570556412,875.9795749607586,877.2244262695312,761745.0,884.6227905273438,882.2144897460937,864.4285888671875,58.19230245745566,9.877256303056924,884.1934814453125,885.947998046875,886.0557861328125
2023-02-21,883.0074702352771,883.0074702352771,874.0878306109179,879.4494018554688,791630.0,882.57421875,883.1142944335937,865.8821960449219,59.53193830611154,9.37851575662205,877.2244262695312,884.1934814453125,885.947998046875
2023-02-22,879.5964140955629,886.1244049846259,876.1657744194131,877.5968627929688,882305.0,880.8824340820313,882.8966979980469,868.0773162841797,57.869271103287005,8.733106049938101,879.4494018554688,877.2244262695312,884.1934814453125
2023-02-23,877.4791974790053,885.1050482053056,870.5983550614146,872.2842407226562,1187840.0,878.1496826171875,882.1537170410156,870.5145385742187,53.27413922737417,7.704121686671442,877.5968627929688,879.4494018554688,877.2244262695312
2023-02-24,875.283651306992,884.1249196476647,870.7552113826506,880.4197998046875,1764830.0,877.3949462890625,881.9870849609375,872.2504455566407,58.68449911286639,7.4591315660213695,872.2842407226562,877.5968627929688,879.4494018554688
2023-02-27,880.4197959840026,880.4197959840026,853.7392479726105,866.6776733398438,1370570.0,875.285595703125,879.9541931152344,873.1541778564454,48.47435049971379,6.085945382379236,880.4197998046875,872.2842407226562,877.5968627929688
2023-02-28,870.2062816861456,870.2062816861456,842.9572116919243,846.21142578125,2699875.0,868.6380004882812,875.6061096191406,873.0801727294922,37.89879804962981,3.308096625479493,866.6776733398438,880.4197998046875,872.2842407226562
2023-03-01,846.1819471387455,854.1606491047893,842.3690816977644,851.6220092773438,995515.0,863.4430297851562,872.1627319335937,873.0086181640625,41.530506371765966,1.5256337857110793,846.21142578125,866.6776733398438,880.4197998046875
2023-03-02,854.3272678873398,862.8450584468336,846.8779028572643,860.7180786132812,1413260.0,861.1297973632812,869.6397399902344,873.2095520019532,47.128436236301475,0.837343544477676,851.6220092773438,846.21142578125,866.6776733398438
2023-03-03,865.0308935596485,871.764744218501,854.8173463024066,870.0004272460938,1371180.0,859.0459228515625,868.2204345703125,873.989779663086,52.16183596200348,1.0290146875024675,860.7180786132812,851.6220092773438,846.21142578125
2023-03-06,869.8142615981827,874.0878443509579,865.7072931742492,870.2455444335938,877920.0,859.7594970703125,867.5225463867188,874.8685180664063,52.29099956629835,1.1870112311828507,870.0004272460938,860.7180786132812,851.6220092773438
2023-03-08,869.0300710315641,871.1864852174355,862.8059340064656,867.7068481445312,1173705.0,864.0585815429688,866.348291015625,874.7312927246094,50.7622778999359,1.0947534206234195,870.2455444335938,870.0004272460938,860.7180786132812
2023-03-09,865.6288258871224,870.0788341844675,857.0326037365112,858.8263549804688,1022125.0,865.4994506835938,864.471240234375,873.683969116211,45.72635491718953,0.30158042865718926,867.7068481445312,870.2455444335938,870.0004272460938
2023-03-10,857.2580910413218,865.1191163211448,852.7590257202879,861.6884765625,1686010.0,865.6935302734375,863.4116638183593,872.7826904296875,47.53294789813964,-0.09497082549785318,858.8263549804688,867.7068481445312,870.2455444335938
2023-03-13,857.6599301148591,865.6876294537586,851.8768277986982,856.7581787109375,812710.0,863.0450805664062,861.0455017089844,871.5162933349609,44.768468680205665,-0.7978769549406479,861.6884765625,858.8263549804688,867.7068481445312
2023-03-14,861.384615645059,866.6580037908514,844.7215083744933,852.6707763671875,2141980.0,859.530126953125,859.6448120117187,869.7995025634766,42.55860792048099,-1.665554856370818,856.7581787109375,861.6884765625,858.8263549804688
2023-03-15,854.1215443071787,867.4618184795476,850.9555130340229,861.4827270507812,1717110.0,858.285302734375,861.1719421386719,868.3890258789063,48.46478073964772,-1.6234311649952815,852.6707763671875,856.7581787109375,861.6884765625
2023-03-16,864.7172522056229,868.4419347688552,856.7483614944379,859.375244140625,1384640.0,858.3950805664062,861.947265625,867.0549987792969,47.214427821103385,-1.7400459276623224,861.4827270507812,852.6707763671875,856.7581787109375
2023-03-17,863.678303144843,874.9405941585308,859.3752862130149,869.6475830078125,3092990.0,859.9869018554688,862.8402160644531,866.2399780273438,53.51026374917936,-0.9921353514273505,859.375244140625,861.4827270507812,852.6707763671875
2023-03-20,868.6379833534105,880.988262333901,866.9716606781104,870.2944946289062,3949945.0,862.6941650390625,862.8696228027344,865.5450286865234,53.883304815643584,-0.3432536555271781,869.6475830078125,859.375244140625,861.4827270507812
2023-03-21,870.7845711687582,878.2437475684202,864.3643860952938,866.3541259765625,1984640.0,865.4308349609375,862.4804809570312,865.001513671875,51.18896425031597,-0.14529024034482063,870.2944946289062,869.6475830078125,859.375244140625
2023-03-22,868.3145219359188,878.2437783680258,865.6680164422326,877.2537841796875,1598885.0,868.5850463867188,863.4351745605469,864.891732788086,57.517066278539275,0.8809534343674841,866.3541259765625,870.2944946289062,869.6475830078125
2023-03-23,878.0477157571049,882.0665010202543,868.5497422972929,871.7647705078125,2418370.0,871.0629516601563,864.7290161132812,864.6001281738281,53.73866207608866,1.2370811095694307,877.2537841796875,866.3541259765625,870.2944946289062
2023-03-24,872.3528512979238,881.7723933313788,872.3528512979238,875.1365966796875,1126970.0,872.1607543945313,866.073828125,864.7427459716797,55.66534637104351,1.770978314853778,871.7647705078125,877.2537841796875,866.3541259765625
2023-03-27,880.2041947187,887.7809889655679,875.3130918947554,879.3514404296875,1759570.0,873.9721435546875,868.333154296875,864.6893280029296,58.01901838330765,2.5053186088532584,875.1365966796875,871.7647705078125,877.2537841796875
2023-03-28,881.9587092812593,891.3978749579406,878.2438377992179,887.4183349609375,1834690.0,878.1849853515625,871.80791015625,865.7263610839843,62.15965650517137,3.695618760674961,879.3514404296875,875.1365966796875,871.7647705078125
2023-03-29,891.8584955751502,896.8672150628747,886.5066762300155,895.4557495117188,2083535.0,881.8253784179688,875.2052124023437,868.1885772705078,65.78105243077155,5.22723606588886,887.4183349609375,879.3514404296875,875.1365966796875
2023-03-31,898.4355013368462,912.8441999934648,895.4655786587315,906.2279663085938,2282485.0,888.718017578125,879.8904846191406,870.9188751220703,69.93411379217753,7.226973629942336,895.4557495117188,887.4183349609375,879.3514404296875
2023-04-03,911.364152667198,917.843206503747,901.3957102483856,912.84423828125,1500675.0,896.2595458984375,884.2101501464844,873.5251831054687,72.16837150398993,9.239154686436223,906.2279663085938,895.4557495117188,887.4183349609375
2023-04-05,911.5700032304526,920.3916484230054,909.86449473199,918.0,1823560.0,903.9892578125,888.9807006835938,875.925161743164,73.80213549407763,11.121646139185827,912.84423828125,906.2279663085938,895.4557495117188
2023-04-06,920.185785854484,923.5674284670366,916.657151717844,921.2542114257812,1460345.0,910.7564331054688,894.4707092285156,878.4755950927735,74.80735760807576,12.729385412323268,918.0,912.84423828125,906.2279663085938
2023-04-10,927.644989092443,935.5256369549536,919.0193329337452,933.0653686523438,920770.0,918.2783569335937,900.0518676757813,881.743521118164,78.09293504180603,14.786146554224274,921.2542114257812,918.0,912.84423828125
2023-04-11,935.682456031854,942.1320754628388,922.9400799167196,933.7907104492188,2309250.0,923.7909057617187,906.2544616699219,885.4917388916016,78.28027364203268,16.286928030344825,933.0653686523438,921.2542114257812,918.0
2023-04-12,933.7907614433096,964.4214749312724,926.508010183485,956.8544921875,3403195.0,932.5929565429688,914.4262512207031,890.2500396728516,83.19985900310976,19.116993792406674,933.7907104492188,933.0653686523438,921.2542114257812
2023-04-13,958.2266676716778,958.2266676716778,947.0918055807674,951.3458251953124,1169335.0,939.2621215820312,921.6256896972657,894.9794219970703,78.61944425892023,20.67698648077169,956.8544921875,933.7907104492188,933.0653686523438
2023-04-17,956.0605044173708,965.0781980365438,944.8472109240917,951.2282104492188,1705675.0,945.2569213867188,928.0066772460938,899.9072937011719,78.52004967530013,21.654185428027176,951.3458251953124,956.8544921875,933.7907104492188
2023-04-18,953.012192738402,964.10780975156,949.8951586856938,963.010009765625,1797050.0,951.245849609375,934.7621032714844,904.9836578369141,81.09800257213287,23.112884429857786,951.2282104492188,951.3458251953124,956.8544921875
2023-04-19,958.1090316359466,968.4205734856772,956.7661860316356,962.4120483398438,1920935.0,956.9701171875,940.3805114746094,910.135498046875,80.569486096942,23.944644452256853,963.010009765625,951.2282104492188,951.3458251953124
2023-04-20,963.71573739361,963.71573739361,945.3373099609572,952.3848266601562,3175850.0,956.0761840820312,944.3345703125,914.2723602294922,72.08570151770795,23.52354251869417,962.4120483398438,963.010009765625,951.2282104492188
2023-04-21,952.3652087765112,956.4623657075751,945.513740566346,954.4530029296876,1657195.0,956.6976196289063,947.9798706054687,918.4802856445312,72.72366622329997,23.090527515111148,952.3848266601562,962.4120483398438,963.010009765625
2023-04-24,951.5614324476868,951.5614324476868,931.5853025718842,942.1712646484376,2190830.0,954.88623046875,950.0715759277343,922.271142578125,63.449868252808244,21.508391025308356,954.4530029296876,952.3848266601562,962.4120483398438
2023-04-25,941.6714392051382,949.0423731787832,932.6929312559414,947.5034790039062,1639985.0,951.7849243164062,951.5153869628906,925.7836273193359,65.50647782696942,20.44907735908646,942.1712646484376,954.4530029296876,952.3848266601562
2023-04-26,942.9358699414933,955.5311952095316,942.9358699414933,949.8167724609376,1020765.0,949.265869140625,953.1179931640625,929.6862274169922,66.39004317292017,19.57062906606518,947.5034790039062,942.1712646484376,954.4530029296876
2023-04-27,949.797126779282,968.2245513295888,944.5237385648818,964.2156372070312,1098280.0,951.63203125,953.8541076660156,934.1401794433593,71.31534614810661,19.807986376736153,949.8167724609376,947.5034790039062,942.1712646484376
2023-04-28,964.2156233052376,967.440403111724,956.0898697769326,966.4307861328124,1235220.0,954.027587890625,955.3626037597656,938.4941467285156,71.99526307619661,19.944925080010876,964.2156372070312,949.8167724609376,947.5034790039062
2023-05-02,961.2456692925612,972.1354859349448,961.2456692925612,970.4594116210938,1209890.0,959.6852172851562,957.2857238769532,942.6462005615234,73.23768353044044,20.146292478165833,966.4307861328124,964.2156372070312,949.8167724609376
2023-05-03,970.3613654864812,972.3413539199088,963.5197085718452,970.8220825195312,883875.0,964.3489379882812,958.0669311523437,946.414517211914,73.35229744949183,20.103402591374333,970.4594116210938,966.4307861328124,964.2156372070312
2023-05-04,970.8220061648155,975.2818256637852,964.5684355016466,973.9095458984376,1006635.0,969.1674926757812,959.2166809082031,949.7985961914062,74.35904737762135,20.08699417364278,970.8220825195312,970.4594116210938,966.4307861328124
2023-05-05,975.2720824172987,978.026393714352,965.5878714896252,968.9107055664062,461545.0,970.1065063476562,960.8692687988281,952.601919555664,69.76345054205977,19.446459071455934,973.9095458984376,970.8220825195312,970.4594116210938
2023-05-08,969.400810841822,973.6548306120616,950.120631486564,961.9710083007812,1190915.0,969.21455078125,961.6210693359375,954.8004699707031,63.8626493930701,18.169409177368266,968.9107055664062,973.9095458984376,970.8220825195312
2023-05-09,964.1175571738924,968.4009510800032,958.6285576084622,967.0973510742188,1545295.0,968.542138671875,964.1136779785156,957.092626953125,66.14094296876468,17.37075174167785,961.9710083007812,968.9107055664062,973.9095458984376
2023-05-10,973.2921404832418,973.2921404832418,948.7973805171904,954.1688232421876,2271505.0,965.2114868164062,964.7802124023438,958.1477996826172,56.47136009190937,15.515730143163864,967.0973510742188,961.9710083007812,968.9107055664062
2023-05-11,916.4709492461444,921.3718634132362,886.8792271122204,888.437744140625,13916795.0,948.1171264648438,958.6423095703125,955.8801513671875,31.364830889364455,8.642043319779873,954.1688232421876,967.0973510742188,961.9710083007812
2023-05-12,890.9763619040754,890.9763619040754,871.3825171259507,875.5188598632812,5242020.0,929.4387573242187,949.7726318359375,951.8133697509766,28.667199370957576,2.127625059166462,888.437744140625,954.1688232421876,967.0973510742188
2023-05-15,876.3128630050139,888.4572825072232,871.676557649946,885.801025390625,1588765.0,914.2047607421875,941.7096557617188,948.5361297607421,33.56478762814915,-2.180280602200355,875.5188598632812,888.437744140625,954.1688232421876
2023-05-16,886.673386435856,891.554737733704,883.0565093089701,885.1149291992188,1430235.0,897.8082763671875,933.1752075195312,945.2304656982421,33.40000001495936,-5.585305182902516,885.801025390625,875.5188598632812,888.437744140625
2023-05-17,886.0460756337222,890.9959868656301,872.5783135530419,878.537841796875,1749805.0,882.682080078125,923.9467834472656,941.0068572998047,31.78880485670956,-8.714077223435652,885.1149291992188,885.801025390625,875.5188598632812
2023-05-18,880.5962419887627,882.595793342059,863.521414721782,867.0892944335938,2127235.0,878.4123901367187,913.2647583007813,936.2407196044921,29.15259290564596,-11.979363059403454,878.537841796875,885.1149291992188,885.801025390625
2023-05-19,868.0401162441402,870.4023304799445,859.4340825035072,860.9827880859375,1630405.0,875.50517578125,902.4719665527343,931.6706176757813,27.827030730806214,-14.888247191562755,867.0892944335938,878.537841796875,885.1149291992188
2023-05-22,864.3251467757084,876.2539542271645,859.4732301431258,873.8623657226562,1224880.0,873.1174438476562,893.6611022949219,927.6410858154297,34.58327305009968,-15.970190136717974,860.9827880859375,867.0892944335938,878.537841796875
2023-05-23,873.9505671769543,882.0958837011958,871.5883529959372,874.4308471679688,1616475.0,870.9806274414062,884.3944519042968,924.2540649414062,34.87306787236001,-16.590520817350466,873.8623657226562,860.9827880859375,867.0892944335938
2023-05-24,875.3032122786382,886.869356981924,874.3034067105642,885.9381713867188,1683665.0,872.460693359375,877.57138671875,921.1757995605469,40.60853250064337,-15.96950593353165,874.4308471679688,873.8623657226562,860.9827880859375
2023-05-25,888.8101879982763,888.8101879982763,878.7142572989468,882.9388427734375,1033820.0,875.6306030273438,877.0214965820312,917.8319030761719,39.62891936648361,-15.540229820675563,885.9381713867188,874.4308471679688,873.8623657226562
2023-05-26,883.1545327271532,889.8099525415527,882.1547271059836,888.2318725585938,752935.0,881.080419921875,878.2927978515625,914.03271484375,42.275367874820496,-14.604569751437793,882.9388427734375,885.9381713867188,874.4308471679688
2023-05-29,891.5547008070804,895.6910435663207,886.0852639531893,893.1915893554688,928140.0,884.9462646484375,879.0318542480469,910.3707550048828,44.72068061246718,-13.309421978336104,888.2318725585938,882.9388427734375,885.9381713867188
2023-05-30,893.1915656167415,893.1915656167415,881.9390863540448,885.86962890625,1369945.0,887.2340209960937,879.10732421875,906.1412658691406,41.89885254457705,-12.727118750592126,893.1915893554688,888.2318725585938,882.9388427734375
2023-05-31,884.1248669659268,887.9769781096654,878.4300074109777,882.370361328125,6313505.0,886.520458984375,879.490576171875,901.7186798095703,40.58096318139649,-12.405003735080754,885.86962890625,893.1915893554688,888.2318725585938
2023-06-01,884.0954191393454,893.9168695811592,882.3703477278054,892.3681640625,1528955.0,888.4063232421875,882.0184631347656,897.6416107177735,45.82414250455746,-11.213721339728977,882.370361328125,885.86962890625,893.1915893554688
2023-06-02,895.6812074676942,905.68889526099,894.9166960030896,903.8167724609376,2509565.0,891.5233032226563,886.3018615722656,894.3869140625,51.140905907059754,-9.239309433071298,892.3681640625,882.370361328125,885.86962890625
2023-06-05,907.8453052326402,911.9620848847882,901.1212657019772,902.464111328125,1132140.0,893.3778076171875,889.1620361328125,891.4115692138672,50.51017888010613,-7.695018833799509,903.8167724609376,892.3681640625,882.370361328125
2023-06-06,903.7285507663702,909.6096476260212,902.7483679564284,908.9529418945312,1161655.0,897.9944702148438,892.6142456054688,888.5043487548828,53.47450597703297,-5.879784514727248,902.464111328125,903.8167724609376,892.3681640625
2023-06-07,911.5699619926786,917.0589614894882,910.6094020371388,916.225830078125,1139525.0,904.7655639648438,895.6430114746094,886.6071990966797,56.61147537699446,-3.810412876709165,908.9529418945312,902.464111328125,903.8167724609376
2023-06-08,916.4709237596154,919.9995579315472,909.0215583630436,911.452392578125,1203490.0,908.5824096679687,898.4943664550781,887.7579315185546,54.03625984082083,-2.5264738397809197,916.225830078125,908.9529418945312,902.464111328125
2023-06-09,917.6569601940618,922.3520142661245,910.7074378228158,914.8634033203124,1084700.0,910.7917358398438,901.15751953125,889.7251586914062,55.59085756321339,-1.219643551189165,911.452392578125,916.225830078125,908.9529418945312
2023-06-12,920.3916914961457,920.3916914961457,912.4424229809872,916.598388671875,717870.0,913.6185913085938,903.4981994628906,891.2650268554687,56.398650417331964,-0.043471205288369674,914.8634033203124,911.452392578125,916.225830078125
2023-06-13,921.3718189709256,927.0176813911852,913.1480710370706,921.763916015625,1294905.0,916.1807861328125,907.0876281738281,893.0974761962891,58.801426680526994,1.290591602600216,916.598388671875,914.8634033203124,911.452392578125
2023-06-14,922.900912545931,927.1646837853888,918.4312813817508,921.17578125,901255.0,917.1707763671875,910.9681701660156,895.2293731689454,58.40676638732995,2.2741731761656183,921.763916015625,916.598388671875,914.8634033203124
2023-06-15,920.7052932750538,951.757476471487,920.587676127862,941.6517944335938,3630745.0,923.2106567382813,915.896533203125,898.9574981689453,66.76915256046459,4.652283173790806,921.17578125,921.763916015625,916.598388671875
2023-06-16,949.767735683696,968.420643804442,945.9058727351209,963.529541015625,3814515.0,932.9438842773437,921.8678100585937,904.0848358154296,73.01243643840526,8.207690640880855,941.6517944335938,921.17578125,921.763916015625
2023-06-19,970.576997219921,984.887641826054,953.139507338234,956.4623413085938,3540755.0,940.9166748046875,927.2676330566406,908.2148345947265,68.53321792070906,10.335966136861998,963.529541015625,941.6517944335938,921.17578125
2023-06-20,956.4623780023576,965.8231119115842,954.1197267185888,960.8143920898438,1070755.0,948.7267700195313,932.4537780761718,912.5340118408203,69.76340065589746,12.23280180273764,956.4623413085938,963.529541015625,941.6517944335938
2023-06-21,964.88213974733,970.38095077692,959.344083118208,962.617919921875,1123550.0,957.0151977539062,937.0929870605469,916.3679992675782,70.28190434343104,13.723392629523119,960.8143920898438,956.4623413085938,963.529541015625
2023-06-22,962.8433390402096,965.8623187375116,958.6187536741994,960.4713134765624,1242850.0,960.7791015625,941.9948791503906,920.2446228027344,68.77031377434727,14.56360324598802,962.617919921875,960.8143920898438,956.4623413085938
2023-06-23,960.775186451672,983.1233421852784,960.775186451672,978.9869995117188,2791140.0,963.8705932617188,948.4072387695312,924.7823791503906,73.97059625539455,16.532955711880618,960.4713134765624,962.617919921875,960.8143920898438
2023-06-26,978.202774533771,994.6894557841314,970.773032265738,988.337890625,3607125.0,970.245703125,955.5811889648437,929.5396942138672,76.13217031542452,18.633425958162206,978.9869995117188,960.4713134765624,962.617919921875
2023-06-27,988.3378907519858,997.1497242191224,983.3193597915518,985.2012939453124,3330315.0,975.1230834960937,961.9249267578125,934.5062774658203,73.9148523504662,19.816533954924353,988.337890625,978.9869995117188,960.4713134765624
2023-06-28,985.1914874859572,1003.5895371836376,981.035522122158,1001.3253173828124,4426340.0,982.8645629882812,969.9398803710938,940.4540252685547,77.53671845766127,21.80388785674745,985.2012939453124,988.337890625,978.9869995117188
2023-06-30,1002.922990252548,1014.479323205174,1001.7663817998975,1011.47021484375,2430705.0,993.0643432617187,976.9217224121094,946.4091278076172,79.46834016270448,23.921733727062588,1001.3253173828124,985.2012939453124,988.337890625
2023-07-03,1011.4702967834278,1015.2734109039123,997.8849174563552,999.4531860351562,1174135.0,997.1575805664063,980.5140869140625,951.1909484863281,71.61283909410304,24.34977894868007,1011.47021484375,1001.3253173828124,985.2012939453124
2023-07-04,1002.7073306486162,1020.3211859532996,996.8556683462532,1017.1160888671876,1863335.0,1002.9132202148437,986.5794616699219,956.9235473632813,75.45359958260822,25.816658149383784,999.4531860351562,1011.47021484375,1001.3253173828124
2023-07-05,1016.449473958032,1019.7428735174364,1007.039743838132,1015.1458740234376,1410270.0,1008.9021362304687,992.0126098632812,962.2331939697266,74.2468709662379,26.51454741425823,1017.1160888671876,999.4531860351562,1011.47021484375
2023-07-06,1015.1655510879724,1030.858288592574,1013.509099450861,1025.6241455078125,2534370.0,1013.7619018554688,998.313232421875,967.7031097412109,76.40788354642407,27.595040177067176,1015.1458740234376,1017.1160888671876,999.4531860351562
2023-07-07,1025.2712092604318,1033.7301916142794,1001.7468220498674,1015.95947265625,2771720.0,1014.6597534179688,1003.8620483398438,972.9284637451171,70.52922047630688,27.35613564493167,1025.6241455078125,1015.1458740234376,1017.1160888671876
2023-07-10,1018.400117180386,1022.3306597780928,1008.6081005864404,1010.5586547851562,1003625.0,1016.8808471679688,1007.0192138671875,977.7132263183594,67.4081067972885,26.42637442183309,1015.95947265625,1025.6241455078125,1015.1458740234376
2023-07-11,1016.2980991766154,1030.325492935797,1010.2820781585395,1020.614990234375,1056805.0,1017.5806274414062,1010.246923828125,982.9140563964844,70.06449754128772,26.198988548723946,1010.5586547851562,1015.95947265625,1025.6241455078125
2023-07-12,1017.48333677972,1027.1544063064348,1013.5319451805752,1025.1885986328125,1203590.0,1019.5891723632812,1014.245654296875,988.0852905273438,71.21363786048985,26.087119505579608,1020.614990234375,1010.5586547851562,1015.95947265625
2023-07-13,1025.386265798972,1027.9843109683554,1014.5001611013032,1015.9918212890624,2034915.0,1017.6627075195313,1015.7123046875,992.8260925292968,65.7481210353027,24.968537652269106,1025.1885986328125,1020.614990234375,1010.5586547851562
2023-07-14,1018.4712733934092,1020.427193111452,1002.912667616546,1006.0342407226562,1942045.0,1015.6776611328125,1015.1687072753906,996.04521484375,60.34765427224999,23.01327720745769,1015.9918212890624,1025.1885986328125,1020.614990234375
2023-07-17,1007.535739619924,1036.2524863971453,1006.2218849809334,1033.239501953125,1976770.0,1020.2138305664063,1018.5473388671875,999.530712890625,68.06543894544454,23.38933869834125,1006.0342407226562,1015.9918212890624,1025.1885986328125
2023-07-18,1028.0533602220198,1030.463772035156,1016.801877674794,1025.583740234375,1286955.0,1021.2075805664062,1019.3941040039062,1002.986782836914,64.27420422892848,22.80671256465064,1033.239501953125,1006.0342407226562,1015.9918212890624
2023-07-19,1024.2007611093816,1041.1916969230806,1019.775101180505,1031.5799560546875,1961585.0,1022.4858520507812,1021.0375122070312,1006.5250610351562,65.87734045333963,22.568664148540165,1025.583740234375,1033.239501953125,1006.0342407226562
2023-07-20,1037.0429494583643,1065.8287360277704,1035.2647747021604,1054.8834228515625,6016030.0,1030.2641723632812,1023.9634399414062,1011.1383361816406,71.27260479158714,23.98393223767971,1031.5799560546875,1025.583740234375,1033.239501953125
2023-07-21,1051.7223100725466,1054.9722480695489,1042.693364670686,1044.78759765625,1150370.0,1038.01484375,1026.8462524414062,1015.354150390625,66.37608558262905,24.014074374699362,1054.8834228515625,1031.5799560546875,1025.583740234375
2023-07-24,1042.8217490259462,1074.156258155565,1042.8217490259462,1065.2359619140625,2119525.0,1044.4141357421875,1032.313983154297,1019.6665985107422,70.75808289544365,25.39523388866064,1044.78759765625,1054.8834228515625,1031.5799560546875
2023-07-25,1070.8272105613978,1082.6714981973148,1065.2656216092676,1071.89404296875,2162155.0,1053.6761962890625,1037.4418884277343,1023.8444061279297,72.03598771471059,26.719063519190286,1065.2359619140625,1044.78759765625,1054.8834228515625
2023-07-26,1074.7786601837747,1084.6571405163463,1067.083285416888,1081.822021484375,1701060.0,1063.724609375,1043.1052307128907,1028.6754425048828,73.86970908115298,28.243736717926367,1071.89404296875,1065.2359619140625,1044.78759765625
2023-07-27,1092.5598234846032,1109.1557171393852,1070.8370568942803,1088.0157470703125,7539055.0,1070.35107421875,1050.3076232910157,1033.0099639892578,74.9723394064433,29.610501672875102,1081.822021484375,1071.89404296875,1065.2359619140625
2023-07-28,1089.003613089598,1109.945941565839,1089.003613089598,1103.031005859375,3180540.0,1081.999755859375,1060.0072998046876,1037.5880035400392,77.45594829042736,31.541685724194622,1088.0157470703125,1081.822021484375,1071.89404296875
2023-07-31,1103.3372752277492,1118.3228512856035,1100.4626039611471,1114.38134765625,1599490.0,1091.8288330078126,1068.121484375,1043.3344116210938,79.1410143626648,33.60071262313636,1103.031005859375,1088.0157470703125,1081.822021484375
2023-08-01,1114.262884969314,1127.9939963526272,1107.7925528903947,1119.6368408203125,2122735.0,1101.377392578125,1077.5267944335938,1048.46044921875,79.89052019713742,35.250237851940255,1114.38134765625,1103.031005859375,1088.0157470703125
2023-08-02,1119.6466786347669,1125.3268044067972,1113.196002512802,1118.332763671875,1791795.0,1108.679541015625,1086.2020751953125,1053.6197937011718,79.13071646338128,36.0368598643538,1119.6368408203125,1114.38134765625,1103.031005859375
2023-08-03,1115.2803583705625,1132.8641004751194,1110.637521145325,1118.1451416015625,2570520.0,1114.705419921875,1092.5282470703125,1058.2458435058593,79.01428319157115,36.22751569337788,1118.332763671875,1119.6368408203125,1114.38134765625
2023-08-04,1118.1649053339097,1128.3198907079347,1114.292497922749,1116.1793212890625,1726520.0,1117.3350830078125,1099.6674194335938,1063.2568359375,77.72386355855541,35.807223161919865,1118.1451416015625,1118.332763671875,1119.6368408203125
2023-08-07,1118.2439752078487,1123.7759000844262,1110.123893304002,1112.4552001953125,2499830.0,1116.949853515625,1104.3893432617188,1068.3516632080077,75.21769634023042,34.772793733362505,1116.1793212890625,1118.1451416015625,1118.332763671875
2023-08-08,1116.6633859674826,1133.8420768910023,1115.280374671588,1117.8388671875,2987010.0,1116.5902587890625,1108.9838256835938,1073.212857055664,76.40227752798259,33.99553848548362,1112.4552001953125,1116.1793212890625,1118.1451416015625
2023-08-09,1120.4370059085404,1162.4502131500358,1120.4370059085404,1159.93115234375,10067015.0,1124.9099365234374,1116.7947387695312,1079.949984741211,83.1741544235719,36.35695340647044,1117.8388671875,1112.4552001953125,1116.1793212890625
2023-08-10,1161.7290781874124,1168.9501846974583,1147.0891026190766,1156.0093994140625,2763310.0,1132.4827880859375,1123.5941040039063,1086.950863647461,80.84627027166079,37.47989416890414,1159.93115234375,1117.8388671875,1112.4552001953125
2023-08-11,1156.5724838436176,1162.7069813210007,1147.5138742941897,1150.44775390625,2256960.0,1139.336474609375,1128.3357788085937,1094.1715393066406,77.53219179304554,37.48890573236531,1156.0093994140625,1159.93115234375,1117.8388671875
2023-08-14,1151.8208740686246,1161.5117207815076,1145.9036742253963,1150.5169677734375,2167595.0,1146.948828125,1131.9493408203125,1100.0354125976562,77.54452850635079,37.07426341129303,1150.44775390625,1156.0093994140625,1159.93115234375
2023-08-16,1151.8307476081534,1163.58616271742,1140.9644198005294,1157.3330078125,4308265.0,1154.84765625,1135.7189575195312,1106.6228759765625,78.78020194600029,36.87063215532066,1150.5169677734375,1150.44775390625,1156.0093994140625
2023-08-17,1160.0002637168382,1167.0535127459125,1156.9478472310034,1161.837646484375,2138070.0,1155.228955078125,1140.0694458007813,1113.135760498047,79.57994584263948,36.65025824876443,1157.3330078125,1150.5169677734375,1150.44775390625
2023-08-18,1165.5619212738557,1181.4662505289775,1153.9250424741062,1160.61279296875,4281645.0,1156.1496337890626,1144.3162109375,1118.4222290039063,78.71127447303138,35.96222475664058,1161.837646484375,1157.3330078125,1150.5169677734375
2023-08-21,1159.783000299528,1170.5998877362488,1156.5626061512917,1167.8043212890625,1334640.0,1159.620947265625,1149.4787109375,1124.573065185547,80.08575159103859,35.58702442503977,1160.61279296875,1161.837646484375,1157.3330078125
2023-08-22,1169.414477955107,1174.551239176793,1160.2867723371369,1170.70849609375,1688225.0,1163.6592529296875,1155.3040405273437,1129.8466918945312,80.62964241425456,35.119185979572194,1167.8043212890625,1160.61279296875,1161.837646484375
2023-08-23,1169.6120600752372,1180.4685002088806,1168.031527354681,1176.2010498046875,3142630.0,1167.432861328125,1161.1402587890625,1135.0620422363281,81.65037336913971,34.79057967610879,1170.70849609375,1167.8043212890625,1160.61279296875
2023-08-24,1181.4662571584297,1183.382624476447,1163.922066301498,1167.0733642578125,4124730.0,1168.4800048828124,1161.8544799804688,1139.324609375,74.61376111005636,33.40851629300528,1176.2010498046875,1170.70849609375,1167.8043212890625
2023-08-25,1163.6849342831129,1163.6849342831129,1140.0852312897432,1141.8040771484375,4713240.0,1164.71826171875,1160.4339477539063,1142.0140258789063,59.3616932404121,29.929195681643705,1167.0733642578125,1176.2010498046875,1170.70849609375
2023-08-28,1141.9523163062104,1151.6332751809432,1131.5205832859144,1141.142333984375,2350770.0,1159.3858642578125,1159.5034057617188,1143.9195922851563,59.021441179974914,26.80937015615973,1141.8040771484375,1167.0733642578125,1176.2010498046875
2023-08-29,1139.9765827521248,1143.2365293604448,1129.1102548402762,1130.848876953125,3258085.0,1151.4139404296875,1157.5365966796876,1144.74296875,53.85081392616429,23.238412045026507,1141.142333984375,1141.8040771484375,1167.0733642578125
2023-08-30,1133.614982599895,1137.2205315652118,1114.2926165796111,1116.2188720703125,3551815.0,1139.4175048828124,1153.4251831054687,1144.5720703125,47.48365796836154,19.00876171607956,1130.848876953125,1141.142333984375,1141.8040771484375
2023-08-31,1116.2188452317598,1125.1589182338816,1104.4141093814571,1107.940673828125,3178875.0,1127.590966796875,1148.0354858398437,1144.0524658203126,44.29242363553876,14.817939955093607,1116.2188720703125,1130.848876953125,1141.142333984375
2023-09-01,1112.316849994792,1113.156496678915,1096.5310582203886,1102.15185546875,1105280.0,1119.6605224609375,1142.1893920898438,1143.2528015136718,42.15868899316846,10.903881099953878,1107.940673828125,1116.2188720703125,1130.848876953125
2023-09-04,1103.4261831536735,1119.5675852288473,1102.151820683796,1118.13525390625,1473020.0,1115.0591064453124,1137.2224853515625,1143.3505981445312,49.40595573480826,8.988078953762397,1102.15185546875,1107.940673828125,1116.2188720703125
2023-09-05,1114.2925429436343,1114.2925429436343,1098.5956237680855,1102.2210693359375,1968470.0,1109.333544921875,1130.3737426757812,1142.8388916015624,43.55443853347664,6.115158515054418,1118.13525390625,1102.15185546875,1107.940673828125
2023-09-06,1102.3987661100805,1113.2947580028522,1098.33872548238,1103.09033203125,2256645.0,1106.7078369140625,1123.0626708984375,1142.10146484375,43.944969172200196,3.863949400421461,1102.2210693359375,1118.13525390625,1102.15185546875
2023-09-07,1103.0211309390052,1117.1572932698975,1102.6852963935764,1109.3829345703125,2634215.0,1106.9962890625,1117.2936279296875,1139.5740539550782,46.81369520708941,2.5581219558860084,1103.09033203125,1102.2210693359375,1118.13525390625
2023-09-08,1112.5144367878002,1113.038025200391,1100.4627386921877,1103.189208984375,923950.0,1107.203759765625,1113.4321411132812,1136.9330444335938,44.404837712294416,1.0117990172050213,1109.3829345703125,1103.09033203125,1102.2210693359375
2023-09-11,1105.4018928748103,1119.034243273715,1103.4360850357752,1109.1162109375,1313930.0,1105.399951171875,1110.2295288085938,1134.8664672851562,47.20448309714443,0.26157124079895766,1103.189208984375,1109.3829345703125,1103.09033203125
2023-09-12,1114.2827084151195,1129.5054805772588,1111.526573777346,1120.970458984375,2581215.0,1109.1498291015625,1109.2416870117188,1133.389141845703,52.37060566122481,0.6164430978860764,1109.1162109375,1103.189208984375,1109.3829345703125
2023-09-13,1128.122484662244,1137.9022045748611,1120.4765503238336,1133.832275390625,1571615.0,1115.2982177734375,1111.00302734375,1132.2141052246093,57.25757683917882,1.9134654559554747,1120.970458984375,1109.1162109375,1103.189208984375
2023-09-14,1139.976598047075,1141.2212961806306,1127.045701422818,1134.96826171875,1139730.0,1120.415283203125,1113.7057861328126,1130.8706359863281,57.67068280195855,2.9984651819747796,1133.832275390625,1120.970458984375,1109.1162109375
2023-09-15,1141.280534372741,1154.3695207864275,1132.6863047358795,1149.75634765625,2069105.0,1129.7287109375,1118.4662353515625,1130.327813720703,62.72173196029643,4.994042020087136,1134.96826171875,1133.832275390625,1120.970458984375
2023-09-18,1150.0526606958324,1151.5937615477758,1130.4735652478034,1131.6787109375,1256740.0,1134.2412109375,1119.8205810546874,1128.521533203125,54.206337522731644,5.058525308621483,1149.75634765625,1134.96826171875,1133.832275390625
2023-09-20,1130.463577362591,1130.463577362591,1106.7848904466898,1109.3631591796875,2266405.0,1131.9197509765625,1120.5347900390625,1125.4542663574218,45.91876107941266,3.2712414165807786,1131.6787109375,1149.75634765625,1134.96826171875
2023-09-21,1109.4521741281703,1125.5541463513678,1108.92858569566,1119.92333984375,2926715.0,1129.1379638671874,1122.2180908203125,1122.640380859375,49.82795894959091,2.676076238849191,1109.3631591796875,1131.6787109375,1149.75634765625
2023-09-22,1119.923175248457,1124.9415200215865,1087.027910790166,1090.0013427734375,2447785.0,1120.144580078125,1120.279931640625,1118.7867797851563,40.82354167982282,-0.20765779761904923,1119.92333984375,1109.3631591796875,1131.6787109375
2023-09-25,1092.5303011781127,1094.5158854460228,1072.4078408130913,1074.53173828125,1217045.0,1105.099658203125,1117.4141845703125,1115.423162841797,37.09162692613005,-3.698669634141879,1090.0013427734375,1119.92333984375,1109.3631591796875
2023-09-26,1078.532496465815,1091.957317044271,1076.5568004624608,1080.26123046875,1379915.0,1094.816162109375,1114.5286865234375,1112.3791076660157,39.3047095773121,-5.9345892787493995,1074.53173828125,1090.0013427734375,1119.92333984375
2023-09-27,1089.3988748478253,1107.3776610747525,1082.6913480185322,1085.9315185546875,2443890.0,1090.129833984375,1111.0247924804687,1110.1332397460938,41.49818219413187,-7.166416853523742,1080.26123046875,1074.53173828125,1090.0013427734375
2023-09-28,1088.1047445041534,1088.1047445041534,1069.0491169345278,1072.6251220703125,1931555.0,1080.6701904296874,1104.9040771484374,1107.9535522460938,38.025301175447055,-9.111334281476275,1085.9315185546875,1080.26123046875,1074.53173828125
2023-09-29,1080.5082217782397,1112.3168800602946,1077.396476371167,1103.8214111328125,3101955.0,1083.4342041015625,1101.7893920898437,1107.7475891113281,48.83597354536211,-8.042704258145932,1072.6251220703125,1085.9315185546875,1080.26123046875
2023-10-03,1103.8015471533258,1103.8015471533258,1076.7542654598578,1079.0657958984375,2065240.0,1084.341015625,1094.7203369140625,1106.5932861328124,42.50038942216972,-9.088610677274346,1103.8214111328125,1072.6251220703125,1085.9315185546875
2023-10-04,1079.7179279862253,1086.4353430190783,1067.1723058775124,1070.3927001953125,2109530.0,1082.3673095703125,1088.5917358398438,1104.2061584472656,40.517168926205315,-10.496349999891663,1079.0657958984375,1103.8214111328125,1072.6251220703125
2023-10-05,1078.7299494606648,1081.6934932778645,1066.8757741918662,1068.30810546875,2058530.0,1078.842626953125,1084.48623046875,1102.5105102539062,40.033625817966865,-11.645955601213473,1070.3927001953125,1079.0657958984375,1103.8214111328125
2023-10-06,1073.7907603106876,1084.103835398283,1068.6934309408296,1071.7952880859375,1572990.0,1078.67666015625,1079.6734252929687,1100.9457580566407,41.2957537029729,-12.135746497730224,1068.30810546875,1070.3927001953125,1079.0657958984375
2023-10-09,1068.8614918909584,1092.0363688523937,1066.9055720208626,1085.6153564453125,2368110.0,1075.03544921875,1079.2348266601562,1099.7573791503905,46.13443455699887,-11.27873110311134,1071.7952880859375,1068.30810546875,1070.3927001953125
2023-10-10,1083.471738607464,1084.0644232922543,1072.407768614748,1082.3948974609375,1519630.0,1075.70126953125,1080.021142578125,1098.7176635742187,45.19949547719535,-10.735650458181908,1085.6153564453125,1071.7952880859375,1068.30810546875
2023-10-11,1088.6084971249588,1104.018901823501,1088.6084971249588,1099.988525390625,1961240.0,1081.6204345703125,1081.9938720703126,1098.261279296875,51.037254787217066,-8.784336038753054,1082.3948974609375,1085.6153564453125,1071.7952880859375
2023-10-12,1099.988571367261,1103.2386300142764,1089.59639066825,1092.5994873046875,1695245.0,1086.4787109375,1082.6606689453124,1096.8427307128907,48.691245653736786,-7.744860987209677,1099.988525390625,1082.3948974609375,1085.6153564453125
2023-10-13,1072.2497595381894,1091.3942601068002,1071.1433745146824,1078.7696533203125,1633255.0,1087.873583984375,1083.2751220703126,1094.089599609375,44.56243426598908,-7.945431552563605,1092.5994873046875,1099.988525390625,1082.3948974609375
2023-10-16,1084.4595489733838,1088.0157775456164,1078.7299825164628,1085.26953125,859220.0,1087.8044189453126,1081.4199340820312,1091.6046630859375,46.843830666936604,-7.493518724161277,1078.7696533203125,1092.5994873046875,1099.988525390625
2023-10-17,1084.0644339183696,1101.0553715124506,1083.6791587227508,1095.3455810546875,1626760.0,1090.3945556640624,1083.0479125976562,1088.8841247558594,50.260977453784136,-6.250272293282478,1085.26953125,1078.7696533203125,1092.5994873046875
2023-10-18,1095.424683473169,1125.109443850428,1094.8912069594362,1121.6915283203125,3014855.0,1094.73515625,1088.1777954101562,1088.384765625,57.884565794133586,-3.1033196405694525,1095.3455810546875,1085.26953125,1078.7696533203125
2023-10-19,1121.1579539129418,1121.1579539129418,1108.464132197821,1112.49462890625,2525845.0,1098.7141845703125,1092.5964477539062,1088.5413391113282,54.73095894542105,-1.336048773148832,1121.6915283203125,1095.3455810546875,1085.26953125
2023-10-20,1110.3510219737686,1110.3510219737686,1096.7087834350875,1100.3243408203125,1141375.0,1103.0251220703126,1095.4493530273437,1087.5613891601563,50.787766359423664,-0.907058410678701,1112.49462890625,1121.6915283203125,1095.3455810546875
2023-10-23,1091.6708516933152,1119.6171115069776,1091.6708516933152,1096.8966064453125,1809785.0,1105.350537109375,1096.5774780273437,1087.90615234375,49.70164910151654,-0.834055502353749,1100.3243408203125,1112.49462890625,1121.6915283203125
2023-10-25,1106.3897420956548,1108.8000332949312,1086.6327824153752,1089.369140625,2104480.0,1104.1552490234376,1097.27490234375,1088.6480224609375,47.308954510490686,-1.3678361894478712,1096.8966064453125,1100.3243408203125,1112.49462890625
2023-10-26,1086.2376541478334,1090.0902855271613,1055.1995466644082,1071.2125244140625,1544145.0,1094.0594482421875,1094.3973022460937,1088.1955871582031,42.050496592419705,-3.2188435914401907,1089.369140625,1096.8966064453125,1100.3243408203125
2023-10-27,1071.2025403704936,1077.5346793496562,1057.1948037012917,1066.34228515625,2159725.0,1084.8289794921875,1091.77158203125,1087.2161254882812,40.74233605001267,-5.020890202268902,1071.2125244140625,1089.369140625,1096.8966064453125
2023-10-30,1065.6805875325788,1065.6805875325788,1028.4584216588312,1056.07861328125,2691600.0,1075.979833984375,1089.5024780273438,1086.3888000488282,38.055480769041665,-7.194286412151541,1066.34228515625,1071.2125244140625,1089.369140625
2023-10-31,1061.7390841941728,1074.9662628669475,1057.609826474309,1060.4647216796875,1884070.0,1068.69345703125,1087.0219970703124,1084.220965576172,39.8801229766639,-8.46521455150446,1056.07861328125,1066.34228515625,1071.2125244140625
2023-11-01,1063.9122899567378,1070.9062103457218,1049.9836573532384,1056.2960205078125,1376665.0,1062.0788330078126,1083.117041015625,1083.0824768066407,38.712944886562845,-9.697032252155395,1060.4647216796875,1056.07861328125,1066.34228515625
2023-11-02,1062.9245290568972,1069.8394655842192,1051.7421419023888,1054.725341796875,2365835.0,1058.781396484375,1076.4204223632812,1082.2991088867188,38.25860481464307,-10.67692040764473,1056.2960205078125,1060.4647216796875,1056.07861328125
2023-11-03,1062.3316966097595,1062.3316966097595,1036.6674264752176,1039.818603515625,2921805.0,1053.47666015625,1069.1528198242188,1080.8746337890625,34.16095543594706,-12.512106256658853,1054.725341796875,1056.2960205078125,1060.4647216796875
2023-11-06,1047.1188435598085,1058.4099988651133,1043.799688865746,1054.646240234375,2847485.0,1053.190185546875,1064.585009765625,1080.0171813964844,40.93726466619147,-12.624510402890337,1039.818603515625,1054.725341796875,1056.2960205078125
2023-11-07,1061.7390453782464,1081.3082509400908,1051.0306865710827,1067.7352294921875,3498735.0,1054.644287109375,1061.6688720703125,1079.1231750488282,46.201096190517376,-11.52457136979433,1054.646240234375,1039.818603515625,1054.725341796875
2023-11-08,1072.5856652071077,1086.701931586353,1068.1797809849495,1077.4556884765625,2096955.0,1058.876220703125,1060.4775268554688,1078.8762145996093,49.78061892094063,-9.756040397876859,1067.7352294921875,1054.646240234375,1039.818603515625
2023-11-09,1082.4640969456968,1086.425377023484,1074.7786106602268,1078.324951171875,1642660.0,1063.596142578125,1061.18876953125,1077.793035888672,50.10035972746132,-8.189916368424974,1077.4556884765625,1067.7352294921875,1054.646240234375
2023-11-10,1074.7687201694455,1076.8926174557955,1061.3438998099334,1071.7952880859375,1144920.0,1069.9914794921874,1061.7340698242188,1076.7528259277344,47.64632591761287,-7.390448541739033,1078.324951171875,1077.4556884765625,1067.7352294921875
2023-11-13,1072.802967877276,1083.0370590672587,1063.339427096795,1070.797607421875,855910.0,1073.2217529296875,1063.2059692382813,1076.3542236328126,47.265375655372736,-6.759450285580215,1071.7952880859375,1078.324951171875,1077.4556884765625
2023-11-15,1072.9906002567618,1077.7718715732071,1067.8637268320456,1070.8173828125,1422405.0,1073.83818359375,1064.2412353515624,1075.6316162109374,47.274374335216216,-6.186470135940681,1070.797607421875,1071.7952880859375,1078.324951171875
2023-11-16,1071.815093168543,1101.45053353265,1070.9952227297588,1095.375244140625,1695060.0,1077.4220947265626,1068.1491577148438,1075.6330993652343,57.07113513063051,-3.7080213072165407,1070.8173828125,1070.797607421875,1071.7952880859375
2023-11-17,1099.4748301168029,1114.193789516073,1095.5234380948195,1108.6717529296875,2120630.0,1083.491455078125,1073.543798828125,1074.982110595703,61.26745479570737,-0.6632698564424118,1095.375244140625,1070.8173828125,1070.797607421875
2023-11-20,1109.3433801020942,1117.4733495860355,1103.6040461123553,1107.2095947265625,2001625.0,1090.57431640625,1080.2828979492188,1074.7178588867187,60.566335562051144,1.6131384019656707,1108.6717529296875,1095.375244140625,1070.8173828125
2023-11-21,1108.3654441007511,1121.9879064623149,1107.4763567929135,1115.56689453125,1903465.0,1099.528173828125,1086.3749633789062,1075.4799865722657,63.16125103533724,4.044944988819225,1107.2095947265625,1108.6717529296875,1095.375244140625
2023-11-22,1117.2758970906352,1132.0738412716405,1117.2758970906352,1119.1429443359375,2124580.0,1109.1932861328125,1091.5157348632813,1076.592303466797,64.24545161735088,6.189379250815364,1115.56689453125,1107.2095947265625,1108.6717529296875
2023-11-23,1121.2074880557775,1123.0745352596216,1108.1382782157823,1115.2113037109375,1511300.0,1113.160498046875,1095.2912963867188,1077.8844116210937,62.082104872237814,7.485322178296201,1119.1429443359375,1115.56689453125,1107.2095947265625
2023-11-24,1116.2583424800105,1137.378537365766,1109.353294665068,1115.507568359375,2305405.0,1114.5276611328125,1099.0095581054688,1080.0991638183593,62.18543656433779,8.438992909065973,1115.2113037109375,1119.1429443359375,1115.56689453125
2023-11-28,1115.6755863009662,1129.0016465440929,1115.6755863009662,1121.3656005859375,1555790.0,1117.3588623046876,1103.9665893554688,1082.8503295898438,64.25943010968635,9.557307386756065,1115.507568359375,1115.2113037109375,1119.1429443359375
2023-11-29,1125.7318632327388,1134.8399141087427,1117.058648800829,1129.179443359375,1602385.0,1120.0813720703125,1109.8047729492187,1086.50537109375,66.86962121826772,10.947891003491122,1121.3656005859375,1115.507568359375,1115.2113037109375
2023-11-30,1131.0859747735626,1145.9036949671026,1129.3078001155716,1143.5625,4267760.0,1124.965283203125,1117.0792846679688,1090.6602600097656,71.05938715917326,13.059983643165424,1129.179443359375,1121.3656005859375,1115.507568359375
2023-12-01,1145.9036327351157,1157.0762510359996,1133.940808418974,1135.9066162109375,1391500.0,1129.104345703125,1121.132421875,1094.6407897949218,66.2563113644463,13.955199584031561,1143.5625,1129.179443359375,1121.3656005859375
2023-12-04,1145.9036819385344,1145.9036819385344,1131.7577516128458,1137.2105712890625,1121300.0,1133.4449462890625,1123.9863037109376,1098.7650512695313,66.66954080964643,14.601565189699613,1135.9066162109375,1143.5625,1129.179443359375
2023-12-05,1138.988644182628,1149.6574498824132,1134.4445678982393,1141.2508544921875,1121875.0,1137.4219970703125,1127.3904296875,1103.8366638183593,67.97806031750517,15.263879179692367,1137.2105712890625,1135.9066162109375,1143.5625
2023-12-06,1145.1133938580676,1149.855112660507,1127.737180687956,1132.1429443359375,2659705.0,1138.014697265625,1129.0480346679688,1107.7114990234375,62.06294895404142,14.882281875288527,1141.2508544921875,1137.2105712890625,1135.9066162109375
2023-12-07,1140.0457368612222,1155.762432975,1136.0943446929152,1142.9599609375,3791150.0,1137.894189453125,1131.429736328125,1111.4727355957032,65.86224043781417,15.276606885634692,1132.1429443359375,1141.2508544921875,1137.2105712890625
2023-12-08,1142.9105097513764,1142.9105097513764,1128.5176169694118,1138.771484375,1142525.0,1138.4671630859375,1133.7857543945313,1114.538525390625,63.22201707530039,15.077335109431488,1142.9599609375,1132.1429443359375,1141.2508544921875
2023-12-11,1086.6327370580595,1102.043140848047,1060.9486905457782,1081.3970947265625,9493150.0,1127.3044677734374,1130.37470703125,1114.6921325683593,39.728330960977885,10.172514627808141,1138.771484375,1142.9599609375,1132.1429443359375
2023-12-12,1086.6328556183337,1113.265200473674,1082.1677631358857,1094.604736328125,4281525.0,1117.975244140625,1127.6986206054687,1115.8326049804687,44.81245105706247,7.2673815049765835,1081.3970947265625,1138.771484375,1142.9599609375
2023-12-13,1099.3662001658338,1108.36548117985,1092.6290091241065,1106.123046875,3111975.0,1112.7712646484374,1125.3929809570313,1117.598876953125,48.86362345712444,5.827300480799522,1094.604736328125,1081.3970947265625,1138.771484375
2023-12-14,1108.7308926567175,1111.6449958582605,1100.0476706366603,1101.12451171875,3164560.0,1104.4041748046875,1121.1491821289062,1119.1142333984376,47.242878708078706,4.233880344198951,1106.123046875,1094.604736328125,1081.3970947265625
2023-12-15,1106.3897647403758,1109.3533087530732,1094.930752008662,1104.305419921875,3636220.0,1097.5109619140626,1117.9890625,1119.5607421875,48.4154563680294,3.190972568545021,1101.12451171875,1106.123046875,1094.604736328125
2023-12-18,1103.4263244216177,1123.9736130753402,1101.4407400995628,1104.62158203125,3279260.0,1102.155859375,1114.7301635742188,1119.3582336425782,48.537887398266996,2.362736131176007,1104.305419921875,1101.12451171875,1106.123046875
2023-12-19,1110.341116526161,1115.477877727283,1105.0067133792047,1113.7886962890625,1123370.0,1105.9926513671876,1111.9839477539062,1119.687188720703,52.08862099721811,2.4181869414824178,1104.62158203125,1104.305419921875,1101.12451171875
2023-12-20,1116.2682352539618,1120.4369248553785,1096.9163267805764,1102.2703857421875,1307230.0,1105.222119140625,1108.9966918945313,1119.02236328125,47.64077146475188,1.5152340348038251,1113.7886962890625,1104.62158203125,1104.305419921875
2023-12-21,1094.5356072467723,1105.204414108132,1080.9428088311224,1097.400390625,1681900.0,1104.477294921875,1104.4407348632812,1117.935235595703,45.85779811929715,0.40203503549605557,1102.2703857421875,1113.7886962890625,1104.62158203125
2023-12-22,1102.043155371978,1117.4535593650603,1098.486926848483,1111.8624267578125,1315040.0,1105.9886962890625,1101.7498291015625,1117.7677917480469,51.64529063445916,0.67895568155609,1097.400390625,1102.2703857421875,1113.7886962890625
2023-12-26,1111.8229475010878,1125.1588957829756,1106.8935955238471,1112.74169921875,1658265.0,1107.6127197265625,1104.8842895507812,1117.6294982910156,51.981370889343594,0.9583203078996121,1111.8624267578125,1097.400390625,1102.2703857421875
2023-12-27,1113.2651151845712,1130.493246571697,1106.64658198763,1129.011474609375,1473880.0,1110.657275390625,1108.3249633789062,1118.0117919921875,57.822866450458235,2.4641485185845795,1112.74169921875,1111.8624267578125,1097.400390625
2023-12-28,1129.871018065818,1163.8431280167792,1120.397588740355,1157.471435546875,4888545.0,1121.6974853515626,1113.4598022460937,1119.4263916015625,65.68640382617615,5.886157265347947,1129.011474609375,1112.74169921875,1111.8624267578125
2023-12-29,1151.8505735180747,1154.6955806538322,1138.198446282554,1145.48876953125,1452615.0,1131.3151611328126,1117.8962280273438,1119.522705078125,60.56633251795239,7.544257344724201,1157.471435546875,1129.011474609375,1112.74169921875
2024-01-01,1145.903691800678,1157.7578679227538,1145.903691800678,1150.1810302734375,978400.0,1138.9788818359375,1122.4837890625,1120.23642578125,61.82130714287596,9.131675559057157,1145.48876953125,1157.471435546875,1129.011474609375
2024-01-02,1147.2965339096932,1175.341551987054,1147.0199075398127,1170.9554443359375,2869280.0,1150.621630859375,1129.1171752929688,1121.9236694335937,66.85128227273039,11.928532825311322,1150.1810302734375,1145.48876953125,1157.471435546875
2024-01-03,1170.9555104947792,1179.4905318286933,1163.3293527474336,1171.963134765625,1412035.0,1159.211962890625,1134.934619140625,1123.4592834472655,67.07785930447034,14.064250628587388,1170.9554443359375,1150.1810302734375,1145.48876953125
2024-01-04,1170.0368897326205,1170.0368897326205,1150.8429495416774,1154.2410888671875,2048300.0,1158.5658935546876,1140.131689453125,1124.564190673828,59.38955401784237,14.163532988218094,1171.963134765625,1170.9554443359375,1150.1810302734375
2024-01-05,1159.7335323056514,1160.632507734721,1147.187911153464,1152.947021484375,1037255.0,1160.0575439453125,1145.6863525390625,1125.063543701172,58.859045504126094,13.97668008288133,1154.2410888671875,1171.963134765625,1170.9554443359375
2024-01-08,1161.88705640464,1161.9067120706632,1132.5874524050917,1138.267578125,1205700.0,1157.674853515625,1148.3268676757812,1125.038348388672,53.068055098623,12.499997224301296,1152.947021484375,1154.2410888671875,1171.963134765625
2024-01-09,1149.65762176187,1153.539797113381,1134.8595565133344,1135.9857177734375,1292220.0,1150.680908203125,1150.65126953125,1127.7677795410157,52.2081664232803,11.0185731079182,1138.267578125,1152.947021484375,1154.2410888671875
2024-01-10,1135.8375912205097,1145.9037046755514,1124.210600716231,1143.374755859375,1273855.0,1144.963232421875,1152.08759765625,1130.206280517578,54.76424626427053,10.321784338599855,1135.9857177734375,1138.267578125,1152.947021484375
2024-01-11,1141.5572175517927,1141.5572175517927,1115.3002589869975,1124.6551513671875,2964925.0,1139.046044921875,1148.8059692382812,1131.1328857421875,47.79064570741958,8.164938256838695,1143.374755859375,1135.9857177734375,1138.267578125
2024-01-12,1133.0320010975113,1133.0320010975113,1115.4878108237924,1123.94384765625,1385710.0,1133.24541015625,1146.6514770507813,1132.2738525390625,47.54290988974833,6.325311677300078,1124.6551513671875,1143.374755859375,1135.9857177734375
2024-01-15,1133.6445211188595,1145.7062279274571,1126.541951451013,1142.594482421875,1665610.0,1134.110791015625,1145.892822265625,1134.1883056640625,54.24092827264347,6.2997254019589946,1123.94384765625,1124.6551513671875,1143.374755859375
2024-01-16,1143.927962796448,1143.927962796448,1127.3419565960696,1137.6353759765625,1142145.0,1134.44072265625,1142.5608154296874,1135.8389953613282,52.32769365943992,5.812289197413747,1142.594482421875,1123.94384765625,1124.6551513671875
2024-01-17,1134.0495761097857,1134.0495761097857,1111.724234007587,1116.2584228515625,1778960.0,1129.0174560546875,1136.9903442382813,1135.9624816894532,44.96491200254997,3.6588738112611736,1137.6353759765625,1142.594482421875,1123.94384765625
2024-01-18,1115.7644988201555,1119.8838686533795,1090.7126864176385,1116.2584228515625,1727635.0,1127.3381103515626,1133.1920776367188,1136.661883544922,44.96491200254998,1.930028436796647,1116.2584228515625,1137.6353759765625,1142.594482421875
2024-01-19,1121.2273709451104,1129.1004913695986,1108.7310683494711,1119.8641357421875,1641460.0,1126.52216796875,1129.8837890625,1137.7850708007813,46.439166162355235,0.8411605428154871,1116.2584228515625,1116.2584228515625,1137.6353759765625
2024-01-23,1116.643673074644,1136.8155734771135,1114.4802231603037,1121.0889892578125,2329945.0,1122.2210693359375,1128.1659301757813,1138.2463989257812,46.95894968244127,0.07618215370280268,1119.8641357421875,1116.2584228515625,1116.2584228515625
2024-01-24,1127.717465156292,1168.6242882498152,1124.7638090197574,1166.07568359375,5244260.0,1127.909130859375,1131.1749267578125,1140.9130981445312,61.6713445728179,3.064654107507522,1121.0889892578125,1119.8641357421875,1116.2584228515625
2024-01-25,1166.0755853483474,1170.599885799473,1150.2502410160382,1156.8687744140625,2677510.0,1136.031201171875,1132.5243286132813,1142.3059631347655,58.11831568978876,4.63667038623953,1166.07568359375,1121.0889892578125,1119.8641357421875
2024-01-29,1145.903693610344,1164.1986580815465,1134.0890699778297,1154.5374755859375,1509570.0,1143.68701171875,1135.5125610351563,1142.1592651367187,57.219382822662745,5.629494967205119,1156.8687744140625,1166.07568359375,1121.0889892578125
2024-01-30,1165.4531510428926,1175.3415184956202,1152.0282108156766,1153.9940185546875,1576585.0,1150.51298828125,1138.517578125,1142.5845275878905,56.99805996765423,6.299842497181544,1154.5374755859375,1156.8687744140625,1166.07568359375
2024-01-31,1150.8528192305043,1212.5834316991347,1147.2965905135763,1209.3531494140625,7857425.0,1168.1658203125,1145.1934448242187,1145.5431335449218,69.80875829210753,11.169363479566982,1153.9940185546875,1154.5374755859375,1156.8687744140625
2024-02-01,1203.0901704030496,1214.9344578351695,1175.5588524914333,1184.064208984375,3112555.0,1171.763525390625,1149.836328125,1146.1985717773437,60.88547811258532,12.83987767958547,1209.3531494140625,1153.9940185546875,1154.5374755859375
2024-02-02,1188.568711794277,1200.1759251551705,1184.637096264663,1193.2215576171875,1686230.0,1179.03408203125,1157.5326416015625,1147.261492919922,62.74264297617867,14.732862454529823,1184.064208984375,1209.3531494140625,1153.9940185546875
2024-02-05,1193.1228029223005,1212.6821199912629,1183.6591423803054,1204.0780029296875,2126485.0,1188.9421875,1166.314599609375,1149.7533386230468,64.8720922529503,16.91411553726948,1193.2215576171875,1184.064208984375,1209.3531494140625
2024-02-06,1202.21101530907,1222.9558232971476,1201.964053309212,1218.3326416015625,2587065.0,1201.809912109375,1176.1614501953125,1153.0226196289063,67.49877842750948,19.567443225066654,1204.0780029296875,1193.2215576171875,1184.064208984375
2024-02-07,1218.2142039130538,1222.9559229314025,1211.2202829185674,1220.9307861328125,2953275.0,1204.125439453125,1186.1456298828125,1157.155780029297,67.96890997989678,21.630529800904014,1218.3326416015625,1204.0780029296875,1193.2215576171875
2024-02-08,1228.4878215235815,1228.8730967368556,1210.1138717515146,1217.0386962890625,1791205.0,1210.7203369140625,1191.2419311523438,1161.208428955078,66.41896580050376,22.68992630667799,1220.9307861328125,1218.3326416015625,1204.0780029296875
2024-02-09,1213.0773407418094,1225.9589172150231,1206.0043153164709,1216.2088623046875,1238970.0,1215.3177978515625,1197.1759399414063,1164.8501342773438,66.07300820060726,23.19516557248585,1217.0386962890625,1220.9307861328125,1218.3326416015625
2024-02-12,1231.7082565408996,1262.16356978174,1230.8587216528863,1251.30712890625,4296460.0,1224.763623046875,1206.8529052734375,1171.1827331542968,72.57875395986228,26.126537654112553,1216.2088623046875,1217.0386962890625,1220.9307861328125
2024-02-13,1254.5670553400792,1266.3915678578164,1246.8716802474612,1251.672607421875,2086675.0,1231.4316162109376,1216.6207641601563,1177.5691711425782,72.63759317844202,28.15461335288296,1251.30712890625,1216.2088623046875,1217.0386962890625
2024-02-14,1250.6254229770534,1252.5813426713023,1219.02417594165,1236.459716796875,1724345.0,1234.53740234375,1219.3314208984375,1182.262432861328,66.26389833424093,28.20914733080417,1251.672607421875,1251.30712890625,1216.2088623046875
2024-02-15,1232.8539881520317,1244.4908656635437,1226.1365740190986,1235.33349609375,1469095.0,1238.1963623046875,1224.458349609375,1187.1473388671875,65.80356156180252,27.840560649657846,1236.459716796875,1251.672607421875,1251.30712890625
2024-02-16,1239.1465982158309,1257.668747184833,1234.286342915078,1248.0767822265625,1275915.0,1244.5699462890625,1229.9438720703124,1193.7382568359376,68.47245623593213,28.251069002378472,1235.33349609375,1236.459716796875,1251.672607421875
2024-02-19,1248.0769015160752,1275.1044094044669,1247.6520738008755,1267.8338623046875,1393520.0,1247.87529296875,1236.3194580078125,1201.3170288085937,72.10716208870575,29.82680621940426,1248.0767822265625,1235.33349609375,1236.459716796875
2024-02-20,1268.792009404617,1277.287478181558,1252.699926718136,1259.7037353515625,1399485.0,1249.4815185546875,1240.4565673828124,1208.3090087890625,68.60225296323735,30.072894410620847,1267.8338623046875,1248.0767822265625,1235.33349609375
2024-02-21,1261.8771251302517,1264.9493181000512,1245.676392967924,1254.3990478515625,995895.0,1253.069384765625,1243.8033935546875,1214.97451171875,66.33657306394367,29.499821547208057,1259.7037353515625,1267.8338623046875,1248.0767822265625
2024-02-22,1259.5062256538408,1260.4545211653435,1231.125371329681,1257.3231201171875,1420120.0,1257.4673095703124,1247.8318359375,1219.536883544922,66.98386381372357,28.947911860057275,1254.3990478515625,1259.7037353515625,1267.8338623046875
2024-02-23,1258.0639998722272,1283.0269385103688,1257.1353600327382,1272.7730712890625,1842255.0,1262.4065673828125,1253.4882568359376,1225.332098388672,70.23996712041176,29.41808798941838,1257.3231201171875,1254.3990478515625,1259.7037353515625
2024-02-26,1273.3459947936362,1282.2267389084602,1260.6225073837643,1272.4964599609375,1089190.0,1263.3390869140626,1255.6071899414062,1231.230047607422,70.10665834806983,29.429144873832,1272.7730712890625,1257.3231201171875,1254.3990478515625
2024-02-27,1267.6065646009167,1276.2206912095126,1261.5313955865531,1274.2449951171875,966475.0,1266.2473388671874,1257.8644287109375,1237.2425964355468,70.48795485448585,29.241917090622565,1272.4964599609375,1272.7730712890625,1257.3231201171875
2024-02-28,1273.0298332404957,1285.3681662044671,1262.8847351590846,1269.9873046875,1560230.0,1269.364990234375,1261.2171875,1240.2743041992187,68.20656790345546,28.422342615476282,1274.2449951171875,1272.4964599609375,1272.7730712890625
2024-02-29,1260.899071144159,1278.848191725676,1255.9697193817487,1269.2364501953125,5513940.0,1271.74765625,1264.6074829101562,1244.5329162597657,67.78987580352295,27.39642729664888,1269.9873046875,1274.2449951171875,1272.4964599609375
2024-03-01,1274.126343448802,1278.867941291282,1219.4193187548394,1223.6571044921875,2876430.0,1261.924462890625,1262.1655151367188,1246.0546936035157,48.442801250400294,22.64447828937932,1269.2364501953125,1269.9873046875,1274.2449951171875
2024-03-04,1232.834281041306,1272.219775244365,1232.63675967975,1251.6231689453125,2196055.0,1257.7498046875,1260.5444458007812,1248.431951904297,56.62290610399608,20.894295709695143,1223.6571044921875,1269.2364501953125,1269.9873046875
2024-03-05,1251.5836002060869,1253.0160521129817,1234.2172763260126,1245.3404541015625,1040180.0,1251.968896484375,1259.1081176757812,1249.7823425292968,54.529740143278794,18.78377318013122,1251.6231689453125,1223.6571044921875,1269.2364501953125
2024-03-06,1245.3404515636942,1251.0106892460517,1222.9557828721518,1247.5828857421875,1207130.0,1247.4880126953126,1258.4265014648438,1251.1149475097657,55.16678199942746,17.095053230236317,1245.3404541015625,1251.6231689453125,1223.6571044921875
2024-03-07,1245.7750631263696,1258.458997421831,1245.7750631263696,1249.459716796875,1174600.0,1243.532666015625,1257.6401611328124,1252.7359985351563,55.725871332448875,15.726885339607406,1247.5828857421875,1245.3404541015625,1251.6231689453125
2024-03-11,1258.3208411141743,1269.1080641883866,1246.6641863823313,1261.9659423828125,1412365.0,1251.19443359375,1256.5594482421875,1255.0238525390625,59.36246217983897,15.473382790105461,1249.459716796875,1247.5828857421875,1245.3404541015625
2024-03-12,1262.1042182543192,1269.9773377062218,1238.0204797024203,1245.11328125,1647055.0,1249.8924560546875,1253.8211303710937,1254.71416015625,53.040148190180396,13.754063006651904,1261.9659423828125,1249.459716796875,1247.5828857421875
2024-03-13,1245.1625826135423,1254.5669145265765,1234.5728813782391,1245.439208984375,1051325.0,1249.91220703125,1250.9405517578125,1254.402490234375,53.144084213936736,12.276276066726496,1245.11328125,1261.9659423828125,1249.459716796875
2024-03-14,1241.1323077344978,1248.6695931405905,1226.6899741414811,1243.6217041015625,2001060.0,1249.119970703125,1248.3039916992188,1254.7605895996094,52.44697824160915,10.833579059703197,1245.439208984375,1245.11328125,1261.9659423828125
2024-03-15,1241.744630630213,1246.3775795639558,1227.7962226105608,1241.705078125,2429735.0,1247.56904296875,1245.5508544921875,1255.079168701172,51.67715863193458,9.426908061087943,1243.6217041015625,1245.439208984375,1245.11328125
2024-03-18,1243.1277558824236,1255.5350643797167,1238.376148997202,1252.7987060546875,902465.0,1245.735595703125,1248.4650146484375,1255.3152648925782,55.72777195423016,9.102348018830753,1241.705078125,1243.6217041015625,1245.439208984375
2024-03-19,1251.6033978283665,1251.6033978283665,1209.8074916734693,1212.0697021484375,1581835.0,1239.1268798828125,1244.50966796875,1252.5270568847657,41.85578451890254,5.495295275038416,1252.7987060546875,1241.705078125,1243.6217041015625
2024-03-20,1210.1038763892243,1212.7019213765184,1190.001194296077,1205.8265380859375,1385185.0,1231.204345703125,1240.5582763671875,1249.8331970214845,40.20374965165259,2.1086021713547325,1212.0697021484375,1252.7987060546875,1241.705078125
2024-03-21,1210.1138565300355,1216.238466181379,1197.271831930125,1210.74609375,1626230.0,1224.6292236328125,1236.8745971679687,1247.6505493164063,42.141667877709224,-0.1763763289434337,1205.8265380859375,1212.0697021484375,1252.7987060546875
2024-03-22,1210.9040905839054,1232.7157303632432,1206.1722602169682,1225.563720703125,1528595.0,1221.4009521484375,1234.4849975585937,1246.0625793457032,47.645360038401265,-0.7825587436977912,1210.74609375,1205.8265380859375,1212.0697021484375
2024-03-26,1222.9559298473498,1227.1938367219548,1206.369921904011,1212.0599365234375,1361275.0,1213.2531982421874,1229.4943969726562,1243.026922607422,43.57710548688726,-2.325794886472295,1225.563720703125,1210.74609375,1205.8265380859375
2024-03-27,1215.250566241981,1215.250566241981,1192.1546750858215,1194.13037109375,1452965.0,1209.66533203125,1224.3961059570313,1239.1086181640626,38.83559779960638,-4.938656971225555,1212.0599365234375,1225.563720703125,1210.74609375
2024-03-28,1200.827978134156,1226.8676363680293,1200.827978134156,1216.61376953125,2586915.0,1211.8227783203124,1221.5135620117187,1236.2270568847657,46.671583648152165,-5.135942695362928,1194.13037109375,1212.0599365234375,1225.563720703125
2024-04-01,1227.89511778296,1241.221178239701,1216.613849717541,1234.879150390625,772020.0,1216.6493896484376,1220.639306640625,1234.4716491699219,52.04644399119669,-3.7749146021831166,1216.61376953125,1194.13037109375,1212.0599365234375
2024-04-02,1238.5539338637718,1238.5539338637718,1226.116841209659,1232.3502197265625,1191030.0,1218.006689453125,1219.7038208007812,1232.6273376464844,51.275869891310165,-2.8673011393925663,1234.879150390625,1216.61376953125,1194.13037109375
2024-04-03,1232.3502438814726,1238.3662043187776,1207.545395559917,1209.9952392578125,1346125.0,1217.59375,1215.4234741210937,1231.9442443847656,44.94163365543373,-3.9068354593357526,1232.3502197265625,1234.879150390625,1216.61376953125
2024-04-04,1216.0409091053623,1219.9923011739418,1194.802176736747,1213.5712890625,1995095.0,1221.48193359375,1215.5736328125,1230.041650390625,46.08892355534101,-4.3914941533978435,1209.9952392578125,1232.3502197265625,1234.879150390625
2024-04-05,1213.5712501722364,1245.8442872694238,1213.0773261794925,1220.841796875,2705055.0,1222.3275390625,1217.0751586914062,1228.816717529297,48.44125263181303,-4.141183456826411,1213.5712890625,1209.9952392578125,1232.3502197265625
2024-04-08,1228.3791350542704,1230.216517916464,1212.0994188419195,1219.9034423828125,1420525.0,1219.3323974609375,1217.9908935546875,1227.4327453613282,48.149243510916506,-3.9727326032561905,1220.841796875,1213.5712890625,1209.9952392578125
2024-04-09,1225.366100265831,1230.8981454677676,1216.0408731414925,1218.5894775390625,643620.0,1216.5802490234375,1217.2934692382812,1225.8892333984375,47.715491060798264,-3.9002998410912824,1219.9034423828125,1220.841796875,1213.5712890625
2024-04-10,1224.911716665178,1224.911716665178,1214.0651651588848,1216.61376953125,980420.0,1217.903955078125,1217.7488525390625,1223.6216247558593,47.02945628877838,-3.9567090013736106,1218.5894775390625,1219.9034423828125,1220.841796875
2024-04-12,1218.7871916350614,1222.7583600755188,1200.235376382705,1201.98388671875,1974255.0,1215.586474609375,1218.5342041015624,1221.465155029297,42.191974414741026,-5.122869690325615,1216.61376953125,1218.5894775390625,1219.9034423828125
2024-04-15,1199.8797149754064,1199.8797149754064,1181.9106970635771,1187.561279296875,1349665.0,1208.93037109375,1215.628955078125,1218.5712585449219,38.038078746105036,-7.128669458168815,1201.98388671875,1216.61376953125,1218.5894775390625
2024-04-16,1186.5734832174105,1200.008192552713,1182.4640015734276,1195.365234375,2041490.0,1204.0227294921874,1211.6775634765625,1216.1584350585938,41.399937598256344,-7.996388877361824,1187.561279296875,1201.98388671875,1216.61376953125
2024-04-18,1205.1647830749127,1210.6078357041022,1173.0992726240056,1176.951904296875,2988680.0,1195.69521484375,1206.1377319335938,1212.9207763671875,36.3838459247157,-10.053968726239646,1195.365234375,1187.561279296875,1201.98388671875
2024-04-19,1185.4176207395371,1185.4176207395371,1161.8673577718482,1174.12646484375,1713255.0,1187.19775390625,1202.5508544921875,1208.9871643066406,35.66967320130148,-11.776848749669625,1176.951904296875,1195.365234375,1187.561279296875
2024-04-22,1180.478428650823,1198.0621723081726,1176.2306337690263,1188.5985107421875,1667285.0,1184.5206787109375,1200.0535766601563,1207.8136047363282,41.95448051175042,-11.838009223425388,1174.12646484375,1176.951904296875,1195.365234375
2024-04-23,1195.2959986037622,1198.2595424019537,1172.3581985466203,1175.9539794921875,1494175.0,1182.19921875,1195.564794921875,1206.3199768066406,38.4224924313861,-12.759701441058269,1188.5985107421875,1174.12646484375,1176.951904296875
2024-04-24,1177.524760394944,1184.4001442156714,1169.8194973919824,1175.697265625,1334935.0,1178.265625,1191.1441772460937,1204.5675354003906,38.35189985339822,-13.356893869451824,1175.9539794921875,1188.5985107421875,1174.12646484375
2024-04-25,1180.4881657448243,1237.180772978876,1171.1924829492018,1228.6358642578125,4634925.0,1188.6024169921875,1192.1488159179687,1204.721142578125,56.21645556686981,-9.449542247262798,1175.697265625,1175.9539794921875,1188.5985107421875
2024-04-26,1229.8510196040572,1246.4370265954572,1220.7529778466042,1235.2249755859375,2063090.0,1200.822119140625,1194.0099365234375,1205.87939453125,57.85354593195935,-5.754912668121733,1228.6358642578125,1175.697265625,1175.9539794921875
2024-04-29,1238.761420889781,1249.6277491432002,1225.3958081972153,1244.1156005859375,1485530.0,1211.925537109375,1198.2231079101562,1208.3786560058593,60.02542538904433,-2.0854531668787786,1235.2249755859375,1228.6358642578125,1175.697265625
2024-04-30,1244.6687779928943,1247.2569350838062,1221.96804889266,1225.7811279296875,1906520.0,1221.890966796875,1202.0450927734375,1208.8370239257813,53.86128908827603,-0.6493336764674495,1244.1156005859375,1235.2249755859375,1228.6358642578125
2024-05-02,1223.9931245279834,1244.6489395861124,1223.9931245279834,1242.2188720703125,3134765.0,1235.1952880859376,1206.7304565429688,1209.2040100097656,58.023304727544854,1.7945040172830886,1225.7811279296875,1244.1156005859375,1235.2249755859375
2024-05-03,1244.6687652312485,1268.3771184024129,1236.3905937588402,1254.4781494140625,2906840.0,1240.3637451171876,1214.4830810546875,1210.3104064941406,60.859109267823236,4.666689531064549,1242.2188720703125,1225.7811279296875,1244.1156005859375
2024-05-06,1260.4347881108058,1260.4941168757664,1234.088957686845,1243.3944091796875,2263770.0,1241.9976318359375,1221.4098754882812,1211.9803649902344,57.10304131844666,5.979622669535047,1254.4781494140625,1242.2188720703125,1225.7811279296875
2024-05-07,1250.5958901236638,1254.5670586899605,1224.9316163587014,1236.3116455078125,1586770.0,1240.4368408203125,1226.1811889648438,1213.1173828125,54.77653877981019,6.375123352123865,1243.3944091796875,1254.4781494140625,1242.2188720703125
2024-05-08,1205.1745528747954,1208.1282087303796,1176.072589554664,1196.5506591796875,4940700.0,1234.5907470703125,1228.2408569335937,1211.9028259277343,43.95094772908309,3.4405210077250103,1236.3116455078125,1243.3944091796875,1254.4781494140625
2024-05-09,1200.1365689563925,1200.1365689563925,1159.7335613145092,1161.1856689453125,2534535.0,1218.3841064453125,1226.789697265625,1208.9669372558594,36.95520644638845,-1.7190159019705789,1196.5506591796875,1236.3116455078125,1243.3944091796875
2024-05-10,1160.7214168156038,1172.5755929873376,1149.479701589266,1169.8095703125,1480900.0,1201.450390625,1220.9070678710937,1206.5279418945313,39.48476726212455,-5.053851652047797,1161.1856689453125,1196.5506591796875,1236.3116455078125
2024-05-13,1169.8094631286208,1175.341507971422,1155.8808315204287,1167.3497314453125,852820.0,1186.241455078125,1214.1195434570313,1204.0647399902343,39.00404623076058,-7.805247415421945,1169.8095703125,1161.1856689453125,1196.5506591796875
2024-05-14,1173.346231526245,1174.6303616891694,1156.7701116599735,1159.49658203125,1186650.0,1170.8784423828124,1205.6576416015625,1201.9403747558595,37.43698387833212,-10.498412739809282,1167.3497314453125,1169.8095703125,1161.1856689453125
2024-05-15,1162.6971316073802,1178.8879752936516,1157.757891456117,1160.721435546875,1458405.0,1163.71259765625,1199.1516723632812,1200.5983825683593,37.8563548008519,-12.391093408783036,1159.49658203125,1167.3497314453125,1169.8095703125
2024-05-16,1171.1925034365436,1171.1925034365436,1127.9248356513217,1155.861083984375,3660485.0,1162.6476806640626,1190.5158935546874,1198.6231750488282,36.80215695379538,-14.120474189644938,1160.721435546875,1159.49658203125,1167.3497314453125
2024-05-17,1155.8611564245764,1157.056534516084,1144.125517239304,1145.8148193359375,3006695.0,1157.84873046875,1179.649560546875,1197.0663208007813,34.654035831108985,-16.11589649202324,1155.861083984375,1160.721435546875,1159.49658203125
2024-05-21,1148.0669933876882,1152.4827655327774,1140.5692609355403,1141.9127197265625,2456865.0,1152.761328125,1169.5013916015625,1195.455633544922,33.82810889023287,-17.80688320498166,1145.8148193359375,1155.861083984375,1160.721435546875
2024-05-22,1155.7822206683618,1166.648549238748,1144.0070284789792,1160.2769775390625,2605110.0,1152.9174072265625,1161.8979248046876,1194.0395568847657,40.95984133016412,-17.463847861658905,1141.9127197265625,1145.8148193359375,1155.861083984375
2024-05-23,1166.144706217778,1172.1804431844068,1152.8186459979684,1165.206298828125,2827915.0,1153.8143798828125,1158.7634887695312,1193.5021728515626,42.74363132620753,-16.602847556946244,1160.2769775390625,1141.9127197265625,1145.8148193359375
2024-05-24,1164.9494340433291,1167.4584859979611,1153.5100768739046,1158.8939208984375,2122215.0,1154.420947265625,1158.5343139648437,1192.6620056152344,41.033893632816586,-16.24261994443168,1165.206298828125,1160.2769775390625,1141.9127197265625
2024-05-27,1158.893844654884,1163.674994960278,1145.133069676952,1160.2669677734375,3366290.0,1157.311376953125,1157.5800537109376,1189.2435607910156,41.58127149117283,-15.665758446656355,1158.8939208984375,1165.206298828125,1160.2769775390625
2024-05-28,1160.1583983592534,1186.4252433374163,1160.1583983592534,1178.56201171875,3966010.0,1164.6412353515625,1158.7012817382813,1186.4104125976562,48.44818407575404,-13.575840565905082,1160.2669677734375,1158.8939208984375,1165.206298828125
2024-05-29,1182.4540505952775,1188.9639351211868,1168.545194230141,1185.5657958984375,2533990.0,1169.6989990234374,1161.308203125,1183.4829223632812,50.83097007651516,-11.225023652795699,1178.56201171875,1160.2669677734375,1158.8939208984375
2024-05-30,1180.4784101545874,1180.4784101545874,1152.423501645245,1160.4744873046875,3005220.0,1168.75263671875,1161.2835083007812,1180.2175903320312,43.138266452450374,-11.256880903247975,1185.5657958984375,1178.56201171875,1160.2669677734375
2024-05-31,1165.6507254842734,1166.5793652884456,1136.5881945709211,1144.29345703125,5146590.0,1165.8325439453124,1160.1267456054688,1175.3213195800781,39.0354906344822,-12.444351182215541,1160.4744873046875,1185.5657958984375,1178.56201171875
2024-06-03,1173.148429603825,1173.148429603825,1141.3892143575636,1142.604248046875,2087555.0,1162.3,1159.8056884765624,1169.7276245117187,38.62252147725484,-13.36764113534855,1144.29345703125,1160.4744873046875,1185.5657958984375
2024-06-04,1147.28672794746,1151.307216377582,1106.3897953243377,1132.23193359375,3287175.0,1153.033984375,1158.8376098632812,1164.169500732422,36.097244596829974,-14.766099760014413,1142.604248046875,1144.29345703125,1160.4744873046875
2024-06-05,1133.6345489898831,1162.0450667299172,1131.2440340380645,1150.6749267578125,2542820.0,1146.055810546875,1157.8774047851562,1159.8876647949219,43.20771213202259,-14.222247663573853,1132.23193359375,1142.604248046875,1144.29345703125
2024-06-06,1152.8185975325466,1170.7973826097716,1142.2683280033132,1163.87255859375,3598380.0,1146.7354248046875,1157.7440307617187,1158.253759765625,47.69297480295295,-12.581273280150072,1150.6749267578125,1132.23193359375,1142.604248046875
2024-06-07,1163.8726359373472,1202.0332109254246,1160.968420552594,1197.5286865234375,3747525.0,1157.382470703125,1161.6075073242187,1160.0709106445313,57.01602312679961,-8.467413933730086,1163.87255859375,1150.6749267578125,1132.23193359375
2024-06-10,1197.528559242947,1216.5644084336686,1186.2177485094403,1206.3895263671875,3148275.0,1170.1395263671875,1166.2197631835938,1161.8999084472657,59.08373180665967,-4.440962390637651,1197.5286865234375,1163.87255859375,1150.6749267578125
2024-06-11,1202.2110749716994,1205.2240597542602,1190.94958310191,1193.1722412109375,2581810.0,1182.327587890625,1167.6807861328125,1163.1910339355468,54.84558056099582,-2.290096181127865,1206.3895263671875,1197.5286865234375,1163.87255859375
2024-06-12,1197.27172808438,1202.2109678867084,1183.6393779951902,1197.2816162109375,1932925.0,1191.64892578125,1168.8523681640625,1165.0802856445312,55.90463830558592,-0.2510332399892832,1193.1722412109375,1206.3895263671875,1197.5286865234375
2024-06-13,1209.1062226873971,1209.1062226873971,1191.6411368980196,1204.354736328125,2191150.0,1199.745361328125,1173.2403930664063,1167.2619506835938,57.74181188832557,1.913621475265245,1197.2816162109375,1193.1722412109375,1206.3895263671875
2024-06-14,1204.3842748504978,1208.8295910036177,1192.3523533247276,1202.260498046875,1985020.0,1200.6917236328125,1179.0370971679688,1169.5819213867187,56.98477702581962,3.4207066288804526,1204.354736328125,1197.2816162109375,1193.1722412109375
2024-06-18,1194.9010164626277,1197.6670393283696,1181.4663066581472,1183.68896484375,3076985.0,1196.151611328125,1183.1455688476562,1171.4756286621093,50.6437750061631,3.0809991104790697,1202.260498046875,1204.354736328125,1197.2816162109375
2024-06-19,1183.8271753805896,1185.348499883506,1169.6120282359077,1176.7640380859375,3056645.0,1192.869970703125,1187.598779296875,1173.218194580078,48.477606124344575,2.2273195856330403,1183.68896484375,1202.260498046875,1204.354736328125
2024-06-20,1170.599959581128,1184.6273538999894,1163.289859766781,1179.648681640625,2489735.0,1189.3433837890625,1190.4961547851562,1174.1867797851562,49.447601499032174,1.7632138074450268,1176.7640380859375,1183.68896484375,1202.260498046875
2024-06-21,1179.6880324340427,1196.2839270557083,1176.5566314521395,1187.6798095703125,2150475.0,1186.0083984375,1192.8768798828125,1175.3104553222656,52.148676568171254,2.0201643424873055,1179.648681640625,1176.7640380859375,1183.68896484375
2024-06-24,1185.0224445860906,1205.1745680378774,1180.0832045531483,1196.2740478515625,1624525.0,1184.8111083984375,1192.751416015625,1177.179461669922,54.924253963817954,2.8840373101270416,1187.6798095703125,1179.648681640625,1176.7640380859375
2024-06-25,1203.1988587840103,1204.226259287369,1188.588548339535,1200.9071044921875,1977490.0,1188.254736328125,1192.203173828125,1179.2114685058593,56.39271798116406,3.8975829021442223,1196.2740478515625,1187.6798095703125,1179.648681640625
2024-06-26,1197.9633074343649,1204.1177022095426,1190.416254288622,1199.2574462890625,1958240.0,1192.75341796875,1192.8116943359375,1180.246240234375,55.696952523344166,4.515657763992067,1200.9071044921875,1196.2740478515625,1187.6798095703125
2024-06-27,1185.4175714177072,1234.7013214198278,1184.4297234415258,1232.0242919921875,12168270.0,1203.2285400390624,1196.2859619140625,1182.5691650390625,64.94778223371534,7.56232339259509,1199.2574462890625,1200.9071044921875,1196.2740478515625
2024-06-28,1235.8868089009277,1268.3969226691936,1235.0174977753095,1264.9097900390625,5118295.0,1218.6745361328126,1202.3414672851563,1187.7909301757813,71.40192244495238,12.486476382931187,1232.0242919921875,1199.2574462890625,1200.9071044921875
2024-07-01,1270.3725439490208,1280.2510240730412,1252.0282594169578,1255.2979736328125,2251925.0,1230.4793212890625,1207.64521484375,1193.3411560058594,67.49035916337033,15.435380392719708,1264.9097900390625,1232.0242919921875,1199.2574462890625
2024-07-02,1253.5790685615375,1260.6816375537037,1241.5766916600555,1258.5677490234375,1819075.0,1242.0114501953126,1215.1330932617188,1199.1393310546875,68.12997613929218,17.830710284624047,1255.2979736328125,1264.9097900390625,1232.0242919921875
2024-07-03,1259.3086333056142,1289.2996830356485,1257.560123114646,1269.5625,2913200.0,1256.0724609375,1224.412939453125,1206.005859375,70.24957257130522,20.381268422740504,1258.5677490234375,1255.2979736328125,1264.9097900390625
2024-07-04,1270.3725038426333,1292.5003227392342,1258.538104321582,1280.12255859375,1744245.0,1265.6921142578126,1234.4603271484375,1212.4782409667969,72.16443033044672,22.989701627629756,1269.5625,1258.5677490234375,1255.2979736328125
2024-07-05,1280.122599426817,1293.517876361091,1275.5191939231809,1288.15380859375,1139175.0,1270.34091796875,1244.5077270507813,1218.6923034667968,73.55833663234081,25.41202449040452,1280.12255859375,1269.5625,1258.5677490234375
2024-07-08,1288.1537744297327,1299.0201022815174,1281.4363598865918,1290.9493408203125,807380.0,1277.47119140625,1253.9752563476563,1223.3633361816405,74.04554134911473,27.243265492242926,1288.15380859375,1280.12255859375,1269.5625
2024-07-09,1292.10524025156,1302.9715687246237,1270.5602165518826,1300.571044921875,1734640.0,1285.8718505859374,1263.941650390625,1228.072412109375,75.70480456819115,29.135077254010184,1290.9493408203125,1288.15380859375,1280.12255859375
2024-07-10,1298.9213100834113,1304.8385097321743,1280.8436441338567,1302.4874267578125,1287550.0,1292.4568359375,1274.2646484375,1233.5381713867187,76.03344698815509,30.43811604852931,1300.571044921875,1290.9493408203125,1288.15380859375
2024-07-11,1302.606060827278,1308.2960751628718,1291.0877189605887,1302.922119140625,1581340.0,1297.016748046875,1281.3544311523438,1238.8201965332032,76.11238038002416,31.14681858704057,1302.4874267578125,1300.571044921875,1290.9493408203125
2024-07-12,1302.0331231133196,1332.6069709124604,1296.9851136451937,1327.55908203125,2944400.0,1304.897802734375,1287.6193603515626,1244.9804138183595,80.1106003678005,33.31246213313716,1302.922119140625,1302.4874267578125,1300.571044921875
2024-07-15,1333.594843502611,1360.2568522453876,1324.2201753237573,1342.43603515625,3023975.0,1315.1951416015625,1296.3331665039063,1251.989190673828,82.06294490600906,35.81632770049896,1327.55908203125,1302.922119140625,1302.4874267578125
2024-07-16,1343.469472704041,1348.0404583026989,1318.9648511051007,1320.8330078125,1556420.0,1319.2475341796876,1302.5596923828125,1258.8463928222657,71.14230637299228,35.64656403838353,1342.43603515625,1327.55908203125,1302.922119140625
2024-07-18,1320.8231201045155,1333.3139698790128,1309.7732049782917,1325.0960693359375,1928535.0,1323.7692626953126,1308.1130493164062,1266.2629943847655,71.93598095017262,35.44740295411316,1320.8330078125,1342.43603515625,1327.55908203125
2024-07-19,1323.6054913983287,1335.2119352659145,1316.907977820108,1318.835693359375,900340.0,1326.9519775390625,1311.9843627929688,1273.222344970703,68.93750935582582,34.38800284774675,1325.0960693359375,1320.8330078125,1342.43603515625
2024-07-22,1307.7063162446502,1347.4542285925118,1307.7063162446502,1345.645751953125,2061455.0,1330.5693115234376,1317.7335571289063,1281.1206420898438,73.94603231751783,35.30479657989258,1318.835693359375,1325.0960693359375,1320.8330078125
2024-07-23,1345.4669085431085,1368.123268374282,1334.933735439531,1364.34716796875,4330455.0,1334.9515380859375,1325.07333984375,1289.5242980957032,76.76087759903058,37.11259925356194,1345.645751953125,1318.835693359375,1325.0960693359375
2024-07-24,1379.0340399035929,1379.0340399035929,1350.0876165022491,1355.4337158203125,3019385.0,1341.8716796875,1330.5596069335938,1297.2506286621094,72.7277941898015,37.39498864982602,1364.34716796875,1345.645751953125,1318.835693359375
2024-07-25,1350.4352962959697,1366.324514250295,1342.8931640359035,1362.001953125,1315525.0,1349.2528564453125,1336.5110595703125,1305.3878540039063,73.81939664708477,37.7140421367335,1355.4337158203125,1364.34716796875,1345.645751953125
2024-07-26,1369.1070123380148,1384.419809012618,1349.759622829289,1367.0599365234375,2051955.0,1358.897705078125,1342.9248413085938,1312.1396362304688,74.6605115539271,37.937709018525084,1362.001953125,1355.4337158203125,1364.34716796875
2024-07-29,1375.2777680713157,1380.862344907542,1338.5109491272126,1359.3885498046875,3271945.0,1361.6462646484374,1346.1077880859375,1316.86357421875,70.9380022424616,37.06864556637038,1367.0599365234375,1362.001953125,1355.4337158203125
2024-07-30,1360.3822858607336,1369.5143107604645,1350.017964045903,1352.2537841796875,1458475.0,1359.227587890625,1347.0895629882812,1321.7113647460938,67.5639605154598,35.396165597401705,1359.3885498046875,1367.0599365234375,1362.001953125
2024-07-31,1352.2041769767252,1357.2919050698092,1338.5109916176457,1341.5914306640625,1730870.0,1356.459130859375,1349.1654052734375,1325.862548828125,62.75986589831396,32.83188482163655,1352.2537841796875,1359.3885498046875,1367.0599365234375
2024-08-01,1350.5347393690663,1371.402394461565,1348.775874745966,1368.908203125,2320480.0,1357.840380859375,1353.5466186523438,1330.829833984375,68.86748153195146,32.62779615008185,1341.5914306640625,1352.2537841796875,1359.3885498046875
2024-08-02,1367.526924030056,1387.40088090479,1366.225242931284,1384.0521240234375,2209945.0,1361.238818359375,1360.06826171875,1336.0263122558595,71.64399122910045,33.30413294745608,1368.908203125,1341.5914306640625,1352.2537841796875
2024-08-05,1377.2850430214776,1383.426027491822,1350.2366180401589,1353.8238525390625,2186945.0,1360.12587890625,1360.8860717773437,1339.309814453125,60.118649277418754,31.04312008684542,1384.0521240234375,1368.908203125,1341.5914306640625
2024-08-06,1359.1600028490293,1374.343734310111,1350.494987165334,1352.899658203125,1227135.0,1360.2550537109375,1359.7413208007813,1342.4073303222656,59.80189414587371,28.84417860986082,1353.8238525390625,1384.0521240234375,1368.908203125
2024-08-07,1367.3281967463895,1378.2588727378215,1359.3786142071665,1376.539794921875,968865.0,1367.2447265625,1361.8519287109375,1346.2057678222657,64.89676265566911,28.678475497367117,1352.899658203125,1353.8238525390625,1384.0521240234375
2024-08-08,1376.2715246719415,1398.132877410413,1374.1748367608725,1378.914794921875,2705840.0,1369.246044921875,1363.543212890625,1350.0271362304688,65.37161430425132,28.41128957735259,1376.539794921875,1352.899658203125,1353.8238525390625
2024-08-09,1387.2021365046726,1396.1454167543443,1383.8931664806546,1393.85986328125,656255.0,1371.2075927734375,1366.2232055664062,1354.5740234375,68.2794536818024,29.070379684899535,1378.914794921875,1376.539794921875,1352.899658203125
2024-08-12,1393.949405968843,1397.1391371598354,1365.9966813953902,1368.6300048828125,1853275.0,1374.1688232421875,1367.1473510742187,1356.6275695800782,59.23615962859609,27.242836168317353,1393.85986328125,1378.914794921875,1376.539794921875
2024-08-13,1371.7004524742804,1383.6744380535615,1361.6143956536828,1380.9219970703125,1217325.0,1379.773291015625,1370.0141723632812,1358.5518676757813,61.8848226359553,26.481098189732165,1368.6300048828125,1393.85986328125,1378.914794921875
2024-08-14,1382.23369051337,1383.6248917446126,1349.9385108284782,1351.6376953125,1727965.0,1374.79287109375,1371.018798828125,1360.0921020507812,53.042386171255906,23.24644637751385,1380.9219970703125,1368.6300048828125,1393.85986328125
2024-08-16,1357.5998916341807,1361.1574075457224,1343.1118207477027,1350.1571044921875,2565660.0,1369.0413330078125,1369.1436889648437,1361.3451538085938,52.63290868250337,20.329148437801905,1351.6376953125,1380.9219970703125,1368.6300048828125
2024-08-19,1358.9711783359892,1376.072800436849,1354.9268815493467,1373.5587158203125,809235.0,1364.981103515625,1368.0943481445313,1364.0813049316407,58.13416777912775,19.67864014724796,1350.1571044921875,1351.6376953125,1380.9219970703125
2024-08-20,1377.2651373388553,1386.0493918407192,1371.3029505971288,1384.29052734375,747970.0,1368.1132080078125,1371.141015625,1366.0135437011718,60.40526033123561,19.800823572219088,1373.5587158203125,1350.1571044921875,1351.6376953125
2024-08-21,1391.1570871134388,1412.5315374247275,1384.2906010526526,1403.5882568359375,1905585.0,1372.6464599609376,1376.2098754882813,1367.9755981445312,64.16925346175175,21.210320932217655,1384.29052734375,1373.5587158203125,1350.1571044921875
2024-08-22,1403.5683147502891,1403.5683147502891,1375.9137484023706,1385.0260009765625,1683410.0,1379.32412109375,1377.05849609375,1369.4552124023437,58.41673725814644,20.59216516642914,1403.5882568359375,1384.29052734375,1373.5587158203125
2024-08-23,1387.172271755575,1389.189507377096,1377.2750806051738,1382.13427734375,711440.0,1385.7195556640625,1377.3804443359375,1370.4618286132813,57.551179986214464,19.642507736297148,1385.0260009765625,1403.5882568359375,1384.29052734375
2024-08-26,1376.2615326016164,1383.217417334459,1371.1439645736814,1379.908447265625,1018915.0,1386.989501953125,1375.985302734375,1371.1042541503907,56.8528977026616,18.497068800630586,1382.13427734375,1385.0260009765625,1403.5882568359375
2024-08-27,1380.2462574608194,1392.4787357208245,1371.7104272410909,1383.8135986328125,2277085.0,1386.8941162109375,1377.503662109375,1372.325506591797,57.81987265855922,17.70037437262613,1379.908447265625,1382.13427734375,1385.0260009765625
2024-08-28,1383.813639102038,1400.7661824531635,1375.8740030756453,1391.037841796875,1632585.0,1384.384033203125,1378.5152465820313,1374.2647094726562,59.622643960971374,17.450762815366488,1383.8135986328125,1379.908447265625,1382.13427734375
2024-08-29,1370.9651113102034,1395.1417345973448,1369.136620060697,1377.49365234375,1784160.0,1382.8775634765625,1381.1008422851562,1376.0598205566407,54.886311863998344,15.975880951562203,1391.037841796875,1383.8135986328125,1379.908447265625
2024-08-30,1378.8550884968745,1400.120246378437,1378.8550884968745,1397.407470703125,3415210.0,1385.9322021484375,1385.82587890625,1377.4847839355468,59.92678502271282,16.226852113129326,1377.49365234375,1391.037841796875,1383.8135986328125
2024-09-02,1401.0542875106228,1406.072510170324,1357.391262233964,1365.7681884765625,2354285.0,1383.104150390625,1385.046826171875,1376.5705871582031,50.309179273792665,13.71462920325689,1397.407470703125,1377.49365234375,1391.037841796875
2024-09-03,1371.303037362454,1374.0854398717086,1360.9685554293762,1362.1312255859375,1246805.0,1378.76767578125,1382.8308959960937,1376.9859558105468,49.329133392815415,11.299943226147434,1365.7681884765625,1397.407470703125,1377.49365234375
2024-09-04,1360.928866053299,1360.928866053299,1344.870675064489,1348.8851318359375,2177470.0,1370.3371337890626,1377.3605834960938,1376.7852294921875,45.82758760617462,8.222652509310592,1362.1312255859375,1365.7681884765625,1397.407470703125
2024-09-05,1350.9321754330344,1361.1275246883783,1328.7726657047212,1330.71044921875,2001265.0,1360.9804931640624,1371.9290283203125,1374.4937622070313,41.47718643709314,4.26813208068188,1348.8851318359375,1362.1312255859375,1365.7681884765625
2024-09-06,1331.3364459248996,1335.5497148242364,1322.2142468969491,1325.0264892578125,2074285.0,1346.504296875,1366.2182495117188,1371.7993469238281,40.19215870264064,0.6678001003347163,1330.71044921875,1348.8851318359375,1362.1312255859375
2024-09-09,1327.5703951174755,1334.7249711936,1312.217811691163,1322.790771484375,1466880.0,1337.9088134765625,1360.5064819335937,1368.2458923339843,39.67152442953227,-2.338930932864969,1325.0264892578125,1330.71044921875,1348.8851318359375
2024-09-10,1330.362646662932,1331.1178666856465,1314.294509767828,1321.697509765625,2328120.0,1329.8220703125,1354.294873046875,1365.899267578125,39.40273656806481,-4.755189162276338,1322.790771484375,1325.0264892578125,1330.71044921875
2024-09-11,1323.784453823988,1341.3629105479258,1310.8663817872734,1314.1654052734375,1833720.0,1322.878125,1346.6076293945312,1362.5614379882813,37.516773753537514,-7.194930422163225,1321.697509765625,1322.790771484375,1325.0264892578125
2024-09-12,1331.555083546255,1333.9796480112157,1307.766015875142,1328.345458984375,2663355.0,1322.405126953125,1341.6928100585938,1361.396826171875,43.04382833717033,-7.89324273234547,1314.1654052734375,1321.697509765625,1322.790771484375
2024-09-13,1328.852250258773,1331.3663348564023,1321.021906582676,1323.74462890625,1197575.0,1322.1487548828125,1334.3265258789063,1360.0762023925781,41.753309886886626,-8.71741981655714,1328.345458984375,1314.1654052734375,1321.697509765625
2024-09-16,1329.5477379780432,1329.5477379780432,1317.9414158213465,1321.041748046875,691625.0,1321.7989501953125,1329.8538818359375,1357.4503540039063,40.97606307519239,-9.479413215287877,1323.74462890625,1328.345458984375,1314.1654052734375
2024-09-17,1319.650603805547,1324.7482784953595,1312.277322282162,1317.97119140625,911735.0,1321.0536865234376,1325.4378784179687,1354.1343872070313,40.06364600079745,-10.21333377861356,1321.041748046875,1323.74462890625,1328.345458984375
2024-09-18,1321.021877443511,1321.220568482789,1297.9680157401988,1305.28173828125,1239415.0,1319.276953125,1321.0775390625,1349.219061279297,36.45132020297693,-11.684215565793238,1317.97119140625,1321.041748046875,1323.74462890625
2024-09-19,1308.5013411885986,1314.165370256448,1288.329226871444,1292.31396484375,4661780.0,1312.070654296875,1317.237890625,1344.5834594726562,33.1607719298223,-13.737928629785529,1305.28173828125,1317.97119140625,1321.041748046875
2024-09-20,1298.7232450179597,1311.273653153059,1288.965185940706,1301.97265625,2823650.0,1307.716259765625,1314.9325073242187,1340.5753784179688,37.67375327536434,-14.419911589055346,1292.31396484375,1305.28173828125,1317.97119140625
2024-09-23,1311.6811791921066,1324.0030569538098,1307.7063877400092,1322.5025634765625,1326620.0,1308.0084228515625,1314.9036865234375,1337.7050842285157,46.01712349283247,-13.152185848597128,1301.97265625,1292.31396484375,1305.28173828125
2024-09-24,1322.5025222211366,1329.5478058859192,1307.7461336757522,1321.6876220703125,1962100.0,1308.751708984375,1314.9026977539063,1334.5987854003906,45.7552835651254,-12.074080541915237,1322.5025634765625,1301.97265625,1292.31396484375
2024-09-25,1322.860285232365,1333.0655817329855,1310.7967785727917,1329.85595703125,2388280.0,1313.666552734375,1316.4717529296875,1331.5396911621094,48.89419100818214,-10.44020971453233,1321.6876220703125,1322.5025634765625,1301.97265625
2024-09-26,1334.4964154957725,1342.8832883614136,1324.460091548617,1340.379150390625,2842130.0,1323.27958984375,1317.6751220703125,1329.6839660644532,52.69217187094965,-8.201677718945575,1329.85595703125,1321.6876220703125,1322.5025634765625
2024-09-27,1333.741169791936,1345.9438081731946,1324.897356206171,1341.47216796875,2794555.0,1331.1794921875,1319.4478759765625,1326.8872009277343,53.08218975198899,-6.267183411681572,1340.379150390625,1329.85595703125,1321.6876220703125
2024-09-30,1342.485704388093,1349.6402799029224,1333.5424243440568,1341.8099365234375,1827470.0,1335.040966796875,1321.5246948242188,1325.6892883300782,53.210563457073356,-4.653188574999149,1341.47216796875,1340.379150390625,1329.85595703125
2024-10-01,1341.8099592513136,1348.5273660800283,1327.1927034369571,1341.3131103515625,1738090.0,1338.966064453125,1323.85888671875,1324.6483825683595,52.98093384940877,-3.375267772790494,1341.8099365234375,1341.47216796875,1340.379150390625
2024-10-03,1347.4542314485304,1350.4353248809389,1329.985067602979,1338.64013671875,2277090.0,1340.722900390625,1327.1947265625,1324.1361328125,51.68852751235867,-2.5488118469220353,1341.3131103515625,1341.8099365234375,1341.47216796875
2024-10-04,1334.1386156466012,1338.0935134042609,1313.8671566671264,1318.2891845703125,1742335.0,1336.3049072265626,1329.7922485351562,1323.515069580078,43.07337262563639,-3.4956951322631085,1338.64013671875,1341.3131103515625,1341.8099365234375
2024-10-07,1328.2858317557912,1333.949982356014,1307.9249722451411,1313.648681640625,2224190.0,1330.7402099609376,1330.9598510742187,1322.9461791992187,41.3797307191778,-4.567900844431506,1318.2891845703125,1338.64013671875,1341.3131103515625
2024-10-08,1313.6585697930657,1325.1953869134045,1306.712631743619,1322.8204345703125,1395550.0,1326.9423095703125,1330.9916381835938,1322.9476623535156,45.906898356514134,-4.624242398384013,1313.648681640625,1318.2891845703125,1338.64013671875
2024-10-09,1330.760053863458,1342.4658431355565,1321.0417815052406,1324.5693359375,1680365.0,1323.5935546875,1331.2798095703124,1323.0912536621095,46.751369594916504,-4.476173223062233,1322.8204345703125,1313.648681640625,1318.2891845703125
2024-10-10,1331.157543645827,1331.157543645827,1302.479439801105,1308.3223876953125,1582735.0,1317.5300048828126,1329.1264526367188,1322.7991027832031,40.43595525564214,-5.605206940086646,1324.5693359375,1322.8204345703125,1313.648681640625
2024-10-11,1308.7000268864715,1316.5899293404098,1300.7603910212104,1311.5220947265625,1130225.0,1316.1765869140625,1326.2407470703124,1321.9579345703125,42.09495758877432,-6.170653229392656,1308.3223876953125,1324.5693359375,1322.8204345703125
2024-10-14,1318.8356667105743,1329.7563957876794,1311.681091097715,1323.5855712890625,1117595.0,1318.16396484375,1324.4520874023438,1321.9499816894531,47.977937125418116,-5.581017254724657,1311.5220947265625,1308.3223876953125,1324.5693359375
2024-10-15,1328.3752369136523,1331.5351279161905,1312.7145502428775,1313.996337890625,1423265.0,1316.3991455078126,1321.6707275390625,1321.5977111816405,44.1390932584361,-5.8204035028832095,1323.5855712890625,1311.5220947265625,1308.3223876953125
2024-10-16,1319.630746641766,1340.6871458881703,1317.4546065717122,1333.721435546875,1849620.0,1318.2295654296875,1320.9115600585938,1322.3852233886719,52.549543223222244,-4.368115382817905,1313.996337890625,1323.5855712890625,1311.5220947265625
2024-10-17,1340.458525258642,1346.4604986964575,1321.7074529074334,1332.3599853515625,1819115.0,1323.0370849609376,1320.283544921875,1323.7391357421875,51.96795691519581,-3.2891094310218705,1333.721435546875,1313.996337890625,1323.5855712890625
2024-10-18,1332.360052977583,1346.2618759914835,1324.0824723756202,1339.7232666015625,1143115.0,1328.6773193359375,1322.426953125,1326.109600830078,54.87666874036783,-1.8188674097452804,1332.3599853515625,1333.721435546875,1313.996337890625
2024-10-21,1345.4668417627963,1345.4668417627963,1328.7826166294908,1331.038330078125,1175275.0,1330.16787109375,1324.16591796875,1327.5628845214844,50.956965927818146,-1.3390560056604954,1339.7232666015625,1332.3599853515625,1333.721435546875
2024-10-22,1336.9210164369554,1342.4856997404468,1318.10031742181,1324.0823974609375,1904985.0,1332.1850830078124,1324.2921142578125,1327.6418762207031,47.9997837348945,-1.5027647040517422,1331.038330078125,1339.7232666015625,1332.3599853515625
2024-10-23,1323.4762878405425,1329.1900502069764,1309.693704166941,1313.2510986328125,1548860.0,1328.091015625,1323.1602905273437,1327.2200500488282,43.74289857968118,-2.477936215244881,1324.0823974609375,1331.038330078125,1339.7232666015625
2024-10-24,1320.425664462993,1320.425664462993,1305.5598631233308,1308.242919921875,1587305.0,1323.2676025390624,1323.15234375,1326.1393981933593,41.89287696481852,-3.613233721294364,1313.2510986328125,1324.0823974609375,1331.038330078125
2024-10-25,1305.718994304122,1308.1038934397652,1281.8901389151656,1294.7286376953125,1285830.0,1314.2686767578125,1321.472998046875,1323.8568725585938,37.30761097312842,-5.539597771500212,1308.242919921875,1313.2510986328125,1324.0823974609375
2024-10-28,1311.6811730068148,1317.5440146312137,1282.1186617212445,1303.2347412109375,829374.0,1308.707958984375,1319.4379150390625,1321.945001220703,41.63753556448768,-6.307178467463245,1294.7286376953125,1308.242919921875,1313.2510986328125
2024-10-29,1318.6370730818817,1326.9841594475,1255.5372583564108,1266.6666259765625,1443741.0,1297.2248046875,1314.7049438476563,1318.1878356933594,31.549359442148173,-9.753797282513233,1303.2347412109375,1294.7286376953125,1308.242919921875
2024-10-30,1264.9772723698966,1264.9772723698966,1221.0558790688117,1241.97314453125,2065575.0,1282.9692138671876,1305.5301147460937,1313.2208374023437,26.823252845535535,-14.312835645696623,1266.6666259765625,1303.2347412109375,1294.7286376953125
2024-10-31,1250.6680164431905,1275.560194647064,1240.1348441107828,1266.169677734375,1902206.0,1274.5545654296875,1298.911083984375,1309.597314453125,36.81184234998128,-15.791414784172957,1241.97314453125,1266.6666259765625,1303.2347412109375
2024-11-01,1271.9332028445988,1280.8764831771,1194.2260822537128,1251.6617431640625,540201.0,1265.9411865234374,1290.104931640625,1306.2659423828125,33.8300914286221,-17.927214704152902,1266.169677734375,1241.97314453125,1266.6666259765625
2024-11-04,1251.661762930723,1268.8527839173069,1242.6688703460686,1260.3070068359375,1771490.0,1257.3556396484375,1283.0317993164062,1303.598858642578,37.09968640757424,-18.706612813456104,1251.6617431640625,1266.169677734375,1241.97314453125
2024-11-05,1257.127142478333,1270.9395670370611,1233.4274727011357,1264.182373046875,1603920.0,1256.8587890625,1277.041796875,1300.6669555664062,38.56512488796124,-18.794925562454182,1260.3070068359375,1251.6617431640625,1266.169677734375
2024-11-06,1265.9710361201946,1313.5691864637215,1243.7121804556823,1293.8939208984375,3908554.0,1267.2429443359374,1275.1060791015625,1299.1331848144532,48.47618299155918,-16.27977731140254,1264.182373046875,1260.3070068359375,1251.6617431640625
2024-11-07,1296.7258731230413,1300.7503976637145,1272.4797442639208,1279.23681640625,1479152.0,1269.8563720703125,1272.20546875,1297.67890625,44.649445249199324,-15.292922745865553,1293.8939208984375,1264.182373046875,1260.3070068359375
2024-11-08,1284.652539619152,1284.851230654925,1251.2145850329366,1275.5601806640625,1328199.0,1274.6360595703125,1270.288623046875,1295.880810546875,43.717179933486214,-14.638760649783308,1279.23681640625,1293.8939208984375,1264.182373046875
2024-11-11,1275.9080015055242,1287.0871019860049,1254.1957283880804,1279.783447265625,1175591.0,1278.53134765625,1267.9434936523437,1293.6907043457031,45.134300994954884,-13.622518245608035,1275.5601806640625,1279.23681640625,1293.8939208984375
2024-11-12,1279.7337065268125,1280.2802888453523,1250.3700088801468,1255.9346923828125,1110785.0,1276.8818115234376,1266.8703002929688,1290.7876220703124,39.14101404979847,-14.573539335602618,1279.783447265625,1275.5601806640625,1279.23681640625
2024-11-13,1250.0718804907128,1257.077498770622,1230.4960815980253,1237.15380859375,995217.0,1265.5337890625,1266.3883666992188,1285.9592407226562,35.179321176106,-16.650751268650538,1255.9346923828125,1279.783447265625,1275.5601806640625
2024-11-14,1242.0229793410713,1245.1034184465395,1214.4974758414169,1218.9691162109375,1346891.0,1253.4802490234374,1261.668310546875,1280.289697265625,31.820895473153925,-19.539075095523458,1237.15380859375,1255.9346923828125,1279.783447265625
2024-11-18,1198.4989109753928,1212.112643827902,1162.825135139902,1186.028076171875,3367815.0,1235.573828125,1255.1049438476562,1272.6049377441407,26.82509009923544,-24.207114620029643,1218.9691162109375,1237.15380859375,1255.9346923828125
2024-11-19,1185.4815397126647,1224.2357560150904,1178.7740791987833,1205.8026123046875,1509716.0,1220.7776611328125,1249.6545043945312,1266.3431518554687,33.567672511929615,-26.011090115870957,1186.028076171875,1218.9691162109375,1237.15380859375
2024-11-21,1167.4955787398546,1199.0950962498766,1165.1106797407394,1187.816650390625,2121476.0,1207.154052734375,1242.0179321289063,1259.5298645019532,30.788798504308488,-28.562816140049335,1205.8026123046875,1186.028076171875,1218.9691162109375
2024-11-22,1191.4436819049265,1215.491120542239,1186.0776894359794,1206.7962646484375,763755.0,1201.0825439453124,1233.3081665039062,1254.2071228027344,36.74013220482643,-28.72248620520645,1187.816650390625,1205.8026123046875,1186.028076171875
2024-11-25,1226.173387449366,1239.1411926368985,1198.1511571948197,1201.6788330078125,3280431.0,1197.6244873046876,1225.5523681640625,1248.8789184570312,35.84514343017251,-28.928490219550895,1206.7962646484375,1187.816650390625,1205.8026123046875
2024-11-26,1201.3806068742151,1210.6716567862854,1195.6171112736918,1201.0328369140625,1190121.0,1200.625439453125,1218.0996337890624,1244.1941284179688,35.72683004439217,-28.811752423800044,1201.6788330078125,1206.7962646484375,1187.816650390625
2024-11-27,1204.3617317971132,1207.939019611558,1190.499696028265,1192.3380126953125,1402977.0,1197.93251953125,1209.3550903320313,1238.6492919921875,34.095591813801406,-29.0855563400346,1201.0328369140625,1201.6788330078125,1206.7962646484375
2024-11-28,1201.430440721544,1202.2750596385238,1180.960167857287,1184.4381103515625,2819269.0,1197.2568115234376,1202.2054321289063,1234.5378662109374,32.63749832864555,-29.598807386272256,1192.3380126953125,1201.0328369140625,1201.6788330078125
2024-11-29,1198.399533690004,1211.6653749146808,1191.095879200103,1194.722900390625,2535820.0,1194.842138671875,1197.9623413085938,1232.1753540039062,36.44793868955812,-28.843179714125426,1184.4381103515625,1192.3380126953125,1201.0328369140625
2024-12-02,1206.5975594330305,1217.5282352854192,1194.7229191865174,1214.05029296875,1826479.0,1197.3164306640624,1197.470458984375,1229.569384765625,42.975904726940335,-26.380680224426214,1194.722900390625,1184.4381103515625,1192.3380126953125
2024-12-03,1221.254599094975,1221.254599094975,1209.8768077784043,1216.782958984375,2237453.0,1200.466455078125,1200.545947265625,1227.8254455566407,43.85404658070329,-23.932746523564674,1214.05029296875,1194.722900390625,1184.4381103515625
2024-12-04,1216.7829510495606,1221.3539366503878,1201.9768296308157,1207.889404296875,1435443.0,1203.5767333984375,1200.7546264648438,1225.2045654296876,41.60830487803539,-22.45156925125343,1216.782958984375,1214.05029296875,1194.722900390625
2024-12-05,1208.8831677617898,1241.6254633941169,1202.4737438496193,1232.0362548828125,3324867.0,1213.0963623046875,1205.1765869140625,1223.5972595214844,49.21285806749033,-19.108999897131525,1207.889404296875,1216.782958984375,1214.05029296875
2024-12-06,1238.1475252450998,1247.2398848632408,1228.558316700295,1245.7989501953125,1717216.0,1223.311572265625,1209.07685546875,1221.1925109863282,52.97214498421635,-15.174532544647036,1232.0362548828125,1207.889404296875,1216.782958984375
2024-12-09,1246.7430192440515,1253.8479830604113,1235.4148396075973,1247.2398681640625,1269332.0,1229.9494873046874,1213.632958984375,1219.5926635742187,53.361385274270845,-11.804098484142969,1245.7989501953125,1232.0362548828125,1207.889404296875
2024-12-10,1242.1222893889712,1245.6995773222106,1225.2294262532814,1232.5330810546875,2025890.0,1233.09951171875,1216.7829833984374,1217.44130859375,48.91161254641392,-10.202116371571492,1247.2398681640625,1245.7989501953125,1232.0362548828125
2024-12-11,1232.483478053936,1235.5639170941895,1218.9690904046852,1230.7445068359375,1178864.0,1237.6705322265625,1220.6236328125,1214.9893615722656,48.38319272275879,-8.973417031632835,1232.5330810546875,1247.2398681640625,1245.7989501953125
2024-12-12,1236.955075108969,1242.320946210502,1218.6212778420577,1237.55126953125,1648944.0,1238.77353515625,1225.9349487304687,1214.0701904296875,50.57176334389595,-7.365510074144595,1230.7445068359375,1232.5330810546875,1247.2398681640625
2024-12-13,1232.4834402975032,1242.32095156001,1218.720628610154,1238.4952392578125,1258819.0,1237.31279296875,1230.3121826171875,1214.1372619628905,50.882795440911664,-5.94651404579804,1237.55126953125,1230.7445068359375,1232.5330810546875
2024-12-16,1238.4952882569205,1266.1201369441912,1237.352511471831,1261.946533203125,1920945.0,1240.2541259765626,1235.101806640625,1216.2861328125,57.960341406957305,-2.8962399875438223,1238.4952392578125,1237.55126953125,1230.7445068359375
2024-12-17,1261.002533571659,1262.9401958002447,1235.4148147068283,1239.787109375,2706166.0,1241.704931640625,1237.4022216796875,1218.9740844726562,50.54838764278141,-2.2411218713543803,1261.946533203125,1238.4952392578125,1237.55126953125
2024-12-18,1244.0102846076304,1272.9268659677757,1241.6751190668745,1267.3621826171875,2823838.0,1249.028466796875,1243.3494995117187,1222.0520629882812,57.78323839701341,0.49740810077923925,1239.787109375,1261.946533203125,1238.4952392578125
2024-12-19,1266.9647625103426,1322.9596122638334,1263.635898963164,1317.245849609375,7185903.0,1264.9673828125,1251.870458984375,1228.5235229492187,67.14700311927466,6.6166354105080245,1267.3621826171875,1239.787109375,1261.946533203125
2024-12-20,1317.6433377446958,1360.0741870536287,1309.097560568544,1335.18212890625,7499087.0,1284.3047607421875,1260.8087768554688,1234.9428161621095,69.74545606899774,12.766312871607397,1317.245849609375,1267.3621826171875,1239.787109375
2024-12-23,1353.4164916098784,1358.384980932969,1321.9163178218876,1332.8966064453125,3740109.0,1298.494775390625,1269.3744506835938,1241.5037048339843,68.99658802450045,17.25663031152112,1335.18212890625,1317.245849609375,1267.3621826171875
2024-12-24,1338.5109069447244,1356.39746694844,1327.7789224220958,1342.3863525390625,2587142.0,1319.0146240234376,1280.3597778320313,1248.5713806152344,70.41690965965095,21.33504531253311,1332.8966064453125,1335.18212890625,1317.245849609375
2024-12-26,1342.3864034241053,1351.6277203290645,1334.2877419663432,1346.609619140625,1531359.0,1334.864111328125,1291.9462890625,1256.2849609375,71.05248506994276,24.624149041512737,1342.3863525390625,1332.8966064453125,1335.18212890625
2024-12-27,1354.4598345017782,1389.437948533408,1337.0203895953516,1380.693359375,3656253.0,1347.55361328125,1306.260498046875,1266.097723388672,75.60726569134083,29.63939592432166,1346.609619140625,1342.3863525390625,1332.8966064453125
2024-12-30,1380.8424478032168,1383.2273467992782,1363.452736187565,1368.2225341796875,2462657.0,1354.1616943359375,1319.2332275390625,1274.772705078125,71.19330979057672,32.23612584912621,1380.693359375,1346.609619140625,1342.3863525390625
2024-12-31,1361.6641382829164,1386.2084253219807,1357.93777154818,1379.7493896484375,1892083.0,1363.5322509765624,1331.0135131835937,1283.0576599121093,72.77538299800864,34.822758837872016,1368.2225341796875,1380.693359375,1346.609619140625
2025-01-01,1379.6996885157137,1380.2960042480224,1346.8083149611602,1360.372314453125,1658723.0,1367.129443359375,1343.0720336914062,1290.237127685547,66.1940450103694,34.90673300050662,1379.7493896484375,1368.2225341796875,1380.693359375
2025-01-02,1362.8068680424708,1379.202882569641,1361.4157880930925,1366.38427734375,1726305.0,1371.084375,1352.9742431640625,1298.1618713378907,67.18557807890724,35.054313979595236,1360.372314453125,1379.7493896484375,1368.2225341796875
2025-01-03,1366.384221402788,1369.4646603518784,1338.709640368841,1344.1253662109375,1573592.0,1363.7707763671874,1355.6621948242187,1303.7663269042969,60.151129076103004,32.994821106695554,1366.38427734375,1360.372314453125,1379.7493896484375
2025-01-06,1351.8265554862369,1352.720907795617,1325.3942174040292,1341.83984375,1539970.0,1358.49423828125,1356.3279663085937,1308.5683715820312,59.46269105351754,30.82292807712156,1344.1253662109375,1366.38427734375,1360.372314453125
2025-01-07,1343.4794641352369,1364.396851945614,1339.007823906976,1343.0323486328125,1723188.0,1351.150830078125,1357.3415405273438,1313.3579956054687,59.72172180032273,28.865172639165394,1341.83984375,1344.1253662109375,1366.38427734375
2025-01-08,1360.8692058122836,1397.0398318187918,1349.441680535291,1362.111328125,3456684.0,1351.4986328125,1359.3140380859375,1319.8369079589843,63.71643838379333,28.52434070123536,1343.0323486328125,1341.83984375,1344.1253662109375
2025-01-09,1371.303018730531,1374.2343788371252,1355.5031988197388,1362.9559326171875,1607980.0,1350.8129638671876,1360.9486694335938,1326.4474792480469,63.88718783377712,27.999619276863996,1362.111328125,1343.0323486328125,1341.83984375
2025-01-10,1357.4905961001425,1377.2652073928966,1344.0756752489128,1345.8643798828125,1582776.0,1351.1607666015625,1357.465771484375,1331.863134765625,57.94460524010882,25.906000059279677,1362.9559326171875,1362.111328125,1343.0323486328125
2025-01-13,1345.516559241349,1345.6159047614904,1321.8167695889788,1326.6859130859375,2822318.0,1348.12998046875,1353.312109375,1336.2726684570312,52.08957287638277,22.440568847355735,1345.8643798828125,1362.9559326171875,1362.111328125
2025-01-14,1326.73570637271,1340.349318373553,1315.3081811176496,1329.12060546875,1370223.0,1345.3476318359376,1348.2492309570312,1339.6313720703124,52.74240690757353,19.663974910176876,1326.6859130859375,1345.8643798828125,1362.9559326171875
2025-01-15,1336.523596761905,1336.523596761905,1305.6692302642111,1328.772705078125,1940371.0,1338.6799072265626,1345.0892700195313,1344.0806518554687,52.632045179615794,17.23673717997076,1329.12060546875,1326.6859130859375,1345.8643798828125
2025-01-16,1332.4493898412725,1338.510922095387,1288.826032633791,1294.539794921875,1195731.0,1324.9966796875,1337.9048217773438,1345.4395324707032,43.07979367513163,12.407794704467733,1328.772705078125,1329.12060546875,1326.6859130859375
2025-01-17,1289.819769815333,1312.3766617994063,1279.8827916195291,1301.14794921875,1432206.0,1316.0533935546875,1333.607080078125,1344.6346374511718,45.14926306637635,9.010182056978465,1294.539794921875,1328.772705078125,1329.12060546875
2025-01-20,1300.1045209152826,1300.750448759665,1285.4972114549605,1294.142333984375,561642.0,1309.544677734375,1328.8373291015625,1342.5826477050782,43.34984975952396,5.686702191309223,1301.14794921875,1294.539794921875,1328.772705078125
2025-01-21,1294.1423207567505,1304.675493300159,1277.5476158224096,1280.0318603515625,738787.0,1299.7269287109375,1322.5372802734375,1339.9394104003907,39.90049005792253,1.8924086484512372,1294.142333984375,1301.14794921875,1294.539794921875
2025-01-22,1282.8638969458173,1299.7567600349566,1279.8828034594983,1288.080810546875,1301422.0,1291.5885498046875,1315.134228515625,1337.2241333007812,42.70126526027314,-0.4598128712380003,1280.0318603515625,1294.142333984375,1301.14794921875
2025-01-23,1280.8765444464589,1295.7322789667649,1266.51765885728,1281.2740478515625,1448659.0,1288.935400390625,1306.9660400390626,1333.9573547363282,40.962734743489875,-2.840471053284773,1288.080810546875,1280.0318603515625,1294.142333984375
2025-01-24,1222.198543683112,1244.7555562116847,1195.9152857570848,1216.68359375,7082467.0,1272.042529296875,1294.0479614257813,1325.7568664550781,28.927297982252497,-9.825803904263239,1281.2740478515625,1288.080810546875,1280.0318603515625
2025-01-27,1216.6835885195949,1226.5708329299214,1183.9909072321702,1190.1021728515625,2184847.0,1251.2344970703125,1280.3895874023438,1316.850848388672,25.59446530335559,-17.30712328761979,1216.68359375,1281.2740478515625,1288.080810546875
2025-01-28,1190.1022103909463,1190.1022103909463,1157.3101825511644,1173.8055419921875,3142189.0,1229.9892333984376,1264.8580810546875,1306.5536560058595,23.785143808659456,-24.271339815640204,1190.1021728515625,1216.68359375,1281.2740478515625
2025-01-29,1179.9168588648424,1184.9349602586974,1166.1044344016725,1173.755859375,3458251.0,1207.1242431640626,1249.356396484375,1297.222833251953,23.779624737431632,-29.455001636792076,1173.8055419921875,1190.1021728515625,1216.68359375
2025-01-30,1180.5130100689355,1197.2071819640494,1176.5382187892424,1186.9720458984375,3290757.0,1188.2638427734375,1238.5996215820312,1288.2522216796874,28.530435485742288,-32.12632292343983,1173.755859375,1173.8055419921875,1190.1021728515625
2025-01-31,1194.424741723039,1213.304999703686,1188.4625549923085,1209.677978515625,1505147.0,1186.8627197265625,1229.4526245117188,1281.529852294922,35.92027727097195,-32.04182705122639,1186.9720458984375,1173.755859375,1173.8055419921875
2025-02-01,1212.708906059826,1212.708906059826,1192.5367907576028,1197.356201171875,1067956.0,1188.313525390625,1219.7740112304687,1274.3056701660157,33.87340139089268,-32.5934113605183,1209.677978515625,1186.9720458984375,1173.755859375
2025-02-03,1192.437349288005,1212.3113051094715,1189.2575648769705,1196.2630615234375,1407877.0,1192.805029296875,1211.3971313476563,1266.9672058105468,33.68998438030826,-32.741331445331525,1197.356201171875,1209.677978515625,1186.9720458984375
2025-02-04,1199.3932585405194,1225.2294016408125,1193.8781871660176,1212.2615966796875,2239920.0,1200.5061767578125,1203.8152099609374,1259.4747192382813,38.904116247991645,-31.207866240680005,1196.2630615234375,1197.356201171875,1209.677978515625
2025-02-05,1219.2672604362133,1225.3287930534862,1208.187505162268,1219.8138427734375,1460238.0,1207.0745361328125,1197.669189453125,1252.3176147460938,41.252519757579,-29.04832981085974,1212.2615966796875,1196.2630615234375,1197.356201171875
2025-02-06,1227.1174741105904,1246.0970783969458,1222.4470215305732,1228.8564453125,2990483.0,1210.9102294921875,1198.886474609375,1246.467218017578,44.026754773574915,-26.304003005908953,1219.8138427734375,1212.2615966796875,1196.2630615234375
2025-02-07,1232.1852602954507,1235.9116270100535,1218.2734912275987,1232.582763671875,1236992.0,1217.9555419921876,1203.1345336914062,1241.762060546875,45.17569733829972,-23.556872528850135,1228.8564453125,1219.8138427734375,1212.2615966796875
2025-02-10,1231.8870822917506,1231.8870822917506,1203.4177380985664,1213.2552490234375,1565579.0,1221.3539794921876,1207.0795043945313,1235.9687927246093,40.528807322941105,-22.677903978564245,1232.582763671875,1228.8564453125,1219.8138427734375
2025-02-11,1212.3113283223092,1215.1930762318004,1193.6794943829295,1202.1756591796875,1819297.0,1219.3367919921875,1209.921484375,1229.6389404296874,38.10880797658925,-22.61465767765867,1213.2552490234375,1232.582763671875,1228.8564453125
2025-02-12,1210.3239746259203,1212.708873712971,1195.269428021234,1208.1875,1306601.0,1217.0115234375,1212.0430297851562,1225.3213256835938,40.19547867017613,-21.8278117903983,1202.1756591796875,1213.2552490234375,1232.582763671875
2025-02-13,1209.230944762757,1235.166434534207,1209.230944762757,1215.888671875,4447231.0,1214.41796875,1212.6640991210938,1221.0583618164062,42.85344310155929,-20.348248603338106,1208.1875,1202.1756591796875,1213.2552490234375
2025-02-14,1215.7892393246989,1222.2482749238902,1178.7739968524104,1189.5059814453125,1211843.0,1205.8026123046875,1211.8790771484375,1215.8265441894532,36.81664913516716,-21.061759888740653,1215.888671875,1208.1875,1202.1756591796875
2025-02-17,1189.307179792459,1194.424747688763,1175.6935685430287,1191.3939208984375,613030.0,1201.4303466796875,1211.3921630859375,1211.3946472167968,37.4952081268398,-21.230153789718315,1189.5059814453125,1215.888671875,1208.1875
2025-02-18,1191.3939185618026,1197.356105310619,1174.5507895167966,1189.853759765625,1713796.0,1198.965966796875,1209.1513793945312,1206.4832946777344,37.14474277308398,-21.243009115441282,1191.3939208984375,1189.5059814453125,1215.888671875
2025-02-19,1158.6516424077415,1169.5325848687858,1120.3942768565423,1158.5025634765625,3062142.0,1189.0289794921875,1203.0202514648438,1200.3447204589843,30.82807095926958,-23.511945509190127,1189.853759765625,1191.3939208984375,1189.5059814453125
2025-02-20,1157.161132037352,1166.750340431654,1148.963124876074,1163.5704345703125,1579890.0,1178.56533203125,1196.491650390625,1197.6890625,32.81694301346468,-24.617385211808823,1158.5025634765625,1189.853759765625,1191.3939208984375
2025-02-21,1163.322052542958,1163.3717859570606,1138.03249017068,1144.541259765625,6828902.0,1169.5723876953125,1187.6875,1195.4110168457032,29.398832349822882,-26.7209272970058,1163.5704345703125,1158.5025634765625,1189.853759765625
2025-02-24,1144.5411685462618,1166.5018655506665,1143.746161790039,1157.2108154296875,2017521.0,1162.7357666015625,1182.083056640625,1194.581280517578,34.30504247230476,-27.053812783180774,1144.541259765625,1163.5704345703125,1158.5025634765625
2025-02-25,1159.794500371741,1162.179399534627,1115.4258659428542,1121.040283203125,6463238.0,1148.9730712890625,1173.9695190429688,1191.9455017089845,28.265899979423807,-29.891713523662702,1157.2108154296875,1144.541259765625,1163.5704345703125
2025-02-27,1121.388025179963,1129.1885290523826,1107.9731041875575,1118.4566650390625,3435069.0,1140.9638916015624,1164.996435546875,1188.5197326660157,27.888243799988132,-31.980594316060433,1121.040283203125,1157.2108154296875,1144.541259765625
2025-02-28,1121.586688007147,1124.865939354288,1097.5889825431746,1109.463623046875,3895033.0,1130.142529296875,1154.3539306640625,1183.509014892578,26.558114115841036,-33.970124277389004,1118.4566650390625,1121.040283203125,1157.2108154296875
2025-03-03,1111.3019450940003,1123.1269735436906,1096.9430599557372,1112.5440673828125,1810605.0,1123.7430908203125,1146.6577392578124,1179.268408203125,27.82790888998541,-34.89601544790071,1109.463623046875,1118.4566650390625,1121.040283203125
2025-03-04,1104.097683958683,1117.0654897396903,1098.085884599316,1113.0906982421875,1074133.0,1114.9190673828125,1138.8274169921874,1175.1097900390625,28.065588471251118,-35.18014748789096,1112.5440673828125,1109.463623046875,1118.4566650390625
2025-03-05,1113.4384280239792,1121.8848596511134,1103.5511830514422,1119.30126953125,1260157.0,1114.5712646484376,1131.77216796875,1170.4617736816406,30.851870727357394,-34.50641451054639,1113.0906982421875,1112.5440673828125,1109.463623046875
2025-03-06,1127.8470821168862,1138.479600802342,1111.6001462073866,1132.9149169921875,1648697.0,1117.4629150390624,1129.2134033203124,1166.1168273925782,36.64480105403065,-32.49933657402744,1119.30126953125,1113.0906982421875,1112.5440673828125
2025-03-07,1132.9148378986386,1137.982672420133,1122.8785143754826,1126.1080322265625,790599.0,1120.791796875,1125.4671630859375,1160.9794067382813,35.06309178252319,-31.099476159778533,1132.9149169921875,1119.30126953125,1113.0906982421875
2025-03-10,1127.7973017571169,1129.9835097600735,1108.3705819936204,1113.1402587890625,950503.0,1120.91103515625,1122.3270629882813,1155.0072814941407,32.210657899627336,-30.682775697363695,1126.1080322265625,1132.9149169921875,1119.30126953125
2025-03-11,1109.9604408676946,1119.8476854418632,1103.6504841077426,1109.6126708984375,884438.0,1120.2154296875,1117.5672485351563,1149.8251525878907,31.46087878345874,-30.28804273720425,1113.1402587890625,1126.1080322265625,1132.9149169921875
2025-03-12,1109.562972292803,1109.6127057046854,1085.5651454472936,1098.1851806640625,1914579.0,1115.9922119140624,1115.28173828125,1144.6256286621094,29.0979338759373,-30.545210804354838,1109.6126708984375,1113.1402587890625,1126.1080322265625
2025-03-13,1098.185126222161,1103.252960641784,1088.1488029007512,1100.9674072265625,1299174.0,1109.6027099609375,1113.5328125,1139.2646240234376,30.46723375943037,-30.1766581875429,1098.1851806640625,1109.6126708984375,1113.1402587890625
2025-03-17,1100.9178054298218,1146.8265947919351,1094.5581153157673,1143.447998046875,2714559.0,1113.070703125,1116.93125,1135.6425903320312,47.22601138710016,-26.155247517052203,1100.9674072265625,1098.1851806640625,1109.6126708984375
2025-03-18,1143.447998046875,1143.447998046875,1143.447998046875,1143.447998046875,0.0,1119.1322509765625,1120.0216430664063,1133.3396911621094,47.22601138710016,-22.70650414254169,1143.447998046875,1100.9674072265625,1098.1851806640625
2025-03-19,1166.6011847933776,1170.2778180308453,1150.8013659520752,1164.713134765625,1507415.0,1130.15234375,1125.18388671875,1132.0056518554688,53.70404079644336,-18.049369462525874,1143.447998046875,1143.447998046875,1100.9674072265625
2025-03-20,1171.5200104644855,1183.2456934019715,1157.9561320990858,1179.718017578125,1521677.0,1146.4589111328125,1131.2255615234376,1131.4988647460937,57.65393254435608,-12.997955691573225,1164.713134765625,1143.447998046875,1143.447998046875
2025-03-21,1182.6990599996634,1197.0580658319475,1169.6320311145355,1192.58642578125,2313824.0,1164.78271484375,1137.1927124023437,1133.203057861328,60.74701633162805,-7.86563079281018,1179.718017578125,1164.713134765625,1143.447998046875
2025-03-24,1197.4058385371816,1208.6842842084316,1182.7487961152535,1202.6724853515625,1660669.0,1176.6276123046875,1144.8491577148438,1135.1581604003907,63.026569521455606,-2.9503557549189736,1192.58642578125,1179.718017578125,1164.713134765625
2025-03-25,1202.6725181471338,1208.2868137803716,1160.589318496489,1170.4766845703125,2860907.0,1182.033349609375,1150.5828002929688,1136.454931640625,52.53806608083469,-1.6340604940508001,1202.6724853515625,1192.58642578125,1179.718017578125
2025-03-26,1170.47672804305,1172.364778228362,1145.3858571961896,1157.260498046875,2864505.0,1180.542822265625,1155.3475830078125,1136.4574157714844,48.93786710511244,-1.6384359468750063,1170.4766845703125,1202.6724853515625,1192.58642578125
2025-03-27,1152.6895235686463,1165.0114013566508,1136.79035772632,1154.8756103515625,4460409.0,1175.5743408203125,1161.0166259765624,1138.1491821289062,48.29473722747157,-1.8134398249599144,1157.260498046875,1170.4766845703125,1202.6724853515625
2025-03-28,1151.9442146009417,1151.9442146009417,1133.5608046633806,1136.989013671875,2762934.0,1164.4548583984374,1164.6187866210937,1139.0757995605468,43.660417454078214,-3.356736161725621,1154.8756103515625,1157.260498046875,1170.4766845703125
2025-04-01,1136.9890159412437,1157.0617850180583,1128.890475615012,1144.9385986328125,4158012.0,1152.9080810546875,1164.7678466796874,1140.8495483398438,46.13441353212449,-3.893463139097321,1136.989013671875,1154.8756103515625,1157.260498046875
2025-04-02,1142.75244140625,1145.4353768787175,1127.846974779212,1142.75244140625,2071245.0,1147.363232421875,1164.698291015625,1142.3599670410156,45.54214254165507,-4.444000086574761,1144.9385986328125,1136.989013671875,1154.8756103515625
2025-04-03,1182.9973095657458,1219.1679361511833,1141.8085815372203,1144.193359375,6324685.0,1144.7498046875,1162.6463134765625,1143.9151000976562,46.033909070202455,-4.709743554053375,1142.75244140625,1144.9385986328125,1136.989013671875
2025-04-04,1144.541184309401,1150.1554798864215,1069.4175329487102,1102.954833984375,5423861.0,1134.3656494140625,1154.9699951171874,1143.0977783203125,36.01121015041961,-8.153957771369278,1144.193359375,1142.75244140625,1144.9385986328125
2025-04-07,1013.5718351625552,1091.9248885519291,1013.5718351625552,1081.0439453125,3888037.0,1123.1766357421875,1143.8157470703125,1140.5042297363282,32.02191901481015,-12.50737076706423,1102.954833984375,1144.193359375,1142.75244140625
2025-04-08,1093.0675583931209,1106.6315573551988,1081.838724954683,1100.9674072265625,1577632.0,1114.3823974609375,1133.6452392578126,1139.2471984863282,38.67447842425742,-14.186294291719832,1081.0439453125,1102.954833984375,1144.193359375
2025-04-09,1087.6022668669689,1096.2971228149688,1054.959317653821,1087.1551513671875,5511474.0,1103.262939453125,1125.3130859375,1137.9479431152345,36.0411614796658,-16.441855420426236,1100.9674072265625,1081.0439453125,1102.954833984375
2025-04-11,1132.7161272983258,1132.7161272983258,1095.303381501688,1102.5076904296875,2740831.0,1094.9258056640624,1119.8378051757813,1137.5926940917968,40.86120971809588,-16.796957400376414,1087.1551513671875,1100.9674072265625,1081.0439453125
2025-04-15,1133.7098132124825,1150.801366383712,1121.8847854563303,1147.62158203125,2683350.0,1103.8591552734374,1119.11240234375,1140.0645141601562,52.24918188323044,-13.284923924709801,1102.5076904296875,1087.1551513671875,1100.9674072265625
2025-04-16,1142.951214255013,1154.0807029137986,1136.4921782542824,1151.099609375,1451875.0,1117.8702880859375,1120.5234619140624,1142.5711242675782,53.00058636968148,-10.104486126612528,1147.62158203125,1102.5076904296875,1087.1551513671875
2025-04-17,1142.851803474205,1166.203701528077,1142.851803474205,1156.2667236328125,2788024.0,1128.9301513671876,1121.6562744140624,1143.212060546875,54.154801027546505,-7.085347841137036,1151.099609375,1147.62158203125,1102.5076904296875
2025-04-21,1156.0680886702778,1172.2652906446033,1147.7210025731808,1169.9798583984375,1938756.0,1145.4950927734376,1124.3790161132813,1144.5386535644532,57.161576429844516,-3.545256122311457,1156.2667236328125,1151.099609375,1147.62158203125
2025-04-22,1166.5019273311789,1173.0603088638632,1154.97505656146,1167.594970703125,1313400.0,1158.512548828125,1126.7191772460938,1144.6827453613282,56.46795096655544,-0.921525661634405,1169.9798583984375,1156.2667236328125,1151.099609375
2025-04-23,1177.6312824520603,1184.2891307410362,1168.489310871414,1178.525634765625,3192132.0,1164.693359375,1134.2762573242187,1144.6231262207032,58.92792633362491,2.0165671391707747,1167.594970703125,1169.9798583984375,1156.2667236328125
2025-04-24,1171.5697014874986,1202.3743331635906,1168.8867659586908,1192.9342041015625,4819678.0,1173.0602783203126,1145.465283203125,1144.6405151367187,61.97803429202267,5.444912418575541,1178.525634765625,1167.594970703125,1169.9798583984375
2025-04-25,1196.3128223572835,1202.87120366851,1152.3913062043994,1167.396240234375,1286573.0,1175.286181640625,1152.1081665039062,1142.8767028808593,54.28343522764677,6.031671147580482,1192.9342041015625,1178.525634765625,1167.594970703125
2025-04-28,1168.8867740684034,1197.405852491153,1168.8867740684034,1191.1455078125,1236678.0,1179.5193115234374,1162.5072021484375,1143.9101440429688,59.339053937771496,8.317173877134564,1167.396240234375,1192.9342041015625,1178.525634765625
2025-04-29,1196.809665074534,1196.809665074534,1161.6327383858818,1168.588623046875,1663018.0,1179.7180419921874,1169.1152954101562,1144.4765502929688,53.30907925950112,8.213617699588667,1191.1455078125,1167.396240234375,1192.9342041015625
2025-04-30,1168.7872969777584,1189.058756238947,1168.4892604201088,1176.4388427734375,1604442.0,1179.30068359375,1171.997021484375,1145.5547119140624,55.022095436565344,8.665109815600772,1168.588623046875,1191.1455078125,1167.396240234375
2025-05-02,1168.6879799767655,1187.2702019617134,1164.01764875062,1170.4766845703125,910973.0,1174.8091796875,1173.9347290039063,1147.2290954589844,53.419101171459545,8.44448150492667,1176.4388427734375,1168.588623046875,1191.1455078125
2025-05-05,1181.2085804319272,1186.375882009159,1147.2241626360433,1163.9183349609375,1893680.0,1174.1135986328125,1174.6998901367188,1148.1780822753906,51.63700300796667,7.652217970688753,1170.4766845703125,1176.4388427734375,1168.588623046875
2025-05-06,1164.812598254048,1167.5950008189568,1122.2824020686528,1153.0870361328125,1990745.0,1166.501904296875,1173.0106079101563,1148.6948120117188,48.744767166267096,6.08025868013101,1163.9183349609375,1170.4766845703125,1176.4388427734375
2025-05-07,1136.1941102809144,1157.260455519162,1136.1941102809144,1153.385009765625,1421366.0,1163.461181640625,1171.5896118164062,1149.15439453125,48.82967989369184,4.803145922566728,1153.0870361328125,1163.9183349609375,1170.4766845703125
2025-05-08,1145.4354681134846,1154.0807122263654,1134.8029495930425,1140.76513671875,2616533.0,1156.3264404296874,1167.8135620117187,1151.0449096679688,45.39927538222546,2.7411087791679165,1153.385009765625,1153.0870361328125,1163.9183349609375
2025-05-09,1135.2997811415255,1159.6453781988278,1131.3249897852315,1148.6153564453125,1248574.0,1151.9541748046875,1163.3816772460937,1154.4234802246094,47.85341269924491,1.720543260057866,1140.76513671875,1153.385009765625,1153.0870361328125
2025-05-12,1148.615309401488,1196.41214924311,1136.690935820992,1188.0650634765625,5065176.0,1156.7835205078125,1165.4485595703125,1158.7783630371093,58.056125299037596,4.048332736068005,1148.6153564453125,1140.76513671875,1153.385009765625
2025-05-13,1188.4626536737442,1233.179057867154,1188.4626536737442,1199.49267578125,3134295.0,1166.0646484375,1166.2832763671875,1164.3952392578126,60.46894340450723,6.737568973930593,1188.0650634765625,1148.6153564453125,1140.76513671875
2025-05-14,1205.6536741587715,1215.5906528585026,1185.6802499315045,1212.3114013671875,1197152.0,1177.8499267578125,1170.6555541992188,1169.8854248046875,63.03751255225648,9.790315429550901,1199.49267578125,1188.0650634765625,1148.6153564453125
2025-05-15,1206.349157020746,1231.9866093723956,1192.6360785440954,1228.5086669921875,2053553.0,1195.3986328125,1175.8625366210938,1173.9297790527344,66.04013248819454,13.362587369942275,1212.3114013671875,1199.49267578125,1188.0650634765625
2025-05-16,1231.0922424882438,1231.0922424882438,1213.3050274085404,1222.94384765625,882873.0,1210.2643310546875,1181.1092529296875,1177.521990966797,64.11313893286112,15.565178517297227,1228.5086669921875,1212.3114013671875,1199.49267578125
2025-05-19,1220.5590650803051,1233.9739854772429,1206.5478289582577,1211.317626953125,2235758.0,1214.91484375,1185.8491821289062,1180.2745361328125,60.16332759466273,16.18602658500663,1222.94384765625,1228.5086669921875,1212.3114013671875
2025-05-20,1214.2987765247672,1226.6206541637796,1208.932783857664,1216.48486328125,1385750.0,1218.31328125,1192.18896484375,1182.599786376953,61.30435441771697,16.900191056423864,1211.317626953125,1222.94384765625,1228.5086669921875
2025-05-21,1217.379192847146,1248.6806746354746,1212.410703674395,1216.981689453125,2615092.0,1219.2473388671874,1198.5486328125,1185.0691223144531,61.41877906723214,17.306759712339954,1216.48486328125,1211.317626953125,1222.94384765625
2025-05-22,1216.9816810927466,1222.0496370549406,1203.7655727646247,1214.4974365234375,2260610.0,1216.4450927734374,1205.9218627929688,1186.8677124023438,60.45611718952894,17.229894354779617,1216.981689453125,1216.48486328125,1211.317626953125
2025-05-23,1220.260915101639,1227.1174542756844,1208.3365413384308,1222.34765625,734297.0,1216.3258544921875,1213.2950927734375,1188.3383850097657,62.45853411188238,17.599548490379675,1214.4974365234375,1216.981689453125,1216.48486328125
2025-05-26,1222.1490353372292,1240.0355970084108,1220.956525111878,1233.0797119140625,985434.0,1220.678271484375,1217.7965576171875,1191.62255859375,65.063155823656,18.54471729927468,1222.34765625,1214.4974365234375,1216.981689453125
2025-05-27,1236.060773576747,1241.128608325722,1229.5023920603671,1235.3651123046875,1145000.0,1224.4543212890626,1221.3838012695312,1193.8335388183593,65.61032988775622,19.256209504934304,1233.0797119140625,1222.34765625,1214.4974365234375
2025-05-28,1239.936222485435,1244.308395973117,1229.2042372132917,1234.7689208984375,766968.0,1228.011767578125,1223.6295532226563,1197.1425537109376,65.3229108983564,19.546643006819522,1235.3651123046875,1233.0797119140625,1222.34765625
2025-05-29,1237.5513369415296,1245.5009198076375,1232.5828476502122,1240.3336181640625,1791885.0,1233.17900390625,1224.8120483398438,1200.3372924804687,66.78546495971088,19.995344329977797,1234.7689208984375,1235.3651123046875,1233.0797119140625
2025-05-30,1240.3336037255372,1249.6743877446809,1233.179027749729,1243.314697265625,3161983.0,1237.372412109375,1226.8491333007812,1203.9791931152345,67.57445801146295,20.35683065873127,1240.3336181640625,1234.7689208984375,1235.3651123046875
2025-06-02,1243.115921111874,1243.6127700012073,1224.7325122065424,1239.836669921875,1139977.0,1238.7238037109375,1229.7010375976563,1207.7751098632812,65.616067153215,20.1306102944784,1243.314697265625,1240.3336181640625,1234.7689208984375
2025-06-03,1242.1222210987326,1245.5008178003206,1232.9802500718451,1240.4329833984375,811620.0,1239.7373779296875,1232.095849609375,1212.1424072265625,65.79907971914912,19.771532619254003,1239.836669921875,1243.314697265625,1240.3336181640625
2025-06-04,1240.4330879385143,1258.0214915511724,1238.4456922172644,1244.0103759765625,1387633.0,1241.5856689453126,1234.7987182617187,1216.6736755371094,66.9360693451626,19.550263391401813,1240.4329833984375,1239.836669921875,1243.314697265625
2025-06-05,1256.23278296515,1295.1858117608106,1256.23278296515,1282.4664306640625,3834672.0,1250.0122314453124,1241.5956176757813,1223.758740234375,76.12469328812837,22.221828747598465,1244.0103759765625,1240.4329833984375,1239.836669921875
2025-06-06,1286.9379878651366,1314.56283503976,1286.838642346005,1312.575439453125,2158757.0,1263.8643798828125,1250.6183959960938,1231.9567443847657,80.65714332429711,26.46355354548291,1282.4664306640625,1244.0103759765625,1240.4329833984375
2025-06-09,1319.034483420966,1320.6243756400918,1300.352916268486,1310.7867431640625,1227356.0,1278.05439453125,1258.3890991210938,1238.0928283691405,79.68929152327875,29.3425752239516,1312.575439453125,1282.4664306640625,1244.0103759765625
2025-06-10,1312.6748344023233,1354.0126399007422,1312.6748344023233,1340.2996826171875,3022355.0,1298.027734375,1268.8825561523438,1245.1331787109375,83.25883209569027,33.61813922785632,1310.7867431640625,1312.575439453125,1282.4664306640625
2025-06-11,1341.4920396801251,1346.858032099046,1331.753752649454,1342.5850830078125,1094247.0,1317.74267578125,1279.6641723632813,1251.6468627929687,83.50065008009254,36.7671385301353,1340.2996826171875,1310.7867431640625,1312.575439453125
2025-06-12,1351.4290029469944,1371.0048010134,1335.0329893082992,1354.1119384765625,2625058.0,1332.07177734375,1291.0420043945312,1257.9270263671874,84.70097758928132,39.734825729939075,1342.5850830078125,1340.2996826171875,1310.7867431640625
2025-06-13,1346.4605961510897,1358.186279383362,1336.5236175817088,1353.913330078125,1419556.0,1340.33935546875,1302.1018676757812,1264.4755004882813,84.58679314792373,41.59127485207591,1354.1119384765625,1342.5850830078125,1340.2996826171875
2025-06-16,1351.230327358786,1351.230327358786,1333.7411489033973,1338.312255859375,1294663.0,1345.8444580078126,1311.9494262695312,1270.8252319335938,75.92791622154624,41.32725300322795,1353.913330078125,1354.1119384765625,1342.5850830078125
2025-06-17,1339.8028560264122,1341.1939359718178,1294.390791624489,1310.48876953125,1649457.0,1339.882275390625,1318.9550048828125,1275.5254272460938,63.45263377124451,38.42989506125173,1338.312255859375,1353.913330078125,1354.1119384765625
2025-06-18,1302.8372294450826,1316.450962797545,1300.5517971661782,1305.0234375,728945.0,1332.3699462890625,1325.0563110351563,1279.9275146484374,61.32130720544445,35.28595685280902,1310.48876953125,1338.312255859375,1353.913330078125
2025-06-19,1296.7756757062768,1323.6055172726135,1296.0801357416258,1317.74267578125,1654212.0,1325.09609375,1328.583935546875,1285.089776611328,64.3246048302315,33.43527832614791,1305.0234375,1310.48876953125,1338.312255859375
2025-06-20,1324.0029840852253,1326.5865741266948,1309.8924024262726,1316.94775390625,1843895.0,1317.702978515625,1329.0211669921875,1289.8197814941407,63.99018809743972,31.54087513345189,1317.74267578125,1305.0234375,1310.48876953125
2025-06-23,1310.5880581557142,1314.6621948925354,1293.893886525567,1309.5943603515625,843945.0,1311.9593994140625,1328.9019287109375,1293.6455139160157,60.83923000716375,29.110620438133992,1316.94775390625,1317.74267578125,1305.0234375
2025-06-24,1309.5944297012163,1345.1687401930817,1300.8498400412118,1328.8721923828125,1011128.0,1315.636083984375,1327.7591796875,1298.320867919922,65.61895952541634,28.412662529045747,1309.5943603515625,1316.94775390625,1317.74267578125
2025-06-25,1339.8028679479628,1339.8028679479628,1327.5803357970924,1333.14501953125,833145.0,1321.260400390625,1326.8151733398438,1303.2396728515625,66.59224709988058,27.88289069155553,1328.8721923828125,1309.5943603515625,1316.94775390625
2025-06-26,1317.643270919055,1325.294695389663,1306.315091840999,1313.171630859375,2373431.0,1320.34619140625,1322.721142578125,1306.881573486328,58.28595512105799,25.55675479158799,1333.14501953125,1328.8721923828125,1309.5943603515625
2025-06-27,1320.5250976056,1323.2080332811731,1290.217313169574,1292.8009033203125,1770595.0,1315.5168212890626,1316.6098999023438,1309.3558837890625,51.262898757470765,21.818023273778408,1313.171630859375,1333.14501953125,1328.8721923828125
2025-06-30,1294.6889783955155,1296.7757196612051,1264.480538903359,1275.2125244140625,2224279.0,1308.6404541015625,1310.2999267578125,1311.1246765136718,46.09814476473647,17.237117661619322,1292.8009033203125,1313.171630859375,1333.14501953125
2025-07-01,1278.1935472057169,1286.7393241495074,1265.2754756182885,1268.75341796875,1851442.0,1296.61669921875,1306.1263916015625,1312.5406982421875,44.33173084124003,12.936398304186696,1275.2125244140625,1292.8009033203125,1313.171630859375
2025-07-02,1267.958439997564,1272.8275836590096,1255.735908082201,1262.791259765625,2027306.0,1282.545947265625,1301.903173828125,1313.4797424316407,42.705044038486086,8.943851733821248,1268.75341796875,1275.2125244140625,1292.8009033203125
2025-07-03,1266.865319510017,1289.422210515989,1261.9961761450058,1283.1619873046875,1918977.0,1276.5440185546875,1298.4451049804688,1313.5145202636718,49.52046006859761,7.338879247519117,1262.791259765625,1268.75341796875,1275.2125244140625
2025-07-04,1294.7882278993122,1304.7252058570966,1279.0877542056126,1299.1605224609375,1466009.0,1277.8159423828124,1296.6663818359375,1312.8437744140624,54.13487772432414,7.274024642538507,1283.1619873046875,1262.791259765625,1268.75341796875
2025-07-07,1299.6573767772798,1305.122714676847,1289.9190898176507,1302.240966796875,569025.0,1283.221630859375,1295.9310424804687,1312.416485595703,54.98807011758938,7.38605121366777,1299.1605224609375,1283.1619873046875,1262.791259765625
2025-07-08,1302.042343657083,1302.042343657083,1265.5735597175717,1275.7093505859375,1602620.0,1284.6128173828124,1290.6147583007812,1309.1869689941407,46.896387608458234,5.273167590589992,1302.240966796875,1299.1605224609375,1283.1619873046875
2025-07-09,1271.93319694103,1277.597225938257,1258.915779888787,1261.4000244140625,1494337.0,1284.3345703125,1283.4402587890625,1305.1277160644531,43.20378703200582,2.416196651783139,1275.7093505859375,1302.240966796875,1299.1605224609375
2025-07-10,1262.9000244140625,1269.9000244140625,1252.0999755859375,1262.5999755859375,1246082.0,1280.22216796875,1278.3830932617188,1300.5521179199218,43.60480526356216,0.24601670316042146,1261.4000244140625,1275.7093505859375,1302.240966796875
2025-07-11,1263.0,1272.0,1251.300048828125,1254.699951171875,895466.0,1271.3300537109376,1274.572998046875,1295.5914489746094,41.52599738841673,-2.087271719282853,1262.5999755859375,1261.4000244140625,1275.7093505859375
2025-07-14,1254.699951171875,1261.4000244140625,1245.300048828125,1250.5999755859375,1035555.0,1261.00185546875,1272.1117431640625,1291.2058349609374,40.44824932303128,-4.218623701337265,1254.699951171875,1262.5999755859375,1261.4000244140625
2025-07-15,1254.800048828125,1264.5,1241.0,1260.9000244140625,1183659.0,1258.039990234375,1271.3264038085938,1288.7263977050782,44.35542304055153,-5.01875456479047,1250.5999755859375,1254.699951171875,1262.5999755859375
2025-07-16,1260.9000244140625,1262.0,1250.0,1259.4000244140625,1159859.0,1257.639990234375,1270.9872802734376,1286.4452270507813,43.903665276498636,-5.708102055361678,1260.9000244140625,1250.5999755859375,1254.699951171875
2025-07-17,1259.4000244140625,1274.800048828125,1255.5,1263.0999755859375,709420.0,1257.739990234375,1268.9810791015625,1283.7130920410157,45.38137482874942,-5.88798672451594,1259.4000244140625,1260.9000244140625,1250.5999755859375
2025-07-18,1265.0,1270.5999755859375,1251.0999755859375,1257.5,690731.0,1258.3,1264.8150268554687,1280.740704345703,43.513064191191205,-6.408544141967468,1263.0999755859375,1259.4000244140625,1260.9000244140625
2025-07-21,1250.199951171875,1262.4000244140625,1245.199951171875,1259.300048828125,1065189.0,1260.0400146484376,1260.5209350585938,1278.2259887695313,44.30676481211107,-6.599762791665171,1257.5,1263.0999755859375,1259.4000244140625
2025-07-22,1261.0,1263.5999755859375,1236.0,1240.0,1304352.0,1255.860009765625,1256.95,1273.7823791503906,38.12175498058287,-8.213972035789766,1259.300048828125,1257.5,1263.0999755859375
2025-07-23,1240.199951171875,1252.0999755859375,1231.0,1247.4000244140625,1088262.0,1253.460009765625,1255.55,1269.4951293945312,41.4940812551182,-8.7947440312239,1240.0,1259.300048828125,1257.5
2025-07-24,1261.0999755859375,1287.9000244140625,1256.0999755859375,1265.5,3809212.0,1253.9400146484375,1255.8400024414063,1267.1115478515626,48.83860288214994,-7.705667125848322,1247.4000244140625,1240.0,1259.300048828125
2025-07-25,1266.0,1288.5,1261.199951171875,1277.9000244140625,1621138.0,1258.02001953125,1258.160009765625,1266.36650390625,53.175380947463374,-5.775412137029434,1265.5,1247.4000244140625,1240.0
2025-07-28,1280.0,1290.0,1271.5999755859375,1287.4000244140625,1553778.0,1263.6400146484375,1261.8400146484375,1266.97587890625,56.23612042247084,-3.4394526769913227,1277.9000244140625,1265.5,1247.4000244140625
2025-07-29,1287.0,1302.0,1282.800048828125,1299.800048828125,1943466.0,1275.6000244140625,1265.7300170898438,1268.5282104492187,59.918897173603405,-0.5809132302331363,1287.4000244140625,1277.9000244140625,1265.5
2025-07-30,1298.0999755859375,1298.0999755859375,1277.699951171875,1292.0999755859375,1387013.0,1284.5400146484376,1269.0000122070312,1269.9936462402343,56.72659987053366,1.0510524392773277,1299.800048828125,1287.4000244140625,1277.9000244140625
2025-07-31,1274.5,1285.0,1257.0,1270.300048828125,1968821.0,1285.5000244140624,1269.72001953125,1269.3505493164062,48.79972887491133,0.5786547188772602,1292.0999755859375,1299.800048828125,1287.4000244140625
2025-08-01,1258.0,1259.0,1213.699951171875,1220.5999755859375,2525210.0,1274.0400146484376,1266.0300170898438,1265.4225219726563,36.33405877579413,-3.762730018350112,1270.300048828125,1292.0999755859375,1299.800048828125
2025-08-04,1225.0999755859375,1232.199951171875,1219.199951171875,1225.0,767310.0,1261.560009765625,1262.6000122070313,1261.5604736328125,37.84775178026753,-6.770220613992024,1220.5999755859375,1270.300048828125,1292.0999755859375
2025-08-05,1225.0,1232.0,1205.0,1214.800048828125,956582.0,1244.560009765625,1260.0800170898438,1258.5150085449218,35.72716114770549,-9.86303447199225,1225.0,1220.5999755859375,1270.300048828125
2025-08-06,1214.800048828125,1217.800048828125,1187.5,1196.699951171875,1701845.0,1225.4800048828124,1255.010009765625,1255.2800048828126,32.27169935372508,-13.617662413408652,1214.800048828125,1225.0,1220.5999755859375
2025-08-07,1184.0,1210.0,1183.4000244140625,1200.800048828125,1246560.0,1211.5800048828125,1248.5400146484376,1252.190008544922,33.83286112697668,-16.077062128111947,1196.699951171875,1214.800048828125,1225.0
2025-08-08,1200.800048828125,1215.0,1195.4000244140625,1211.4000244140625,2389106.0,1209.7400146484374,1241.8900146484375,1250.0250122070313,37.82312803538816,-16.975145765219395,1200.800048828125,1196.699951171875,1214.800048828125
2025-08-11,1212.5,1237.0,1208.5999755859375,1219.5,1246374.0,1208.6400146484375,1235.1000122070313,1248.4700134277343,40.76292105155226,-16.83917169324627,1211.4000244140625,1200.800048828125,1196.699951171875
2025-08-12,1210.0,1227.199951171875,1204.0999755859375,1220.300048828125,922461.0,1209.7400146484374,1227.1500122070313,1246.4400146484375,41.05934976829999,-16.476918349220114,1219.5,1211.4000244140625,1200.800048828125
2025-08-13,1220.300048828125,1255.5,1219.800048828125,1253.4000244140625,1192506.0,1221.080029296875,1223.2800170898438,1246.1400146484375,51.804833834291415,-13.36487658451847,1220.300048828125,1219.5,1211.4000244140625
2025-08-14,1255.0999755859375,1266.0,1250.199951171875,1260.4000244140625,1603933.0,1233.0000244140624,1222.2900146484376,1246.0050170898437,53.72616235792697,-10.215956380441412,1253.4000244140625,1220.300048828125,1219.5
2025-08-18,1270.0,1270.5999755859375,1241.0999755859375,1262.699951171875,1648543.0,1243.260009765625,1226.5000122070312,1246.2650146484375,54.36981422666912,-7.448962560322798,1260.4000244140625,1253.4000244140625,1220.300048828125
2025-08-19,1263.0,1263.800048828125,1241.9000244140625,1244.199951171875,1061816.0,1248.2,1228.4200073242187,1245.510009765625,48.5231649558716,-6.671984922789989,1262.699951171875,1260.4000244140625,1253.4000244140625
2025-08-20,1244.0,1250.699951171875,1238.0,1245.4000244140625,685379.0,1253.2199951171874,1231.4800048828124,1245.780010986328,48.9069883163283,-5.891475404858738,1244.199951171875,1262.699951171875,1260.4000244140625
2025-08-21,1245.4000244140625,1281.800048828125,1240.300048828125,1276.5999755859375,2008295.0,1257.8599853515625,1239.4700073242188,1247.240008544922,57.73110607157242,-2.723940784166416,1245.4000244140625,1244.199951171875,1262.699951171875
2025-08-22,1274.0999755859375,1284.0999755859375,1265.5999755859375,1277.5999755859375,1229920.0,1261.2999755859375,1247.15,1247.8450073242188,57.9815901775255,-0.1314399755424347,1276.5999755859375,1245.4000244140625,1244.199951171875
2025-08-25,1277.699951171875,1288.9000244140625,1275.300048828125,1283.9000244140625,967056.0,1265.539990234375,1254.4,1248.1450073242188,59.60567333358788,2.4037875158003317,1277.5999755859375,1276.5999755859375,1245.4000244140625
2025-08-26,1276.0,1279.5999755859375,1259.0,1263.199951171875,2798216.0,1269.339990234375,1258.7699951171876,1246.9350036621095,52.43438073286556,2.711395376982182,1283.9000244140625,1277.5999755859375,1276.5999755859375
2025-08-27,1263.199951171875,1263.199951171875,1263.199951171875,1263.199951171875,0.0,1272.8999755859375,1263.0599853515625,1245.104998779297,52.43438073286556,2.921499594409852,1263.199951171875,1283.9000244140625,1277.5999755859375
2025-08-28,1263.199951171875,1267.4000244140625,1248.5,1259.800048828125,1827890.0,1269.539990234375,1263.6999877929688,1243.4900024414062,51.259620706610384,2.78160043711614,1263.199951171875,1263.199951171875,1283.9000244140625
2025-08-29,1259.0,1266.4000244140625,1240.800048828125,1260.0999755859375,2422956.0,1266.039990234375,1263.6699829101562,1242.979998779297,51.36314254523478,2.6642194662172187,1259.800048828125,1263.199951171875,1263.199951171875
2025-09-01,1260.0999755859375,1285.0,1260.0999755859375,1279.9000244140625,1273903.0,1265.239990234375,1265.389990234375,1245.945001220703,57.74384867511716,4.121383917286721,1260.0999755859375,1259.800048828125,1263.199951171875
2025-09-02,1279.9000244140625,1283.4000244140625,1248.0,1253.699951171875,1632660.0,1263.339990234375,1266.339990234375,1247.3799987792968,48.648954047957034,3.1260353064428728,1279.9000244140625,1260.0999755859375,1259.800048828125
2025-09-03,1250.0,1265.9000244140625,1247.5999755859375,1262.199951171875,1294925.0,1263.139990234375,1268.0199829101562,1249.7499938964843,51.32736906291445,2.988642117816653,1253.699951171875,1279.9000244140625,1260.0999755859375
2025-09-04,1268.0,1274.699951171875,1249.0,1253.0,1230934.0,1261.77998046875,1265.6599853515625,1252.5649963378905,48.385680382993094,2.1130400432980423,1262.199951171875,1253.699951171875,1279.9000244140625
2025-09-05,1254.300048828125,1271.699951171875,1253.5999755859375,1268.0999755859375,769861.0,1263.37998046875,1264.7099853515624,1255.9299926757812,53.13341485606801,2.6075032505357285,1253.0,1262.199951171875,1253.699951171875
2025-09-08,1269.0,1277.0,1248.699951171875,1250.5999755859375,969297.0,1257.519970703125,1261.37998046875,1257.889990234375,47.66160084106081,1.569176666456542,1268.0999755859375,1253.0,1262.199951171875
2025-09-09,1257.5,1295.800048828125,1256.800048828125,1291.300048828125,1643726.0,1265.039990234375,1264.189990234375,1261.4799926757812,58.39330404782781,3.984520066723462,1250.5999755859375,1268.0999755859375,1253.0
2025-09-10,1294.4000244140625,1310.0,1293.699951171875,1304.199951171875,1232984.0,1273.439990234375,1268.289990234375,1265.6749877929688,61.114804555861035,6.860527532340257,1291.300048828125,1250.5999755859375,1268.0999755859375
2025-09-11,1304.0,1311.0,1283.0,1303.0999755859375,1349391.0,1283.4599853515624,1272.6199829101563,1268.1599853515625,60.74990603084693,8.947879744617012,1304.199951171875,1291.300048828125,1250.5999755859375
2025-09-12,1303.0999755859375,1321.0,1302.800048828125,1316.699951171875,1042942.0,1293.17998046875,1278.27998046875,1270.9749816894532,63.640476920855775,11.566197852319874,1303.0999755859375,1304.199951171875,1291.300048828125
2025-09-15,1308.9000244140625,1311.800048828125,1292.5,1300.800048828125,1331182.0,1303.2199951171874,1280.3699829101563,1272.8799865722656,58.24030511611899,12.21740988247393,1316.699951171875,1303.0999755859375,1304.199951171875
2025-09-16,1300.0,1312.5,1296.4000244140625,1310.4000244140625,1034369.0,1307.039990234375,1286.039990234375,1276.189990234375,60.42387823857788,13.3541990140086,1300.800048828125,1316.699951171875,1303.0999755859375
2025-09-17,1317.0,1318.199951171875,1305.199951171875,1311.4000244140625,716840.0,1308.4800048828124,1290.9599975585938,1279.489990234375,60.65466887382291,14.172433245108323,1310.4000244140625,1300.800048828125,1316.699951171875
2025-09-18,1312.0999755859375,1325.800048828125,1305.699951171875,1322.699951171875,822010.0,1312.4,1297.9299926757812,1281.794989013672,63.26180145954367,15.553409398358781,1311.4000244140625,1310.4000244140625,1300.800048828125
2025-09-19,1324.699951171875,1326.800048828125,1312.0,1321.699951171875,1409571.0,1313.4,1303.289990234375,1283.9999877929688,62.86480508446097,16.378351861465035,1322.699951171875,1311.4000244140625,1310.4000244140625
2025-09-22,1320.9000244140625,1320.9000244140625,1293.5,1301.4000244140625,1399531.0,1313.5199951171876,1308.3699951171875,1284.8749877929688,55.28080238543327,15.218659042916897,1321.699951171875,1322.699951171875,1311.4000244140625
2025-09-23,1300.0,1311.9000244140625,1295.199951171875,1308.4000244140625,1271238.0,1313.1199951171875,1310.0799926757813,1287.134991455078,57.19832258449815,14.695040349833107,1301.4000244140625,1321.699951171875,1322.699951171875
2025-09-24,1303.300048828125,1308.300048828125,1294.4000244140625,1298.0999755859375,750456.0,1310.4599853515624,1309.4699951171874,1288.8799926757813,53.559127278801846,13.295676619961569,1308.4000244140625,1301.4000244140625,1321.699951171875
2025-09-25,1298.300048828125,1307.300048828125,1268.0,1275.199951171875,1241492.0,1300.9599853515624,1306.6799926757812,1289.6499877929687,46.47872940104548,10.221008768713318,1298.0999755859375,1308.4000244140625,1301.4000244140625
2025-09-26,1250.0,1278.5,1246.199951171875,1253.0999755859375,2284377.0,1287.239990234375,1300.3199951171875,1289.2999877929688,40.86426428569053,5.93264121721927,1275.199951171875,1298.0999755859375,1308.4000244140625
2025-09-29,1265.0,1270.0,1231.0,1234.5999755859375,3899164.0,1273.87998046875,1293.6999877929688,1287.0349853515625,36.85124769601523,1.0294171672769608,1253.0999755859375,1275.199951171875,1298.0999755859375
