Date,Open,High,Low,Close,Volume,MA_5,MA_10,MA_20,RSI,MACD,Close_Lag1,Close_Lag2,Close_Lag3
2020-01-28,295.30896511262563,296.80385074466994,286.47551733837213,288.4686889648437,198018.0,299.07789306640626,300.23302001953124,289.601171875,47.68292083788723,4.5111558951474535,293.9952697753906,304.5047912597656,304.2330017089844
2020-01-29,289.96355242886887,295.1277325615919,287.5626723368612,289.1481628417969,212364.0,296.0699829101562,300.9215789794922,289.9001495361328,48.35815429938038,3.661682464699311,288.4686889648437,293.9952697753906,304.5047912597656
2020-01-30,289.73702103947704,289.73702103947704,270.5299548254218,271.8889465332031,754157.0,289.601171875,299.00086669921876,289.3610809326172,35.73995337625168,1.577608447968089,289.1481628417969,288.4686889648437,293.9952697753906
2020-01-31,273.5198194316984,277.23440357139526,262.7384870447864,266.9966735839844,2557313.0,282.09954833984375,293.8684143066406,288.4188507080078,33.103186055159725,-0.4634583069352516,271.8889465332031,289.1481628417969,288.4686889648437
2020-02-03,277.234396589686,278.4121787183057,267.72145160866734,271.6172180175781,208344.0,277.6239379882812,289.8684509277344,288.1266693115234,37.77264261355147,-1.6887126665650385,266.9966735839844,271.8889465332031,289.1481628417969
2020-02-04,268.3556694457848,278.1404021761896,268.3556694457848,272.342041015625,407151.0,274.3986083984375,286.7382507324219,288.0632522583008,38.49787059940574,-2.571604559119521,271.6172180175781,266.9966735839844,271.8889465332031
2020-02-05,273.6103488672871,282.0814032775328,272.93085296778224,278.2309265136719,622761.0,272.2151611328125,284.1425720214844,288.24671783447263,44.18900438906293,-2.764254297782486,272.342041015625,271.6172180175781,266.9966735839844
2020-02-06,280.76768677375986,294.44820909532496,270.89235236769895,274.6975402832031,4146845.0,272.7768798828125,281.18902587890625,288.23765716552737,41.69587715581612,-3.1655547974813203,278.2309265136719,272.342041015625,271.6172180175781
2020-02-07,279.0463292016549,282.5344138464276,269.1709938603093,272.0701599121094,1778918.0,273.7915771484375,277.9455627441406,288.0972274780273,39.893487238038816,-3.653480918899845,274.6975402832031,278.2309265136719,272.342041015625
2020-02-10,274.5163699098865,276.1018604951746,263.6444344679108,265.68292236328125,702344.0,272.60471801757814,275.1143280029297,287.38602142333986,35.83773858350452,-4.503647332237961,272.0701599121094,274.6975402832031,278.2309265136719
2020-02-11,268.12905382910066,270.1675412297818,263.82558042766254,265.50164794921875,531155.0,271.23663940429685,272.8176239013672,286.5253219604492,35.72672646733906,-5.132869149710245,265.68292236328125,272.0701599121094,274.6975402832031
2020-02-12,267.0872280373533,267.0872280373533,260.20169039674414,265.2299499511719,632407.0,268.6364440917969,270.42580261230466,285.67369079589844,35.548983843437725,-5.589028885184234,265.50164794921875,265.68292236328125,272.0701599121094
2020-02-13,265.7281889116068,265.7281889116068,258.20844524980055,258.9785461425781,268002.0,265.4926452636719,269.1347625732422,284.0678146362305,31.647629911512226,-6.381413837763205,265.2299499511719,265.50164794921875,265.68292236328125
2020-02-14,260.4281816678232,261.4700700194397,246.65705148065587,249.87332153320312,719197.0,261.05327758789065,267.42242736816405,280.64542083740236,26.999834011873233,-7.6558482983634235,258.9785461425781,265.2299499511719,265.50164794921875
2020-02-17,250.37161113210752,262.5119331401573,249.37501155074477,257.6195678710937,536759.0,259.44060668945315,266.0226623535156,277.945556640625,35.657294166323766,-7.949156520615986,249.87332153320312,258.9785461425781,265.2299499511719
2020-02-18,258.3443728353381,258.3443728353381,241.44757788636392,248.28782653808597,957214.0,255.99784240722656,263.6172409057617,275.1777458190918,30.902645936473036,-8.832780145576692,257.6195678710937,249.87332153320312,258.9785461425781
2020-02-19,249.73742197769965,250.9152316224976,244.754451358106,246.9288330078125,312656.0,252.33761901855468,260.4870315551758,272.3148017883301,30.2696273491393,-9.532829134549786,248.28782653808597,257.6195678710937,249.87332153320312
2020-02-20,248.10662115001597,250.28100261127585,242.80654732967213,243.9843292236328,601625.0,249.33877563476562,257.41571044921875,269.3023681640625,28.88882934472207,-10.207553525964158,246.9288330078125,248.28782653808597,257.6195678710937
2020-02-24,242.80654732967213,246.33992066031453,239.4543563256912,243.9843292236328,342578.0,248.16097717285157,254.60712738037108,266.27634506225587,28.88882934472207,-10.61985835085045,243.9843292236328,246.9288330078125,248.28782653808597
2020-02-25,243.9843320409641,249.51090457002127,241.99116053211043,244.21083068847656,367104.0,245.47922973632814,252.4599182128906,263.78712310791013,29.177050166996736,-10.803796676846758,243.9843292236328,243.9843292236328,246.9288330078125
2020-02-26,244.0749454535731,252.31950203732785,239.18258002820303,244.8903350830078,479077.0,244.7997314453125,250.39878692626954,261.6082054138184,30.09246397276945,-10.770582232102356,244.21083068847656,243.9843292236328,243.9843292236328
2020-02-27,243.803153942844,244.7544372193995,237.461191702444,239.4996795654297,207447.0,243.31390075683595,247.8257598876953,259.12578125,27.099889544806274,-11.051841643096878,244.8903350830078,244.21083068847656,243.9843292236328
2020-02-28,235.55858411753584,235.55858411753584,228.53712632172463,232.43289184570312,389821.0,241.00361328125,245.17119445800782,257.152978515625,23.763594209451227,-11.709987020884483,239.4996795654297,244.8903350830078,244.21083068847656
2020-03-02,234.56199310879435,238.50307509307595,231.0739222425172,234.15431213378903,292497.0,239.03760986328126,243.59929351806642,255.51086044311523,26.148684146701413,-11.954859564307952,232.43289184570312,239.4996795654297,244.8903350830078
2020-03-03,235.4679854375198,238.27657416080223,231.34572116458415,232.84060668945312,493583.0,236.76356506347656,241.12139739990235,253.572029876709,25.49319959721204,-12.115270571788386,234.15431213378903,232.43289184570312,239.4996795654297
2020-03-04,234.29020078121684,235.37737767340616,224.68665283203129,226.49864196777344,309092.0,233.0852264404297,238.9424789428711,251.2798599243164,22.553894485374556,-12.608794665739907,232.84060668945312,234.15431213378903,232.43289184570312
2020-03-05,226.4986544721274,229.53374197180625,219.25069752901933,221.33448791503903,921558.0,229.45218811035156,236.38304443359374,248.43503799438477,20.482930848853428,-13.263724183262042,226.49864196777344,232.84060668945312,234.15431213378903
2020-03-06,217.43872518677176,221.51570128402372,209.28477299226785,217.75582885742188,259373.0,226.51677551269532,233.76019439697265,245.58795242309571,19.16932926074749,-13.911169123999457,221.33448791503903,226.49864196777344,232.84060668945312
2020-03-09,213.9958780275833,216.39677152161727,204.9359338788763,207.74452209472656,427329.0,221.2348175048828,230.13621368408204,242.37167053222657,16.06536153384353,-15.058517476028698,217.75582885742188,221.33448791503903,226.49864196777344
2020-03-11,203.84877099456452,208.33344119156905,199.77179557467323,203.89407348632807,409026.0,215.4455108642578,226.1045379638672,239.2822280883789,15.055611393798571,-16.09298838183804,207.74452209472656,217.75582885742188,221.33448791503903
2020-03-12,195.78543312307465,199.228201447442,173.3167649055637,183.73570251464844,1324222.0,206.8929229736328,219.98907470703125,235.19393081665038,11.116352569314273,-18.328150583482653,203.89407348632807,207.74452209472656,217.75582885742188
2020-03-13,149.57971155431696,197.82392321881167,147.85831354771622,187.586181640625,806107.0,200.14326171874998,214.79772491455077,231.31174240112304,15.655922753090692,-19.563317499696296,183.73570251464844,203.89407348632807,207.74452209472656
2020-03-16,186.63489095647247,191.39136269201364,167.42780785592524,175.80825805664062,968601.0,191.75374755859372,209.13526153564453,227.15322799682616,13.401279767059478,-21.247646537620852,187.586181640625,183.73570251464844,203.89407348632807
2020-03-17,180.29293140679096,183.5998062772134,173.99627149188225,177.3031463623047,2712767.0,185.66547241210935,203.45014495849608,223.52471923828125,15.073022623234365,-22.20588877898888,175.80825805664062,187.586181640625,183.73570251464844
2020-03-18,181.19894833221883,181.19894833221883,169.4663191925842,171.55010986328125,676191.0,179.1966796875,197.32109527587892,219.22124633789062,13.95640462847956,-23.162521494752184,177.3031463623047,175.80825805664062,187.586181640625
2020-03-19,167.6089920686736,179.38692124106686,139.5684634577363,157.6883544921875,2535035.0,173.98721008300782,190.4400665283203,214.6912727355957,11.706182695414228,-24.753840757562784,171.55010986328125,177.3031463623047,175.80825805664062
2020-03-20,159.4550481616928,178.6168282490986,159.4550481616928,166.8842010498047,504472.0,169.84681396484376,184.9950378417969,210.6890411376953,20.826120869620667,-24.984934007219152,157.6883544921875,171.55010986328125,177.3031463623047
2020-03-23,159.45504892817593,164.89101650527283,144.95913538925083,148.53781127929688,787370.0,164.392724609375,178.07323608398437,205.9167152404785,17.043705602266087,-26.344791047677376,166.8842010498047,157.6883544921875,171.55010986328125
2020-03-24,150.39508606708014,156.01224916736038,131.36920168510014,139.8402557373047,428635.0,156.900146484375,171.28280944824218,200.70951156616212,15.597448020959973,-27.80380266337849,148.53781127929688,166.8842010498047,157.6883544921875
2020-03-25,140.24795842144644,148.58310547595326,139.02486025515472,140.56504821777344,321471.0,150.70313415527343,164.9499069213867,195.52722244262696,16.23533484687451,-28.572232276515706,139.8402557373047,148.53781127929688,166.8842010498047
2020-03-26,144.97064513671774,150.33993399563616,139.23423140065802,146.7145233154297,1996435.0,148.50836791992188,161.24778900146484,190.61843185424806,21.646088811825308,-28.358112367035062,140.56504821777344,139.8402557373047,148.53781127929688
2020-03-27,147.67817472883127,155.89272734954466,137.67387849359454,143.54795837402344,1193235.0,143.84111938476562,156.84396667480468,185.82084579467772,20.8975283439259,-28.119788702602165,146.7145233154297,140.56504821777344,139.8402557373047
2020-03-30,139.96847273952278,152.2673362176201,120.18931854485658,147.99945068359375,1540055.0,143.733447265625,154.0630859375,181.59917373657225,24.832825994980624,-27.25750965075767,143.54795837402344,146.7145233154297,140.56504821777344
2020-03-31,151.76255119090987,159.15104008973577,148.7796163668151,155.9845428466797,1816959.0,146.9623046875,151.9312255859375,177.6906852722168,31.42338933530013,-25.634320595411026,147.99945068359375,143.54795837402344,146.7145233154297
2020-04-01,156.94826340381627,164.56622284954588,150.56937479745116,157.3612823486328,1298959.0,150.32155151367186,150.51234283447266,173.91671905517578,32.52192341414424,-23.96063689553452,155.9845428466797,147.99945068359375,143.54795837402344
2020-04-03,160.6195554866019,168.87998976877,153.46050964107346,166.99844360351562,737889.0,154.37833557128906,151.44335174560547,170.94170913696288,39.79251932994456,-21.607514159965035,157.3612823486328,155.9845428466797,147.99945068359375
2020-04-07,170.34853299256065,192.46813401910148,167.73272295598687,190.17356872558597,807472.0,163.70345764160157,153.77228851318358,169.38366317749023,52.927565841673385,-17.668932073527884,166.99844360351562,157.3612823486328,155.9845428466797
2020-04-08,189.53110104117144,209.2643633771772,183.8405816801436,204.17042541503903,1372921.0,174.93765258789062,159.3355499267578,168.7043930053711,58.77700010973519,-13.265234667918122,190.17356872558597,166.99844360351562,157.3612823486328
2020-04-09,204.67521351038695,218.35081634476543,204.67521351038695,211.32945251464844,952304.0,186.0066345214844,166.48446960449218,168.88363952636718,61.41783913733028,-9.092783146540853,204.17042541503903,190.17356872558597,166.99844360351562
2020-04-13,213.85347170569244,216.56105577823655,201.0039068821744,208.20884704589844,396317.0,196.1761474609375,173.24884948730468,169.0993782043457,59.62476374742662,-5.969084149845969,211.32945251464844,204.17042541503903,190.17356872558597
2020-04-15,211.09998473784623,213.3945497893446,205.59302861425027,208.11705017089844,568662.0,204.39986877441407,179.38910217285155,170.3184455871582,59.56966992232161,-3.461040707707866,208.20884704589844,211.32945251464844,204.17042541503903
2020-04-16,205.73068674045095,206.51084442134123,201.0956767695912,203.89503479003903,180947.0,207.1441619873047,185.42380981445314,171.1338882446289,56.962657533631464,-1.7934062953011676,208.11705017089844,208.20884704589844,211.32945251464844
2020-04-17,214.7712899433012,214.7712899433012,197.33259546072549,198.52577209472656,1704352.0,206.01523132324218,190.4764419555664,172.2697639465332,53.74153327076008,-0.8947346909584439,203.89503479003903,208.11705017089844,208.20884704589844
2020-04-20,200.45320841059447,201.00390965545188,190.907822869105,192.46812438964844,518100.0,202.2429656982422,194.1248001098633,173.02801284790038,50.28657105246603,-0.6636820008846769,198.52577209472656,203.89503479003903,208.11705017089844
2020-04-21,188.1543342159416,194.0743092476068,185.90566326653868,188.75091552734372,245714.0,198.35137939453125,197.26376342773438,173.8880531311035,48.237234502989914,-0.7716239677527881,192.46812438964844,198.52577209472656,203.89503479003903
2020-04-22,188.42966815429847,189.8981812543481,182.64736193526488,187.1905975341797,434156.0,194.1660888671875,199.2829788208008,175.3631652832031,47.36467182800876,-0.9718702607052307,188.75091552734372,192.46812438964844,198.52577209472656
2020-04-23,189.07216891802096,197.7915165137549,187.4200792041622,188.84271240234372,471670.0,191.15562438964844,199.14989318847657,176.46109085083006,48.42841435298517,-0.9858902983420137,187.1905975341797,188.75091552734372,192.46812438964844
2020-04-24,189.07216531122629,189.3016218225263,180.81173090442516,182.2802581787109,614833.0,187.9065216064453,196.96087646484375,178.14821319580076,44.574872937666186,-1.5091400630669796,188.84271240234372,187.1905975341797,188.75091552734372
2020-04-27,183.5652051408961,188.9344929932328,181.7754471917551,183.6110992431641,642867.0,186.13511657714844,194.1890411376953,180.33675537109372,45.521608405978036,-1.795731445523984,182.2802581787109,188.84271240234372,187.1905975341797
2020-04-28,185.40086637076564,186.27279833736804,181.729562086196,182.5097198486328,126048.0,184.88687744140626,191.61912841796874,182.4339889526367,44.838997408158164,-2.0876640023344066,183.6110992431641,182.2802581787109,188.84271240234372
2020-04-29,184.3912231410769,184.3912231410769,179.2514063525806,179.80209350585938,1020913.0,183.4091766357422,188.78763275146486,184.08836746215817,43.12685479609899,-2.5085880328506107,182.5097198486328,183.6110992431641,182.2802581787109
2020-04-30,181.63778104025525,184.48304757496956,176.6815256625952,178.65484619140625,1531998.0,181.3716033935547,186.26361389160155,185.84371185302732,42.388299461974526,-2.9013022239196573,179.80209350585938,182.5097198486328,183.6110992431641
2020-05-04,175.58014453189165,177.14044617911838,172.23007069602116,173.23968505859375,203038.0,179.56348876953126,183.7350051879883,187.10572357177733,38.993842523982345,-3.607899675107859,178.65484619140625,179.80209350585938,182.5097198486328
2020-05-05,174.29517827217234,176.0390563400024,168.92590375956755,170.9910125732422,178940.0,177.0394714355469,181.58729400634766,187.85604705810545,37.64568985737142,-4.2997672818490855,173.23968505859375,178.65484619140625,179.80209350585938
2020-05-06,170.99098431123974,172.4136173931719,164.6120964976422,165.52992248535156,334926.0,173.6435119628906,179.26519470214845,188.26447906494138,34.523919482013326,-5.228471114291779,170.9910125732422,173.23968505859375,178.65484619140625
2020-05-07,163.46481002084843,165.98883142540726,161.12435100836584,162.4093017578125,285434.0,170.16495361328126,176.7870651245117,188.03502197265624,32.84767757004373,-6.145442766245225,165.52992248535156,170.9910125732422,173.23968505859375
2020-05-08,163.46482743491217,170.2108405955355,163.37303922663935,166.7230987548828,585460.0,167.77860412597656,174.57510375976562,186.86249847412108,37.374283677708775,-6.4497137557160045,162.4093017578125,165.52992248535156,170.9910125732422
2020-05-11,169.7060206433198,182.8768292556682,154.97492464748387,166.40185546875,899084.0,166.41103820800782,172.98726348876954,184.97406997680662,37.17332713935071,-6.640227941167041,166.7230987548828,162.4093017578125,165.52992248535156
2020-05-12,171.54168939706966,172.5513036908436,161.07847764756946,167.2738037109375,450832.0,165.66759643554687,171.35353393554686,182.77128753662106,38.14549647599617,-6.644261953854027,166.40185546875,166.7230987548828,162.4093017578125
2020-05-13,170.25674745129896,171.54169843387092,163.92375274375587,168.05397033691406,1833129.0,166.1724060058594,169.907958984375,180.76354370117184,39.05420159249281,-6.5094689058373945,167.2738037109375,166.40185546875,166.7230987548828
2020-05-14,164.2908826096082,169.7978395685895,163.9237577476424,168.28343200683594,512465.0,167.34723205566405,168.75609283447267,178.77186279296873,39.33648586223067,-6.311375200464937,168.05397033691406,167.2738037109375,166.40185546875
2020-05-15,169.70603023808968,177.78290224076252,167.0902344109453,175.25888061523438,1007579.0,169.05438842773438,168.41649627685547,177.3400550842285,47.323852005235395,-5.527803032902398,168.28343200683594,168.05397033691406,167.2738037109375
2020-05-18,176.22262698338184,178.05827934779208,169.56838716239477,174.52464294433594,490783.0,170.67894592285157,168.54499206542968,176.13999862670897,46.627912951824,-4.909469974708202,175.25888061523438,168.28343200683594,168.05397033691406
2020-05-19,174.38693172184625,187.23649511187705,171.9546985392698,183.2898406982422,899487.0,173.8821533203125,169.77487487792968,175.68108444213868,55.114070379913336,-3.66985456726772,174.52464294433594,175.25888061523438,168.28343200683594
2020-05-20,183.2898601205039,188.6132540328769,179.15964287890807,187.78721618652344,755143.0,177.82880249023438,172.00060424804687,175.63289947509764,58.739147179565094,-2.2980592140282283,183.2898406982422,174.52464294433594,175.25888061523438
2020-05-21,188.06255564441,196.00175953189327,185.63032216729863,192.28456115722656,768525.0,182.6290283203125,174.98813018798828,175.88759765625,62.04062075638902,-0.8383395041231836,187.78721618652344,183.2898406982422,174.52464294433594
2020-05-22,192.1927694394438,195.4969488243563,190.26534313567325,192.42222595214844,1899741.0,186.06169738769532,177.55804290771485,176.06657333374022,62.14048179586596,0.3258510727947339,192.28456115722656,187.78721618652344,183.2898406982422
2020-05-26,196.41476864525757,196.41476864525757,187.1447202240533,189.4392852783203,414471.0,189.04462585449218,179.86178588867188,176.4245246887207,58.54643409826402,0.9962974132336626,192.42222595214844,192.28456115722656,187.78721618652344
2020-05-27,189.0721722021037,189.11806630701915,179.06787354677374,179.61856079101562,406946.0,188.31036987304688,181.09626159667968,176.2248977661133,48.5836074413548,0.7268024511916167,189.4392852783203,192.42222595214844,192.28456115722656
2020-05-28,180.71996312766217,181.08710199019436,174.43286241025626,175.9931640625,462997.0,185.9515594482422,181.8901809692383,175.89906997680663,45.50510872799823,0.21817158861392727,179.61856079101562,189.4392852783203,192.42222595214844
2020-05-29,176.22259960891768,180.7658357041023,174.0198227157718,178.83840942382812,2576254.0,183.2623291015625,182.9456787109375,175.85088577270508,48.27521711769317,0.04415647908078313,175.9931640625,179.61856079101562,189.4392852783203
2020-06-01,178.83841085610408,181.31653838196848,177.32398947563792,178.5171661376953,450495.0,180.48131713867187,183.2715072631836,175.84400177001953,47.97867373986592,-0.11830959798373897,178.83840942382812,175.9931640625,179.61856079101562
2020-06-02,178.88429113355733,179.61855477285937,176.03903878801876,176.6356201171875,317588.0,177.92058410644532,183.48260498046875,176.01379852294923,46.189023178968085,-0.3943444167160237,178.5171661376953,178.83840942382812,175.9931640625
2020-06-03,177.3698969581548,178.93019855473383,173.10201111973058,174.20339965820312,2116415.0,176.83755187988282,182.57396087646484,176.17441787719727,43.90896475480543,-0.8001403435994519,176.6356201171875,178.5171661376953,178.83840942382812
2020-06-04,175.30479495678767,176.03905867905578,170.34853934008035,170.85333251953125,312629.0,175.80958557128906,180.8805725097656,176.44058837890626,40.913211591355505,-1.376195039899585,174.20339965820312,176.6356201171875,178.5171661376953
2020-06-05,170.76154918275083,182.64739440995328,170.76154918275083,181.04119873046875,1797201.0,176.2501434326172,179.75623626708983,177.37218322753907,51.70451221394339,-0.9991295339642363,170.85333251953125,174.20339965820312,176.6356201171875
2020-06-08,190.9078457924645,192.5599357204979,183.56523633890816,187.7413482666016,1864882.0,178.09497985839846,179.28814849853515,178.423095703125,57.236064454558765,-0.15783688644344807,181.04119873046875,170.85333251953125,174.20339965820312
2020-06-09,190.81605721868596,190.8619513286688,184.52895628868,185.67623901367188,597609.0,179.90310363769532,178.9118438720703,179.3868148803711,55.13978698837774,0.3383561805991633,187.7413482666016,181.04119873046875,170.85333251953125
2020-06-10,187.14472211443297,188.1543363504742,180.16925268194905,184.4830322265625,355489.0,181.9590301513672,179.398291015625,180.24727630615234,53.91117384831896,0.6280709346597178,185.67623901367188,187.7413482666016,181.04119873046875
2020-06-11,183.10629592658324,183.978227868108,176.2226005909974,177.1404266357422,256028.0,183.21644897460936,179.5130172729492,180.70159912109375,46.974776504532485,0.2621630061270821,184.4830322265625,185.67623901367188,187.7413482666016
2020-06-12,171.633471651635,188.06255237354245,169.01766180257226,186.4104766845703,698228.0,184.2903045654297,180.27022399902344,181.60795135498046,54.86957670827378,0.7119865645208279,177.1404266357422,184.4830322265625,185.67623901367188
2020-06-15,186.31868690396945,186.31868690396945,177.46167118266754,179.02197265625,401348.0,182.5464294433594,180.3207046508789,181.79610595703124,48.65203426245301,0.4669022896126478,186.4104766845703,177.1404266357422,184.4830322265625
2020-06-16,181.04118228882783,183.42753554073477,174.47873185345426,177.59933471679688,251426.0,180.93104858398436,180.41707611083984,181.9498405456543,47.53510878750199,0.1560770843053092,179.02197265625,186.4104766845703,177.1404266357422
2020-06-17,177.00274943192974,183.56519971995277,174.3869397339551,182.6932678222656,298844.0,180.573095703125,181.26606292724608,181.92001190185547,51.80185715853674,0.31712804486477353,177.59933471679688,179.02197265625,186.4104766845703
2020-06-18,183.6111095444089,188.01667751594135,181.9131256996271,184.0700225830078,656393.0,181.95901489257812,182.58773193359374,181.7341522216797,52.916372880315684,0.5495201681558797,182.6932678222656,177.59933471679688,179.02197265625
2020-06-19,185.40085414420625,189.5310711919732,182.6473761123616,185.12550354003903,925425.0,181.70202026367184,182.99616241455078,181.3761993408203,53.79841887409024,0.8095293420285543,184.0700225830078,182.6932678222656,177.59933471679688
2020-06-22,186.0433446291,189.0721735105924,184.85016791761333,187.00706481933597,1500944.0,183.29903869628907,182.92273406982423,181.10544128417968,55.40235081254711,1.1541108841003336,185.12550354003903,184.0700225830078,182.6932678222656
2020-06-23,187.1906042992188,210.6410606986821,187.1906042992188,206.2813873291016,3082228.0,189.03544921875,184.98324890136718,181.94754638671876,67.75246673972958,2.9484827097606114,187.00706481933597,185.12550354003903,184.0700225830078
2020-06-24,207.84173016950376,210.18218966765957,196.87371040922693,200.91213989257807,1285518.0,192.67922363281247,186.62615966796875,183.01222534179686,62.55557060171982,3.892412604332918,206.2813873291016,187.00706481933597,185.12550354003903
2020-06-25,199.0764555974356,205.59302585830252,195.45104566564916,202.4265289306641,951083.0,196.35052490234375,189.15476989746094,184.3338935852051,63.408106223781104,4.708406802784367,200.91213989257807,206.2813873291016,187.00706481933597
2020-06-26,204.7210956307053,214.26648059331788,196.5983297886904,202.7936553955078,2740475.0,199.8841552734375,190.7930877685547,185.53165588378906,63.62432791609493,5.323347880786201,202.4265289306641,200.91213989257807,206.2813873291016
2020-06-29,201.8299283854929,201.8299283854929,187.69541382644476,188.6591339111328,1691916.0,200.21456909179688,191.75680389404297,186.03875427246095,51.10391506703244,4.616934215159034,202.7936553955078,202.4265289306641,200.91213989257807
2020-06-30,188.98038855438784,208.89722614585196,188.98038855438784,202.656005859375,3270513.0,199.48949279785157,194.2624710083008,187.33977355957032,59.58534179524497,5.127421165707943,188.6591339111328,202.7936553955078,202.4265289306641
2020-07-01,201.0039044962454,211.9260288646237,197.3326003045332,209.21844482421875,2568362.0,201.1507537841797,196.91498870849608,189.09052581787108,62.839890559196455,5.992442583809776,202.656005859375,188.6591339111328,202.7936553955078
2020-07-02,209.5397224197228,210.18219795309395,201.09572425490487,206.14376831054688,3534420.0,201.89420166015626,199.12236328125,190.85504760742188,60.386261791278244,6.356602632983424,209.21844482421875,202.656005859375,188.6591339111328
2020-07-03,205.59305585035528,212.88977087977543,205.59305585035528,211.0082244873047,2219574.0,203.53711547851563,201.71063537597655,192.35339889526367,62.85723060978297,6.957521082955054,206.14376831054688,209.21844482421875,202.656005859375
2020-07-06,211.0081908868869,213.0732993779696,207.8875881023272,210.9623107910156,919875.0,207.99775085449218,204.10615997314454,193.5144470214844,62.817402100233814,7.345375515759287,211.0082244873047,206.14376831054688,209.21844482421875
2020-07-07,211.2835691806844,216.9740883010148,208.62187904526195,213.85348510742188,4096737.0,210.23724670410155,204.86336975097657,194.92330932617188,64.34927888369793,7.7961770764928815,210.9623107910156,211.0082244873047,206.14376831054688
2020-07-08,215.5973385100381,217.8001294837352,213.11921091892896,215.27610778808597,1366737.0,211.448779296875,206.29976654052734,196.46296310424805,65.11096011949198,8.174009429639227,213.85348510742188,210.9623107910156,211.0082244873047
2020-07-09,217.0658612675174,220.27825244906623,213.8534700859685,217.11175537109372,2309959.0,213.6423767089844,207.7682891845703,198.46152954101564,66.11690070002393,8.523314249356929,215.27610778808597,213.85348510742188,210.9623107910156
2020-07-10,216.7904961120836,217.34119730823957,207.2451114147437,212.8438415527344,1114363.0,214.0095001220703,208.77330780029297,199.78319778442383,61.665118598965115,8.359393968761083,217.11175537109372,215.27610778808597,213.85348510742188
2020-07-13,213.8534883664489,228.07979338653456,208.8513387571438,225.05096435546875,1758932.0,216.82723083496094,212.41249084472656,202.08464736938475,68.2499942192208,9.109490223569253,212.8438415527344,217.11175537109372,215.27610778808597
2020-07-14,225.5098580008812,229.86953174450693,219.08507564185368,225.69342041015625,1771310.0,219.19521789550782,214.7162322998047,204.48935165405274,68.55612312234268,9.644610675732281,225.05096435546875,212.8438415527344,217.11175537109372
2020-07-15,229.4565144855459,229.8236393067571,212.9356454425866,216.7905120849609,2660189.0,219.49809875488282,215.47343902587892,206.1942138671875,59.93239045074502,9.243750984952868,225.69342041015625,225.05096435546875,212.8438415527344
2020-07-16,217.0658869283868,221.19610465006855,212.15551136842103,214.3124084472656,645762.0,218.9382293701172,216.2903030395508,207.7063331604004,57.7546397524336,8.626661752019515,216.7905120849609,225.69342041015625,225.05096435546875
2020-07-17,214.3123794126619,226.70303089904704,214.3123794126619,223.5824279785156,1187815.0,221.08594665527343,217.54772338867187,209.62917938232422,63.14901906985837,8.784366483672642,214.3124084472656,216.7905120849609,225.69342041015625
2020-07-20,223.0317298275547,232.9901480576231,222.11390377888165,223.62831115722656,735753.0,220.801416015625,218.81432342529297,211.46024169921876,63.17408440689818,8.811477777900052,223.5824279785156,214.3124084472656,216.7905120849609
2020-07-21,225.1427311503349,228.4927906053409,223.9495544934444,226.51947021484372,757736.0,220.9666259765625,220.08092193603517,212.47214584350587,64.79882784675729,8.962936890191287,223.62831115722656,223.5824279785156,214.3124084472656
2020-07-22,226.61123672038295,228.49278284562985,220.4159111404889,221.2878570556641,829256.0,221.86609497070313,220.68209686279297,213.49093170166014,59.66872231751481,8.56212304364513,226.51947021484372,223.62831115722656,223.5824279785156
2020-07-23,222.5727967376752,226.7030135843537,222.25155204763507,224.0872039794922,1135200.0,223.82105407714843,221.3796417236328,214.57396545410157,61.4283979120216,8.373830775532326,221.2878570556641,226.51947021484372,223.62831115722656
2020-07-24,221.9303485372548,225.9687776798696,221.1960848736209,224.04135131835935,382284.0,223.9128387451172,222.4993927001953,215.63635025024413,61.38115700737017,8.127222310162324,224.0872039794922,221.2878570556641,226.51947021484372
2020-07-27,223.031722791888,223.8118805106152,216.1939217459589,217.8918914794922,249160.0,222.76555480957032,221.78348541259766,217.0979881286621,55.24496644769593,7.35083743065897,224.04135131835935,224.0872039794922,221.2878570556641
2020-07-28,218.9015357427922,225.2345305459633,218.9015357427922,222.3433837890625,358302.0,221.93033752441406,221.44848175048827,218.08235702514648,58.48066115257976,7.013893251405165,217.8918914794922,224.04135131835935,224.0872039794922
2020-07-29,224.86739345262248,226.15234438467155,218.39671667677837,220.82896423339844,231539.0,221.83855895996095,221.85232696533203,218.66288299560546,56.971591560118085,6.549166841550431,222.3433837890625,217.8918914794922,224.04135131835935
2020-07-30,221.1960857977365,223.03173796203305,218.21315103075452,219.0850830078125,203136.0,220.838134765625,222.32959442138673,219.30994873046876,55.205021151393666,5.971317541286453,220.82896423339844,222.3433837890625,217.8918914794922
2020-07-31,219.0850860702484,222.0221267731948,217.9836975572578,220.14059448242188,146820.0,220.0579833984375,221.98541107177735,219.7665672302246,56.09246802904199,5.534737750834353,219.0850830078125,220.82896423339844,222.3433837890625
2020-08-03,220.14057454086884,223.8577586848745,219.72754163161176,221.2878570556641,392007.0,220.73717651367187,221.7513656616211,220.28284454345703,57.08759934042847,5.221133644489953,220.14059448242188,219.0850830078125,220.82896423339844
2020-08-04,223.67420752795323,225.32629723329424,218.44260179846856,219.3604278564453,1114928.0,220.14058532714844,221.03546142578125,220.5581916809082,54.83890498001572,4.762177287222727,221.2878570556641,220.14059448242188,219.0850830078125
2020-08-05,216.7905260501202,221.7467954852283,216.7905260501202,217.80014038085935,135704.0,219.53482055664062,220.6866897583008,220.68439331054688,53.018261115511265,4.223858892026755,219.3604278564453,221.2878570556641,220.14059448242188
2020-08-06,218.99332163730605,219.360446489716,216.60696808189527,218.53440856933597,164313.0,219.4246856689453,220.13141021728515,220.755525970459,53.795677357269895,3.8125384220277283,217.80014038085935,219.3604278564453,221.2878570556641
2020-08-07,219.22274348786203,241.847148557395,217.80011040124765,236.1566162109375,4431966.0,222.62789001464844,221.34293670654296,221.92116470336913,67.63668721280571,4.852591216976492,218.53440856933597,217.80014038085935,219.3604278564453
2020-08-10,243.22389835371035,283.37878723286065,243.22389835371035,281.8643798828125,9852405.0,234.74319458007812,227.740185546875,224.76183547973633,82.38019105669633,9.258350580382512,236.1566162109375,218.53440856933597,217.80014038085935
2020-08-11,285.5815824934517,309.94988200522545,285.4439141818251,306.0950012207031,6066485.0,252.0901092529297,236.11534729003907,228.78191452026368,86.01691273640202,14.537575139003707,281.8643798828125,236.1566162109375,218.53440856933597
2020-08-12,306.09499718149766,307.74707291887546,293.7043451216769,302.6072692871094,2212560.0,269.05153503417966,244.29317779541014,233.0727523803711,83.35018505303213,18.229825734229337,306.0950012207031,281.8643798828125,236.1566162109375
2020-08-13,304.90183792852014,304.90183792852014,283.14934841822856,298.2016906738281,1096393.0,284.9849914550781,252.20483856201173,237.26721649169923,79.97726604255666,20.563425191717215,302.6072692871094,306.0950012207031,281.8643798828125
2020-08-14,298.2935203760861,316.55825648330136,291.04269886737256,300.5422058105469,1141928.0,297.862109375,260.24499969482423,241.11520538330078,80.43034683945257,22.344110587359467,298.2016906738281,302.6072692871094,306.0950012207031
2020-08-17,302.7908068557259,326.5624958359192,295.5399866971103,323.07476806640625,1427205.0,306.10418701171875,270.42369079589844,246.08752822875977,84.14904910390713,25.28207008769064,300.5422058105469,298.2016906738281,302.6072692871094
2020-08-18,324.35976609907925,330.0961797185799,311.1430747217161,312.1067810058594,1358188.0,307.30654296875,279.69832611083984,250.36689376831055,76.52616586712074,26.420836311465592,323.07476806640625,300.5422058105469,298.2016906738281
2020-08-19,313.9424252535493,321.2391543929795,313.9424252535493,320.4131164550781,1091462.0,310.8677124023437,289.9596237182617,255.32315673828126,78.14113727364293,27.67455357320455,312.1067810058594,323.07476806640625,300.5422058105469
2020-08-20,318.9445378562658,325.6446565123372,312.1526309974072,323.2583312988281,691087.0,315.87904052734376,300.43201599121096,260.28171310424807,78.68215851635215,28.568399864687137,320.4131164550781,312.1067810058594,323.07476806640625
2020-08-21,325.1399053844044,333.12500389064945,325.1399053844044,327.8475036621094,844277.0,321.34010009765626,309.6011047363281,265.47202072143557,79.56088328039206,29.309228801641098,323.2583312988281,320.4131164550781,312.1067810058594
2020-08-24,330.3715716994993,333.3545070283244,324.0385481319724,328.5359191894531,579265.0,322.4323303222656,314.2682586669922,271.0042221069336,79.69608752963279,29.61055836637445,327.8475036621094,323.2583312988281,320.4131164550781
2020-08-25,329.91260665806294,331.3352259255565,325.8282692619738,327.1132202148437,1891586.0,325.4336181640625,316.3700805664063,276.24271392822266,78.53980207055875,29.39570886650864,328.5359191894531,327.8475036621094,323.2583312988281
2020-08-26,328.81121252355445,351.52740934130173,318.4856685154875,325.8282775878906,719570.0,326.516650390625,318.6921813964844,281.49267959594727,77.44688447967215,28.789883107295452,327.1132202148437,328.5359191894531,327.8475036621094
2020-08-27,325.9659131824972,330.6009515000412,320.3671687248784,330.0961303710937,382534.0,327.88421020507815,321.8816253662109,287.0432319641113,78.51623100965185,28.32759895264269,325.8282775878906,327.1132202148437,328.5359191894531
2020-08-28,331.01398215373945,332.987302695333,323.12067197753504,324.72686767578125,471049.0,327.2600830078125,324.3000915527344,292.2725456237793,73.77684681834938,27.214271619854003,330.0961303710937,325.8282775878906,327.1132202148437
2020-08-31,326.7460655452066,330.1420330483434,310.3628653646402,327.6180114746094,533067.0,327.0765014648438,324.75441589355466,297.58905334472655,74.66368749030123,26.262505019771027,324.72686767578125,330.0961303710937,325.8282775878906
2020-09-01,321.23911689950216,335.00650762376654,319.4034648029336,330.96807861328125,310359.0,327.84747314453125,326.6405456542969,303.16943588256834,75.68962486680698,25.484772953619768,327.6180114746094,324.72686767578125,330.0961303710937
2020-09-02,334.91467863452584,340.6052106448856,325.91999566055057,336.5208740234375,320708.0,329.9859924316406,328.25132141113284,309.10547256469727,77.3283405121399,25.02797198917051,330.96807861328125,327.6180114746094,324.72686767578125
2020-09-03,335.8325171239356,340.7887717644407,333.4920721022549,338.7236633300781,308965.0,331.7114990234375,329.7978546142578,315.11493530273435,77.96295682662644,24.560581525938915,336.5208740234375,330.96807861328125,327.6180114746094
2020-09-04,323.67140578868066,343.9553705335178,323.67140578868066,339.8710327148437,259064.0,334.74033203125,331.0002075195313,320.3006561279297,78.30362385732114,24.006027791696738,338.7236633300781,336.5208740234375,330.96807861328125
2020-09-07,341.89020082896866,343.9553094245799,328.1228101915606,329.2242126464844,169864.0,335.061572265625,331.06903686523435,322.6686477661133,67.82575914864631,22.448656424182616,339.8710327148437,338.7236633300781,336.5208740234375
2020-09-08,330.37148576815895,335.0064959465016,322.1569317184166,322.6158447265625,94816.0,333.39112548828126,330.6192993164062,323.49468994140625,62.25723936167842,20.445505274550385,329.2242126464844,339.8710327148437,338.7236633300781
2020-09-09,322.6158713775568,335.0065236210761,314.81434959460023,333.033203125,341526.0,332.69359130859374,331.3397918701172,325.01598663330077,66.87423155816302,19.474101992240378,322.6158447265625,329.2242126464844,339.8710327148437
2020-09-10,334.22635422438805,348.6821146727337,330.50916988445914,346.984130859375,393435.0,334.34568481445314,333.0285919189453,327.4551086425781,71.84196212424588,19.603998476452034,333.033203125,322.6158447265625,329.2242126464844
2020-09-11,346.8464960888747,360.6138883232293,344.6895990368596,351.986328125,951176.0,336.76874389648435,335.75453796386716,330.0273147583008,73.3832692676685,19.881397515454523,346.984130859375,333.033203125,322.6158447265625
2020-09-14,351.9862576675271,367.9564238606467,349.9211492457489,362.6789245605469,622702.0,343.4596862792969,339.26062927246096,332.0075225830078,76.361837547224,20.725134968044756,351.986328125,346.984130859375,333.033203125
2020-09-15,362.3577130781976,374.0599952073697,357.72270273292736,364.9276428222656,779877.0,351.9220458984375,342.6565856933594,334.6485656738281,76.94613389262918,21.329383888039843,362.6789245605469,351.986328125,346.984130859375
2020-09-16,364.9276315764896,370.5263759069375,351.0684530564776,352.81231689453125,458257.0,355.87786865234375,344.2857299804688,336.2685256958008,67.29483183907432,20.593263635817436,364.9276428222656,362.6789245605469,351.986328125
2020-09-17,355.1986727555072,357.53911792244577,346.0662925750457,349.9211730957031,325159.0,356.46527709960935,345.4054809570313,337.6016677856445,65.19336858610913,19.551217623647574,352.81231689453125,364.9276428222656,362.6789245605469
2020-09-18,353.5465422295846,355.1986176192331,333.17079637152875,339.7332458496094,780540.0,354.01466064453126,345.39170227050784,338.19595489501955,58.28610616256995,17.699281764012426,349.9211730957031,352.81231689453125,364.9276428222656
2020-09-21,342.2114426241295,342.2114426241295,330.4173724768111,332.9872741699219,199995.0,348.0763305664062,345.76800842285155,338.418522644043,54.19180738184503,15.50849345778181,339.7332458496094,349.9211730957031,352.81231689453125
2020-09-22,334.1345927924935,338.4942669278678,318.21033177956974,334.593505859375,222253.0,342.00950317382814,346.9657745361328,338.7925369262695,55.002307517810856,13.74346134741188,332.9872741699219,339.7332458496094,349.9211730957031
2020-09-23,335.0065195887351,343.3587425283927,330.1420525630221,336.9339599609375,233250.0,338.8338317871094,347.35585021972656,339.3478210449219,56.21788676542711,12.390683681036762,334.593505859375,332.9872741699219,339.7332458496094
2020-09-24,343.0833905840268,343.0833905840268,321.23914025089783,325.231689453125,408919.0,333.89593505859375,345.18060607910155,339.10459899902344,49.078814397076535,10.256096310107864,336.9339599609375,334.593505859375,332.9872741699219
2020-09-25,324.9104114374924,328.9029602308508,321.239107353453,322.98297119140625,237310.0,330.54588012695314,342.2802703857422,339.0174041748047,47.82207485461792,8.287435274284519,325.231689453125,336.9339599609375,334.593505859375
2020-09-28,323.53371225276464,334.409957543228,321.33093513300986,325.8282775878906,391825.0,329.11408081054685,338.59520568847654,338.92791748046875,49.58130044473748,6.87756932885145,322.98297119140625,325.231689453125,336.9339599609375
2020-09-29,326.5166397450125,330.2338242992458,318.2103246251432,322.47821044921875,431702.0,326.69102172851564,334.3502624511719,338.5034240722656,47.54856303871591,5.427354821181041,325.8282775878906,322.98297119140625,325.231689453125
2020-09-30,323.0747709357282,328.2604825377025,320.59662938655123,322.4322814941406,403950.0,323.7906860351562,331.3122589111328,337.79899444580076,47.5197986138732,4.225632827915263,322.47821044921875,325.8282775878906,322.98297119140625
2020-10-01,324.8186350588063,326.1035859330347,320.41308120150086,321.56036376953125,354313.0,323.0564208984375,328.47617797851564,336.9408294677734,46.93926389589651,3.166402697576757,322.4322814941406,322.47821044921875,325.8282775878906
2020-10-05,322.2027981298819,325.7823418492421,319.1281035137624,321.42266845703125,301897.0,322.7443603515625,326.64512023925784,336.01841125488284,46.84194059780886,2.289452938649731,321.56036376953125,322.4322814941406,322.47821044921875
2020-10-06,324.91044859350825,325.8282747194786,317.56783958574533,319.9541931152344,257947.0,321.5695434570313,325.34181213378906,335.55491027832034,45.75244118550424,1.459150075316927,321.42266845703125,321.56036376953125,322.4322814941406
2020-10-07,321.23911904851707,330.37149949397053,319.7247116606826,321.56036376953125,464543.0,321.38597412109374,324.0384979248047,335.50213623046875,47.19902556304843,0.9201269716203342,319.9541931152344,321.42266845703125,321.56036376953125
2020-10-08,323.07478062658384,325.3693458298976,319.6788129217477,324.4056396484375,217570.0,321.7806457519531,322.78566589355466,335.0707580566406,49.75509685864149,0.7143032200714288,321.56036376953125,319.9541931152344,321.42266845703125
2020-10-09,326.51656412962063,326.51656412962063,313.5293332384465,315.1355285644531,184548.0,320.4956787109375,321.7760498046875,333.4783279418945,42.53102418294361,-0.1945909534549628,324.4056396484375,321.56036376953125,319.9541931152344
2020-10-12,317.65959242467954,320.82607540074895,307.47171795899806,310.82177734375,127805.0,318.37550048828126,320.5599304199219,331.420100402832,39.646314004244935,-1.2485868739269108,315.1355285644531,324.4056396484375,321.56036376953125
2020-10-13,309.3073783435117,323.7631386073405,307.1963896358997,319.8164978027344,162908.0,318.34796142578125,319.95875244140626,329.27697906494143,47.62350574661983,-1.3426106852731436,310.82177734375,315.1355285644531,324.4056396484375
2020-10-14,322.06514374486267,322.06514374486267,315.31911691833415,318.8527526855469,232869.0,317.8064392089844,319.59620666503906,326.97323455810545,46.90809861549277,-1.4778556102314155,319.8164978027344,310.82177734375,315.1355285644531
2020-10-15,319.816433506604,324.9103558477456,306.92096331183814,311.4183044433594,186660.0,315.20897216796874,318.49480895996095,324.9035339355469,41.70362358238783,-2.160036472635568,318.8527526855469,319.8164978027344,310.82177734375
2020-10-16,312.2903525678242,321.23915767447016,312.2903525678242,318.8987121582031,104010.0,315.96160888671875,318.2286437988281,323.3524108886719,47.960060801987964,-2.0731651770657322,311.4183044433594,318.8527526855469,319.8164978027344
2020-10-19,323.0747722053595,334.96063085264143,318.25618540400114,331.70233154296875,398059.0,320.1377197265625,319.25661010742186,322.9508651733398,56.554581874880185,-0.9601064597910636,318.8987121582031,311.4183044433594,318.8527526855469
2020-10-20,329.40780713330304,338.0812756522213,326.4707801923288,333.5380249023437,580473.0,322.88202514648435,320.6149932861328,322.97840270996096,57.63488432666788,0.06932655203854665,331.70233154296875,318.8987121582031,311.4183044433594
2020-10-21,334.9147075787213,335.0064957822709,328.67350187492764,332.39068603515625,887421.0,325.58961181640626,321.6980255126953,322.86826171875,56.68612855631995,0.7835467337015984,333.5380249023437,331.70233154296875,318.8987121582031
2020-10-22,333.17085947850904,333.99689732979584,325.9200392130361,332.2071533203125,786899.0,329.74738159179685,322.4781768798828,322.6319213867188,56.52583264717282,1.3195508562284886,332.39068603515625,333.5380249023437,331.70233154296875
2020-10-23,330.9221486646857,333.1708335385042,327.9392142046302,331.0598449707031,162232.0,332.1796081542969,324.0706085205078,322.92332916259767,55.46985668013111,1.63293631628801,332.2071533203125,332.39068603515625,333.5380249023437
2020-10-26,331.0598287149234,332.8954806002075,327.755649719447,329.8666381835937,129186.0,331.8124694824219,325.9750946044922,323.267512512207,54.33303774935039,1.7646726872628165,331.0598449707031,332.2071533203125,332.39068603515625
2020-10-27,330.4174340015114,342.624511331523,328.6276616967368,339.8710327148437,725979.0,333.0790710449219,327.9805480957031,323.9696502685547,61.464173580915286,2.6458460722885775,329.8666381835937,331.0598449707031,332.2071533203125
2020-10-28,338.677834868923,348.40679724490144,329.4995737613641,333.6297912597656,424617.0,333.32689208984374,329.458251953125,324.52722930908203,55.62816189341479,2.8081951772764455,339.8710327148437,329.8666381835937,331.0598449707031
2020-10-29,328.81120605094736,335.190108760962,324.0844071556004,333.125,130564.0,333.5104614257813,331.62892150878906,325.061865234375,55.17187564462175,2.863121296618658,333.6297912597656,339.8710327148437,329.8666381835937
2020-10-30,332.98728306274376,338.9072723483181,324.0843870946972,332.2071533203125,257728.0,333.73992309570315,332.959765625,325.5942047119141,54.299741221597124,2.8003078795285887,333.125,333.6297912597656,339.8710327148437
2020-11-02,331.3351778080223,331.7940907966761,316.28283738214384,321.42266845703125,583051.0,332.05112915039064,331.9317993164062,325.5942047119141,45.248922456080535,1.8588819610392306,332.2071533203125,333.125,333.6297912597656
2020-11-03,322.0650890361056,357.03425994360003,318.3019974038872,342.0278015136719,472523.0,332.48248291015625,332.78077697753906,326.69788513183596,59.23121966364071,2.7438280298631526,321.42266845703125,332.2071533203125,333.125
2020-11-04,346.70877683685336,347.25947804729554,335.3277398636315,340.7887878417969,397137.0,333.9142822265625,333.62058715820314,327.65930633544923,58.26761594762055,3.307054451500278,342.0278015136719,321.42266845703125,332.2071533203125
2020-11-05,343.266923915117,350.6095319133013,338.26476101242326,344.3224182128906,1451005.0,336.1537658691406,334.8321136474609,328.6551452636719,60.25359798111179,3.992526527098107,340.7887878417969,342.0278015136719,321.42266845703125
2020-11-06,346.6629162765377,347.85607895821494,332.34482404726816,340.46759033203125,1077093.0,337.80585327148435,335.77288818359375,329.92174835205077,57.0633256700732,4.176570783556656,344.3224182128906,340.7887878417969,342.0278015136719
2020-11-09,344.1847646252167,348.7738948202196,336.56681970544304,347.39715576171875,1273066.0,343.00075073242186,337.52593994140625,331.7505172729492,61.05522566222394,4.825954599576903,340.46759033203125,344.3224182128906,340.7887878417969
2020-11-10,348.77390352141083,349.50815316699817,341.43129502622327,347.48895263671875,840665.0,344.0929809570313,338.28773193359376,333.13414001464844,61.10681160562816,5.287057287631853,347.39715576171875,340.46759033203125,344.3224182128906
2020-11-11,346.938226091389,352.44518206109365,343.4963786103237,347.7183837890625,642041.0,345.47890014648436,339.69659118652345,334.5774215698242,61.24498336452638,5.60637091250419,347.48895263671875,347.39715576171875,340.46759033203125
2020-11-12,350.64042714271176,357.5975784749084,347.6256615654265,355.9742431640625,622140.0,347.80926513671875,341.9815155029297,336.8052185058594,65.93475636457856,6.45124221076594,347.7183837890625,347.48895263671875,347.39715576171875
2020-11-13,355.9741688539741,359.96292346162045,349.1561563099465,352.31005859375,549822.0,350.1777587890625,343.99180603027344,338.47578582763674,62.32964813201168,6.747360359512811,355.9742431640625,347.7183837890625,347.48895263671875
2020-11-14,353.423221624522,357.59751164370925,352.4956016202582,354.536376953125,67127.0,351.60560302734376,347.3031768798828,339.6174880981445,63.630812351115175,7.0800668083158484,352.31005859375,355.9742431640625,347.7183837890625
2020-11-17,357.5048207111876,360.2876813212519,350.0374893976704,354.8147277832031,401021.0,353.0707580566406,348.5818695068359,340.6813232421875,63.79917310522855,7.282254356548776,354.536376953125,352.31005859375,355.9742431640625
2020-11-18,354.5827713818121,356.8090538857097,351.05782644303406,354.4436340332031,189913.0,354.4158081054687,349.9473541259766,341.78397064208986,63.377941264416144,7.328071830445765,354.8147277832031,354.536376953125,352.31005859375
2020-11-19,355.2785000306617,359.6846955271255,351.10420956032755,353.6087951660156,314691.0,353.9427185058594,350.87599182128906,342.854052734375,62.380112545193725,7.213861088903457,354.4436340332031,354.8147277832031,354.536376953125
2020-11-20,358.0613652864639,370.862511582026,354.9074625493115,367.5231018066406,1472178.0,356.9853271484375,353.58154296875,344.6772155761719,70.66888232653997,8.152143674822923,353.6087951660156,354.4436340332031,354.8147277832031
2020-11-23,369.1927603008447,373.6917229662539,363.2095999724828,371.5118103027344,717748.0,360.3804138183594,355.9930084228516,346.7594741821289,72.53688620431828,9.112551009065669,367.5231018066406,353.6087951660156,354.4436340332031
2020-11-24,372.06844067524713,377.5413937933079,370.1668024190661,374.572998046875,930204.0,364.3320678710937,358.7014129638672,348.4945724487305,73.91017740769152,10.005357475494236,371.5118103027344,367.5231018066406,353.6087951660156
2020-11-25,375.6861289987921,401.613121323554,375.6861289987921,385.5652770996094,1725600.0,370.556396484375,362.48610229492186,351.09134674072266,78.13774271384081,11.467705514931424,374.572998046875,371.5118103027344,367.5231018066406
2020-11-26,389.1366374772479,398.87664866559385,386.8175871943084,395.1661682128906,629615.0,378.86787109375,366.40529479980466,354.1934051513672,81.02918004691111,13.248616739881186,385.5652770996094,374.572998046875,371.5118103027344
2020-11-27,391.4557036337436,415.573827554306,389.9715057307341,408.4775390625,2104805.0,387.0587585449219,372.0220428466797,358.0069244384766,84.15766396070055,15.55481190709122,395.1661682128906,385.5652770996094,374.572998046875
2020-12-01,422.29903369614885,428.0038914220633,407.2252076718492,410.7501525878906,952633.0,394.90642700195315,377.64342041015624,362.47329864501955,84.62387464528979,17.36568826625171,408.4775390625,395.1661682128906,385.5652770996094
2020-12-02,410.9357085836258,415.9448515140977,399.38682689475183,403.3756103515625,661789.0,400.6669494628906,382.4995086669922,365.5406890869141,76.73276606997896,17.998283887582033,410.7501525878906,408.4775390625,395.1661682128906
2020-12-03,403.5147447305578,406.76141509045885,395.3516991491513,397.7634887695313,478226.0,403.106591796875,386.831494140625,368.3894241333008,71.28498248204644,17.841107978803166,403.3756103515625,410.7501525878906,408.4775390625
2020-12-04,401.5668119797069,401.659579669089,383.7565196585985,387.8380432128906,780415.0,401.640966796875,390.2544189453125,370.5652053833008,62.79388253269732,16.722873555967453,397.7634887695313,403.3756103515625,410.7501525878906
2020-12-07,390.4353332519531,395.3517372560567,388.2554201384455,390.4353332519531,281185.0,398.03252563476565,392.54564208984374,373.0635925292969,64.00224289267285,15.863381135996121,387.8380432128906,397.7634887695313,403.3756103515625
2020-12-08,396.0937830521541,403.9321842276104,391.5484502198567,392.93988037109375,583864.0,394.47047119140626,394.6884490966797,375.3407287597656,65.1767217682978,15.20900329924359,390.4353332519531,387.8380432128906,397.7634887695313
2020-12-09,396.0937752782771,400.73187569137167,381.7620336783275,393.0790100097656,555674.0,392.41115112304686,396.53905029296874,377.62023162841797,65.24455893578909,14.534090796619353,392.93988037109375,390.4353332519531,387.8380432128906
2020-12-10,392.336902899542,392.383272577542,385.7043970399695,388.4408874511719,423885.0,390.546630859375,396.826611328125,379.65635681152344,60.97982930235662,13.469689847762425,393.0790100097656,392.93988037109375,390.4353332519531
2020-12-11,392.24417771832594,405.230859541176,383.431786481392,396.3720703125,571587.0,392.25343627929686,396.94720153808595,381.67624816894534,65.17214826404734,13.114943693319333,388.4408874511719,393.0790100097656,392.93988037109375
2020-12-14,398.87664472931016,401.9841777395265,392.47607167330455,395.6299743652344,533223.0,393.2923645019531,395.6624450683594,383.84224395751954,64.47414488759696,12.628352087141138,396.3720703125,388.4408874511719,393.0790100097656
2020-12-15,399.8043058117363,399.8043058117363,389.9251563530746,393.6820068359375,492445.0,393.4407897949219,393.95563049316405,385.79952545166014,62.57947421226014,11.947813081819447,395.6299743652344,396.3720703125,388.4408874511719
2020-12-16,393.6819310608161,397.9489888171018,386.8175485704696,388.1162109375,850867.0,392.44822998046874,392.4296905517578,387.464599609375,57.39009582348552,10.834474722996163,393.6820068359375,395.6299743652344,396.3720703125
2020-12-17,391.2701441871665,397.4388404570572,385.42614892052336,387.3277587890625,1109703.0,392.22560424804686,391.38611755371096,389.10880584716796,56.673138278893404,9.77583481494878,388.1162109375,393.6820068359375,395.6299743652344
2020-12-18,386.81761094158514,396.0474429578044,381.3446575995995,390.2498168945313,1881039.0,391.00115356445315,391.627294921875,390.94085693359375,58.73083046809362,9.068109210904083,387.3277587890625,388.1162109375,393.6820068359375
2020-12-21,385.8899735719585,398.87665537486095,376.56740260122,390.7599792480469,617561.0,390.02715454101565,391.6597595214844,392.1027008056641,59.09608223519752,8.450979774842835,390.2498168945313,387.3277587890625,388.1162109375
2020-12-22,385.936353191666,392.3833245761573,365.2968047949296,388.02349853515625,573044.0,388.89545288085935,391.1681213378906,392.9282852172852,56.22173326536591,7.6528715868738,390.7599792480469,390.2498168945313,387.3277587890625
2020-12-23,389.5076807601481,398.8302799043223,385.0551155301109,389.8787231445313,730406.0,389.2479553222656,390.8480926513672,393.69357147216795,57.72305305379793,7.088356062724301,388.02349853515625,390.7599792480469,390.2498168945313
2020-12-24,393.1254054543459,402.4480048808646,387.6060825862791,397.2533264160156,382929.0,391.2330688476562,391.7293365478516,394.2779739379883,63.135023929499646,7.153580274147487,389.8787231445313,388.02349853515625,390.7599792480469
2020-12-28,398.87662224639496,401.6594824016024,389.2757490491859,390.9918518066406,493987.0,391.3814758300781,391.1913146972656,394.06925811767576,56.519383462305626,6.623668729937435,397.2533264160156,389.8787231445313,388.02349853515625
2020-12-29,393.3109437269987,396.09380417789725,390.7136186296482,392.5224609375,873984.0,391.7339721679688,390.8805633544922,393.2715042114258,57.686601036430176,6.2551123370216715,390.9918518066406,397.2533264160156,389.8787231445313
2020-12-30,392.5224477114772,396.00102315789,390.9918801767994,392.8007507324219,896597.0,392.6894226074219,390.7924377441406,392.37403411865233,57.90784678351221,5.917273752571191,392.5224609375,390.9918518066406,397.2533264160156
2020-12-31,394.9806198556471,394.9806198556471,388.48727927731466,393.0790100097656,414285.0,393.32947998046876,391.28871765136716,391.8592041015625,58.14351274083895,5.607349405082459,392.8007507324219,392.5224609375,390.9918518066406
2021-01-01,394.6096216579193,395.1198297457047,389.22943589994566,393.0326843261719,305184.0,392.4853515625,391.8592102050781,391.6226638793945,58.085206088,5.296934270266661,393.0790100097656,392.8007507324219,392.5224609375
2021-01-04,394.8414936502476,403.5147473292994,390.15702342428017,394.6095886230469,969002.0,393.2088989257812,392.29518737792966,391.9612411499023,59.57139423248812,5.119160541369467,393.0326843261719,393.0790100097656,392.8007507324219
2021-01-05,393.3109183001756,397.763483410275,392.4760658806217,396.32568359375,670554.0,393.96954345703125,392.8517578125,392.25575866699216,61.18439110749124,5.058437582872273,394.6095886230469,393.0326843261719,393.0790100097656
2021-01-06,397.0214476975594,421.64975281418793,395.8155527546772,417.7073669433594,2684476.0,398.95086669921875,395.8201446533203,393.49413299560547,74.7185647803016,6.658877952874661,396.32568359375,394.6095886230469,393.0326843261719
2021-01-07,423.9223618734029,428.9315044701198,412.6981536325168,418.8668212890625,1435982.0,404.1084289550781,398.7189544677734,394.7835235595703,75.22307411483902,7.9293916611904365,417.7073669433594,396.32568359375,394.6095886230469
2021-01-08,420.21192863738185,426.6125020211078,415.6201975638825,423.6441345214844,912333.0,410.2307189941406,401.3580352783203,396.54368591308594,77.23856938894318,9.21554115876853,418.8668212890625,417.7073669433594,396.32568359375
2021-01-11,425.777657160106,434.5436790721848,422.0671764876868,430.4621276855469,1180760.0,417.40122680664064,405.30506286621096,398.2481887817383,79.76804108530631,10.662073226553787,423.6441345214844,418.8668212890625,417.7073669433594
2021-01-12,434.12617173967,454.5338122915349,432.73474170204287,446.5562744140625,1589641.0,427.4473449707031,410.7084442138672,400.7945037841797,84.22465661179929,12.95775452038049,430.4621276855469,423.6441345214844,418.8668212890625
2021-01-13,446.5563050027006,464.7376644015093,425.6848530086209,445.767822265625,1314559.0,433.05943603515624,416.0051513671875,403.39879455566404,83.25709075709054,14.54580203480947,446.5562744140625,430.4621276855469,423.6441345214844
2021-01-14,446.6490608602745,456.4818392013928,444.46914804791487,449.5246887207031,2573274.0,439.1910095214844,421.64971923828125,406.4692184448242,84.18912585377407,15.923927730168202,445.767822265625,446.5562744140625,430.4621276855469
2021-01-15,451.24082971084016,458.66179085196217,424.8963950128808,441.4080505371094,1037292.0,442.74379272460936,426.487255859375,409.17323303222656,74.53531968895722,16.174705468522518,449.5246887207031,445.767822265625,446.5562744140625
2021-01-18,438.6251383186555,464.8304042540637,425.7775951983138,446.0924682617188,635059.0,445.86986083984374,431.6355438232422,411.9653656005859,76.22944673778231,16.560542370124836,441.4080505371094,449.5246887207031,445.767822265625
2021-01-19,446.092508354564,457.50225277252713,440.6195553290627,446.5099487304688,695013.0,445.860595703125,436.6539703369141,414.752864074707,76.38026295267103,16.707415394583904,446.0924682617188,441.4080505371094,449.5246887207031
2021-01-20,442.6603570552877,447.94777504631503,436.9091006699024,440.5732116699219,543464.0,444.82167358398436,438.9405548095703,417.38034973144534,69.61608991522122,16.158503093879062,446.5099487304688,446.0924682617188,441.4080505371094
2021-01-21,442.0109939380529,462.1403621733053,416.8261129567368,442.6603393554688,728559.0,443.4488037109375,441.3199066162109,420.01943054199216,70.60178020961584,15.710795629850509,440.5732116699219,446.5099487304688,446.0924682617188
2021-01-22,442.4747994366513,458.6153839430368,437.0018463632249,446.046142578125,617561.0,444.3764221191406,443.560107421875,422.45907135009764,72.17856947048341,15.4510798324348,442.6603393554688,440.5732116699219,446.5099487304688
2021-01-25,447.3447797165185,461.02717577835085,445.3040042346563,449.849365234375,747550.0,445.1278015136719,445.4988311767578,425.4019470214844,73.87370771763844,15.374909093847748,446.046142578125,442.6603393554688,440.5732116699219
2021-01-27,448.5971318561837,454.5338954410159,432.27101076635387,447.71588134765625,1478484.0,445.3689880371094,445.6147918701172,428.1616180419922,71.25106386722759,14.969826078705466,449.849365234375,446.046142578125,442.6603393554688
2021-01-28,450.7306167955843,461.9548260624604,431.5752667179913,436.02783203125,916925.0,444.459912109375,444.6407928466797,430.3229721069336,58.911804366897336,13.549477035006532,447.71588134765625,449.849365234375,446.046142578125
2021-01-29,437.2801149074897,467.520536204696,419.0987550600077,448.0868835449219,1569118.0,445.54522094726565,444.49701232910155,433.07336578369143,65.54222106666825,13.244233579808679,436.02783203125,447.71588134765625,449.849365234375
2021-02-01,460.0995504734468,466.87116559846,433.1985686917331,443.6806640625,1617199.0,445.07212524414064,444.7242736816406,435.6057647705078,61.62889705063932,12.502657995744755,448.0868835449219,436.02783203125,447.71588134765625
2021-02-02,447.0665573164029,449.29284008786334,437.9294928767145,444.9330139160156,801887.0,444.08885498046874,444.6083282470703,438.12193603515624,62.31756183454215,11.879073603430982,443.6806640625,448.0868835449219,436.02783203125
2021-02-03,443.6342842008284,457.6877221473287,440.6658887488677,450.9161071777344,1791401.0,444.72890014648436,445.0489440917969,440.8514572143555,65.50300354787393,11.732420067898602,444.9330139160156,443.6806640625,448.0868835449219
2021-02-04,449.8872831201308,478.8820976247546,447.6425289962343,469.4353942871094,1334573.0,451.41041259765626,447.93516235351564,443.43785858154297,73.08669801515342,12.96113983006245,450.9161071777344,444.9330139160156,443.6806640625
2021-02-05,471.8205200429205,481.6413453785683,454.5639155356992,470.1837158203125,643606.0,455.82977905273435,450.6875,446.00370330810546,73.34172157532966,13.835801876229084,469.4353942871094,450.9161071777344,444.9330139160156
2021-02-08,472.38165084317967,486.3178914142888,469.5289465495114,472.5687255859375,617871.0,461.6073913574219,453.3397583007812,448.44993286132814,74.181436734928,14.553662641552137,470.1837158203125,469.4353942871094,450.9161071777344
2021-02-09,475.1408678574576,476.02943011045767,454.797730306474,458.8663635253906,627429.0,464.39406127929686,454.2414581298828,449.8701446533203,62.082223804813175,13.85716954241343,472.5687255859375,470.1837158203125,469.4353942871094
2021-02-10,461.01753153734177,467.7985766682688,442.68532106087486,457.9777526855469,710925.0,465.8063903808594,455.26764526367185,450.4412185668945,61.383008539614025,13.082681269056081,458.8663635253906,472.5687255859375,470.1837158203125
2021-02-11,460.1290263310671,462.42053494235785,453.6753187662281,456.1539306640625,277380.0,463.15009765625,457.28025512695314,450.9605239868164,59.892040689095886,12.18130800167421,457.9777526855469,458.8663635253906,472.5687255859375
2021-02-12,455.8733440305577,456.6216145005654,445.3042769661473,448.2505187988281,329562.0,458.7634582519531,457.29661865234374,450.89681549072264,53.79424627564151,10.705813948217553,456.1539306640625,457.9777526855469,458.8663635253906
2021-02-15,448.8116939768726,448.8116939768726,435.0157735810088,439.364990234375,463051.0,452.1227111816406,456.86505126953125,450.79466247558594,47.89075788966957,8.718979417453625,448.2505187988281,456.1539306640625,457.9777526855469
2021-02-16,436.6993046756669,449.7937367711508,434.5480879631333,447.3619079589844,422475.0,449.8218200683594,457.1079406738281,450.8581344604492,52.90047765573687,7.700911846682004,439.364990234375,448.2505187988281,456.1539306640625
2021-02-17,448.9052087618373,453.6285461236238,437.68140968248986,438.8505554199219,323783.0,445.9963806152344,455.90138549804686,450.47516479492185,47.64974515884484,6.136552586161542,447.3619079589844,439.364990234375,448.2505187988281
2021-02-18,438.6634669625852,442.40473320533647,431.41476361725466,437.6346130371094,280512.0,442.2925170898437,452.7213073730469,450.32823486328124,46.93304397318249,4.743984512923646,438.8505554199219,447.3619079589844,439.364990234375
2021-02-19,436.0913849017516,448.9052343313177,427.9541186882902,443.2465515136719,358914.0,441.2917236328125,450.0275909423828,450.35754547119143,50.62430969084673,4.046554652956729,437.6346130371094,438.8505554199219,447.3619079589844
2021-02-22,445.4912783998405,452.1788148231992,437.7281621551264,445.1639404296875,381439.0,442.451513671875,447.2871124267578,450.31343536376954,51.85648063028911,3.606974765622624,443.2465515136719,437.6346130371094,438.8505554199219
2021-02-23,444.0415684094333,451.009688693961,437.5411064381328,439.64556884765625,416634.0,440.9082458496094,445.3650329589844,449.8032455444336,48.13350112672602,2.7812574654053606,445.1639404296875,443.2465515136719,437.6346130371094
2021-02-24,440.9082921145001,442.21772980194567,431.7889541769176,439.0376586914063,290978.0,440.94566650390624,443.4710235595703,449.3693344116211,47.72699709398793,2.054138457438512,439.64556884765625,445.1639404296875,443.2465515136719
2021-02-25,439.6455741115629,442.3112322375949,430.4794824799986,433.2386779785156,490072.0,440.0664794921875,441.17949829101565,449.22987670898436,43.916819369098874,0.9984525856961568,439.0376586914063,439.64556884765625,445.1639404296875
2021-02-26,432.1162755898132,432.1162755898132,417.1979641817734,425.7561340332031,729977.0,436.5683959960937,438.9300598144531,448.11333923339845,39.53145014177932,-0.43692819932010707,433.2386779785156,439.0376586914063,439.64556884765625
2021-03-01,426.5044008285864,444.2754175297776,413.8776258040559,430.1521301269531,567521.0,433.5660339355469,438.00877380371094,447.4369125366211,43.12473326029359,-1.2058572946397135,425.7561340332031,433.2386779785156,439.0376586914063
2021-03-02,432.39683345862494,437.6813948475788,416.2158684184473,419.2088928222656,803799.0,429.47869873046875,435.19347229003904,446.1507064819336,37.19871454749308,-2.667517455795121,430.1521301269531,425.7561340332031,433.2386779785156
2021-03-03,419.2089186633003,430.2456433134675,416.7770897532437,421.50042724609375,705275.0,425.97125244140625,433.4584594726563,444.67992248535154,39.08634303080505,-3.5994932695483612,419.2088928222656,430.1521301269531,425.7561340332031
2021-03-04,417.1511814648194,425.4287386443091,416.5899858258785,421.4068603515625,1367133.0,423.6048889160156,431.83568420410154,442.2784957885742,39.034751321251846,-4.296117909864165,421.50042724609375,419.2088928222656,430.1521301269531
2021-03-05,419.02185265492585,449.88730162281104,418.6477317094894,441.4694519042969,875873.0,426.7475524902344,431.65797424316406,440.84278259277346,53.27590762561221,-3.192513183285314,421.4068603515625,421.50042724609375,419.2088928222656
2021-03-08,448.9519396904739,457.7906924205684,447.1280610180431,450.635498046875,829226.0,430.84422607421874,432.2051300048828,439.7461212158203,58.09244483566252,-1.5602891247824004,441.4694519042969,421.4068603515625,421.50042724609375
2021-03-09,445.9121860772021,454.2364980529864,433.05158291294094,446.9410400390625,829743.0,436.3906555175781,432.93467712402344,439.1498550415039,55.604408876324094,-0.5584146280055506,450.635498046875,441.4694519042969,421.4068603515625
2021-03-10,451.0096715989752,457.3698130003552,440.5808687744166,451.1499633789063,678320.0,442.3205627441406,434.1459075927734,438.8084655761719,57.82077041967675,0.5686480461862402,446.9410400390625,450.635498046875,441.4694519042969
2021-03-12,457.36983534534767,457.36983534534767,447.2216441284541,455.8265686035156,313677.0,449.2045043945312,436.4046966552734,438.7920974731445,60.19840762931078,1.818256563300281,451.1499633789063,446.9410400390625,450.635498046875
2021-03-15,455.8265124794538,462.934923751849,450.4484424806199,457.5100708007813,1469211.0,452.4126281738281,439.58009033203126,439.2550750732422,61.0495977097303,2.9108701743447227,455.8265686035156,451.1499633789063,446.9410400390625
2021-03-16,459.89521740562014,462.9817509948125,451.9917801378649,456.8554382324219,344559.0,453.6566162109375,442.25042114257815,440.12959747314454,60.5077147912897,3.6815127681502986,457.5100708007813,455.8265686035156,451.1499633789063
2021-03-17,462.3270074391816,462.9349860949322,439.5988243225003,453.3947448730469,360379.0,454.9473571777344,445.66900634765625,440.43123931884764,57.59717186465095,3.9672713099207613,456.8554382324219,457.5100708007813,455.8265686035156
2021-03-18,455.7797909067188,462.9817405098674,439.5988243225003,453.3947448730469,471084.0,455.3963134765625,448.8584381103516,441.15844879150393,57.59717186465095,4.145945138260402,453.3947448730469,456.8554382324219,457.5100708007813
2021-03-19,447.3151843986248,458.21161757802633,432.6307016898975,441.2356262207031,833464.0,452.478125,450.8413146972656,441.33849945068357,48.15788823504534,3.2687263347696103,453.3947448730469,453.3947448730469,456.8554382324219
2021-03-22,450.7290773486991,456.3409771170007,441.4694484397213,454.002685546875,183674.0,451.7766479492187,452.0946380615234,441.8763061523438,56.263020827582736,3.5626510778857323,441.2356262207031,453.3947448730469,453.3947448730469
2021-03-23,457.3698182138321,457.3698182138321,445.2107023921965,448.7181396484375,2267257.0,450.14918823242186,451.9029022216797,442.05401611328125,52.59743425878458,3.330774767028629,454.002685546875,441.2356262207031,453.3947448730469
2021-03-24,446.8942216589143,449.0922211887497,439.6923015839664,443.106201171875,335633.0,448.0914794921875,451.51941833496096,442.2270477294922,48.95019096014992,2.663471741679359,448.7181396484375,454.002685546875,441.2356262207031
2021-03-25,442.21768171539577,447.08133950400816,425.8496410431779,434.0804443359375,198966.0,444.22861938476564,449.8124664306641,441.97918701171875,43.701489987601626,1.390299632437177,443.106201171875,448.7181396484375,454.002685546875
2021-03-26,431.6486432883722,446.1460516761724,431.6486432883722,440.3938598632813,299793.0,444.0602661132813,448.2691955566406,442.33694610595705,47.90900363652424,0.8805905332755515,434.0804443359375,443.106201171875,448.7181396484375
2021-03-30,445.6782968216253,468.687087633832,442.4046891849503,461.4383850097656,785314.0,445.5474060058594,448.6620269775391,444.12105865478514,58.92783764014507,2.1499761164636766,440.3938598632813,434.0804443359375,443.106201171875
2021-03-31,457.3698231261453,458.67926067381967,445.9589490458453,454.5638732910156,331755.0,446.716552734375,448.43287048339846,445.3416458129883,54.84644070103895,2.5716137312382443,461.4383850097656,440.3938598632813,434.0804443359375
2021-04-01,450.82260810776506,461.8593327394372,449.3728787729904,456.4812622070313,828339.0,449.3915649414063,448.74152221679685,447.20526428222655,55.76665951269362,3.0256045539917977,454.5638732910156,461.4383850097656,440.3938598632813
2021-04-05,455.9668292393228,470.9318944041006,446.4733717341362,466.2085571289063,333102.0,455.8171875,450.0229034423828,449.4406707763672,60.19832545278325,4.122782092036687,456.4812622070313,454.5638732910156,461.4383850097656
2021-04-06,468.6871886700257,482.5298925010893,465.9279930782976,473.2234802246094,588734.0,462.38311157226565,453.22168884277346,452.03150177001953,63.07169918001487,5.495005856349735,466.2085571289063,456.4812622070313,454.5638732910156
2021-04-07,473.36369078246463,478.0402733261689,468.9209373659456,474.4860534667969,162109.0,464.9926452636719,455.2700256347656,453.68233184814454,63.58130398482381,6.608206889232747,473.2234802246094,466.2085571289063,456.4812622070313
2021-04-08,474.48608255495,486.31785995073926,471.91396199823,482.99749755859375,294747.0,470.6793701171875,458.6979614257813,455.3004318237305,66.89768145328514,8.084041336686369,474.4860534667969,473.2234802246094,466.2085571289063
2021-04-09,482.9975506511685,491.97656783766064,474.86028421436055,483.3716430664063,827468.0,476.0574462890625,462.72450561523436,457.12196197509763,67.03976761974198,9.178042424782461,482.99749755859375,474.4860534667969,473.2234802246094
2021-04-12,486.1775927578041,486.1775927578041,463.9638218860033,473.17669677734375,428569.0,477.45107421875,466.634130859375,458.22329864501955,59.54025310377626,9.117300639692814,483.3716430664063,482.99749755859375,474.4860534667969
2021-04-13,475.14084804392405,485.8969892890129,462.3737817530383,482.6701354980469,505615.0,479.3404052734375,470.86175842285155,459.5654769897461,63.62129605061824,9.723121410978479,473.17669677734375,483.3716430664063,482.99749755859375
2021-04-15,475.140788026158,496.65306779899583,475.140788026158,495.2033386230469,1310763.0,483.4838623046875,474.2382537841797,461.45014038085935,68.18394947539792,11.086762191490322,482.6701354980469,473.17669677734375,483.3716430664063
2021-04-16,502.26495428735626,511.6181191716646,495.29683503110897,508.3912658691406,2495829.0,488.5626159667969,479.62099304199216,464.0269317626953,72.14310142061788,13.080825236406042,495.2033386230469,482.6701354980469,473.17669677734375
2021-04-19,503.2003728709856,507.8769562619799,488.7029643589033,495.437255859375,196009.0,490.9757385253906,483.51659240722654,466.1290573120117,63.7512638383998,13.460687789490862,508.3912658691406,495.2033386230469,482.6701354980469
2021-04-20,498.8979319616777,500.3944157908456,475.6085241675608,483.5587158203125,438194.0,493.05214233398436,485.25160827636716,467.637255859375,57.18269980060623,12.657326905862874,495.437255859375,508.3912658691406,495.2033386230469
2021-04-22,477.011468364755,483.5586845972124,472.4751771235471,475.3746643066406,368675.0,491.5930480957031,485.4667266845703,469.3442077636719,53.12160785117804,11.230811256279026,483.5587158203125,495.437255859375,508.3912658691406
2021-04-23,471.4931171740756,478.9756216432186,470.464263176104,472.5687255859375,124814.0,487.0661254882813,485.2749938964844,470.272509765625,51.764224890547545,9.761348769554331,475.3746643066406,483.5587158203125,495.437255859375
2021-04-26,472.4283937002713,476.91790170940095,458.3051081288073,464.8990783691406,379249.0,478.36768798828126,483.46515197753905,471.08155670166013,48.14307193676803,7.88699634505906,472.5687255859375,475.3746643066406,483.5587158203125
2021-04-27,469.9030787646671,477.66622407778726,468.40656641749706,475.9358825683594,166224.0,474.4674133300781,482.72157592773436,472.72304077148436,53.215035148412994,7.209035135548277,464.8990783691406,472.5687255859375,475.3746643066406
2021-04-28,477.0114696711008,480.33183220921546,463.91703717032544,467.0035705566406,236614.0,471.15638427734376,482.10426330566406,474.3691970825195,49.03499303793587,5.883165592853686,475.9358825683594,464.8990783691406,472.5687255859375
2021-04-29,468.59362389890777,474.3925983266727,463.9170408260644,464.80560302734375,80984.0,469.0425720214844,480.31781005859375,475.5897842407227,48.03511459435464,4.601997850880139,467.0035705566406,475.9358825683594,464.8990783691406
2021-04-30,463.9170214843381,463.9170214843381,457.9777555207285,459.848388671875,122962.0,466.4985046386719,476.7823150634766,475.5102844238281,45.76834486450027,3.1503422315086596,464.80560302734375,467.0035705566406,475.9358825683594
2021-05-03,458.5857455696778,460.1290408888091,451.75794539012384,455.0783081054688,151554.0,464.5343505859375,471.4510192871094,475.53600616455077,43.6345541768599,1.5965846243503847,459.848388671875,464.80560302734375,467.0035705566406
2021-05-04,457.4633885218745,463.9170678293288,455.49921780823206,458.8663635253906,82954.0,461.1204467773438,467.79393005371094,475.65526123046874,45.79575536761857,0.6632395283158985,455.0783081054688,459.848388671875,464.80560302734375
2021-05-05,462.93502497577697,465.3200712097634,450.9161993373171,456.9957580566406,225425.0,459.11888427734374,465.13763427734375,475.19462127685546,44.88060695198782,-0.22479412595129133,458.8663635253906,455.0783081054688,459.848388671875
2021-05-06,456.3877605667882,456.48126939481546,451.80468624952033,454.0494689941406,202508.0,456.9676574707031,463.00511474609374,474.23592071533204,43.40922254153966,-1.153016838685346,456.9957580566406,458.8663635253906,455.0783081054688
2021-05-07,455.7329890288124,461.2513509655935,449.139018768153,452.4593811035156,427295.0,455.48985595703124,460.9941802978516,473.134587097168,42.59754696308894,-1.9939616808068195,454.0494689941406,456.9957580566406,458.8663635253906
2021-05-10,452.5997374197439,456.3410041536019,450.729104052815,452.2256164550781,83652.0,454.9193176269531,459.7268341064453,471.5959930419922,42.47181558204631,-2.648746281993226,452.4593811035156,454.0494689941406,456.9957580566406
2021-05-11,451.14997209177466,453.6285553970804,447.2684138728696,452.646484375,375305.0,453.675341796875,457.39789428710935,470.0597351074219,42.799166171556074,-3.0979955083192863,452.2256164550781,452.4593811035156,454.0494689941406
2021-05-12,454.56390049144926,462.0464338328723,453.6285838237714,456.80865478515625,452475.0,453.63792114257814,456.37840270996094,469.2413330078125,46.06760870459033,-3.0826416157894982,452.646484375,452.2256164550781,452.4593811035156
2021-05-14,462.0463985654937,472.9896141594838,452.88030733932567,467.4244689941406,713324.0,456.31292114257815,456.6402893066406,468.4790496826172,53.383922966736996,-2.188636815902214,456.80865478515625,452.646484375,452.2256164550781
2021-05-17,473.9249978390552,478.88216508361296,470.931972889842,475.1876525878906,493672.0,460.85857543945315,458.17421569824216,467.4782653808594,57.88344840164965,-0.843978673857805,467.4244689941406,456.80865478515625,452.646484375
2021-05-18,477.0114909303728,487.0193904908614,468.68717846403314,479.9109497070313,239600.0,466.39564208984376,460.65747985839846,466.0542495727539,60.38863938945613,0.5959336426481627,475.1876525878906,467.4244689941406,456.80865478515625
2021-05-19,486.3646344111227,486.3646344111227,473.9249349868927,475.3746643066406,149915.0,470.9412780761719,462.3083099365234,465.0511199951172,56.8887507906831,1.3554098855472603,479.9109497070313,475.1876525878906,467.4244689941406
2021-05-20,477.0114932144705,477.0114932144705,466.7230100274917,467.611572265625,345924.0,473.10186157226565,463.36989135742186,464.25376281738284,51.3987708455399,1.3157168659080298,475.3746643066406,479.9109497070313,475.1876525878906
2021-05-21,467.6583012325431,481.6412958568352,467.6583012325431,471.3060302734375,545292.0,473.878173828125,465.0955474853516,464.05033111572266,53.689252584013616,1.5643390207637253,467.611572265625,475.3746643066406,479.9109497070313
2021-05-24,473.50401521971406,483.5586683824043,473.50401521971406,478.461181640625,344457.0,474.5328796386719,467.6957275390625,464.344953918457,57.83397123806499,2.312082538665436,471.3060302734375,467.611572265625,475.3746643066406
2021-05-25,483.5587108193162,486.36466078538575,466.2553526952208,467.5180358886719,1753844.0,472.054296875,469.2249694824219,464.4759017944336,50.40401226874385,1.9986154623509833,478.461181640625,471.3060302734375,467.611572265625
2021-05-26,477.0114627473119,477.66619578028633,463.58966392011416,471.6333923339844,655345.0,471.30604248046876,471.1236602783203,464.26077728271486,52.85686684121831,2.058535897202489,467.5180358886719,478.461181640625,471.3060302734375
2021-05-27,471.3995272812512,477.0114264155519,466.7229446693341,469.9030151367188,551114.0,471.7643310546875,472.43309631347654,464.40574951171874,51.69908659323867,1.9439872204843027,471.6333923339844,467.5180358886719,478.461181640625
2021-05-28,473.7378062011646,474.1119270916174,467.2841280741716,470.7915649414063,267261.0,471.66143798828125,472.7698059082031,464.7050476074219,52.27715169569779,1.9029688716290707,469.9030151367188,471.6333923339844,467.5180358886719
2021-05-31,473.73783750288135,473.73783750288135,467.61152545409306,468.6871337890625,216111.0,469.7066284179688,472.1197540283203,465.14698486328126,50.72864772419588,1.6812708839158859,470.7915649414063,469.9030151367188,471.6333923339844
2021-06-01,470.3706948305549,481.5945221541697,469.5756700415843,474.6731567382813,582758.0,471.1376525878906,471.5959747314453,466.12672729492186,54.82750523706387,1.9659335973669272,468.6871337890625,470.7915649414063,469.9030151367188
2021-06-02,476.9179350420169,496.4660465360634,476.3099849525643,493.61334228515625,938208.0,475.533642578125,473.4198425292969,467.8640762329102,64.80425424326413,3.6774541304782815,474.6731567382813,468.6871337890625,470.7915649414063
2021-06-03,498.0560507693256,514.4240899964866,487.8143233783212,513.1146240234375,733001.0,484.17596435546875,477.97014770507815,470.67001953125,71.72792317787116,6.532138514397332,493.61334228515625,474.6731567382813,468.6871337890625
2021-06-04,516.294801857844,529.9504024054364,501.9377138077275,503.7615356445313,752789.0,490.76995849609375,481.2156982421875,473.1556228637695,65.11209309336783,7.9481589614365475,513.1146240234375,493.61334228515625,474.6731567382813
2021-06-07,509.1863795141591,511.3375962751961,496.2789647735471,500.2073059082031,195705.0,497.07399291992186,483.3903106689453,475.5430191040039,62.7437653345663,8.683471082441827,503.7615356445313,513.1146240234375,493.61334228515625
2021-06-08,505.6789056634896,521.3922119775242,500.7216823760701,517.0897216796875,775809.0,505.55730590820315,488.34747924804685,478.7862243652344,68.58824814725881,10.50735880480147,500.2073059082031,503.7615356445313,513.1146240234375
2021-06-09,521.8131165549955,529.6697411792701,502.2182237727313,504.7903442382813,658715.0,507.79270629882814,491.66317443847663,481.39341735839855,61.07167053527916,10.835441767964824,517.0897216796875,500.2073059082031,503.7615356445313
2021-06-10,510.8698820610024,522.7484129899254,510.8231276535917,518.4459228515625,1103487.0,508.8589660644531,496.51746520996096,484.47528076171875,65.5816277691342,12.058339913178258,504.7903442382813,517.0897216796875,500.2073059082031
2021-06-11,528.2199924562971,528.2199924562971,504.13559262318574,507.9703674316406,295085.0,509.700732421875,500.2353454589844,486.50257568359376,59.85307690918219,12.043377173928036,518.4459228515625,504.7903442382813,517.0897216796875
2021-06-14,509.5604792476456,509.5604792476456,495.71780479532833,501.9376831054688,415101.0,510.04680786132815,503.5604003906251,487.8400772094727,56.77729522763905,11.413167991243313,507.9703674316406,518.4459228515625,504.7903442382813
2021-06-15,502.2649846872808,510.0281005936869,497.58840196207336,500.1605224609375,693756.0,506.6609680175781,506.1091369628907,488.85255584716805,55.86649894276119,10.647581964889639,501.9376831054688,507.9703674316406,518.4459228515625
2021-06-16,503.20037469084576,511.61822482507927,499.9735207219496,507.5963745117188,643753.0,507.2221740722656,507.50744018554695,490.463641357422,58.84154920094662,10.519597270630584,500.1605224609375,501.9376831054688,507.9703674316406
2021-06-17,508.6718803634146,519.5215865419963,508.1574676809007,510.5893249511719,798986.0,505.6508544921875,507.2549102783204,492.6125289916993,60.01005324660273,10.538196792855445,507.5963745117188,500.1605224609375,501.9376831054688
2021-06-18,511.61822482507927,519.568416618522,493.0054000267275,507.5963745117188,918452.0,505.5760559082031,507.63839416503913,494.4270462036134,58.22972284866345,10.193921776148102,510.5893249511719,507.5963745117188,500.1605224609375
2021-06-21,495.6243691469221,502.54567885140114,490.1527319017228,496.8870239257813,615449.0,504.5659240722656,507.306365966797,495.3483383178712,52.255802709967064,8.95371341972259,507.5963745117188,510.5893249511719,507.5963745117188
2021-06-22,498.523774268877,505.0709908164983,490.8074119091805,494.4551696777344,714105.0,503.424853515625,505.04291076660155,496.6951950073243,50.976872154463656,7.6860095147618495,496.8870239257813,507.5963745117188,510.5893249511719
2021-06-23,497.5883801145533,515.8270519420605,495.9515762325976,514.1434936523438,786270.0,504.73427734375,505.9782257080078,498.8207000732423,59.59811627461116,8.175782903268384,494.4551696777344,496.8870239257813,507.5963745117188
2021-06-24,518.0718472442821,525.1802300160344,509.7475073174333,517.4171142578125,615777.0,506.09983520507814,505.87534484863284,501.19640502929695,60.831532857751995,8.727480701500212,514.1434936523438,494.4551696777344,496.8870239257813
2021-06-25,520.9713367631484,521.4857494663914,504.1356382681095,505.0242004394531,330545.0,505.585400390625,505.5807281494141,502.9080368041993,54.09832868032858,8.07165558695226,517.4171142578125,514.1434936523438,494.4551696777344
2021-06-28,507.7834330602129,514.4241584526313,499.97350476593147,510.6828918457031,427326.0,508.3445739746094,506.4552490234375,505.0078247070313,56.46769366001918,7.917253394720092,505.0242004394531,517.4171142578125,514.1434936523438
2021-06-29,512.4599942186147,516.2947694904591,505.3983081328203,514.3306274414062,276323.0,512.3196655273438,507.87225952148435,506.9906982421876,57.973666008786225,7.997045361207199,510.6828918457031,505.0242004394531,517.4171142578125
2021-06-30,514.4241705546831,527.2380204023033,512.2261992062837,524.1046752929688,1313867.0,514.3119018554687,509.52308959960936,508.5152648925782,61.788177008290106,8.748122139505995,514.3306274414062,510.6828918457031,505.0242004394531
2021-07-01,526.162307765232,536.8716935576441,514.7046801588189,525.1802368164062,674464.0,515.8645263671875,510.9821807861328,509.1185455322267,62.19482079886161,9.322678686885922,524.1046752929688,514.3306274414062,510.6828918457031
2021-07-02,530.3245698353328,531.7275448878073,521.2987408295336,527.1444702148438,379348.0,520.2885803222656,512.9369903564453,510.2876922607423,62.96984355003191,9.82327945878967,525.1802368164062,524.1046752929688,514.3306274414062
2021-07-05,521.9066584413434,527.0976541105523,517.7444881886645,523.12255859375,297762.0,522.776513671875,515.5605438232421,511.4334548950196,60.24640006703229,9.782705581432765,527.1444702148438,525.1802368164062,524.1046752929688
2021-07-06,526.583245118463,528.4538783160419,512.6002505491217,514.7982788085938,301452.0,522.8700439453125,517.5948547363281,511.31888275146486,54.949204671457174,8.975387995725498,523.12255859375,527.1444702148438,525.1802368164062
2021-07-07,515.8271959673368,528.4539722965463,511.71177936589766,516.6221923828125,1161052.0,521.3735473632812,517.842724609375,511.9104751586914,55.864879918230564,8.386087973006738,514.7982788085938,523.12255859375,527.1444702148438
2021-07-08,518.633069040313,534.2061136957889,506.98836563089554,513.5823364257812,1385755.0,519.0539672851562,517.4592468261719,511.6672958374023,53.89857996908545,7.5863220899965995,516.6221923828125,514.7982788085938,523.12255859375
2021-07-09,515.967456952528,533.1304947830322,514.4241616327504,528.9215698242188,1069639.0,519.4093872070313,519.8489837646484,512.7148559570312,61.30060297523993,8.096913625519392,513.5823364257812,516.6221923828125,514.7982788085938
2021-07-12,535.5155656425678,540.6130530795295,531.2598860712332,539.4906616210938,497885.0,522.6830078125,522.7297607421875,514.5925048828125,65.42039127815255,9.24779564283898,528.9215698242188,513.5823364257812,516.6221923828125
2021-07-13,540.8001140075316,541.0806975931652,522.8420223933955,528.0797729492188,406532.0,525.339306640625,524.1046752929688,515.9884674072266,58.2147856894789,9.13382552710982,539.4906616210938,528.9215698242188,513.5823364257812
2021-07-14,530.2310643180915,536.8717901064792,521.1117264199413,535.0946655273438,311869.0,529.0338012695313,525.2036743164062,517.3633819580078,61.054659815955866,9.50003609193459,528.0797729492188,539.4906616210938,528.9215698242188
2021-07-15,533.0368843748893,538.4149541307326,528.8747146246687,531.6806640625,419929.0,532.653466796875,525.8537170410157,518.4179489135743,58.95464738857598,9.406348684366094,535.0946655273438,528.0797729492188,539.4906616210938
2021-07-16,533.1305314302908,535.2349940543577,517.8848802822686,522.5147094726562,1079551.0,531.3720947265625,525.3907409667969,519.1638656616211,53.62197910216012,8.494564751789426,531.6806640625,535.0946655273438,528.0797729492188
2021-07-19,514.4242129003462,521.2987681833147,497.82234057492593,507.1287536621094,333614.0,524.8997131347656,523.7913604736328,519.6759521484375,46.08618915653763,6.456030269849066,522.5147094726562,531.6806640625,535.0946655273438
2021-07-20,506.84812599857526,511.6182181777847,496.6531514669171,499.73968505859375,321142.0,519.2316955566406,522.2855010986328,519.9401779174805,42.96345478649816,4.195873504859264,507.1287536621094,522.5147094726562,531.6806640625
2021-07-22,500.8621263531353,516.2013440940702,500.8621263531353,512.6470947265625,381060.0,514.7421813964844,521.8879913330078,519.8653579711914,49.41179040783293,3.4069301040373148,499.73968505859375,507.1287536621094,522.5147094726562
2021-07-23,516.2947067388161,523.2628260642324,512.6469495628512,514.3773193359375,389730.0,511.28151245117186,521.9674896240234,519.7133682250976,50.224173683015245,2.888010256231837,512.6470947265625,499.73968505859375,507.1287536621094
2021-07-26,516.2946938022264,527.4249826810261,516.2946938022264,523.403076171875,506443.0,511.4591857910156,521.415640258789,520.6323120117188,54.34309904078177,3.168540718439317,514.3773193359375,512.6470947265625,499.73968505859375
2021-07-27,526.1156939641412,528.4539859373152,517.3705048193532,519.8490600585938,448932.0,514.0032470703125,519.4514801025391,521.0906204223633,52.5008340742778,3.0687095590701574,523.403076171875,514.3773193359375,512.6470947265625
2021-07-28,520.0360807580978,523.7773475261416,514.7983301177165,519.38134765625,251700.0,517.9315795898438,518.5816375732422,521.3431564331055,52.249797798578584,2.918212823091835,519.8490600585938,523.403076171875,514.3773193359375
2021-07-29,523.6838263295462,529.3892351812489,506.2401476004434,516.1077270507812,4141728.0,518.6237060546875,516.6829437255859,520.9433090209961,50.43214122839032,2.505902764289658,519.38134765625,519.8490600585938,523.403076171875
2021-07-30,518.0251376356553,531.2598919333112,508.85904528382366,522.7017211914062,528947.0,520.2885864257812,515.7850494384766,520.8193832397461,53.91020013641325,2.680327148078163,516.1077270507812,519.38134765625,519.8490600585938
2021-08-02,528.4538513473634,541.4547742419363,520.2230771154977,532.943359375,3053938.0,522.1966430664063,516.827914428711,521.1093276977539,58.751385342342125,3.6034361682779945,522.7017211914062,516.1077270507812,519.38134765625
2021-08-03,537.6667233693344,544.91542700173,523.7772947279444,527.1912231445312,2099069.0,523.6650756835937,518.8341613769531,521.312760925293,55.24177487787307,3.826745061237375,532.943359375,522.7017211914062,516.1077270507812
2021-08-04,529.716492734874,531.7274461047109,521.4389642979355,525.507568359375,1029052.0,524.8903198242188,521.4109497070312,521.848225402832,54.2207994482834,3.8237838969481572,527.1912231445312,532.943359375,522.7017211914062
2021-08-05,527.425192785591,542.4837711853344,523.7774342479091,537.9006958007812,432987.0,529.2489135742187,523.9363098144531,522.9121505737305,60.070740303874544,4.766513562452587,525.507568359375,527.1912231445312,532.943359375
2021-08-06,540.8001565087013,540.8001565087013,527.5654016554155,529.43603515625,267661.0,530.5957763671875,525.4421813964843,523.7048355102539,54.909608637030935,4.775556598683352,537.9006958007812,525.507568359375,527.1912231445312
2021-08-09,529.0150543604722,536.4508328636663,516.9962586982496,530.558349609375,501869.0,530.1187744140625,526.1577087402344,523.7866744995117,55.45607088521319,4.817748659242511,529.43603515625,537.9006958007812,525.507568359375
2021-08-10,528.4539046251617,540.4259462682569,509.42023372708144,525.22705078125,449764.0,529.7259399414063,526.6955078125,523.0734939575195,52.21860936371039,4.370613202915706,530.558349609375,529.43603515625,537.9006958007812
2021-08-11,520.0360519529814,525.7882721251101,513.1614974823668,517.3704223632812,341801.0,528.0985107421875,526.4944152832031,522.5380264282227,47.79081141999985,3.3437462541844525,525.22705078125,530.558349609375,529.43603515625
2021-08-12,517.3704510207467,527.9395182230305,516.294813990054,519.38134765625,475369.0,524.3946411132813,526.82177734375,521.752360534668,48.98320618422101,2.6615311894702245,517.3704223632812,525.22705078125,530.558349609375
2021-08-13,524.057887162614,529.6697868439995,520.0360371417268,526.5364990234375,177755.0,523.8147338867187,527.2052551269531,521.4951522827148,53.08863702499298,2.6674826730227323,519.38134765625,517.3704223632812,525.22705078125
2021-08-16,528.2667844513799,540.0049959237318,516.7624021202588,532.5692749023438,352170.0,524.2169189453125,527.1678466796875,521.9978805541992,56.28296378196026,3.122993931980659,526.5364990234375,519.38134765625,517.3704223632812
2021-08-17,535.8897142083545,560.2547028043592,526.6300560516657,551.9771728515625,1057523.0,529.566943359375,529.6464416503907,524.2403015136719,64.62766839057063,4.992494681449671,532.5692749023438,526.5364990234375,519.38134765625
2021-08-18,556.3731349214565,568.6725727760836,549.0309214137518,558.8049926757812,704448.0,537.853857421875,532.9761840820313,527.1935668945313,67.01321794852537,6.944978107251131,551.9771728515625,532.5692749023438,526.5364990234375
2021-08-20,545.1024328728862,558.3839383001427,533.691560404759,548.2825317382812,729302.0,543.6340942382812,534.0143676757813,528.9753387451171,60.26750409740488,7.556157946044323,558.8049926757812,551.9771728515625,532.5692749023438
2021-08-23,557.4486910096352,568.6724901574803,538.2279463863896,564.229736328125,607115.0,551.1727416992187,537.4937377929688,531.4679595947266,65.87414687218433,9.221034163706918,548.2825317382812,558.8049926757812,551.9771728515625
2021-08-24,571.478402832048,581.5798099916738,541.6417825334362,550.0596313476562,1151688.0,554.6708129882812,539.4438659667969,532.8007873535156,58.03736258932179,9.289962607437019,564.229736328125,548.2825317382812,558.8049926757812
2021-08-25,556.4666415840109,565.866562317465,549.0308629427304,550.433837890625,478577.0,554.3621459960938,541.9645446777344,534.3300262451172,58.17885781002549,9.267949088346313,550.0596313476562,564.229736328125,548.2825317382812
2021-08-26,550.4338964537562,558.6179178538758,542.4837042364973,554.7831420898438,264865.0,553.5577758789062,545.7058166503906,536.1001159667969,59.87247202957994,9.492037417334359,550.433837890625,550.0596313476562,564.229736328125
2021-08-27,551.8368221406556,561.0964797877253,548.002046719981,557.963134765625,267829.0,555.493896484375,549.5639953613281,538.1928863525391,61.11246724770441,9.81310845928374,554.7831420898438,550.433837890625,550.0596313476562
2021-08-30,561.6576089874417,574.7520411703296,553.0994394044624,568.8595581054688,555834.0,556.4198608398438,553.7963012695312,540.5007781982422,65.09292973899184,10.822059901490434,557.963134765625,554.7831420898438,550.433837890625
2021-08-31,570.5431474701122,571.4784641053092,554.1751063541664,558.5711059570312,763439.0,558.1221557617188,556.396484375,541.7821655273438,58.95663013879409,10.668489379680295,568.8595581054688,557.963134765625,554.7831420898438
2021-09-01,559.5064052234595,565.819792315052,554.5024271281765,559.740234375,430109.0,559.9834350585937,557.1727905273438,543.4096160888672,59.42472200959778,10.519856173659264,558.5711059570312,568.8595581054688,557.963134765625
2021-09-02,557.8697409337087,564.8846172374592,553.7543240006246,558.430908203125,493362.0,560.71298828125,557.1353820800781,545.0557830810546,58.61842957976228,10.179073583451554,559.740234375,558.5711059570312,568.8595581054688
2021-09-03,560.348178651168,570.5431529068414,559.8337659143473,566.4745483398438,509566.0,562.4152709960938,558.9545837402344,546.4844757080078,62.027126245758716,10.437735740679955,558.430908203125,559.740234375,558.5711059570312
2021-09-06,563.6686843144349,571.52531107004,558.1035380163775,560.6756591796875,131833.0,560.7784912109375,558.5991760253906,548.0464569091797,58.29876809759988,10.058853272847273,566.4745483398438,558.430908203125,559.740234375
2021-09-07,564.8376889110918,564.9311977314686,544.3542335756866,549.358154296875,254845.0,558.9359008789063,558.5290283203125,548.9864471435546,51.75966764545484,8.744556325656049,560.6756591796875,566.4745483398438,558.430908203125
2021-09-08,549.3581694030574,549.3581694030574,539.677665652998,544.2139282226562,463001.0,555.8306396484375,557.9070373535156,549.935791015625,49.06571003244669,7.204817818937158,549.358154296875,560.6756591796875,566.4745483398438
2021-09-09,539.6775961786469,566.8017734562566,536.3104797652663,557.3082885742188,663597.0,555.6061157226562,558.1595520019531,551.9326843261719,55.425396344112315,6.960928158596062,544.2139282226562,549.358154296875,560.6756591796875
2021-09-13,565.866587709757,565.866587709757,548.1423253219041,552.8189086914062,322884.0,552.8749877929688,557.6451293945313,553.6045623779297,52.982824770717734,6.332392529117669,557.3082885742188,544.2139282226562,549.358154296875
2021-09-14,553.3799643879357,568.6256101112327,551.7899151091958,556.0455932617188,538271.0,551.948974609375,556.3637329101563,555.0800170898438,54.53372101099427,6.025185405886191,552.8189086914062,557.3082885742188,544.2139282226562
2021-09-15,558.9452089172586,564.4636000040415,550.2467754630535,553.7074584960938,280498.0,552.8188354492188,555.8773681640625,556.1369262695313,53.16520029888286,5.529315109733034,556.0455932617188,552.8189086914062,557.3082885742188
2021-09-16,556.2327984915302,557.9631113823743,548.563190884403,555.5313110351562,1094519.0,555.0823120117187,555.4564758300781,556.3146331787109,54.13214042499279,5.223293113188106,553.7074584960938,556.0455932617188,552.8189086914062
2021-09-17,558.8516165902886,561.1899078730931,538.7890659663876,542.8577270507812,326419.0,552.1921997070312,553.8991577148438,555.5172698974609,46.88799751282456,3.9130094292419244,555.5313110351562,553.7074584960938,556.0455932617188
2021-09-20,537.7136195442149,554.3154917682376,529.7634272115844,537.9474487304688,519089.0,549.2179077148437,551.0464477539062,555.0005157470703,44.40836166451544,2.4501380794671377,542.8577270507812,555.5313110351562,553.7074584960938
2021-09-21,542.4836257510182,547.9084505910894,531.306581009916,543.512451171875,470027.0,546.711279296875,549.330126953125,553.9646514892578,47.779023203346185,1.7200238197904127,537.9474487304688,542.8577270507812,555.5313110351562
2021-09-22,545.9442601326822,554.6426922873735,541.8755990482437,546.7860107421875,324129.0,545.3269897460938,549.0729125976562,553.8009704589844,49.71064162864495,1.3895342222931504,543.512451171875,537.9474487304688,542.8577270507812
2021-09-23,548.7034612007549,550.4337739338953,543.559220322868,546.5989990234375,228488.0,543.54052734375,549.3114196777344,553.609228515625,49.59777338034522,1.099850164384634,546.7860107421875,543.512451171875,537.9474487304688
2021-09-24,551.4158914581376,559.459648490083,538.8358717400006,547.4407958984375,468471.0,544.4571411132813,548.3246704101563,553.2421112060547,50.14648151882143,0.9275077026114786,546.5989990234375,546.7860107421875,543.512451171875
2021-09-27,553.7074984464108,560.1143951459184,548.1423525428959,551.088623046875,278528.0,547.0853759765625,548.1516418457031,552.8983856201172,52.556815040900354,1.0729064272786673,547.4407958984375,546.5989990234375,546.7860107421875
2021-09-28,547.1602251951516,551.462658831893,535.4687673918363,542.6239624023438,999969.0,546.9076782226563,546.8094787597656,551.5866058349609,46.891367666918164,0.49935236895237267,551.088623046875,547.4407958984375,546.5989990234375
2021-09-29,540.0518119282573,551.8367779097579,537.1522963004833,548.6099243164062,405323.0,547.2724609375,546.2997253417968,551.0885467529297,50.9205244344763,0.5218086597735692,542.6239624023438,551.088623046875,547.4407958984375
2021-09-30,551.5561854743921,551.602939884837,533.1304378708895,536.8717041015625,1224714.0,545.327001953125,544.4337646484375,549.9451202392578,43.88888514765631,-0.4029261569754681,548.6099243164062,542.6239624023438,551.088623046875
2021-10-01,533.0369858189506,542.0160028939626,531.8678399973502,533.083740234375,487329.0,542.4555908203125,543.4563659667969,548.6777618408203,41.87910140511813,-1.4250154967456865,536.8717041015625,548.6099243164062,542.6239624023438
2021-10-04,532.9901184182249,538.7423380921061,523.0290313151914,528.5006103515625,1965958.0,537.93798828125,542.5116821289063,546.7790649414062,39.52099360359239,-2.5751640527814743,533.083740234375,536.8717041015625,548.6099243164062
2021-10-05,523.0290710903348,538.7423790622099,520.1295552840362,529.9036254882812,951203.0,535.3939208984375,541.1507995605468,545.2404632568359,40.623212550253726,-3.3350095595352514,528.5006103515625,533.083740234375,536.8717041015625
2021-10-06,532.6627922660825,536.404058585774,508.1107320431068,515.499755859375,827511.0,528.7718872070312,538.0221740722657,543.5475433349609,33.8105488108359,-5.041350943377211,529.9036254882812,528.5006103515625,533.083740234375
2021-10-07,513.2082637276409,519.4280852760559,506.8013103422346,510.2619934082031,1020307.0,523.4499450683594,534.3884735107422,541.8499465942383,31.72691303351715,-6.738604007240042,515.499755859375,529.9036254882812,528.5006103515625
2021-10-08,511.33763486901006,518.8201682284623,509.70083069662985,516.1077270507812,403328.0,520.0547424316406,531.2551666259766,539.7899185180664,36.43521265918067,-7.525241142684877,510.2619934082031,515.499755859375,529.9036254882812
2021-10-11,516.0141893622315,522.6549145125044,505.4918774139282,509.93463134765625,739990.0,516.3415466308594,527.1397674560546,537.6457046508789,33.785529459147995,-8.548235237739277,516.1077270507812,510.2619934082031,515.499755859375
2021-10-12,509.6072482929733,510.0749066128116,497.6819611370953,500.862060546875,1608903.0,510.5332336425781,522.9635772705078,534.8865280151367,30.29813855704883,-9.976048393325755,509.93463134765625,516.1077270507812,510.2619934082031
2021-10-13,503.9485717553883,511.4778589543956,503.9018173429114,506.4739379882813,1500461.0,508.7280700683594,518.7499786376953,532.5248519897461,34.78246070988743,-10.533347127951401,500.862060546875,509.93463134765625,516.1077270507812
2021-10-14,508.81223023625626,516.2480086213022,505.1644726625522,514.657958984375,439513.0,509.6072631835938,516.5286041259766,530.481184387207,40.767358891893196,-10.19708267102726,506.4739379882813,500.862060546875,509.93463134765625
2021-10-18,515.9205701670539,521.579280789057,505.6320884356884,509.420166015625,981940.0,508.2697509765625,514.1622467041016,528.8093063354493,38.3422238181944,-10.235251180391288,514.657958984375,506.4739379882813,500.862060546875
2021-10-19,509.4202039606308,512.2729081448325,506.9415921603932,508.8122253417969,1063872.0,508.04526977539064,512.193408203125,527.3525451660156,38.0592274383766,-10.197010936005768,509.420166015625,514.657958984375,506.4739379882813
2021-10-20,501.4232304724181,509.9814006077295,493.1924554151249,498.5705261230469,475042.0,507.586962890625,509.0600982666016,525.1054489135743,33.56471993549313,-10.86784702482339,508.8122253417969,509.420166015625,514.657958984375
2021-10-21,498.5705559881992,515.8271605369292,493.4263141333431,506.8948974609375,583207.0,507.67115478515626,508.1996124267578,523.1108932495117,39.78864887531838,-10.605528332130007,498.5705261230469,508.8122253417969,509.420166015625
2021-10-22,503.6680603571141,512.5535693142034,497.775576360906,507.6899108886719,365781.0,506.2775451660156,507.94240417480466,521.1654388427735,40.36327759022674,-10.215727392540941,506.8948974609375,498.5705261230469,508.8122253417969
2021-10-25,502.7326230714169,506.80122704651455,483.8859725995384,489.123779296875,284209.0,502.2182678222656,505.24400939941404,518.2495880126953,32.55060447924211,-11.274968180612632,507.6899108886719,506.8948974609375,498.5705261230469
2021-10-26,487.3466875906889,497.6351698651144,475.0940633532957,486.97259521484375,664582.0,497.850341796875,502.9478057861328,515.0437866210938,31.782980237704734,-12.147972449256827,489.123779296875,507.6899108886719,506.8948974609375
2021-10-27,486.3645581158479,503.0599340547578,485.1954125434541,495.0162353515625,195240.0,497.1394836425781,502.36322326660155,512.6634002685547,37.69918369177429,-12.05185381749618,486.97259521484375,489.123779296875,507.6899108886719
2021-10-28,496.1854356695647,502.2649933167884,491.0411945834524,495.3436279296875,154617.0,494.8292297363281,501.2501922607422,510.0000854492188,37.93512128788333,-11.813087346864734,495.0162353515625,486.97259521484375,489.123779296875
2021-10-29,491.1348030727471,503.2004119944853,479.06925123821287,496.8870239257813,1177125.0,492.66865234375,499.4730987548828,508.0008514404297,39.10589215700096,-11.368277612671761,495.3436279296875,495.0162353515625,486.97259521484375
2021-11-01,502.26508581200926,517.2301535457004,500.48796118375225,513.7694702148438,344522.0,497.59779052734376,499.9080291748047,507.03513793945314,50.177156028434474,-9.543479084331295,496.8870239257813,495.3436279296875,495.0162353515625
2021-11-02,517.183401661858,522.8420565089598,509.2799638088168,521.8599853515625,315945.0,504.5752685546875,501.2128051757812,506.70310668945314,54.451068330378014,-7.359638812368132,513.7694702148438,496.8870239257813,495.3436279296875
2021-11-03,523.309658094261,534.0657994134459,510.1684707695657,529.6697998046875,680535.0,511.5059814453125,504.32273254394534,506.69141540527346,58.180362016180126,-4.9417771749697295,521.8599853515625,513.7694702148438,496.8870239257813
2021-11-04,529.6697998046875,529.6697998046875,529.6697998046875,529.6697998046875,0.0,518.3712158203125,506.6002227783203,507.39991760253906,58.180362016180126,-2.991124585270427,529.6697998046875,521.8599853515625,513.7694702148438
2021-11-08,524.6773757102716,529.6227190181332,518.1777586511923,525.47802734375,485903.0,524.0894165039062,508.3790344238281,508.1607192993164,55.358974267952625,-1.7631350365463732,529.6697998046875,529.6697998046875,521.8599853515625
2021-11-09,525.4779821153084,544.9296871159869,523.2172884365577,536.8758544921875,824932.0,528.710693359375,513.1542419433594,509.1991256713867,60.90986386367088,0.12828612072303258,525.47802734375,529.6697998046875,529.6697998046875
2021-11-10,536.8288630107226,536.8288630107226,520.061746736667,523.358642578125,402983.0,529.0104248046875,516.7928466796875,509.87032623291014,52.56241985225543,0.5304107365989239,536.8758544921875,525.47802734375,529.6697998046875
2021-11-11,523.3115643351808,523.3115643351808,506.87417186576977,510.4537048339844,141289.0,525.1672058105469,518.3365936279297,510.34990844726565,46.07090435729435,-0.19003265490096055,523.358642578125,536.8758544921875,525.47802734375
2021-11-12,510.9246357878878,534.8506432625602,510.9246357878878,524.2534790039062,774967.0,524.0839416503907,521.2275787353516,511.2388854980469,52.785865839418115,0.34851969471424127,510.4537048339844,523.358642578125,536.8758544921875
2021-11-15,519.9674881886687,519.9674881886687,494.5342958316142,498.72607421875,1087685.0,518.7335510253906,521.4114837646484,510.4422912597656,42.29466217935273,-1.269883486536628,524.2534790039062,510.4537048339844,523.358642578125
2021-11-16,498.72606472391374,508.4754319445245,498.6789777191036,504.754638671875,611390.0,512.3093078613281,520.5100006103515,510.2090148925781,45.07117634393167,-2.0424804557968628,498.72607421875,524.2534790039062,510.4537048339844
2021-11-17,503.01199991196296,504.8488529833329,491.70835946450313,496.3240356445313,2381933.0,506.9023864746094,517.9564056396484,509.58460540771483,42.02587623643508,-3.297042078272682,504.754638671875,498.72607421875,524.2534790039062
2021-11-18,493.592312810335,500.61000127547584,482.2886720589533,486.1507263183594,525218.0,502.0417907714844,513.6044982910156,508.96361541748047,38.63364691347434,-5.053933642376819,496.3240356445313,504.754638671875,498.72607421875
2021-11-22,483.1364779773055,503.9539937888362,473.81095116969095,499.9035339355469,595358.0,497.1718017578125,510.62787170410155,508.6140472412109,45.08662731881976,-5.275730885333758,486.1507263183594,496.3240356445313,504.754638671875
2021-11-23,486.9985323580767,499.2441434231733,486.9985323580767,493.121337890625,2124037.0,496.0508544921875,507.39220275878904,507.88561859130857,42.70188877259934,-5.930411248666076,499.9035339355469,486.1507263183594,496.3240356445313
2021-11-24,492.6503268004407,496.1827144209028,485.4442330573829,491.9909362792969,329275.0,493.49811401367185,502.9037109375,508.0289764404297,42.30029815045224,-6.46592891259462,493.121337890625,499.9035339355469,486.1507263183594
2021-11-25,489.8243852846216,497.2659710583747,488.0817638342881,495.0523071289063,184156.0,493.2437683105469,500.0730773925781,508.43296203613284,43.84067234864213,-6.5675963147053835,491.9909362792969,493.121337890625,499.9035339355469
2021-11-26,492.50903748383314,513.8917699788042,479.55697752125866,499.9977111816406,417518.0,496.01316528320314,499.02747802734376,508.6820358276367,46.333139138819675,-6.177900693181414,495.0523071289063,491.9909362792969,493.121337890625
2021-11-29,503.95405211218406,508.6639030665036,481.34676753145055,486.1979370117188,204668.0,493.2720458984375,495.221923828125,508.2247512817383,40.88081232201705,-6.9030168700076615,499.9977111816406,495.0523071289063,491.9909362792969
2021-11-30,483.8900243900984,501.128064742547,476.8723360449519,496.4653015136719,369740.0,493.9408386230469,494.9958465576172,508.2036651611328,45.974803559093225,-6.573411955741278,486.1979370117188,499.9977111816406,495.0523071289063
2021-12-01,498.3022362945304,498.3022362945304,481.34677267770326,484.5023498535156,1239841.0,492.4431213378906,492.9706176757812,506.7403091430664,41.489125809672345,-7.194573343884144,496.4653015136719,486.1979370117188,499.9977111816406
2021-12-02,484.21970651435873,507.43929190642433,482.9009829027207,504.1894836425781,830455.0,494.270556640625,493.7571624755859,505.8567840576172,50.115065594289355,-6.02876520220326,484.5023498535156,496.4653015136719,486.1979370117188
2021-12-03,503.0120902093389,522.793464543414,489.3535222167632,519.2139892578125,722466.0,498.1138122558594,497.06348876953126,505.33399353027346,55.50610650213221,-3.848142817594635,504.1894836425781,484.5023498535156,496.4653015136719
2021-12-06,514.3156308282068,520.3913489547799,502.5880925826425,506.02630615234375,400994.0,502.07948608398436,497.67576599121094,504.1518188476563,50.361470849592436,-3.147833415644129,519.2139892578125,504.1894836425781,484.5023498535156
2021-12-07,506.6857858998786,506.6857858998786,493.4982032997005,499.1500244140625,343722.0,502.6164306640625,498.2786346435547,502.8354187011719,47.87004733795566,-3.1118205081595534,506.02630615234375,519.2139892578125,504.1894836425781
2021-12-08,501.9758796142713,507.6747871107953,494.53429297035336,499.9035339355469,244168.0,505.69666748046876,499.0698944091797,500.98680267333987,48.172618951974286,-2.988033903622636,499.1500244140625,506.02630615234375,519.2139892578125
2021-12-09,504.5191379056256,505.0843544339775,494.6755968363368,497.7369995117188,152454.0,504.4061706542969,499.33836364746094,499.70572052001955,47.32213386289749,-3.0298273851184376,499.9035339355469,499.1500244140625,506.02630615234375
2021-12-10,500.18613810588863,503.67143907910827,494.34591181201984,502.2584838867188,175391.0,501.01506958007815,499.56444091796874,499.29595947265625,49.33259299337156,-2.6673554061180766,497.7369995117188,499.9035339355469,499.1500244140625
2021-12-13,502.3526482661478,507.345078351501,496.6537405981514,498.3963623046875,221957.0,499.48908081054685,500.78428344726564,498.0031036376953,47.65940298331812,-2.6610596467086793,502.2584838867188,497.7369995117188,499.9035339355469
2021-12-14,498.019598415997,503.4359264371332,491.9438798327598,496.9363098144531,161809.0,499.046337890625,500.8313842773438,497.91361541748046,47.01027353887664,-2.742273029335877,498.3963623046875,502.2584838867188,497.7369995117188
2021-12-15,496.55957324540753,520.3443188467816,496.55957324540753,514.5982666015625,745277.0,501.98528442382815,503.8409759521484,498.40579681396486,54.995600677185934,-1.3657197474728378,496.9363098144531,498.3963623046875,502.2584838867188
2021-12-16,513.3737739969841,513.3737739969841,496.4183099016709,499.00872802734375,333354.0,502.2396301269531,503.322900390625,498.54003143310547,48.10481544370864,-1.5152697434156153,514.5982666015625,496.9363098144531,498.3963623046875
2021-12-17,495.4762763976922,518.8371235580884,494.06332123686224,511.3484497070313,345256.0,504.0576232910156,502.5363464355469,499.79991760253904,53.11268403026611,-0.6308052501943848,499.00872802734375,514.5982666015625,496.9363098144531
2021-12-20,499.24418564898855,506.7799469418035,497.3131583163639,504.5191955566406,144970.0,505.2821899414063,502.38563537597656,500.03070068359375,50.224064687361924,-0.47544388146025085,511.3484497070313,499.00872802734375,514.5982666015625
2021-12-21,504.56631924947686,506.68575202566905,497.3602248131059,503.4359436035156,524795.0,506.5821166992188,502.81422729492186,500.54643096923826,49.76175958812733,-0.43471710869607705,504.5191955566406,511.3484497070313,499.00872802734375
2021-12-22,504.9901457260698,505.93211582255066,500.5629322672434,503.8126831054688,93989.0,504.425,503.20514221191405,501.13751831054685,49.93436440919156,-0.36780133376839785,503.4359436035156,504.5191955566406,511.3484497070313
2021-12-23,505.50836374004666,505.50836374004666,493.6395039513079,498.1609497070313,832334.0,504.25544433593757,503.24753723144534,501.29295043945314,47.30843942378535,-0.7620335038996018,503.8126831054688,503.4359436035156,504.5191955566406
2021-12-24,498.3022191701082,502.0700998443624,490.7664578216,493.4510498046875,293666.0,500.67596435546875,502.3667938232422,500.96561737060546,45.176334969367545,-1.4379392304981593,498.1609497070313,503.8126831054688,503.4359436035156
2021-12-27,489.8244348703952,493.35682262186447,485.773975080702,487.3753356933594,72668.0,497.2471923828125,501.2646911621094,501.0244873046875,42.5145222568837,-2.435780578104527,493.4510498046875,498.1609497070313,503.8126831054688
2021-12-28,489.7303061444262,494.5343309333174,486.24500507538,492.650390625,409253.0,495.0900817871094,500.8360992431641,500.83374176025393,45.51609626861149,-2.769004823669661,487.3753356933594,493.4510498046875,498.1609497070313
2021-12-29,489.8244788459325,493.26269289668846,480.40477732966457,484.5494689941406,250848.0,491.23743896484376,497.8312194824219,500.83609771728516,41.89802903835896,-3.644749706575112,492.650390625,487.3753356933594,493.4510498046875
2021-12-30,485.9624264179823,489.3064089727121,474.800045574777,477.8143615722656,194003.0,487.1681213378906,495.71178283691404,499.51734161376953,39.114210195911255,-4.826612532173954,484.5494689941406,492.650390625,487.3753356933594
2021-12-31,478.426662786024,493.5923888807352,477.5788953483449,488.8825378417969,342678.0,486.2544189453125,493.46519165039064,498.0007690429687,45.52036975443257,-4.814637863695623,477.8143615722656,484.5494689941406,492.650390625
2022-01-03,489.44764006523,503.7655970576349,488.8824810035831,491.4258117675781,233807.0,487.06451416015625,492.1558532714844,497.27074432373047,46.90283709093186,-4.5475060824757065,488.8825378417969,477.8143615722656,484.5494689941406
2022-01-04,491.4258012928314,493.87490049882126,484.172620192074,485.0204162597656,148537.0,485.53851928710935,490.3143005371094,496.56426391601565,43.88253794288306,-4.797363091174759,491.4258117675781,488.8825378417969,477.8143615722656
2022-01-05,485.8681875181143,491.2374288236666,477.9085570699187,481.3938293457031,395469.0,484.9073913574219,488.0724151611328,495.63877868652344,42.22465530907953,-5.227749582973274,485.0204162597656,491.4258117675781,488.8825378417969
2022-01-06,480.31056071372967,492.744549108637,477.20207080166455,488.0346984863281,1889301.0,486.9514587402344,487.0597900390625,495.1536636352539,46.230632643258716,-4.97561554016761,481.3938293457031,485.0204162597656,491.4258117675781
2022-01-07,486.9985107113539,489.6360153248661,479.5569531442037,485.9152221679688,358806.0,486.3579956054688,486.30620727539065,494.3365005493164,45.154525402032114,-4.890447485984737,488.0346984863281,481.3938293457031,485.0204162597656
2022-01-10,486.9985645513081,488.74118632075977,475.6949228209102,480.1692810058594,244549.0,484.106689453125,485.5856018066406,493.425146484375,42.281165932340045,-5.226354459474351,485.9152221679688,488.0346984863281,481.3938293457031
2022-01-11,480.1692842501523,482.57129663543225,472.445117516866,474.0464782714844,204190.0,481.9119018554687,483.72521057128904,492.28065490722656,39.40376625856543,-5.918398551879648,480.1692810058594,485.9152221679688,488.0346984863281
2022-01-12,476.4956117232034,478.8034213698197,469.1011402095268,472.3038330078125,570020.0,480.0939025878906,482.5006469726562,490.1659332275391,38.59863154978535,-6.532166639021398,474.0464782714844,480.1692810058594,485.9152221679688
2022-01-13,474.658710015374,476.4955631408254,469.1010923810719,471.3147277832031,141169.0,476.7499084472656,481.85068359375,488.781233215332,38.12249629992553,-7.01750140738875,472.3038330078125,474.0464782714844,480.1692810058594
2022-01-14,471.2676259158924,472.4450885318592,469.2895117183849,470.9850463867188,146421.0,473.7638732910156,480.06093444824216,486.76306304931643,37.954438903447326,-7.344077289933011,471.3147277832031,472.3038330078125,474.0464782714844
2022-01-17,470.9850463867188,476.63686694335934,470.0430762939453,470.9850463867188,189884.0,471.9270263671875,478.01685791015626,485.0863555908203,37.95443890344733,-7.516248396884407,470.9850463867188,471.3147277832031,472.3038330078125
2022-01-18,472.6806143071633,472.6806143071633,463.2609127167723,465.47454833984375,330117.0,470.2126403808594,476.06227111816406,483.1882858276367,34.9663571985231,-8.005068927188063,470.9850463867188,470.9850463867188,471.3147277832031
2022-01-19,464.53256442477056,466.5107074495042,452.28695271988704,457.7503967285156,688368.0,467.301953125,473.6979278564453,480.8851715087891,31.252239539181346,-8.912993756937169,465.47454833984375,470.9850463867188,470.9850463867188
2022-01-20,456.85553183460536,456.85553183460536,447.7184096992539,448.8487854003906,330001.0,462.8087646484375,469.7793365478516,478.41956329345703,27.612180016126487,-10.23285834480265,457.7503967285156,465.47454833984375,470.9850463867188
2022-01-21,439.0051529474911,459.4930025917433,439.0051529474911,445.0808715820313,530867.0,457.6279296875,465.6959014892579,476.00105438232424,26.220055857998602,-11.450900838243854,448.8487854003906,457.7503967285156,465.47454833984375
2022-01-24,447.34158591672167,449.1313233220894,438.9580579414185,443.0556335449219,567967.0,452.04204711914065,461.98453674316414,473.78506927490236,25.476561155862186,-12.436270488905961,445.0808715820313,448.8487854003906,457.7503967285156
2022-01-25,443.66791067023024,452.9934087757531,439.9000303248355,447.435791015625,597696.0,448.4342956542969,459.3234680175782,471.5243392944336,30.09356017902408,-12.717145596589091,443.0556335449219,445.0808715820313,448.8487854003906
2022-01-27,448.28359816810456,461.0943982298467,444.5628332444737,451.3450012207031,335178.0,447.15321655273436,457.2275848388673,469.8641159057617,34.022255448604454,-12.480433877171208,447.435791015625,443.0556335449219,445.0808715820313
2022-01-28,452.1456438437019,468.1591353964997,451.3449635167329,461.7066345214844,966171.0,449.72478637695315,456.2667755126954,469.05872955322263,43.143157189639915,-11.32617977241199,451.3450012207031,447.435791015625,443.0556335449219
2022-01-31,466.180974553941,477.7672234805098,460.62335697777127,469.3836669921875,938700.0,454.58534545898436,456.1066375732422,468.0837860107422,48.79163074922948,-9.680363512930057,461.7066345214844,451.3450012207031,447.435791015625
2022-02-01,470.9850222141949,473.6225268399367,460.6233517254826,466.1809692382813,242163.0,459.2104125976563,455.62622985839846,466.82154388427733,46.70696114971199,-8.536074657374968,469.3836669921875,461.7066345214844,451.3450012207031
2022-02-02,467.6410827143079,480.6402590145734,464.6738538063663,478.8034057617188,247175.0,465.483935546875,456.95911560058596,466.510693359375,54.88779987570241,-6.535356832408013,466.1809692382813,469.3836669921875,461.7066345214844
2022-02-03,480.4047355582516,483.3719642751923,466.74616954728174,468.9126892089844,402889.0,468.9974731445312,458.0753448486328,465.8866363525391,48.593149174648254,-5.682368895886725,478.8034057617188,466.1809692382813,469.3836669921875
2022-02-04,472.0212504828236,478.3324332741772,470.9850775628558,473.4812927246094,219084.0,471.35240478515624,460.53859558105466,465.1589660644531,51.367508623555295,-4.584870159236004,468.9126892089844,478.8034057617188,466.1809692382813
2022-02-07,475.1768283835729,476.11879848345376,465.47451910681207,469.1953125,188340.0,471.3147338867187,462.9500396728516,464.3229705810547,48.71152825913751,-4.014658800470102,473.4812927246094,468.9126892089844,478.8034057617188
2022-02-08,470.9850538386398,474.2819492155102,466.3222903069787,468.6772155761719,353656.0,471.81398315429686,465.51219787597654,463.7483673095703,48.385841434805,-3.563490581110159,469.1953125,473.4812927246094,468.9126892089844
2022-02-09,471.97406240194766,474.4231901793006,466.6048505884958,467.6881103515625,65745.0,469.59092407226564,467.5374298095703,463.4304489135742,47.72973600462519,-3.2483046085764045,468.6772155761719,469.1953125,473.4812927246094
2022-02-10,468.1629303279961,479.0835666338216,467.7830879046869,476.0447692871094,156420.0,471.0173400878906,470.0074066162109,463.61749572753905,53.47036929148855,-2.2977182522333806,467.6881103515625,468.6772155761719,469.1953125
2022-02-11,469.4449767879319,475.759948350249,468.4003882709787,472.8636169433594,147447.0,470.8938049316406,471.12310485839845,463.6949401855469,51.16665502761461,-1.7805391770816072,476.0447692871094,467.6881103515625,468.6772155761719
2022-02-14,467.6881676509487,475.5700074122051,465.3141160385073,470.39459228515625,207868.0,471.1336608886719,471.2241973876953,463.66541748046876,49.388115483904734,-1.552010083220182,472.8636169433594,476.0447692871094,467.6881103515625
2022-02-15,468.3528706453647,471.2966711901119,465.3140732687049,469.9197387695313,200085.0,471.3821655273438,471.5980743408203,463.6121520996094,49.035092959561986,-1.393156400293492,470.39459228515625,472.8636169433594,476.0447692871094
2022-02-16,469.9198224023845,476.56716748926846,469.58744935201537,473.6708068847656,327272.0,472.5787048339844,471.084814453125,464.02196502685547,51.956515880264384,-0.953591455471269,469.9197387695313,470.39459228515625,472.8636169433594
2022-02-17,475.7124694047207,475.9498745638247,470.0622150259958,471.9614562988281,67312.0,471.7620422363281,471.3896911621094,464.7325180053711,50.534921591196166,-0.7346942781443886,473.6708068847656,469.9197387695313,470.39459228515625
2022-02-18,469.6823800258902,479.46346114424887,469.6823800258902,476.8045349121094,138857.0,472.55022583007815,471.7220153808594,466.130305480957,54.346337404197065,-0.16847860279017368,471.9614562988281,473.6708068847656,469.9197387695313
2022-02-21,475.7125305393551,478.5138943887176,462.6552451106188,470.8219604492188,193253.0,472.6356994628906,471.8846801757812,467.41735992431643,49.293571341716,-0.20018475614443787,476.8045349121094,471.9614562988281,473.6708068847656
2022-02-22,463.8896753662263,474.4304701009714,463.8896753662263,470.0147399902344,240212.0,472.6546997070312,472.0184326171875,468.765315246582,48.63650383580227,-0.28713810657012573,470.8219604492188,476.8045349121094,471.9614562988281
2022-02-23,470.6320115008577,472.9110953208372,450.6899773608224,456.0553283691406,156678.0,469.13160400390626,470.8551544189453,469.1962921142578,38.96392922398473,-1.4655630191952582,470.0147399902344,470.8219604492188,476.8045349121094
2022-02-24,445.2770955868922,456.72004125746463,436.8729474423101,450.2626037597656,498482.0,464.7918334960938,468.2769378662109,469.1421722412109,35.783652843920024,-2.834226517650052,456.0553283691406,470.0147399902344,470.8219604492188
2022-02-25,449.5029019510639,469.1125608969889,449.5029019510639,466.6910400390625,96021.0,462.7691345214844,467.65968017578126,469.39139251708986,48.59761452082558,-2.563711817319927,450.2626037597656,456.0553283691406,470.0147399902344
2022-02-28,464.3644953935308,475.90238043397136,463.4148747485542,470.39459228515625,663928.0,462.68366088867185,467.65968017578126,469.44193878173826,50.972718186941044,-2.0271139462353744,466.6910400390625,450.2626037597656,456.0553283691406
2022-03-02,470.3470471452795,474.5254007522384,460.3285619279616,468.6852111816406,299191.0,462.4177551269531,467.5362274169922,469.56715087890626,49.828311020203316,-1.7199623808942306,470.39459228515625,466.6910400390625,450.2626037597656
2022-03-03,471.961453855202,471.961453855202,463.5098360308817,466.1687622070313,290049.0,464.44044189453126,466.78602294921876,468.9354187011719,48.11568186331854,-1.6604582250442377,468.6852111816406,470.39459228515625,466.6910400390625
2022-03-04,460.1861794118212,469.3025435791038,449.1705739171932,454.7258605957031,566719.0,465.3330932617188,465.0624633789063,468.2260772705078,41.183866275230415,-2.5077396192273795,466.1687622070313,468.6852111816406,470.39459228515625
2022-03-07,429.56089901376856,444.18505096186544,422.8185867253246,430.7479248046875,883023.0,458.14447021484375,460.45680236816406,466.0894088745117,31.079752641219073,-5.055755650771175,454.7258605957031,466.1687622070313,468.6852111816406
2022-03-08,430.74792583249865,450.97483376597216,430.74792583249865,438.2024536132813,777254.0,451.70604248046874,457.1948516845703,464.5397659301758,36.311260123703185,-6.399785791599754,430.7479248046875,454.7258605957031,466.1687622070313
2022-03-09,444.659892731848,453.63381993802665,439.9117892323088,446.7965393066406,545889.0,447.32830810546875,454.87303161621094,463.4457321166992,41.79647305689364,-6.694300737888625,438.2024536132813,430.7479248046875,454.7258605957031
2022-03-10,453.15897490708886,457.0998947140768,448.790714225798,454.6783447265625,500863.0,445.030224609375,454.73533325195314,462.79524383544924,46.359319241108835,-6.220009727974343,446.7965393066406,438.2024536132813,430.7479248046875
2022-03-11,457.2423265902278,461.9904296700848,451.5920723331494,459.5689086914063,1148489.0,445.99883422851565,455.6659637451172,461.97145080566406,49.02939879053258,-5.3874004469088845,454.6783447265625,446.7965393066406,438.2024536132813
2022-03-14,458.3818751542047,468.1629557409221,444.897251043858,463.8421936035156,560852.0,452.61768798828126,455.3810791015625,461.5203796386719,51.310039795246844,-4.332787536311514,459.5689086914063,454.6783447265625,446.7965393066406
2022-03-15,459.7113590604877,465.9313626799287,455.8179086282635,459.52142333984375,542732.0,456.88148193359376,454.29376220703125,460.9767211914062,48.92627535596364,-3.801824193927814,463.8421936035156,459.5689086914063,454.6783447265625
2022-03-16,461.3731928679079,463.2249357243344,450.5949928282571,451.9719543457031,262374.0,457.91656494140625,452.6224365234375,460.07933197021487,44.9930707960499,-3.9447384842545716,459.52142333984375,463.8421936035156,459.5689086914063
2022-03-17,453.0639917528706,465.31409163457295,449.2180109543492,457.5271911621094,498158.0,458.4863342285156,451.75827941894534,459.272151184082,48.28743288360876,-3.5686012906461997,451.9719543457031,459.52142333984375,463.8421936035156
2022-03-21,461.4206494453873,461.4206494453873,453.0165012355197,456.6725463867188,238004.0,457.9070617675781,451.95294799804685,458.50770568847656,47.81300769113321,-3.3014158784126835,457.5271911621094,451.9719543457031,459.52142333984375
2022-03-22,456.10279715139336,456.10279715139336,442.9980434703643,445.1821594238281,219232.0,454.1750549316406,453.39637145996096,456.9265869140625,41.85843852182794,-3.9710716706721314,456.6725463867188,457.5271911621094,451.9719543457031
2022-03-23,444.4224462019166,446.7490282922444,434.6888349336054,438.9621276855469,253545.0,450.0631958007813,453.4723388671875,455.3335952758789,39.025145811224185,-4.94666125716941,445.1821594238281,456.6725463867188,457.5271911621094
2022-03-24,433.2643984417208,435.4010447902005,424.4804078979708,427.8990478515625,757636.0,445.2486145019531,451.5825897216797,453.2278106689453,34.54619064527499,-6.537164751783791,438.9621276855469,445.1821594238281,456.6725463867188
2022-03-25,428.2789072310464,430.5579909635242,424.2430195243237,426.8070068359375,346298.0,439.1045776367188,448.7954559326172,451.76539459228513,34.12978811476874,-7.7959025023515665,427.8990478515625,438.9621276855469,445.1821594238281
2022-03-28,435.8758892416282,438.48734609438304,415.9338550933184,421.1567687988281,641775.0,432.0014221191406,444.95424194335936,450.31010284423826,31.981815287788393,-9.143982093336717,426.8070068359375,427.8990478515625,438.9621276855469
2022-03-29,421.1567329222906,423.1984114008616,408.4318227743268,409.57135009765625,616956.0,424.87926025390624,439.52715759277345,447.454118347168,28.079564068911992,-11.020157827753849,421.1567687988281,426.8070068359375,427.8990478515625
2022-03-30,410.7109368163586,426.2847098961452,410.7109368163586,423.2459411621094,1007607.0,421.73602294921875,435.899609375,445.0966857910156,37.73637662998024,-11.273659667779441,409.57135009765625,421.1567687988281,426.8070068359375
2022-03-31,427.32928839203856,429.22852967378094,417.92804984343815,424.6228637695313,554353.0,421.0807861328125,433.1647003173828,442.89356842041013,38.629924886520186,-11.233957486378074,423.2459411621094,409.57135009765625,421.1567687988281
2022-04-01,424.4804330170688,435.8758808832988,421.6315710505112,432.267333984375,478191.0,422.1728515625,430.6387145996094,441.19849700927733,43.47958712546319,-10.46501419336812,424.6228637695313,423.2459411621094,409.57135009765625
2022-04-04,433.0270576387412,436.4456981003352,425.999869955541,429.7508544921875,350094.0,423.89166870117185,427.94654541015626,439.9497467041016,42.29471461780344,-9.944051126217175,432.267333984375,424.6228637695313,423.2459411621094
2022-04-05,435.11621622515537,442.9980564411695,430.17817699431896,440.4815673828125,334580.0,430.07371215820314,427.4764862060547,440.4364288330078,48.712925744615056,-8.566555374339998,429.7508544921875,432.267333984375,424.6228637695313
2022-04-06,437.062902384283,439.294516698728,428.4688471287974,430.4155578613281,444643.0,431.50763549804685,426.6218292236328,440.04708404541014,43.792409273219015,-8.192682762767333,440.4815673828125,429.7508544921875,432.267333984375
2022-04-07,432.077400963732,436.0658193339078,425.6199920578616,434.11907958984375,344191.0,433.40687866210936,427.24383239746095,439.4132110595703,45.955430496671774,-7.51096108860213,430.4155578613281,440.4815673828125,429.7508544921875
2022-04-08,434.1190636893129,441.5261219654656,432.1248545772671,439.24700927734375,245478.0,434.8028137207031,428.4878326416016,438.6416442871094,48.88833349817185,-6.482188051565515,434.11907958984375,430.4155578613281,440.4815673828125
2022-04-11,442.2383464624421,451.4021799009018,439.9117642875449,449.2655334472656,606106.0,438.70574951171875,431.2987091064453,438.12647552490233,54.12622491544148,-4.803099692166256,439.24700927734375,434.11907958984375,430.4155578613281
2022-04-12,451.8294800805278,456.76751890397065,450.4050491483948,452.82659912109375,435714.0,441.174755859375,435.6242340087891,437.57569580078126,55.85783841207911,-3.148764830426501,449.2655334472656,439.24700927734375,434.11907958984375
2022-04-13,457.24231577129865,462.46522903556064,438.20243446362826,442.0958557128906,1390411.0,443.5108154296875,437.5092254638672,436.7044174194336,49.762182907384314,-2.672763887775716,452.82659912109375,449.2655334472656,439.24700927734375
2022-04-18,442.0958890176131,450.6424750029787,441.57360924388985,445.6094970703125,158491.0,445.80889892578125,439.60788879394534,436.38629455566405,51.623758667169746,-1.9890793499184838,442.0958557128906,452.82659912109375,449.2655334472656
2022-04-19,449.83530132629136,452.969037794456,446.5116291412168,451.1647644042969,217594.0,448.19244995117185,441.4976318359375,436.06817321777345,54.494823342041414,-0.9876062711093709,445.6094970703125,442.0958557128906,452.82659912109375
2022-04-20,456.1027809377971,462.0854083465616,445.13467415857855,451.9719543457031,427680.0,448.7337341308594,443.71974182128906,435.83314361572263,54.91353256233133,-0.12733037334214714,451.1647644042969,445.6094970703125,442.0958557128906
2022-04-21,453.9186802847056,454.53592792421455,441.5736115740336,444.5649108886719,231367.0,447.081396484375,444.128076171875,435.80228118896486,50.336455878537805,-0.042749243477544496,451.9719543457031,451.1647644042969,445.6094970703125
2022-04-22,441.57358939582207,452.92156742503215,441.57358939582207,450.5475158691406,232165.0,448.771728515625,446.1412719726562,436.38155059814454,53.69367177408816,0.5012500361229968,444.5649108886719,451.9719543457031,451.1647644042969
2022-04-25,449.835284939128,463.3673783425392,443.85265783586334,460.8508605957031,619109.0,451.82000122070315,448.8144500732422,438.0291412353516,58.852568971805916,1.7436672842409848,450.5475158691406,444.5649108886719,451.9719543457031
2022-04-26,465.6464481555312,472.151354798221,462.6551491826504,465.4565124511719,384095.0,454.6783508300781,451.435400390625,439.9616165161133,60.947011100497896,3.0646026860889037,460.8508605957031,450.5475158691406,444.5649108886719
2022-04-27,461.3731985541506,465.8838966412167,457.24234293102336,460.7559509277344,480250.0,456.4351501464844,452.5844421386719,441.9415756225586,57.7179247061052,3.6896257690165157,465.4565124511719,460.8508605957031,450.5475158691406
2022-04-28,463.1299777643843,468.16295534747104,461.5156111538964,466.1212768554688,276448.0,460.7464233398438,453.9139099121094,444.7690719604492,60.30323916184523,4.565272409203374,460.7559509277344,465.4565124511719,460.8508605957031
2022-04-29,470.0622192444872,470.0622192444872,464.7443378368079,466.9759521484375,345648.0,464.0321105957031,456.40191955566405,446.9555725097656,60.71530835901587,5.267473675920428,466.1212768554688,460.7559509277344,465.4565124511719
2022-05-02,464.50688301214586,468.44780247126647,458.334349479992,465.6939086914063,256314.0,465.00072021484374,458.4103607177734,449.0091247558594,59.71397804229631,5.655331900554643,466.9759521484375,466.1212768554688,460.7559509277344
2022-05-04,465.7414906232021,468.0680439836775,455.81794257305154,460.2336730957031,257464.0,463.95615234375,459.31725158691404,450.4074417114258,55.514647457391895,5.459186850675792,465.6939086914063,466.9759521484375,466.1212768554688
2022-05-05,461.895472089202,465.31411217878485,456.29271612633903,459.4264526367188,83338.0,463.69025268554697,460.0627014160156,451.89122161865237,54.899977916492794,5.178905343636075,460.2336730957031,465.6939086914063,466.9759521484375
2022-05-06,451.63959673706,462.4652665859635,446.9864612471067,450.8798828125,213358.0,460.6419738769531,460.69419860839844,452.41113739013673,48.7459808102242,4.218515056204126,459.4264526367188,460.2336730957031,465.6939086914063
2022-05-09,450.1201942732687,451.2597506609464,438.4873411512274,448.410888671875,122901.0,456.9289611816406,460.48053588867185,453.31090393066404,47.10331401273707,3.2210414801184584,450.8798828125,459.4264526367188,460.2336730957031
2022-05-10,447.2713364160567,450.9748512400376,430.2256337652639,448.6007995605469,246277.0,453.5103393554688,459.2555297851562,454.03498992919924,47.25055984485451,2.417987649744532,448.410888671875,450.8798828125,459.4264526367188
2022-05-11,451.06977112589135,462.46521797538753,430.1781185684816,450.2151184082031,267557.0,451.5066284179687,457.73139038085935,454.58339538574216,48.561335497278534,1.8900365778999912,448.6007995605469,448.410888671875,450.8798828125
2022-05-12,448.6007849866989,450.0727143682378,423.53080586175815,428.04150390625,634380.0,445.229638671875,454.45994567871094,453.5221939086914,35.50916298408559,-0.3139745250160786,450.2151184082031,448.6007995605469,448.410888671875
2022-05-13,432.9320564258691,433.0270242886237,396.9414389312384,406.15277099609375,1249915.0,436.2842163085937,448.4630950927734,451.1885025024414,27.617827476137663,-3.783295541216205,428.04150390625,450.2151184082031,448.6007995605469
2022-05-16,406.2002382295347,423.6732526168496,397.8910574358271,418.687744140625,396300.0,430.33958740234374,443.6342742919922,450.0180969238281,36.342464416835384,-5.458369185783965,406.15277099609375,428.04150390625,450.2151184082031
2022-05-17,413.0849876727386,420.8718886875842,410.4735308541179,415.7914123535156,595791.0,423.7777099609375,438.64402465820314,448.5271926879883,35.2841729890565,-6.939591594764181,418.687744140625,406.15277099609375,428.04150390625
2022-05-18,415.9338517135219,416.3611926052767,406.43764505339584,408.4318542480469,209231.0,415.4210571289062,433.4638427734375,446.39054718017576,32.68004868658605,-8.60809707352098,415.7914123535156,418.687744140625,406.15277099609375
2022-05-19,405.9628699210469,409.1915746694232,385.7834290185388,389.6768798828125,680671.0,407.7481323242188,426.4888854980469,443.2757934570312,27.175636871560513,-11.313356049562572,408.4318542480469,415.7914123535156,418.687744140625
2022-05-20,397.131378801166,407.8620808615868,389.86675743641285,402.9240417480469,349140.0,407.1023864746094,421.69330139160155,441.19375,35.446301393606504,-12.247180157786488,389.6768798828125,408.4318542480469,415.7914123535156
2022-05-23,401.689539201166,401.689539201166,389.6293452264814,392.9055480957031,215917.0,401.945947265625,416.14276733398435,438.3116516113281,32.44521413834768,-13.638435802789502,402.9240417480469,389.6768798828125,408.4318542480469
2022-05-24,390.4840428152646,394.80480540139024,384.1215725432648,392.9530334472656,354579.0,397.378271484375,410.57799072265624,434.91676025390626,32.47439634211817,-14.569239134188138,392.9055480957031,402.9240417480469,389.6768798828125
2022-05-25,385.8308712812967,393.0954926784918,379.8482725802077,382.9345397949219,396979.0,392.27880859375,403.8499328613281,430.79066162109376,29.571918471464684,-15.93166586314402,392.9530334472656,392.9055480957031,402.9240417480469
2022-05-26,383.4568189928462,390.4840352089613,383.4568189928462,385.213623046875,582774.0,391.3861572265625,399.5671447753906,427.01354522705077,31.080988235282604,-16.635729555325213,382.9345397949219,392.9530334472656,392.9055480957031
2022-05-27,387.3502662327574,393.61776846268725,386.8279864553145,389.0596008300781,149367.0,388.61326904296874,397.8578277587891,423.16046142578125,33.664100872402926,-16.690963798056885,385.213623046875,382.9345397949219,392.9530334472656
2022-05-30,389.0595936883065,402.1168776859231,388.7272206632517,397.3687744140625,122218.0,389.50591430664065,395.72593078613284,419.6801025390625,38.984905751537056,-15.881188018021078,389.0596008300781,385.213623046875,382.9345397949219
2022-05-31,396.9414717058772,398.0335297674162,390.6264995429452,395.3746032714844,148085.0,389.9902282714844,393.6842498779297,416.1641372680664,38.19312813184291,-15.224845284147136,397.3687744140625,389.0596008300781,385.213623046875
2022-06-01,394.3299748095237,402.5916860544152,393.0005116958954,397.89105224609375,148330.0,392.9815307617188,392.6301696777344,413.04700622558596,39.853210246041485,-14.336371767791093,395.3746032714844,397.3687744140625,389.0596008300781
2022-06-02,397.8910582809493,402.6391616017244,395.1371641509244,400.9773254394531,113028.0,396.1342712402344,393.7602142333984,410.12454986572266,41.913823633535294,-13.23069839604426,397.89105224609375,395.3746032714844,397.3687744140625
2022-06-03,403.39884644156007,410.18865737269294,400.9773253406108,407.8146057128906,204365.0,399.88527221679686,394.2492706298828,407.9712860107422,46.30285756961292,-11.668228827751363,400.9773254394531,397.89105224609375,395.3746032714844
2022-06-06,409.2864770270467,410.14112976773794,397.1788144235784,402.2117919921875,162907.0,400.8538757324219,395.1798950195313,405.6613311767578,43.408336115160864,-10.75804859295971,407.8146057128906,400.9773254394531,397.89105224609375
2022-06-07,400.5974763759242,400.6449458163015,393.5702893728702,396.7514953613281,81166.0,401.12925415039064,395.5597412109375,403.06886596679686,40.73570539459861,-10.35792479445405,402.2117919921875,407.8146057128906,400.9773254394531
2022-06-08,396.7514756605324,398.935620431757,393.6177392680582,395.9917907714844,100488.0,400.74940185546876,396.86546630859374,400.3576995849609,40.363342721289165,-9.987001674080204,396.7514953613281,402.2117919921875,407.8146057128906
2022-06-09,393.66521653887,394.9947085913384,384.5963512073864,391.718505859375,374559.0,398.89763793945315,397.5159545898438,398.5415496826172,38.245595555886695,-9.923469231743752,395.9917907714844,396.7514953613281,402.2117919921875
2022-06-10,386.54305892539656,405.48800174658896,386.54305892539656,400.7398986816406,496967.0,397.4826965332031,398.683984375,398.27090606689455,44.82688397599962,-9.040949865382117,391.718505859375,395.9917907714844,396.7514953613281
2022-06-13,399.7428004839115,405.0131831865534,394.6623245119248,398.1759033203125,208314.0,396.67551879882814,398.764697265625,397.2453140258789,43.41086286242607,-8.451021788191838,400.7398986816406,391.718505859375,395.9917907714844
2022-06-14,395.9918119763587,405.2980827760802,391.3386765764979,393.3328857421875,137835.0,395.991796875,398.56052551269534,396.1223876953125,40.78986345375753,-8.278857069694368,398.1759033203125,400.7398986816406,391.718505859375
2022-06-15,397.6536377069377,403.92113964353706,390.3890457036592,395.2321166992188,184711.0,395.83986206054686,398.2946319580078,395.46240081787107,42.26209442339451,-7.8981186290606615,393.3328857421875,398.1759033203125,400.7398986816406
2022-06-16,397.7960892449192,400.73991909113926,387.4452298321916,390.62646484375,964672.0,395.6214538574219,397.2595458984375,395.50988006591797,39.6851451550033,-7.877214658298897,395.2321166992188,393.3328857421875,398.1759033203125
2022-06-17,390.9588528348679,391.1487595863335,375.1476450340748,383.7417297363281,202538.0,392.22182006835936,394.8522583007813,394.550764465332,36.1378451624218,-8.320277713612597,390.62646484375,395.2321166992188,393.3328857421875
2022-06-20,384.5963476343394,384.5963476343394,373.5807427455785,381.8899230957031,645857.0,388.9646240234375,392.8200714111328,393.999983215332,35.225784542650146,-8.72031137541984,383.7417297363281,390.62646484375,395.2321166992188
2022-06-21,379.9432283820963,387.0178848462254,379.8482605209416,380.1806335449219,384758.0,386.33417358398435,391.16298522949216,393.36136322021486,34.36366863598707,-9.070704876608374,381.8899230957031,383.7417297363281,390.62646484375
2022-06-22,380.70289583643375,384.5963461240845,378.23387646035366,380.1331176757813,798525.0,383.31437377929694,389.5771179199219,393.22129211425784,34.338509591188725,-9.245650283036753,380.1806335449219,381.8899230957031,383.7417297363281
2022-06-23,381.0827397799525,387.6826146215285,378.7086882513455,381.8899230957031,874011.0,381.5670654296875,388.59425964355466,393.0551071166992,36.198435410123636,-9.137208214312636,380.1331176757813,380.1806335449219,381.8899230957031
2022-06-24,383.4567686266292,384.5013570334519,379.7532542570938,381.0352478027344,1306011.0,381.02576904296876,386.62379455566406,392.65388946533204,35.66909007793474,-9.016297976269186,381.8899230957031,380.1331176757813,380.1806335449219
2022-06-27,383.07698802397294,396.41917636685895,382.3173030492006,394.8048095703125,177703.0,383.60874633789064,386.28668518066405,392.5256912231445,48.687934510097556,-7.720391318550639,381.0352478027344,381.8899230957031,380.1331176757813
2022-06-28,391.2437284113538,393.0005325024296,386.63806222019537,390.6739501953125,76568.0,385.70740966796876,386.0207916259766,392.29065856933596,45.699981630995275,-6.946625410725005,394.8048095703125,381.0352478027344,381.8899230957031
2022-06-29,390.1990769353358,391.2436653329768,383.93157552960895,389.43939208984375,149632.0,387.56866455078125,385.44151916503904,391.8680755615234,44.81480545494612,-6.35971800519269,390.6739501953125,394.8048095703125,381.0352478027344
2022-06-30,388.299893868133,405.2980984022341,380.8453656647627,399.0780944824219,794172.0,391.006298828125,386.28668212890625,391.7731140136719,52.5434230557468,-5.0585155107928585,389.43939208984375,390.6739501953125,394.8048095703125
2022-07-01,396.1817622450002,407.95705296886194,394.4249581778635,404.77581787109375,102892.0,395.75441284179686,388.3900909423828,391.62117462158204,56.4280860850523,-3.526888721944033,399.0780944824219,389.43939208984375,390.6739501953125
2022-07-04,404.7757775411936,415.1741346208104,399.7427999931402,413.5122985839844,112905.0,399.49591064453125,391.5523284912109,392.1861999511719,61.616360509193754,-1.5897765231345033,404.77581787109375,399.0780944824219,389.43939208984375
2022-07-05,418.3078818829199,418.3078818829199,402.164331390276,414.5093994140625,232234.0,404.26300048828125,394.985205078125,393.07409515380857,62.170016109649346,0.02556189284081256,413.5122985839844,404.77581787109375,399.0780944824219
2022-07-06,414.0345994528305,444.4699294031285,413.36985341211886,440.05419921875,585472.0,414.3859619140625,400.97731323242186,395.2772155761719,72.93919101373459,3.3286109280347773,414.5093994140625,413.5122985839844,404.77581787109375
2022-07-07,442.2858554450896,448.8857311173185,430.2256605698348,446.74908447265625,792175.0,423.9201599121094,407.4632293701172,398.02874450683595,74.95175155761342,6.412601891213058,440.05419921875,414.5093994140625,413.5122985839844
2022-07-08,446.3216956312901,446.3216956312901,434.1665631721037,441.526123046875,221795.0,431.2702209472656,413.51231689453124,400.0680557250977,70.54390909745048,8.339109547587213,446.74908447265625,440.05419921875,414.5093994140625
2022-07-11,435.8758701306288,450.0252117527882,435.8758701306288,448.4583435058594,160105.0,438.2594299316406,418.87767028808594,402.582177734375,72.82796473145272,10.30644669905189,441.526123046875,446.74908447265625,440.05419921875
2022-07-12,446.559136966663,448.220973202052,440.1966666448385,446.8915100097656,294048.0,444.73585205078126,424.4994262695312,405.2601089477539,71.47886401318098,11.605365764481917,448.4583435058594,441.526123046875,446.74908447265625
2022-07-13,442.1433846198368,454.6308904894762,441.5736064284207,445.5145263671875,221855.0,445.8279174804687,430.1069396972656,407.7742294311523,70.24727362475215,12.380937667453793,446.8915100097656,448.4583435058594,441.526123046875
2022-07-14,439.95922544583794,450.02520990061817,438.8671675194501,447.2238464355469,323995.0,445.92286987304686,434.9215148925781,410.6040985107422,70.91716544595876,12.983842181874138,445.5145263671875,446.8915100097656,448.4583435058594
2022-07-15,447.1763137393512,450.64242297051806,446.3691304712418,448.2683715820313,364977.0,447.2713195800781,439.27077026367186,413.83043060302737,71.34179198084838,13.391563198511335,447.2238464355469,445.5145263671875,446.8915100097656
2022-07-18,450.7374314294022,453.39638661212666,437.87008333662106,440.05419921875,192626.0,445.5904907226562,441.9249603271484,416.7386444091797,63.49102108492377,12.903130721614787,448.2683715820313,447.2238464355469,445.5145263671875
2022-07-19,440.67148154085584,444.4224949600255,437.91758726127375,441.906005859375,142240.0,444.5933898925781,444.6646209716797,419.82491302490234,64.44104340274356,12.521133946413897,440.05419921875,448.2683715820313,447.2238464355469
2022-07-20,447.5562273407777,452.87410909271983,443.8052429385176,449.787841796875,325251.0,445.44805297851565,445.6379852294922,423.30764923095705,68.23037527500493,12.707908183690563,441.906005859375,440.05419921875,448.2683715820313
2022-07-21,452.399298512148,453.1590124649717,443.1404966292666,446.8915100097656,57200.0,445.3815856933594,445.6522277832031,426.55772857666017,65.46943000997697,12.478375398725461,449.787841796875,441.906005859375,440.05419921875
2022-07-22,449.8353177536467,455.5330417075618,440.8139214932811,445.5145263671875,209086.0,444.8308166503906,446.0510681152344,429.7816925048828,64.14057367569202,12.046493462963383,446.8915100097656,449.787841796875,441.906005859375
2022-07-25,445.5145272305514,451.4971547818296,442.2858227797672,449.5504150390625,94448.0,446.7300598144531,446.1602752685547,432.5189727783203,66.29965451933946,11.892793681271314,445.5145263671875,446.8915100097656,449.787841796875
2022-07-26,450.0252305682413,451.4971599975994,443.4728537288714,448.6007995605469,107566.0,448.0690185546875,446.3312042236328,435.41531524658205,65.30334498941114,11.561090410362908,449.5504150390625,445.5145263671875,446.8915100097656
2022-07-27,448.6007745071148,448.6007745071148,437.39526279777255,441.9534301757813,114270.0,446.50213623046875,445.9750946044922,438.04101715087893,58.65828245065844,10.639184131403567,448.6007995605469,449.5504150390625,445.5145263671875
2022-07-28,439.67437011058746,443.2354476222823,428.4688577991702,431.4126586914063,136006.0,443.4063659667969,444.39397583007815,439.6577453613281,49.97432220225058,8.954789359888139,441.9534301757813,448.6007995605469,449.5504150390625
2022-07-29,431.98243186545454,433.50183071546536,417.8330898462317,427.1868591308594,346921.0,439.74083251953124,442.28582458496095,440.7782974243164,46.97205576755453,7.195957145353589,431.4126586914063,441.9534301757813,448.6007995605469
2022-08-01,432.2673590528774,432.2673590528774,418.7827333704416,422.34381103515625,765088.0,434.29951171875,440.51478576660156,441.219873046875,43.72961157552828,5.3496094694046405,427.1868591308594,431.4126586914063,441.9534301757813
2022-08-02,420.4920253862466,437.2528535673347,420.4920253862466,436.1607666015625,253132.0,431.81150512695314,439.9402618408203,442.30244140625,53.57556601533181,4.944283848594978,422.34381103515625,427.1868591308594,431.4126586914063
2022-08-03,437.2053440050012,443.2354409635724,427.6616680090825,432.267333984375,307621.0,429.87428588867186,438.18821105957034,441.91309814453126,50.8742173936507,4.259788707859059,436.1607666015625,422.34381103515625,427.1868591308594
2022-08-04,433.976696355004,438.582362932915,427.9465986074377,436.7305908203125,235609.0,430.9378723144531,437.172119140625,441.41217346191405,53.75295296549595,4.031002020885921,432.267333984375,436.1607666015625,422.34381103515625
2022-08-05,436.8255056742749,448.9331691467684,430.3680967476608,435.8758850097656,183679.0,432.67567749023436,436.2082550048828,441.1296615600586,53.111112415875915,3.7376341869928638,436.7305908203125,432.267333984375,436.1607666015625
2022-08-08,438.7247709454957,438.7247709454957,428.278943065841,432.1723937988281,197205.0,434.6413940429687,434.4704528808594,440.315364074707,50.30799568382963,3.1697582753837423,435.8758850097656,436.7305908203125,432.267333984375
2022-08-10,436.8254840237568,440.2441240425757,428.3738663245388,435.6384582519531,112335.0,434.53693237304685,433.17421875,439.7527114868164,52.817822556051716,2.96521381923975,432.1723937988281,435.8758850097656,436.7305908203125
2022-08-11,437.4902259489311,437.4902259489311,425.0026917624617,428.0889587402344,198966.0,433.7012573242188,431.7877716064453,438.8814331054688,47.22310691423906,2.168927303442956,435.6384582519531,432.1723937988281,435.8758850097656
2022-08-12,428.0889609185825,436.3032024083959,428.0889609185825,434.4039611816406,90830.0,433.2359313964844,432.08690185546874,438.2404388427734,51.820386160129495,2.024099859857415,428.0889587402344,435.6384582519531,432.1723937988281
2022-08-16,435.875894982597,445.08722723114136,434.9737437386228,442.5707092285156,270472.0,434.57489624023435,433.6252868652344,437.95555572509767,57.03296640094136,2.539042876629537,434.4039611816406,428.0889587402344,435.6384582519531
2022-08-17,445.3720802088364,445.4670480688712,435.8758738077951,440.5765075683594,292576.0,436.25571899414064,435.4485565185547,437.98167114257814,55.45522256976182,2.7544716846679194,442.5707092285156,434.4039611816406,428.0889587402344
2022-08-18,442.9980342030014,445.3720858332425,439.5793940594296,442.5232238769531,126297.0,437.63267211914064,436.0848022460938,438.01253204345704,56.71407693551295,3.0471585567833017,440.5765075683594,442.5707092285156,434.4039611816406
2022-08-19,448.22095993798473,467.54574652794577,447.27133926015,461.8480224609375,944983.0,444.3844848632813,439.04287109375,438.6155410766602,66.75727994914882,4.783325553809448,442.5232238769531,440.5765075683594,442.5707092285156
2022-08-22,463.4148578260032,470.67944969876777,459.7113432418607,464.64935302734375,726820.0,450.4335632324219,441.8347473144531,439.50343322753906,67.91927376543579,6.312527484938585,461.8480224609375,442.5232238769531,440.5765075683594
2022-08-23,464.6493718898201,464.6493718898201,455.8179114475723,459.6163940429688,197764.0,453.8427001953125,444.20879821777345,440.2085266113281,63.61675761171393,7.037192925275463,464.64935302734375,461.8480224609375,442.5232238769531
2022-08-24,458.6667606230071,483.35689680561205,458.0969824535381,476.85198974609375,845768.0,461.09779663085936,448.6767578125,441.5736053466797,70.50701951387863,8.899674133477902,459.6163940429688,464.64935302734375,461.8480224609375
2022-08-25,476.7095805928155,476.8045484566873,461.5156497372676,464.7443542480469,242368.0,465.5420227050781,451.58734741210935,442.3807830810547,61.67142037412132,9.291611004635797,476.85198974609375,459.6163940429688,464.64935302734375
2022-08-26,468.9701813262904,471.0593294462988,457.9071061363322,462.5602416992188,228766.0,465.68446655273436,455.0344757080078,443.41112365722654,60.2057313237338,9.318565546466914,464.7443542480469,476.85198974609375,459.6163940429688
2022-08-29,454.8683019637412,470.29963788631073,448.2209572586344,458.33441162109375,349092.0,464.4214782714844,457.4275207519531,444.75721130371096,57.36502225247468,8.896386043988741,462.5602416992188,464.7443542480469,476.85198974609375
2022-08-30,460.28113684999465,464.3170245792009,456.8149983219904,460.0437316894531,202849.0,464.50694580078124,459.17482299804686,446.4000549316406,58.22367042031332,8.600591327625864,458.33441162109375,462.5602416992188,464.7443542480469
2022-09-01,458.6667084356114,469.587344350745,458.6192390019408,467.4032287597656,192242.0,462.6171936035156,461.8574951171875,448.6530258178711,61.79160911536743,8.857913281068704,460.0437316894531,458.33441162109375,462.5602416992188
2022-09-02,469.5874334803936,472.67370073784815,465.7414812593074,467.308349609375,95821.0,463.12999267578124,464.3360076904297,450.21040496826174,61.718426271793845,8.951005212298242,467.4032287597656,460.0437316894531,458.33441162109375
2022-09-05,469.7773230828256,470.9643488345204,465.6464676709031,470.15716552734375,85775.0,464.6493774414063,465.1669219970703,452.10489654541016,63.130399589587824,9.149190699312669,467.308349609375,467.4032287597656,460.0437316894531
2022-09-06,470.157193203547,472.15140237980944,468.16298402728455,470.0622253417969,225836.0,466.99494018554685,465.7082092285156,453.7714782714844,63.04694098892174,9.192626371496146,470.15716552734375,467.308349609375,467.4032287597656
2022-09-07,468.1629788918662,481.17279334561607,465.5515221130576,474.4304809570313,200692.0,469.8722900390625,467.1896179199219,455.69920806884767,65.31874084817542,9.470362729305407,470.0622253417969,470.15716552734375,467.308349609375
2022-09-08,479.51096138590384,481.8850130236593,471.4866552582412,478.0390319824219,112873.0,471.99945068359375,467.3083221435547,457.99253997802737,67.11718969626313,9.86789969851128,474.4304809570313,470.0622253417969,470.15716552734375
2022-09-09,481.0303104483672,485.2561337728801,473.8606864044368,478.4188537597656,148781.0,474.2215515136719,468.67577209472654,460.13155975341795,67.30934771573484,10.09720476262288,478.0390319824219,474.4304809570313,470.0622253417969
2022-09-12,478.4188537597656,478.4188537597656,478.4188537597656,478.4188537597656,0.0,475.87388916015624,470.2616333007812,462.6480545043945,67.30934771573484,10.161791866839962,478.4188537597656,478.0390319824219,474.4304809570313
2022-09-13,482.3123373811593,494.94230980813177,479.5584432062963,488.769775390625,358255.0,479.6153991699219,473.3051696777344,465.36634521484376,72.40587882428774,10.922304949051977,478.4188537597656,478.4188537597656,478.0390319824219
2022-09-14,488.1049912550442,491.38119393625584,481.552614872742,489.1020812988281,204541.0,482.5497192382812,476.21100463867185,467.6929138183594,72.553815819146,11.420186553729422,488.769775390625,478.4188537597656,478.4188537597656
2022-09-15,489.1020939817853,493.42285625705233,484.3065213914287,489.576904296875,157539.0,484.8572937011719,478.4283721923828,470.14293365478517,72.77838619196247,11.717997775999152,489.1020812988281,488.769775390625,478.4188537597656
2022-09-16,486.68063389756304,487.1554442720972,453.9187180547027,462.0379638671875,266979.0,481.58111572265625,477.9013336181641,471.11867065429686,48.16384290891144,9.62094866770559,489.576904296875,489.1020812988281,488.769775390625
2022-09-19,455.81788791963226,469.96722906111336,449.4079488707624,465.5989685058594,149880.0,479.017138671875,477.4455139160156,471.306217956543,50.49539414736626,8.152389780045326,462.0379638671875,489.576904296875,489.1020812988281
2022-09-20,470.964393959404,490.81143165321765,465.5990138635688,478.1814880371094,280194.0,476.89948120117185,478.2574401855469,471.9828247070312,57.73013223015745,7.912638479897851,465.5989685058594,462.0379638671875,489.576904296875
2022-09-21,478.13403775004514,482.4073310367883,470.4421040378824,479.4635009765625,214698.0,474.9717651367188,478.7607421875,472.9751800537109,58.39725939593556,7.736895462360906,478.1814880371094,465.5989685058594,462.0379638671875
2022-09-22,478.6088064236111,484.2115624488154,472.91108253761575,480.7454528808594,249159.0,473.2054748535156,479.03138427734376,473.1698532104492,59.092515038945216,7.61329928472054,479.4635009765625,478.1814880371094,465.5989685058594
2022-09-23,483.16697974782994,483.8791952421399,466.4061809110933,470.6794738769531,150678.0,474.93377685546875,478.2574462890625,473.4666091918945,51.775767079387464,6.626719347115454,480.7454528808594,479.4635009765625,478.1814880371094
2022-09-26,465.3141436422733,497.6012474868392,461.1358183525308,495.5595397949219,509775.0,480.92589111328124,479.9715148925781,475.1165740966797,63.72982719022556,7.762974291483772,470.6794738769531,480.7454528808594,479.4635009765625
2022-09-27,489.3869394407074,493.7552288555904,471.01180452489086,474.7628173828125,427960.0,480.2421569824219,478.57081909179686,475.9379943847656,52.10344494086542,6.905737781501671,495.5595397949219,470.6794738769531,480.7454528808594
2022-09-28,470.0622230012269,481.9324811578236,470.0622230012269,474.52545166015625,135346.0,479.2545471191406,477.1131561279297,476.6620803833008,51.986870504730305,6.136480711400679,474.7628173828125,495.5595397949219,470.6794738769531
2022-09-29,475.759912752639,484.2590285744998,473.76570372950806,478.9886169433594,162773.0,478.90317993164064,476.0543273925781,477.2413497924805,54.06782940928784,5.819890998598112,474.52545166015625,474.7628173828125,495.5595397949219
2022-09-30,479.2260497775578,491.666085947136,474.3355092816889,478.8936767578125,248792.0,480.5460205078125,477.7398986816406,477.8206161499023,54.01419997365077,5.4979535051211315,478.9886169433594,474.52545166015625,474.7628173828125
2022-10-03,478.1340288565893,481.9325117074857,469.5874424420723,473.3859252929688,122286.0,476.1112976074219,478.5185943603516,477.98205413818357,50.86232185308831,4.743703745171729,478.8936767578125,478.9886169433594,474.52545166015625
2022-10-04,475.2851449043042,484.0691360938443,469.5874208894674,479.98577880859375,162140.0,477.1558898925781,478.6990234375,478.4782318115234,54.30336658568428,4.625192062752149,473.3859252929688,478.8936767578125,478.9886169433594
2022-10-06,479.9382700367623,482.4072895193029,473.1010187544834,475.0477294921875,69801.0,477.2603454589844,478.2574462890625,478.50909423828125,51.402892087886485,4.08571382407473,479.98577880859375,473.3859252929688,478.8936767578125
2022-10-07,473.8606917451187,475.000248086855,456.9574562168003,463.1774597167969,538827.0,474.0981140136719,476.5006469726562,477.766015625,45.15873381714244,2.6695687396202175,475.0477294921875,479.98577880859375,473.3859252929688
2022-10-10,457.81215256837714,463.130034369225,449.4554728870092,451.6396179199219,132194.0,468.6473022460938,474.59666137695314,476.4270538330078,40.06433479490849,0.6092332880647291,463.1774597167969,475.0477294921875,479.98577880859375
2022-10-11,451.6395963295471,463.0825138079961,445.08721950429054,451.4021911621094,263247.0,464.25055541992185,470.18092651367186,475.076220703125,39.96442351552607,-1.030872499823488,451.6396179199219,463.1774597167969,475.0477294921875
2022-10-12,451.4021336843834,456.8624518401804,451.0697606962676,454.3934326171875,96948.0,459.1320861816406,468.14398803710935,473.35740356445314,41.92923384268759,-2.0654902802445463,451.4021911621094,451.6396179199219,463.1774597167969
2022-10-13,453.0640424227753,456.1028112791059,449.3130290602884,450.8324279785156,22392.0,454.2890258789063,465.7746856689453,471.4439208984375,40.24079904399237,-3.1366186516906964,454.3934326171875,451.4021911621094,451.6396179199219
2022-10-14,453.11145286135263,455.4855043056436,440.7663853510395,444.0900573730469,77023.0,450.47154541015624,462.2848297119141,469.1695785522461,37.18737152845094,-4.477929775605389,450.8324279785156,454.3934326171875,451.4021911621094
2022-10-17,444.0900802694202,448.0784984935117,437.7751088980432,439.24700927734375,82943.0,447.99302368164064,458.3201629638672,468.03003082275393,35.125622074217944,-5.864124039576382,444.0900573730469,450.8324279785156,454.3934326171875
2022-10-18,441.478650474928,448.3634004382845,433.35940521363983,438.5348205566406,286083.0,445.4195495605469,454.8350524902344,466.676823425293,34.81989852043429,-6.940158827648759,439.24700927734375,444.0900573730469,450.8324279785156
2022-10-19,438.5347715334137,446.321671868703,437.9175239534491,441.81097412109375,177646.0,442.90305786132814,451.0175720214844,464.85829772949216,37.51416349679474,-7.442770313701885,438.5348205566406,439.24700927734375,444.0900573730469
2022-10-20,440.7664066314996,460.4710345704657,438.6772586477304,456.8624877929688,702352.0,444.10906982421875,449.1990478515625,463.7282470703125,48.1236688765925,-6.551045796884978,441.81097412109375,438.5348205566406,439.24700927734375
2022-10-21,457.622183050008,460.5185434054612,452.30430164174487,454.9632568359375,73258.0,446.28370971679686,448.37762756347655,462.4391372680664,47.03837306260671,-5.92925104328009,456.8624877929688,441.81097412109375,438.5348205566406
2022-10-24,454.9632568359375,454.9632568359375,454.9632568359375,454.9632568359375,0.0,449.4269592285156,448.7099914550781,461.6533264160156,47.0383730626067,-5.374520099079348,454.9632568359375,456.8624877929688,441.81097412109375
2022-10-25,455.6754859797025,464.31703990466633,448.2684273382522,452.6366882324219,165693.0,452.24733276367186,448.83344116210935,459.50718383789064,45.578038127967204,-5.06424896189111,454.9632568359375,454.9632568359375,456.8624877929688
2022-10-27,452.2093356192362,461.3731684978496,451.3546539058991,454.535888671875,108431.0,454.7923156738281,448.8476867675781,458.49583740234374,47.02387725876008,-4.611943631751444,452.6366882324219,454.9632568359375,454.9632568359375
2022-10-28,454.1086329194739,456.43518625965584,441.0988176632969,442.3333129882813,110721.0,451.8864807128906,447.9977752685547,456.88623046875,39.72188992081623,-5.178440437521317,454.535888671875,452.6366882324219,454.9632568359375
2022-10-31,444.56490746014737,453.5863037560645,440.6714569469375,450.1676635742188,109006.0,450.9273620605469,448.60553588867185,455.44518280029297,45.56612975155028,-4.93830096011493,442.3333129882813,454.535888671875,452.6366882324219
2022-11-01,451.8769833092627,464.3644888178492,447.7461277660857,460.9933471679688,165759.0,452.1333801269531,450.78016967773436,454.55016632080077,52.429578746275034,-3.8302932656641815,450.1676635742188,442.3333129882813,454.535888671875
2022-11-02,462.4652421818964,468.3054032019268,453.9186565974261,455.1056823730469,268593.0,452.62717895507814,452.437255859375,453.6361541748047,48.8239690857416,-3.388217269143354,460.9933471679688,450.1676635742188,442.3333129882813
2022-11-03,453.2064485725237,458.4768315107578,444.2325219694527,453.1114807128906,140605.0,452.34229736328126,453.5673065185547,452.29243927001954,47.62919374373432,-3.162330882717754,455.1056823730469,460.9933471679688,450.1676635742188
2022-11-04,454.5359071303987,460.5660039053905,453.9186595191272,458.6192932128906,122202.0,455.5994934082031,453.74298706054685,451.4710174560547,51.182429992759694,-2.5099467522393297,453.1114807128906,455.1056823730469,460.9933471679688
2022-11-07,460.945875957136,460.945875957136,454.2035632792665,459.75885009765625,56178.0,457.5177307128906,454.22254638671876,451.30008697509766,51.909433098256585,-1.8793113799773096,458.6192932128906,453.1114807128906,455.1056823730469
2022-11-09,460.56602353525113,462.9400752029586,437.2528477504128,442.80810546875,117422.0,453.88068237304685,453.00703125,450.85851135253904,41.91111818701425,-2.716003336437211,459.75885009765625,458.6192932128906,453.1114807128906
2022-11-10,441.3836726737439,449.12310426310506,436.82550508232526,441.5736083984375,99568.0,451.174267578125,451.9007232666016,450.3670822143555,41.287406199213486,-3.4390580163501454,442.80810546875,459.75885009765625,458.6192932128906
2022-11-11,443.8052067604572,447.2713162602929,434.2615020509066,441.526123046875,197166.0,448.85719604492186,450.59974670410156,449.72371673583984,41.26196959833716,-3.9701503090977894,441.5736083984375,442.80810546875,459.75885009765625
2022-11-14,443.7577574561389,443.7577574561389,425.47755832457966,431.3177490234375,194485.0,443.3968872070312,449.49819030761716,448.74798278808595,36.11127398683021,-5.155347608030695,441.526123046875,441.5736083984375,442.80810546875
2022-11-15,433.5018340667912,433.5018340667912,419.7323344085908,423.34088134765625,198890.0,436.11329345703126,446.8155120849609,447.7105239868164,32.67854770231503,-6.661501914857865,431.3177490234375,441.526123046875,441.5736083984375
2022-11-16,425.4775386585693,425.4775386585693,414.1770582410411,416.2662353515625,246198.0,430.80491943359374,442.3428009033203,446.56148529052734,29.958517694691054,-8.32998201345805,423.34088134765625,431.3177490234375,441.526123046875
2022-11-17,417.7380633335271,417.83303118209216,409.38141430193264,413.6072082519531,447038.0,425.2116394042969,438.1929534912109,445.31510467529296,28.982082837221967,-9.754383317874726,416.2662353515625,423.34088134765625,431.3177490234375
2022-11-18,417.8243032717336,419.98075391065447,408.38383573604455,410.5881958007813,131804.0,419.0240539550781,433.940625,443.7539657592773,27.87135449782228,-11.000039084472746,413.6072082519531,416.2662353515625,423.34088134765625
2022-11-21,412.12171317570346,415.4282828064914,410.2048679981421,411.4508056640625,192789.0,415.0506652832031,429.22377624511716,441.483381652832,28.7120306008497,-11.781811458560185,410.5881958007813,413.6072082519531,416.2662353515625
2022-11-22,409.8214738439963,423.43105602702514,409.2943239107595,414.6135864257813,270175.0,413.3052062988281,424.70924987792966,439.46589813232424,31.848463008251585,-12.007743924975216,411.4508056640625,410.5881958007813,413.6072082519531
2022-11-23,416.722141194069,418.68692510355,407.32961126900784,408.0005187988281,90619.0,411.6520629882813,421.2284912109375,437.1177612304688,28.97767102426937,-12.575454312778447,414.6135864257813,411.4508056640625,410.5881958007813
2022-11-24,410.0610835358885,416.4345874830631,408.04839038185065,413.0801086425781,259386.0,411.54664306640626,418.37914123535154,435.1399322509766,33.90585171381137,-12.471722186766385,408.0005187988281,414.6135864257813,411.4508056640625
2022-11-25,414.13439524699646,420.5558088686915,413.1759726841701,415.6678771972656,100888.0,412.5625793457031,415.79331665039064,433.19653167724607,36.32972497183989,-12.041891010322956,413.0801086425781,408.0005187988281,414.6135864257813
2022-11-28,417.7764108658264,429.3733303247925,414.3260836116833,427.50439453125,231616.0,415.77329711914064,415.4119812011719,432.45508575439453,46.071696303757584,-10.623675560423294,415.6678771972656,413.0801086425781,408.0005187988281
2022-11-29,427.456488314249,459.0844347590252,426.1147024966422,453.8131103515625,935910.0,423.6132019042969,418.4592041015625,432.6373580932617,60.52805810912031,-7.292769594802621,427.50439453125,415.6678771972656,413.0801086425781
2022-11-30,455.2507333780393,460.6179057686645,451.5128911011037,458.8448181152344,315358.0,433.7820617675781,422.71706237792966,432.529931640625,62.59339537711568,-4.198587155179553,453.8131103515625,427.50439453125,415.6678771972656
2022-12-01,461.0012492094923,461.0012492094923,441.73694999361055,444.2767639160156,393580.0,440.0213928222656,425.7840179443359,431.9884857177734,53.81393086793863,-2.8886469787153146,458.8448181152344,453.8131103515625,427.50439453125
2022-12-02,445.6664653856944,449.2126403581493,439.4367190953568,440.3951416015625,188375.0,444.966845703125,428.76471252441405,431.35266876220703,51.73186684981238,-2.139066603678714,444.2767639160156,458.8448181152344,453.8131103515625
2022-12-05,440.87435737118,443.2704136612408,438.5741491824684,440.0596923828125,198259.0,447.4779052734375,431.62560119628904,430.4246887207031,51.546259695591196,-1.554171186514111,440.3951416015625,444.2767639160156,458.8448181152344
2022-12-06,442.21618420442337,442.21618420442337,425.5396367231292,427.45648193359375,1008531.0,442.2065795898437,432.90989074707034,428.8095703125,45.01190058038907,-2.0835927480861756,440.0596923828125,440.3951416015625,444.2767639160156
2022-12-07,431.1942757192662,443.60585875976585,428.46276575200073,437.951171875,382889.0,438.02785034179686,435.9049560546875,428.5667236328125,50.62480645807983,-1.6374538309368631,427.45648193359375,440.0596923828125,440.3951416015625
2022-12-08,438.95753375215327,441.0181364123781,434.16542093826513,435.1717529296875,70953.0,436.20684814453125,438.11412048339844,428.246630859375,49.192656767809666,-1.4909743805920357,437.951171875,427.45648193359375,440.0596923828125
2022-12-09,437.3761428573501,437.3761428573501,420.7475055250087,422.0413818359375,134041.0,432.5360961914063,438.7514709472656,427.27239379882815,43.00343735745026,-2.406657127765243,435.1717529296875,437.951171875,427.45648193359375
2022-12-12,422.0414104183847,431.0984867107992,416.1471171013396,426.4022216796875,448552.0,429.8046020507812,438.64125366210936,427.0266174316406,45.457839696048524,-2.7487728295788543,422.0413818359375,435.1717529296875,437.951171875
2022-12-13,428.5586569659995,428.5586569659995,417.6326452464758,420.2203979492188,147692.0,428.3573852539063,435.281982421875,426.87059326171874,42.653788940637575,-3.4786240863696207,426.4022216796875,422.0413818359375,435.1717529296875
2022-12-14,421.7538437535853,423.6227794801981,418.1118496566435,422.5205993652344,103504.0,425.2712707519531,431.649560546875,427.18331146240234,44.03707318318236,-3.8273105810235393,420.2203979492188,426.4022216796875,422.0413818359375
2022-12-15,424.5812035292621,435.9864263973439,418.8306680412811,421.75384521484375,243565.0,422.5876892089844,429.3972686767578,427.59064331054685,43.65901763767671,-4.118047503863011,422.5205993652344,420.2203979492188,426.4022216796875
2022-12-16,419.7891014903219,424.1978513283238,414.2781715050037,416.7221374511719,167764.0,421.5238403320312,427.02996826171875,427.89734039306643,41.161696518048515,-4.700293319100126,421.75384521484375,422.5205993652344,420.2203979492188
2022-12-19,419.0702723270376,419.4536355085788,411.1632860567162,411.7862548828125,107216.0,418.60064697265625,424.20262451171874,427.9141128540039,38.816135079069014,-5.4966498371282455,416.7221374511719,421.75384521484375,422.5205993652344
2022-12-20,412.0737863069693,412.5050589044277,405.5085860019108,409.6297912597656,651729.0,416.48252563476564,422.4199554443359,427.6649230957031,37.80260355795406,-6.229961587995831,411.7862548828125,416.7221374511719,421.75384521484375
2022-12-21,410.8757369274455,417.48884631929633,405.6044131841431,410.540283203125,307373.0,414.0864624023437,419.6788665771484,427.79191131591796,38.53238030132832,-6.660865037347833,409.6297912597656,411.7862548828125,416.7221374511719
2022-12-22,412.1216880784896,414.0385331393197,405.74818410097606,409.533935546875,104766.0,411.64248046875,417.1150848388672,427.61460266113284,38.00164638556081,-7.002838606571174,410.540283203125,409.6297912597656,411.7862548828125
2022-12-23,406.9941483883513,411.5945943853569,393.0491113555621,396.7390441894531,186672.0,407.64586181640624,414.58485107421876,426.6681610107422,31.97197417329491,-8.211637282120876,409.533935546875,410.540283203125,409.6297912597656
2022-12-26,397.6974898838589,405.9878399475822,393.4324973965087,404.2147521972656,132585.0,406.1315612792969,412.36610412597656,425.503678894043,38.14717701277016,-8.468769083912775,396.7390441894531,409.533935546875,410.540283203125
2022-12-27,406.2752896745312,407.1858027440365,400.6206028052563,401.3873291015625,89268.0,404.4830688476562,410.48279724121096,422.882389831543,36.78704392689542,-8.79926485552761,404.2147521972656,396.7390441894531,409.533935546875
2022-12-28,402.9687654477249,402.9687654477249,396.78692841424106,398.7996215820313,179937.0,402.1349365234375,408.11069946289064,419.8801300048828,35.538157409214875,-9.164350577233677,401.3873291015625,404.2147521972656,396.7390441894531
2022-12-29,398.8475380204542,405.4127383325606,398.3683267458294,401.6748962402344,165410.0,400.56312866210936,406.10280456542966,417.7500366210937,38.054594170903485,-9.116582716067114,398.7996215820313,401.3873291015625,404.2147521972656
2022-12-30,401.67490568847535,409.86940697781694,400.7164831166817,407.3775024414063,259227.0,402.6908203125,405.1683410644531,416.0991546630859,42.822089892610286,-8.52035631630116,401.6748962402344,398.7996215820313,401.3873291015625
2023-01-02,409.43816293041806,415.76372894651234,406.7066525605204,412.1217346191406,512248.0,404.27221679687506,405.20188903808594,414.70225677490237,46.51040291660742,-7.577672025197387,407.3775024414063,401.6748962402344,398.7996215820313
2023-01-03,412.16962567498393,414.9969840324362,410.2527804831482,411.8821105957031,204904.0,406.37117309570317,405.4271209716797,413.9235382080078,46.347781570853996,-6.771861781613097,412.1217346191406,407.3775024414063,401.6748962402344
2023-01-04,411.88213506346193,413.319769042741,403.6396943991808,405.0294189453125,64763.0,407.61713256835935,404.87603454589845,412.27745056152344,41.842137988121884,-6.610010220641016,411.8821105957031,412.1217346191406,407.3775024414063
2023-01-05,407.0420650460698,411.9779352847026,404.0230106415682,405.2210388183594,104751.0,408.32636108398435,404.4447448730469,410.77991485595703,42.011896215288374,-6.392589774500834,405.0294189453125,411.8821105957031,412.1217346191406
2023-01-06,405.4127387128341,407.23373570836935,400.6206259620914,402.8729248046875,70383.0,407.4254455566406,405.0581329345703,409.82149200439454,40.45362461972543,-6.336710032609915,405.2210388183594,405.0294189453125,411.8821105957031
2023-01-09,403.4000483123112,404.933530252957,398.6079355282525,401.7228088378906,161516.0,405.3456604003906,404.80893859863284,408.5875213623047,39.67734074801361,-6.312463530957075,402.8729248046875,405.2210388183594,405.0294189453125
2023-01-10,400.6206169234918,409.1505715776184,400.6206169234918,407.1378784179688,88748.0,404.3968139648438,405.3839935302734,407.9333953857422,45.026253909936585,-5.78955871522902,401.7228088378906,402.8729248046875,405.2210388183594
2023-01-11,405.9877918534359,412.5529920708062,405.9398531774242,411.546630859375,172414.0,405.70025634765625,406.6586944580078,407.3846969604492,48.9919560646711,-4.9622022264953785,407.1378784179688,401.7228088378906,402.8729248046875
2023-01-12,414.613633074582,416.4825396425112,408.8630973294386,411.64251708984375,137210.0,406.98455200195315,407.65545654296875,406.8791305541992,49.07799508792154,-4.249790096122581,411.546630859375,407.1378784179688,401.7228088378906
2023-01-13,411.1633009395583,413.55935747184014,407.4254585989461,410.7799377441406,54425.0,408.5659545898437,407.9957000732422,406.58202056884767,48.28889594715079,-3.7120115361302055,411.64251708984375,411.546630859375,407.1378784179688
2023-01-16,410.20485348171655,414.9011181508023,410.1090053764832,414.0385437011719,143371.0,411.0291015625,408.1873809814453,406.69463500976565,51.46378215696574,-2.988427157385729,410.7799377441406,411.64251708984375,411.546630859375
2023-01-17,419.7891042682982,419.7891042682982,412.1696327995501,415.9554138183594,293129.0,412.7926086425781,408.59471130371094,407.0109161376953,53.2809050445772,-2.2345474534953382,414.0385437011719,410.7799377441406,411.64251708984375
2023-01-18,416.913814556811,417.345116409295,413.27182051994686,414.0864562988281,48485.0,413.3005737304687,409.5004150390625,407.18822479248047,51.265622116492,-1.7675266619370973,415.9554138183594,414.0385437011719,410.7799377441406
2023-01-19,413.175984854104,415.6199507618029,412.7446829886341,415.0448913574219,81794.0,413.9810485839844,410.48280029296876,407.4637725830078,52.26279253663695,-1.3050280694388903,414.0864562988281,415.9554138183594,414.0385437011719
2023-01-20,416.3387464619892,416.3387464619892,404.45431278902544,406.8024597167969,566064.0,413.1855529785156,410.87575378417966,407.966943359375,43.936740162146215,-1.585315421925202,415.0448913574219,414.0864562988281,415.9554138183594
2023-01-23,407.6650477559306,409.1505910463377,396.97864190412855,400.6206359863281,124079.0,410.50197143554686,410.7655364990234,407.7872375488281,38.927733675520564,-2.2799844381621597,406.8024597167969,415.0448913574219,414.0864562988281
2023-01-24,403.01672085172805,406.3712000978185,399.5184840591241,403.783447265625,65566.0,408.067578125,410.4300933837891,407.90704345703125,42.53726957483872,-2.5459540275986114,400.6206359863281,406.8024597167969,415.0448913574219
2023-01-25,403.3042235131299,410.3486355625274,396.786961449683,402.8250122070313,52319.0,405.81528930664064,409.5579315185547,408.1083129882812,41.732346769162355,-2.8017773969014,403.783447265625,400.6206359863281,406.8024597167969
2023-01-27,400.7164709168082,424.5811863781586,400.7164709168082,421.130859375,414802.0,407.03248291015626,410.5067657470703,409.0811111450195,58.05732395529964,-1.5099842238744259,402.8250122070313,403.783447265625,400.6206359863281
2023-01-30,421.1308830236793,431.0984721768533,412.1696258972671,418.255615234375,251181.0,409.3231140136719,411.25433349609375,409.625016784668,55.43042803181746,-0.7100519630755571,421.130859375,402.8250122070313,403.783447265625
2023-01-31,410.9715504630626,426.21049139559545,410.9715504630626,424.7728576660156,269296.0,414.1535583496094,412.3277648925781,410.25757293701173,59.8634485393346,0.4446613350951907,418.255615234375,421.130859375,402.8250122070313
2023-02-01,424.7729137424138,424.7729137424138,408.335942531971,410.7799377441406,142477.0,415.5528564453125,411.8102172851562,410.2024642944336,48.670254132674046,0.2280395511752431,424.7728576660156,418.255615234375,421.130859375
2023-02-02,410.923709324745,417.8722735057465,402.5375111752604,404.5981140136719,100577.0,415.9074768066406,410.86138305664065,410.18089904785154,44.694333280807896,-0.4374140477872288,410.7799377441406,424.7728576660156,418.255615234375
2023-02-03,405.316922703441,412.1217291980872,393.2887304461081,402.4895935058594,210237.0,412.1792236328125,409.60585327148436,410.04432678222656,43.3922691547672,-1.1219971182780455,404.5981140136719,410.7799377441406,424.7728576660156
2023-02-06,397.3140768719516,412.0258696221252,397.3140768719516,406.3232727050781,215992.0,409.7927551269531,409.5579345703125,410.2168441772461,46.44708908335607,-1.3397445209382681,402.4895935058594,404.5981140136719,410.7799377441406
2023-02-07,408.14427482387055,408.431789907732,393.9116931979914,395.2534790039063,307107.0,403.8888793945313,409.02121887207034,409.89337768554685,39.77280705192115,-2.378137060199265,406.3232727050781,402.4895935058594,404.5981140136719
2023-02-08,397.2661794150748,398.7038133574695,390.6051304491509,392.9532775878906,381533.0,400.32354736328125,407.9382019042969,409.184147644043,38.533730519838336,-3.3480830422631698,395.2534790039063,406.3232727050781,402.4895935058594
2023-02-09,394.4387996781892,395.3493128254026,392.9532563840365,393.86376953125,102015.0,398.1766784667969,407.0420776367188,408.30000457763674,39.339320550005,-3.9972256020479335,392.9532775878906,395.2534790039063,406.3232727050781
2023-02-10,393.8637691864311,395.8285237671368,388.209052590769,392.6657409667969,207941.0,396.2119079589844,404.19556579589846,407.3511657714844,38.622041408906526,-4.555829879362193,393.86376953125,392.9532775878906,395.2534790039063
2023-02-13,394.69825144009263,396.2952641192459,385.2131161732845,386.2293701171875,263353.0,392.19312744140626,400.99294128417966,406.1236373901367,34.93651523215833,-5.455007202818194,392.6657409667969,393.86376953125,392.9532775878906
2023-02-14,388.1167004402165,389.47171543208674,383.2773400856004,386.9068603515625,188351.0,390.5238037109375,397.2063415527344,404.7670532226563,35.63278201653402,-6.043280731526465,386.2293701171875,392.6657409667969,393.86376953125
2023-02-15,386.7133065725888,388.5038759614701,374.5665228780806,377.1313781738281,602105.0,387.359423828125,393.84148559570315,402.8258514404297,30.552328276466568,-7.215120043336242,386.9068603515625,386.2293701171875,392.6657409667969
2023-02-16,381.82554286203344,381.82554286203344,373.0179008581737,375.4859924316406,429389.0,383.6838684082031,390.9302734375,400.8958282470703,29.782613540443123,-8.182260018708348,377.1313781738281,386.9068603515625,386.2293701171875
2023-02-17,376.74421641497617,381.1964340000066,374.5181223910172,379.35748291015625,185214.0,381.022216796875,388.6170623779297,399.11145782470703,33.99617873654482,-8.537908792936378,375.4859924316406,377.1313781738281,386.9068603515625
2023-02-20,379.3575118012132,380.3253839787521,372.630788352472,373.7438354492188,177149.0,378.5251098632813,385.35911865234374,397.4585266113281,31.083536732973045,-9.167065222130702,379.35748291015625,375.4859924316406,377.1313781738281
2023-02-21,375.4375831764908,378.6799606318152,372.8727280087074,377.61529541015625,116116.0,376.666796875,383.5953002929688,396.30825958251955,35.206440191993096,-9.24669165584487,373.7438354492188,379.35748291015625,375.4859924316406
2023-02-22,377.47015108728107,383.22900238666375,374.13098024358607,379.8898315429688,246718.0,377.21848754882814,382.28895568847656,395.1135787963867,37.56952639738737,-9.022257157067884,377.61529541015625,373.7438354492188,379.35748291015625
2023-02-23,381.8739381207431,389.0845973238032,373.1147071351396,375.29241943359375,613543.0,377.1797729492188,380.43182067871095,393.73694915771483,34.80633305462666,-9.110345542454127,379.8898315429688,377.61529541015625,373.7438354492188
2023-02-24,377.905695763806,377.905695763806,368.8076738523366,369.63037109375,184227.0,375.2343505859375,378.12828369140624,391.1619247436523,31.712798688204742,-9.527212429425674,375.29241943359375,379.8898315429688,377.61529541015625
2023-02-27,369.6303505533832,386.8100803967434,362.7584527086165,377.61529541015625,316688.0,376.008642578125,377.2668762207031,389.1299087524414,39.834155720745144,-9.108271299340458,369.63037109375,375.29241943359375,379.8898315429688
2023-02-28,377.5669275813679,392.8592955728498,371.2273473444512,386.5197448730469,357502.0,377.78953247070314,377.22816467285156,387.21725311279295,47.35349661355071,-7.965916652811245,377.61529541015625,369.63037109375,375.29241943359375
2023-03-01,384.6324157893588,390.19768107561066,381.43844926600855,382.35791015625,418321.0,378.28314819335935,377.7508178710938,385.79615173339846,44.55097232953823,-7.3121279851860095,386.5197448730469,377.61529541015625,369.63037109375
2023-03-02,383.9548970309423,383.9548970309423,373.1630988356863,374.1793823242188,315240.0,378.0605407714844,377.6201568603516,384.2752151489258,39.59212097831865,-7.368989477377454,382.35791015625,386.5197448730469,377.61529541015625
2023-03-03,375.7763702227897,377.663732770242,374.5665300095805,376.16351318359375,91579.0,379.36716918945314,377.30075988769534,382.9589111328125,41.29917768137493,-7.171283746268273,374.1793823242188,382.35791015625,386.5197448730469
2023-03-06,377.8088974439125,381.3416248632687,374.3729336092975,376.7442321777344,134246.0,379.1929565429688,377.60079956054693,381.47995910644534,41.81741392550279,-6.888336900467493,376.16351318359375,374.1793823242188,382.35791015625
2023-03-08,374.4696901804318,375.5343553426915,372.6791209807829,374.2277221679688,81031.0,376.73455200195315,377.26204223632817,380.4286712646484,40.162696736329835,-6.788902570200719,376.7442321777344,376.16351318359375,374.1793823242188
2023-03-09,374.32451528037615,378.7283212923598,372.6307391931347,374.2277221679688,84999.0,375.1085144042969,376.6958312988281,379.49239349365234,40.162696736329835,-6.633631769334158,374.2277221679688,376.7442321777344,376.16351318359375
2023-03-10,370.3562946036552,378.92196955465096,369.8239767039293,377.03460693359375,306299.0,375.6795593261719,376.87005004882815,378.6509353637695,43.07645701062404,-6.212472878299536,374.2277221679688,374.2277221679688,376.7442321777344
2023-03-13,377.470171145428,378.14769352386895,369.82398640657215,373.11474609375,97753.0,375.0698059082032,377.21848754882814,377.6733856201172,40.13706085715403,-6.1244031260714,377.03460693359375,374.2277221679688,374.2277221679688
2023-03-14,373.64699410179713,374.6148661544241,355.6929793404112,358.1610412597656,416342.0,371.3531677246094,375.27306213378904,376.2699691772461,31.34881634992324,-7.178496975030157,373.11474609375,377.03460693359375,374.2277221679688
2023-03-15,360.0000583329324,363.5811675689028,356.32212643733766,358.4030456542969,90770.0,368.188232421875,372.4613922119141,374.8447784423828,31.60979776652009,-7.903242552000734,358.1610412597656,373.11474609375,377.03460693359375
2023-03-16,357.2416285490354,358.1610894003496,343.4494499452885,346.4498596191406,380505.0,362.6326599121094,368.87058715820314,373.3107025146484,26.29303396802358,-9.334528228477268,358.4030456542969,358.1610412597656,373.11474609375
2023-03-17,346.88537086556266,349.3534625576164,339.1908050349703,340.35223388671875,459700.0,355.2961853027344,365.4878723144531,371.5540145874023,24.0689810175963,-10.835949791511382,346.4498596191406,358.4030456542969,358.1610412597656
2023-03-20,343.98174128887507,352.30544732541455,329.60883457710526,331.9801330566406,510591.0,347.0692626953125,361.0695343017578,369.1851470947266,21.393265865292193,-12.556650514903197,340.35223388671875,346.4498596191406,358.4030456542969
2023-03-21,332.94802139945654,335.6580516192576,330.7219272572709,333.9158935546875,322142.0,342.22023315429686,356.7867004394531,367.19375,23.51058047936756,-13.607262489056495,331.9801330566406,340.35223388671875,346.4498596191406
2023-03-22,351.33755866698414,363.8231023650828,342.6267101049928,354.5315246582031,4245799.0,341.4459289550781,354.81708068847655,366.03956146240233,41.56324869869877,-12.630771241300067,333.9158935546875,331.9801330566406,340.35223388671875
2023-03-23,355.257457288936,362.9520526193109,349.7889856035611,352.4022521972656,940901.0,342.63640747070315,352.63453369140626,364.66518249511716,40.50004893923263,-11.891630075510989,354.5315246582031,333.9158935546875,331.9801330566406
2023-03-24,360.04841095626125,360.04841095626125,343.6913788390577,350.9020080566406,716188.0,344.7463623046875,350.0212738037109,363.4456619262695,39.72891908255801,-11.296691314951033,352.4022521972656,354.5315246582031,333.9158935546875
2023-03-27,353.2733160105089,356.1285505163977,329.6572427106535,338.4164733886719,395276.0,346.03363037109375,346.55144653320315,361.8849670410156,33.93753743582123,-11.697831047969146,350.9020080566406,352.4022521972656,354.5315246582031
2023-03-28,339.67472722422616,358.79020130695955,339.67472722422616,353.66046142578125,2399192.0,349.9825439453125,346.1013885498047,360.6872253417969,44.56307080525269,-10.662761068906548,338.4164733886719,350.9020080566406,352.4022521972656
2023-03-29,351.724733842046,351.724733842046,341.949219207409,348.7727355957031,822366.0,348.8307861328125,345.1383575439453,358.7998748779297,42.218355008488494,-10.120199914275076,353.66046142578125,338.4164733886719,350.9020080566406
2023-03-31,349.2566717663588,352.8377810045395,343.6429955655486,347.0305480957031,406249.0,347.7564453125,345.19642639160156,357.0335067749023,41.38254977659293,-9.718764395241578,348.7727355957031,353.66046142578125,338.4164733886719
2023-04-03,349.4018437865703,353.5636821885731,344.8528328974952,348.9179077148437,203169.0,347.3596252441406,346.05299377441406,355.7704330444336,42.70585036234204,-9.142935635551794,347.0305480957031,348.7727355957031,353.66046142578125
2023-04-05,351.5311826574807,351.5311826574807,345.04642732764137,346.2078857421875,170619.0,348.91790771484375,347.47576904296875,354.2726516723633,41.26532891366491,-8.803778837197001,348.9179077148437,347.0305480957031,348.7727355957031
2023-04-06,348.04687241688805,349.6438557467855,341.99767076036926,343.6430358886719,460297.0,346.9144226074219,348.4484832763672,352.61759185791016,39.89377981439899,-8.642333142046255,346.2078857421875,348.9179077148437,347.0305480957031
2023-04-10,344.0785422567768,348.3371737218712,342.7235271820349,346.93377685546875,462421.0,346.546630859375,347.68870849609374,351.25289459228514,42.532915082441995,-8.154846971661755,343.6430358886719,346.2078857421875,348.9179077148437
2023-04-11,347.03053080744667,350.1277333527096,346.01427691387335,348.5791320800781,286955.0,346.85634765625,347.306396484375,349.9704650878906,43.86019878884199,-7.548727225133405,346.93377685546875,343.6430358886719,346.2078857421875
2023-04-12,347.9500443049247,349.885788640418,346.4982360533047,347.27252197265625,271385.0,346.5272705078125,346.9434478759766,348.48236083984375,43.01064367264373,-7.092052706079187,348.5791320800781,346.93377685546875,343.6430358886719
2023-04-13,349.40186107302407,355.93499836455567,347.07897372123585,349.11151123046875,274539.0,347.1079956054688,348.01295166015626,347.2821990966797,44.63606435457929,-6.506738168235984,347.27252197265625,348.5791320800781,346.93377685546875
2023-04-17,349.1115057248107,352.2570902970519,347.2725249605779,351.6763610839844,119421.0,348.71466064453125,347.8145416259766,346.9579650878906,46.91037168923972,-5.769404132685395,349.11151123046875,347.27252197265625,348.5791320800781
2023-04-18,350.8052938510554,357.5319879791147,348.67596317711224,350.4181213378906,182457.0,349.4115295410156,347.9790802001953,346.5587188720703,45.913927952138465,-5.226344977652502,351.6763610839844,349.11151123046875,347.27252197265625
2023-04-19,350.4665352659701,355.4994530661099,350.4665352659701,352.01513671875,218144.0,350.09873046875,348.4775390625,346.8369827270508,47.43998159120935,-4.613914555405529,350.4181213378906,351.6763610839844,349.11151123046875
2023-04-20,352.20864532749897,355.49940450443694,350.66004408626,351.2891845703125,189323.0,350.9020629882813,348.71466674804685,347.38383026123046,46.79365077140836,-4.139420640353364,352.01513671875,350.4181213378906,351.6763610839844
2023-04-21,353.95083280030985,353.95083280030985,348.2887752036204,351.2891845703125,285305.0,351.33759765625,349.22279663085936,348.3492828369141,46.793650771408366,-3.720493263713024,351.2891845703125,352.01513671875,350.4181213378906
2023-04-24,355.1122837807713,355.1122837807713,348.9662897580037,349.4502258300781,273743.0,350.8923706054687,349.803515625,349.1259994506836,44.99276409390532,-3.496572588771812,351.2891845703125,351.2891845703125,352.01513671875
2023-04-25,349.88580300669366,350.90205700970915,346.15948910044403,349.3534851074219,1276726.0,350.679443359375,350.0454864501953,348.86709747314455,44.894878612121445,-3.2890063901121493,349.4502258300781,351.2891845703125,351.2891845703125
2023-04-26,350.2245297637665,354.3379862412834,348.91789650466217,352.98297119140625,217867.0,350.8730102539063,350.4858703613281,348.89613342285156,49.347322990650376,-2.7993700922676226,349.3534851074219,349.4502258300781,351.2891845703125
2023-04-27,353.99924459343305,356.6608930490228,350.5148988896018,355.83819580078125,385351.0,351.7828125,351.3424377441406,349.14294281005857,52.59246523200627,-2.156083051416317,352.98297119140625,349.3534851074219,349.4502258300781
2023-04-28,357.144805191317,364.3554641570436,354.6767431491488,362.9036560058594,270143.0,354.1057067871094,352.7216522216797,350.36730194091797,59.50609140042988,-1.0638860309547908,355.83819580078125,352.98297119140625,349.3534851074219
2023-05-02,364.74261369515216,369.2432131379032,362.5649014289391,368.2269592285156,658527.0,357.8610534667969,354.3767120361328,351.0956268310547,63.790637613942316,0.2285989120226759,362.9036560058594,355.83819580078125,352.98297119140625
2023-05-03,370.35626610737785,370.35626610737785,364.16189035820906,366.7267456054688,320668.0,361.33570556640626,356.0075744628906,351.99332733154296,61.805906415263756,1.1189492887332335,368.2269592285156,362.9036560058594,355.83819580078125
2023-05-04,367.549439978211,373.888990590903,365.4201094854143,368.6141052246094,54235.0,364.46193237304686,357.66747131347654,353.07250518798827,63.3507894874182,1.9543242909452374,366.7267456054688,368.2269592285156,362.9036560058594
2023-05-05,369.436799144457,370.9853709031015,364.88778837637847,365.9524536132813,147673.0,366.4847839355469,359.13379821777346,353.92423248291016,59.68437714442488,2.3742233887439284,368.6141052246094,366.7267456054688,368.2269592285156
2023-05-08,367.4042884700935,369.82396894007945,365.5653372203272,367.8398132324219,174649.0,367.4720153808594,360.7888610839844,355.0058288574219,61.39073058166762,2.826706088674314,365.9524536132813,368.6141052246094,366.7267456054688
2023-05-09,368.6625100439402,369.7755571513349,365.855686609649,366.7751770019531,151663.0,367.18165893554686,362.5213562011719,356.1624359130859,59.85185157846511,3.0640739054066444,367.8398132324219,365.9524536132813,368.6141052246094
2023-05-10,367.0171325759784,378.0992510159329,366.92033945316496,372.5823974609375,331742.0,368.3527893066406,364.84424743652346,357.4448669433594,65.00486321326713,3.678381674156867,366.7751770019531,367.8398132324219,365.9524536132813
2023-05-11,375.1956349455775,377.6637266628805,371.227353203001,375.3892211914063,198217.0,369.7078125,367.0848724365234,358.7853713989258,67.1963993101038,4.341664221629287,372.5823974609375,366.7751770019531,367.8398132324219
2023-05-12,377.4701336712768,382.2611125673345,373.98578806842687,379.1639099121094,259774.0,372.3501037597656,369.4174438476563,360.3799407958985,69.92417796345819,5.112967149971439,375.3892211914063,372.5823974609375,366.7751770019531
2023-05-15,381.0028771076088,381.0028771076088,374.4213581095442,376.5506591796875,126672.0,374.09227294921874,370.7821441650391,361.7518981933594,65.84214770912666,5.4505324382517415,379.1639099121094,375.3892211914063,372.5823974609375
2023-05-16,376.8894069222178,379.7930233538791,373.59864754042434,374.4697265625,186506.0,375.6311828613281,371.4064208984375,362.8915664672852,62.70308922049773,5.486892014442105,376.5506591796875,379.1639099121094,375.3892211914063
2023-05-17,373.9373987931186,377.17977629667706,372.7275586453068,375.582763671875,131773.0,376.23125610351565,372.2920227050781,364.1497985839844,63.69995992561243,5.541639463037768,374.4697265625,376.5506591796875,379.1639099121094
2023-05-18,376.50225118001305,380.03497847775,374.56650695800784,377.4701232910156,114274.0,376.6474365234375,373.17762451171876,365.4225479125977,65.38925908665928,5.6719387788429,375.582763671875,374.4697265625,376.5506591796875
2023-05-19,378.4380088484247,381.1480390406778,376.550646350064,379.5510559082031,185247.0,376.72486572265626,374.53748474121096,366.8356414794922,67.20160105700629,5.8753879811570755,377.4701232910156,375.582763671875,374.4697265625
2023-05-22,378.0508471596653,381.14802014914176,377.2765317594619,380.0349731445313,117051.0,377.421728515625,375.7570007324219,368.2729309082032,67.62614381973265,6.006432600327912,379.5510559082031,377.4701232910156,375.582763671875
2023-05-23,380.3737500841327,382.2127012381855,378.4380058088954,379.1639099121094,168652.0,378.3605651855469,376.9958740234375,369.7586151123047,65.97081631841382,5.9711669859770495,380.0349731445313,379.5510559082031,377.4701232910156
2023-05-24,378.438036053985,381.3416526989005,375.72800566691024,376.3571166992188,105946.0,378.51543579101565,377.37334594726565,371.10879669189455,60.80593116845682,5.651586012041662,379.1639099121094,380.0349731445313,379.5510559082031
2023-05-25,377.47014321739545,378.8251583369069,369.9207521678933,371.2273559570313,165735.0,377.2668823242188,376.9571594238281,372.02101593017585,52.687246262074375,4.92758483636743,376.3571166992188,379.1639099121094,380.0349731445313
2023-05-26,372.6307629797128,395.1821713659775,364.88778608662784,388.8426208496094,1026739.0,379.12519531250007,377.92503051757814,373.67123718261723,68.32641624352341,5.709398951285664,371.2273559570313,376.3571166992188,379.1639099121094
2023-05-29,388.21348918297775,406.1191222934185,383.6644786860213,385.98736572265625,943023.0,380.315673828125,378.868701171875,374.82542266845707,64.59905030344908,6.029097362233529,388.8426208496094,371.2273559570313,376.3571166992188
2023-05-30,395.8113753031125,395.8113753031125,385.21316216733015,387.10052490234375,326569.0,381.9029968261719,380.13178100585935,375.7691009521485,65.39171676262532,6.2996646858601935,385.98736572265625,388.8426208496094,371.2273559570313
2023-05-31,386.9069093465452,388.1167495884042,377.2281874116722,379.067138671875,122569.0,382.44500122070315,380.4802185058594,376.3861206054688,55.69893339307286,5.799016653953572,387.10052490234375,385.98736572265625,388.8426208496094
2023-06-01,379.0671117591704,387.0520567885318,373.7922264014359,374.9052734375,207307.0,383.1805847167969,380.22373352050784,376.7006790161133,51.444526799474055,5.008684739558589,379.067138671875,387.10052490234375,385.98736572265625
2023-06-02,376.0183518103193,385.21313776192295,375.58279750302864,383.3257751464844,268576.0,382.07721557617185,380.60120544433596,377.56934509277346,58.37251208033309,5.004120729401052,374.9052734375,379.067138671875,387.10052490234375
2023-06-05,386.8585028365087,386.8585028365087,380.7125088930901,382.1159057617188,277136.0,381.30292358398435,380.80929870605473,378.2831497192383,57.11161849435334,4.84700412403248,383.3257751464844,374.9052734375,379.067138671875
2023-06-06,382.5998387697281,384.72916925719176,380.61571273054255,381.728759765625,130469.0,380.22857055664065,381.0657836914063,379.03082885742185,56.68963575546417,4.637787113026548,382.1159057617188,383.3257751464844,374.9052734375
2023-06-07,384.1484602680844,384.43883964279127,379.6962423566117,381.7771911621094,157237.0,380.7705810546875,381.60779113769536,379.49056854248045,56.73270496160598,4.4248818498436435,381.728759765625,382.1159057617188,383.3257751464844
2023-06-08,383.1805656718943,383.3741519103714,376.55063575507967,377.324951171875,129369.0,381.2545166015625,382.21755065917966,379.5873550415039,51.64801024377604,3.8524852843130475,381.7771911621094,381.728759765625,382.1159057617188
2023-06-09,376.5022648787047,379.5026744394025,367.985001806834,370.45306396484375,420947.0,378.6799743652344,380.37859497070315,379.1518127441406,44.95137676205088,2.8119387360080736,377.324951171875,381.7771911621094,381.728759765625
2023-06-12,370.4530408885938,372.2919919444329,362.2261281582136,363.1940002441406,292648.0,374.8955932617188,378.09925842285156,378.4839797973633,39.173310945547875,1.3855802177529313,370.45306396484375,377.324951171875,381.7771911621094
2023-06-13,364.500664322443,372.63078462502057,359.0805742750198,367.7430419921875,1209187.0,372.09844970703125,376.16351013183595,378.1476455688477,44.028749822534216,0.615159293405668,363.1940002441406,370.45306396484375,377.324951171875
2023-06-14,370.3562866000652,370.3562866000652,364.4522603495201,367.3074951171875,726028.0,369.2045104980469,374.9875457763672,377.73388214111327,43.66932303901759,-0.030201686278417128,367.7430419921875,363.1940002441406,370.45306396484375
2023-06-15,366.87192373928906,375.7279774713948,361.6938314074588,369.3883972167969,2947982.0,367.61719970703126,374.43585815429685,377.32979583740234,45.939980932828306,-0.36948431841216234,367.3074951171875,367.7430419921875,363.1940002441406
2023-06-16,371.6629187344913,391.9882346027838,370.7918396761304,390.052490234375,1700645.0,371.5370849609375,375.10852966308596,377.85486755371096,62.224274764794195,1.017324279676302,369.3883972167969,367.3074951171875,367.7430419921875
2023-06-19,392.9560723601378,403.6026654536391,389.8104880370579,402.7799682617188,1834836.0,379.45427856445315,377.17493591308596,378.9921173095703,68.51507736104327,3.107559186004721,390.052490234375,369.3883972167969,367.3074951171875
2023-06-20,406.0223482518662,408.8775827778984,398.6181325523119,400.36029052734375,1264357.0,385.97772827148435,379.0380889892578,380.051936340332,66.25606432616519,4.516771111742003,402.7799682617188,390.052490234375,369.3883972167969
2023-06-21,402.44122568873576,408.296869882617,396.82757906798537,401.76373291015625,1002044.0,392.8689758300781,381.0367431640625,381.32226715087893,66.93698540137456,5.681336871997075,400.36029052734375,402.7799682617188,390.052490234375
2023-06-22,404.37699507661097,410.61978260818745,402.10251902656455,404.32861328125,399360.0,399.8570190429688,383.737109375,382.97733001708986,68.1999356707125,6.733607205252895,401.76373291015625,400.36029052734375,402.7799682617188
2023-06-23,401.086260147343,405.0061605373784,393.9723931021238,396.7308349609375,301106.0,401.19268798828125,386.36488647460936,383.3717407226562,60.792042305007705,6.875208686322878,404.32861328125,401.76373291015625,400.36029052734375
2023-06-26,396.7307766276544,407.7645129034469,396.0048725366534,405.68359375,565167.0,401.7734130859375,390.6138458251953,384.35655212402344,65.54167349541896,7.6219802494075,396.7308349609375,404.32861328125,401.76373291015625
2023-06-27,408.442021862149,411.29725634167,401.8605034668929,404.1349792480469,306965.0,402.5283508300781,394.25303955078124,385.2082748413086,64.09529179771539,7.996661311504283,405.68359375,396.7308349609375,404.32861328125
2023-06-28,404.1350383236571,406.9418914238368,397.7954870241289,399.1989135742188,331091.0,402.01538696289066,397.4421813964844,386.2148635864258,59.58190970653825,7.8053245820552775,404.1349792480469,405.68359375,396.7308349609375
2023-06-30,401.8605426209282,414.2492947615684,399.1988941148668,411.0553283691406,463950.0,403.36072998046876,401.60887451171874,388.0223663330078,65.8097247728939,8.512278186987203,399.1989135742188,404.1349792480469,405.68359375
2023-07-03,413.1362220471176,420.9275808306665,409.45829025355806,415.3139343261719,751662.0,407.0773498535156,404.13501892089846,389.6217742919922,67.7328989675384,9.30887105138953,411.0553283691406,399.1989135742188,404.1349792480469
2023-07-04,415.2171492443777,423.831205407526,406.6998862029283,410.3294067382813,470421.0,408.0065124511719,404.8899627685547,391.03244934082034,63.248468734333564,9.42927213698539,415.3139343261719,411.0553283691406,399.1989135742188
2023-07-05,410.4261599061597,411.24885711404886,403.6026732877232,408.6356201171875,233471.0,408.906640625,405.7174957275391,392.37779235839844,61.752301519305284,9.281030497669974,410.3294067382813,415.3139343261719,411.0553283691406
2023-07-06,411.490844609128,415.7010944298685,406.8934518302179,413.2330322265625,732820.0,411.7134643554688,406.8644256591797,393.9505844116211,64.22594821371808,9.425865159379669,408.6356201171875,410.3294067382813,415.3139343261719
2023-07-07,413.1846307569354,413.1846307569354,404.0866381058085,407.5709838867188,169609.0,411.0165954589844,407.18866271972655,395.46288604736327,59.1519936832597,8.980248970824164,413.2330322265625,408.6356201171875,410.3294067382813
2023-07-10,408.44204017127726,415.7010811695819,404.28020181376127,411.6844177246094,197787.0,410.2906921386719,408.68402099609375,397.5244537353516,61.52979814784498,8.856917631008969,407.5709838867188,413.2330322265625,408.6356201171875
2023-07-11,411.0553397790627,413.2814340492592,405.5868381578517,406.45794677734375,347246.0,409.5164001464844,408.76145629882814,399.6876510620117,56.990425072074785,8.242430521331869,411.6844177246094,407.5709838867188,413.2330322265625
2023-07-12,409.02277974224046,414.68483777208087,406.457924431816,411.6360168457031,272115.0,410.1164794921875,409.5115600585938,401.8822998046875,60.12885984933837,8.080129338048437,406.45794677734375,411.6844177246094,407.5709838867188
2023-07-13,414.539589952284,414.539589952284,399.7311593038152,401.521728515625,386914.0,407.77421875,409.74384155273435,403.5930114746094,52.12744981442467,7.05405122979397,411.6360168457031,406.45794677734375,411.6844177246094
2023-07-14,401.5217488687734,406.5062843046098,398.7633074607125,400.36029052734375,123789.0,406.332080078125,408.67433776855466,405.14160614013673,51.28351916929368,6.077105507967758,401.521728515625,411.6360168457031,406.45794677734375
2023-07-17,400.69904087714406,412.7006487544477,400.69904087714406,404.9576721191406,523604.0,404.9867309570312,407.6387115478516,405.886865234375,54.42860031751846,5.609180120606595,400.36029052734375,401.521728515625,411.6360168457031
2023-07-18,405.53843695745553,407.9581173688962,396.8275874762692,399.5860290527344,490503.0,403.6123474121094,406.5643737792969,405.72716827392577,50.339340138346294,4.750142491358304,404.9576721191406,400.36029052734375,401.521728515625
2023-07-19,399.5860683818876,402.9736212913235,399.29568898166553,400.2151794433594,567144.0,401.32817993164065,405.7223297119141,405.71991271972655,50.80553323858553,4.073163268933229,399.5860290527344,404.9576721191406,400.36029052734375
2023-07-20,401.6185366853889,407.9097052880122,399.4408244767886,402.9251403808594,517418.0,401.6088623046875,404.69154052734376,405.7779830932617,52.85835540526493,3.7125278473018284,400.2151794433594,399.5860290527344,404.9576721191406
2023-07-21,402.6348371671533,409.4099426002544,400.2635384507216,407.1354370117188,239834.0,402.9638916015625,404.6479858398437,405.91832427978517,55.93490638156056,3.7235348368351993,402.9251403808594,400.2151794433594,399.5860290527344
2023-07-24,408.82919139649874,410.3294109554648,405.3448457393266,407.2322082519531,117928.0,403.418798828125,404.2027648925781,406.4433929443359,56.00597393908467,3.6974447442451606,407.1354370117188,402.9251403808594,400.2151794433594
2023-07-25,407.0386138248493,412.2651469741081,403.6994726873933,409.9422302246094,449255.0,405.4900390625,404.5511932373047,406.6563247680664,58.04656242934318,3.851051755057483,407.2322082519531,407.1354370117188,402.9251403808594
2023-07-26,412.0231916559816,423.8312143238042,408.587227754629,420.5888366699219,1021474.0,409.5647705078125,405.44647521972655,407.47901763916013,64.92887634039184,4.776814437171197,409.9422302246094,407.2322082519531,407.1354370117188
2023-07-27,421.9438696801872,440.2850289427756,418.7982852368741,435.49407958984375,982121.0,416.07855834960935,408.8437103271484,409.2937759399414,71.88307752155868,6.636712675320496,420.5888366699219,409.9422302246094,407.2322082519531
2023-07-28,435.54246903725294,438.2524992519725,430.9934581013516,435.5908508300781,611320.0,421.76964111328124,412.36676635742185,410.52055206298826,71.92200493925162,8.025985494455426,435.49407958984375,420.5888366699219,409.9422302246094
2023-07-31,437.7201527665546,449.09264982571887,435.6392336801725,448.0279846191406,1948590.0,429.9287963867188,416.6737976074219,412.15625457763673,76.4371727272092,10.015118911486809,435.5908508300781,435.49407958984375,420.5888366699219
2023-08-01,446.6729911610266,452.2866377399709,445.2211829557362,447.3988952636719,728559.0,437.4201293945313,421.4550842285156,414.0097290039063,75.77342744612903,11.40924059833742,448.0279846191406,435.5908508300781,435.49407958984375
2023-08-02,443.28546947926907,446.86660844929713,425.23465878016736,430.9450988769531,435638.0,439.4913818359375,424.528076171875,415.12520294189454,60.88233396733966,11.058927785409878,447.3988952636719,448.0279846191406,435.5908508300781
2023-08-03,433.12278865371263,442.9466851034634,428.1382529710425,435.5908508300781,1536375.0,439.5107360839844,427.7946472167969,416.2430938720703,63.088057810055396,11.029039808175696,430.9450988769531,447.3988952636719,448.0279846191406
2023-08-04,437.86535447316976,438.9784015375368,433.6551047159336,435.7360534667969,219626.0,439.53977661132814,430.6547088623047,417.6513473510742,63.15798157215394,10.891519354773948,435.5908508300781,430.9450988769531,447.3988952636719
2023-08-07,437.91377395432914,448.0764317120141,435.3005072875072,444.9308471679688,2124465.0,438.92034912109375,434.42457275390626,419.3136688232422,67.37289449748161,11.39314334773195,435.7360534667969,435.5908508300781,430.9450988769531
2023-08-08,452.28663170253446,486.646092102421,448.2699682956042,476.7254028320313,5030324.0,444.7856506347656,441.10289001464844,422.82704162597656,77.12033049395582,14.192635037949287,444.9308471679688,435.7360534667969,435.5908508300781
2023-08-09,471.35374038917,500.5834913410854,468.4501239186002,498.599365234375,2942499.0,458.31650390625,448.90394287109376,427.17520904541016,81.2668369253789,17.9691610263356,476.7254028320313,444.9308471679688,435.7360534667969
2023-08-10,498.5025209957074,500.5834696725634,482.968185365432,497.48626708984375,875837.0,470.6955871582031,455.10316162109376,431.9734359741211,80.46765687772924,20.634406766090592,498.599365234375,476.7254028320313,444.9308471679688
2023-08-11,497.4863113737539,505.3744934425438,491.0499671437539,502.9063720703125,790980.0,484.12965087890626,461.8347137451172,437.10074005126955,81.42552715285497,22.919785372419312,497.48626708984375,498.599365234375,476.7254028320313
2023-08-14,503.29348417109713,503.3418659604996,488.72702110752846,500.6318359375,347769.0,495.2698486328125,467.0950988769531,441.8844482421875,79.6600474158322,24.267685553422098,502.9063720703125,497.48626708984375,498.599365234375
2023-08-16,503.4387097112191,503.4387097112191,488.9690096200711,493.1792297363281,294078.0,498.56061401367185,471.6731323242187,446.56410827636716,73.99862179158522,24.452667986269034,500.6318359375,502.9063720703125,497.48626708984375
2023-08-17,493.1792075759678,508.1328430579464,485.8717851715983,492.7436828613281,527252.0,497.3894775390625,477.8529907226563,451.19053344726564,73.66910160018523,24.284189879681662,493.1792297363281,500.6318359375,502.9063720703125
2023-08-18,491.9693949525058,516.7953388725421,491.24349085044895,511.6171875,1199288.0,500.2156616210938,485.45562438964845,456.62513580322263,78.19942047888082,25.381027176127645,492.7436828613281,493.1792297363281,500.6318359375
2023-08-21,515.5371429950267,520.5216493034812,508.2781016071736,518.1987915039062,489428.0,503.2741455078125,493.7018981933594,462.17830352783204,79.52255140015461,26.476158400992347,511.6171875,492.7436828613281,493.1792297363281
2023-08-22,517.7631627318337,522.6025229609859,513.0689478650232,521.1990966796875,284034.0,507.38759765625,501.32872314453124,467.87664794921875,80.11503717784406,27.271785176364745,518.1987915039062,511.6171875,492.7436828613281
2023-08-23,524.5866924594355,529.0873214764625,512.9722269437284,516.45654296875,437780.0,512.0430603027344,505.3018371582031,473.2023635864258,76.35434859193666,27.20602653994223,521.1990966796875,518.1987915039062,511.6171875
2023-08-24,516.7469294887219,522.650925573848,497.4862513795516,500.0995178222656,287139.0,513.5142272949219,505.4518524169922,477.17789764404296,65.01821128763876,25.53963213744214,516.45654296875,521.1990966796875,518.1987915039062
2023-08-25,500.0995423576222,508.13286923738696,493.1792329849842,495.84088134765625,171497.0,510.3589660644531,505.2873138427734,480.1952377319336,62.4198187756306,23.603282249902747,500.0995178222656,516.45654296875,521.1990966796875
2023-08-28,497.34105525995307,507.4553305259935,491.7758202186566,497.92181396484375,171913.0,506.30357055664064,504.7888580322266,483.31178588867186,63.193856600465615,21.983216053914987,495.84088134765625,500.0995178222656,516.45654296875
2023-08-29,497.9218692131326,522.2154380038832,496.034506592714,502.2289123535156,582013.0,502.50953369140626,504.9485656738281,486.02183227539064,64.80948114527214,20.806998637306776,497.92181396484375,495.84088134765625,500.0995178222656
2023-08-30,503.2935485839844,505.7132291060227,499.4220597487229,503.2935485839844,330587.0,499.87693481445314,505.9599975585937,488.8165649414062,65.2159260712788,19.73327222800947,502.2289123535156,497.92181396484375,495.84088134765625
2023-08-31,505.1808826889801,520.7152189487199,505.1808826889801,507.69732666015625,630664.0,501.39649658203126,507.4553619384766,492.65417633056643,66.91799344265661,19.0184515290465,503.2935485839844,502.2289123535156,497.92181396484375
2023-09-01,527.4903564220816,527.4903564220816,515.440335547685,518.392333984375,1466540.0,505.906787109375,508.13287658691405,496.79425048828125,70.67141815618511,19.094835308952838,507.69732666015625,503.2935485839844,502.2289123535156
2023-09-04,521.6831416701177,521.6831416701177,505.2293134541771,506.6811218261719,358083.0,507.6586486816406,506.9811096191406,500.34150390625,62.331718469702714,18.002847439462073,518.392333984375,507.69732666015625,503.2935485839844
2023-09-05,511.0365114180628,517.8116166830749,503.5838838117034,504.6969604492188,435146.0,508.1522583007812,505.3308959960938,503.3298095703125,61.01793457177608,16.783860053643025,506.6811218261719,518.392333984375,507.69732666015625
2023-09-06,509.8749932160652,513.9400677133885,505.2292191080769,511.3751831054688,381861.0,509.7685852050781,504.8227600097656,505.0622985839844,63.78471874723492,16.170279606521035,504.6969604492188,506.6811218261719,518.392333984375
2023-09-07,514.3756418603429,521.6830644360209,509.48789954642734,512.6334838867188,222044.0,510.7558166503906,506.07615661621094,505.7640045166016,64.29888138621986,15.605654764613234,511.3751831054688,504.6969604492188,506.6811218261719
2023-09-08,515.1983371997263,524.5867089346197,512.6335114289926,522.4089965820312,729424.0,511.55914916992185,508.73296813964845,507.01014099121096,68.08928104168677,15.765255633233323,512.6334838867188,511.3751831054688,504.6969604492188
2023-09-11,522.6509116081088,564.5113781396842,522.6509116081088,549.41259765625,2330074.0,520.1054443359375,513.882046508789,509.3354522705078,75.74882332970256,17.864771434987574,522.4089965820312,512.6334838867188,511.3751831054688
2023-09-12,554.4939794779067,559.7688354466143,532.5716516067038,540.7501831054688,556808.0,527.3160888671875,517.7341735839843,511.34136962890625,69.9485691252845,18.615085259262685,549.41259765625,522.4089965820312,512.6334838867188
2023-09-13,539.1047954112963,551.1064338759969,522.6509686213644,547.1381225585938,557700.0,534.4686767578125,522.1186309814453,514.0393142700195,71.67125084908747,19.50037946247096,540.7501831054688,549.41259765625,522.4089965820312
2023-09-14,546.8477265642468,554.977875686219,540.0726219873446,542.9278564453125,130236.0,540.5275512695313,525.6416839599609,516.5485229492188,68.86906139785975,19.63589780110493,547.1381225585938,540.7501831054688,549.41259765625
2023-09-15,547.7188612158901,557.4943460852639,527.6355145470199,530.1035766601562,726845.0,542.0664672851562,526.8128082275391,517.4728424072266,61.040551904835446,18.495282752488208,542.9278564453125,547.1381225585938,540.7501831054688
2023-09-18,537.4594053449144,540.0726720243945,528.8937602516386,532.1361083984375,430441.0,538.6111694335938,529.3583068847656,518.1697082519531,61.78205217987325,17.55300531457459,530.1035766601562,542.9278564453125,547.1381225585938
2023-09-20,532.0877504477111,533.9751130826994,516.0694770967373,525.2158813476562,334226.0,535.5043090820312,531.4101989746093,518.3705474853516,57.75180420730669,16.06267860771868,532.1361083984375,530.1035766601562,542.9278564453125
2023-09-21,527.8775442861801,527.8775442861801,504.5034060179568,508.0361633300781,241268.0,527.6839172363282,531.0762969970704,517.9495285034179,49.17552663392993,13.3415314188058,525.2158813476562,532.1361083984375,530.1035766601562
2023-09-22,508.1328445958192,512.3430645356378,495.88923909158274,500.6318359375,165545.0,519.2247131347656,529.8761322021485,517.9761444091797,46.004582220495905,10.466879653511057,508.0361633300781,525.2158813476562,532.1361083984375
2023-09-25,501.4061723726457,517.8116176822856,495.5989392771434,498.4057922363281,469425.0,512.88515625,527.4758117675781,518.1043899536132,45.06377649963495,7.917802793958572,500.6318359375,508.0361633300781,525.2158813476562
2023-09-26,499.3736191864738,509.7782442068149,498.4541288814592,503.1482849121094,235719.0,507.08759155273435,522.8493804931641,518.3657135009765,47.52585499955969,6.208749937460254,498.4057922363281,500.6318359375,508.0361633300781
2023-09-27,504.2130046022066,507.5037344431621,493.2276498740976,495.550537109375,199060.0,501.15452270507814,518.3294158935547,518.0317947387696,44.11478851574455,4.192905282863535,503.1482849121094,498.4057922363281,500.6318359375
2023-09-28,496.469995363805,500.6802152830735,491.5338418472596,496.22802734375,1057804.0,498.7928955078125,513.2384063720704,517.6785186767578,44.49732862818884,2.6198022213733907,495.550537109375,503.1482849121094,498.4057922363281
2023-09-29,508.1328649569568,531.3134141350766,499.712365665682,521.1507568359375,2698010.0,502.8966796875,511.0606964111328,518.3511901855469,56.337670299164415,3.34559673700295,496.22802734375,495.550537109375,503.1482849121094
2023-10-03,521.5862957602842,527.3935283317883,514.6176048596343,517.4728393554688,332164.0,506.7100891113281,509.79762268066406,518.3052154541016,54.49027263650367,3.582717578589836,521.1507568359375,496.22802734375,495.550537109375
2023-10-04,517.7147809443866,535.2816231316759,513.117388726692,521.1990966796875,556601.0,510.32025146484375,508.70392150878905,519.0311141967774,56.06227997180265,4.024918621895097,517.4728393554688,521.1507568359375,496.22802734375
2023-10-05,523.328509690443,526.4740943364494,510.1654123426158,513.2142333984375,302251.0,513.8529907226563,507.5037567138672,519.4569778442383,51.92331217148422,3.688535261628374,521.1990966796875,517.4728393554688,521.1507568359375
2023-10-06,513.3109225658808,517.5695832527216,506.4874363686978,509.9233703613281,201476.0,516.5920593261719,507.6924774169922,519.3843872070313,50.27587839595773,3.12043346630378,513.2142333984375,521.1990966796875,517.4728393554688
2023-10-09,508.66519536861273,508.66519536861273,485.436263825652,490.8563537597656,246108.0,510.5331787109375,506.7149291992188,518.2955307006836,41.967499535089495,1.1187634024199156,509.9233703613281,513.2142333984375,521.1990966796875
2023-10-10,490.7111525319229,506.7778056912467,489.3077261782786,500.3414916992188,342458.0,507.1069091796875,506.9084991455078,517.192155456543,46.68739238894497,0.294403120730351,490.8563537597656,509.9233703613281,513.2142333984375
2023-10-11,501.3577451662056,509.9233895765176,501.3577451662056,503.1482849121094,357192.0,503.4967468261719,506.9084991455078,514.878939819336,48.0342736427031,-0.1309144860691731,500.3414916992188,490.8563537597656,509.9233703613281
2023-10-12,506.4390843637396,517.5696136904152,496.7119814191856,501.5029602050781,462689.0,501.1544921875,507.5037414550781,512.9165786743164,47.28021570244009,-0.5938996020875607,503.1482849121094,500.3414916992188,490.8563537597656
2023-10-13,499.4220208423175,502.6643688595681,492.6469159084101,493.56640625,268645.0,497.8830993652344,507.2375793457031,510.23799285888674,43.71527931808039,-1.5829845571841474,501.5029602050781,503.1482849121094,500.3414916992188
2023-10-16,495.5505476825789,497.8250236369773,480.2097679845917,483.5973205566406,376751.0,496.43129272460936,503.48223571777345,507.27146606445314,39.66920486487077,-3.135123656434587,493.56640625,501.5029602050781,503.1482849121094
2023-10-17,490.7111543439227,498.4057493481842,483.0165593396612,484.2748107910156,506494.0,493.21795654296875,500.1624328613281,504.9800277709961,40.075124580829716,-4.261414343345166,483.5973205566406,493.56640625,501.5029602050781
2023-10-18,485.87182483777326,493.2760409622408,480.83887778556414,487.0816650390625,338324.0,490.0046325683594,496.7506896972656,502.72730560302733,41.82160741012092,-4.871364094290186,484.2748107910156,483.5973205566406,493.56640625
2023-10-19,486.549318478309,491.9693786308259,483.113354786964,488.6786193847656,187472.0,487.43976440429685,494.29712829589846,500.9004425048828,42.8422868054129,-5.1663384631022495,487.0816650390625,484.2748107910156,483.5973205566406
2023-10-20,492.017818136222,504.5033630850036,488.0495363752768,493.3728332519531,563202.0,487.4010498046875,492.64207458496094,500.1672760009766,45.84963735332418,-4.964100882730918,488.6786193847656,487.0816650390625,484.2748107910156
2023-10-23,494.5826380179838,500.0995207461408,473.6282131757206,481.080810546875,365569.0,486.8977478027344,491.6645202636719,499.1897247314453,39.925742092454634,-5.729641901560399,493.3728332519531,488.6786193847656,487.0816650390625
2023-10-25,481.0324616866747,498.4057787073067,481.0324616866747,494.0503540039063,497796.0,488.8528564453125,491.0354064941406,498.9719528198242,47.61623527798969,-5.229522231403678,481.080810546875,493.3728332519531,488.6786193847656
2023-10-26,492.6469413734367,492.6469413734367,479.24190572530233,482.4842834472656,265351.0,487.9333801269531,488.96900634765626,497.93875274658205,42.402990727951746,-5.700744389145029,494.0503540039063,481.080810546875,493.3728332519531
2023-10-27,482.9198093838967,496.0344648845352,482.9198093838967,488.6302490234375,124817.0,487.9237060546875,487.6817352294922,497.59273834228514,45.798856098385876,-5.514693334129333,482.4842834472656,494.0503540039063,481.080810546875
2023-10-30,488.6302381276876,497.92181624331954,485.8717967209528,491.4854431152344,161213.0,487.5462280273438,487.4736389160156,497.35560913085936,47.35182947919061,-5.07831655909763,488.6302490234375,482.4842834472656,494.0503540039063
2023-10-31,493.5179748535156,499.85755479187264,491.5822306653966,493.5179748535156,272123.0,490.0336608886719,488.4657043457031,495.9739700317383,48.48341914745727,-4.516414086043483,491.4854431152344,488.6302490234375,482.4842834472656
2023-11-01,493.518027081983,503.0515741248163,490.953171668712,495.1634216308594,226042.0,490.2562744140625,489.5545654296875,494.85849914550784,49.43101063412615,-3.8934472877538155,493.5179748535156,491.4854431152344,488.6302490234375
2023-11-02,496.51840313791377,500.29312807800966,492.6469146144213,494.7762451171875,538039.0,492.71466674804685,490.3240234375,493.5373565673828,49.20167903916966,-3.3918839934578955,495.1634216308594,493.5179748535156,491.4854431152344
2023-11-03,495.8408911516094,505.2292628313284,489.840101537567,492.4533386230469,426479.0,493.4792846679687,490.7014953613281,492.49931182861326,47.76973949969905,-3.1455704320069344,494.7762451171875,495.1634216308594,493.5179748535156
2023-11-06,492.64688455402273,506.9713794020456,492.64688455402273,502.1320190429688,281684.0,495.6085998535156,491.5774139404298,492.1097442626953,53.80269969398073,-2.144654298431931,492.4533386230469,494.7762451171875,495.1634216308594
2023-11-07,512.0043635368347,527.7322858572006,490.5660014814202,495.550537109375,658870.0,496.0151123046875,493.0243865966798,492.3444534301758,49.606652037354,-1.8610387434853237,502.1320190429688,492.4533386230469,494.7762451171875
2023-11-08,496.9055858676493,499.3736480374293,487.0332781143012,494.1955261230469,433244.0,495.821533203125,493.0389038085938,492.0371551513672,48.7634444130624,-1.7257164501318698,495.550537109375,502.1320190429688,492.4533386230469
2023-11-09,493.61480538742177,505.03568514820654,489.84010984188205,502.1804504394531,212264.0,497.3023742675781,495.0085205078125,491.9887634277344,53.75226355455159,-0.9630544064506807,494.1955261230469,495.550537109375,502.1320190429688
2023-11-10,502.2288597289077,503.4870816526037,494.0987104040288,496.5667724609375,136261.0,498.12506103515625,495.8021728515625,491.74195404052733,50.061762414264166,-0.8023669527763673,502.1804504394531,494.1955261230469,495.550537109375
2023-11-13,501.2125578235551,501.2125578235551,490.90475510554,493.7115783691406,244416.0,496.44097290039065,496.0247863769531,491.74921264648435,48.24735456739698,-0.8950932120321227,496.5667724609375,502.1804504394531,494.1955261230469
2023-11-15,499.95493943185306,499.95493943185306,490.3948373763085,491.809326171875,308463.0,495.69273071289064,495.8539215087891,492.1598129272461,47.02451290207924,-1.1092881122334006,493.7115783691406,496.5667724609375,502.1804504394531
2023-11-16,492.2483348334636,495.7602194716146,487.85848647841584,488.7364501953125,359134.0,494.6009155273438,495.2112243652344,492.3828948974609,45.03867432887945,-1.5095928770486466,491.809326171875,493.7115783691406,496.5667724609375
2023-11-17,488.7364105029071,490.49233779409394,474.1035838411434,480.2493591308594,385172.0,490.214697265625,493.75853576660154,492.0412796020508,40.01274377999348,-2.4830515340876786,488.7364501953125,491.809326171875,493.7115783691406
2023-11-20,482.2979695199164,487.12681431365206,477.0301577807447,479.907958984375,249343.0,486.8829345703125,492.5039978027344,491.6027465820313,39.82024660795352,-3.244670134232763,480.2493591308594,488.7364501953125,491.809326171875
2023-11-21,480.3469140493189,486.10248654366353,479.9079471147398,482.0540771484375,139050.0,484.5514343261719,490.49620361328124,491.0368087768555,41.718403351018175,-3.633203256481295,479.907958984375,480.2493591308594,488.7364501953125
2023-11-22,485.22450859022473,485.6147113329717,478.5909726518438,480.4444580078125,704848.0,482.27846069335936,488.985595703125,491.00499114990237,40.681978273458334,-4.0246081896149235,482.0540771484375,479.907958984375,480.2493591308594
2023-11-23,483.7124697121763,485.7610713583163,479.9567049893466,482.8832702636719,771991.0,481.1078247070312,487.8543701171875,490.44663696289064,42.99286865958235,-4.090850869641201,480.4444580078125,482.0540771484375,479.907958984375
2023-11-24,484.2490039786108,498.3940697401428,482.8832794454028,491.3703308105469,666729.0,483.33201904296874,486.7733581542969,490.8909393310547,50.25560758429698,-3.4191005511686967,482.8832702636719,480.4444580078125,482.0540771484375
2023-11-28,491.6629965373312,495.565083811437,483.9563801250849,487.51702880859375,293417.0,484.8538330078125,485.8683837890625,490.8352783203125,47.30866056195555,-3.161222249943876,491.3703308105469,482.8832702636719,480.4444580078125
2023-11-29,487.7608789647404,493.1262486333525,483.663675673212,488.4437561035156,978275.0,486.13176879882815,485.3416015625,490.6831939697266,48.096947428808356,-2.849228557367269,487.51702880859375,491.3703308105469,482.8832702636719
2023-11-30,489.71193600587696,495.5650667151105,486.2488455778053,493.7603454589844,243273.0,488.7949462890625,485.5367034912109,490.6953125,52.48842182679896,-2.148203823346819,488.4437561035156,487.51702880859375,491.3703308105469
2023-12-01,495.0773142566319,504.9788843582148,491.27278518492994,503.1741333007813,578929.0,492.8531188964844,486.9804718017578,491.0958480834961,59.088889325504525,-0.8235295306991475,493.7603454589844,488.4437561035156,487.51702880859375
2023-12-04,506.78360792161175,507.27136885320135,491.6630190423336,496.68695068359375,756182.0,493.91644287109375,488.6242309570313,491.1913833618164,53.56629376063076,-0.29379039873435886,503.1741333007813,493.7603454589844,488.4437561035156
2023-12-05,499.9061710566209,506.2958271012143,496.7844893088504,497.3210144042969,585426.0,495.8772399902344,490.36553649902345,491.4347671508789,54.0186500108037,0.1751760031600611,496.68695068359375,503.1741333007813,493.7603454589844
2023-12-06,497.2235007058051,500.8329434724791,486.7854049636887,488.2486877441406,286677.0,495.8382263183594,490.98499755859376,490.7406005859375,46.968132493287,-0.18311485147251005,497.3210144042969,496.68695068359375,503.1741333007813
2023-12-07,492.63852008747074,494.9310023231786,480.1030587212313,488.9315490722656,1204085.0,494.8724670410156,491.8337066650391,490.409651184082,47.52332310999391,-0.4072670122433806,488.2486877441406,497.3210144042969,496.68695068359375
2023-12-08,491.6630035767986,492.24832263040753,484.151473558372,485.7611083984375,756989.0,491.3898620605469,492.1214904785156,489.98793029785156,45.159442365660034,-0.8311562288536152,488.9315490722656,488.2486877441406,497.3210144042969
2023-12-11,486.7366175162952,497.51612157554007,482.15165311511896,495.3211975097656,401284.0,491.11671142578126,492.5165771484375,489.6449676513672,52.78581847934093,-0.391163107871364,485.7611083984375,488.9315490722656,488.2486877441406
2023-12-12,497.4185303677813,497.4185303677813,482.4442656716784,483.2247009277344,296688.0,488.2974487304688,492.08734436035155,488.97786407470704,44.37664726459083,-1.0069441437552769,495.3211975097656,485.7611083984375,488.9315490722656
2023-12-13,483.2247444400058,493.614045975294,483.2247444400058,491.3215637207031,241429.0,488.9120239257812,492.3751251220703,488.85836334228514,50.10624321770313,-0.8320149417322682,483.2247009277344,495.3211975097656,485.7611083984375
2023-12-14,495.5650750266704,495.8577196588153,487.7121364349649,491.5654296875,782064.0,489.4388000488281,492.1556335449219,488.8461685180664,50.272386791541464,-0.6660268010098775,491.3215637207031,483.2247009277344,495.3211975097656
2023-12-15,494.0042515800768,498.6379802990488,483.7612723065598,486.2488708496094,475889.0,489.5363525390625,490.4631072998047,488.72178955078124,46.62703649108813,-0.9525020191245517,491.5654296875,491.3215637207031,483.2247009277344
2023-12-18,488.5412874964406,488.5412874964406,481.95651558952864,482.9320373535156,271432.0,487.0585205078125,489.0876159667969,488.8559234619141,44.46099547965398,-1.4306843974597996,486.2488708496094,491.5654296875,491.3215637207031
2023-12-19,485.2245350616233,496.05283294431376,480.93224511611936,487.8096618652344,588084.0,487.9755126953125,488.1364807128906,489.25100860595705,48.266972270456826,-1.3999263636256387,482.9320373535156,486.2488708496094,491.5654296875
2023-12-20,490.29724153418135,501.32065526212665,482.0053065910246,485.66351318359375,511757.0,486.8439025878906,487.8779632568359,489.43148040771484,46.748957153353984,-1.5310773560103712,487.8096618652344,482.9320373535156,486.2488708496094
2023-12-21,480.1030176217831,487.6633110947348,478.00565183823767,481.8101806640625,243276.0,484.8928527832031,487.16582641601565,489.49976654052733,44.06904217461447,-1.9237711566617577,485.66351318359375,487.8096618652344,482.9320373535156
2023-12-22,483.8587759363946,488.687620386726,480.2981275917813,482.6393737792969,257331.0,484.17095336914065,486.85365295410156,489.4875717163086,44.80232873881661,-2.1433674624335595,481.8101806640625,485.66351318359375,487.8096618652344
2023-12-26,485.3221045021199,500.442692682588,481.3224590938189,490.2972717285156,856701.0,485.6440002441406,486.35126037597655,489.43391876220704,51.16956071290206,-1.6801035640273199,482.6393737792969,481.8101806640625,485.66351318359375
2023-12-27,492.3946297071065,492.6385101576796,483.1271725853283,486.93170166015625,288965.0,485.468408203125,486.7219604492187,489.40465240478517,48.5205172467563,-1.5664795628769639,490.2972717285156,482.6393737792969,481.8101806640625
2023-12-28,488.73642706378985,530.4887486452457,483.858818011257,519.953125,2497121.0,492.3263305664062,489.5851165771484,490.98012084960936,66.72334597670066,1.1745813262497222,486.93170166015625,490.2972717285156,482.6393737792969
2023-12-29,519.9531427556818,560.925060196092,513.9536595997419,549.950439453125,4641172.0,505.9543823242187,495.4236175537109,493.7896255493164,75.2759094181217,5.701698773236444,519.953125,486.93170166015625,490.2972717285156
2024-01-01,555.9498863727837,574.1920960302921,553.4622582002831,558.6813354492188,2442680.0,521.1627746582031,502.6668640136719,496.56498565673826,77.11918105348428,9.880090769586957,549.950439453125,519.953125,486.93170166015625
2024-01-02,557.998462329507,560.3397384354513,539.951309264654,550.389404296875,997994.0,533.181201171875,509.4126007080078,499.25010833740237,71.65532744336237,12.379701492243385,558.6813354492188,549.950439453125,519.953125
2024-01-03,546.3897174193878,560.2909025874126,524.9282385634899,530.7326049804688,1190793.0,541.9413818359375,513.7048950195312,500.9206878662109,60.67986021528836,12.628942979144199,550.389404296875,558.6813354492188,549.950439453125
2024-01-04,536.5369133932612,555.2181770124006,536.5369133932612,545.6092529296875,1030036.0,547.072607421875,519.6994689941406,503.7887161254883,65.04377287658,13.86703921720482,530.7326049804688,550.389404296875,558.6813354492188
2024-01-05,548.4871018652789,555.2669899103885,543.9021377493767,550.9746704101562,605066.0,547.2774536132813,526.61591796875,506.8908721923828,66.48834742682493,15.107039211652022,545.6092529296875,530.7326049804688,550.389404296875
2024-01-08,551.1698137225735,554.4377879166909,538.4880303979833,541.1707153320312,602310.0,543.7753295898438,532.4690521240234,509.6613525390625,61.4881270286677,15.124307301221506,550.9746704101562,545.6092529296875,530.7326049804688
2024-01-09,544.3411943189104,545.4630682670228,532.5374037065827,537.9515380859375,316217.0,541.2877563476562,537.2344787597656,511.7928695678711,59.89531430188246,14.708679188788778,541.1707153320312,550.9746704101562,545.6092529296875
2024-01-10,538.3905182708053,540.9756153787148,527.3183098480735,534.9273681640625,444249.0,542.126708984375,542.0340454101563,514.3780029296875,58.365716476328345,13.974180027858097,537.9515380859375,541.1707153320312,550.9746704101562
2024-01-11,535.4639186777475,540.5365842044022,523.855185900013,526.0501098632812,460172.0,538.2148803710937,542.6437438964844,516.1144302368164,54.005762898694606,12.531310450110823,534.9273681640625,537.9515380859375,541.1707153320312
2024-01-12,532.1472004258445,532.1472004258445,511.173479419143,511.9051208496094,686812.0,530.4009704589844,538.8392120361328,517.1314147949219,47.86965756789858,10.129674928561712,526.0501098632812,534.9273681640625,537.9515380859375
2024-01-15,516.1973514686756,526.3427418189967,507.8078287973729,522.1480102539062,512118.0,526.5964294433594,535.1858795166015,518.9263717651368,52.112702057692374,8.949710356425157,511.9051208496094,526.0501098632812,534.9273681640625
2024-01-16,523.0747687913216,528.5864308965432,512.9293188809075,514.7340698242188,639895.0,521.9529357910156,531.6203460693359,520.5164733886719,49.003658513797276,7.331820240201523,522.1480102539062,511.9051208496094,526.0501098632812
2024-01-17,515.1730020771607,518.9775606426815,499.9548868973201,502.1498107910156,603094.0,515.3974243164063,528.7620666503906,521.2334808349609,44.185048398311,4.9768164913353985,514.7340698242188,522.1480102539062,511.9051208496094
2024-01-18,504.9300570047284,504.9300570047284,492.0044229984737,496.150390625,706123.0,509.41748046875,523.8161804199219,521.7578247070312,42.06158290306462,2.596426002583371,502.1498107910156,514.7340698242188,522.1480102539062
2024-01-19,498.0038684567955,505.7592785123886,485.8098462125057,488.1510925292969,700541.0,504.6666748046875,517.533822631836,522.074870300293,39.34638203517759,0.06373815330471189,496.150390625,502.1498107910156,514.7340698242188
2024-01-23,500.4426680890668,500.4426680890668,480.2005913583687,486.6878051757813,518113.0,497.5746337890625,512.0855316162109,522.2772918701172,38.85230399582282,-2.0380172799240768,488.1510925292969,496.150390625,502.1498107910156
2024-01-24,487.71209711150857,495.27239046149447,482.9808108028892,484.9318542480469,1035664.0,491.61419067382815,506.7835632324219,522.0090209960938,38.23188667258737,-3.8015423539832227,486.6878051757813,488.1510925292969,496.150390625
2024-01-25,485.1269504618977,492.1994830924696,479.1762916512447,480.4444580078125,1000614.0,487.2731201171875,501.33527221679685,521.6846588134765,36.622423845993545,-5.497868053917443,484.9318542480469,486.6878051757813,488.1510925292969
2024-01-29,481.8102108556852,490.1997042861376,481.8102108556852,487.3706970214844,711353.0,485.5171813964844,497.4673309326172,520.0555374145508,40.76723692824407,-6.211723902588233,480.4444580078125,484.9318542480469,486.6878051757813
2024-01-30,489.76066549376674,499.4671184738956,482.980807431506,485.809814453125,802338.0,485.04892578125,494.85780029296876,516.8485061645508,40.13029604261214,-6.824738645289472,487.3706970214844,480.4444580078125,484.9318542480469
2024-01-31,487.5657385228898,499.4671152875756,486.1024559585708,487.6145324707031,1096425.0,485.23427124023436,491.4044525146484,513.295166015625,41.272782553378185,-7.083279942068657,485.809814453125,487.3706970214844,480.4444580078125
2024-02-01,490.687431268888,496.0528007956849,483.3710182778012,486.3951416015625,1076914.0,485.5269287109375,488.5705596923828,510.0954528808594,40.70753711548634,-7.302392993869091,487.6145324707031,485.809814453125,487.3706970214844
2024-02-02,487.56574984690064,492.6872389409671,484.2002177331362,489.1753845214844,570238.0,487.2731140136719,487.2731170654297,508.01759185791013,42.63654114470043,-7.169058850028193,486.3951416015625,487.6145324707031,485.809814453125
2024-02-05,494.1993298238625,496.9795727954024,486.78535848994346,490.7850036621094,309361.0,487.9559753417969,486.7365783691406,505.27637939453126,43.77698225570728,-6.8544934343760815,489.1753845214844,486.3951416015625,487.6145324707031
2024-02-06,491.7117233091215,498.4428471612805,486.7365862296107,490.1996765136719,850786.0,488.8339477539063,486.9414367675781,502.23762969970704,43.43878086754546,-6.576617927579605,490.7850036621094,489.1753845214844,486.3951416015625
2024-02-07,491.12647247077,492.6385193844176,479.956735717096,481.0298156738281,390799.0,487.5170043945312,486.3756378173828,499.2305847167969,38.42982982191882,-7.015460854748483,490.1996765136719,490.7850036621094,489.1753845214844
2024-02-08,479.0299576483462,484.78555996063903,472.152541014928,473.76214599609375,386923.0,484.9904052734375,485.2586669921875,496.0211151123047,34.986441156417314,-7.859092514375334,481.0298156738281,490.1996765136719,490.7850036621094
2024-02-09,477.66422332129946,480.73711090791534,463.860596386109,472.6890563964844,685529.0,481.6931396484375,484.4831268310547,492.9091995239258,34.49496909622381,-8.516097771152886,473.76214599609375,481.0298156738281,490.1996765136719
2024-02-12,473.6157967792879,475.7131625307896,463.9093437218281,471.0306701660156,393865.0,477.7422729492188,482.8491241455078,490.1582275390625,33.70692134511809,-9.066088850874678,472.6890563964844,473.76214599609375,481.0298156738281
2024-02-13,471.0794643386485,471.1282582902687,456.5441956865026,458.4952392578125,357787.0,471.40138549804686,480.11766662597654,487.4877334594727,28.42147514391553,-10.393653685489141,471.0306701660156,472.6890563964844,473.76214599609375
2024-02-14,457.5684776030408,463.2752859527207,450.6910609832741,453.3249816894531,324325.0,465.86041870117185,476.68871154785154,484.04658203125,26.570821503650066,-11.727764587742968,458.4952392578125,471.0306701660156,472.6890563964844
2024-02-15,454.54439999917616,458.4952514277217,449.3741165356321,449.8618774414063,1049919.0,461.0803649902344,473.03538513183594,480.8029724121094,25.3787905795089,-12.915617461572424,453.3249816894531,458.4952392578125,471.0306701660156
2024-02-16,453.7980723781896,458.1771399014205,451.9283692898958,452.6664123535156,387468.0,457.0758361816406,469.3844879150391,478.32880249023435,28.18846949281037,-13.47536131603897,449.8618774414063,453.3249816894531,458.4952392578125
2024-02-19,454.5361434144245,475.2997622216206,449.369841651146,467.771728515625,1497677.0,456.4240478515625,467.0831604003906,476.9098693847656,41.06068117888166,-12.555359213973702,452.6664123535156,449.8618774414063,453.3249816894531
2024-02-20,468.4113621787504,470.6746823785382,458.3247729721702,459.2104187011719,489656.0,456.56708374023435,463.98423461914064,475.46283569335935,37.01130212472312,-12.374432319047287,467.771728515625,452.6664123535156,449.8618774414063
2024-02-21,462.85142910602593,469.1001999398831,458.5707731785143,460.2436828613281,697750.0,457.95082397460936,461.90562133789064,474.14062957763673,37.80846922090457,-12.009235675556283,459.2104187011719,467.771728515625,452.6664123535156
2024-02-22,461.0801066308205,464.52430770915015,452.6664274376068,454.0933227539063,276243.0,458.7971130371094,459.93873901367186,472.5987030029297,34.97137774681009,-12.076882579674646,460.2436828613281,459.2104187011719,467.771728515625
2024-02-23,454.4377354381283,458.66920065043024,448.7302140265272,451.0427551269531,448313.0,458.4723815917969,457.77410888671875,471.12861785888674,33.6236746837493,-12.235604123459723,454.0933227539063,460.2436828613281,459.2104187011719
2024-02-26,454.3885160099983,466.19720511042055,452.6664155161867,462.1133728027344,1248367.0,457.34071044921876,456.88237915039065,469.8657516479492,42.31211754983181,-11.337395328944524,451.0427551269531,454.0933227539063,460.2436828613281
2024-02-27,462.3101980684484,464.3767248093752,458.5707916085248,461.71978759765625,853538.0,457.84258422851565,457.204833984375,468.66125030517577,42.10112165482986,-10.535866513943859,462.1133728027344,451.0427551269531,454.0933227539063
2024-02-28,461.6705514390584,463.44187288601967,446.0732346889338,459.0628051757813,3324253.0,457.6064086914063,457.7786163330078,467.23366394042966,40.62822690388616,-9.999774256483818,461.71978759765625,462.1133728027344,451.0427551269531
2024-02-29,461.9165903172204,461.9165903172204,449.6650923063954,458.57080078125,864281.0,458.501904296875,458.6495086669922,465.8424468994141,40.34674432051666,-9.505049627479309,459.0628051757813,461.71978759765625,462.1133728027344
2024-03-01,458.5707870986435,459.4072419654414,444.9908058450527,447.74615478515625,561229.0,457.84258422851565,458.15748291015626,463.77098541259767,34.65754827378511,-9.872629731195786,458.57080078125,459.0628051757813,461.71978759765625
2024-03-04,452.666441267124,453.5520869938277,445.1384075435657,450.5999145507813,328773.0,455.539892578125,456.4403015136719,461.76173095703126,37.17278354196748,-9.820460888346076,447.74615478515625,458.57080078125,459.0628051757813
2024-03-05,450.5998699220015,455.6677594410818,446.81124298911874,451.6331481933594,902936.0,453.52256469726564,455.6825744628906,459.8334045410156,38.10180761167231,-9.585250582564697,450.5999145507813,447.74615478515625,458.57080078125
2024-03-06,452.0760055390781,452.4696225294244,438.6436267877933,440.0213012695313,755995.0,449.7142639160156,453.66033630371095,457.7829788208008,32.318031265372014,-10.218036558197298,451.6331481933594,450.5999145507813,447.74615478515625
2024-03-07,440.02131164001264,444.84318745526366,433.9693639315316,443.022705078125,672010.0,446.6046447753906,452.5532745361328,456.24600677490236,35.06196042645972,-10.357935961119153,440.0213012695313,451.6331481933594,450.5999145507813
2024-03-11,443.0226819980422,450.1078777152992,436.3310732288516,437.8071594238281,415629.0,444.616845703125,451.22971496582034,454.50191192626954,32.58945625980256,-10.765559523168577,443.022705078125,440.0213012695313,451.6331481933594
2024-03-12,438.1023748211867,439.77525441436063,425.11280488182246,436.72467041015625,443203.0,441.841796875,448.6908447265625,452.78661193847654,32.083754516230826,-11.048590673749004,437.8071594238281,443.022705078125,440.0213012695313
2024-03-13,436.77390238015215,442.9734522628676,426.7365044422749,430.3283081054688,1599397.0,437.58082885742186,445.55169677734375,451.3782653808595,29.200385890528977,-11.654679984990821,436.72467041015625,437.8071594238281,443.022705078125
2024-03-14,429.0490564353814,436.1342822237988,426.0968840287159,428.0158081054688,349212.0,435.1797302246094,442.4469970703125,450.11280670166025,28.213196131621842,-12.181192351519428,430.3283081054688,436.72467041015625,437.8071594238281
2024-03-15,429.4919059396496,429.98393468741824,410.4503873947937,416.3055114746094,904432.0,429.83629150390624,438.22046813964846,448.4349884033204,23.821331705100434,-13.389039750531765,428.0158081054688,430.3283081054688,436.72467041015625
2024-03-18,416.50233466252433,423.68594236194406,411.6312380509791,420.3893737792969,596980.0,426.352734375,435.4847900390625,446.8211364746095,28.02900509410628,-13.856999098665767,416.3055114746094,428.0158081054688,430.3283081054688
2024-03-19,423.1938913679926,423.1938913679926,413.9929783003855,421.3241882324219,457960.0,423.27263793945315,432.5572174072266,444.4987594604493,28.995794161070776,-13.991147302810134,420.3893737792969,416.3055114746094,428.0158081054688
2024-03-20,421.1766135228679,422.3574945451659,414.3866227222844,417.1911926269531,548534.0,420.64521484375,429.11302185058594,442.39779815673836,27.252748586800863,-14.266503553185032,421.3241882324219,420.3893737792969,416.3055114746094
2024-03-21,418.1752492757161,424.1287851758568,416.3055159890786,421.2750244140625,1159886.0,419.29705810546875,427.23839416503904,440.4493652343751,31.626453008240418,-13.993881515012049,417.1911926269531,421.3241882324219,420.3893737792969
2024-03-22,423.1447197144777,431.3616057430505,412.9105278485239,417.48638916015625,1129009.0,419.5332336425781,424.6847625732422,438.6190185546876,29.834404160189166,-13.923041630544162,421.2750244140625,417.1911926269531,421.3241882324219
2024-03-26,417.24038806720273,430.8203698173465,412.17249785042713,428.31103515625,759976.0,421.11756591796876,423.7351501464844,437.48243255615245,40.25140385243434,-12.845368631565577,417.48638916015625,421.2750244140625,417.1911926269531
2024-03-27,432.0012204939811,433.8217327824551,425.1128183448743,430.7711486816406,687739.0,423.0069580078125,423.1397979736328,435.91532135009777,42.34634305203385,-11.65840359465301,428.31103515625,417.48638916015625,421.2750244140625
2024-03-28,430.7711734842019,431.6076283709641,419.55292391595214,422.5050964355469,699523.0,424.0697387695312,422.35747680664065,433.95458679199226,37.57860825536113,-11.254986111351172,430.7711486816406,428.31103515625,417.48638916015625
2024-04-01,425.1128199844516,433.6741318437808,425.1128199844516,432.8376770019531,201226.0,426.38226928710935,422.83966369628905,432.64333038330085,45.79417412293847,-9.986404891371706,422.5050964355469,430.7711486816406,428.31103515625
2024-04-02,431.5583930162268,446.270064258332,430.033115944633,436.232666015625,1719307.0,430.13152465820315,424.83237915039064,431.52642364501963,48.20627484472655,-8.60787170777445,432.8376770019531,422.5050964355469,430.7711486816406
2024-04-03,439.3324703506681,439.3324703506681,430.5251439645726,431.3123779296875,613591.0,430.73179321289064,425.9246795654297,430.7047348022461,45.07566829765149,-7.822230551324083,436.232666015625,432.8376770019531,422.5050964355469
2024-04-04,431.6075956840079,440.7593177892432,431.6075956840079,440.0704956054688,256738.0,432.59166259765624,427.7993103027344,430.17826385498046,51.15617175613107,-6.418904240352447,431.3123779296875,436.232666015625,432.8376770019531
2024-04-05,438.9880432865815,441.1529517015238,436.92151659377913,439.4800720214844,683649.0,435.9866577148438,430.0281982421875,429.5706100463867,50.74829047057995,-5.293381470759755,440.0704956054688,431.3123779296875,436.232666015625
2024-04-08,444.793972743227,448.63179083812,440.070508938905,447.2049255371094,349927.0,438.860107421875,432.6211883544922,429.92979125976564,55.72256176647578,-3.7350105705929764,439.4800720214844,440.0704956054688,431.3123779296875
2024-04-09,447.7461516631196,451.6823815678503,441.4481898217606,450.1571044921875,627000.0,441.6449951171875,435.8882598876953,430.28651123046876,57.489578569919814,-2.2359990305063207,447.2049255371094,439.4800720214844,440.0704956054688
2024-04-10,452.4204072159666,453.65047901372617,442.9734498029633,450.74749755859375,840171.0,445.5320190429687,438.1319061279297,430.933528137207,57.851838319648536,-0.9889814364743188,450.1571044921875,447.2049255371094,439.4800720214844
2024-04-12,451.1903620348832,452.6664482792722,441.64499230874753,447.0081176757813,1214741.0,446.91954345703124,439.75560302734374,431.4477005004883,54.67388419901405,-0.2990010165713102,450.74749755859375,450.1571044921875,447.2049255371094
2024-04-15,444.74478766893776,449.2222371660587,432.0012313601309,445.23681640625,191903.0,448.0708923339844,442.0287750244141,432.19312591552733,53.18354450886615,0.10368896631393909,447.0081176757813,450.74749755859375,450.1571044921875
2024-04-16,447.5001437265074,448.5333920789309,434.7073963522477,436.3310852050781,2226836.0,445.8961242675781,442.37811584472655,432.6088897705078,46.343540164237254,-0.292423524297476,445.23681640625,447.0081176757813,450.74749755859375
2024-04-18,439.2832584804858,440.464139483462,430.2299475715234,432.2472534179688,298814.0,442.31415405273435,441.9795745849609,433.4059768676758,43.575907273260526,-0.9252113615054895,436.3310852050781,445.23681640625,447.0081176757813
2024-04-19,427.0809365233012,435.6422484153358,421.3734152826449,434.9042053222656,212160.0,439.14549560546874,442.33875732421876,434.13171844482423,45.84202378479202,-1.1984910095564487,432.2472534179688,436.3310852050781,445.23681640625
2024-04-22,438.1516067127334,441.841822378478,434.9534198024215,439.7261047363281,171098.0,437.6890930175781,442.3043182373047,435.0518142700195,49.7837046381857,-1.014288034006654,434.9042053222656,432.2472534179688,436.3310852050781
2024-04-23,441.8417842846194,441.8417842846194,431.6567839190647,433.0836791992188,383043.0,435.2584655761719,441.6646789550781,435.8464385986328,44.93226559235218,-1.388290725251295,439.7261047363281,434.9042053222656,432.2472534179688
2024-04-24,436.0358829587353,439.8737011911051,430.9679928550257,439.2340698242188,2801395.0,435.8390625,440.8675933837891,436.7443908691406,49.8094175987886,-1.174862348303293,433.0836791992188,439.7261047363281,434.9042053222656
2024-04-25,440.7101510795574,462.5070183866768,440.7101510795574,457.5867309570313,3652786.0,440.9069580078125,441.6105560302734,438.74940795898436,60.929322117855136,0.4697723091686612,439.2340698242188,433.0836791992188,439.7261047363281
2024-04-26,461.17855120763767,476.2838401611064,452.66645965724985,472.54443359375,2305492.0,448.43500366210935,443.7902496337891,440.96107788085936,67.29007966737342,2.9461572533175513,457.5867309570313,439.2340698242188,433.0836791992188
2024-04-29,475.9886160176236,480.8596825345021,466.886084309854,478.8423767089844,673970.0,456.2582580566406,446.9736755371094,443.36463928222656,69.5387420365413,5.355170466577363,472.54443359375,457.5867309570313,439.2340698242188
2024-04-30,478.8423680153912,483.07380309840767,473.3316402104729,479.1375732421875,837763.0,465.4690368652344,450.36375122070314,446.1962631225586,69.64408010881985,7.2050948389700125,478.8423767089844,472.54443359375,457.5867309570313
2024-05-02,479.2359703696923,480.613644771116,474.8077119165843,477.710693359375,397038.0,473.16436157226565,454.5017120361328,448.4399139404297,68.41258030118053,8.458531267270189,479.1375732421875,478.8423767089844,472.54443359375
2024-05-03,481.4992922644266,495.6205225019317,477.2678572946465,487.55126953125,1041482.0,479.1572692871094,460.03211364746096,451.00584411621094,72.07942334992791,10.129178063640438,477.710693359375,479.1375732421875,478.8423767089844
2024-05-06,492.1271503643634,498.4251122123668,484.3038814080372,496.4078063964844,1397350.0,483.92994384765626,466.18247375488284,454.26061553955077,74.90316650111178,12.029161508010361,487.55126953125,477.710693359375,479.1375732421875
2024-05-07,499.90117014412,523.3709156230941,496.2601456719892,517.7125854492188,3055715.0,491.7039855957031,473.9811218261719,458.1427200317383,80.11341845912088,15.080194598170635,496.4078063964844,487.55126953125,477.710693359375
2024-05-08,519.5823366674634,529.4229112255593,515.9905029289182,526.1263427734375,1174890.0,501.10173950195315,483.28538818359374,462.47503356933595,81.7268510344366,17.969933989850176,517.7125854492188,496.4078063964844,487.55126953125
2024-05-09,526.3722999658793,529.127648530456,514.8588169710148,518.0078125,966786.0,509.1611633300781,491.1627624511719,466.01517791748046,75.37243901349933,19.381557206648495,526.1263427734375,517.7125854492188,496.4078063964844
2024-05-10,520.5663780105317,527.1103839139536,512.103508177355,514.4652099609375,1701248.0,514.5439514160156,496.8506103515625,469.23058319091797,72.71558432470248,19.9840565932559,518.0078125,526.1263427734375,517.7125854492188
2024-05-13,511.51302651488896,520.566366642836,501.4756590141289,510.6274108886719,297274.0,517.3878723144531,500.6589080810547,472.2245788574219,69.8433187814596,19.92221252180451,514.4652099609375,518.0078125,526.1263427734375
2024-05-14,509.7417448853592,512.3002701591722,503.4929742459022,507.0847778320313,177027.0,515.2623107910156,503.48314819335945,475.22841186523436,67.20441523336069,19.364122221741013,510.6274108886719,514.4652099609375,518.0078125
2024-05-15,511.7098577159253,523.2725323854678,510.7258002972408,518.4998779296875,332073.0,513.7370178222657,507.41937866210935,478.8915649414063,71.00584787247223,19.61680450473233,507.0847778320313,510.6274108886719,514.4652099609375
2024-05-16,518.5982912025007,519.5823486810633,507.8720406613274,514.0223999023438,221893.0,512.9399353027344,511.05054931640626,482.77613067626953,67.69145350453111,19.23404389230518,518.4998779296875,507.0847778320313,510.6274108886719
2024-05-17,509.8401469988742,515.3017139622427,506.3959458821342,508.1672973632813,363676.0,511.68035278320315,513.1121520996094,486.57213287353517,63.51622301906463,18.247895131392283,514.0223999023438,518.4998779296875,507.0847778320313
2024-05-21,511.4638375658161,511.4638375658161,499.35994346556697,503.2961730957031,666484.0,510.2141052246094,513.8009887695313,489.99173126220705,60.19000739520536,16.878738523788797,508.1672973632813,514.0223999023438,518.4998779296875
2024-05-22,502.9025716303861,530.8006376965562,500.8852657747551,526.4215698242188,1214463.0,514.0814636230468,514.6718872070312,494.3265045166016,68.5976241641377,17.45844817396636,503.2961730957031,508.1672973632813,514.0223999023438
2024-05-23,529.4228981815409,537.2953576340545,526.5691076051651,531.6862182617188,826341.0,516.7187316894531,515.2278747558594,499.2566314697266,70.14353372091972,18.1336519271087,526.4215698242188,503.2961730957031,508.1672973632813
2024-05-24,531.3910380715758,540.0507318647664,520.6647875375126,536.114501953125,740696.0,521.1371520996094,517.0385437011719,504.10065307617185,71.41810278073346,18.809259812479354,531.6862182617188,526.4215698242188,503.2961730957031
2024-05-27,539.0667000716392,541.1824477747957,513.8256605978466,520.0744018554688,581813.0,523.5185729980469,517.599462890625,507.22503662109375,61.22291371982642,17.844679546076634,536.114501953125,531.6862182617188,526.4215698242188
2024-05-28,522.6329042227604,526.4707524241512,515.6461201313182,523.8629760742188,210139.0,527.63193359375,518.9230194091797,509.7909637451172,62.58161934164555,17.18781853946672,520.0744018554688,536.114501953125,531.6862182617188
2024-05-29,523.3709337663499,529.9149398713095,506.78958966336927,515.4984741210938,651758.0,525.447314453125,519.7643890380859,511.62376861572267,57.76887205268131,15.810057554671687,523.8629760742188,520.0744018554688,536.114501953125
2024-05-30,515.8921123890848,609.1315547331302,515.8921123890848,602.0955200195312,15603578.0,539.5291748046875,528.1239532470703,517.7716659545898,77.26356271647137,21.45847004503895,515.4984741210938,523.8629760742188,520.0744018554688
2024-05-31,597.0277446798033,635.8980190169742,583.5953347131276,615.5280151367188,10243411.0,555.4118774414062,538.2745147705078,524.6625320434571,78.89129701221874,26.71086154917589,602.0955200195312,515.4984741210938,523.8629760742188
2024-06-03,629.7968080758534,639.5390014756184,607.7047049051467,623.9908447265625,1939673.0,576.195166015625,549.8568695068359,531.4845108032226,79.86913547221644,31.196683332528096,615.5280151367188,602.0955200195312,515.4984741210938
2024-06-04,619.9561772709285,652.922100982954,594.3214933819074,618.3324584960938,2971089.0,595.0890625,561.360498046875,537.5807434082031,77.2910549575524,33.90431707223911,623.9908447265625,615.5280151367188,602.0955200195312
2024-06-05,620.5958942237586,733.1228467425562,620.5958942237586,687.856201171875,8431074.0,629.5606079101562,577.5039611816406,546.087924194336,84.08749274890046,41.18536210088155,618.3324584960938,623.9908447265625,615.5280151367188
2024-06-06,688.9878438965065,699.8616666474686,665.4196560847201,696.2206420898438,2688323.0,648.3856323242187,593.9574035644531,554.5926391601563,84.68149649631954,47.087784551526056,687.856201171875,618.3324584960938,623.9908447265625
2024-06-07,696.2206266461957,749.8517561899663,686.9704628468344,710.7354736328125,2789719.0,667.4271240234375,611.4195007324219,564.2290222167969,85.68043802659233,52.33345497581183,696.2206420898438,687.856201171875,618.3324584960938
2024-06-10,709.5054638655204,727.9565421560593,686.8721411624595,720.5761108398438,625565.0,686.7441772460937,631.4696716308594,574.5345672607422,86.33123984303492,56.63192616832521,710.7354736328125,696.2206420898438,687.856201171875
2024-06-11,718.3619298212102,742.86498405502,691.0051450541375,704.339111328125,739817.0,703.9455078125,649.51728515625,584.2201522827148,79.88025934193618,58.05903695732741,720.5761108398438,710.7354736328125,696.2206420898438
2024-06-12,702.5186231449111,708.2261442252163,690.8083157056874,705.0771484375,301701.0,707.389697265625,668.4751525878906,594.1197708129882,79.95358426044123,58.57437700920423,704.339111328125,720.5761108398438,710.7354736328125
2024-06-13,707.389712500119,712.4084418061817,687.8561950767856,695.1382446289062,372730.0,707.1732177734375,677.7794250488281,602.9516891479492,75.93989124261545,57.5177721647276,705.0771484375,704.339111328125,720.5761108398438
2024-06-14,703.6010733590999,708.4721697255444,691.5463696546958,698.6807861328125,242862.0,704.7622802734375,686.0947021484375,612.1846084594727,76.39474938567933,56.31707057276003,695.1382446289062,705.0771484375,704.339111328125
2024-06-18,700.6488968968976,736.8621986566768,698.9267963778392,728.891357421875,844551.0,706.4253295898437,696.5847534179687,623.2208114624024,79.88685278558215,57.14452007706677,698.6807861328125,695.1382446289062,705.0771484375
2024-06-19,736.9606455505296,737.0590272703186,702.6170166502102,707.6849365234375,531341.0,707.0944946289062,705.5200012207031,633.4402496337891,71.85145854054068,55.449906824131745,728.891357421875,698.6807861328125,695.1382446289062
2024-06-20,711.4735415682188,721.068101776089,686.4784581300553,697.155517578125,439537.0,705.5101684570312,706.4499328613281,641.9769470214844,68.18423357120568,52.65035695996528,707.6849365234375,728.891357421875,698.6807861328125
2024-06-21,693.5637509780638,709.8007005940442,684.9532473938317,689.87353515625,818858.0,704.4572265625,705.8152221679687,649.8863128662109,65.68726515510207,49.27607448618153,697.155517578125,707.6849365234375,728.891357421875
2024-06-24,693.1208265883068,720.9204489774903,691.8415639421094,709.1610107421875,750175.0,706.553271484375,705.6577758789062,658.5386383056641,68.93249803052949,47.60945721601331,689.87353515625,697.155517578125,707.6849365234375
2024-06-25,709.1610601270065,715.3114194909676,688.889439626129,700.00927734375,395260.0,700.77685546875,703.6010925292969,667.5353820800781,65.75467420303248,45.031092220809455,709.1610107421875,689.87353515625,697.155517578125
2024-06-26,706.4056005661163,713.4416352001713,689.3322282175448,693.6128540039062,478867.0,697.9624389648437,702.528466796875,676.0228759765625,63.54953161659639,41.98757485306044,700.00927734375,709.1610107421875,689.87353515625
2024-06-27,700.6489104133435,704.978787255345,670.1923200620288,675.8998413085938,594094.0,693.7113037109375,699.6107360839844,684.0429443359375,57.771697211574164,37.711557955590365,693.6128540039062,700.00927734375,709.1610107421875
2024-06-28,683.8215487951702,700.1076876461103,672.5540789346853,678.310791015625,462892.0,691.3987548828125,697.9279907226562,687.8537078857422,58.32707325187428,34.123967394821875,675.8998413085938,693.6128540039062,700.00927734375
2024-07-01,688.3973942388122,762.6445426984566,679.098039092843,709.6038208007812,10549063.0,691.4873168945312,699.0202941894531,692.5574981689454,64.79835888855486,33.42061001645652,678.310791015625,675.8998413085938,693.6128540039062
2024-07-02,723.2822254413542,733.2211816572728,702.5678281401136,711.8179321289062,1622683.0,693.8490478515625,697.3129516601563,696.9488525390625,65.21000822234231,32.66530915626038,709.6038208007812,678.310791015625,675.8998413085938
2024-07-03,718.4111719294987,742.963418774261,704.0439563330101,724.6599731445312,2317705.0,700.0584716796875,699.0104553222657,702.2652282714844,67.57822053861284,32.72573130799424,711.8179321289062,709.6038208007812,678.310791015625
2024-07-04,729.186548259203,732.8275727258185,720.3300314787269,727.07080078125,562535.0,710.2926635742188,702.0019836425781,704.2259582519531,68.01835352609048,32.5924445282875,724.6599731445312,711.8179321289062,709.6038208007812
2024-07-05,725.9391323780097,725.9391323780097,709.0625244921578,712.6543579101562,1093971.0,717.161376953125,704.2800659179687,705.0476440429687,62.55006437967084,30.966564064119098,727.07080078125,724.6599731445312,711.8179321289062
2024-07-08,718.1650824906867,757.6258204868033,709.3577566994198,737.551025390625,2202935.0,722.7508178710938,707.1190673828125,706.3884216308594,67.42118053377837,31.325889720957548,712.6543579101562,727.07080078125,724.6599731445312
2024-07-09,757.7242719001771,775.1912924537202,752.8039844203058,764.661865234375,3596818.0,733.3196044921875,713.584326171875,708.5927093505859,71.73285352553087,33.41311055392555,737.551025390625,712.6543579101562,727.07080078125
2024-07-10,777.4053735042323,793.199483320601,748.1296648184716,757.4782104492188,1403456.0,739.883251953125,719.9708618164062,711.2496643066406,69.12239721233784,34.094566260096826,764.661865234375,737.551025390625,712.6543579101562
2024-07-11,766.8759798587051,766.8759798587051,749.5565922873291,753.0007934570312,555675.0,745.0692504882812,727.68095703125,713.6458465576172,67.47422347370983,33.88275537227753,757.4782104492188,764.661865234375,737.551025390625
2024-07-12,753.7880280284505,757.1830383394324,740.9952808164794,751.3770751953125,443959.0,752.8137939453125,734.9875854492187,716.4577880859375,66.8516875910539,33.20115102194279,753.0007934570312,757.4782104492188,764.661865234375
2024-07-15,762.5461671319845,772.4851236793235,745.5219246368857,751.42626953125,806893.0,755.5888427734375,739.1698303222656,719.0950622558594,66.86166335835452,32.292694158627796,751.3770751953125,753.0007934570312,757.4782104492188
2024-07-16,759.6924099721592,771.4519094187347,754.870504070551,760.873291015625,593276.0,754.8311279296875,744.0753662109375,720.6941589355469,68.80325819865982,31.96654084670854,751.42626953125,751.3770751953125,753.0007934570312
2024-07-18,766.5807809016001,799.7435301622669,759.5447458582142,779.275146484375,2796690.0,759.1905151367188,749.5368835449219,724.2736694335938,72.21789451787485,32.814670843746626,760.873291015625,751.42626953125,751.3770751953125
2024-07-19,786.0650148959351,801.0226989276417,772.5834169187633,787.049072265625,1539748.0,766.0001708984375,755.5347106933593,728.7683471679687,73.53572247625256,33.7253460223377,779.275146484375,760.873291015625,751.42626953125
2024-07-22,787.0491203840371,831.1841321502052,774.6008299336556,787.6887817382812,2181405.0,773.2625122070312,763.0381530761719,733.6591094970703,73.6465018504883,34.10553449885515,787.049072265625,779.275146484375,760.873291015625
2024-07-23,789.3124613611355,804.2701467033984,698.7299845569754,787.1475830078125,1019791.0,780.4067749023437,767.9978088378906,737.5584381103515,73.36669618822168,33.971563355247554,787.6887817382812,787.049072265625,779.275146484375
2024-07-24,795.4628591146618,795.4628591146618,777.7498240475361,786.8523559570312,525666.0,785.602587890625,770.2168579101562,741.9005920410157,73.20330856756628,33.45590900956381,787.1475830078125,787.6887817382812,787.049072265625
2024-07-25,777.4054346761446,802.0068724823518,771.5994713290382,793.4947509765625,493459.0,788.4465087890625,773.8185119628906,746.8946868896485,74.57523363389112,33.20052006211529,786.8523559570312,787.1475830078125,787.6887817382812
2024-07-26,793.1503477189268,799.054692739167,777.503809390449,784.3922119140625,472198.0,787.91513671875,776.9576538085937,752.3193054199219,69.33641757279487,31.89594702921852,793.4947509765625,786.8523559570312,787.1475830078125
2024-07-29,791.0838318756206,804.1717843418858,782.3748871438956,785.7698974609375,851464.0,787.5313598632813,780.3969360351563,757.6922607421875,69.68354519679794,30.62025991568305,784.3922119140625,793.4947509765625,786.8523559570312
2024-07-30,792.1662461256277,794.3311845249749,781.6860102731629,783.8017578125,351674.0,786.8621948242187,783.6344848632813,761.4021575927734,68.49068840853934,29.114838530950124,785.7698974609375,784.3922119140625,793.4947509765625
2024-07-31,786.6062736085626,809.8300647270104,786.2618775368588,803.9257202148438,609913.0,790.2768676757812,787.9397277832031,766.0075469970703,73.48806197154155,29.208914634483563,783.8017578125,785.7698974609375,784.3922119140625
2024-08-01,807.7635442033713,835.9568145335517,804.9590044596177,810.9617309570312,4419545.0,793.770263671875,791.1083862304688,770.3226348876954,74.98206682445796,29.51103306956918,803.9257202148438,783.8017578125,785.7698974609375
2024-08-02,810.8632893958534,810.8632893958534,763.530152959599,766.8267211914062,2271759.0,790.2571655273438,789.0861511230469,772.3104309082031,54.3083502152183,25.89068595826666,810.9617309570312,803.9257202148438,783.8017578125
2024-08-05,756.6910353711185,768.1552693411762,724.6107244635868,737.797119140625,1774170.0,780.6626098632812,784.0969848632812,773.5675689697266,45.43488718389116,20.443429386006983,766.8267211914062,810.9617309570312,803.9257202148438
2024-08-06,737.9939121347747,773.5675536619157,737.9939121347747,761.1192626953125,2258661.0,776.1261108398437,781.4941528320312,774.745980834961,52.19306344859857,17.803118117106123,737.797119140625,766.8267211914062,810.9617309570312
2024-08-07,762.4477168786926,787.7380059077645,746.7027973352521,777.5037841796875,871214.0,770.8417236328125,780.5592956542969,775.3880767822266,56.289016903589186,16.838640995015908,761.1192626953125,737.797119140625,766.8267211914062
2024-08-08,775.3881319671759,780.1607868963041,762.6445751188974,765.6951293945312,286995.0,761.7884033203125,777.7793334960937,775.7989227294922,52.779247077786174,14.949102229946789,777.5037841796875,761.1192626953125,737.797119140625
2024-08-09,766.6791462720469,788.2300287611432,766.6791462720469,784.7858276367188,432303.0,765.380224609375,777.8186950683594,777.3881744384765,57.40343640066497,14.821238929284277,765.6951293945312,777.5037841796875,761.1192626953125
2024-08-12,787.491966517943,806.139867022103,787.491966517943,795.1676025390625,644939.0,776.8543212890625,778.7584655761718,779.5777008056641,59.71386615563259,15.380333897564242,784.7858276367188,765.6951293945312,777.5037841796875
2024-08-13,802.9416593227709,828.5763429564505,792.4614238341713,803.8765258789062,752959.0,785.4057739257812,780.7659423828125,782.2002136230469,61.59567656197794,16.337825732898636,795.1676025390625,784.7858276367188,765.6951293945312
2024-08-14,804.9589997544641,806.8779238078638,783.6049409270418,792.06787109375,200641.0,788.3185913085938,779.5801574707032,783.7599426269531,57.662576795118774,15.959810398998343,803.8765258789062,795.1676025390625,784.7858276367188
2024-08-16,796.5945939812603,814.2092483115565,786.5080040018806,811.2078247070312,241250.0,797.4211303710938,779.6047668457031,785.356576538086,61.90819927688993,17.00860026439227,792.06787109375,803.8765258789062,795.1676025390625
2024-08-19,812.6838212029091,815.2915974707153,788.2300175908786,791.1821899414062,268305.0,798.7004028320313,782.0403137207031,785.563232421875,55.623228811867286,16.038984989430105,811.2078247070312,792.06787109375,803.8765258789062
2024-08-20,802.0067962398374,806.7302598371738,781.7352374394734,786.75390625,260193.0,797.0176635742188,786.9359924316407,785.516488647461,54.31021168027203,14.743281046604807,791.1821899414062,811.2078247070312,792.06787109375
2024-08-21,783.3097675492611,803.9749749846059,783.3097675492611,799.0546875,247983.0,796.0532958984375,790.7295349121093,786.1118438720703,57.32378676794644,14.541372689159289,786.75390625,791.1821899414062,811.2078247070312
2024-08-22,804.9589855364698,807.9111578550632,792.2154296821217,796.7913208007812,145923.0,796.9979858398438,792.6582885742188,786.6087921142578,56.58424063090106,14.036915262856496,799.0546875,786.75390625,791.1821899414062
2024-08-23,797.1848630484266,819.6214194616024,790.8377409689558,796.2008056640625,661713.0,793.99658203125,795.7088562011719,786.7440948486328,56.37987150908898,13.434613618660478,796.7913208007812,799.0546875,786.75390625
2024-08-26,802.9909417459867,814.7996320657805,793.1995573434032,805.106689453125,425809.0,796.7814819335938,797.7409423828125,787.779818725586,58.7968925463691,13.520064728247917,796.2008056640625,796.7913208007812,799.0546875
2024-08-27,807.7144080921204,841.9595981016755,801.6624903237755,820.7039794921875,1097883.0,803.5714965820313,800.294580078125,789.5265228271485,62.69551635458986,14.677167056787312,805.106689453125,796.2008056640625,796.7913208007812
2024-08-28,821.63884059096,829.1176537386397,813.1759098584754,826.3623046875,543477.0,809.0330200195312,802.5431579589844,791.6545501708985,64.02536198687831,15.867843916017819,820.7039794921875,805.106689453125,796.2008056640625
2024-08-29,826.5099284241176,828.0843964186101,797.1849665143338,800.0387573242188,597368.0,809.6825073242187,803.3402465820312,791.4602020263671,54.323233815575925,14.519996150925067,826.3623046875,820.7039794921875,805.106689453125
2024-08-30,805.6970415325018,812.7822672231314,794.2327481533365,800.2355346679688,471207.0,810.489453125,802.243017578125,790.9238922119141,54.37888779161157,13.314217363519901,800.0387573242188,826.3623046875,820.7039794921875
2024-09-02,805.7462690302422,806.9271500427254,777.4054250411623,798.2674560546875,686704.0,809.1216064453125,802.9515441894531,792.4959289550782,53.67448548564711,12.060792186419121,800.2355346679688,800.0387573242188,826.3623046875
2024-09-03,797.0865384800936,826.4114386241016,795.3644379339946,809.2396240234375,604137.0,806.8287353515625,805.2001159667968,796.0680541992188,57.01734678244591,11.816591647036262,798.2674560546875,800.2355346679688,800.0387573242188
2024-09-04,796.9881776509903,824.3449636022777,788.2300420478401,811.1585693359375,390023.0,803.78798828125,806.4105041503906,798.57001953125,57.59369292843492,11.643682683593397,809.2396240234375,798.2674560546875,800.2355346679688
2024-09-05,815.8819941229268,827.3462872485039,807.4683150785821,822.0816040039062,419885.0,808.1965576171875,808.9395324707032,800.7989105224609,60.81461137777311,12.246874350322514,811.1585693359375,809.2396240234375,798.2674560546875
2024-09-06,825.6241712848615,846.289377002361,811.9950001103023,819.4246215820312,920625.0,812.034375,811.2619140625,803.485385131836,59.62821145261576,12.367941880626745,822.0816040039062,811.1585693359375,809.2396240234375
2024-09-09,823.6561091428986,826.6082815771025,808.1572038633279,814.4059448242188,247514.0,815.2620727539063,812.1918395996094,804.9663909912109,57.35228044578941,11.921499869494028,819.4246215820312,822.0816040039062,811.1585693359375
2024-09-10,824.7877732088671,833.2506432280319,799.0546469455705,811.6013793945312,410689.0,815.734423828125,811.2815795898438,805.7880798339844,56.06445805029591,11.212139799491979,814.4059448242188,819.4246215820312,822.0816040039062
2024-09-11,812.093474329543,813.8155750021594,797.7754493210675,801.0228271484375,222181.0,813.707275390625,808.7476318359375,805.645394897461,51.37816726845587,9.684726576303433,811.6013793945312,814.4059448242188,819.4246215820312
2024-09-12,806.9271004155321,810.2729197347778,792.2154296821217,796.7913208007812,242476.0,808.64921875,808.4228881835937,805.8815673828125,49.59245827535171,8.040111988222407,801.0228271484375,811.6013793945312,814.4059448242188
2024-09-13,794.1343506143519,796.102465485763,773.665967964097,775.4864501953125,520247.0,799.8615844726562,805.9479797363281,804.0954986572266,41.728618261188885,4.960437239993553,796.7913208007812,801.0228271484375,811.6013793945312
2024-09-16,777.1593328633097,777.1593328633097,722.8885431437427,739.9619750976562,1854200.0,784.9727905273437,800.117431640625,801.5344879150391,32.48013838616335,-0.34280380689324375,775.4864501953125,796.7913208007812,801.0228271484375
2024-09-17,743.8983121169105,748.0313658125632,732.5816503652052,734.844970703125,645796.0,769.6215087890625,792.6779663085938,798.9390411376953,31.400578342339244,-4.902052227728404,739.9619750976562,775.4864501953125,796.7913208007812
2024-09-18,740.0112365021395,741.3396900960189,713.8353311507083,732.7291870117188,1370001.0,755.9627807617187,784.8350280761719,795.6227661132813,30.942619793039697,-8.587029578663305,734.844970703125,739.9619750976562,775.4864501953125
2024-09-19,732.7291952079306,756.7402223878615,730.2198605791432,735.2877807617188,679895.0,743.6620727539063,776.1556457519531,792.5475891113281,32.22980782717511,-11.17215786411191,732.7291870117188,734.844970703125,739.9619750976562
2024-09-20,743.8490569292851,755.4117320670377,725.93919917158,735.6321411132812,1538498.0,735.6912109375,767.7763977050781,789.519155883789,32.41240555783243,-13.042754893166489,735.2877807617188,732.7291870117188,734.844970703125
2024-09-23,743.2586157094876,753.7880429431772,728.202548012991,751.5739135742188,408945.0,738.0135986328125,761.4931945800781,786.8425170898438,40.41615250136464,-13.087978638212235,735.6321411132812,735.2877807617188,732.7291870117188
2024-09-24,752.3611253413434,759.6431746312652,743.7014316331265,748.8185424804688,488122.0,740.8083129882813,755.2149108886719,783.2482452392578,39.544505414667306,-13.194061276274283,751.5739135742188,735.6321411132812,735.2877807617188
2024-09-25,747.9328585329607,748.8185342695184,727.2676519262204,730.7118530273438,599698.0,740.4048461914062,748.1838134765625,778.46572265625,34.308175757082736,-14.571223057042062,748.8185424804688,751.5739135742188,735.6321411132812
2024-09-26,737.0590136159586,737.6986749690363,724.3154579101788,730.4166259765625,293359.0,739.430615234375,741.5463439941407,774.9846160888671,34.2285906823701,-15.507693014035794,730.7118530273438,748.8185424804688,751.5739135742188
2024-09-27,730.4166449926163,746.6044021180422,728.2025157218404,739.6668090820312,728555.0,740.237548828125,737.9643798828125,771.9561798095704,39.00301726766995,-15.326762356383483,730.4166259765625,730.7118530273438,748.8185424804688
2024-09-30,745.9155798248142,760.9716474579342,728.2025449477079,753.98486328125,903366.0,740.7197387695312,739.3666687011719,769.7420501708984,45.58722200280241,-13.868162647386157,739.6668090820312,730.4166259765625,730.7118530273438
2024-10-01,748.8676856010486,756.1989252845954,735.6321014843793,741.6348876953125,469816.0,739.2830078125,740.0456604003906,766.3618133544921,41.432839747518585,-13.552526595655308,753.98486328125,739.6668090820312,730.4166259765625
2024-10-03,726.7264499774495,747.6376714561507,724.3646879973671,732.5816040039062,257834.0,739.6569580078125,740.0309020996094,762.4329650878906,38.65209527958262,-13.872987914033502,741.6348876953125,753.98486328125,739.6668090820312
2024-10-04,728.3008611800941,738.633463929252,713.5400001098684,731.0070190429688,394993.0,739.7750366210937,739.6028259277343,757.8792358398438,38.172241742779505,-14.091572785270387,732.5816040039062,741.6348876953125,753.98486328125
2024-10-07,732.0895745007857,743.1110302928549,716.0494495838959,721.1173095703125,572410.0,736.06513671875,738.1513427734375,752.9638702392579,35.21513416649965,-14.891163707445457,731.0070190429688,732.5816040039062,741.6348876953125
2024-10-08,721.1172673560558,731.5975029328525,713.9828510413431,727.9072875976562,185043.0,730.8496215820312,735.7846801757812,748.6389373779297,38.72486074069746,-14.80627329149877,721.1173095703125,731.0070190429688,732.5816040039062
2024-10-09,730.0722234499688,748.8185052764071,730.0722234499688,741.782470703125,447675.0,730.8791381835938,735.0810729980469,745.1479919433593,45.25200185000256,-13.464179033651249,727.9072875976562,721.1173095703125,731.0070190429688
2024-10-10,744.7838929632401,746.2107883470456,730.1706631501041,731.1055297851562,247457.0,730.5839233398438,735.1204406738282,741.6521270751953,41.581451855726094,-13.110964528410477,741.782470703125,727.9072875976562,721.1173095703125
2024-10-11,732.5324084889048,736.0258005130877,717.2795176248626,718.6079711914062,482566.0,728.1041137695313,733.9395751953125,737.7429595947266,37.72421277199419,-13.681773057100145,731.1055297851562,741.782470703125,727.9072875976562
2024-10-14,718.3619691495325,722.8886095878254,699.5664950774474,713.0480346679688,376562.0,726.4902587890625,731.2776977539063,734.6210388183594,36.11896689017661,-14.416597774529123,718.6079711914062,731.1055297851562,741.782470703125
2024-10-15,717.3286820694508,730.3674431343464,709.5546042776166,726.4312133789062,227990.0,726.1950439453125,728.5223327636719,733.9445007324218,42.46533283883905,-13.760419433471043,713.0480346679688,718.6079711914062,731.1055297851562
2024-10-16,725.102738947011,734.4512851209033,703.2567106745447,726.1360473632812,1899460.0,723.0657592773438,726.9724487304687,733.5090545654297,42.36536601318271,-13.113051703877318,726.4312133789062,713.0480346679688,718.6079711914062
2024-10-17,727.021629432073,727.021629432073,700.6489018793707,703.60107421875,266069.0,717.5648681640625,724.0743957519531,732.0526489257812,35.49521138991028,-14.254079953430278,726.1360473632812,726.4312133789062,713.0480346679688
2024-10-18,700.6489002698488,703.6010726024465,681.0169422456544,689.6766357421875,354043.0,711.7786010742187,719.941357421875,729.7720916748046,32.03799755788309,-16.096389714561724,703.60107421875,726.1360473632812,726.4312133789062
2024-10-21,679.9837588020739,695.5318558910606,677.0807770523646,683.1819458007812,335377.0,705.8053833007813,716.1478210449219,727.1495819091797,30.543678845434215,-17.874455081548263,689.6766357421875,703.60107421875,726.1360473632812
2024-10-22,681.0661268121628,691.2019664434362,652.2332559759709,655.234619140625,309440.0,691.566064453125,708.8805541992188,722.3326171875,25.11517025392004,-21.29324511596269,683.1819458007812,689.6766357421875,703.60107421875
2024-10-23,649.4779548158524,665.7149036862487,641.1626568667741,655.8743286132812,616861.0,677.513720703125,700.2897399902344,717.6854064941406,25.441819514715206,-23.67809529763133,655.234619140625,683.1819458007812,689.6766357421875
2024-10-24,657.3503733420615,669.1590626835357,621.924305317639,628.3206787109375,879958.0,662.4576416015625,690.0112548828125,712.5658477783203,21.16035933622065,-27.474743776360697,655.8743286132812,655.234619140625,683.1819458007812
2024-10-25,629.7967902788536,647.5098250054464,622.4163591427733,635.2091064453125,528436.0,651.5641357421875,681.6713684082031,707.8054718017578,24.57755617513007,-29.58671921790676,628.3206787109375,655.8743286132812,655.234619140625
2024-10-28,629.7967552681993,645.3940415105486,624.8764681176665,642.0974731445312,247943.0,643.3472412109375,674.5763122558594,702.9270050048829,27.94107582312762,-30.354730904446342,635.2091064453125,628.3206787109375,655.8743286132812
2024-10-29,642.2451053142777,648.4938459660457,638.1612429574819,639.6373291015625,239977.0,640.227783203125,665.896923828125,697.2096282958985,27.46990382903499,-30.806777409813208,642.0974731445312,635.2091064453125,628.3206787109375
2024-10-30,644.5576340700668,664.1404014811579,635.2090882324093,657.05517578125,262378.0,640.4639526367188,658.9888366699219,692.9806427001953,35.73300295771463,-29.42041265854641,639.6373291015625,642.0974731445312,635.2091064453125
2024-10-31,657.3011822759971,699.5664615431826,655.7759052489552,692.1367797851562,679537.0,653.2271728515625,657.8424072265625,690.9584014892578,48.46735391003752,-25.200421577800057,657.05517578125,639.6373291015625,642.0974731445312
2024-11-01,703.6011197346263,708.472216422133,699.6648896941529,705.0280151367188,53421.0,667.1909545898437,659.3775451660156,689.6594512939453,52.21437275162073,-20.578615813241186,692.1367797851562,657.05517578125,639.6373291015625
2024-11-04,700.1077257619295,702.6662512567292,657.8424438000515,664.8784790039062,525378.0,671.7471557617188,657.5471984863282,686.847509765625,41.977056991446865,-19.925840779657392,705.0280151367188,692.1367797851562,657.05517578125
2024-11-05,664.878419937803,689.4306045204463,663.7959207383974,683.7230834960938,286572.0,680.564306640625,660.396044921875,684.6382995605469,47.208825685225385,-17.6840589473627,664.8784790039062,705.0280151367188,692.1367797851562
2024-11-06,683.6247555966511,687.1673385631777,669.1590983694786,674.62060546875,518581.0,684.077392578125,662.2706726074218,681.2802062988281,45.093766200464906,-16.452273035953,683.7230834960938,664.8784790039062,705.0280151367188
2024-11-07,675.0634201770902,678.6060030219837,657.4487675499612,660.4009399414062,249647.0,677.730224609375,665.4786987304688,677.7449768066406,41.93315311552561,-16.43404060570822,674.62060546875,683.7230834960938,664.8784790039062
2024-11-08,677.0315662522818,688.741874635266,650.6096461581208,659.1708984375,1017600.0,668.5588012695313,667.8748779296875,674.7731231689453,41.66113303188205,-16.330596393085102,660.4009399414062,674.62060546875,683.7230834960938
2024-11-11,656.366355662933,674.325405124475,648.838291726815,664.0419921875,705280.0,668.39150390625,670.0693298339844,672.3228210449219,43.23164470171466,-15.674869415752596,659.1708984375,660.4009399414062,674.62060546875
2024-11-12,670.684348620911,688.151368503886,659.3676878516596,679.9837036132812,470310.0,667.6436279296875,674.1039672851563,670.0004455566407,48.15108804645995,-13.710788742386967,664.0419921875,659.1708984375,660.4009399414062
2024-11-13,666.2069241625385,672.1112691329598,631.9617353465154,639.391357421875,2056417.0,660.5977783203125,672.3375854492188,665.6632110595704,38.90584388727472,-15.253866671772357,679.9837036132812,664.0419921875,659.1708984375
2024-11-14,637.767620058865,654.152200902088,624.4828442601764,632.601318359375,434476.0,655.0378540039062,666.3840393066406,662.1132232666016,37.605157791900304,-16.830653160786255,639.391357421875,679.9837036132812,664.0419921875
2024-11-18,636.9583714038433,637.9485904033053,605.3208622834026,609.28173828125,591079.0,645.0600219726563,656.8094116210938,658.0934783935547,33.46699549652696,-19.734476277661315,632.601318359375,639.391357421875,679.9837036132812
2024-11-19,607.8458516504853,643.2957368578427,606.3110244328649,636.8593139648438,711152.0,639.623486328125,654.0074951171875,655.7773468017579,41.64517961020153,-19.584736485323447,609.28173828125,632.601318359375,639.391357421875
2024-11-21,635.7205187579266,637.1563482165858,611.9552657202471,627.8482666015625,581134.0,629.1963989257813,648.4200134277344,654.4080291748047,39.91855308093704,-19.963061093123088,636.8593139648438,609.28173828125,632.601318359375
2024-11-22,629.0860533616234,640.6221276903348,615.9161541152802,632.601318359375,233237.0,627.8383911132812,644.2180847167969,653.2443786621094,41.300993351400415,-19.65280916592542,627.8482666015625,636.8593139648438,609.28173828125
2024-11-25,650.5738146045013,735.7326396516659,642.5530657229995,671.5664672851562,655751.0,635.6314208984375,645.3346374511718,655.4066680908203,51.21180503624783,-16.077439688532536,632.601318359375,627.8482666015625,636.8593139648438
2024-11-26,683.2510470810229,686.1722049496547,643.889845455703,652.603759765625,1167977.0,644.2958251953125,644.6779235839844,656.276400756836,47.04854657337585,-14.605700217050298,671.5664672851562,632.601318359375,627.8482666015625
2024-11-27,654.5346627753464,659.4857570474746,645.1275836583029,654.1881103515625,311540.0,647.7615844726563,643.6925354003906,656.8809326171875,47.43306009072589,-13.159794314109945,652.603759765625,671.5664672851562,632.601318359375
2024-11-28,651.5145176914754,666.2192437376813,647.405085205159,662.6544799804688,390774.0,654.7228271484375,641.9596130371094,658.0317901611328,49.54167454823042,-11.201612974581622,654.1881103515625,652.603759765625,671.5664672851562
2024-11-29,663.4466285036322,682.7558960496334,658.0994225463977,677.3096923828125,299320.0,663.664501953125,645.7514465332031,659.0445159912109,53.05225399219162,-8.370694833458401,662.6544799804688,654.1881103515625,652.603759765625
2024-12-02,663.44666615099,663.44666615099,619.8770343440593,625.07568359375,1784611.0,654.3663452148437,644.9988830566406,655.6914611816406,41.870700970484904,-10.22416200710802,677.3096923828125,662.6544799804688,654.1881103515625
2024-12-03,622.8972016990814,636.2651571654524,615.9656692350372,633.64111328125,1066490.0,650.5738159179688,647.4348205566406,652.1221160888672,43.956646121875934,-10.876511846068865,625.07568359375,677.3096923828125,662.6544799804688
2024-12-04,633.6410643663646,639.4338204460114,624.5805377411099,626.6599731445312,465143.0,645.0681884765625,646.4148864746094,650.2111907958985,42.61441826504723,-11.82056336218875,633.64111328125,625.07568359375,677.3096923828125
2024-12-05,633.0964442842369,633.0964442842369,620.5702111704063,625.818359375,544815.0,637.7009643554687,646.2118957519531,647.3159545898437,42.44614654719109,-12.492634869399808,626.6599731445312,633.64111328125,625.07568359375
2024-12-06,628.7889955275717,638.6911844335178,627.9473336458323,636.2156372070312,523659.0,629.4821533203125,646.5733276367188,645.3957061767578,45.31880542875848,-12.04740793409644,625.818359375,626.6599731445312,633.64111328125
2024-12-09,636.7602288311607,638.6911677048778,612.351370080221,615.6685791015625,705249.0,627.600732421875,640.9835388183594,643.1590881347656,40.9670993946442,-13.200372572296828,636.2156372070312,625.818359375,626.6599731445312
2024-12-10,614.1832543993537,638.6911714431006,614.1832543993537,635.3739624023438,660970.0,627.9473022460937,639.2605590820312,641.9692413330079,46.29343351596684,-12.381321440655938,615.6685791015625,636.2156372070312,625.818359375
2024-12-11,637.7009535339017,639.6813912777958,614.9259194791196,615.9656372070312,712366.0,625.8084350585938,635.4383117675782,639.5654235839844,42.250012348756236,-13.146759499074278,635.3739624023438,615.6685791015625,636.2156372070312
2024-12-12,618.8868366153623,620.6197197578853,596.111801027917,599.032958984375,1127200.0,620.4513549804688,629.0761596679688,635.5178863525391,39.04576658060002,-14.947396018456516,615.9656372070312,635.3739624023438,615.6685791015625
2024-12-13,600.0726601359753,603.8849787685035,580.9614472390799,586.2590942382812,1557629.0,610.4600463867188,619.9710998535156,632.8612731933594,36.779622159582814,-17.20680818839071,599.032958984375,615.9656372070312,635.3739624023438
2024-12-16,594.1313140532266,597.1019706234928,585.2688431976335,592.0023193359375,858460.0,605.7267944335938,616.6637634277344,630.8313232421875,38.50765848981339,-18.322764915581615,586.2590942382812,599.032958984375,615.9656372070312
2024-12-17,592.0023745255758,594.4284230384281,577.3966450268094,583.7835693359375,1234907.0,595.4087158203125,611.6780090332031,629.5564147949219,36.951126399178726,-19.64391032958497,592.0023193359375,586.2590942382812,599.032958984375
2024-12-18,585.2193509489668,585.7639592386978,576.8024905715282,580.7138671875,400376.0,588.3583618164063,607.0833984375,626.7491424560546,36.359960302916804,-20.70001006659004,583.7835693359375,592.0023193359375,586.2590942382812
2024-12-19,576.2578870913799,597.0029846353723,574.32694819516,592.7449951171875,784328.0,587.1007690429688,603.7760620117188,624.9939788818359,40.38553837268304,-20.331792987897188,580.7138671875,583.7835693359375,592.0023193359375
2024-12-20,594.1313277040017,601.7560251638358,576.3073878728816,585.07080078125,663305.0,586.8631103515625,598.6615783691407,622.6174530029297,38.703784724576664,-20.423788921840583,592.7449951171875,580.7138671875,583.7835693359375
2024-12-23,578.2878317442613,585.0708069653109,559.4736728347734,562.0482177734375,886530.0,580.8722900390625,593.2995422363281,617.1415405273438,34.114160509111954,-22.099675105219035,585.07080078125,592.7449951171875,580.7138671875
2024-12-24,562.444320436508,596.1117621527778,561.0084909815637,592.64599609375,851341.0,582.644775390625,589.0267456054687,614.14365234375,43.67404766469157,-20.719994783393986,562.0482177734375,585.07080078125,592.7449951171875
2024-12-26,594.131291492733,595.7156174281162,579.6245616168546,582.7932739257812,319122.0,583.0606567382813,585.7095092773437,610.5739105224609,41.581791278416304,-20.188895504384504,592.64599609375,562.0482177734375,585.07080078125
2024-12-27,582.7933004136082,588.1900053109117,576.6044325126096,584.4766845703125,207778.0,581.4069946289062,584.2538818359375,606.6650207519531,42.09223373139845,-19.408430029193596,582.7932739257812,592.64599609375,562.0482177734375
2024-12-30,588.7841862189762,596.9534928717723,582.3477627955612,585.2689208984375,349933.0,581.4466186523438,584.1548645019532,602.0629821777344,42.34754250697402,-18.51257720018566,584.4766845703125,582.7932739257812,592.64599609375
2024-12-31,584.2291699178111,600.6172811558382,580.5653477815405,594.8740234375,329279.0,588.0117797851562,584.4420349121094,600.5528991699218,45.48567656479309,-16.833509656391698,585.2689208984375,584.4766845703125,582.7932739257812
2025-01-01,592.398474401892,606.7071500166585,587.6454356293013,602.5977172851562,254795.0,590.0021240234375,586.3234497070313,599.0007293701171,47.939642570320096,-14.710030907379519,594.8740234375,585.2689208984375,584.4766845703125
2025-01-02,606.0139885603191,606.6080957463859,597.3990717333478,602.8452758789062,155105.0,594.0125244140625,588.5365905761719,597.8099945068359,48.02040854100616,-12.858952787057888,602.5977172851562,594.8740234375,585.2689208984375
2025-01-03,608.1924477215942,612.301819807574,596.1612641634687,608.4400024414062,380979.0,598.8051879882812,590.1060913085937,596.9410766601562,49.91163556147908,-10.815834160315376,602.8452758789062,602.5977172851562,594.8740234375
2025-01-06,611.9552969017209,613.5891823065796,576.3569143875229,579.030517578125,454985.0,597.5575073242187,589.5020629882813,594.081820678711,41.38712755313251,-11.4378985967154,608.4400024414062,602.8452758789062,602.5977172851562
2025-01-07,580.2682855982753,592.4479661947014,576.653962374487,582.5952758789062,392592.0,595.1017578125,591.5567687988281,592.4281555175781,42.665366128966205,-11.510556412103597,579.030517578125,608.4400024414062,602.8452758789062
2025-01-08,582.2487109512512,583.7835381526903,565.4644885734418,577.8917236328125,297814.0,590.1605590820312,590.0813415527343,589.5540435791015,41.38297303833621,-11.811519763881279,582.5952758789062,579.030517578125,608.4400024414062
2025-01-09,575.317183750295,612.0047820894234,574.2279671301649,589.9229125976562,1127124.0,587.5760864257812,590.7943054199219,588.2519073486328,45.86515848535439,-10.952960082022855,577.8917236328125,582.5952758789062,579.030517578125
2025-01-10,585.3679539558451,588.1900537759676,575.713319234775,583.6350708007812,438778.0,582.6151000976563,590.7101440429688,587.4820129394532,43.972697714343596,-10.657073522117912,589.9229125976562,577.8917236328125,582.5952758789062
2025-01-13,573.8813078559072,583.9815519570395,548.6802266757669,559.6716918945312,688818.0,578.7433349609375,588.1504211425781,586.1526428222656,37.60452007416679,-12.21541401018817,583.6350708007812,589.9229125976562,577.8917236328125
2025-01-14,556.5030117149525,569.3758571816685,545.1154945713191,553.928466796875,698297.0,573.0099731445313,584.0558654785157,584.2489501953125,36.249557692921044,-13.755278058373165,559.6716918945312,583.6350708007812,589.9229125976562
2025-01-15,553.9284533454995,566.5537437851142,546.6503084762358,560.8599853515625,445131.0,569.6036254882813,579.8820922851562,583.1027709960938,39.10156450351264,-14.2520272933765,553.928466796875,559.6716918945312,583.6350708007812
2025-01-16,563.5830657503546,567.147829328179,552.5421017287191,559.5231323242188,427926.0,563.5236694335938,575.5498779296875,582.0432342529297,38.741579313518166,-14.585445570350998,560.8599853515625,553.928466796875,559.6716918945312
2025-01-17,559.4736912910063,566.3557248909804,555.5128156004505,559.3251342773438,270828.0,558.6616821289062,570.6383911132813,580.3722412109375,38.684773539187525,-14.696249528183102,559.5231323242188,560.8599853515625,553.928466796875
2025-01-20,567.2469334465283,567.2469334465283,551.1558745980441,554.47314453125,246686.0,557.62197265625,568.1826538085937,578.8423583984375,37.24361856551514,-15.00263643183473,559.3251342773438,559.5231323242188,560.8599853515625
2025-01-21,555.8593714438925,558.6320327947533,541.9468075834558,543.8777465820312,333276.0,555.6118286132812,564.3109008789063,577.9338348388671,34.243548039078235,-15.916929865894417,554.47314453125,559.3251342773438,559.5231323242188
2025-01-22,544.6204508337165,556.2555241015277,543.0361246065597,554.3245849609375,296862.0,554.3047485351562,561.9541870117188,576.0177642822266,39.424712353928086,-15.618501091801704,543.8777465820312,554.47314453125,559.3251342773438
2025-01-23,550.2151329046488,559.4241562011308,540.7089956000844,556.9981079101562,366306.0,553.7997436523438,558.6617065429688,574.7280059814453,40.712185441465145,-14.993428271799417,554.3245849609375,543.8777465820312,554.47314453125
2025-01-24,554.5225701104423,558.9290561927027,541.352671157952,545.9076538085938,293990.0,551.1162475585937,554.88896484375,572.7995544433594,37.18179215056301,-15.217542164266433,556.9981079101562,554.3245849609375,543.8777465820312
2025-01-27,540.9565515388813,541.1051085432587,522.9841154792068,529.8165893554688,762756.0,546.1849365234375,551.9034545898437,570.0269378662109,32.745047567961464,-16.503328365003995,545.9076538085938,556.9981079101562,554.3245849609375
2025-01-28,549.5714805686713,556.6515697638757,533.3814259920491,550.1160888671875,2591498.0,547.4326049804688,551.522216796875,567.7890411376953,42.12703935984873,-15.70330530350725,529.8165893554688,545.9076538085938,556.9981079101562
2025-01-29,554.5225962758431,568.7322136301449,552.8392120209438,567.098388671875,880317.0,549.9873657226562,552.1460571289062,566.0140747070312,48.58844987324891,-13.54283818767567,550.1160888671875,529.8165893554688,545.9076538085938
2025-01-30,568.3856353134105,570.5146300739092,558.6815024078875,565.4644775390625,337052.0,551.6806396484375,552.7401916503907,564.1450347900391,48.0327937650733,-11.826170672331955,567.098388671875,550.1160888671875,529.8165893554688
2025-01-31,564.4248028067166,587.0512816913324,560.7609805956006,583.8826293945312,713423.0,559.275634765625,555.1959411621094,562.9171661376953,54.36779629016366,-8.877177790958967,565.4644775390625,567.098388671875,550.1160888671875
2025-02-01,586.7046788841666,623.6893294031183,576.9510472163787,619.678955078125,854752.0,577.2481079101562,561.7165222167969,564.9495880126954,63.644005526235354,-3.610001515511499,583.8826293945312,565.4644775390625,567.098388671875
2025-02-03,609.0341070274002,618.1441327657253,601.5084677520938,608.2914428710938,839755.0,588.8831787109375,568.1578918457031,566.2343963623047,59.50026028293033,-0.3505623701746572,619.678955078125,583.8826293945312,565.4644775390625
2025-02-04,603.208271823094,606.9957536858033,580.582966374352,582.8255615234375,468353.0,592.02861328125,571.0079895019531,566.481088256836,51.43515350139559,0.17565796234362097,608.2914428710938,619.678955078125,583.8826293945312
2025-02-05,581.0813105882868,589.3539826030468,575.1010569630214,583.6727294921875,385789.0,595.670263671875,573.6754516601562,566.1685791015625,51.669849079157316,0.6535174002871145,582.8255615234375,608.2914428710938,619.678955078125
2025-02-06,584.0714111343264,586.2641828651686,571.2138420845163,573.9049682617188,348810.0,593.6747314453125,576.4751831054688,565.6820739746094,48.744874892987326,0.24126657800843532,583.6727294921875,582.8255615234375,608.2914428710938
2025-02-07,573.2072556365903,577.8917995646369,564.1870523909425,570.9646606445312,136204.0,583.9318725585938,580.589990234375,566.2467224121094,47.86646222087437,-0.3190258884300192,573.9049682617188,583.6727294921875,582.8255615234375
2025-02-10,569.6191447768325,578.8885255171052,564.4860695321814,572.5594482421875,216363.0,576.7854736328125,582.834326171875,567.178271484375,48.409505059204115,-0.6271463214286541,570.9646606445312,573.9049682617188,583.6727294921875
2025-02-11,568.124105645814,568.124105645814,532.591406985304,538.72119140625,882838.0,567.964599609375,579.9966064453125,566.0713317871093,39.10247776717584,-3.5607523761157154,572.5594482421875,570.9646606445312,573.9049682617188
2025-02-12,539.4686848524555,560.7982793586258,530.1993043742721,556.8612670898438,397111.0,562.6023071289062,579.1362854003906,565.9382385253906,45.18641024847924,-4.371511739061134,538.72119140625,572.5594482421875,570.9646606445312
2025-02-13,556.8613172706927,558.9045585054153,533.7376568518054,537.8740234375,389472.0,555.3961181640625,574.5354248046875,564.8656829833984,40.61283733771029,-6.471556183845678,556.8612670898438,538.72119140625,572.5594482421875
2025-02-14,541.0135639137859,541.2627411319513,518.3882603375143,522.7738037109375,225828.0,545.7579467773437,564.8449096679688,563.2807159423828,37.3730786201419,-9.247716155139415,537.8740234375,556.8612670898438,538.72119140625
2025-02-17,524.3187005829341,527.1593574263171,511.26183842862855,521.9266357421875,1492713.0,535.6313842773437,556.2084289550781,562.1831604003906,37.193815475354064,-11.384963535795237,522.7738037109375,537.8740234375,556.8612670898438
2025-02-18,520.331896634886,552.1767598432446,517.4414771723797,539.2195434570312,876345.0,535.7310546875,551.8478271484375,561.4279083251953,43.184571126944704,-11.550210713919341,521.9266357421875,522.7738037109375,537.8740234375
2025-02-19,534.1363112411452,549.3859448844843,526.5612872793025,546.5452880859375,1038609.0,533.6678588867187,548.1350830078125,560.9052673339844,45.553842804685125,-10.963661658418232,539.2195434570312,521.9266357421875,522.7738037109375
2025-02-20,542.7080318916649,559.2533763906433,542.7080318916649,555.2665405273438,912940.0,537.1463623046875,546.271240234375,561.3732116699218,48.31701486636036,-9.683460218942741,546.5452880859375,539.2195434570312,521.9266357421875
2025-02-21,553.1734601192042,559.9510687249787,544.0037257305512,554.8180541992188,281885.0,543.5552124023437,544.6565795898438,562.6232849121094,48.18159670319647,-8.605877257278848,555.2665405273438,546.5452880859375,539.2195434570312
2025-02-24,546.1964924600443,558.1071763146706,538.2726443168052,549.5853271484375,241107.0,549.0869506835937,542.3591674804687,562.5967468261719,46.542552821699076,-8.080969946552955,554.8180541992188,555.2665405273438,546.5452880859375
2025-02-25,550.1833584312594,557.409498555583,542.2096865699368,545.8975219726562,270294.0,550.4225463867188,543.0768005371094,561.5367034912109,45.37113031786379,-7.871810843094295,549.5853271484375,554.8180541992188,555.2665405273438
2025-02-27,549.6849762261463,555.0672287948944,538.6713546898322,544.0037231445312,295994.0,549.9142333984375,541.7910461425781,560.4636657714843,44.748270697795554,-7.769304775755359,545.8975219726562,549.5853271484375,554.8180541992188
2025-02-28,541.2129725531261,543.9539222299604,506.02915795916346,528.2059326171875,949437.0,544.5021118164062,540.8242370605469,557.6798309326172,39.8354844203733,-8.860677274742216,544.0037231445312,545.8975219726562,549.5853271484375
2025-03-03,526.2622913009255,529.0032407347845,507.374645762568,520.1325073242188,485138.0,537.5650024414062,540.560107421875,552.7025085449219,37.56567706630464,-10.258798745755257,528.2059326171875,544.0037231445312,545.8975219726562
2025-03-04,508.3215708034335,530.5481684971967,506.1287989193848,526.9102172851562,1517696.0,533.02998046875,541.0584655761719,548.633447265625,40.62437723029722,-10.696611653559444,520.1325073242188,528.2059326171875,544.0037231445312
2025-03-05,509.0192700453051,531.1462207766847,509.0192700453051,523.8203735351562,746694.0,528.61455078125,539.5185485839844,545.6831878662109,39.670227756105,-11.1642120183227,526.9102172851562,520.1325073242188,528.2059326171875
2025-03-06,528.1560923974372,540.216246255025,523.5213714860736,531.6943969726562,699133.0,526.152685546875,538.0334594726562,543.0842712402343,43.32346485756266,-10.775210867287456,523.8203735351562,526.9102172851562,520.1325073242188
2025-03-07,535.9802182763208,557.8579910962046,532.292383129227,549.9341430664062,499056.0,530.4983276367187,537.5002197265625,541.8857299804688,50.761493016726284,-8.892620979456069,531.6943969726562,523.8203735351562,526.9102172851562
2025-03-10,553.1236421390226,574.1541765807162,549.5354534303244,566.2802124023438,669625.0,539.7278686523438,538.646435546875,541.6515075683594,56.29685977452662,-6.01235703507507,549.9341430664062,531.6943969726562,523.8203735351562
2025-03-11,564.1372358533704,564.1372358533704,539.3690440899879,547.9905395507812,487667.0,543.9439331054688,538.4869567871094,540.423062133789,49.58055775210268,-5.146228337065622,566.2802124023438,549.9341430664062,531.6943969726562
2025-03-12,543.8043435796511,568.1240647188739,543.704697024817,565.8814697265625,634176.0,552.35615234375,540.4853515625,541.7810760498047,55.209693800432944,-2.981794290846892,547.9905395507812,566.2802124023438,549.9341430664062
2025-03-13,568.0742439317155,568.223713764622,552.7249026944514,560.2999267578125,424837.0,558.0772583007813,542.1149719238281,541.9530090332031,53.213637929351115,-1.6972833599394335,565.8814697265625,547.9905395507812,566.2802124023438
2025-03-17,563.090713106998,563.888068071307,542.6083570920337,544.8509521484375,181647.0,557.0606201171875,543.7794738769531,542.30185546875,48.036833085140074,-1.9039547263872691,560.2999267578125,565.8814697265625,547.9905395507812
2025-03-18,544.8509521484375,544.8509521484375,544.8509521484375,544.8509521484375,0.0,552.7747680664063,546.251318359375,543.405712890625,48.036833085140074,-2.044179247377542,544.8509521484375,560.2999267578125,565.8814697265625
2025-03-19,545.1499839883677,564.0874544419898,545.1499839883677,555.9144287109375,314790.0,554.3595458984375,549.1517395019531,545.1051025390625,51.92147759893773,-1.2481897389241112,544.8509521484375,544.8509521484375,560.2999267578125
2025-03-20,556.1635787347581,576.0977571840325,553.0738054088345,565.3333129882812,409285.0,554.2499145507812,553.3030334472656,546.410791015625,55.005434217540405,0.1410371372754753,555.9144287109375,544.8509521484375,544.8509521484375
2025-03-21,565.3333432961437,583.5232821062802,564.4362808841203,574.1043701171875,1062639.0,557.0108032226562,557.5440307617188,547.7887451171875,57.724872673016364,1.9275409606804033,565.3333129882812,555.9144287109375,544.8509521484375
2025-03-24,582.0780325223936,583.9718038797258,567.2270446876794,571.0145874023438,278710.0,562.2435302734375,559.6520751953125,548.5761474609375,56.430982355201756,3.05877877144394,574.1043701171875,565.3333129882812,555.9144287109375
2025-03-25,576.0977694116011,578.0911872988386,555.1668815956087,574.1541748046875,457046.0,568.1041748046875,560.4394714355469,549.5429534912109,57.47406254515438,4.160669740503295,571.0145874023438,574.1043701171875,565.3333129882812
2025-03-26,574.1541629336921,579.0878842694541,548.4889081661561,555.1668701171875,382095.0,567.9546630859375,561.1571044921875,549.8220306396485,49.72127919458259,3.4619028068260604,574.1541748046875,571.0145874023438,574.1043701171875
2025-03-27,556.8612635747196,587.809062140303,545.2994040629973,575.4000244140625,520114.0,569.9680053710938,562.1089599609375,551.2971557617187,56.46109746694939,4.48902475076909,555.1668701171875,574.1541748046875,571.0145874023438
2025-03-28,580.9816428167452,586.8123655547863,571.213846918003,577.9915161132812,614799.0,570.7454345703125,563.8781188964844,552.9965454101563,57.251513287547326,5.4493216258670145,575.4000244140625,555.1668701171875,574.1541748046875
2025-04-01,578.0911530199484,581.0812796734998,563.2900504185817,569.8184814453125,336754.0,570.5062133789063,566.3748718261719,555.0771728515625,53.92646251566041,5.487610467591594,577.9915161132812,575.4000244140625,555.1668701171875
2025-04-02,574.1043175042589,601.6134583842917,573.1574318970743,585.068115234375,1057073.0,572.6890014648437,570.3965881347656,558.3239532470703,58.74135931329743,6.671566979550676,569.8184814453125,577.9915161132812,575.4000244140625
2025-04-03,580.0845755634437,582.6261710730248,568.8716005203358,573.9049682617188,316122.0,576.43662109375,572.1956420898438,560.6736907958984,54.27030830144435,6.632631531220682,585.068115234375,569.8184814453125,577.9915161132812
2025-04-04,577.4433123630043,596.8293138260578,568.9214629112254,590.8490600585938,1634745.0,579.5264282226562,574.747216796875,564.0251251220703,59.33033247015974,7.878206448305718,573.9049682617188,585.068115234375,569.8184814453125
2025-04-07,568.074293963533,596.0319686190226,548.7381154639164,582.626220703125,913046.0,580.453369140625,575.5994018554687,566.5717163085938,56.08690644020058,8.108351104864255,590.8490600585938,573.9049682617188,585.068115234375
2025-04-08,588.0582716656186,592.8922856667828,570.4165113487929,580.234130859375,748598.0,582.5364990234375,576.5213562011719,568.0867156982422,55.142510492259206,8.005439026542717,582.626220703125,590.8490600585938,573.9049682617188
2025-04-09,583.0249272609841,608.939360618446,576.5463189216186,597.8758544921875,1403966.0,585.098046875,578.8935241699219,569.6664978027344,60.43383929833573,9.240896815927726,580.234130859375,582.626220703125,590.8490600585938
2025-04-11,597.8758190297135,610.4343878740021,592.194626874983,606.4973754882812,493147.0,591.6165283203125,584.0265747070313,572.5918395996093,62.74656270092528,10.7912953706508,597.8758544921875,580.234130859375,582.626220703125
2025-04-15,606.4973816554385,609.0389772506544,597.6266478776269,602.7098999023438,507561.0,593.9886962890625,586.7575622558594,574.4332611083985,61.05809154718154,11.58088256341432,606.4973754882812,597.8758544921875,580.234130859375
2025-04-16,603.0088978399543,625.9332030470931,602.8095438886875,624.6873168945312,595897.0,602.4009155273437,591.4271423339844,577.6526306152343,66.66380863538672,13.820713399703664,602.7098999023438,606.4973754882812,597.8758544921875
2025-04-17,624.6873435167763,625.385051958802,610.2350635311468,612.9760131835938,379989.0,608.9492919921875,595.7428955078125,581.0588836669922,61.57699621723437,14.483830557750593,624.6873168945312,602.7098999023438,606.4973754882812
2025-04-21,612.975961666642,619.9529238319533,607.1950623250975,616.0657348632812,206119.0,612.5872680664063,598.8426574707031,584.6196228027344,62.392321529901835,15.084782418899408,612.9760131835938,624.6873168945312,602.7098999023438
2025-04-22,619.803420644502,641.8805476657893,617.0126478215078,639.4385986328125,511851.0,619.1755126953125,605.3960205078125,588.7958312988281,67.93530927497939,17.248209249917068,616.0657348632812,612.9760131835938,624.6873168945312
2025-04-23,640.3854709713823,646.8640788489138,632.9101541896152,644.7211303710938,449447.0,627.5777587890625,610.7832275390625,592.7652221679688,69.04576769498352,19.16803953539295,639.4385986328125,616.0657348632812,612.9760131835938
2025-04-24,647.8608112988193,649.8044058995729,631.3154672209022,643.6746215820312,455855.0,631.3752197265625,616.8880676269531,596.2437347412109,68.53935948714143,20.370258692858783,644.7211303710938,639.4385986328125,616.0657348632812
2025-04-25,646.8641062756216,646.8641062756216,616.0159522147266,617.7601928710938,396388.0,632.3320556640625,620.640673828125,598.5810150146484,57.32679879876878,19.01278071458364,643.6746215820312,644.7211303710938,639.4385986328125
2025-04-28,617.7601866652533,629.820401297268,614.9694138099583,621.5476684570312,298022.0,633.4284423828125,623.0078552246093,600.9506896972656,58.398001947869524,18.034694530886554,617.7601928710938,643.6746215820312,644.7211303710938
2025-04-29,627.8767990688448,637.6943576400988,623.939786650757,633.2091674804688,504931.0,632.1825561523438,625.6790344238282,604.8528045654297,61.59466863676958,17.993126137769764,621.5476684570312,617.7601928710938,643.6746215820312
2025-04-30,626.929940396196,632.8603709181526,617.959559691004,622.6441040039062,295134.0,627.7671508789062,627.6724548339844,607.2150085449218,57.29898298137003,16.91271135143927,633.2091674804688,621.5476684570312,617.7601928710938
2025-05-02,618.5575083398418,634.3055573557083,616.0159128555259,628.5245971679688,279927.0,624.7371459960938,628.0561828613281,609.7416625976563,59.012419334604935,16.34259424872448,622.6441040039062,633.2091674804688,621.5476684570312
2025-05-05,626.630888630947,635.9002691014629,624.9364713583343,631.9632568359375,222611.0,627.5777587890625,629.9549072265625,612.8489013671875,60.02261220670556,15.983989948045405,628.5245971679688,622.6441040039062,633.2091674804688
2025-05-06,630.9665925728216,651.199772217378,619.9529707733676,625.2853393554688,714307.0,628.32529296875,630.8768676757812,614.8597625732422,57.080389904465534,14.98816706504806,631.9632568359375,628.5245971679688,622.6441040039062
2025-05-07,612.976008832525,633.3587191792608,608.6403492013269,632.6610107421875,238276.0,628.2156616210938,630.1991088867187,617.7975646972657,59.44495190514193,14.625531275143999,625.2853393554688,631.9632568359375,628.5245971679688
2025-05-08,632.910175638222,637.6943663738269,615.3681226629084,617.6107177734375,327302.0,627.208984375,627.4880676269531,619.1356475830078,53.02537026681592,12.974149023151995,632.6610107421875,625.2853393554688,631.9632568359375
2025-05-09,598.723050768687,631.2157367036928,594.0385067532726,628.3253173828125,239120.0,627.1691284179688,625.9531372070312,621.4206024169922,56.61727072712623,12.38720336409824,617.6107177734375,632.6610107421875,625.2853393554688
2025-05-12,635.9501273640577,642.8772666678789,627.9266325593235,632.3619995117188,293107.0,627.248876953125,627.4133178710938,624.0269958496094,57.922667153396674,12.108195472112925,628.3253173828125,617.6107177734375,632.6610107421875
2025-05-13,636.7474701165625,641.3821909348875,608.6901504791115,618.4578857421875,455507.0,625.8833862304688,627.1043395996094,625.0560974121094,52.10669256407269,10.642454338975426,632.3619995117188,628.3253173828125,617.6107177734375
2025-05-14,619.7535963213311,638.5415960255082,619.7535963213311,637.1461791992188,397324.0,626.780419921875,627.4980407714844,626.5885375976562,58.18419848055527,10.863604161847775,618.4578857421875,632.3619995117188,628.3253173828125
2025-05-15,640.8838710133734,641.6812260266258,620.1523364973723,627.8768310546875,404497.0,628.833642578125,628.0213134765625,627.8468841552734,54.49070593289613,10.17363275613718,637.1461791992188,618.4578857421875,632.3619995117188
2025-05-16,632.810515599106,636.8969978242017,619.3050611092716,634.2058715820312,999766.0,630.0097534179688,628.5894409179688,628.3228118896484,56.520223612611105,10.021998759472467,627.8768310546875,637.1461791992188,618.4578857421875
2025-05-19,645.8673798358734,646.7145580837343,630.9167460433763,637.64453125,812213.0,631.066259765625,629.157568359375,629.5562377929688,57.62590296206889,10.063295416402411,634.2058715820312,627.8768310546875,637.1461791992188
2025-05-20,642.8772699867527,642.8772699867527,602.0620264928295,605.3013305664062,1212167.0,628.4349487304687,627.1591674804688,629.018017578125,45.822674478868024,7.400884532782811,637.64453125,634.2058715820312,627.8768310546875
2025-05-21,606.0986592674551,615.9661017357707,596.8791019194682,605.7000122070312,510012.0,622.1457153320313,624.4630676269531,627.331088256836,45.96958378525983,5.262413178967904,605.3013305664062,637.64453125,634.2058715820312
2025-05-22,607.0,607.5499877929688,588.2999877929688,604.0,616687.0,617.3703491210938,623.1019958496094,625.2950317382813,45.404206542924015,3.3913886296463716,605.7000122070312,605.3013305664062,637.64453125
2025-05-23,609.4000244140625,613.4000244140625,593.0499877929688,595.7000122070312,454130.0,609.6691772460938,619.8394653320313,622.8963012695312,42.64642130971037,1.2247306131646383,604.0,605.7000122070312,605.3013305664062
2025-05-26,598.8499755859375,603.5,587.0499877929688,589.8499755859375,412861.0,600.1102661132812,615.5882629394531,621.5007904052734,40.76693888889021,-0.9534201058546614,595.7000122070312,604.0,605.7000122070312
2025-05-27,590.0,598.75,584.5,589.5499877929688,454638.0,596.9599975585937,612.6974731445313,619.9009063720703,40.6679610981258,-2.6730139107264677,589.8499755859375,595.7000122070312,604.0
2025-05-28,592.6500244140625,594.5999755859375,575.5499877929688,579.0,416056.0,591.6199951171875,606.8828552246093,617.1904479980469,37.243348629176424,-4.831406785085392,589.5499877929688,589.8499755859375,595.7000122070312
2025-05-29,584.7999877929688,592.0,581.0499877929688,587.4500122070312,326475.0,588.3099975585938,602.8401733398438,615.4307434082032,41.493033054190995,-5.79332151873632,579.0,589.5499877929688,589.8499755859375
2025-05-30,589.9500122070312,590.9000244140625,581.25,584.2000122070312,251511.0,586.0099975585938,597.8395874023438,613.2145141601562,40.360973536428716,-6.7401969195313995,587.4500122070312,579.0,589.5499877929688
2025-06-02,584.0499877929688,590.3499755859375,577.0,581.2999877929688,263473.0,584.3,592.2051330566406,610.6813507080078,39.32982999949094,-7.636580484016463,584.2000122070312,587.4500122070312,579.0
2025-06-03,581.2999877929688,586.0,576.0,577.1500244140625,417174.0,581.8200073242188,589.3900024414063,608.2745849609375,37.840002649842056,-8.582899950987212,581.2999877929688,584.2000122070312,587.4500122070312
2025-06-04,579.0,596.9000244140625,572.0,593.9000244140625,635933.0,584.8000122070313,588.2100036621093,606.3365356445313,46.62787254068833,-7.890325174955706,577.1500244140625,581.2999877929688,584.2000122070312
2025-06-05,597.7999877929688,597.7999877929688,577.0999755859375,579.1500244140625,667231.0,583.1400146484375,585.7250061035156,604.4135009765625,41.115482778252144,-8.434429550714981,593.9000244140625,577.1500244140625,581.2999877929688
2025-06-06,579.1500244140625,585.0,578.0999755859375,583.3499755859375,207023.0,582.9700073242187,584.4900024414062,602.1647338867188,43.17548165940356,-8.429564457605238,579.1500244140625,593.9000244140625,577.1500244140625
2025-06-09,588.9000244140625,588.9000244140625,577.1500244140625,578.0,384083.0,582.310009765625,583.3050048828125,599.4466339111328,41.19833983357961,-8.756468041567132,583.3499755859375,579.1500244140625,593.9000244140625
2025-06-10,581.8499755859375,584.5,575.5999755859375,582.9500122070312,460844.0,583.4700073242187,582.6450073242188,597.671240234375,43.76431119246199,-8.517927504890167,578.0,583.3499755859375,579.1500244140625
2025-06-11,583.0,595.0,581.9500122070312,591.1500244140625,830622.0,582.9200073242188,583.860009765625,595.3714324951172,47.826022704637765,-7.579834344198957,582.9500122070312,578.0,583.3499755859375
2025-06-12,595.9500122070312,597.0,573.3499755859375,575.75,429233.0,582.2400024414062,582.6900085449219,592.7650909423828,41.73011687003395,-7.9869731676375295,591.1500244140625,582.9500122070312,578.0
2025-06-13,571.0499877929688,575.0,565.0,572.5499877929688,270111.0,580.0800048828125,581.5250061035156,589.6822967529297,40.572873607175886,-8.470208568127191,575.75,591.1500244140625,582.9500122070312
2025-06-16,572.5499877929688,576.9000244140625,567.4500122070312,573.7000122070312,266968.0,579.2200073242187,580.7650085449219,586.4850708007813,41.20392323779643,-8.660545369461715,572.5499877929688,575.75,591.1500244140625
2025-06-17,576.9000244140625,579.4000244140625,567.0999755859375,570.0999755859375,217384.0,576.65,580.0600036621094,584.7250030517578,39.77986853667879,-8.998156378805788,573.7000122070312,572.5499877929688,575.75
2025-06-18,569.0,577.7000122070312,566.0999755859375,570.25,271918.0,572.4699951171875,577.6950012207031,582.9525024414063,39.873128751606025,-9.148155576699423,570.0999755859375,573.7000122070312,572.5499877929688
2025-06-19,569.0,571.8499755859375,561.0,563.3499755859375,161542.0,569.989990234375,576.1149963378906,580.9200012207032,37.03252042789811,-9.711853128573239,570.25,570.0999755859375,573.7000122070312
2025-06-20,561.1500244140625,566.9000244140625,550.0,553.0499877929688,829747.0,566.089990234375,573.0849975585937,578.7875,33.22716604305762,-10.864471568613453,563.3499755859375,570.25,570.0999755859375
2025-06-23,552.9500122070312,559.3499755859375,549.8499755859375,556.9000244140625,411975.0,562.7299926757812,570.975,577.1400024414063,35.87946109146242,-11.336583133701765,553.0499877929688,563.3499755859375,570.25
2025-06-24,562.4000244140625,573.2999877929688,559.3499755859375,565.0,380630.0,561.7099975585937,569.1799987792969,575.9125030517578,41.173627935666815,-10.931127382870386,556.9000244140625,553.0499877929688,563.3499755859375
2025-06-25,570.0,575.9500122070312,562.9000244140625,572.2000122070312,180290.0,562.1,567.2849975585938,575.5725036621094,45.48256435510412,-9.914531420457365,565.0,556.9000244140625,553.0499877929688
2025-06-26,574.9500122070312,575.9500122070312,564.9500122070312,574.1500244140625,300352.0,564.260009765625,567.125,574.907504272461,46.6229233328166,-8.849510459938074,572.2000122070312,565.0,556.9000244140625
2025-06-27,576.0,576.9000244140625,565.6500244140625,567.2000122070312,476132.0,567.0900146484375,566.5900024414062,574.057504272461,43.15795001391904,-8.46866013462261,574.1500244140625,572.2000122070312,565.0
2025-06-30,567.2000122070312,573.7999877929688,562.2000122070312,571.5999755859375,277900.0,570.0300048828125,566.3799987792969,573.5725036621094,45.899221725210964,-7.7227699505497185,567.2000122070312,574.1500244140625,572.2000122070312
2025-07-01,574.0,581.7999877929688,556.0,565.4500122070312,1341367.0,570.1200073242187,565.9150024414063,572.9875030517578,42.79279471482889,-7.540969649088538,571.5999755859375,567.2000122070312,574.1500244140625
2025-07-02,568.0,569.25,556.2999877929688,559.0,607545.0,567.4800048828125,564.7900024414063,571.2425018310547,39.7539480412017,-7.827127427717414,565.4500122070312,571.5999755859375,567.2000122070312
2025-07-03,561.4000244140625,568.8499755859375,557.5499877929688,558.9000244140625,294156.0,564.4300048828125,564.3450073242187,570.2300018310547,39.706880445866055,-7.9701023445785495,559.0,565.4500122070312,571.5999755859375
2025-07-04,559.0,564.3499755859375,556.7999877929688,562.5499877929688,306711.0,563.5,565.2950073242188,569.1900024414062,42.38869468758688,-7.700127182610231,558.9000244140625,559.0,565.4500122070312
2025-07-07,562.5999755859375,586.0,560.7000122070312,576.5,990934.0,564.4800048828125,567.2550048828125,569.1150024414062,51.3038051462333,-6.288035957343595,562.5499877929688,558.9000244140625,559.0
2025-07-08,581.2000122070312,582.4500122070312,569.2000122070312,573.5999755859375,444521.0,566.1099975585937,568.1150024414062,568.6475006103516,49.58593906258501,-5.341379127759637,576.5,562.5499877929688,558.9000244140625
2025-07-09,570.5999755859375,620.0,570.5999755859375,609.1500244140625,3035065.0,576.1400024414063,571.8100036621094,569.5475006103516,65.03979672758625,-1.7029246780898575,573.5999755859375,576.5,562.5499877929688
2025-07-10,609.1500244140625,613.8499755859375,594.0,597.1500244140625,647387.0,583.7900024414063,574.1100036621094,570.6175018310547,58.51890289838613,0.20985786427922903,609.1500244140625,573.5999755859375,576.5
2025-07-11,594.0,603.7000122070312,582.5499877929688,587.0,604097.0,588.6800048828125,576.0900024414062,571.3400024414062,53.62179341726857,0.8963965654205595,597.1500244140625,609.1500244140625,573.5999755859375
2025-07-14,585.5,591.75,576.9000244140625,585.4000244140625,698671.0,590.460009765625,577.4700073242187,571.9250030517578,52.870707341227174,1.296434286634053,587.0,597.1500244140625,609.1500244140625
2025-07-15,589.5,590.3499755859375,579.1500244140625,582.0999755859375,433322.0,592.160009765625,579.1350036621094,572.5250030517578,51.275383033817086,1.331828215408109,585.4000244140625,587.0,597.1500244140625
2025-07-16,582.5999755859375,592.9000244140625,582.0999755859375,586.0999755859375,458096.0,587.55,581.8450012207031,573.3175018310546,53.12179720231077,1.6634692910525928,582.0999755859375,585.4000244140625,587.0
2025-07-17,588.9500122070312,592.9500122070312,583.7000122070312,588.4500122070312,480600.0,585.8099975585938,584.8,574.5725036621094,54.21944020017162,2.091812436433429,586.0999755859375,582.0999755859375,585.4000244140625
2025-07-18,588.7000122070312,593.9000244140625,582.5999755859375,591.6500244140625,639530.0,586.7400024414062,587.7100036621093,576.5025054931641,55.73918698498952,2.658842228544131,588.4500122070312,586.0999755859375,582.0999755859375
2025-07-21,592.6500244140625,596.2000122070312,580.3499755859375,589.8499755859375,329714.0,587.6299926757813,589.0450012207032,578.1500030517578,54.640380574994644,2.92920250412476,591.6500244140625,588.4500122070312,586.0999755859375
2025-07-22,589.0,593.5999755859375,580.5999755859375,583.4500122070312,791744.0,587.9,590.0300048828125,579.0725036621094,50.80552194754972,2.5971036185372895,589.8499755859375,591.6500244140625,588.4500122070312
2025-07-23,586.75,587.2000122070312,577.2999877929688,580.1500244140625,237653.0,586.710009765625,587.1300048828125,579.470004272461,48.899788521620664,2.0440686720590975,583.4500122070312,589.8499755859375,591.6500244140625
2025-07-24,580.0,582.9000244140625,574.25,579.7999877929688,345870.0,584.9800048828125,585.3950012207031,579.7525024414062,48.691153538788136,1.5595618049354698,580.1500244140625,583.4500122070312,589.8499755859375
2025-07-25,576.4000244140625,579.5499877929688,571.0499877929688,575.2000122070312,280106.0,581.6900024414062,584.2150024414062,580.1525024414062,45.91850623547092,0.7952400041235705,579.7999877929688,580.1500244140625,583.4500122070312
2025-07-28,574.0999755859375,574.9000244140625,559.5999755859375,562.8499755859375,299509.0,576.2900024414063,581.9599975585937,579.7150024414062,39.427125502024715,-0.7978382882706683,575.2000122070312,579.7999877929688,580.1500244140625
2025-07-29,560.0,564.0999755859375,553.1500244140625,560.6500244140625,224403.0,571.7300048828125,579.8150024414062,579.4750030517578,38.38611999548123,-2.2123790576946476,562.8499755859375,575.2000122070312,579.7999877929688
2025-07-30,560.6500244140625,569.4000244140625,560.6500244140625,565.2999877929688,159534.0,568.7599975585938,577.7350036621094,579.7900024414063,41.87921620993913,-2.9244879487245043,560.6500244140625,562.8499755859375,575.2000122070312
2025-07-31,559.9500122070312,611.7999877929688,555.25,600.6500244140625,4583207.0,572.9300048828125,578.9550048828125,581.8775024414062,60.30403926707146,-0.6291345807691187,565.2999877929688,560.6500244140625,562.8499755859375
2025-08-01,595.0,622.5,593.0499877929688,619.2999877929688,1905573.0,581.75,581.7200012207031,584.7150024414062,66.36257181891565,2.664135188804039,600.6500244140625,565.2999877929688,560.6500244140625
2025-08-04,620.0,623.5999755859375,604.4500122070312,611.5,422889.0,591.4800048828125,583.8850036621094,586.4650024414062,62.094103038460865,4.5917505383033586,619.2999877929688,600.6500244140625,565.2999877929688
2025-08-05,610.0,619.4000244140625,602.6500244140625,614.0,440204.0,602.15,586.9400024414062,588.4850036621094,62.917387637677145,6.249093042460231,611.5,619.2999877929688,600.6500244140625
2025-08-06,614.2000122070312,616.1500244140625,594.9000244140625,599.8499755859375,305408.0,609.0599975585938,588.9099975585938,588.0200012207031,55.56174002121445,6.347589147530243,614.0,611.5,619.2999877929688
2025-08-07,590.0999755859375,594.9000244140625,579.5999755859375,582.2000122070312,516496.0,605.3699951171875,589.15,587.2725006103516,48.02041820547162,4.9444469757205525,599.8499755859375,614.0,611.5
2025-08-08,584.9500122070312,584.9500122070312,570.0,576.0999755859375,286556.0,596.7299926757812,589.2399963378906,586.7274993896484,45.71118682597712,3.302159481301146,582.2000122070312,599.8499755859375,614.0
2025-08-11,575.0,585.5499877929688,574.6500244140625,582.9500122070312,308283.0,591.0199951171875,591.25,586.6049987792969,48.694835810208495,2.524277220617705,576.0999755859375,582.2000122070312,599.8499755859375
2025-08-12,584.9000244140625,585.7000122070312,572.5999755859375,577.0,405451.0,583.6199951171875,592.8849975585938,586.35,46.31384423574031,1.4114137665798125,582.9500122070312,576.0999755859375,582.2000122070312
2025-08-13,585.0,590.0,573.7999877929688,582.0999755859375,467113.0,580.0699951171875,594.5649963378906,586.15,48.63230604261898,0.9302633719345295,577.0,582.9500122070312,576.0999755859375
2025-08-14,582.0999755859375,586.0,579.0999755859375,582.3499755859375,298454.0,580.0999877929687,592.7349914550781,585.8449981689453,48.749147060379705,0.5626354174753487,582.0999755859375,577.0,582.9500122070312
2025-08-18,590.0,598.5499877929688,584.3499755859375,595.2000122070312,408285.0,583.9199951171875,590.3249938964843,586.0224975585937,54.480437076085984,1.293270164610476,582.3499755859375,582.0999755859375,577.0
2025-08-19,595.2000122070312,605.7000122070312,587.8499755859375,602.1500244140625,397307.0,587.7599975585938,589.3899963378906,586.6375,57.2640601788057,2.405383602218876,595.2000122070312,582.3499755859375,582.0999755859375
2025-08-20,605.0,629.9000244140625,599.4500122070312,626.5499877929688,902649.0,597.6699951171875,590.6449951171875,588.7924987792969,65.28938993310224,5.195721595218515,602.1500244140625,595.2000122070312,582.3499755859375
2025-08-21,628.4500122070312,634.2000122070312,616.7000122070312,619.25,500756.0,605.1,592.5849975585937,590.7474975585938,61.564466175685816,6.740338129380689,626.5499877929688,602.1500244140625,595.2000122070312
2025-08-22,620.0,625.25,608.4500122070312,611.9500122070312,428662.0,611.0200073242188,595.5599975585938,592.3549987792969,58.0008276018348,7.291359599961652,619.25,626.5499877929688,602.1500244140625
2025-08-25,612.0,614.9000244140625,562.5999755859375,585.4500122070312,7862323.0,609.0700073242188,596.4950012207031,592.8674987792969,47.29767436025432,5.526019047283285,611.9500122070312,619.25,626.5499877929688
2025-08-26,580.0,581.75,553.5499877929688,572.75,1552917.0,603.1900024414062,595.475,593.3625,43.18474837437078,3.0668365117489884,585.4500122070312,611.9500122070312,619.25
2025-08-27,572.75,572.75,572.75,572.75,0.0,592.4300048828125,595.05,593.9674987792969,43.18474837437078,1.105176844173684,572.75,585.4500122070312,611.9500122070312
2025-08-28,575.0,578.25,559.4000244140625,567.4500122070312,622176.0,582.0700073242188,593.5850036621093,594.075,41.44062384648629,-0.8671216577153018,572.75,572.75,585.4500122070312
2025-08-29,567.0,575.25,562.5,573.5999755859375,855383.0,574.4,592.7100036621093,592.7224975585938,44.25409465249459,-1.911892674180308,567.4500122070312,572.75,572.75
2025-09-01,574.0,583.1500244140625,571.5,582.1500244140625,262840.0,573.7400024414062,591.4050048828125,590.8649993896485,47.99496063426839,-2.026602336982819,573.5999755859375,567.4500122070312,572.75
2025-09-02,585.0,600.0,581.2000122070312,595.7000122070312,581897.0,578.3300048828125,590.7600036621094,590.075,53.338984128017565,-1.01246868946032,582.1500244140625,573.5999755859375,567.4500122070312
2025-09-03,600.0,605.2999877929688,589.2999877929688,590.9000244140625,224303.0,581.960009765625,587.1950073242188,588.9200012207032,51.32686548732263,-0.5892864398210804,595.7000122070312,582.1500244140625,573.5999755859375
2025-09-04,606.0,618.0,601.3499755859375,615.5,2581730.0,591.5700073242188,586.8200073242188,589.7025024414063,59.71445733895066,1.7113733345844366,590.9000244140625,595.7000122070312,582.1500244140625
2025-09-05,618.0,618.0,596.2999877929688,604.9500122070312,500248.0,597.8400146484375,586.1200073242187,590.8400024414062,55.31224277223678,2.6527872560091055,615.5,590.9000244140625,595.7000122070312
2025-09-08,605.9500122070312,609.7000122070312,595.5999755859375,599.7000122070312,254765.0,601.3500122070312,587.5450073242188,592.0200042724609,53.210027300952895,2.9413276530681287,604.9500122070312,615.5,590.9000244140625
2025-09-09,604.5499877929688,604.5499877929688,586.5,587.8499755859375,353373.0,599.7800048828125,589.0550048828125,592.2650024414063,48.7099619347169,2.188570596624686,599.7000122070312,604.9500122070312,615.5
2025-09-10,590.5,605.0,589.25,599.7999877929688,298037.0,601.5599975585938,591.7600036621094,593.4050018310547,53.024461663825214,2.527140023657239,587.8499755859375,599.7000122070312,604.9500122070312
2025-09-11,599.5,603.9000244140625,593.0,602.0499877929688,221438.0,598.8699951171875,595.2200012207031,594.4025024414062,53.812274144424066,2.943088833740717,599.7999877929688,587.8499755859375,599.7000122070312
2025-09-12,602.5499877929688,606.5499877929688,595.1500244140625,601.9500122070312,202347.0,598.2699951171875,598.0550048828125,595.3825042724609,53.769124206328726,3.227459919301282,602.0499877929688,599.7999877929688,587.8499755859375
2025-09-15,601.9500122070312,605.5999755859375,593.9000244140625,599.7000122070312,191285.0,598.2699951171875,599.8100036621094,595.6075042724609,52.74407259002755,3.2339904288510297,601.9500122070312,602.0499877929688,599.7999877929688
2025-09-16,602.5,606.9000244140625,596.1500244140625,603.1500244140625,224889.0,601.3300048828125,600.5550048828125,595.657504272461,54.18629095788098,3.477466982149167,599.7000122070312,601.9500122070312,602.0499877929688
2025-09-17,603.1500244140625,607.5999755859375,599.0,603.25,218537.0,602.0200073242188,601.7900024414063,594.4925048828125,54.22988375706116,3.6365709725612305,603.1500244140625,599.7000122070312,601.9500122070312
2025-09-18,607.0,614.0,598.0499877929688,602.0999755859375,263729.0,602.0300048828125,600.45,593.6350036621094,53.59810283619378,3.628042852559247,603.25,603.1500244140625,599.7000122070312
2025-09-19,604.0,605.5499877929688,576.9000244140625,579.5999755859375,827160.0,597.5599975585938,597.9149963378907,592.0175018310547,43.03464312716286,1.78514426449442,602.0999755859375,603.25,603.1500244140625
2025-09-22,583.2000122070312,591.5,580.7999877929688,582.4500122070312,232438.0,594.1099975585937,596.1899963378906,591.8675018310547,44.52605775474197,0.5482876736534763,579.5999755859375,602.0999755859375,603.25
2025-09-23,585.9000244140625,585.9000244140625,574.5499877929688,576.5499877929688,660408.0,588.789990234375,595.0599975585938,592.0575012207031,42.07048318322824,-0.8976650236958221,582.4500122070312,579.5999755859375,602.0999755859375
2025-09-24,580.0499877929688,581.9000244140625,572.5999755859375,577.6500244140625,229847.0,583.6699951171875,592.8450012207031,592.3025024414062,42.70492845660932,-1.9325519361906345,576.5499877929688,582.4500122070312,579.5999755859375
2025-09-25,579.7000122070312,581.8499755859375,565.0999755859375,570.0,518243.0,577.25,589.6400024414063,592.4300018310547,39.467678711233326,-3.3315957446950506,577.6500244140625,576.5499877929688,582.4500122070312
2025-09-26,563.0999755859375,567.9000244140625,556.2000122070312,557.8499755859375,301703.0,572.9,585.2299987792969,591.6425018310547,34.93774275187789,-5.3589785023979175,570.0,577.6500244140625,576.5499877929688
