Date,Open,High,Low,Close,Volume,MA_5,MA_10,MA_20,RSI,MACD,Close_Lag1,Close_Lag2,Close_Lag3
2020-01-28,145.5981483082196,146.98833769591565,141.5020367189858,144.8782196044922,183388.0,144.53067321777343,145.69248809814454,138.44113006591797,68.4064735565426,4.842983314237131,145.54847717285156,145.02719116210938,144.2824249267578
2020-01-29,144.85340003684252,150.1907575360578,144.7789283114251,147.8075714111328,375458.0,145.50877685546874,145.77689208984376,139.5359085083008,72.55068114812386,4.8802917837554105,144.8782196044922,145.54847717285156,145.02719116210938
2020-01-30,148.57715132401614,154.80820039813636,148.57715132401614,151.25823974609375,1065394.0,146.90393981933593,146.2882843017578,140.54752349853516,76.46668318380608,5.12917319504146,147.8075714111328,144.8782196044922,145.54847717285156
2020-01-31,153.61658795606422,154.78336212031573,148.6267855507271,149.57012939453125,533388.0,147.81252746582032,146.48936462402344,141.53927917480468,71.12113425688122,5.1310495639296505,151.25823974609375,147.8075714111328,144.8782196044922
2020-02-03,137.53004527324688,142.4950288571186,135.2958026605046,139.88841247558594,646960.0,146.68051452636718,145.76943969726562,142.22941093444825,49.67344297231619,4.3017154598215654,149.57012939453125,151.25823974609375,147.8075714111328
2020-02-04,140.50905629936915,143.83560185556777,138.20034162024248,139.54087829589844,254826.0,145.61304626464843,145.07185974121094,142.838862991333,49.101039331811904,3.5752063501342093,139.88841247558594,149.57012939453125,151.25823974609375
2020-02-05,139.21813370280654,141.99852748107313,138.99471853743665,140.55868530273438,239540.0,144.16326904296875,144.83602294921874,143.58733444213868,50.886029250930626,3.046453545652298,139.54087829589844,139.88841247558594,149.57012939453125
2020-02-06,140.90624588237347,142.12267307514207,139.51605636372025,140.21115112304688,131072.0,141.95385131835937,144.42889556884765,144.2799499511719,50.23817475611123,2.5697475842665938,140.55868530273438,139.54087829589844,139.88841247558594
2020-02-07,140.50903637779464,141.70062941563071,139.56569252083807,140.31044006347656,116586.0,140.10191345214844,143.95722045898438,144.3879379272461,50.43233727165065,2.1748956202036425,140.21115112304688,140.55868530273438,139.54087829589844
2020-02-10,140.4345591582863,141.17930667178058,136.58669700523262,138.24996948242188,137724.0,139.77422485351562,143.2273696899414,144.3370460510254,46.387335287675015,1.676385509469526,140.31044006347656,140.21115112304688,140.55868530273438
2020-02-11,137.77828760531986,141.40271938065308,137.5300384384634,138.39891052246094,175884.0,139.54583129882812,142.57943878173828,144.1359634399414,46.7199998260166,1.2785921380488219,138.24996948242188,140.31044006347656,140.21115112304688
2020-02-12,138.25000796538072,141.2289988485829,137.6045508495282,138.2251739501953,109790.0,139.07912902832032,141.62119903564454,143.69904556274415,46.35864703183425,0.9385004864353732,138.39891052246094,138.24996948242188,140.31044006347656
2020-02-13,139.7394931075451,141.30346017556852,138.02656741518177,139.81396484375,156162.0,138.99969177246095,140.47677154541014,143.38252792358398,50.155355607047404,0.7880929048971552,138.2251739501953,138.39891052246094,138.24996948242188
2020-02-14,138.02656143582223,139.9877362651965,128.1462458598309,137.3314666748047,829026.0,138.40389709472657,139.2529052734375,142.87113494873046,44.817552456877515,0.4632370494183533,139.81396484375,138.2251739501953,138.39891052246094
2020-02-17,140.85660495316046,141.50204682527607,138.52305636579658,140.4097442626953,216654.0,138.83585205078126,139.30503845214844,142.53723907470703,51.68410566072437,0.4490019041380151,137.3314666748047,139.81396484375,138.2251739501953
2020-02-18,140.5338469190902,142.2715910824165,131.96925068555336,141.7999267578125,259922.0,139.51605529785155,139.53094329833985,142.3014015197754,54.44124309380386,0.5436299306184651,140.4097442626953,137.3314666748047,139.81396484375
2020-02-19,142.69362485241072,143.93487074561529,139.68981585162666,141.35308837890625,125730.0,140.14163818359376,139.61038360595703,142.22320327758788,53.386698876652716,0.5759282581120999,141.7999267578125,140.4097442626953,137.3314666748047
2020-02-20,140.5090643367894,140.9062570444604,138.29964012655176,139.0443878173828,126202.0,139.98772277832032,139.49370727539062,141.96130142211913,48.19250574656358,0.4105000851936893,141.35308837890625,141.7999267578125,140.4097442626953
2020-02-24,139.04434659838998,140.285592381814,137.0335344900135,138.2747802734375,517126.0,140.17638549804687,139.2901412963867,141.62368087768556,46.566055189616854,0.21481985976976148,139.0443878173828,141.35308837890625,141.7999267578125
2020-02-25,137.53005185456868,138.2251465591881,131.6217241374115,134.67518615722656,211586.0,139.02947387695312,138.9326629638672,141.08001632690429,39.80029567910172,-0.228086056710481,138.2747802734375,139.0443878173828,141.35308837890625
2020-02-26,133.55806495916227,136.51223639728306,131.94444521523187,135.14686584472656,281074.0,137.69886169433593,138.60745849609376,140.59344863891602,41.00979420567286,-0.5348659756712095,134.67518615722656,138.2747802734375,139.0443878173828
2020-02-27,134.05456471156748,138.3989256049979,131.795503107755,134.5758819580078,272224.0,136.34342041015626,138.242529296875,139.93186416625977,39.963072528110885,-0.8146738464394616,135.14686584472656,134.67518615722656,138.2747802734375
2020-02-28,128.1958820809473,134.55105500181173,128.1958820809473,131.72100830078125,346214.0,134.87874450683594,137.43323364257813,138.95500259399415,35.13443772477284,-1.2523517138977525,134.5758819580078,135.14686584472656,134.67518615722656
2020-03-02,133.06158369721646,134.5014261620615,131.7210318305396,133.11123657226562,284504.0,133.84603576660157,137.0112106323242,138.13205795288087,38.99972007115917,-1.4700885090369695,131.72100830078125,134.5758819580078,135.14686584472656
2020-03-03,132.81332397460938,134.97309507710565,129.21371052109194,132.81332397460938,363502.0,133.47366333007812,136.25156860351564,137.77830352783204,38.470685086902755,-1.6476919773033956,133.11123657226562,131.72100830078125,134.5758819580078
2020-03-04,133.40912472458794,133.9304419782825,130.35564747545868,132.06857299804688,343828.0,132.85800476074218,135.27843322753907,137.40468826293946,37.11523956563877,-1.8274732115136487,132.81332397460938,133.11123657226562,131.72100830078125
2020-03-05,133.2105128899898,133.4835960975201,130.08257907230504,130.65354919433594,217276.0,132.07353820800782,134.20847930908204,136.90943145751953,34.61944092208594,-2.06038094104548,132.06857299804688,132.81332397460938,133.11123657226562
2020-03-06,128.12139874559284,130.80250207408866,115.98202264970982,130.05775451660156,642518.0,131.7408874511719,133.3098159790039,136.40176162719726,33.59508569825884,-2.266906162793731,130.65354919433594,132.06857299804688,132.81332397460938
2020-03-09,127.10358881903352,127.82351755085026,121.64210648696567,125.86234283447266,399794.0,130.29110870361328,132.0685722351074,135.67935676574706,27.43834229977014,-2.7375566996290672,130.05775451660156,130.65354919433594,132.06857299804688
2020-03-11,124.12459837068978,128.17105724718857,124.12459837068978,127.30218505859376,111156.0,129.18888092041016,131.33127212524414,135.13196754455566,32.04138322648497,-2.960243561611435,125.86234283447266,130.05775451660156,130.65354919433594
2020-03-12,123.62810034397975,123.62810034397975,110.22264368017474,116.75159454345705,680322.0,126.12548522949218,129.4917449951172,134.04960174560546,21.352490416602663,-3.9426209041257607,127.30218505859376,125.86234283447266,130.05775451660156
2020-03-13,104.26466518121042,122.61027975385431,93.44099842339664,117.07432556152344,268486.0,123.40964050292969,127.74158935546875,132.99205932617187,22.20737700609594,-4.641614684949346,116.75159454345705,127.30218505859376,125.86234283447266
2020-03-16,109.72614296463762,118.88653664264643,107.83944758851436,116.42887115478516,252694.0,120.68386383056641,126.21237564086914,131.82280464172362,21.69935800059102,-5.1878527316027885,117.07432556152344,116.75159454345705,127.30218505859376
2020-03-17,114.19463289195092,116.47852858017572,110.76879693557818,115.18762969970705,307864.0,118.54892120361328,124.42001495361328,130.71561279296876,20.717830752904817,-5.655712596689625,116.42887115478516,117.07432556152344,116.75159454345705
2020-03-18,115.18763104018574,116.65229983347795,107.86427949776012,111.76179504394533,611094.0,115.44084320068359,122.31486206054687,129.28321533203126,18.262497453710765,-6.231102861286345,115.18762969970705,116.42887115478516,117.07432556152344
2020-03-19,109.47281607297764,111.96083462009078,99.52074188452514,107.45751953125,288882.0,113.58202819824218,119.85375671386718,127.56609497070312,15.738705611409216,-6.954258489988391,111.76179504394533,115.18762969970705,116.42887115478516
2020-03-20,108.0546358461133,111.9608277629756,103.40204600366071,110.39337921142578,169626.0,112.24583892822265,117.82773971557617,126.0181095123291,23.503903920318947,-7.207382971151318,107.45751953125,111.76179504394533,115.18762969970705
2020-03-23,99.52073869279155,102.00875716011136,89.96674929684953,97.05760192871094,758742.0,108.37158508300782,114.52772445678711,123.91877021789551,16.200555106642724,-8.387387143092113,110.39337921142578,107.45751953125,111.76179504394533
2020-03-24,101.5111457669005,105.49197501266131,93.07676532101064,103.62596130371094,515076.0,106.05925140380859,112.30408630371093,122.18632926940919,28.057922374537924,-8.692337388708495,97.05760192871094,110.39337921142578,107.45751953125
2020-03-25,97.23175517115033,101.71018825136802,95.61454322551614,97.853759765625,534854.0,103.27764434814453,109.35924377441407,120.3452579498291,24.74437703289513,-9.292661066930933,103.62596130371094,97.05760192871094,110.39337921142578
2020-03-26,101.51115580751528,103.50157062727048,85.09023354453485,94.17150115966795,409170.0,100.62044067382813,107.10123443603516,118.29648971557617,22.887460040306294,-9.95084228690314,97.853759765625,103.62596130371094,97.05760192871094
2020-03-27,95.04231205970486,98.05281613304167,93.82318444452078,96.98296356201172,244212.0,97.93835754394532,105.09209823608398,116.41684379577637,27.369130184604387,-10.12883521875247,94.17150115966795,97.853759765625,103.62596130371094
2020-03-30,94.5446994264436,98.00304349216076,92.47964718662944,94.22126007080078,406282.0,97.37108917236328,102.87133712768555,114.54185638427734,25.78389791018958,-10.373166880112777,96.98296356201172,94.17150115966795,97.853759765625
2020-03-31,97.5303195633051,99.02313057702916,95.2413396384631,97.77912139892578,71398.0,96.20172119140625,101.13048629760742,112.77525062561035,31.304151794084603,-10.162564094261299,94.22126007080078,96.98296356201172,94.17150115966795
2020-04-01,98.32649529381165,99.02313744473304,96.5600006198245,97.7044906616211,39560.0,96.17186737060547,99.724755859375,111.01980895996094,31.25164117496611,-9.887702664512958,97.77912139892578,94.22126007080078,96.98296356201172
2020-04-03,98.02791959351812,98.7494433714528,92.5542794131694,94.19637298583984,64446.0,96.17684173583984,98.39864120483398,109.12619895935059,28.805602780754825,-9.839524861330702,97.7044906616211,97.77912139892578,94.22126007080078
2020-04-07,96.5351174947581,97.03272119318468,89.84234926948646,90.9868392944336,200114.0,94.97761688232421,96.45798721313477,107.14286346435547,26.743275845936267,-9.945678559447316,94.19637298583984,97.7044906616211,97.77912139892578
2020-04-08,95.4403940729561,96.0126353081783,92.25572574067776,93.89781951904295,121012.0,94.91292877197266,96.14200897216797,105.33486671447754,31.531282433931523,-9.683291398351074,90.9868392944336,94.19637298583984,97.7044906616211
2020-04-09,95.8882390552666,96.53512543499504,91.08636600761685,92.08157348632812,136318.0,93.77341918945312,94.9875701904297,103.64582824707031,30.204794694903057,-9.512252236018142,93.89781951904295,90.9868392944336,94.19637298583984
2020-04-13,92.33036855671386,94.54470351521476,90.06627019080985,92.1562042236328,154042.0,92.66376190185545,94.41781463623047,101.88852920532227,30.334484905323507,-9.263892010291187,92.08157348632812,93.89781951904295,90.9868392944336
2020-04-15,92.55428499788852,99.96857683424344,92.23084564121054,96.65951538085938,321660.0,93.15639038085936,94.6666160583496,100.88392524719238,37.840169866027274,-8.604497872062083,92.1562042236328,92.08157348632812,93.89781951904295
2020-04-16,97.03272532603629,108.4278474682182,97.0078436214892,102.13316345214844,1256838.0,95.38565521240233,95.18163604736328,100.13686714172363,45.52290744203754,-7.553177286599549,96.65951538085938,92.1562042236328,92.08157348632812
2020-04-17,115.9914211324988,119.42488349587332,107.0345548703083,110.2192153930664,1821062.0,98.64993438720703,96.78143157958985,99.82638435363769,54.47458503678715,-5.998375792313794,102.13316345214844,96.65951538085938,92.1562042236328
2020-04-20,110.46802027879563,113.8517269230184,105.86518610051247,112.45843505859376,805734.0,102.72530670166016,98.24936294555664,99.68992462158204,56.60131307554034,-4.533241704756534,110.2192153930664,102.13316345214844,96.65951538085938
2020-04-21,109.97041674128042,121.91290543716607,106.3130265410335,108.07952117919922,4294082.0,105.90997009277343,99.28686599731445,99.50581092834473,51.5315715409458,-3.6829988207843627,112.45843505859376,110.2192153930664,102.13316345214844
2020-04-22,107.58191765055926,109.4230498088007,102.68052579637796,103.70060729980467,515600.0,107.3181884765625,100.23728942871094,99.31796531677246,46.998162805997204,-3.324197681888549,108.07952117919922,112.45843505859376,110.2192153930664
2020-04-23,106.98479576848104,111.96083278096854,103.99917356098857,104.44701385498048,857656.0,107.78095855712891,101.58330688476562,99.0206470489502,47.84048598255577,-2.945660680552848,103.70060729980467,108.07952117919922,112.45843505859376
2020-04-24,103.99917340703098,105.19341925112808,100.0183438029341,100.91403198242188,284522.0,105.919921875,102.28492813110351,99.21346855163574,44.255360528825754,-2.8973506359434964,104.44701385498048,103.70060729980467,108.07952117919922
2020-04-27,101.61066693145509,106.73598620239714,98.6001632379498,99.64513397216795,3954422.0,103.35726165771484,103.0412841796875,99.0144271850586,43.00873662332004,-2.9277052783245807,100.91403198242188,104.44701385498048,103.70060729980467
2020-04-28,100.96378417292648,101.46138785557832,95.53990706915329,99.9437026977539,671810.0,101.73009796142578,103.82003402709961,99.11892433166504,43.41265274182019,-2.894305794635386,99.64513397216795,100.91403198242188,104.44701385498048
2020-04-29,98.77433521960752,105.74078707388712,98.5504150714288,104.27285766601562,1242150.0,101.84454803466797,104.58136825561523,99.62399215698242,49.05111976170707,-2.4898088706912347,99.9437026977539,99.64513397216795,100.91403198242188
2020-04-30,105.91494891247706,106.98479381347995,102.5312422872522,104.72069549560548,809542.0,101.89928436279297,104.84012145996094,100.01087875366211,49.610470658383996,-2.1087964809592705,104.27285766601562,99.9437026977539,99.64513397216795
2020-05-04,100.51594581522576,101.48627149636124,98.02792735445284,99.6700210571289,350004.0,101.65048217773438,103.78520202636719,100.28331680297852,43.773657244533034,-2.189153435880101,104.72069549560548,104.27285766601562,99.9437026977539
2020-05-05,101.31210435212844,101.31210435212844,97.67959625399742,99.4460906982422,340792.0,101.61067352294923,102.48396759033203,100.36666526794434,43.529128051217974,-2.245026937044017,99.6700210571289,104.72069549560548,104.27285766601562
2020-05-06,100.51594446143324,101.01354814688588,97.03271866326476,97.58008575439452,299426.0,101.13795013427735,101.43402404785157,100.36044502258301,41.45115907902881,-2.412073214820765,99.4460906982422,99.6700210571289,104.72069549560548
2020-05-07,96.98295144003173,98.500644139487,96.53511117788462,97.03271484375,109732.0,99.68992156982422,100.7672348022461,100.50226211547852,40.83534595953413,-2.559126830283347,97.58008575439452,99.4460906982422,99.6700210571289
2020-05-08,99.072892550476,99.47096940745652,95.78870533058148,96.7839126586914,177956.0,98.10256500244141,100.00092468261718,100.7921157836914,40.54052470948954,-2.66502340610306,97.03271484375,97.58008575439452,99.4460906982422
2020-05-11,97.77912297153748,98.50064678787604,92.50452093441432,92.87772369384766,214956.0,96.74410552978516,99.19729385375976,100.74111099243164,36.13014491821592,-3.0292249894125547,96.7839126586914,97.03271484375,97.58008575439452
2020-05-12,92.0566806735376,93.35045327689213,89.71794489931635,91.78299713134766,247316.0,95.21148681640625,98.41108016967773,100.72618217468262,34.98156056799397,-3.3673756424110337,92.87772369384766,96.7839126586914,97.03271484375
2020-05-13,98.02792735445284,100.88914858434168,94.74373994910069,99.6700210571289,954616.0,95.62947387695313,98.38371200561524,101.10187301635742,47.84557547122775,-2.9647695372345595,91.78299713134766,92.87772369384766,96.7839126586914
2020-05-14,99.52074254100737,100.49106826221616,96.53512026477716,97.60496520996094,165520.0,95.74392395019531,97.71692276000977,101.1491455078125,45.317393984046106,-2.7802846558904974,99.6700210571289,91.78299713134766,92.87772369384766
2020-05-15,98.89872823092504,99.0480108487074,96.18678978039132,96.7839126586914,155686.0,95.74392395019531,96.92324447631836,100.88168296813964,44.31476839311384,-2.6695581329342843,97.60496520996094,99.6700210571289,91.78299713134766
2020-05-18,102.008758630789,102.95420262486924,95.19158945061444,96.95808410644533,1311888.0,96.55999603271485,96.65205078125,100.2186264038086,44.594805146962386,-2.5384902500801303,96.7839126586914,97.60496520996094,99.6700210571289
2020-05-19,98.02793098835436,99.12265763311008,93.5494975929473,93.82318115234376,290794.0,96.96803283691406,96.08975982666016,99.2868637084961,40.63389258577383,-2.656950802586209,96.95808410644533,96.7839126586914,97.60496520996094
2020-05-20,93.82317024284886,98.52552324268385,92.703562024182,97.9035186767578,264840.0,96.61473236083984,96.12210311889649,98.77806358337402,47.20664022182861,-2.393986124652386,93.82318115234376,96.95808410644533,96.7839126586914
2020-05-21,97.90353045863355,98.87385617968296,95.53991282367288,95.8384780883789,140186.0,96.26143493652344,96.00267944335937,98.38495712280273,44.52016793867861,-2.325410356972057,97.9035186767578,93.82318115234376,96.95808410644533
2020-05-22,95.63942670212064,96.78391669575204,93.69877536848936,94.71886444091795,119104.0,95.84842529296876,95.79617462158203,97.8985496520996,43.08842781763746,-2.3344964099319583,95.8384780883789,97.9035186767578,93.82318115234376
2020-05-26,94.54469312771224,95.5399004237934,93.3255657085786,94.1217269897461,118350.0,95.28115386962891,95.92057495117187,97.55893440246582,42.30696188459517,-2.362646061091681,94.71886444091795,95.8384780883789,97.9035186767578
2020-05-27,94.5446969724632,95.14181985582864,93.07676766961453,93.57437133789062,128216.0,95.23139190673828,96.09971237182617,97.25539627075196,41.56285595655435,-2.401439588375183,94.1217269897461,94.71886444091795,95.8384780883789
2020-05-28,93.7982950304226,97.53032268415296,93.7982950304226,96.7341537475586,244112.0,94.99751892089844,95.80612564086914,97.09491882324218,47.32279518028273,-2.152404130194995,93.57437133789062,94.1217269897461,94.71886444091795
2020-05-29,96.38583095406882,100.34177867741022,95.19158516345504,99.86905670166016,355944.0,95.80363464355469,96.03253479003907,96.87472877502441,52.34180573273606,-1.6826843289551903,96.7341537475586,93.57437133789062,94.1217269897461
2020-06-01,100.2920275355762,102.50636248823668,99.8690613522549,100.4910659790039,240070.0,96.95807495117188,96.40325012207032,96.66324729919434,53.292711512152,-1.2458753761848271,99.86905670166016,96.7341537475586,93.57437133789062
2020-06-02,100.49106399002078,104.4967752255668,99.1972989476878,102.9542007446289,591422.0,98.72456970214844,97.00286178588867,96.82745628356933,56.9553579664456,-0.692958746686017,100.4910659790039,99.86905670166016,96.7341537475586
2020-06-03,103.7503626141633,105.86517815905631,99.22216629267244,100.16761779785156,662020.0,100.04321899414063,97.63730545043946,96.8635326385498,51.98845433809308,-0.47415650854027547,102.9542007446289,100.4910659790039,99.86905670166016
2020-06-04,99.595368747101,100.96377880159334,96.78391112682118,97.306396484375,571724.0,100.15766754150391,97.57759323120118,96.84984817504883,47.41608791267635,-0.5255723354721908,100.16761779785156,102.9542007446289,100.4910659790039
2020-06-05,97.50544480764836,101.48627446118095,97.50544480764836,100.14274597167967,359576.0,100.2124053955078,98.00802001953124,97.0053497314453,51.92950710144897,-0.3336044648734884,97.306396484375,100.16761779785156,102.9542007446289
2020-06-08,102.00874903968224,103.45179659872169,97.8786371941439,98.57528686523438,938880.0,99.82924957275391,98.39366226196289,97.09491844177246,49.4057285454912,-0.30443999964936097,100.14274597167967,97.306396484375,100.16761779785156
2020-06-09,100.71498855701353,102.48148325818438,97.53032782832278,98.2767333984375,573064.0,98.89375610351563,98.80916290283203,97.36486892700195,48.918068773356005,-0.3019371766723822,98.57528686523438,100.14274597167967,97.306396484375
2020-06-10,98.99824907949152,103.30252540032214,98.12744265301954,102.82979583740234,669790.0,99.42619171142579,99.73470535278321,97.91720886230469,56.04375055454273,0.06667186411500836,98.2767333984375,98.57528686523438,100.14274597167967
2020-06-11,102.8546826914231,106.23838935090792,99.5207394387896,100.41642761230467,981792.0,100.04819793701172,100.10293273925781,97.95452919006348,51.91025966558876,0.16218892524700834,102.82979583740234,98.2767333984375,98.57528686523438
2020-06-12,95.04230812102416,98.92361855762152,95.04230812102416,97.95329284667967,373862.0,99.61030731201171,99.91135635375977,97.97194557189941,48.01765741758806,0.038686539699483546,100.41642761230467,102.82979583740234,98.2767333984375
2020-06-15,100.01834121973796,109.47281128528532,100.01834121973796,107.93023681640624,2620078.0,101.48129730224609,100.6552734375,98.52926177978516,60.830131144385525,0.7373661094088249,97.95329284667967,100.41642761230467,102.82979583740234
2020-06-16,109.97041497294572,112.45843341124764,106.9847928469834,107.93023681640624,1090890.0,103.41199798583985,101.15287704467774,99.0778694152832,60.830131144385525,1.2763616000994915,107.93023681640624,97.95329284667967,100.41642761230467
2020-06-17,107.03455386721905,110.46801619841638,107.03455386721905,108.37808227539062,712284.0,104.5216552734375,101.97392349243164,99.80561447143555,61.326371489755125,1.719831646797786,107.93023681640624,107.93023681640624,97.95329284667967
2020-06-18,109.47281074268828,111.93594746583284,108.4776033723002,109.19912719726562,1299350.0,106.27819519042968,103.1631965637207,100.37039489746094,62.2701041540058,2.1131769290409324,108.37808227539062,107.93023681640624,107.93023681640624
2020-06-19,109.97040992229336,111.8115419635125,109.4728062574866,110.34361267089844,522050.0,108.75625915527344,104.18328323364258,101.09565162658691,63.60338935145774,2.4885696303583558,109.19912719726562,108.37808227539062,107.93023681640624
2020-06-22,111.36371073560254,111.36371073560254,107.48240031671088,108.47760772705078,387394.0,108.86573333740235,105.17351531982422,101.78358879089356,59.88751570822407,2.6054658580310672,110.34361267089844,109.19912719726562,108.37808227539062
2020-06-23,109.3732918965102,110.06993402102128,108.00488175756868,108.35320281982422,262772.0,108.95032653808593,106.1811622619629,102.49516258239746,59.63736110362091,2.6574352647989485,108.47760772705078,110.34361267089844,109.19912719726562
2020-06-24,109.3484046643234,111.78665956964986,108.47759825630264,110.94073486328124,999860.0,109.46285705566406,106.99225616455078,103.363480758667,63.09071250927842,2.8742806865048465,108.35320281982422,108.47760772705078,110.34361267089844
2020-06-25,108.97520051375056,114.37420321103838,108.90056300258514,109.94552612304688,1092550.0,109.61213684082031,107.945166015625,104.0240493774414,60.931399974796044,2.9320286166944385,110.94073486328124,108.35320281982422,108.47760772705078
2020-06-26,110.96562107941084,112.40866871999332,109.4728100334995,109.79624938964844,224458.0,109.5026641845703,109.12946166992188,104.52040901184083,60.596388686369416,2.9319511745297575,109.94552612304688,110.94073486328124,108.35320281982422
2020-06-29,109.27377548063254,109.27377548063254,100.78963088300604,104.19821166992188,764866.0,108.64678497314453,108.75625915527344,104.70576629638671,49.58593587910562,2.4519108399264837,109.79624938964844,109.94552612304688,110.94073486328124
2020-06-30,103.47669232728664,105.36758798682042,103.2527721712644,104.1484603881836,221324.0,107.8058364868164,108.37808151245117,104.76547927856446,49.499853257356534,2.0439000955838083,104.19821166992188,109.79624938964844,109.94552612304688
2020-07-01,104.12357330322266,104.99437977051365,101.75995574914712,104.12357330322266,504372.0,106.4424041748047,107.95263061523437,104.96327705383301,49.453603511195055,1.698955954685033,104.1484603881836,104.19821166992188,109.79624938964844
2020-07-02,104.99438016320605,107.98000234794176,103.80013432644368,107.2335968017578,1145492.0,105.90001831054687,107.75607757568359,105.45963706970215,55.09947726266999,1.6574322948362408,104.12357330322266,104.1484603881836,104.19821166992188
2020-07-03,107.48239642270092,107.93023670399695,104.49677429984813,105.06901550292967,150336.0,104.95457153320312,107.22861785888672,105.70595054626465,50.84284871105867,1.4333382435401063,107.2335968017578,104.12357330322266,104.1484603881836
2020-07-06,106.98479766796832,109.32353358679512,104.64606174914154,108.12928771972656,602714.0,105.74078674316407,107.1937858581543,106.18365058898925,56.016305457141144,1.4855559215734786,105.06901550292967,107.2335968017578,104.12357330322266
2020-07-07,108.22880385642829,108.87569017965336,106.4871909208076,106.98479461669922,301714.0,106.30805358886718,107.0569450378418,106.61905364990234,53.73849582482351,1.4182392004569948,108.12928771972656,105.06901550292967,107.2335968017578
2020-07-08,107.88048180140164,108.65176904154691,104.07380900694136,105.14366149902344,279284.0,106.51207122802734,106.47723770141602,106.7347469329834,50.201942742428045,1.2024648916143121,106.98479461669922,108.12928771972656,105.06901550292967
2020-07-09,105.09390347076544,107.23360097159532,104.7455823875676,105.16854858398438,268136.0,106.09906158447265,105.99953994750976,106.97235298156738,50.249603917050806,1.0216929368585,105.14366149902344,106.98479461669922,108.12928771972656
2020-07-10,104.64605726386608,107.05943059863284,104.12357187210677,105.31781768798828,220980.0,106.14882202148438,105.55169677734375,107.34057922363282,50.555273971948495,0.8803267704961684,105.16854858398438,105.14366149902344,106.98479461669922
2020-07-13,105.9895880855956,106.3627908605449,101.08818860412978,103.10348510742188,172968.0,105.14366149902344,105.44222412109374,107.0992416381836,46.03654131509697,0.5828956733808326,105.31781768798828,105.16854858398438,105.14366149902344
2020-07-14,102.00875211003668,103.27764298411766,100.29202097114096,101.23746490478516,266164.0,103.99419555664062,105.1511245727539,106.76460304260254,42.582411858945314,0.19436661334076177,103.10348510742188,105.31781768798828,105.16854858398438
2020-07-15,102.357076470902,103.50156646479984,101.03842974297751,101.95899200439452,115580.0,103.35726165771484,104.93466644287109,106.44364852905274,44.321977082841336,-0.054693783170122856,101.23746490478516,103.10348510742188,105.31781768798828
2020-07-16,102.73027834361106,112.756997063624,102.15803714804004,104.07380676269533,350182.0,103.13831329345703,104.61868743896484,106.18738250732422,49.181789513438645,-0.08050010988064571,101.95899200439452,101.23746490478516,103.10348510742188
2020-07-17,104.91973280320664,105.4422105622579,102.6805163747156,103.97428131103516,180216.0,102.8696060180664,104.50921401977538,105.86891593933106,48.96518395327092,-0.10774071401840501,104.07380676269533,101.95899200439452,101.23746490478516
2020-07-20,103.9991707835478,109.47281135110296,103.9991707835478,105.74078369140624,276342.0,103.39706573486328,104.27036361694336,105.73207473754883,52.92790544606057,0.013062315521708001,103.97428131103516,104.07380676269533,101.95899200439452
2020-07-21,106.46230915395248,106.86039362899434,102.58099880974667,104.12357330322266,770682.0,103.97428741455079,103.9842414855957,105.52059326171874,49.1642215360759,-0.021448530654055276,105.74078369140624,103.97428131103516,104.07380676269533
2020-07-22,104.4967819097212,105.31782501616549,102.7551688778925,103.3025360107422,129970.0,104.24299621582031,103.80012893676758,105.1386833190918,47.324322936939396,-0.11373836759187839,104.12357330322266,105.74078369140624,103.97428131103516
2020-07-23,103.02884635696532,104.9694977263524,103.02884635696532,103.87477111816406,103310.0,104.20318908691407,103.67075119018554,104.83514556884765,48.76352013477673,-0.1391006715226979,103.3025360107422,104.12357330322266,105.74078369140624
2020-07-24,103.42693083071468,104.99437942961733,102.10827648597184,103.87477111816406,120562.0,104.18328704833985,103.52644653320313,104.53907165527343,48.76352013477673,-0.15738622962778948,103.87477111816406,103.3025360107422,104.12357330322266
2020-07-27,104.99437917427235,106.48719025257957,101.01354963211983,101.43651580810548,242018.0,103.32243347167969,103.35974960327148,104.40098686218262,42.962860134779746,-0.3644236434227537,103.87477111816406,103.87477111816406,103.3025360107422
2020-07-28,101.5609213699528,103.77525638534588,100.416431305745,102.05852508544922,437574.0,102.909423828125,103.4418556213379,104.2964900970459,44.76785768695607,-0.47286049371989236,101.43651580810548,103.87477111816406,103.87477111816406
2020-07-29,103.00396526561065,103.50156896254596,101.0384321812821,101.51115417480467,166648.0,102.5511474609375,103.3970718383789,104.165869140625,43.46432667291351,-0.5960943323377847,102.05852508544922,101.43651580810548,103.87477111816406
2020-07-30,102.82979335285576,102.90443845759036,100.11785492307692,101.0881805419922,113078.0,101.99382934570313,103.0985092163086,103.85859832763671,42.4360585760974,-0.719593449173459,101.51115417480467,102.05852508544922,101.43651580810548
2020-07-31,102.00875775492068,105.9895873258444,100.09298048678168,104.79534149169922,328624.0,102.17794342041016,103.180615234375,103.8449146270752,52.94367561665622,-0.5124235823396219,101.0881805419922,101.51115417480467,102.05852508544922
2020-08-03,105.49198032327917,105.49198032327917,101.51115087711769,101.88435363769533,124180.0,102.26751098632812,102.7949722290039,103.53266792297363,45.86405764280409,-0.5764869789306317,104.79534149169922,101.0881805419922,101.51115417480467
2020-08-04,101.56091238730572,102.85467737747015,100.78962517793744,101.06330871582033,157454.0,102.06846771240234,102.48894577026367,103.2365936279297,44.073911294822445,-0.6856059075896184,101.88435363769533,104.79534149169922,101.0881805419922
2020-08-05,101.93412402041965,102.10828076491268,100.26714853860118,101.38675689697266,148666.0,102.04358825683593,102.29736785888673,103.04874839782715,44.98491538088396,-0.7374826388676752,101.06330871582033,101.88435363769533,104.79534149169922
2020-08-06,101.38674613038148,102.35707175269532,101.0384250855546,101.33698272705078,84014.0,102.09334869384766,102.0435890197754,102.85717010498047,44.86380371838759,-0.7736930300466156,101.38675689697266,101.06330871582033,101.88435363769533
2020-08-07,102.00875300622867,103.0039603526309,100.76474382322588,101.3121109008789,89860.0,101.39670257568359,101.78732299804689,102.656884765625,44.79889922986493,-0.7952300573595181,101.33698272705078,101.38675689697266,101.06330871582033
2020-08-10,102.00875903152834,103.3771692136586,101.46139192154426,102.92932891845705,162782.0,101.60569763183594,101.93660430908204,102.64817695617675,49.876574936258834,-0.6740325012040245,101.3121109008789,101.33698272705078,101.38675689697266
2020-08-11,103.70060994378746,107.48240117024284,102.9790860841273,105.69102478027344,805230.0,102.53124084472657,102.29985427856447,102.87085494995117,57.1288507080074,-0.3510896462797177,102.92932891845705,101.3121109008789,101.33698272705078
2020-08-12,105.3924610720127,105.491980289569,99.79441966513696,104.07380676269533,371810.0,103.06865081787109,102.55611953735351,102.97659568786621,52.35197394596474,-0.2230795630970448,105.69102478027344,102.92932891845705,101.3121109008789
2020-08-13,104.69580881867076,108.47759973652543,104.24796855413796,107.13407135009766,319240.0,104.22806854248047,103.16070861816407,103.12960891723633,59.28902843455947,0.12387912515049493,104.07380676269533,105.69102478027344,102.92932891845705
2020-08-14,107.93022968092876,110.86609579972703,105.01925285626366,106.66134643554688,474072.0,105.29791564941407,103.34730911254883,103.26396217346192,57.8870358940029,0.35659087774322984,107.13407135009766,104.07380676269533,105.69102478027344
2020-08-17,108.97520935111724,113.90148290109062,107.18383300958338,113.13020324707033,1214906.0,107.33809051513671,104.47189407348633,103.63343315124511,68.76999788509276,1.050885348326375,106.66134643554688,107.13407135009766,104.07380676269533
2020-08-18,113.90147505673312,121.14160984863116,110.99049819325592,119.44976043701172,3574322.0,110.08983764648437,106.31053924560547,104.39974250793458,75.44576894086067,2.0869965715042156,113.13020324707033,106.66134643554688,107.13407135009766
2020-08-19,121.11673020398808,128.6305486558319,121.11673020398808,127.93390655517578,1615712.0,114.86185760498047,108.96525421142579,105.63131103515624,81.24277937171607,3.5517791680753845,119.44976043701172,113.13020324707033,106.66134643554688
2020-08-20,127.38654505510428,131.76545146710967,124.40092290537528,125.34636688232422,805728.0,118.50431671142579,111.36619262695312,106.70489082336425,75.39633852026103,4.4525113234740274,127.93390655517578,119.44976043701172,113.13020324707033
2020-08-21,129.37693958973026,130.6209486242469,127.48605193152784,129.52621459960938,674954.0,123.07729034423828,114.18760299682617,107.98746299743652,78.13374517370283,5.440907430382055,125.34636688232422,127.93390655517578,119.44976043701172
2020-08-24,134.32813876039546,135.771186602277,130.4717096871689,131.317626953125,791292.0,126.71477508544922,117.02643280029297,109.4815185546875,79.20178027497727,6.296191890714297,129.52621459960938,125.34636688232422,127.93390655517578
2020-08-25,134.8506041379633,135.24868102794423,131.81521849846388,132.4621124267578,523286.0,129.31724548339844,119.7035415649414,111.00169792175294,79.87799071199626,6.9858330653303256,131.317626953125,129.52621459960938,125.34636688232422
2020-08-26,133.4075418380121,135.59699486475162,129.87455287963363,131.44200134277344,2134588.0,130.01886444091798,122.44036102294922,112.49824028015136,77.46053749222922,7.365163208938654,132.4621124267578,131.317626953125,129.52621459960938
2020-08-27,132.7108986134225,136.14436073759646,131.44200020328424,134.82571411132812,1290666.0,131.91473388671875,125.20952529907227,114.18511695861817,79.65952491971731,7.848351511434572,131.44200134277344,132.4621124267578,131.317626953125
2020-08-28,135.14917207130156,139.6276055076327,132.48698915812827,134.45252990722656,968852.0,132.89999694824218,127.98864364624023,115.66797637939453,78.74703547312303,8.107708261935429,134.82571411132812,131.44200134277344,132.4621124267578
2020-08-31,134.67642961420415,135.24867079487782,124.40091691422124,125.91860961914062,546104.0,131.8201934814453,129.26748428344726,116.8696891784668,61.42044503925661,7.537743889495516,134.45252990722656,134.82571411132812,131.44200134277344
2020-09-01,126.96357061515964,130.37215871801033,119.49951572672394,124.42579650878906,586364.0,130.21293029785156,129.765087890625,118.03781356811524,58.975916364347434,6.886205584456192,125.91860961914062,134.45252990722656,134.82571411132812
2020-09-02,125.39613534221408,126.88894647724044,124.40092791886318,125.12245178222656,98556.0,128.9490203857422,129.48394241333008,119.22459831237794,59.780399784871356,6.352839463181581,124.42579650878906,125.91860961914062,134.45252990722656
2020-09-03,125.12243921930256,126.46596758736324,121.91289711981612,122.73394012451172,192530.0,126.53066558837891,129.22269973754882,120.29444618225098,55.74420553489379,5.672026450021292,125.12245178222656,124.42579650878906,125.91860961914062
2020-09-04,118.50430796768278,123.85354728450729,114.5234787086506,121.98753356933594,422844.0,124.03766632080078,128.46883163452148,121.32821731567383,54.505727948020436,5.014445059810214,122.73394012451172,125.12245178222656,124.42579650878906
2020-09-07,121.98754439428431,122.3607471704359,117.21055341524192,120.9425811767578,210312.0,123.04246063232422,127.43132705688477,122.22887992858887,52.73917170449057,4.358743266250457,121.98753356933594,122.73394012451172,125.12245178222656
2020-09-08,119.6736881517124,128.33198937171062,118.42967891936613,126.68990325927734,397498.0,123.49528198242187,126.85410614013672,123.27882385253906,60.350739663336235,4.253820337522853,120.9425811767578,121.98753356933594,122.73394012451172
2020-09-09,126.39133173715024,126.39133173715024,120.19616758592274,125.49564361572266,206644.0,123.56992034912109,126.25947036743165,124.34991569519043,58.25133299275127,4.027870603136208,126.68990325927734,120.9425811767578,121.98753356933594
2020-09-10,125.49564675465282,129.37695698269974,123.18179267651716,127.73487091064452,156114.0,124.57010650634766,125.55038604736328,125.37995567321778,60.99138385850313,3.9835706170647995,125.49564361572266,126.68990325927734,120.9425811767578
2020-09-11,125.74444770995716,128.3817487176848,123.00762748535536,124.37603759765624,265596.0,125.04780731201171,124.54273681640625,126.26569023132325,55.14488093835838,3.6355247156358246,127.73487091064452,125.49564361572266,126.68990325927734
2020-09-14,127.33678614467964,135.94533942506882,127.13774769813551,132.11378479003906,1421888.0,127.28204803466797,125.1622543334961,127.21486930847168,63.76265048679724,3.938664885525327,124.37603759765624,127.73487091064452,125.49564361572266
2020-09-15,132.8850614041332,133.20851595618453,129.37696140941117,130.96929931640625,187952.0,128.13792724609374,125.81660461425781,127.79084625244141,61.86926835416002,4.039984811211326,132.11378479003906,124.37603759765624,127.73487091064452
2020-09-16,131.56642046741166,133.85540061543972,128.15783194992358,131.9147491455078,165964.0,129.42174835205077,126.49583435058594,127.98988838195801,62.850645788841646,4.148747305609206,130.96929931640625,132.11378479003906,124.37603759765624
2020-09-17,133.5817120148725,134.1041897969607,131.01904095185793,131.7156982421875,564450.0,130.21791381835936,127.39401016235351,128.30835494995117,62.486014357660466,4.170802210008091,131.9147491455078,130.96929931640625,132.11378479003906
2020-09-18,131.9645074230515,135.24867969723104,131.09370094733364,134.328125,262382.0,132.2083312988281,128.62806930541993,128.5484504699707,65.32900431472126,4.3489498997186615,131.7156982421875,131.9147491455078,130.96929931640625
2020-09-21,133.7807574889396,134.32812459487195,125.59517056761511,127.26214599609376,167932.0,131.23800354003907,129.26002578735353,128.34567642211914,53.515592172718755,3.87529577710373,134.328125,131.7156982421875,131.9147491455078
2020-09-22,127.262134525918,129.37695005567423,118.42966966634792,123.00762176513672,237294.0,129.64566802978516,128.89179763793945,127.87295188903809,47.899159563784075,3.1206440811084946,127.26214599609376,134.328125,131.7156982421875
2020-09-23,123.60475981545603,126.3913436576384,121.091867128023,125.19709777832033,103472.0,128.30213775634766,128.86194305419923,127.56070671081542,50.76298041393697,2.66848891200884,123.00762176513672,127.26214599609376,134.328125
2020-09-24,121.48993697463531,126.14253447873432,120.42009208620792,123.25643157958984,275532.0,126.61028442382812,128.41409912109376,126.98224258422852,48.232315948980975,2.129015177778385,125.19709777832033,123.00762176513672,127.26214599609376
2020-09-25,122.9081146398378,125.54541578427886,120.07177505133062,124.05260467529295,124988.0,124.55518035888672,128.38175582885742,126.46224632263184,49.347960203439165,1.7456006736621248,123.25643157958984,125.19709777832033,123.00762176513672
2020-09-28,124.05259188365764,125.84396047402645,122.9827394768372,124.69947814941406,359812.0,124.04264678955079,127.64032516479492,126.4012897491455,50.2854086613545,1.476914251863775,124.05260467529295,123.25643157958984,125.19709777832033
2020-09-29,124.69948626313185,128.35687637812126,122.16170443728252,125.62004852294922,116624.0,124.56513214111328,127.10540008544922,126.46100234985352,51.65663660992386,1.3230098286642828,124.69947814941406,124.05260467529295,123.25643157958984
2020-09-30,126.26693893060452,128.87935835675495,124.67460860846928,127.51094818115234,204914.0,125.02790222167968,126.66501998901367,126.5804271697998,54.436593985268715,1.3381934034083685,125.62004852294922,124.69947814941406,124.05260467529295
2020-10-01,128.3817578100772,130.86977637228802,126.98846589667316,127.56071472167967,134018.0,125.88875885009766,126.2495216369629,126.8217658996582,54.51073590690586,1.338809279692569,127.51094818115234,125.62004852294922,124.69947814941406
2020-10-05,127.56070551710118,128.58078697973608,125.39612648703834,125.89373016357422,99966.0,126.25698394775391,125.40608215332031,127.01707572937012,51.488445158738145,1.1910558928903896,127.56071472167967,127.51094818115234,125.62004852294922
2020-10-06,126.1674147607333,132.13865133633598,126.14253305813224,127.73487091064452,261890.0,126.8640625,125.45335464477539,127.35669021606445,54.489707244888855,1.2085930324225842,125.89373016357422,127.56071472167967,127.51094818115234
2020-10-07,129.87455813842772,129.87455813842772,125.39612509917158,125.99324798583984,95438.0,126.93870239257812,125.75191726684571,127.32185745239258,51.25911841870377,1.0696269336964832,127.73487091064452,125.89373016357422,127.56071472167967
2020-10-08,126.64014137245694,128.85448390686793,125.74445319585394,127.26214599609376,172068.0,126.88894195556641,125.95842208862305,127.41018257141113,53.42567982925982,1.049783513191187,125.99324798583984,127.73487091064452,125.89373016357422
2020-10-09,126.88894355587844,128.38175465653583,126.86406185230148,127.51094818115234,83126.0,126.87898864746094,126.3838737487793,127.39898643493652,53.85877061331913,1.0421207966382582,127.26214599609376,125.99324798583984,127.73487091064452
2020-10-12,127.61047636023652,128.381756029561,123.25643634392338,127.4114227294922,121044.0,127.18252716064453,126.71975555419922,127.55075569152832,53.64388009599578,1.0163018710397012,127.51094818115234,127.26214599609376,125.99324798583984
2020-10-13,126.98845587331944,128.77982454101826,124.47555580526678,128.008544921875,101468.0,127.23726196289063,127.05066223144532,127.34549369812012,54.80888462675786,1.0321252595381623,127.4114227294922,127.51094818115234,127.26214599609376
2020-10-14,127.88415041036416,128.00855133488787,123.20667868540497,123.72915649414062,98876.0,126.78444366455078,126.86157302856445,126.98348655700684,45.904928161095754,0.691384674986466,128.008544921875,127.4114227294922,127.51094818115234
2020-10-15,123.45548046601547,126.54062187392704,121.3406647502849,121.9626693725586,68338.0,125.72454833984375,126.30674514770507,126.48588256835937,42.8130545739837,0.2756272993284625,123.72915649414062,128.008544921875,127.4114227294922
2020-10-16,121.09186374395516,124.07748595164342,119.92249200881196,122.0373077392578,85716.0,124.62982025146485,125.7544044494629,126.0019630432129,42.987784250200335,-0.04729553040282042,121.9626693725586,123.72915649414062,128.008544921875
2020-10-19,123.75403842466127,123.75403842466127,118.42968036384434,119.35025024414062,116370.0,123.01758575439453,125.10005645751953,125.25306930541993,38.434820948122436,-0.5141109318779655,122.0373077392578,121.9626693725586,123.72915649414062
2020-10-20,120.3952151705162,123.530120037465,119.17608760915556,122.36074829101562,90708.0,121.88802642822266,124.56264419555664,125.00799942016602,45.41075335931678,-0.6338369898997769,119.35025024414062,122.0373077392578,121.9626693725586
2020-10-21,121.91290275341348,129.70039738195885,121.91290275341348,128.4812774658203,224106.0,122.8384506225586,124.81144714355469,125.2816822052002,56.26163382773781,-0.23216890187092076,122.36074829101562,119.35025024414062,122.0373077392578
2020-10-22,128.13294404781686,128.13294404781686,123.90331288507338,124.57508087158205,75246.0,123.36093292236328,124.54274063110351,125.25058135986328,49.49916112043706,-0.2264313087747638,128.4812774658203,122.36074829101562,119.35025024414062
2020-10-23,125.1970852502616,126.73965205728538,122.83346783964012,123.90331268310548,335070.0,123.73413391113282,124.18197708129883,125.28292541503906,48.42125910457357,-0.27294397527276715,124.57508087158205,128.4812774658203,122.36074829101562
2020-10-26,124.84875459926532,126.391328974272,120.71865031728282,121.98753356933594,57156.0,124.26159057617187,123.6395881652832,125.1796718597412,45.38588033281352,-0.45910073473547186,123.90331268310548,124.57508087158205,128.4812774658203
2020-10-27,121.91290636364091,127.78462394280952,120.8430614469695,123.97795867919922,128044.0,124.5850326538086,123.23652954101563,125.14359588623047,48.96541438354775,-0.44093777985550275,121.98753356933594,123.90331268310548,124.57508087158205
2020-10-28,124.37604025044628,126.06789734471036,120.96745954462084,122.41050720214844,104086.0,123.37087860107422,123.1046646118164,124.98311882019043,46.387010807647954,-0.5467214768526674,123.97795867919922,121.98753356933594,123.90331268310548
2020-10-29,120.99233297759628,123.87843586932868,120.29569085568798,121.91290283203124,356578.0,122.83844299316407,123.09968795776368,124.70321655273438,45.566690039118,-0.6630649330637368,122.41050720214844,123.97795867919922,121.98753356933594
2020-10-30,121.16649272094526,125.34636047993646,121.16649272094526,124.57508087158205,134756.0,122.97279663085938,123.3534652709961,124.55393486022949,50.5999809287314,-0.5342934390989882,121.91290283203124,122.41050720214844,123.97795867919922
2020-11-02,124.55019742359632,125.22195780785798,121.46505625494208,124.42579650878906,94852.0,123.46044921875,123.86101989746093,124.48053817749023,50.31899720100812,-0.43922400195226885,124.57508087158205,121.91290283203124,122.41050720214844
2020-11-03,124.42580153620187,125.24684456997228,120.99233159309487,122.01242065429688,66418.0,123.06734161376953,123.82618713378906,124.19441566467285,45.88312399119304,-0.5522540096520459,124.42579650878906,124.57508087158205,121.91290283203124
2020-11-04,122.63442148830424,125.62004347264678,121.44017573169896,124.74923706054688,98934.0,123.53508758544922,123.45298309326172,124.1322151184082,51.14304177830041,-0.416195253822508,122.01242065429688,124.42579650878906,124.57508087158205
2020-11-05,125.3961306205053,127.88414908519786,124.0277204649244,126.68990325927734,98444.0,124.49048767089843,123.66446533203126,124.10360298156738,54.51877597024973,-0.1500425688285958,124.74923706054688,122.01242065429688,124.42579650878906
2020-11-06,126.88894272635324,128.33199041042295,124.59996268317728,126.3415756225586,164868.0,124.84378662109376,123.90829162597656,124.04513435363769,53.80024115628044,0.032404681372312893,126.68990325927734,124.74923706054688,122.01242065429688
2020-11-09,127.11286517023298,128.87935984497528,124.1521246383063,126.31670379638672,139124.0,125.22196807861329,124.34120864868164,123.99039840698242,53.745772025108685,0.172994322246808,126.3415756225586,126.68990325927734,124.74923706054688
2020-11-10,126.66502358765064,129.20279790664267,125.4458960389636,127.08798217773438,112748.0,126.23708038330078,124.65221099853515,123.94437026977539,55.25851379839689,0.3426979365751066,126.31670379638672,126.3415756225586,126.68990325927734
2020-11-11,127.08798796913676,129.12816627301004,125.96837959104708,128.03343200683594,98348.0,126.8939193725586,125.21450347900391,124.15958404541016,57.11024907417293,0.5471717183666271,127.08798217773438,126.31670379638672,126.3415756225586
2020-11-12,128.77983050734946,129.25256009302188,125.0726920819098,127.8592758178711,168780.0,127.12779388427734,125.80914077758788,124.45441436767578,56.645180953636405,0.6872435982190268,128.03343200683594,127.08798217773438,126.31670379638672
2020-11-13,128.13295179073197,128.48128045238812,125.79421593680688,126.76454162597656,99318.0,127.21238708496094,126.02808685302735,124.69077606201172,53.68569973761322,0.7018254648671416,127.8592758178711,128.03343200683594,127.08798217773438
2020-11-14,128.331996103881,128.3817595129173,126.44110804578438,127.70999145507812,31916.0,127.49104461669921,126.35650634765625,125.1087631225586,55.83192630480246,0.78067249245575,126.76454162597656,127.8592758178711,128.03343200683594
2020-11-17,129.3769521240444,132.98457867365718,128.38174480001328,129.72528076171875,377936.0,128.01850433349608,127.12779235839844,125.47698974609375,60.07860819131681,0.9943144958830459,127.70999145507812,126.76454162597656,127.8592758178711
2020-11-18,130.72050341021492,142.4639390619471,129.8745710113557,139.65248107910156,946640.0,130.34231414794922,128.6181167602539,126.03554992675781,73.56292078259287,1.9422800282069659,129.72528076171875,127.70999145507812,126.76454162597656
2020-11-19,140.79695512857683,146.7930728786801,140.6725542193576,143.95672607421875,1481644.0,133.56180419921876,130.34479904174805,127.00463218688965,77.16446828463738,3.006212396125875,139.65248107910156,129.72528076171875,127.70999145507812
2020-11-20,146.29546013583166,148.2361111617266,144.57872162119943,145.5739288330078,512778.0,137.323681640625,132.26803436279297,128.08816299438476,78.3574564845042,3.9345264384030543,143.95672607421875,139.65248107910156,129.72528076171875
2020-11-23,144.8026784974409,146.2208520971767,141.81705626038027,142.38929748535156,297164.0,140.2595428466797,133.87529373168945,129.10825119018554,70.54203540864054,4.3629554359478675,145.5739288330078,143.95672607421875,139.65248107910156
2020-11-24,142.81225446734513,144.25530208510983,139.45342966715495,141.81704711914062,228912.0,142.67789611816406,135.34820022583008,130.0002056121826,69.20627332355802,4.603249288731689,142.38929748535156,145.5739288330078,143.95672607421875
2020-11-25,144.30507031386276,145.15100266238022,135.69653253836853,140.24960327148438,403638.0,142.7973205566406,136.56981735229493,130.8921604156494,65.54516656964086,4.614016766299358,141.81704711914062,142.38929748535156,145.5739288330078
2020-11-26,144.3050628635503,145.2753960846549,141.2199140659971,142.68785095214844,220462.0,142.54354553222657,138.05267486572265,131.93090782165527,68.35002420447272,4.764375525058625,140.24960327148438,141.81704711914062,142.38929748535156
2020-11-27,143.28497949367824,144.67826366277083,140.97111033386375,141.86680603027344,317676.0,141.8021209716797,139.56290130615236,132.79549407958984,66.39010658603914,4.762386632597298,142.68785095214844,140.24960327148438,141.81704711914062
2020-12-01,143.3347369650631,144.30507023573963,141.81705178339928,142.43905639648438,176454.0,141.81207275390625,141.03580780029296,133.6961570739746,67.09825122155766,4.752205773043585,141.86680603027344,142.68785095214844,140.24960327148438
2020-12-02,144.20555095230978,144.30507776986346,141.89169670795954,142.86203002929688,437702.0,142.0210693359375,142.34948272705077,134.7386375427246,67.6409544892929,4.723814611360723,142.43905639648438,141.86680603027344,142.68785095214844
2020-12-03,143.58352099079693,151.27150312867175,141.94143509030795,150.0523681640625,1460604.0,143.98162231445312,143.38947143554688,136.0037940979004,75.14609451224496,5.221326405848487,142.86203002929688,142.43905639648438,141.86680603027344
2020-12-04,151.3710507212019,159.15854554312514,150.35095403082445,156.22268676757812,2032490.0,146.68858947753907,144.6160675048828,137.48043327331544,79.53301635892946,6.043831701458657,150.0523681640625,142.86203002929688,142.43905639648438
2020-12-07,156.2226671906782,157.9642799121544,154.28200086679277,156.94418334960938,426946.0,149.70406494140624,145.75309295654296,139.01056365966798,79.97804013407452,6.676924390301508,156.22268676757812,150.0523681640625,142.86203002929688
2020-12-08,158.13843726141783,158.18820066460862,149.7787018377598,151.96815490722656,524340.0,151.6098846435547,146.71097869873046,140.29313621520996,68.85776455627521,6.699898736409381,156.94418334960938,156.22268676757812,150.0523681640625
2020-12-09,155.74994452259793,157.2427554924631,151.27151161300247,151.64471435546875,345028.0,153.36642150878907,147.6937454223633,141.52097282409667,68.19404056756564,6.615744932377481,151.96815490722656,156.94418334960938,156.22268676757812
2020-12-10,151.76912949044709,154.10787296997367,147.78829986446814,149.1318359375,384996.0,153.18231506347655,148.58196868896485,142.57589302062988,63.10473819052671,6.273961822572915,151.64471435546875,151.96815490722656,156.94418334960938
2020-12-11,149.52991925802732,151.74426190699444,144.85244728342747,147.04190063476562,170822.0,151.34615783691407,149.01737365722656,143.5350242614746,59.15089705333195,5.767966406723616,149.1318359375,151.64471435546875,151.96815490722656
2020-12-14,148.93276539650273,149.1069297099951,146.81794989783666,147.46484375,165346.0,149.45028991699218,149.57717742919922,144.57003936767578,59.70117665371517,5.3395384928805925,147.04190063476562,149.1318359375,151.64471435546875
2020-12-15,158.23796738657578,158.23796738657578,154.43130234035124,155.30210876464844,3293790.0,150.11708068847656,150.8634826660156,145.94964523315429,68.23923471603774,5.568221085848705,147.46484375,147.04190063476562,149.1318359375
2020-12-16,156.24754129815045,158.2379558369804,155.7250635559707,156.94418334960938,661574.0,151.17697448730468,152.27169799804688,147.31059036254882,69.68830672040733,5.81492455337505,155.30210876464844,147.46484375,147.04190063476562
2020-12-17,158.2379823374009,161.7212083636959,156.91933552172125,158.33750915527344,1418074.0,153.0181091308594,153.10021209716797,148.2448417663574,70.90145735849626,6.053092296722156,156.94418334960938,155.30210876464844,147.46484375
2020-12-18,159.23318158977796,172.66848128641547,157.74037051237377,162.4676055908203,7041012.0,156.1032501220703,153.72470397949218,149.1703857421875,74.19794212585637,6.5001762295679555,158.33750915527344,156.94418334960938,155.30210876464844
2020-12-21,162.46760035881277,172.96704096890306,154.75474337393803,157.64083862304688,2832970.0,158.1384490966797,153.79436950683595,149.77373123168945,64.93890885233085,6.391338342151045,162.4676055908203,158.33750915527344,156.94418334960938
2020-12-22,158.237971610808,167.44363977055625,149.40550621429276,165.52786254882812,1755988.0,160.18359985351563,155.15034027099608,150.93065948486327,71.25177200094751,6.862395030224036,157.64083862304688,162.4676055908203,158.33750915527344
2020-12-23,168.38907865130474,168.5881170818898,162.21879618921483,165.7517852783203,951246.0,161.94512023925782,156.56104736328126,152.12739639282228,71.40916935392409,7.171115387844992,165.52786254882812,157.64083862304688,162.4676055908203
2020-12-24,166.19961150977954,168.14026261901972,162.21878249158124,163.03982543945312,606724.0,162.88558349609374,157.95184631347655,153.26690750122071,66.64974330910002,7.11492952262023,165.7517852783203,165.52786254882812,157.64083862304688
2020-12-28,165.5776384098898,166.44844492293956,160.90016646264033,165.72691345214844,697882.0,163.53744506835938,159.82034759521486,154.4188606262207,68.86408937325467,7.2041820392246905,163.03982543945312,165.7517852783203,165.52786254882812
2020-12-29,164.85611169024563,166.3986863092371,162.7910592226307,163.48770141601562,228434.0,164.70681762695312,161.4226333618164,155.49990539550782,64.99150474162698,7.013383682807643,165.72691345214844,163.03982543945312,165.7517852783203
2020-12-30,163.4876767550985,163.51256604954486,161.72118983272753,162.24366760253906,202264.0,164.04997863769532,162.11678924560547,156.49013595581056,62.87599689331535,6.684734026046215,163.48770141601562,165.72691345214844,163.03982543945312
2020-12-31,161.96998973841713,163.0895979624154,161.2235842557516,161.42262268066406,206730.0,163.18414611816405,162.56463317871095,157.4181655883789,61.45422727789282,6.285569212581606,162.24366760253906,163.48770141601562,165.72691345214844
2021-01-01,161.67143009531898,165.35369423325685,161.2733532317372,163.21400451660156,313552.0,163.21898193359374,163.05228271484376,158.07624740600585,63.39889103096355,6.044105083958158,161.42262268066406,162.24366760253906,163.48770141601562
2021-01-04,165.75180399028284,168.56326200204086,164.0350650631565,166.0503692626953,616274.0,163.28367309570314,163.41055908203126,158.56763153076173,66.29810752991257,6.012307810976182,163.21400451660156,161.42262268066406,162.24366760253906
2021-01-05,173.16609098971065,175.03210490123772,166.69724276308352,168.46372985839844,3563636.0,164.27887878417968,164.49284820556642,159.14360885620118,68.57873764275834,6.1113978832432565,166.0503692626953,163.21400451660156,161.42262268066406
2021-01-06,168.93644675615712,169.93165410081784,165.7020228860098,167.59291076660156,566264.0,165.34872741699218,164.69935302734376,159.92484664916992,66.82159187395914,6.04991994526651,168.46372985839844,166.0503692626953,163.21400451660156
2021-01-07,169.0608422128778,172.14599095592658,168.43883764255813,170.18045043945312,736314.0,167.10029296875,165.14221954345703,160.85163345336915,69.33575974463793,6.139221934198645,167.59291076660156,168.46372985839844,166.0503692626953
2021-01-08,173.61392285806218,173.61392285806218,169.28477990500326,171.9220733642578,575472.0,168.84190673828124,166.0304443359375,161.99114532470702,70.93237430299884,6.27815811970882,170.18045043945312,167.59291076660156,168.46372985839844
2021-01-11,172.66848637205587,172.66848637205587,168.6130191961266,169.48382568359375,310498.0,169.52859802246093,166.40613555908203,163.11324157714844,65.76939820433255,6.120961206540358,171.9220733642578,170.18045043945312,167.59291076660156
2021-01-12,170.08092229103738,172.5689405526714,166.69722352947846,171.37469482421875,329288.0,170.110791015625,167.19483489990233,164.30873413085936,67.73099408910466,6.078885252095944,169.48382568359375,171.9220733642578,170.18045043945312
2021-01-13,171.67327114405387,192.0252588019707,170.18046009062732,186.57650756835935,3216090.0,173.90751037597656,169.62811889648438,165.87245407104493,78.43198132590987,7.189324934020021,171.37469482421875,169.48382568359375,171.9220733642578
2021-01-14,189.0893929955901,192.721893681505,181.9239032455205,183.7899169921875,1917344.0,176.62940368652343,171.8648483276367,167.21474075317383,73.61299997779118,7.75510577920582,186.57650756835935,171.37469482421875,169.48382568359375
2021-01-15,186.0540066732789,187.49705425973687,178.1421114638326,182.62054443359372,919754.0,178.76909790039062,173.80550231933594,168.42889251708985,71.62422159032371,8.01672081529884,183.7899169921875,186.57650756835935,171.37469482421875
2021-01-18,182.8693625911592,184.2377727874196,174.41009955973146,176.54978942871094,888728.0,180.18229064941406,174.8554443359375,169.13300170898438,62.22538763420949,7.646054466374807,182.62054443359372,183.7899169921875,186.57650756835935
2021-01-19,178.4406759547818,183.5162241879489,178.41578666032504,179.93348693847656,292638.0,181.89404907226563,176.0024200439453,170.24763412475585,64.98354915884795,7.53843642208372,176.54978942871094,182.62054443359372,183.7899169921875
2021-01-20,181.9239207147719,185.10858144442568,179.26173781009234,181.5755920410156,347016.0,180.89386596679688,177.40068817138672,171.05002059936524,66.27067620532902,7.499206322376324,179.93348693847656,176.54978942871094,182.62054443359372
2021-01-21,182.1229692219721,184.90955320894875,179.38614864623213,180.45599365234372,443810.0,180.2270812988281,178.42824249267576,171.7852310180664,64.52906714481537,7.293696756587622,181.5755920410156,179.93348693847656,176.54978942871094
2021-01-22,181.6253614619233,185.108587572152,179.43590808691172,183.8645782470703,504852.0,180.47588806152342,179.62249298095702,172.82646865844725,67.34293035463475,7.321475819362803,180.45599365234372,181.5755920410156,179.93348693847656
2021-01-25,191.3286105164454,191.57741235066703,180.63013164491463,181.25213623046875,957124.0,181.41635742187498,180.7993240356445,173.60272979736328,63.2045001181644,7.051404487513452,183.8645782470703,180.45599365234372,181.5755920410156
2021-01-27,182.073194553464,186.9497200255811,181.62535425134607,184.1133728027344,796360.0,182.25233459472656,182.07319183349608,174.6340133666992,65.69129382489136,6.9876990453904,181.25213623046875,183.8645782470703,180.45599365234372
2021-01-28,184.08849216465788,184.7353708908198,181.74974873500855,182.6703186035156,617526.0,182.47127990722655,181.68257293701168,175.65534591674805,63.36529199781932,6.743040041562722,184.1133728027344,181.25213623046875,183.8645782470703
2021-01-29,185.9545010348096,186.57650563395515,182.3966225791699,183.5659942626953,638786.0,183.09328002929686,181.66018066406247,176.76251449584962,64.21230252077555,6.545961785830997,182.6703186035156,184.1133728027344,181.25213623046875
2021-02-01,183.6655339329391,205.18689457028304,183.6157705243912,201.4299774169922,4298552.0,186.60635986328126,183.5411239624023,178.67331314086914,76.08736162018485,7.742004979137988,183.5659942626953,182.6703186035156,184.1133728027344
2021-02-02,205.9581662398562,239.3473771979495,205.460562545058,222.0556488037109,9381190.0,194.76706237792968,188.09170989990233,181.47357711791992,83.07175207486952,10.236200583328866,201.4299774169922,183.5659942626953,182.6703186035156
2021-02-03,232.87853244974363,240.8401916787947,208.99355476259043,218.1494598388672,3148498.0,201.57427978515625,191.91330718994138,183.95786361694337,78.40134876004308,11.762085762256334,222.0556488037109,201.4299774169922,183.5659942626953
2021-02-04,219.9408466035661,233.8737509132943,218.94563915287125,226.1111297607422,2303401.0,210.26244201660157,196.36686096191406,186.8837745666504,80.77395940024743,13.458657953049908,218.1494598388672,222.0556488037109,201.4299774169922
2021-02-05,229.04697111726043,230.73883580207124,206.9036070394355,210.13803100585935,2856288.0,215.57684936523438,199.33506469726564,188.88165359497071,65.28036716424901,13.360298851965325,226.1111297607422,218.1494598388672,222.0556488037109
2021-02-08,213.3227111736308,222.9264564602668,210.58589083762308,214.4671936035156,1650295.0,218.18429260253907,202.39532623291015,191.0089096069336,67.12112678880683,13.476329064296522,210.13803100585935,226.1111297607422,218.1494598388672
2021-02-09,217.6518465098033,221.135072268442,213.5217420416812,215.5619201660156,817848.0,216.885546875,205.82630462646483,193.31281433105465,67.58907715849112,13.500988140888808,214.4671936035156,210.13803100585935,226.1111297607422
2021-02-10,216.75616596041704,216.85567758498263,211.78012916236185,215.5619201660156,359808.0,216.3680389404297,208.97115936279297,195.5221755981445,67.58907715849112,13.366450515530772,215.5619201660156,214.4671936035156,210.13803100585935
2021-02-11,215.86047040660463,231.6842765491012,212.9743751355732,230.04217529296875,2283905.0,217.154248046875,213.70834503173828,197.69545898437497,73.3973575243022,14.26383938880457,215.5619201660156,215.5619201660156,214.4671936035156
2021-02-12,230.88810703120305,231.7837875790432,200.2854807759897,220.7867584228516,1003710.0,219.28399353027345,217.4304214477539,199.54530105590817,65.33756976501186,14.066047110262673,230.04217529296875,215.5619201660156,215.5619201660156
2021-02-15,223.9216686928109,226.65848908794524,215.2136037992016,217.95042419433597,738683.0,219.9806396484375,219.08246612548828,201.31179504394532,63.0525399460605,13.5245245363638,220.7867584228516,230.04217529296875,215.5619201660156
2021-02-16,220.6374626115242,223.62308460947625,215.6116625445065,218.9953765869141,633216.0,220.66733093261718,218.77643890380858,203.43407440185547,63.558192938284485,13.029487103385264,217.95042419433597,220.7867584228516,230.04217529296875
2021-02-17,219.74177434039115,221.4833871111371,216.2087853968892,217.900634765625,600566.0,221.13507385253905,218.75155639648438,205.3324317932129,62.59173080609138,12.405823247320512,218.9953765869141,217.95042419433597,220.7867584228516
2021-02-18,217.90064444077265,220.0403493369476,214.16861690918032,216.10926818847656,795250.0,218.34849243164064,217.75137023925782,207.05911560058593,60.958289570826196,11.632919778467937,217.900634765625,218.9953765869141,217.95042419433597
2021-02-19,217.3532936880638,218.59730295868152,210.9839722967651,212.2279815673828,640007.0,216.63673706054686,217.96036529541016,208.6477149963379,57.45945060338444,10.585181435337063,216.10926818847656,217.900634765625,218.9953765869141
2021-02-22,213.77054395673508,214.96478975155637,203.02230143202544,204.61463928222656,682998.0,213.969580078125,216.97510986328126,209.6852180480957,51.245966468011865,9.036342819705396,212.2279815673828,216.10926818847656,217.900634765625
2021-02-23,204.4653571497277,214.96479824950933,200.633817773806,208.39642333984372,671096.0,211.84978942871095,216.25856018066406,211.04243240356445,53.91201180339391,8.021567785619169,204.61463928222656,212.2279815673828,216.10926818847656
2021-02-24,208.9935638194424,211.68062088856024,201.87783664937797,206.6050720214844,309275.0,209.5906768798828,215.36287536621094,212.16701736450196,52.448950560684274,6.992202422570045,208.39642333984372,204.61463928222656,212.2279815673828
2021-02-25,208.59547807155803,209.98876236368824,206.50553644770287,208.0481109619141,418453.0,207.97844543457032,213.16346893310546,213.43590698242187,53.54268783579482,6.221150587251685,206.6050720214844,208.39642333984372,204.61463928222656
2021-02-26,206.90360545056785,208.89402018385147,204.06727356703428,205.6098480224609,424357.0,206.65481872558593,211.6457778930664,214.53809967041016,51.391723259691005,5.351648537775162,208.0481109619141,206.6050720214844,208.39642333984372
2021-03-01,208.99355250246344,210.9342038814258,207.0031377167257,207.40121459960935,309737.0,207.2121337890625,210.59085693359376,214.836661529541,52.889140167837354,4.752328328097093,205.6098480224609,208.0481109619141,206.6050720214844
2021-03-02,208.7945050136756,209.24234528392915,206.0079213972572,207.500732421875,359464.0,207.03299560546876,209.44139251708984,214.10891571044922,52.97580740172307,4.236556613138703,207.40121459960935,205.6098480224609,208.0481109619141
2021-03-03,208.9437800418737,211.48156182085583,207.0031287470024,207.500732421875,656529.0,207.21212768554688,208.40140228271486,213.57647933959962,52.97580740172307,3.7841821172238213,207.500732421875,207.40121459960935,205.6098480224609
2021-03-04,205.51033496566149,209.93900500648195,204.31608908289624,206.8041076660156,498765.0,206.96332702636718,207.47088623046875,212.6111282348633,52.19626323809861,3.3310618664843616,207.500732421875,207.500732421875,207.40121459960935
2021-03-05,206.6050515615169,217.4528055826823,203.0222990337171,212.7255706787109,1823557.0,208.3864715576172,207.52064514160156,212.74050521850586,57.87115396831006,3.410459723852398,206.8041076660156,207.500732421875,207.500732421875
2021-03-08,213.96958821039456,218.6470598922806,211.53133314931503,214.3179168701172,873574.0,209.76981201171876,208.49097290039063,212.73304138183593,59.27134995632179,3.5608251518870873,212.7255706787109,206.8041076660156,207.500732421875
2021-03-09,215.91022582662703,217.40303681208744,208.9935379644588,210.08827209472656,400522.0,210.28731994628907,208.6601577758789,212.4593589782715,54.12544424542009,3.3006460589841424,214.3179168701172,212.7255706787109,206.8041076660156
2021-03-10,211.68060474870327,218.44801790780824,206.50552945726747,214.01934814453125,1047951.0,211.5910430908203,209.4015853881836,212.38223037719726,57.79313208166015,3.3727779524606945,210.08827209472656,214.3179168701172,212.7255706787109
2021-03-12,215.86049788488376,216.457628451428,208.39644173138623,210.88446044921875,813597.0,212.40711364746093,209.68522033691406,211.42434463500976,54.079903967469114,3.1407788169263995,214.01934814453125,210.08827209472656,214.3179168701172
2021-03-15,210.98397538234,211.92941940470428,206.1074650444651,207.6500244140625,350153.0,211.39200439453126,209.8892379760742,210.76750793457032,50.47639976644298,2.665203071843763,210.88446044921875,214.01934814453125,210.08827209472656
2021-03-16,208.69498244307349,209.7897166242911,205.0127182113605,206.10745239257807,343931.0,209.74991149902343,209.7598617553711,210.17535934448242,48.80609861456409,2.139174129431609,207.6500244140625,210.88446044921875,214.01934814453125
2021-03-17,207.50073101713392,208.94377862736349,203.2710998093506,204.31607055664065,295014.0,208.59547119140626,209.44139556884767,209.44139404296874,46.866566621208015,1.559762884168606,206.10745239257807,207.6500244140625,210.88446044921875
2021-03-18,205.1122584507312,207.8988271205149,204.4156010976249,205.9581756591797,560660.0,206.98323669433594,209.28713989257812,208.8442710876465,48.87231500636226,1.2190272684622698,204.31607055664065,206.10745239257807,207.6500244140625
2021-03-19,202.02709851031017,207.9983428012553,192.2242997250781,204.56488037109372,552094.0,205.71932067871094,209.06321716308594,208.26705169677734,47.24275380003643,0.8270310534779526,205.9581756591797,204.31607055664065,206.10745239257807
2021-03-22,207.0031495542576,208.99356445381775,200.5840645403082,203.56968688964844,948542.0,204.90325317382812,208.1476287841797,207.83413696289062,46.06136298933766,0.4310980027227629,204.56488037109372,205.9581756591797,204.31607055664065
2021-03-23,205.01272715692932,207.74954754373303,204.56488685803893,206.0079345703125,334951.0,204.883349609375,207.3166305541992,207.90380172729493,49.39996161501504,0.31048533631258124,203.56968688964844,204.56488037109372,205.9581756591797
2021-03-24,206.00792762129225,208.94378635460868,204.0175128616662,205.41079711914065,374253.0,205.102294921875,206.84888305664063,207.75452041625977,48.60647511255055,0.16481504217907172,206.0079345703125,203.56968688964844,204.56488037109372
2021-03-25,204.5151156644077,206.00792672765155,196.1056163785992,201.38021850585935,467557.0,204.18670349121095,205.58497009277343,207.4932777404785,43.52458426036619,-0.27271997841151574,205.41079711914065,206.0079345703125,203.56968688964844
2021-03-26,203.02231379143163,207.94858748600345,201.52950266061228,204.81369018554688,381340.0,204.23646545410156,204.97789306640624,207.33155670166016,48.467291953780574,-0.33851497475774295,201.38021850585935,205.41079711914065,206.0079345703125
2021-03-30,207.5007502207345,208.74475951462375,203.02231676273303,205.9581756591797,319519.0,204.71416320800782,204.80870819091797,207.3489730834961,50.03698812911963,-0.2949080540581974,204.81369018554688,201.38021850585935,205.41079711914065
2021-03-31,212.9743735280166,215.76095715336547,210.0385148739912,212.3772430419922,1642229.0,205.98802490234374,205.43568725585936,207.59777450561523,57.80092355013694,0.2546800431707368,205.9581756591797,204.81369018554688,201.38021850585935
2021-04-01,213.87006115302043,215.76096429760292,209.83948338870255,210.7849273681641,469751.0,207.06285095214844,206.08257293701172,207.7619842529297,55.497118851367965,0.5553443386068864,212.3772430419922,205.9581756591797,204.81369018554688
2021-04-05,210.98395531360836,211.4815589818008,204.0175039589137,207.69976806640625,339257.0,208.3267608642578,206.25673217773436,207.77193603515624,51.23604023420363,0.5384692486960603,210.7849273681641,212.3772430419922,205.9581756591797
2021-04-06,209.6902032247253,211.87965654153768,207.30171145832284,210.33709716796875,244308.0,209.4314422607422,206.83395385742188,207.9485855102539,54.45531627301905,0.729496850187445,207.69976806640625,210.7849273681641,212.3772430419922
2021-04-07,209.04330757834836,218.94561770563024,209.04330757834836,214.56671142578125,1425825.0,211.1531494140625,207.93365631103515,208.04064254760743,59.11681040179865,1.2082541214927005,210.33709716796875,207.69976806640625,210.7849273681641
2021-04-08,216.45758479584364,219.94081029830548,214.3676434201033,217.25375366210935,955122.0,212.12845153808593,209.05823822021483,208.18743438720702,61.79226254378051,1.7839305196127953,214.56671142578125,210.33709716796875,207.69976806640625
2021-04-09,219.94083228119973,220.73700122704187,204.2663159534672,210.7849273681641,749078.0,212.12845153808593,209.59565124511718,208.2222671508789,52.82909937630972,1.6985976169749506,217.25375366210935,214.56671142578125,210.33709716796875
2021-04-12,204.1170648047104,207.7495661139959,194.76210517129408,198.7429351806641,640414.0,210.3370849609375,209.33192291259766,207.45844650268555,40.927614001973836,0.6517693550281649,210.7849273681641,217.25375366210935,214.56671142578125
2021-04-13,197.5486716993351,205.70936945784317,195.80705872465583,203.8184814453125,328329.0,209.03336181640626,209.2324020385742,207.10514755249022,46.40783869598804,0.22906407284776265,198.7429351806641,210.7849273681641,217.25375366210935
2021-04-15,202.9725297472503,208.74473523669587,199.7878693624157,205.2117462158203,332582.0,207.16236877441406,209.1577590942383,206.9832336425781,47.83838022486987,0.006417932344135124,203.8184814453125,198.7429351806641,210.7849273681641
2021-04-16,205.01271859869505,207.89881390276247,201.52949279726093,203.0720672607422,308498.0,204.32603149414064,208.22724151611328,206.83146438598632,45.8157627197542,-0.33877970614608444,205.2117462158203,203.8184814453125,198.7429351806641
2021-04-19,195.06065558214172,205.41080674284848,193.02047732080877,202.27590942382807,478763.0,202.62422790527344,207.3763397216797,206.7294563293457,45.0524699586686,-0.6688841255017053,203.0720672607422,205.2117462158203,203.8184814453125
2021-04-20,202.4749413510855,204.4653561398613,199.0414788775792,200.83285522460935,250734.0,203.04221191406248,206.6896484375,206.4731903076172,43.63352776936979,-1.035005767663847,202.27590942382807,203.0720672607422,205.2117462158203
2021-04-22,199.04148068386263,202.72374503938212,197.1505926916299,198.7926788330078,483929.0,202.03705139160155,205.53520660400392,206.1845802307129,41.63691257083661,-1.4728073844409835,200.83285522460935,202.27590942382807,203.0720672607422
2021-04-23,198.0462763158409,200.13621796931736,193.66736974794568,194.2147216796875,537308.0,199.83764648437497,203.5000076293945,205.71683197021486,37.4912611318001,-2.16422338264303,198.7926788330078,200.83285522460935,202.27590942382807
2021-04-26,195.9065824959762,196.35442278823092,188.3430001920704,189.0396423339844,1044668.0,197.03116149902343,200.67859649658203,204.86841735839843,33.43816691108023,-3.0940944016022343,194.2147216796875,198.7926788330078,200.83285522460935
2021-04-27,187.09898476814547,192.0750215970855,187.09898476814547,191.12957763671875,393884.0,194.80189514160156,198.7130615234375,204.15435638427735,36.427185406610086,-3.6206470059635194,189.0396423339844,194.2147216796875,198.7926788330078
2021-04-28,193.36879416712904,195.4089723036767,191.57741787197355,193.31903076171875,587876.0,193.29913024902345,198.17067108154296,203.7512969970703,39.492667803743224,-3.8172700563210924,191.12957763671875,189.0396423339844,194.2147216796875
2021-04-29,197.59844192883267,201.5295083131169,197.05107479504767,198.6931610107422,873371.0,193.27922668457032,197.65813903808595,203.44527053833008,46.33320580692183,-3.499112254755204,193.31903076171875,191.12957763671875,189.0396423339844
2021-04-30,199.0414841504241,201.0318989919284,197.5984364274656,199.09124755859372,295100.0,194.25453186035156,197.04608917236325,203.10192413330077,46.81287603036405,-3.178211206921958,198.6931610107422,193.31903076171875,191.12957763671875
2021-05-03,199.04147273839112,200.53428378392903,195.0606432836233,196.3544158935547,263988.0,195.7174865722656,196.37432403564452,202.3007827758789,43.90731969694504,-3.1088968298258237,199.09124755859372,198.6931610107422,193.31903076171875
2021-05-04,197.0510735074999,199.4893287031626,196.55346978652136,197.6979522705078,218810.0,197.03116149902343,195.9165283203125,201.64643402099608,45.689429139094706,-2.9119849791835577,196.3544158935547,199.09124755859372,198.6931610107422
2021-05-05,197.69792560117935,200.434745697366,195.1601591150603,197.15057373046875,225880.0,197.79747009277344,195.54830017089844,201.1189743041992,45.061291476857114,-2.76818982327967,197.6979522705078,196.3544158935547,199.09124755859372
2021-05-06,198.04627496995187,200.8328587604299,197.2501060032924,198.94195556640625,240759.0,197.84722900390625,195.56322784423827,200.5492172241211,47.600237696635396,-2.4810812233567674,197.15057373046875,197.6979522705078,196.3544158935547
2021-05-07,199.9371640906326,201.0318983240872,198.04627607174925,198.59364318847656,205937.0,197.74770812988282,196.0011199951172,199.75056381225585,47.14402523759155,-2.2556497609915596,198.94195556640625,197.15057373046875,197.6979522705078
2021-05-10,198.5936313590281,205.0127157820628,198.5936313590281,203.27110290527344,398367.0,199.13104553222655,197.42426605224608,199.05143127441406,53.578368824403256,-1.680193569354202,198.59364318847656,198.94195556640625,197.15057373046875
2021-05-11,204.913187952644,207.99833682187324,203.0223000557997,203.6194305419922,491997.0,200.31534118652343,198.67325134277343,198.69315643310546,54.027190443453236,-1.1824032536681273,203.27110290527344,198.59364318847656,198.94195556640625
2021-05-12,204.51511140567007,212.97437392123305,204.017507728284,211.5313262939453,1134684.0,203.19149169921874,200.4944808959961,199.33257598876952,62.82020297735868,-0.14777353605265375,203.6194305419922,203.27110290527344,198.59364318847656
2021-05-14,215.9102268156149,217.45280121145493,206.00791693716783,207.5504913330078,644734.0,204.91319885253907,201.38021392822264,199.5191764831543,56.921072270191345,0.3469583374009346,211.5313262939453,203.6194305419922,203.27110290527344
2021-05-17,208.5456994330479,213.67101111797777,208.09785917083263,212.427001953125,529732.0,207.67987060546875,202.7137893676758,199.87993927001952,61.669529384840175,1.1196242325958679,207.5504913330078,211.5313262939453,203.6194305419922
2021-05-18,212.9246067209381,215.4623884675024,212.42700305242195,214.2681427001953,398083.0,209.87927856445313,204.50516204833986,200.4397430419922,63.31372596188656,1.8591016262317623,212.427001953125,207.5504913330078,211.5313262939453
2021-05-19,215.9599890370876,216.70639452915125,208.1476054792244,215.3131103515625,462124.0,212.2180145263672,206.2666778564453,201.09160308837892,64.25101564382169,2.5006371560984917,214.2681427001953,212.427001953125,207.5504913330078
2021-05-20,216.955204721674,220.9360341661084,209.34187448345693,214.7159881591797,1828159.0,212.85494689941407,208.0232192993164,201.78575973510743,63.2564801167724,2.9271337392957264,215.3131103515625,214.2681427001953,212.427001953125
2021-05-21,221.9312577315665,228.89770976798332,217.6020993203861,226.6584930419922,3215754.0,216.67654724121093,210.794873046875,203.17905044555664,72.44360475707374,4.180604286705403,214.7159881591797,215.3131103515625,214.2681427001953
2021-05-24,229.99241814536776,233.87372062617703,228.99721082355424,232.3311462402344,1621137.0,220.65737609863282,214.1686233520508,205.084871673584,75.56842988479427,5.567545235257029,226.6584930419922,214.7159881591797,215.3131103515625
2021-05-25,235.8641484052227,238.302403442322,225.7627996005286,227.30535888671875,988568.0,223.2648193359375,216.57204895019532,206.9981575012207,68.19057322456783,6.189814562927211,232.3311462402344,226.6584930419922,214.7159881591797
2021-05-26,227.80294941852247,233.2765896771958,227.80294941852247,228.79815673828125,549636.0,225.96182861328126,219.0899215698242,208.88158645629883,69.15389574264876,6.725891903956722,227.30535888671875,232.3311462402344,226.6584930419922
2021-05-27,227.703435055164,228.89768078735764,214.96477847856195,221.58290100097656,1994439.0,227.33521118164063,220.09507904052734,210.2947799682617,59.73724487341178,6.493671221685332,228.79815673828125,227.30535888671875,232.3311462402344
2021-05-28,220.33892419641,221.9312621967496,215.46241374706847,216.00978088378903,581343.0,225.20546875,220.94100799560547,211.16061096191407,53.65930726365774,5.793150606891544,221.58290100097656,228.79815673828125,227.30535888671875
2021-05-31,216.9552146547718,223.1752609464797,216.4576109514352,218.6470642089844,434105.0,222.46865234375,221.5630142211914,212.1384017944336,55.943656833964816,5.388672434839151,216.00978088378903,221.58290100097656,228.79815673828125
2021-06-01,219.4432217269157,222.7274090347905,217.75137226093756,220.2891540527344,308624.0,221.06541137695314,222.1651153564453,213.33513870239258,57.35330343349864,5.141357131623323,218.6470642089844,216.00978088378903,221.58290100097656
2021-06-02,218.0001615696452,220.488179813568,216.35806041726124,217.900634765625,274152.0,218.8859069824219,222.42386779785156,214.34527282714845,54.61590834539152,4.698463465099394,220.2891540527344,218.6470642089844,216.00978088378903
2021-06-03,218.9456152889316,228.89768871115567,218.9456152889316,222.6776428222656,874562.0,219.1048553466797,223.22003326416015,215.6216262817383,58.846470136517674,4.67899512729727,217.900634765625,220.2891540527344,218.6470642089844
2021-06-04,223.62309703714016,230.4900371254495,222.92645490270115,227.95225524902344,796442.0,221.49335021972655,223.3494094848633,217.07214126586913,62.95292950511105,5.031187077566329,222.6776428222656,217.900634765625,220.2891540527344
2021-06-07,229.8929136894585,230.8881211080276,225.91208401518216,226.35992431640625,428811.0,223.03592224121093,222.75228729248047,218.46045532226563,60.97487251193141,5.122761926285534,227.95225524902344,222.6776428222656,217.900634765625
2021-06-08,228.0020173765097,228.79817113388256,222.9264536521304,224.76759338378903,410634.0,223.93161010742188,222.4985107421875,219.5352798461914,58.97912380905226,5.009105999161193,226.35992431640625,227.95225524902344,222.6776428222656
2021-06-09,225.66327154048355,229.4948259959198,220.93603652475127,221.9312438964844,469004.0,224.73773193359375,221.81181945800782,220.45087051391602,55.49480127789264,4.636714005997732,224.76759338378903,226.35992431640625,227.95225524902344
2021-06-10,223.82212350123604,226.01159178611744,222.0307624472913,224.7178192138672,193013.0,225.14576721191406,222.12531127929688,221.1101951599121,58.11295693482362,4.51440476025067,221.9312438964844,224.76759338378903,226.35992431640625
2021-06-11,225.46423594295663,226.70824517329112,219.1944263849388,221.73220825195312,250995.0,223.9017578125,222.6975540161133,221.81928100585938,54.419075177094435,4.128963824196461,224.7178192138672,221.9312438964844,224.76759338378903
2021-06-14,221.8317149841547,224.5187870109133,217.45280866426387,222.6278839111328,259571.0,223.1553497314453,223.09563598632812,222.32932510375977,55.33628169016528,3.8513763761774555,221.73220825195312,224.7178192138672,221.9312438964844
2021-06-15,222.9264416127478,228.4000819202037,220.4881866947401,225.9120635986328,489528.0,223.38424377441407,223.65792694091797,222.91152114868163,58.623991039273584,3.8519888478015787,222.6278839111328,221.73220825195312,224.7178192138672
2021-06-16,228.25083093364947,228.4996327920094,217.9504279232849,223.12550354003903,741175.0,223.623095703125,224.18041381835937,223.30214080810546,54.929374461047885,3.5862817043964412,225.9120635986328,222.6278839111328,221.73220825195312
2021-06-17,223.57332682631585,226.6087123043413,219.04514549744437,225.1656646728516,600730.0,223.71266479492186,224.42921600341796,223.82462463378906,57.062944934575015,3.4999851815039733,223.12550354003903,225.9120635986328,222.6278839111328
2021-06-18,227.90248812688307,227.90248812688307,215.16383073156732,221.9312438964844,6094363.0,223.75247192382812,223.82711486816407,223.58826217651367,52.79587163755375,3.134471602416454,225.1656646728516,223.12550354003903,225.9120635986328
2021-06-21,216.9552107719301,223.92166249396456,213.96958860534392,221.3838806152344,422797.0,223.50367126464843,223.3295104980469,223.04089889526367,52.08603075185735,2.768715783232011,221.9312438964844,225.1656646728516,223.12550354003903
2021-06-22,223.62309578865427,224.419264731708,221.13507733264865,222.578125,386195.0,222.83688354492188,223.11056365966797,222.80453720092774,53.55332726453346,2.5458699979465393,221.3838806152344,221.9312438964844,225.1656646728516
2021-06-23,224.3197260206227,224.36948942423516,220.0403466518116,220.68722534179688,158243.0,222.34922790527344,222.9861618041992,222.39899063110352,50.89568420653323,2.191421959841165,222.578125,221.3838806152344,221.9312438964844
2021-06-24,222.9264502197776,223.4738173087884,219.2441859988149,220.0901031494141,433115.0,221.334115600586,222.5233901977539,222.3243507385254,50.050984717698924,1.8411133566928584,220.68722534179688,222.578125,221.3838806152344
2021-06-25,222.32934016924008,222.72743226406263,218.14947188039767,219.19444274902344,169535.0,220.78675537109376,222.26961364746094,222.48358383178712,48.74418529282665,1.4742250076800474,220.0901031494141,220.68722534179688,222.578125
2021-06-28,219.94084834294748,222.8269438985228,217.65186815111497,219.19444274902344,517849.0,220.34886779785157,221.92626953125,222.51095275878907,48.74418529282665,1.169976586001269,219.19444274902344,220.0901031494141,220.68722534179688
2021-06-29,218.94561258692585,227.1560730589356,218.94561258692585,225.06613159179688,771150.0,220.84646911621093,221.8416763305664,222.7498016357422,57.23376765360832,1.3866690797106855,219.19444274902344,219.19444274902344,220.0901031494141
2021-06-30,226.9072821490464,258.6543914280922,225.71303633276227,237.4067230224609,12305585.0,224.19036865234375,223.2697982788086,223.725106048584,68.89473765124166,2.525074548399658,225.06613159179688,219.19444274902344,219.19444274902344
2021-07-01,237.7550168269103,245.617163572961,236.16269426546356,239.6459197998047,2931975.0,228.10153198242188,224.71782379150392,224.57351989746093,70.4682282749998,3.566837270512167,237.4067230224609,225.06613159179688,219.19444274902344
2021-07-02,241.5865906216728,243.4774785625735,234.42110054870767,236.0631866455078,884087.0,231.47528076171875,226.13101806640626,224.97906646728515,64.8183971864253,4.056583342246,239.6459197998047,237.4067230224609,225.06613159179688
2021-07-05,242.83060555852592,252.78267955682617,241.33779445878088,243.57701110839844,2796476.0,236.35179443359374,228.35033111572267,225.83992080688478,70.21237604271371,4.993452063951878,236.0631866455078,239.6459197998047,237.4067230224609
2021-07-06,245.4181559047213,252.4343560688644,241.83540311760385,246.2143096923828,1556785.0,240.58143005371093,230.71394958496094,226.91225662231446,71.844097452271,5.880943376102522,243.57701110839844,236.0631866455078,239.6459197998047
2021-07-07,245.81621797856116,247.25926561377307,237.8545590966644,238.8000030517578,864043.0,240.8600860595703,232.52522735595704,227.7556945800781,61.623981378805674,5.917797368693726,246.2143096923828,243.57701110839844,236.0631866455078
2021-07-08,238.84975484274,251.73768649399776,238.84975484274,243.4774627685547,2089829.0,241.62639465332032,234.86396331787108,228.6936767578125,65.00604632585265,6.252362982819449,238.8000030517578,246.2143096923828,243.57701110839844
2021-07-09,244.373160907158,244.6219627376101,240.19329319269485,241.93490600585935,391341.0,242.8007385253906,237.13800964355468,229.7038116455078,63.03313874319963,6.320182078539716,243.4774627685547,238.8000030517578,246.2143096923828
2021-07-12,244.07461185933255,246.21430166885085,235.8641509099361,238.05360412597656,665037.0,241.69605712890626,239.02392578125,230.47509765625,58.24330996679609,5.991672307520361,241.93490600585935,243.4774627685547,238.8000030517578
2021-07-13,240.34257299651284,244.7214792252913,240.0937711611127,243.22866821289065,489502.0,241.09892883300782,240.84017944335938,231.3409278869629,62.35125439039255,6.078837316560765,238.05360412597656,241.93490600585935,243.4774627685547
2021-07-14,243.82579312680252,245.219077298978,239.2478333856685,241.4373016357422,555784.0,241.6263885498047,241.2432373046875,232.25651779174805,60.14551029366865,5.934953453483018,243.22866821289065,238.05360412597656,241.93490600585935
2021-07-15,244.82100171165325,262.0380762688646,244.02483281529663,259.4505615234375,7513139.0,244.82100830078124,243.22370147705078,233.97076263427735,71.18448700942847,7.19154433865441,241.4373016357422,243.22866821289065,238.05360412597656
2021-07-16,261.6400205567659,263.48116032927027,251.1405945883012,254.67356872558597,1404663.0,247.36874084472657,245.0847396850586,235.6078788757324,65.96628880211227,7.71302729514349,259.4505615234375,241.4373016357422,243.22866821289065
2021-07-19,249.79706582923257,263.72996989938895,248.05545282046305,261.4907531738281,1526546.0,252.05617065429686,246.87611389160156,237.61322250366212,69.41230349960823,8.57751979772101,254.67356872558597,259.4505615234375,241.4373016357422
2021-07-20,262.63523460572463,268.2084022859301,253.7778945562604,261.8390808105469,2455758.0,255.77825317382812,248.43859100341797,239.57627029418944,69.58177988256605,9.184866045145668,261.4907531738281,254.67356872558597,259.4505615234375
2021-07-22,262.0878648245458,269.10406457725065,261.8888112036431,267.7605285644531,937022.0,261.0428985595703,251.3346435546875,241.92993545532227,72.38309562714306,10.028402486657285,261.8390808105469,261.4907531738281,254.67356872558597
2021-07-23,266.7155913192741,272.5873090837553,263.23236531323886,268.9050598144531,1078415.0,262.9337982177734,253.87740325927734,244.3706832885742,72.90254262705962,10.666310710215868,267.7605285644531,261.8390808105469,261.4907531738281
2021-07-26,267.4620036132003,271.39308521018324,265.17303861452746,269.5021667480469,657289.0,265.89951782226564,256.6341293334961,246.88606948852538,73.18590264452313,11.09217541898613,268.9050598144531,267.7605285644531,261.8390808105469
2021-07-27,269.7011995283728,276.61790295631806,269.5021459041786,272.0896911621094,797931.0,268.01930541992186,260.03773803710936,249.53083190917968,74.43356542835943,11.505835751834127,269.5021667480469,268.9050598144531,267.7605285644531
2021-07-28,271.1940230833796,275.57292967541593,259.4008090328291,272.28875732421875,967086.0,270.10924072265624,262.94374694824216,251.89196319580077,74.53174719939663,11.71468789162023,272.0896911621094,269.5021667480469,268.9050598144531
2021-07-29,271.6916108002534,277.71260321341657,269.15384416658065,276.1700439453125,470820.0,271.7911437988281,266.4170211791992,253.83012924194335,76.43214171428667,12.054436074712328,272.28875732421875,272.0896911621094,269.5021667480469
2021-07-30,273.7317939388298,282.5393858479353,266.9146472789753,269.55194091796875,1367095.0,271.92052001953124,267.42715911865236,255.32543029785157,67.22139893419671,11.65530821512786,276.1700439453125,272.28875732421875,272.0896911621094
2021-08-02,270.6964111328125,277.66286288990693,267.1634370330995,270.6964111328125,844765.0,272.15936889648435,269.029443359375,257.0570915222168,67.94089054350795,11.301073946664559,269.55194091796875,276.1700439453125,272.28875732421875
2021-08-03,271.6916015625,281.0963229958828,271.6916015625,274.926025390625,728384.0,272.7266357421875,270.3729705810547,258.6245422363281,70.51658342556877,11.232157934142293,270.6964111328125,269.55194091796875,276.1700439453125
2021-08-04,274.6772543018956,278.4092822136061,273.18444313721136,276.26959228515625,363721.0,273.522802734375,271.81602172851564,260.1273063659668,71.30524089861805,11.157341232907754,274.926025390625,270.6964111328125,269.55194091796875
2021-08-05,273.2341546941994,279.65325398945924,269.7509291107008,277.0159606933594,1512825.0,273.6919860839844,272.74156494140624,262.03810424804686,71.7571978142078,11.031114331650087,276.26959228515625,274.926025390625,270.6964111328125
2021-08-06,283.03699232611115,288.0628081646629,275.9212651424194,278.6083374023437,724246.0,275.5032653808594,273.71189270019534,263.79464797973634,72.74356969154817,10.933535108513581,277.0159606933594,276.26959228515625,274.926025390625
2021-08-09,280.1508488655413,283.13647070069806,276.56809658909003,281.494384765625,398773.0,277.66286010742186,274.91111450195314,265.7726219177246,74.48299174541948,10.962711460010155,278.6083374023437,277.0159606933594,276.26959228515625
2021-08-10,279.00639916779687,285.9728509304319,268.9547984074453,282.14129638671875,882556.0,279.1059143066406,275.91627502441406,267.97700653076174,74.87011800069911,10.912244725571782,281.494384765625,278.6083374023437,277.0159606933594
2021-08-11,285.6245121432979,288.0627823223168,263.3816215867949,282.5891418457031,2343861.0,280.36982421875,276.9463134765625,269.94503021240234,75.15117642719865,10.784074759699195,282.14129638671875,281.494384765625,278.6083374023437
2021-08-12,283.63413546144835,285.5250236235935,273.73180875908986,278.807373046875,663082.0,280.7281066894531,277.2100463867188,271.813533782959,68.21329791146687,10.259081694112524,282.5891418457031,282.14129638671875,281.494384765625
2021-08-13,283.0369830258988,292.3919266616964,280.3996894478582,284.4302673339844,1558126.0,281.8924926757812,278.6978790283203,273.0625190734863,72.30695324240246,10.179399700455178,278.807373046875,282.5891418457031,282.14129638671875
2021-08-16,285.6742765752829,301.3487933751436,284.9278710133848,295.8751525878906,5670538.0,284.7686462402344,281.21575317382815,275.1225982666016,78.40351614314034,10.91394853251154,284.4302673339844,278.807373046875,282.5891418457031
2021-08-17,295.5765692335234,306.4243227708608,289.1077217587157,301.29901123046875,2482739.0,288.6001892089844,283.8530517578125,277.1130111694336,80.58491562290583,11.797746756664367,295.8751525878906,284.4302673339844,278.807373046875
2021-08-18,303.3392114681161,304.8818012020822,293.5861908363191,300.5526428222656,865765.0,292.19288940429686,286.28135681152344,279.0486892700195,79.39646028229727,12.296194646082256,301.29901123046875,295.8751525878906,284.4302673339844
2021-08-20,300.55261158052065,300.55261158052065,279.6532577951202,286.0723571777344,766426.0,293.64588623046876,287.18699645996094,279.9642807006836,60.694503864535875,11.39146642089338,300.5526428222656,301.29901123046875,295.8751525878906
2021-08-23,296.5718163551547,301.2990516829633,281.6437047936536,286.7192687988281,823760.0,294.1036865234375,287.9980895996094,280.85499114990233,61.13495484755869,10.604421970124463,286.0723571777344,300.5526428222656,301.29901123046875
2021-08-24,286.71921461305686,297.5172193428072,284.8780751274896,293.3870849609375,330153.0,293.6060729980469,289.18735961914064,282.0492370605469,65.43439415205424,10.398849151597744,286.7192687988281,286.0723571777344,300.5526428222656
2021-08-25,299.55738806288747,302.9410867042849,292.6406853926434,297.367919921875,897178.0,292.8198547363281,290.71002197265625,283.31314849853516,67.72965225819785,10.436841907167548,293.3870849609375,286.7192687988281,286.0723571777344
2021-08-26,298.36318953826105,317.12285655914314,292.59099831859976,305.4291687011719,2423575.0,293.7951599121094,292.9940246582031,284.9701690673828,71.81162607862044,10.990732522476208,297.367919921875,293.3870849609375,286.7192687988281
2021-08-27,307.41954904664226,322.0491094641153,300.5526243007886,316.9237976074219,2256983.0,299.9654479980469,296.8056671142578,287.00785675048826,76.39643717154942,12.216392347248245,305.4291687011719,297.367919921875,293.3870849609375
2021-08-30,317.4711456879861,328.21937295460066,314.0874467611865,319.6606140136719,1146589.0,306.5537170410156,300.3287017822266,289.51329040527344,77.34141078405783,13.255770529009851,316.9237976074219,305.4291687011719,297.367919921875
2021-08-31,323.4424168453362,333.2452161686052,319.013731604618,330.80694580078125,1258725.0,314.0376892089844,303.82188110351564,292.51881713867186,80.72586073959437,14.808201320769001,319.6606140136719,316.9237976074219,305.4291687011719
2021-09-01,330.9561858892052,342.25179517419866,325.5323241561826,330.856689453125,932072.0,320.7354431152344,306.77764892578125,295.3153503417969,80.73968713443058,15.859706975231461,330.80694580078125,319.6606140136719,316.9237976074219
2021-09-02,328.4184480374221,334.38969254719336,326.67683505540543,328.5179748535156,1782338.0,325.35320434570315,309.5741821289063,297.92776947021486,77.90991834626328,16.316234662659326,330.856689453125,330.80694580078125,319.6606140136719
2021-09-03,331.105470871558,333.2949086427292,319.85961049797135,324.3380432128906,651613.0,326.8360534667969,313.4007507324219,300.2938735961914,72.98632663204752,16.154531213811822,328.5179748535156,330.856689453125,330.80694580078125
2021-09-06,324.53715814503187,329.8117455241791,315.5802910225636,318.6156616210937,540258.0,326.62706298828124,316.59039001464845,302.2942398071289,66.76568855687336,15.387256974898264,324.3380432128906,328.5179748535156,330.856689453125
2021-09-07,321.8500748167318,327.32371564821136,318.46637564971763,320.7553405761719,636452.0,324.6167419433594,319.32721557617185,304.2572875976563,67.86845003557275,14.781449473876535,318.6156616210937,324.3380432128906,328.5179748535156
2021-09-08,323.1438745208944,323.1438745208944,314.5353056918971,315.5802917480469,396307.0,321.56146240234375,321.14845275878906,305.92923736572266,62.46945258947467,13.725539992782672,320.7553405761719,318.6156616210937,324.3380432128906
2021-09-09,313.5898761291345,319.4615940578018,310.0071232056239,311.5496826171875,1698677.0,318.1678039550781,321.7605041503906,307.37726440429685,58.561930078008494,12.42031400151194,315.5802917480469,320.7553405761719,318.6156616210937
2021-09-13,312.49512993432774,316.177409537496,299.55743347207846,302.5928039550781,597439.0,313.8187561035156,320.32740478515626,308.56653594970703,50.93696982665491,10.541650166342265,311.5496826171875,315.5802917480469,320.7553405761719
2021-09-14,322.4471554461932,322.4471554461932,305.52863185796696,310.8529968261719,2056473.0,312.26622314453124,319.44664306640624,309.8876724243164,56.5549555209694,9.608562545412326,302.5928039550781,311.5496826171875,315.5802917480469
2021-09-15,313.1419684514832,320.4567481242344,306.0759906018098,311.4501342773437,2179473.0,310.40518188476557,317.5109619140625,310.6664215087891,56.938822687301034,8.815646598675642,310.8529968261719,302.5928039550781,311.5496826171875
2021-09-16,314.28643100757427,316.0778222439189,306.4242999667859,307.6185607910156,1130157.0,308.8128356933594,315.18714904785156,310.9823989868164,53.662411227074585,7.788300361170059,311.4501342773437,310.8529968261719,302.5928039550781
2021-09-17,309.5094570593218,310.4549161024021,294.5813481979397,300.104736328125,1328969.0,306.5238464355469,312.3458251953125,310.9600036621094,47.84780222348589,6.295250498720861,307.6185607910156,311.4501342773437,310.8529968261719
2021-09-20,299.5574347689406,309.1611803409233,287.7642207145704,290.79962158203125,1597632.0,304.1652099609375,308.9919830322266,311.19636688232424,41.80639118417954,4.31145298573216,300.104736328125,307.6185607910156,311.4501342773437
2021-09-21,291.1481801101195,300.3119396822383,288.0604199735342,288.8074645996094,882897.0,299.756103515625,306.01116333007815,311.30077667236327,40.6237766962808,2.5491438019070074,290.79962158203125,300.104736328125,307.6185607910156
2021-09-22,289.55456099630817,297.82184417741854,286.5663819577387,287.4628295898437,849600.0,294.958642578125,302.6819122314453,311.0045639038086,39.805298821885906,1.0321028303030744,288.8074645996094,290.79962158203125,300.104736328125
2021-09-23,289.85333232525454,295.7300776571949,289.85333232525454,292.6921081542969,707316.0,291.9733520507813,300.3930938720703,310.77077331542966,44.48938356644926,0.248926537688817,287.4628295898437,288.8074645996094,290.79962158203125
2021-09-24,294.48497353665346,295.82965988833763,288.8572436620132,290.948974609375,345560.0,290.14219970703124,298.33302307128906,310.04676361083983,43.28037043833705,-0.5065632796259933,292.6921081542969,287.4628295898437,288.8074645996094
2021-09-27,293.53877640190865,294.8336417235205,289.106299021121,290.00274658203125,354160.0,289.9828247070312,297.0740173339844,308.7007110595703,42.60355493527745,-1.168181032927123,290.948974609375,292.6921081542969,287.4628295898437
2021-09-28,291.6462360131689,292.8415196810015,285.32128192975665,286.7157592773437,387180.0,289.5644836425781,294.6602935791015,307.05346832275393,40.248935984544566,-1.9354397296717138,290.00274658203125,290.948974609375,292.6921081542969
2021-09-29,285.8691303078804,288.35927952659017,283.87701093291264,286.8153991699219,310102.0,289.43499755859375,292.19682006835933,304.85389099121096,40.356547186056105,-2.5065635635574495,286.7157592773437,290.00274658203125,290.948974609375
2021-09-30,286.8651611540977,290.99880236209594,284.9228327998529,285.6200866699219,366895.0,288.0205932617188,289.99697265624997,302.5920608520508,39.43891282882177,-3.020812993940183,286.8153991699219,286.7157592773437,290.00274658203125
2021-10-01,284.8730337136609,292.592495291566,283.129929486392,288.7576599121094,702433.0,287.58233032226565,288.8622650146484,300.60404510498046,43.09647667761614,-3.1389990070406384,285.6200866699219,286.8153991699219,286.7157592773437
2021-10-04,290.749756926793,293.0905027906519,288.0105933493102,289.00665283203125,380746.0,287.38311157226565,288.6829681396484,298.8374755859375,43.388676113721495,-3.175960134723425,288.7576599121094,285.6200866699219,286.8153991699219
2021-10-05,290.4510113295471,293.6882053181025,286.7157874965985,287.3632202148437,465036.0,287.5126037597656,288.5385437011718,297.274853515625,41.860768821675705,-3.299825043142505,289.00665283203125,288.7576599121094,285.6200866699219
2021-10-06,290.2019255947388,290.2019255947388,285.8690609263214,286.5663146972656,276634.0,287.46278686523436,288.4488922119141,295.5654022216797,41.10488738084716,-3.4228361660338464,287.3632202148437,289.00665283203125,288.7576599121094
2021-10-07,287.01456570935966,289.70393877000754,282.63190957861906,284.4248046875,500200.0,287.22373046875,287.6221618652344,294.0076278686523,39.06354392465304,-3.651038429294317,286.5663146972656,287.3632202148437,289.00665283203125
2021-10-08,284.5742434753032,292.4928991569811,284.5742434753032,287.6122131347656,684291.0,286.99464111328126,287.2884857177734,292.8107543945313,43.556563968908364,-3.5339558998242637,284.4248046875,286.5663146972656,287.3632202148437
2021-10-11,287.6121995333015,302.40369016019355,286.8153640398451,297.17437744140625,1297868.0,288.62818603515626,288.0056488037109,292.53983306884766,54.41538388548803,-2.6391578377459837,287.6122131347656,284.4248046875,286.5663146972656
2021-10-12,298.81788316721736,300.660599526214,290.84940628275825,296.6763610839844,707236.0,290.4908142089844,289.001708984375,291.8310012817383,53.834483285741335,-1.9477571528037174,297.17437744140625,287.6122131347656,284.4248046875
2021-10-13,297.5229925536452,312.5634670772996,295.6802763512134,311.21881103515625,1562901.0,295.4213134765625,291.4420501708984,291.8194351196289,65.43736022722418,-0.2237833191765617,296.6763610839844,297.17437744140625,287.6122131347656
2021-10-14,313.6591471421733,314.1073860999276,303.15073101755854,305.2424621582031,1026788.0,299.5848449707031,293.40428771972654,291.7006301879883,58.887199809152165,0.6527128887137224,311.21881103515625,296.6763610839844,297.17437744140625
2021-10-18,306.78637109633644,310.62120681450625,304.7942518035031,306.437744140625,463084.0,303.349951171875,295.17229614257815,292.0172805786133,59.75487769878298,1.42733824803787,305.2424621582031,311.21881103515625,296.6763610839844
2021-10-19,306.43773090307894,311.2686260589797,296.5269560877571,300.7103881835937,607054.0,304.05715332031247,296.34266967773436,292.51281890869143,53.88635526527797,1.5610893991065495,306.437744140625,305.2424621582031,311.21881103515625
2021-10-20,299.5151326688218,304.7942363685624,286.86516364099987,301.3578186035156,743819.0,304.9934448242187,297.74212951660155,293.14033660888674,54.43116758211061,1.6997368655033824,300.7103881835937,306.437744140625,305.2424621582031
2021-10-21,298.61866018718274,305.6906895276802,296.87555586228046,304.54522705078125,640791.0,303.6587280273437,299.54002075195314,293.9944564819336,57.11730857361533,2.0432597780975925,301.3578186035156,300.7103881835937,306.437744140625
2021-10-22,305.6906807115841,306.4377254007118,285.9687130775437,291.2976379394531,591334.0,300.86976318359376,300.22730407714846,293.9247329711914,45.19337621149334,1.232328914091397,304.54522705078125,301.3578186035156,300.7103881835937
2021-10-25,287.7616070880946,291.79566663257754,273.617579265641,280.5899963378906,446904.0,295.70021362304686,299.52508239746095,293.4067840576172,38.24385219274348,-0.27123025428983283,291.2976379394531,304.54522705078125,301.3578186035156
2021-10-26,280.8888110135509,286.7655566538725,278.9963038273221,281.3868408203125,359315.0,291.83550415039065,297.9463287353516,292.9759887695312,38.995657608821894,-1.3825755670530953,280.5899963378906,291.2976379394531,304.54522705078125
2021-10-27,281.8848459647261,285.91887488762364,280.93857725573804,281.7354431152344,188621.0,287.91102905273436,296.4522369384766,292.72697296142576,39.34354893769041,-2.2097231296851874,281.3868408203125,280.5899963378906,291.2976379394531
2021-10-28,281.73544357867746,284.77341298019525,280.0919514369166,282.28326416015625,153466.0,283.45863647460936,293.5586822509766,292.5003662109375,39.92335358142155,-2.7888903603041513,281.7354431152344,281.3868408203125,280.5899963378906
2021-10-29,282.88091098137687,283.82717970873045,277.1037777751942,278.69744873046875,307659.0,280.9385986328125,290.9041809082031,292.1542343139648,37.40308937891187,-3.4969195882535473,282.28326416015625,281.7354431152344,281.3868408203125
2021-11-01,276.9045607618234,285.91888772121865,276.9045607618234,283.5283508300781,293496.0,281.52626953125,288.6132415771484,291.8927688598633,42.65524676937485,-3.6264212992052194,278.69744873046875,282.28326416015625,281.7354431152344
2021-11-02,284.2754029276449,290.5505966276554,282.43268659357847,288.9070739746094,505772.0,283.0303161621094,287.43291015625,291.8877899169922,47.89707268907279,-3.257484083444524,283.5283508300781,278.69744873046875,282.28326416015625
2021-11-03,290.5506201440344,293.4889779548521,286.3173665138092,290.3016052246094,398374.0,284.74354858398436,286.32728881835936,292.03470916748046,49.19377293761571,-2.820063725416162,288.9070739746094,283.5283508300781,278.69744873046875
2021-11-04,293.04073608820767,294.83363114570403,291.5964375604894,293.78778076171875,91867.0,287.04445190429686,285.2515441894531,292.3957824707031,52.3840996094402,-2.1671185163035602,290.3016052246094,288.9070739746094,283.5283508300781
2021-11-08,294.43522600759303,296.47713604369835,289.3055251092849,295.5806884765625,321465.0,290.4210998535156,285.6798492431641,292.9535766601563,53.98445397157809,-1.487831272466508,293.78778076171875,290.3016052246094,288.9070739746094
2021-11-09,296.4273410005833,304.096981629434,293.33955018235633,300.2621765136719,1360366.0,293.7678649902344,287.6470672607422,293.58607482910156,57.95783233148809,-0.5652187876113999,295.5806884765625,293.78778076171875,290.3016052246094
2021-11-10,298.81785463077534,301.80603317708307,293.9869599014463,296.0289001464844,179562.0,295.1922302246094,289.11127319335935,293.52880096435547,53.462307227778695,-0.17363026851069208,300.2621765136719,295.5806884765625,293.78778076171875
2021-11-11,297.22416765353984,298.71825699871243,289.0564974716582,290.4011535644531,151723.0,295.21213989257814,289.97784423828125,293.2150405883789,48.11880803672609,-0.31378850346834497,296.0289001464844,300.2621765136719,295.5806884765625
2021-11-12,292.64225559238804,300.85974609255265,265.3004418029609,283.6279296875,1542692.0,293.1801696777344,290.1123107910156,291.8354965209961,42.600135642074854,-0.9603373044773775,290.4011535644531,296.0289001464844,300.2621765136719
2021-11-15,283.87693908589847,286.21768483852725,278.79702988594966,280.9883728027344,355356.0,290.26170654296874,290.3414031982422,290.62279205322267,40.64383880906955,-1.666511560411891,283.6279296875,290.4011535644531,296.0289001464844
2021-11-16,283.8272028993371,301.1088131115543,281.486456696201,295.9293212890625,1446887.0,289.3951354980469,291.5815002441406,290.09737091064454,53.62560662786701,-1.0089198695946493,280.9883728027344,283.6279296875,290.4011535644531
2021-11-17,298.3198508833986,301.308029690244,287.3631952582988,290.55059814453125,465598.0,288.2994750976562,291.7458526611328,289.5893814086914,49.43400914260761,-0.9112869738503377,295.9293212890625,280.9883728027344,283.6279296875
2021-11-18,287.0145558718059,290.50076432861465,282.88091478105486,285.9188842773437,362818.0,287.40302124023435,291.3075805664063,288.8174346923828,46.09291478857996,-1.193890375719775,290.55059814453125,295.9293212890625,280.9883728027344
2021-11-22,285.91888598626866,288.01061715232123,269.93214212628084,272.2728881835937,368620.0,285.13201293945315,289.1560913085938,287.2038177490234,37.953966631328335,-2.49026719804516,285.9188842773437,290.55059814453125,295.9293212890625
2021-11-23,268.936082323184,273.7171560722215,265.15106813830647,268.88629150390625,340892.0,282.7115966796875,286.4866516113281,286.08325042724607,36.24352800852089,-3.7477237917162824,272.2728881835937,285.9188842773437,290.55059814453125
2021-11-24,270.6294110132675,273.86660477946765,264.6530532910517,267.1929931640625,254707.0,276.9643310546875,283.1797332763672,285.4134002685547,35.38486538572704,-4.825279408833978,268.88629150390625,272.2728881835937,285.9188842773437
2021-11-25,267.9400035274297,270.47994307480127,263.75654149929886,269.0356750488281,282594.0,272.6613464355469,280.48041076660155,284.7958419799805,37.13042304021388,-5.467534634755907,267.1929931640625,268.88629150390625,272.2728881835937
2021-11-26,267.9400616667532,268.637315621844,257.6308376012244,261.8143005371094,315241.0,267.8404296875,277.62172546386716,283.7997848510742,33.3303338182787,-6.484482027683612,269.0356750488281,267.1929931640625,268.88629150390625
2021-11-29,254.34380835761868,268.18902981551946,241.39503440180903,263.5075378417969,414042.0,266.0873596191406,275.60968627929685,282.8609985351562,35.00988726756324,-7.072265390684038,261.8143005371094,269.0356750488281,267.1929931640625
2021-11-30,263.5075628310683,282.33311414689285,259.57314553285363,280.09197998046875,583954.0,268.3284973144531,275.5200469970703,282.93072509765625,48.65386568723905,-6.129208363275438,263.5075378417969,261.8143005371094,269.0356750488281
2021-12-01,280.8888143970617,282.731530783742,269.1353229748391,272.2230834960937,438220.0,269.3345153808594,273.14942321777346,282.365461730957,43.94025260123753,-5.948215729577441,280.09197998046875,263.5075378417969,261.8143005371094
2021-12-02,273.4183268836998,275.4602366559604,270.9779690021292,273.7171325683594,129356.0,270.27080688476565,271.46607666015626,281.60596466064453,45.02919372516869,-5.619443048071162,272.2230834960937,280.09197998046875,263.5075378417969
2021-12-03,273.71715200728335,283.1797177262754,273.71715200728335,279.7931213378906,282873.0,273.8665710449219,270.85350036621094,281.0805404663086,49.339055380784814,-4.813124116010272,273.7171325683594,272.2230834960937,280.09197998046875
2021-12-06,280.8887912624485,281.38682103419046,269.13530080826894,271.9242553710937,118300.0,275.5499145507812,270.8186370849609,279.9873641967773,44.475721423251535,-4.754258145325139,279.7931213378906,273.7171325683594,272.2230834960937
2021-12-07,273.91634866892446,278.4484070061542,270.18112573253,274.0159606933594,151989.0,274.33471069335934,271.33160400390625,278.9091278076172,45.999473442111984,-4.487098818991399,271.9242553710937,279.7931213378906,273.7171325683594
2021-12-08,275.31084264821493,291.74582457298595,275.2610518316149,288.7078552246094,562578.0,277.6316650390625,273.48309020996095,278.33141174316404,55.282168584608776,-3.054647944653084,274.0159606933594,271.9242553710937,279.7931213378906
2021-12-09,289.8533406301171,293.7379669508493,284.22561002724507,289.5545349121094,268606.0,280.7991455078125,275.53497619628905,278.0076934814453,55.75420350998298,-1.8300051712296295,288.7078552246094,274.0159606933594,271.9242553710937
2021-12-10,289.65412908477794,290.5007858521979,286.01851750420377,287.9608459472656,143299.0,282.4326904296875,278.1496307373047,277.88567810058595,54.5861967857989,-0.9768043382929932,289.5545349121094,288.7078552246094,274.0159606933594
2021-12-13,290.84936784637006,295.8296652409997,285.8690704517404,287.9109802246094,380174.0,285.6300354003906,280.58997497558596,278.0998306274414,54.547690880989265,-0.30118836628059853,287.9608459472656,289.5545349121094,288.7078552246094
2021-12-14,287.5623822366682,295.63043965635654,284.72360665695584,291.9450378417969,216387.0,289.2158508300781,281.77528076171876,278.64766387939454,57.17930878676405,0.5533778988184963,287.9109802246094,287.9608459472656,289.5545349121094
2021-12-15,293.3395518935863,297.82182008890425,286.46674674023075,289.4549255371094,390405.0,289.3652648925781,283.4984649658203,278.3239440917969,55.06013922619938,1.0179621346468366,291.9450378417969,287.9109802246094,287.9608459472656
2021-12-16,290.0525324221585,291.9450393526532,279.14566896899044,287.9109802246094,425553.0,289.03655395507815,284.9178497314453,278.1919631958008,53.730465547098625,1.2471881960833002,289.4549255371094,291.9450378417969,287.9109802246094
2021-12-17,289.2556811213056,291.4968150613942,280.98839919013074,288.5086364746094,269890.0,289.1461120605469,285.7894012451172,278.3214508056641,54.19163106905368,1.4602445753160396,287.9109802246094,289.4549255371094,291.9450378417969
2021-12-20,283.8769928840941,286.66594767279634,271.82466535235653,275.0618591308594,386888.0,286.5762878417969,286.10316162109376,278.46089935302734,43.65020396404911,0.5378507301956574,288.5086364746094,287.9109802246094,289.4549255371094
2021-12-21,275.8088828497474,279.3947033031567,273.9163757874085,276.4065246582031,150833.0,283.4685852050781,286.34221801757815,278.8369110107422,44.80641349142212,-0.08368509761993437,275.0618591308594,288.5086364746094,287.9109802246094
2021-12-22,276.9045704481627,286.86516650744915,275.9085108422341,285.4208679199219,168222.0,282.6617736816406,286.0135192871094,279.74830474853513,51.92748779887089,0.14940321881687169,276.4065246582031,275.0618591308594,288.5086364746094
2021-12-23,286.8652018514461,287.86126158009694,281.98451526052304,284.12603759765625,131421.0,281.90478515625,285.4706695556641,280.50282287597656,50.911390462102645,0.22702836161289497,285.4208679199219,276.4065246582031,275.0618591308594
2021-12-24,284.9228238252364,286.86515211830084,281.48643659554773,284.8232421875,114363.0,281.16770629882814,285.1569091796875,281.6532699584961,51.46213566607898,0.34087602354475166,284.12603759765625,285.4208679199219,276.4065246582031
2021-12-27,285.86911315838955,285.86911315838955,280.9884270619801,282.93072509765625,97499.0,282.7414794921875,284.6588836669922,282.6244293212891,49.82792860524685,0.27521825836373637,284.8232421875,284.12603759765625,285.4208679199219
2021-12-28,284.7734371594246,292.2937054728597,282.98054201569715,287.6122131347656,216317.0,284.9826171875,284.22560119628906,283.0004409790039,53.741220460772446,0.5940926360868843,282.93072509765625,284.8232421875,284.12603759765625
2021-12-29,288.8572832330506,301.7064459594693,288.8572832330506,298.5190734863281,1472877.0,287.6022583007813,285.13201599121095,284.31524047851565,61.31223917594192,1.7072156365805427,287.6122131347656,282.93072509765625,284.8232421875
2021-12-30,299.017076533433,301.45740409023364,291.3474061610335,293.8375549316406,269444.0,289.5445617675781,285.72467346191405,285.3212615966797,56.99996451607027,2.186410631048318,298.5190734863281,287.6122131347656,282.93072509765625
2021-12-31,294.3355919835,301.50723277959133,293.4391444833198,298.66845703125,506499.0,292.3136047363281,286.74065551757815,286.26502838134763,60.11720956908714,2.9223030519700046,293.8375549316406,298.5190734863281,287.6122131347656
2022-01-03,302.60290257952573,307.2843949862209,295.6803064089944,299.31591796875,807311.0,295.59064331054685,289.1660614013672,287.63461151123045,60.53019725751687,3.5172036496781516,298.66845703125,293.8375549316406,298.5190734863281
2022-01-04,299.66453569161087,302.0052818228912,292.1940887177332,295.1324462890625,333418.0,297.0946899414063,291.0386535644531,288.6904357910156,56.46187969132308,3.609487532127673,299.31591796875,298.66845703125,293.8375549316406
2022-01-05,295.5308930382511,297.57280304245705,291.39722141452825,293.48895263671875,667048.0,296.0886657714844,291.8454620361328,288.9294906616211,54.90075723009027,3.509551051442429,295.1324462890625,299.31591796875,298.66845703125
2022-01-06,289.8533269402611,295.0826395396988,287.66198378728103,292.89129638671875,507037.0,295.8994140625,292.72198791503905,289.09632873535156,54.31265772640753,3.3435820731113495,293.48895263671875,295.1324462890625,299.31591796875
2022-01-07,292.04466918178537,300.56096608678934,290.251743772036,291.795654296875,404741.0,294.524853515625,293.4192291259766,289.288069152832,53.18782831880068,3.0880442501794505,292.89129638671875,293.48895263671875,295.1324462890625
2022-01-10,292.5427026885288,316.746937652068,292.4928814725154,314.3065795898437,1988654.0,297.5229858398437,296.5568145751953,290.60784912109375,67.89821551948287,4.648388494897745,291.795654296875,292.89129638671875,293.48895263671875
2022-01-11,314.3065701840812,315.75086865071927,306.2385123692251,310.1231384277344,791195.0,300.5211242675781,298.8079071044922,291.5167541503906,63.88067893468761,5.484185534153767,314.3065795898437,291.795654296875,292.89129638671875
2022-01-12,312.7627426730692,320.18339952281104,308.828294738473,316.6473693847656,938296.0,305.1528076171875,300.62073669433596,292.8763763427734,67.1456183191799,6.596965905822344,310.1231384277344,314.3065795898437,291.795654296875
2022-01-13,321.2292273162683,323.7193763652316,315.2528695987563,316.3485412597656,1008469.0,309.84425659179686,302.87183532714846,294.2982543945312,66.847562266528,7.369785139684382,316.6473693847656,310.1231384277344,314.3065795898437
2022-01-14,315.7508970868968,320.3825682044474,310.3721812601501,313.609375,913019.0,314.2070007324219,304.3659271240234,295.5532913208008,64.04133864223935,7.672775149598522,316.3485412597656,316.6473693847656,310.1231384277344
2022-01-17,314.5555821901041,317.74298479208915,311.9658517729808,313.0614929199219,404601.0,313.9579833984375,305.7404846191406,297.4532730102539,63.46743231043979,7.779015758959872,313.609375,316.3485412597656,316.6473693847656
2022-01-18,314.6552230795764,317.2449841315442,309.2765072930752,310.8702087402344,393269.0,314.1073974609375,307.3142608642578,299.1764572143555,61.10869323131463,7.5987996549919785,313.0614929199219,313.609375,316.3485412597656
2022-01-19,309.7745212453457,314.605416160952,306.83613340257705,308.6290588378906,366453.0,312.5037353515625,308.828271484375,300.3368667602539,58.70562779684564,7.192227505485562,310.8702087402344,313.0614929199219,313.609375
2022-01-20,309.3761071788931,316.49792699402207,307.782405794344,309.6251220703125,393528.0,311.1590515136719,310.50165405273435,301.61182098388673,59.46850719392563,6.871183401131134,308.6290588378906,310.8702087402344,313.0614929199219
2022-01-21,312.06545894124633,319.7351299813495,311.81644404250693,313.8085632324219,1195049.0,311.1988891601562,312.70294494628905,303.0610870361328,62.59412767952384,6.875070837703959,309.6251220703125,308.6290588378906,310.8702087402344
2022-01-24,314.30658218851926,318.2908204309208,289.8533321347102,295.5308837890625,717456.0,307.69276733398436,310.82537536621095,303.69109497070315,45.929167134533856,5.34171966189956,313.8085632324219,309.6251220703125,308.6290588378906
2022-01-25,295.8296712582501,300.0131333137608,278.8966597720876,296.77593994140625,407906.0,304.87391357421876,309.49065551757815,304.14928131103517,46.96499099525896,4.178822568656926,295.5308837890625,313.8085632324219,309.6251220703125
2022-01-27,296.82574197075985,304.89383029842327,287.2137735199636,296.92535400390625,811500.0,302.5331726074219,307.51845397949216,304.06959533691406,47.095969139768485,3.232018018325391,296.77593994140625,295.5308837890625,313.8085632324219
2022-01-28,300.5112056897904,306.53735435572395,299.86374260562025,300.8598022460937,417982.0,300.7801086425781,305.969580078125,304.42070770263666,50.55858358603669,2.767246586321903,296.92535400390625,296.77593994140625,295.5308837890625
2022-01-31,304.79422830206045,316.7469431374354,303.3001389476386,314.1073913574219,537160.0,300.8398742675781,306.0193817138672,305.19265441894527,60.041858672362714,3.4283615862391343,300.8598022460937,296.92535400390625,296.77593994140625
2022-02-01,321.7272513533712,328.5502657045721,305.7902977259596,309.7745361328125,2436521.0,303.6886047363281,305.69068603515626,305.7155853271484,56.242141225790476,3.5616186584420007,314.1073913574219,300.8598022460937,296.92535400390625
2022-02-02,313.2607604860615,321.7272675262253,312.7627306601695,318.78887939453125,874536.0,308.0911926269531,306.48255310058596,306.8984069824218,61.676046645921915,4.344527010436707,309.7745361328125,314.1073913574219,300.8598022460937
2022-02-03,320.98021591236306,320.98021591236306,308.77848543935625,310.5713806152344,446040.0,310.8203979492188,306.6767852783203,307.7525283813476,54.974053032439045,4.252879497435288,318.78887939453125,309.7745361328125,314.1073913574219
2022-02-04,312.7626874045744,317.7429849747109,308.7784493484652,310.2227478027344,661632.0,312.6929870605469,306.7365478515625,308.6191009521484,54.70246683930347,4.104798862634311,310.5713806152344,318.78887939453125,309.7745361328125
2022-02-07,311.5674592621073,315.1532802300506,307.4338176229117,309.8741760253906,304591.0,311.8463439941406,306.3431091308594,309.5230270385742,54.41302490957927,3.914196641020567,310.2227478027344,310.5713806152344,318.78887939453125
2022-02-08,309.8741445288573,313.1113381963614,305.34205515595573,308.7784729003906,277546.0,311.6471313476562,307.66786804199216,309.2466217041016,53.45553852867485,3.6328516694881614,309.8741760253906,310.2227478027344,310.5713806152344
2022-02-09,311.4678248626518,314.25677936688305,308.77845199281694,310.1231384277344,263724.0,309.9139831542969,309.002587890625,309.2466217041016,54.51337730443689,3.47829144417841,308.7784729003906,309.8741760253906,310.2227478027344
2022-02-10,311.46786757862145,315.750911954083,306.03933027726185,314.7548522949219,222376.0,310.75067749023435,310.78553771972656,309.15199584960936,58.05005138879715,3.6870400497178935,310.1231384277344,308.7784729003906,309.8741760253906
2022-02-11,311.7666671300926,313.75878640887913,308.8781002553177,310.4718017578125,174694.0,310.80048828125,311.7467376708984,308.85815887451173,53.87827349772657,3.466904127454143,314.7548522949219,310.1231384277344,308.7784729003906
2022-02-14,310.7706208079761,311.2188598238424,293.8376062126697,302.6527404785156,939512.0,309.356201171875,310.6012725830078,308.3103271484375,47.20831447725026,2.631181304227198,310.4718017578125,314.7548522949219,310.1231384277344
2022-02-15,296.9751732329066,308.778485952827,290.94902461759705,307.7326354980469,527707.0,309.14703369140625,310.39708251953124,308.04388427734375,51.41639495223089,2.3516615291347307,302.6527404785156,310.4718017578125,314.7548522949219
2022-02-16,310.77059506745275,311.2188340461922,302.9017303102743,305.840087890625,443826.0,308.29042358398436,309.1022033691406,307.7923782348633,49.822993939384475,1.9548925340499181,307.7326354980469,302.6527404785156,310.4718017578125
2022-02-17,308.7286745406679,310.67097245534364,305.1428540247638,309.6251220703125,463294.0,307.2644775390625,309.00757751464846,307.84218139648436,52.962595196270016,1.9236957056929782,305.840087890625,307.7326354980469,302.6527404785156
2022-02-18,306.3381065090864,313.75876241399845,306.3381065090864,311.9160461425781,454959.0,307.55332641601564,309.1769073486328,307.9567276000977,54.80581807634178,2.0600830658141263,309.6251220703125,305.840087890625,307.7326354980469
2022-02-21,311.7666595834078,317.94224135708987,304.6448394136037,314.7050476074219,761027.0,309.9637878417969,309.6599945068359,308.00155181884764,57.0142389848703,2.3659469768844588,311.9160461425781,309.6251220703125,305.840087890625
2022-02-22,303.997373986972,310.4219395748912,295.929285893067,299.5151062011719,574629.0,308.3202819824219,308.73365783691406,308.2007629394531,44.313535852799504,1.3668883679437158,314.7050476074219,311.9160461425781,309.6251220703125
2022-02-23,301.8060493683949,312.4140776974229,301.8060493683949,304.49542236328125,446314.0,308.0513488769531,308.17088623046874,308.58673706054685,48.374197010350166,0.9658632443213833,299.5151062011719,314.7050476074219,311.9160461425781
2022-02-24,294.8336513493999,304.14681499682786,291.4470546768791,294.7340393066406,488214.0,305.07313232421876,306.16880493164064,308.47717132568357,41.9217346676293,-0.1380230450214981,304.49542236328125,299.5151062011719,314.7050476074219
2022-02-25,301.80607547836195,314.1572091214431,297.8218368581855,313.1113586425781,423660.0,305.31219482421875,306.43276062011716,309.0897491455078,54.28483717611164,0.46467867582481404,294.7340393066406,304.49542236328125,299.5151062011719
2022-02-28,313.1112871641946,313.1112871641946,303.30009572228533,308.3800048828125,352792.0,304.04718627929685,307.0054870605469,308.80337982177736,51.25948449094498,0.5541554657279448,313.1113586425781,294.7340393066406,304.49542236328125
2022-03-02,307.7824155419753,317.2449817155959,305.64089348741066,308.13104248046875,564290.0,305.77037353515624,307.0453277587891,308.72120513916013,51.09810983301399,0.5980829531775953,308.3800048828125,313.1113586425781,294.7340393066406
2022-03-03,312.76272263330844,322.7233188955157,309.6749317125587,312.3144836425781,662192.0,307.3341857910156,307.69276733398436,308.3974853515625,53.73388703322478,0.9594051177787151,308.13104248046875,308.3800048828125,313.1113586425781
2022-03-04,309.774518144794,313.75875632028976,299.0668780481492,305.342041015625,554117.0,309.4557861328125,307.26445922851565,308.13601837158205,48.994060451253546,0.6753526426775807,312.3144836425781,308.13104248046875,308.3800048828125
2022-03-07,301.8060748386425,306.5871490137887,281.0880462165713,284.9228515625,717358.0,303.8180847167969,304.5651397705078,306.8710235595703,38.33060227013054,-1.1837731291486762,305.342041015625,312.3144836425781,308.13104248046875
2022-03-08,288.55843523707296,293.8375381707025,280.58995962566405,288.2098083496094,482442.0,299.78404541015624,301.9156158447266,305.7878051757813,40.57283072411165,-2.3646554787115406,284.9228515625,305.342041015625,312.3144836425781
2022-03-09,293.6383694878582,298.1206378644205,288.3592655588382,293.5387878417969,389386.0,296.8655944824219,301.31798400878904,305.02582092285155,44.120148793973414,-2.8377967847903847,288.2098083496094,284.9228515625,305.342041015625
2022-03-10,305.79026450858214,307.6827714667927,298.86763886973534,300.8099670410156,515046.0,294.5646911621094,300.9494384765625,304.56016235351564,48.626258548796095,-2.59611488864914,293.5387878417969,288.2098083496094,284.9228515625
2022-03-11,302.5033014646816,307.7326141708232,300.31195826698735,305.690673828125,365762.0,294.63441772460936,302.04510192871095,304.1069534301758,51.4559869490625,-1.9878334896961292,300.8099670410156,293.5387878417969,288.2098083496094
2022-03-14,307.1847720367727,309.7745330549611,301.1586236652129,303.1009216308594,384850.0,298.27003173828126,301.04405822753904,303.7384094238281,49.88583746426766,-1.69519628984591,305.690673828125,300.8099670410156,293.5387878417969
2022-03-15,305.4914469912207,307.5831475287519,283.17969088254665,286.4667053222656,509793.0,297.9214111328125,298.85272827148435,302.9291076660156,41.1914170093403,-2.773549684496686,303.1009216308594,305.690673828125,300.8099670410156
2022-03-16,289.8035681797334,293.3395677887136,283.4785833041444,284.9228515625,863470.0,296.19822387695314,296.5319091796875,301.78861846923826,40.48614236996825,-3.7099624767029695,286.4667053222656,303.1009216308594,305.690673828125
2022-03-17,289.35529846340984,290.351358010616,266.5455409118522,282.0840759277344,3685319.0,292.4530456542969,293.5088684082031,300.60081787109374,39.15848204794165,-4.627795484461842,284.9228515625,286.4667053222656,303.1009216308594
2022-03-21,275.9084825853538,281.8848396088633,273.01991610345567,278.0002136230469,512438.0,286.9149536132812,290.7746856689453,299.01957244873046,37.2652272868385,-5.6199351987841055,282.0840759277344,284.9228515625,286.4667053222656
2022-03-22,278.6974725860709,282.0342784292811,277.5520100899226,280.6398010253906,242944.0,282.4227294921875,290.34638061523435,297.4557601928711,39.30774632601259,-6.122642416384792,278.0002136230469,282.0840759277344,284.9228515625
2022-03-23,281.58606891808336,287.66200832937176,280.9386058421971,282.93072509765625,246172.0,281.7155334472656,289.81847229003904,295.86704406738284,41.100131896098965,-6.263975866958049,280.6398010253906,278.0002136230469,282.0840759277344
2022-03-24,282.93069101744703,284.1757654021345,277.1535580314268,279.09588623046875,368857.0,280.5501403808594,288.3741821289062,294.84608306884763,39.022655479886396,-6.609235934539413,282.93072509765625,280.6398010253906,278.0002136230469
2022-03-25,280.58998083481566,282.43266664138065,278.0500108032953,278.89666748046875,174289.0,279.91265869140625,286.18285217285154,293.566145324707,38.91261535323165,-6.820312002478829,279.09588623046875,282.93072509765625,280.6398010253906
2022-03-28,278.8966568294207,278.8966568294207,269.9321214313322,270.7787780761719,236710.0,278.46837158203124,282.69166259765626,292.3683822631836,34.627583540679964,-7.5555415580165,278.89666748046875,279.09588623046875,282.93072509765625
2022-03-29,272.6215335224129,273.66738397740824,267.24278719007214,271.02783203125,443367.0,276.5459777832031,279.48435363769534,290.2642059326172,34.864565855615396,-8.02560552040569,270.7787780761719,278.89666748046875,279.09588623046875
2022-03-30,272.82069529319745,278.8966644189319,268.98586007797235,275.60968017578125,1331356.0,275.08176879882814,278.3986511230469,288.6256896972656,39.22920410979229,-7.936925803962765,271.02783203125,270.7787780761719,278.89666748046875
2022-03-31,280.8887820860148,283.8769606188447,277.4025737977132,283.0303039550781,287790.0,275.86865234375,278.2093963623047,287.3706527709961,45.58846085520964,-7.185039504652252,275.60968017578125,271.02783203125,270.7787780761719
2022-04-01,285.66985543002755,292.8414960639937,283.876960470198,291.546630859375,289124.0,278.3986450195313,279.15565185546876,286.33226013183594,51.819739503638736,-5.834708895964809,283.0303039550781,275.60968017578125,271.02783203125
2022-04-04,294.4351772399655,295.8296543797999,290.4509394705406,291.1481628417969,191349.0,282.47252197265624,280.47044677734374,285.62256622314453,51.522430315739214,-4.742051777786116,291.546630859375,283.0303039550781,275.60968017578125
2022-04-05,291.8454457094216,295.232042071636,286.4667302638665,289.50469970703125,250436.0,286.1678955078125,281.3569366455078,285.8516586303711,50.24207113432964,-3.9630433822395617,291.1481628417969,291.546630859375,283.0303039550781
2022-04-06,288.0106434821238,290.50079262237614,282.13389759059385,286.0185241699219,351402.0,288.2496643066406,281.66571655273435,285.7420944213867,47.54310762355784,-3.585645754703421,289.50469970703125,291.1481628417969,291.546630859375
2022-04-07,287.56241403180064,288.4588615778483,282.88092182852483,284.5244140625,242321.0,288.548486328125,282.2085693359375,285.2913757324219,46.39284108986551,-3.3682900635824353,286.0185241699219,289.50469970703125,291.1481628417969
2022-04-08,284.52441282559084,287.86121849662595,284.52441282559084,286.2675170898437,129551.0,287.49266357421874,282.945654296875,284.56425323486326,47.97428613059152,-3.020561117490672,284.5244140625,286.0185241699219,289.50469970703125
2022-04-11,287.8612038602709,291.64621791126854,286.21771171700414,288.5086364746094,201101.0,286.9647583007812,284.71864013671876,283.7051513671875,50.01597317043616,-2.5349228057566506,286.2675170898437,284.5244140625,286.0185241699219
2022-04-12,289.5545192085714,289.75371287733145,277.9006104810801,281.6358337402344,299315.0,285.3909851074219,285.77944030761716,282.63189697265625,44.27736629540198,-2.673806707786923,288.5086364746094,286.2675170898437,284.5244140625
2022-04-13,282.6817040036181,288.1102410148599,282.43268910213595,285.4208679199219,124961.0,285.2714538574219,286.76055908203125,282.57960510253906,47.82761709652957,-2.450208101507485,281.6358337402344,288.5086364746094,286.2675170898437
2022-04-18,282.58213176013885,282.58213176013885,275.9085200195084,276.60577392578125,183809.0,283.68772583007814,286.11810607910155,282.16375122070315,41.23791314516832,-2.950299790120198,285.4208679199219,281.6358337402344,288.5086364746094
2022-04-19,277.55202856519816,279.6437600089339,273.9164167496236,276.0081481933594,213750.0,281.63585205078124,284.5642578125,281.8599548339844,40.827213876964485,-3.356161715236567,276.60577392578125,285.4208679199219,281.6358337402344
2022-04-20,277.3029942045926,278.8469048655476,270.97800949077447,272.7709350585937,95898.0,278.48831176757807,282.7265350341797,281.5984909057617,38.58551029447217,-3.8941370722721445,276.0081481933594,276.60577392578125,285.4208679199219
2022-04-21,274.41440876490714,277.7013931537962,272.82070738952973,276.8547668457031,138939.0,277.5320983886719,281.4615417480469,281.4092391967773,42.8487103386479,-3.945474351065968,272.7709350585937,276.0081481933594,276.60577392578125
2022-04-22,275.4104736218251,281.2872190590643,273.91638425317143,276.6555480957031,162859.0,275.77903442382814,280.525244140625,281.09548034667966,42.693017454454456,-3.956625289140163,276.8547668457031,272.7709350585937,276.0081481933594
2022-04-25,276.854756860187,277.55198028860616,270.92819053334046,272.1234741210937,141339.0,274.8825744628906,279.2851501464844,280.7468597412109,39.20319056078703,-4.281804998835014,276.6555480957031,276.8547668457031,272.7709350585937
2022-04-26,275.7591129891151,276.356754842992,271.1772326391624,271.6752624511719,98929.0,274.0159973144531,277.8259246826172,280.3857894897461,38.86483392073894,-4.523534705184147,272.1234741210937,276.6555480957031,276.8547668457031
2022-04-27,270.4302098390153,280.789224688926,268.48788125582524,278.747314453125,287165.0,275.2112731933594,276.84979248046875,280.7842163085937,46.68395887159261,-4.097221526752776,271.6752624511719,272.1234741210937,276.6555480957031
2022-04-28,280.5900005644544,280.5900005644544,272.1732848129548,275.90850830078125,199671.0,275.022021484375,276.2770599365234,281.0282501220703,44.23806208529909,-3.9429809629066312,278.747314453125,271.6752624511719,272.1234741210937
2022-04-29,275.85872868907296,275.85872868907296,266.9439827769562,269.28472900390625,280027.0,273.5478576660156,274.6634460449219,280.7120025634766,39.09160087664131,-4.305595610778994,275.90850830078125,278.747314453125,271.6752624511719
2022-05-02,266.9439928583494,276.9045896067953,259.97157513443733,271.7250671386719,239983.0,273.4681762695312,274.1753753662109,280.14674072265626,41.77893455700738,-4.345957941116069,269.28472900390625,275.90850830078125,278.747314453125
2022-05-04,268.9360723510525,273.1195345243319,262.95971518769574,264.1549987792969,104151.0,271.96412353515626,272.9900604248047,278.7771591186523,36.41203098943175,-4.931934360320497,271.7250671386719,269.28472900390625,275.90850830078125
2022-05-05,265.64912656258923,270.928230662898,252.9991565749121,256.53515625,146608.0,267.5216918945313,271.3664825439453,277.0465087890625,31.961386356018735,-5.9426790003781775,264.1549987792969,271.7250671386719,269.28472900390625
2022-05-06,250.3596223462328,266.9440109786889,249.46315945882148,262.61114501953125,342469.0,264.8622192382812,269.94212036132814,275.7018310546875,38.42449756772043,-6.182155850712888,256.53515625,264.1549987792969,271.7250671386719
2022-05-09,262.3620789879644,263.10912364931806,253.9951848602676,258.2782287597656,137164.0,262.6609191894531,268.10438842773436,274.3148162841797,35.81196147877105,-6.644973986646278,262.61114501953125,256.53515625,264.1549987792969
2022-05-10,255.5889093276567,260.7684012096442,246.9231783134673,249.512939453125,164147.0,258.21849365234374,265.8433349609375,272.5642425537109,31.19172562904633,-7.6310799468201935,258.2782287597656,262.61114501953125,256.53515625
2022-05-11,249.5129219536417,250.80780243265465,234.0739986391449,237.7096099853516,387608.0,252.92941589355468,262.44676971435547,270.1363471984863,26.275708090861343,-9.258282352399078,249.512939453125,258.2782287597656,262.61114501953125
2022-05-12,234.07400330500815,235.66770472612453,224.5616311947954,233.5759735107422,434199.0,248.33757934570312,257.9296356201172,267.389714050293,24.80148201472292,-10.757397319389554,237.7096099853516,249.512939453125,258.2782287597656
2022-05-13,235.1198650123511,242.44089374741625,224.9102543992635,229.1933135986328,426770.0,241.65401306152344,253.25811614990235,264.76758804321287,23.308307485599983,-12.158940066352216,233.5759735107422,237.7096099853516,249.512939453125
2022-05-16,229.0936941766812,242.68990081683236,228.94429132516137,236.26531982421875,163348.0,237.25143127441407,249.9561752319336,262.30981063842773,30.57199530391756,-12.55430280376791,229.1933135986328,233.5759735107422,237.7096099853516
2022-05-17,236.26532350124023,241.19581526073964,235.56808485219247,237.26138305664065,125967.0,234.80111999511718,246.50980682373046,260.3425910949707,31.555276602891524,-12.64153292076628,236.26531982421875,229.1933135986328,233.5759735107422
2022-05-18,238.75547545806072,239.6021321704968,234.7712371852565,236.0163116455078,164719.0,234.46246032714845,243.69593811035156,258.34299926757814,30.96493244835112,-12.665134487727016,237.26138305664065,236.26531982421875,229.1933135986328
2022-05-19,233.32694791503408,234.522216326734,227.99802328126628,229.44232177734372,81994.0,233.63572998046874,240.98665466308594,256.17656860351565,27.987655418198017,-13.063714571122688,236.0163116455078,237.26138305664065,236.26531982421875
2022-05-20,231.93247896284169,237.01237369464332,230.63759847089355,232.5301055908203,124160.0,234.30308837890624,237.97855072021486,253.9603355407715,31.32756049978333,-12.980799237424606,229.44232177734372,236.0163116455078,237.26138305664065
2022-05-23,236.06611890978863,238.55626784343625,225.10946360173935,228.0478363037109,282520.0,232.6595916748047,234.95551147460938,251.5299499511719,29.209733366857208,-13.125467688485571,232.5301055908203,229.44232177734372,236.0163116455078
2022-05-24,231.0360151293741,233.07794029562825,227.10158285215056,229.7411346435547,124753.0,231.1555419921875,232.97833099365235,249.41083297729492,31.104581866687013,-12.954156006924876,228.0478363037109,232.5301055908203,229.44232177734372
2022-05-25,230.836818905848,231.8826845555101,219.92996901345973,229.84075927734372,485703.0,229.9204315185547,232.19144592285156,247.31910781860353,31.22122879190823,-12.664364479281062,229.7411346435547,228.0478363037109,232.5301055908203
2022-05-26,229.8407522119291,247.0227802754428,224.01379748483745,242.5405120849609,310571.0,232.54006958007812,233.08789978027343,245.5087677001953,44.19265016885569,-11.279910899131607,229.84075927734372,229.7411346435547,228.0478363037109
2022-05-27,244.03461141034592,244.8812681824596,233.7751940949945,241.0464324951172,144823.0,234.2433349609375,234.27321166992186,243.76566390991212,43.161335539531656,-10.185864888812489,242.5405120849609,229.84075927734372,229.7411346435547
2022-05-30,241.04642316920007,244.9808555489647,235.5182893501738,243.08834838867188,135224.0,237.25143737792968,234.95551452636718,242.4558448791504,45.04875096522325,-9.049740223819526,241.0464324951172,242.5405120849609,229.84075927734372
2022-05-31,268.93609032264123,268.93609032264123,253.99519641582785,258.9754943847656,2564666.0,243.0983093261719,237.12692565917968,241.81836624145507,57.01015661071239,-6.78913244131536,243.08834838867188,241.0464324951172,242.5405120849609
2022-06-01,256.18654081294204,261.9636743235031,249.06470556669825,253.8457946777344,460048.0,247.89931640625,238.90987396240234,241.30290603637695,52.998712816570816,-5.349838771352296,258.9754943847656,243.08834838867188,241.0464324951172
2022-06-02,258.9754883949239,258.9754883949239,249.0148926874268,250.70819091796875,224792.0,249.53285217285156,241.03646087646484,241.01155776977538,50.65109108853125,-4.411513389438312,253.8457946777344,258.9754943847656,243.08834838867188
2022-06-03,253.7959660035996,253.9453688505264,247.02275830078125,249.01487731933597,193249.0,251.1265411376953,242.6849380493164,240.3317443847656,49.379825383953545,-3.761163666297591,250.70819091796875,253.8457946777344,258.9754943847656
2022-06-06,249.0149074647485,256.9833845036204,244.0844153366792,255.2402801513672,421288.0,253.5569274902344,245.40418243408203,240.1798469543457,53.955355290672436,-2.7121548120931323,249.01487731933597,250.70819091796875,253.8457946777344
2022-06-07,255.24029083591037,257.97945493268594,251.20624612638065,256.53515625,309660.0,253.06885986328126,248.08358459472657,240.53095779418945,54.869125401472296,-1.7560790715908183,255.2402801513672,249.01487731933597,250.70819091796875
2022-06-08,255.98729673562656,261.51541491476195,250.21014847773603,253.4473419189453,191582.0,252.98916931152343,250.44424285888672,241.31784439086914,52.208366203614666,-1.233325955764741,256.53515625,255.2402801513672,249.01487731933597
2022-06-09,253.44736515536465,253.84579811923965,247.6702163678168,249.76194763183597,206771.0,252.79992065429687,251.16638641357423,242.12714309692382,49.14516320022767,-1.103698119194405,253.4473419189453,256.53515625,255.2402801513672
2022-06-10,248.41725125448244,252.0030717942612,246.4251321098638,249.56272888183597,98196.0,252.90949096679688,252.01801605224608,243.14561386108397,48.97787452322497,-1.005452186050178,249.76194763183597,253.4473419189453,256.53515625
2022-06-13,247.0227633041318,247.72000193501583,236.7135410948372,238.0582275390625,177667.0,249.47308044433595,251.51500396728517,243.23525924682616,40.421001192520485,-1.8347587308900586,249.56272888183597,249.76194763183597,253.4473419189453
2022-06-14,238.05824056766136,242.0424789035218,236.06612139973117,238.70567321777344,100470.0,245.9071838378906,249.48802185058594,243.3074737548828,41.04524497967447,-2.411943306113699,238.0582275390625,249.56272888183597,249.76194763183597
2022-06-15,238.2574412767352,238.80527706886764,236.0661133068681,237.31118774414065,110765.0,242.6799530029297,247.83456115722657,243.37221755981446,40.071397689604986,-2.9479079164378277,238.70567321777344,238.0582275390625,249.56272888183597
2022-06-16,240.34917313039503,240.4487699664775,224.81063802724856,230.48817443847656,315969.0,238.8251983642578,245.81255950927735,243.42451019287108,35.61842869102212,-3.8785147789220957,237.31118774414065,238.70567321777344,238.0582275390625
2022-06-17,228.0976352999444,229.04388882586665,222.4200989457481,224.9102478027344,156692.0,233.8947021484375,243.4020965576172,243.04351730346679,32.44423128472506,-5.008385929543948,230.48817443847656,237.31118774414065,238.70567321777344
2022-06-20,225.10946597138064,226.35454045131084,214.15281054799487,214.9496612548828,296975.0,229.27298889160156,239.37303466796874,242.38860855102538,27.69748228063183,-6.631113696047294,224.9102478027344,230.48817443847656,237.31118774414065
2022-06-21,216.0453325274516,217.73864609547348,206.6823778742984,216.0951385498047,827863.0,224.75088195800782,235.32903289794922,241.7063087463379,28.984248705167943,-7.735536250880443,214.9496612548828,224.9102478027344,230.48817443847656
2022-06-22,216.6927608589862,225.80669977628585,216.6927608589862,219.0832977294922,684508.0,221.1053039550781,231.89262847900392,241.1684356689453,32.36578965092849,-8.274298645593632,216.0951385498047,214.9496612548828,224.9102478027344
2022-06-23,221.6232672142212,221.97189416346183,216.2445513028696,219.6809539794922,431808.0,218.94385986328126,228.88452911376953,240.02545776367188,33.05242668608631,-8.554435651188356,219.0832977294922,216.0951385498047,214.9496612548828
2022-06-24,222.96793524376605,229.84074002529584,219.3821148020429,225.4580841064453,422002.0,219.05342712402344,226.47406463623048,239.24604034423828,39.45139966762133,-8.21557607961887,219.6809539794922,219.0832977294922,216.0951385498047
2022-06-27,229.09368935955052,234.02418093864327,229.09368935955052,232.48028564453125,365302.0,222.55955200195314,225.91627044677733,238.71563720703125,46.184686763843644,-7.2962873913952535,225.4580841064453,219.6809539794922,219.0832977294922
2022-06-28,229.1435091967823,235.5680904418268,227.20119605739623,234.2234039306641,220419.0,226.185205078125,225.4680435180664,237.47803268432617,47.738306589759,-6.3538462209143916,232.48028564453125,225.4580841064453,219.6809539794922
2022-06-29,231.2850372749862,234.5720370116981,224.51182892026603,230.0399627685547,168270.0,228.3765380859375,224.7409210205078,236.2877410888672,44.42360688742509,-5.876779684655588,234.2234039306641,232.48028564453125,225.4580841064453
2022-06-30,230.08975821317975,233.8747875784971,227.3007884072269,232.13168334960935,129604.0,230.86668395996094,224.9052719116211,235.35891571044922,46.42660720760503,-5.269176857079202,230.0399627685547,234.2234039306641,232.48028564453125
2022-07-01,229.59171982907048,235.21945004910344,227.8486156655092,234.72142028808597,58500.0,232.71935119628907,225.88638916015626,234.6442428588867,48.88297231119886,-4.52649845454593,232.13168334960935,230.0399627685547,234.2234039306641
2022-07-04,235.3190595836967,236.8131488508948,227.7988072324007,229.14349365234372,121449.0,232.05199279785157,227.30577239990234,233.33940353393555,44.18392428423547,-4.338006691827815,234.72142028808597,232.13168334960935,230.0399627685547
2022-07-05,232.6297200195544,236.96257011192677,229.8905561501709,235.26927185058597,133605.0,232.26116638183595,229.22318572998046,232.27610931396484,49.88189335962403,-3.6522259195612605,229.14349365234372,234.72142028808597,232.13168334960935
2022-07-06,235.0700552936624,247.02276996961132,233.17754821610225,245.1800537109375,601790.0,235.2891845703125,231.832861328125,231.86274490356445,57.450065733338256,-2.2827088023493047,235.26927185058597,229.14349365234372,234.72142028808597
2022-07-07,246.7239601016589,247.17218388232843,237.56021481316876,238.5562744140625,290745.0,236.57410278320313,233.72039337158202,231.30246124267578,51.81809462284677,-1.7121041808957784,245.1800537109375,235.26927185058597,229.14349365234372
2022-07-08,240.05035470772003,240.8970114158223,236.06611645530973,237.7594146728516,67319.0,237.18170166015625,234.95052642822264,230.71229553222656,51.168218026760805,-1.3091052781339556,238.5562744140625,245.1800537109375,235.26927185058597
2022-07-11,237.06217601841232,239.00448912672977,233.077937766002,237.7594146728516,89935.0,238.9048858642578,235.4784393310547,230.697354888916,51.16821802676082,-0.9784468183845547,237.7594146728516,238.5562744140625,245.1800537109375
2022-07-12,237.5601940048704,243.58635710216868,235.6676870084054,239.90093994140625,123674.0,239.8312194824219,236.04619293212892,230.75711822509766,53.005220566772024,-0.5373996069197631,237.7594146728516,237.7594146728516,238.5562744140625
2022-07-13,241.14602865279667,246.1263265167647,240.74759570448148,245.03065490722656,125989.0,239.80133972167968,237.5452621459961,231.14309158325196,57.16229755896546,0.22348244613854717,239.90093994140625,237.7594146728516,237.7594146728516
2022-07-14,245.9769065346891,252.25208483386228,245.578488788158,249.064697265625,293734.0,241.90302429199218,239.23856353759766,232.07191772460936,60.14783342436344,1.1388722491061856,245.03065490722656,239.90093994140625,237.7594146728516
2022-07-15,250.35958358710775,251.7540609311981,245.5286885046106,249.41331481933597,66369.0,244.23380432128906,240.70775299072267,233.29707107543945,60.40465630938018,1.8708893383471548,249.064697265625,245.03065490722656,239.90093994140625
2022-07-18,254.99125011192507,259.92175714606645,249.0148926874268,250.70819091796875,281606.0,246.8235595703125,242.86422271728514,235.08499755859376,61.399686509093485,2.5263812840724995,249.41331481933597,249.064697265625,245.03065490722656
2022-07-19,248.018846907535,253.49717485127573,245.3792949777436,252.4513092041016,211653.0,249.33363342285156,244.58242645263675,236.90280609130863,62.75651750470031,3.150204850881323,250.70819091796875,249.41331481933597,249.064697265625
2022-07-20,253.098764753531,253.99521236476448,249.01491408310244,249.91136169433597,111201.0,250.30977478027344,245.05555725097662,238.44420928955083,59.47587913024347,3.4004388428912193,252.4513092041016,250.70819091796875,249.41331481933597
2022-07-21,249.96114321173584,252.89951587011777,246.77375566368312,251.9532623291016,95059.0,250.88748779296876,246.39525604248053,240.0578247070313,61.23050378915354,3.720626336351586,249.91136169433597,252.4513092041016,250.70819091796875
2022-07-22,252.60070291664064,252.9493146329836,250.8575987389393,251.6544342041016,140372.0,251.33571166992186,247.7847579956055,241.3676422119141,60.81549582848068,3.9052470424945795,251.9532623291016,249.91136169433597,252.4513092041016
2022-07-25,252.89951216794543,252.94931818488303,247.02276693721063,250.9571990966797,68828.0,251.38551330566406,249.10453643798832,242.29148788452153,59.79711252981008,3.949768760476161,251.6544342041016,251.9532623291016,249.91136169433597
2022-07-26,249.41330623464145,255.9375145515406,247.62041119642544,253.6963653564453,91771.0,251.6345245361328,250.48407897949224,243.2651359558106,62.456923111581155,4.158147827930492,250.9571990966797,251.6544342041016,251.9532623291016
2022-07-27,255.19046735777425,258.9754814664305,249.014886025414,250.9571990966797,190288.0,251.84369201660155,251.07673339843754,244.31099777221684,58.30290539940968,4.055512491647789,253.6963653564453,250.9571990966797,251.6544342041016
2022-07-28,251.8536994000475,257.830057556755,249.81177399010616,256.3359680175781,106427.0,252.72023315429686,251.80386047363285,245.52121200561527,63.44441523466872,4.357959108003428,250.9571990966797,253.6963653564453,250.9571990966797
2022-07-29,256.83396726332955,263.30835449503445,255.2900566850659,262.5613098144531,139016.0,254.9016082763672,253.11865997314453,246.91320648193363,68.31424649182136,5.041863818482881,256.3359680175781,250.9571990966797,253.6963653564453
2022-08-01,261.96366063473994,262.95972018087963,259.1747060644788,260.5691833496094,91883.0,256.8240051269531,254.1047592163086,248.48449096679693,65.3156645935118,5.361313388546392,262.5613098144531,256.3359680175781,250.9571990966797
2022-08-02,259.0751053234603,265.3004777581968,255.9873145163657,264.1051940917969,207312.0,258.90577087402346,255.27014770507813,249.92628707885746,68.00056566276447,5.832571733260153,260.5691833496094,262.5613098144531,256.3359680175781
2022-08-03,265.2506562671277,268.338447071042,258.02922425027106,266.9439697265625,143811.0,262.103125,256.9734085083008,251.0144828796387,70.00783176600837,6.361778216555507,264.1051940917969,260.5691833496094,262.5613098144531
2022-08-04,263.1589340435691,267.6412018273726,253.44733864666637,258.6766662597656,131800.0,262.5712646484375,257.6457489013672,252.02050247192386,58.49905881682508,6.044399791967805,266.9439697265625,264.1051940917969,260.5691833496094
2022-08-05,258.6766862660733,259.0252828028042,254.99125364431487,256.236328125,63116.0,261.3062683105469,258.103938293457,252.9443481445313,55.593833452524244,5.532188584836916,258.6766662597656,266.9439697265625,264.1051940917969
2022-08-08,257.9794423508628,262.9597404657443,256.2861288328721,258.1288452148437,71023.0,260.8182006835938,258.82110290527345,253.9628196716309,57.36230920983114,5.218808648128288,256.236328125,258.6766662597656,266.9439697265625
2022-08-10,256.0371184060733,262.21270033548893,254.64264098897792,260.2205810546875,68606.0,260.04127807617186,259.47352447509763,254.97880172729498,59.29199821903463,5.080671572140375,258.1288452148437,256.236328125,258.6766662597656
2022-08-11,262.8601179363615,267.4419980987097,260.7185959118706,265.30047607421875,99347.0,259.71257934570315,260.90785217285156,255.99229278564457,63.600458944275786,5.31977891790001,260.2205810546875,258.1288452148437,256.236328125
2022-08-12,263.95580376545746,265.4001023978222,257.7802218580515,259.1249084472656,133167.0,259.80222778320314,261.18674621582034,256.4953033447266,55.86025982888463,4.953851598406061,265.30047607421875,260.2205810546875,258.1288452148437
2022-08-16,259.37390724897443,264.95184694840606,256.983370348454,259.7225341796875,243094.0,260.4994689941406,260.9028686523437,257.01076431274413,56.41308160159955,4.658376103401395,259.1249084472656,265.30047607421875,260.2205810546875
2022-08-17,261.1169883370748,262.9099136513786,257.7303921620431,258.8758544921875,255555.0,260.64887084960935,260.73353576660156,257.4191474914551,55.35531648573996,4.306249901720776,259.7225341796875,259.1249084472656,265.30047607421875
2022-08-18,262.21266804505177,262.21266804505177,257.6806093982645,258.5770568847656,150304.0,260.320166015625,260.18072204589845,257.7254348754883,54.963639945070916,3.957457770447661,258.8758544921875,259.7225341796875,259.1249084472656
2022-08-19,258.97547637067123,259.7225210140482,253.5967610178222,254.5430145263672,81197.0,258.1686737060547,258.9406265258789,257.95701751708987,49.836621955545134,3.317284399458913,258.5770568847656,258.8758544921875,259.7225341796875
2022-08-22,254.5430239683509,254.99124773127096,248.86548750781685,249.66232299804688,91565.0,256.2761566162109,258.03919219970703,257.8424705505371,44.435932086085394,2.388577341303062,254.5430145263672,258.5770568847656,258.8758544921875
2022-08-23,248.71606799489425,252.9991271237293,245.130262713913,248.01882934570312,159214.0,253.93541564941407,257.21744232177736,257.6606903076172,42.75571212256862,1.5026326899534865,249.66232299804688,254.5430145263672,258.5770568847656
2022-08-24,250.55877807605415,259.97153760477033,249.01488276318997,253.3477478027344,320307.0,252.82979431152344,256.7393325805664,257.78021774291994,49.43238425876501,1.2164913991156538,248.01882934570312,249.66232299804688,254.5430145263672
2022-08-25,255.4892880185061,259.9715562293571,255.0410490384903,258.3280639648437,229851.0,252.77999572753907,256.55008087158205,258.01180267333984,54.74487498042484,1.3757336554182018,253.3477478027344,248.01882934570312,249.66232299804688
2022-08-26,259.4735091225048,264.40401598453025,258.42765876865684,260.6687927246094,301942.0,254.0051513671875,256.08691253662107,258.4973823547363,57.029799951106035,1.6715430318711242,258.3280639648437,253.3477478027344,248.01882934570312
2022-08-29,250.0109290532745,262.9597022711732,249.1144816022692,259.5232849121094,123714.0,255.97734375,256.12675018310546,258.65674819946287,55.55160261602254,1.7928740508086207,260.6687927246094,258.3280639648437,253.3477478027344
2022-08-30,260.96762257991963,267.6412342475738,257.48141388133297,259.7723388671875,241183.0,258.3280456542969,256.1317306518555,258.5172996520996,55.81972866978021,1.8873699047879882,259.5232849121094,260.6687927246094,258.3280639648437
2022-09-01,253.0489573316824,261.9636881668283,252.99915130940832,256.734375,192990.0,259.00537109375,255.9175827026367,258.32555923461916,51.72122300343284,1.6975519331182625,259.7723388671875,259.5232849121094,260.6687927246094
2022-09-02,256.4853474488013,261.2664213782367,253.99519844444407,254.9414520263672,372401.0,258.3280487060547,255.55402221679688,257.8673721313477,49.41520785189343,1.3864636333935607,256.734375,259.7723388671875,259.5232849121094
2022-09-05,255.88769876603072,257.48140016567027,252.75011718390263,253.4971618652344,172033.0,256.8937225341797,255.4494369506836,257.1950317382813,47.57507019643008,1.0117192987223973,254.9414520263672,256.734375,259.7723388671875
2022-09-06,254.74223181432825,255.9873062611236,252.25208292073756,253.09873962402344,585416.0,255.6088134765625,255.79307861328124,256.91613540649416,47.05451736373038,0.6748036520461369,253.4971618652344,254.9414520263672,256.734375
2022-09-07,252.55092218169904,255.439504227388,251.00702671573856,253.54698181152344,246466.0,254.36374206542968,256.3458938598633,256.7816680908203,47.74722279435049,0.4389055432308737,253.09873962402344,253.4971618652344,254.9414520263672
2022-09-08,253.94537907451905,256.7841396710525,248.31764869999105,250.9073944091797,170350.0,253.19834594726564,256.1018585205078,256.4205955505371,44.08909505125156,0.03851793820882676,253.54698181152344,253.09873962402344,253.4971618652344
2022-09-09,251.85367897484815,254.94145465286456,251.1564250875141,253.14854431152344,252818.0,252.8397644042969,255.5839065551758,256.0669937133789,47.74943391764985,-0.09683381640164157,250.9073944091797,253.54698181152344,253.09873962402344
2022-09-12,252.9991244113789,254.39360169481128,230.0897548780651,248.11843872070312,2370108.0,251.76401977539064,254.32887115478516,255.20789184570313,41.22586275747658,-0.6030371035675728,253.14854431152344,250.9073944091797,253.54698181152344
2022-09-13,250.01096029012336,252.0030794956224,247.72002016406685,250.4093780517578,370075.0,251.2261474609375,253.41748046875,254.77211532592773,44.91696605791611,-0.8100099078035612,248.11843872070312,253.14854431152344,250.9073944091797
2022-09-14,247.0227881195424,251.00702663759952,245.4788926540625,250.16036987304688,212967.0,250.5488250732422,252.45628356933594,254.29400711059571,44.58918475604461,-0.9828011059163373,250.4093780517578,248.11843872070312,253.14854431152344
2022-09-15,249.01489357435452,254.44341521454288,244.03459570286745,250.11056518554688,207036.0,250.38945922851562,251.7939025878906,253.85574264526366,44.519206604112554,-1.1109518361367066,250.16036987304688,250.4093780517578,248.11843872070312
2022-09-16,247.07258635897608,251.5050485309775,241.0464227504814,244.2338104248047,125237.0,248.60651245117188,250.72313842773437,253.13858032226562,37.117047846725576,-1.6674953596889566,250.11056518554688,250.16036987304688,250.4093780517578
2022-09-19,243.03853628400933,244.78164054014465,238.00843239085768,239.3531188964844,380882.0,246.85344848632812,249.30873413085936,252.37908554077148,32.311946268307565,-2.473873850660709,244.2338104248047,250.11056518554688,250.16036987304688
2022-09-20,241.4448331516587,245.03065367515043,240.0503558362246,240.5483856201172,74953.0,244.88125,248.05369873046874,251.923388671875,34.546695893898615,-2.9821106636318575,239.3531188964844,244.2338104248047,250.11056518554688
2022-09-21,248.17613647499203,251.16741179713856,240.9472211131379,245.2845764160156,285669.0,243.90609130859374,247.22745819091796,251.78667602539062,42.62937719407114,-2.96850194177253,240.5483856201172,239.3531188964844,244.2338104248047
2022-09-22,244.53676275684472,244.83589333826788,240.5982532089444,241.64520263671875,102435.0,242.21301879882813,246.30123901367188,251.20154876708983,38.67699643629712,-3.214331171236637,245.2845764160156,240.5483856201172,239.3531188964844
2022-09-23,242.04403012011207,242.89156422071605,233.51889233973424,235.4133758544922,126945.0,240.4489318847656,244.52772216796876,250.05581436157226,33.029841835315025,-3.8674276479318905,241.64520263671875,245.2845764160156,240.5483856201172
2022-09-26,229.33110867760584,234.21685229845048,227.13750981139836,231.07601928710935,123357.0,238.79351196289062,242.82348022460937,248.57617568969727,29.771666046317208,-4.681039626240107,235.4133758544922,241.64520263671875,245.2845764160156
2022-09-27,230.8267483253723,238.20522145173555,227.9850306511521,233.81802368164065,160090.0,237.44743957519532,241.16434478759766,247.29091262817383,34.191230692239245,-5.046404334168642,231.07601928710935,235.4133758544922,241.64520263671875
2022-09-28,228.13460760320123,230.8267524288188,225.7415781469973,227.53634643554688,338987.0,233.89779357910157,238.90194244384764,245.6791130065918,29.596137562232002,-5.776252312044136,233.81802368164065,231.07601928710935,235.4133758544922
2022-09-29,229.23138043241863,234.26669666328203,225.8412746688498,227.1374969482422,325763.0,230.99625244140626,236.6046356201172,244.19926910400392,29.326636830542043,-6.314061344272403,227.53634643554688,233.81802368164065,231.07601928710935
2022-09-30,225.342744887722,229.33111205387635,222.30161188064665,228.08474731445312,132760.0,229.53052673339843,234.98972930908204,242.8564338684082,30.93514200254792,-6.587902450345837,227.1374969482422,227.53634643554688,233.81802368164065
2022-10-03,228.084751769425,229.480674219079,224.8442033836299,227.7357635498047,187059.0,228.8624755859375,233.82799377441407,241.56836395263673,30.658294999547294,-6.755213674787342,228.08474731445312,227.1374969482422,227.53634643554688
2022-10-04,229.92936515880183,230.3780534063914,228.0348816926053,228.8824157714844,103040.0,227.87535400390624,232.6613967895508,240.35754776000977,32.78669922829151,-6.717844642921904,227.7357635498047,228.08474731445312,227.1374969482422
2022-10-06,230.02906013907568,232.8209200389564,228.93226835961676,231.6742706298828,94404.0,228.70293884277345,231.3003662109375,239.26391220092773,37.79329574668357,-6.38929820881981,228.8824157714844,227.7357635498047,228.08474731445312
2022-10-07,229.43082394105696,231.92355338320488,229.33110867760584,231.07601928710935,62374.0,229.4906433105469,230.24344787597656,238.27234344482423,37.154626798405566,-6.106801272592776,231.6742706298828,228.8824157714844,227.7357635498047
2022-10-10,229.53051395715465,230.22847512756505,226.4395387126478,229.13168334960935,52285.0,229.7000305175781,229.6152786254883,237.0715003967285,35.07976120704913,-5.970982308767077,231.07601928710935,231.6742706298828,228.8824157714844
2022-10-11,229.4806613315949,229.4806613315949,224.84419075652696,225.49229431152344,68268.0,229.25133666992187,229.0569061279297,235.94019317626953,31.530413150187144,-6.08684768990463,229.13168334960935,231.07601928710935,231.6742706298828
2022-10-12,224.7444770950337,226.7386606192644,221.40422882059505,223.14913940429688,72053.0,228.10468139648438,227.99001770019532,234.5771812438965,29.4634498781967,-6.295177964706738,225.49229431152344,229.13168334960935,231.07601928710935
2022-10-13,221.35436919174077,223.34855269797265,219.60945862378784,221.2546539306641,63321.0,226.02075805664063,227.36184844970703,233.13189544677735,27.87250871002894,-6.53778681648302,223.14913940429688,225.49229431152344,229.13168334960935
2022-10-14,223.34855904735065,224.2957931968563,219.85873781223572,221.1051025390625,76721.0,224.02657470703124,226.75860900878905,231.68162231445314,27.74514626027414,-6.665290309182154,221.2546539306641,223.14913940429688,225.49229431152344
2022-10-17,223.69754619827444,223.74738861558117,216.96717670525263,219.31033325195312,192868.0,222.0623046875,225.88116760253905,230.43544845581056,26.197983302545467,-6.832400962443103,221.1051025390625,221.2546539306641,223.14913940429688
2022-10-18,219.3601863456608,220.30742047108905,216.46862633868764,218.8117828369141,96098.0,220.72620239257813,224.98876953125,229.40838165283202,25.76813310371945,-6.9252363966826636,219.31033325195312,221.1051025390625,221.2546539306641
2022-10-19,218.36310704737127,219.45991412743865,215.67096219514943,216.81761169433597,119199.0,219.45989685058595,223.78228912353515,228.22184295654296,24.06710623163626,-7.078129817826095,218.8117828369141,219.31033325195312,221.1051025390625
2022-10-20,215.42166884675623,217.26627939752183,202.1104883176601,204.5533599853516,567634.0,216.11963806152343,221.07019805908203,226.18528213500977,16.74569609813952,-8.095600528352293,216.81761169433597,218.8117828369141,219.31033325195312
2022-10-21,206.1985829639061,218.3630996262289,206.1985829639061,214.3248748779297,942769.0,214.7635925292969,219.39508361816405,224.81926574707032,33.978683406010376,-8.021012569062009,204.5533599853516,216.81761169433597,218.8117828369141
2022-10-24,211.68259204163053,215.8703745559534,209.38927786027813,211.43331909179688,101373.0,213.1881896972656,217.6252471923828,223.62026290893556,31.876008332016013,-8.101832577411386,214.3248748779297,204.5533599853516,216.81761169433597
2022-10-25,212.28083134922463,220.3572807568471,210.5359207549962,218.2633819580078,206285.0,213.07850952148436,216.90235595703126,222.97963104248046,41.14120781638117,-7.52797620058098,211.43331909179688,214.3248748779297,204.5533599853516
2022-10-27,221.3543737220592,222.7502961192259,217.3660066279681,221.75320434570312,211571.0,214.0656280517578,216.76276245117188,222.3763900756836,45.239346192484845,-6.714194333668871,218.2633819580078,211.43331909179688,214.3248748779297
2022-10-28,221.75319699499656,224.09636867086857,216.2193500069123,220.1080017089844,142812.0,217.1765563964844,216.6480972290039,222.00497283935547,43.69478322621176,-6.131342148747535,221.75320434570312,218.2633819580078,211.43331909179688
2022-10-31,220.45701420198804,222.850028557104,217.814711669866,221.95265197753903,127496.0,218.70211181640624,216.73285217285155,221.7457305908203,45.924102939506504,-5.457667143141066,220.1080017089844,221.75320434570312,218.2633819580078
2022-11-01,221.4540884600557,226.38968968440736,220.7062696316868,225.89114379882807,242025.0,221.5936767578125,217.39093322753905,221.63605041503905,50.43629976003005,-4.55348176960706,221.95265197753903,220.1080017089844,221.75320434570312
2022-11-02,225.89114520950255,235.31365946291024,225.89114520950255,232.7710723876953,146117.0,224.49521484375,218.7868621826172,221.8878158569336,57.160857640513676,-3.2443566833148054,225.89114379882807,221.95265197753903,220.1080017089844
2022-11-03,233.3194876478884,238.9032079679624,231.5247193154065,234.0673065185547,230576.0,226.95803527832032,220.51183166503907,222.1470603942871,58.30856473499204,-2.0783128624382243,232.7710723876953,225.89114379882807,221.95265197753903
2022-11-04,235.26379724652023,237.35769602399017,230.3780537183075,232.27252197265625,105217.0,229.39093933105468,223.28374786376952,222.17697296142578,56.06868737707364,-1.2842349852141126,234.0673065185547,232.7710723876953,225.89114379882807
2022-11-07,233.46903517320507,236.0116222656729,226.68882321250845,229.58038330078125,235539.0,230.91648559570314,224.80929870605468,222.10219116210936,52.792747365711755,-0.8622165425788353,232.27252197265625,234.0673065185547,232.7710723876953
2022-11-09,229.58037645594283,235.11423873587412,228.63314233212333,233.0203399658203,167161.0,232.34232482910156,226.96800079345704,222.29662399291993,56.30576193082355,-0.24733698555289152,229.58038330078125,232.27252197265625,234.0673065185547
2022-11-10,232.3223809732505,233.3194727370841,225.84128450833143,227.38677978515625,208997.0,231.26546630859374,227.88034057617188,222.39134826660157,49.77322790165648,-0.21217589989547037,233.0203399658203,229.58038330078125,232.27252197265625
2022-11-11,228.73284458808135,231.12587395045725,224.39550454309688,228.2342987060547,154619.0,230.09886474609374,228.52845001220703,222.64560623168944,50.69990356532835,-0.11460173482277014,227.38677978515625,233.0203399658203,229.58038330078125
2022-11-14,228.3340312119706,246.2816843203351,225.99085930372405,238.6040802001953,888456.0,231.36517639160155,230.37805786132813,223.51307754516603,60.34122693831492,0.7903702998502808,228.2342987060547,227.38677978515625,233.0203399658203
2022-11-15,243.29038034808573,244.03819914013928,234.3165548434432,238.0556488037109,310289.0,233.0602294921875,231.9883575439453,224.36060485839843,59.6765206878965,1.446637391685357,238.6040802001953,228.2342987060547,227.38677978515625
2022-11-16,237.3078465273256,246.1819573915317,235.11424762751872,244.9355926513672,362770.0,235.4432800292969,233.8928024291992,225.64186782836913,64.90010606988733,2.493148298871347,238.0556488037109,238.6040802001953,228.2342987060547
2022-11-17,244.2874766952604,248.6248318570433,239.5512909225972,246.08224487304688,182137.0,239.182373046875,235.2239196777344,227.0053909301758,65.69767057824158,3.3761231378676086,244.9355926513672,238.0556488037109,238.6040802001953
2022-11-18,247.32860323819745,254.25838762267816,243.6892093455392,246.23179626464844,295544.0,242.78187255859376,236.44036865234375,228.4761001586914,65.80680033392929,4.0413682294270075,246.08224487304688,244.9355926513672,238.0556488037109
2022-11-21,246.13210054996975,250.71871339634905,234.31655741984247,237.5072479248047,244933.0,242.56250610351563,236.9638412475586,230.12379455566406,54.84474964345321,3.8205408042005047,246.23179626464844,246.08224487304688,244.9355926513672
2022-11-22,238.6040522940993,240.0996898782064,235.76233479853093,238.0556488037109,58590.0,242.56250610351563,237.81136779785157,231.31033325195312,55.34824954754263,3.647736016323819,237.5072479248047,246.23179626464844,246.08224487304688
2022-11-23,239.25217031518244,242.69213392404112,236.2110373338039,238.8034820556641,153837.0,241.336083984375,238.38968200683593,232.6788414001465,56.06764377262671,3.5304342223731453,238.0556488037109,237.5072479248047,246.23179626464844
2022-11-24,239.9999843004579,249.2729407388248,239.60115368104093,244.9854431152344,213791.0,241.1167236328125,240.14954833984376,234.01494445800782,61.57838758341952,3.891446129615389,238.8034820556641,238.0556488037109,237.5072479248047
2022-11-25,244.9854506798676,252.16450855193727,244.78603536400155,250.8683013916016,192826.0,242.0440246582031,242.41294860839844,235.47069931030273,65.95489087918799,4.599231091756252,244.9854431152344,238.8034820556641,238.0556488037109
2022-11-28,249.27293271702447,262.1852828032963,248.0764256828652,260.8392028808594,311286.0,246.71041564941407,244.63646087646484,237.50725936889648,71.81494115469613,5.896750128568044,250.8683013916016,244.9854431152344,238.8034820556641
2022-11-29,263.88033491495605,263.88033491495605,256.65141947095367,259.8919677734375,197372.0,251.0776794433594,246.8200927734375,239.40422515869142,70.5721785419271,6.770562526292139,260.8392028808594,250.8683013916016,244.9854431152344
2022-11-30,261.2380424725406,261.9360188796846,257.8479365567537,260.98876953125,158660.0,255.51473693847657,248.42541046142577,241.1591064453125,71.19378371901658,7.465510128821222,259.8919677734375,260.8392028808594,250.8683013916016
2022-12-01,261.63686694586164,261.63686694586164,252.8624717901115,254.4578094482422,165402.0,257.4092102050781,249.26296691894532,242.24344329833986,62.70075046980788,7.403919438952272,260.98876953125,259.8919677734375,260.8392028808594
2022-12-02,254.45780457011244,259.2438478815779,253.2612975458492,258.0971984863281,162023.0,258.85498962402346,250.4495071411133,243.4449378967285,65.19263563977256,7.561611107318754,254.4578094482422,260.98876953125,259.8919677734375
2022-12-05,258.64558345772025,263.73075726388515,257.4490916631559,260.2409362792969,187299.0,258.73533630371094,252.7228759765625,244.84335861206054,66.60778107820343,7.7699969266197115,258.0971984863281,254.4578094482422,260.98876953125
2022-12-06,260.7394876220076,266.27333455679565,259.94182640884304,260.8392028808594,185008.0,258.92478332519534,255.00123138427733,246.40629959106445,67.01087707343875,7.892440167203802,260.2409362792969,258.0971984863281,254.4578094482422
2022-12-07,260.7893496271615,261.9858719656143,257.24968588821497,258.795166015625,87019.0,258.48606262207034,257.0003997802734,247.69504089355468,64.16108262172428,7.735372071093423,260.8392028808594,260.2409362792969,258.0971984863281
2022-12-08,262.23515241644407,273.2031625935577,259.3934346029718,269.76318359375,1551983.0,261.54713745117186,259.478173828125,249.81386108398436,71.23103605424194,8.399102206343457,258.795166015625,260.8392028808594,260.2409362792969
2022-12-09,272.7045772174466,277.7398780804624,259.2438394023259,261.3377380371094,804055.0,262.19524536132815,260.5251174926758,251.46903305053712,61.23731478922559,8.151287114555572,269.76318359375,258.795166015625,260.8392028808594
2022-12-12,261.7366205259811,269.1150944093285,256.2027727206779,267.96844482421875,228232.0,263.7407470703125,261.23804168701173,252.93725128173827,65.35666991244872,8.393183101276861,261.3377380371094,269.76318359375,258.795166015625
2022-12-13,269.11505627898333,270.36142096203605,264.2293128071816,265.4756774902344,159520.0,264.6680419921875,261.7964126586914,254.30825271606446,62.66068699663366,8.288200704102195,267.96844482421875,261.3377380371094,269.76318359375
2022-12-14,266.2235107421875,271.7075156451165,264.22932714112244,266.2235107421875,210453.0,266.1537109375,262.3198867797852,255.37264862060547,63.15176627143385,8.17115332237924,265.4756774902344,267.96844482421875,261.3377380371094
2022-12-15,268.76605696043094,268.76605696043094,261.8362878667065,264.2791442871094,106651.0,265.05690307617186,263.30202026367186,256.2824935913086,60.90879693996556,7.831224820939013,266.2235107421875,265.4756774902344,267.96844482421875
2022-12-16,263.2322365709846,263.431667103554,254.3082679573888,255.40505981445312,235472.0,263.8703674316406,263.0328063964844,256.7411567687988,51.85628056425346,6.767750170186332,264.2791442871094,266.2235107421875,265.4756774902344
2022-12-19,254.25841580183476,264.22933406857334,252.91233575005947,257.6983947753906,250479.0,261.816357421875,262.77855224609374,257.75071411132814,53.76857683050489,6.040362276364419,255.40505981445312,264.2791442871094,266.2235107421875
2022-12-20,260.98876999467416,269.7133229553366,257.7482217521424,266.0739440917969,680566.0,261.9360107421875,263.3020263671875,259.1516288757324,60.015145882941226,6.069770427227411,257.6983947753906,255.40505981445312,264.2791442871094
2022-12-21,267.0710332744528,270.26170864046827,254.25839810758023,258.24676513671875,581563.0,260.3406616210938,263.2471862792969,260.12379302978513,52.83107837824271,5.399249484310616,266.0739440917969,257.6983947753906,255.40505981445312
2022-12-22,259.2438548360664,261.188195918867,245.3842856055956,247.1291961669922,322460.0,256.9106719970703,260.9837875366211,260.23098068237306,44.654620661666414,3.925511055844254,258.24676513671875,266.0739440917969,257.6983947753906
2022-12-23,242.29329291727308,246.28165987887428,234.31655899407068,243.53965759277344,294372.0,254.53759155273437,259.2039794921875,259.86454849243165,42.37432087628779,2.4397925597480707,247.1291961669922,258.24676513671875,266.0739440917969
2022-12-26,243.2405220336292,249.62191816981772,240.7976503626873,246.33151245117188,243166.0,252.26421508789062,257.0402862548828,259.13916397094727,44.738013133304804,1.4706762616561093,243.53965759277344,247.1291961669922,258.24676513671875
2022-12-27,248.92396059398297,251.865393561449,241.2962144462211,242.4927215576172,173497.0,247.5479705810547,254.7419906616211,258.2692016601562,42.17630466302854,0.3884089339026957,246.33151245117188,243.53965759277344,247.1291961669922
2022-12-28,243.7390754203919,252.26421293192243,240.79765779865323,250.5193023681641,269584.0,246.00247802734376,253.17156982421875,257.74572830200196,48.78035514509299,0.176349423439774,242.4927215576172,246.33151245117188,243.53965759277344
2022-12-29,252.0648045945746,252.0648045945746,245.8329809802626,247.079345703125,271201.0,245.9925079345703,251.45158996582032,257.3768051147461,46.33778585565216,-0.2662162451988479,250.5193023681641,242.4927215576172,246.33151245117188
2022-12-30,254.25841388828184,262.9331248865895,252.1645149822599,254.10885620117188,1220356.0,248.10634765625,251.32196960449218,257.1773880004883,51.66411946707313,-0.049163253601989254,247.079345703125,250.5193023681641,242.4927215576172
2023-01-02,259.0444199020992,272.0066124231045,254.70707999487175,264.22930908203125,1571560.0,251.68590698242187,251.97506103515624,257.376806640625,58.11061013294918,0.928782348584889,254.10885620117188,247.079345703125,250.5193023681641
2023-01-03,265.82467290880294,271.1092471369803,263.7806165157712,265.42584228515625,592953.0,256.2725311279297,251.91025085449218,257.6061386108398,58.81005648702545,1.7798445733557173,264.22930908203125,254.10885620117188,247.079345703125
2023-01-04,266.22350692871896,268.4171210299993,261.28789041525147,262.4345703125,470061.0,258.65558471679685,252.32903137207032,257.7881088256836,56.28005531604872,2.187728101230846,265.42584228515625,264.22930908203125,254.10885620117188
2023-01-05,263.1325144550016,266.1736626389716,259.5928508102391,262.2351379394531,272414.0,261.6867431640625,253.8396255493164,257.4117065429688,56.10675127608216,2.466454458254873,262.4345703125,265.42584228515625,264.22930908203125
2023-01-06,262.2351339471814,264.1794750586243,256.252583362835,257.5986633300781,162559.0,262.38470458984375,255.2455261230469,257.22475280761716,52.0907684432312,2.2868608436853037,262.2351379394531,262.4345703125,265.42584228515625
2023-01-09,261.4873102661961,267.170745387268,258.84502322629703,262.93310546875,435771.0,262.1254638671875,256.9056854248047,256.9729858398438,55.99358815881373,2.5456320473930987,257.5986633300781,262.2351379394531,262.4345703125
2023-01-10,262.73369268687213,264.0797727199897,257.44911825028004,258.9945983886719,153458.0,260.83921508789064,258.55587310791014,256.6489318847656,52.58740254412892,2.4051800661620177,262.93310546875,257.5986633300781,262.2351379394531
2023-01-11,259.14416505695067,259.89198394251065,256.2526047852178,256.6015930175781,638319.0,259.67261962890626,259.1641021728516,256.16783599853517,50.57434136556891,2.0768348653249404,258.9945983886719,262.93310546875,257.5986633300781
2023-01-12,257.24967880720004,260.6397847677312,251.51640108184577,258.84503173828125,418550.0,258.9945983886719,260.3406707763672,255.89613037109376,52.41347980906283,1.974880490647422,256.6015930175781,258.9945983886719,262.93310546875
2023-01-13,258.3464948654648,265.97424115007647,257.74823369182667,261.53717041015625,830960.0,259.7822998046875,261.0835021972656,256.2027359008789,54.5967946644666,2.087253447381272,258.84503173828125,256.6015930175781,258.9945983886719
2023-01-16,263.0827006601664,271.1092781847646,261.78646294883515,267.96844482421875,1049867.0,260.78936767578125,261.45741577148436,256.7162384033203,59.39023371463224,2.6645447092218433,261.53717041015625,258.84503173828125,256.6015930175781
2023-01-17,267.96844482421875,273.6020079040597,265.8247033513909,267.96844482421875,480979.0,262.5841369628906,261.7116760253906,256.8109634399414,59.39023371463223,3.086473251014695,267.96844482421875,261.53717041015625,258.84503173828125
2023-01-18,269.11504127895324,269.11504127895324,260.58991949357886,263.03277587890625,179349.0,263.87037353515626,261.77149658203126,257.0502639770508,54.28883180509384,2.9881419846905146,267.96844482421875,267.96844482421875,261.53717041015625
2023-01-19,261.287888414038,265.9742319450501,259.7424083287181,260.5400695800781,136834.0,264.2093811035156,261.60198974609375,257.7208076477051,51.86576671461878,2.6782005529380513,263.03277587890625,267.96844482421875,267.96844482421875
2023-01-20,260.63978853106005,264.1296098055776,259.8421272684153,260.9389343261719,99038.0,264.08973388671876,261.93601684570314,258.590771484375,52.23315085457416,2.436666413185776,260.5400695800781,263.03277587890625,267.96844482421875
2023-01-23,261.6867493922656,262.68384117058804,257.74822469636126,258.84503173828125,189608.0,262.2650512695312,261.52720947265624,259.2164474487305,50.07251654352249,2.0526270213180737,260.9389343261719,260.5400695800781,263.03277587890625
2023-01-24,259.54298835835044,260.34068007098267,252.7627761595272,254.10885620117188,103118.0,259.4931335449219,261.03863525390625,259.7972541809082,45.48901313142595,1.3505351242014285,258.84503173828125,260.9389343261719,260.5400695800781
2023-01-25,252.26421326424725,255.95346491829804,251.81552501871516,253.90940856933597,128226.0,257.6684600830078,260.76941680908203,259.9667594909668,45.30095536292964,0.7691620589727108,254.10885620117188,258.84503173828125,260.9389343261719
2023-01-27,255.15577217646828,255.70419089505396,242.19357945505743,243.73907470703125,230849.0,254.30826110839843,259.25882110595705,259.7997459411621,36.91930894886003,-0.5064037225610036,253.90940856933597,254.10885620117188,258.84503173828125
2023-01-30,241.6950384901917,248.07643493437632,237.30784079652537,238.40464782714844,198281.0,249.80140380859376,256.94556884765626,259.01453552246096,33.4259517355958,-1.9255459666300965,243.73907470703125,253.90940856933597,254.10885620117188
2023-01-31,240.94720712607895,247.7772914675903,237.95593197757688,246.23179626464844,269491.0,247.27875671386718,254.77190399169922,258.1146598815918,42.08518768308017,-2.391078094842271,238.40464782714844,243.73907470703125,253.90940856933597
2023-02-01,251.2671200857505,258.2467623103547,237.1084203301503,240.34896850585935,648663.0,244.5267791748047,252.00995635986328,256.86081619262694,38.07652795339689,-3.1978478957684047,246.23179626464844,238.40464782714844,243.73907470703125
2023-02-02,242.29327986305327,257.2496551632417,241.69501876528105,256.2525634765625,556805.0,244.99541015625,251.3319351196289,256.5517158508301,51.5203621801768,-2.5248269399049548,240.34896850585935,246.23179626464844,238.40464782714844
2023-02-03,259.2438702839177,259.2438702839177,253.5604500167299,255.50477600097656,181193.0,247.34855041503906,250.82840576171876,256.21519775390624,50.96013269361456,-2.0284109247890854,256.2525634765625,240.34896850585935,246.23179626464844
2023-02-06,256.8009632667445,264.7278547034046,254.35810678195523,262.53424072265625,243595.0,252.17446899414062,250.9879364013672,256.4619766235352,55.82319779704675,-1.0556101838687368,255.50477600097656,256.2525634765625,240.34896850585935
2023-02-07,262.7336781461379,269.6136051882982,255.60447816456,259.09429931640625,456282.0,254.7469696044922,251.0128631591797,256.270036315918,53.0507353144017,-0.5558258957958913,262.53424072265625,255.50477600097656,256.2525634765625
2023-02-08,258.2965994122377,266.6223214089251,256.4520040624583,264.8774108886719,212821.0,259.6526580810547,252.0897186279297,256.56417694091795,56.92403574429087,0.30340802678713885,259.09429931640625,262.53424072265625,255.50477600097656
2023-02-09,265.9243918528607,269.31449784402275,262.2351400682033,266.6722106933594,297885.0,261.73658752441406,253.36599884033203,257.06770782470704,58.07991810828541,1.1163142693354189,264.8774108886719,259.09429931640625,262.53424072265625
2023-02-10,269.9127142117853,270.66053292818793,258.44616056027826,261.8861083984375,483127.0,263.0128540039062,255.18070220947266,257.21976165771486,53.924494003907554,1.3586877604055871,266.6722106933594,264.8774108886719,259.09429931640625
2023-02-13,263.9301950898734,264.8275715678655,259.24385175205623,260.19110107421875,304907.0,262.5442260742187,257.3593475341797,257.15245819091797,52.4921157373062,1.3978836405324842,261.8861083984375,266.6722106933594,264.8774108886719
2023-02-14,260.6896520120846,261.1881978905328,255.10593208769984,257.39923095703125,243390.0,262.20521240234376,258.476091003418,256.6239974975586,50.130122111739205,1.1899490798246006,260.19110107421875,261.8861083984375,266.6722106933594
2023-02-15,255.4549352675928,256.8508577233359,252.26422928689948,253.1616058349609,462428.0,259.86205139160154,259.7573547363281,255.8836555480957,46.69555363106126,0.6754325444059077,257.39923095703125,260.19110107421875,261.8861083984375
2023-02-16,253.16158707215453,260.63977513314074,252.6630412014221,253.61029052734372,120297.0,257.2496673583984,259.4931274414063,255.41253128051758,47.10875392161766,0.300416572807535,253.1616058349609,257.39923095703125,260.19110107421875
2023-02-17,255.0560921823574,255.8537686861924,252.7129203050447,255.15579223632807,73693.0,255.90360412597656,259.4582290649414,255.14331741333007,48.58712014757374,0.12646497557329894,253.61029052734372,253.1616058349609,257.39923095703125
2023-02-20,256.10302893881465,257.6485090212154,251.915231305019,253.7598571777344,92032.0,254.6173553466797,258.5807907104492,254.78436355590821,47.30109391793487,-0.12261972751025496,255.15579223632807,253.61029052734372,253.1616058349609
2023-02-21,254.75695530858093,257.4491153444294,252.96218702281976,255.3053436279297,157762.0,254.19857788085938,258.20189514160154,254.6073791503906,48.91330227939405,-0.19308751620673092,253.7598571777344,255.15579223632807,253.61029052734372
2023-02-22,254.2584156785224,256.6015875558351,247.4283305833534,255.15579223632807,148519.0,254.59741516113277,257.2297332763672,254.6597259521484,48.75785822000332,-0.2580269201712895,255.3053436279297,253.7598571777344,255.15579223632807
2023-02-23,256.05315596770794,256.05315596770794,249.67177468551705,252.06480407714844,70421.0,254.2883178710937,255.76899261474608,254.567495727539,45.536781680549,-0.5525394468567697,255.15579223632807,255.3053436279297,253.7598571777344
2023-02-24,252.06480922532893,252.96218575651056,247.2787655587289,248.4254150390625,75334.0,252.94224243164064,254.42292327880858,254.8018127441406,42.017137870318855,-1.0673077662798107,252.06480407714844,255.15579223632807,255.3053436279297
2023-02-27,249.62193131109663,252.06480311064288,242.2933006980449,251.11756896972656,104587.0,252.41378479003907,253.51557006835938,255.43745880126949,45.38025606060804,-1.2436945090650227,248.4254150390625,252.06480407714844,255.15579223632807
2023-02-28,251.26713400298397,258.2467766141779,247.52803974698716,255.3053436279297,271259.0,252.41378479003907,253.30618133544922,255.89113616943354,50.2173913161752,-1.0336485996632803,251.11756896972656,248.4254150390625,252.06480407714844
2023-03-01,255.30533218178377,260.73949442839915,251.51639567710785,257.39923095703125,283270.0,252.8624725341797,253.72994384765624,256.7436492919922,52.483285692321545,-0.690269497956848,255.3053436279297,251.11756896972656,248.4254150390625
2023-03-02,262.73368391053407,265.97423219406056,260.34066972538744,263.0826721191406,598611.0,255.06604614257813,254.67718200683595,257.0851547241211,58.062888318161654,0.04000595361057435,257.39923095703125,255.3053436279297,251.11756896972656
2023-03-03,267.2206241819135,269.6136386112095,263.9302331452351,266.9215087890625,460704.0,258.7652648925781,255.85375366210937,257.6559913635254,61.36303204880255,0.9179351619422391,263.0826721191406,257.39923095703125,255.3053436279297
2023-03-06,268.7162442504552,279.63441180062244,267.27044894659343,275.9451599121094,1174181.0,263.7307830810547,258.07228393554686,258.32653732299804,67.78119959326699,2.315146053933006,266.9215087890625,263.0826721191406,257.39923095703125
2023-03-08,275.9451578755192,277.54051085415125,269.8628917606999,271.5080871582031,504564.0,266.97133178710936,259.6925582885742,258.9472267150879,62.300935152951666,3.029488999723185,275.9451599121094,266.9215087890625,263.0826721191406
2023-03-09,272.90403648623624,274.8483472293555,270.56086468202164,271.956787109375,207593.0,269.8828430175781,261.3726577758789,259.301195526123,62.62998349721795,3.5904290359802076,271.5080871582031,275.9451599121094,266.9215087890625
2023-03-10,270.71041693976247,274.79849930343937,267.76898403168576,271.3585205078125,566025.0,271.5380126953125,263.3020294189453,259.5355110168457,61.854762202260076,3.9412704290942315,271.956787109375,271.5080871582031,275.9451599121094
2023-03-13,275.04780132488924,277.6900887224791,268.3672735539298,272.00665283203125,515627.0,272.55504150390624,265.6601531982422,260.0415382385254,62.3977755933406,4.2229342651857,271.3585205078125,271.956787109375,271.5080871582031
2023-03-14,279.9833124764472,279.9833124764472,267.768940229518,273.1532592773437,456605.0,271.9966613769531,267.8637222290039,260.6896461486816,63.390657335569735,4.486953633656242,272.00665283203125,271.3585205078125,271.956787109375
2023-03-15,274.69877976917905,275.6460291123272,261.2380410146095,264.1794738769531,481664.0,270.53093872070315,268.7511352539062,261.0286582946777,51.85112614886925,3.926815515661474,273.1532592773437,272.00665283203125,271.3585205078125
2023-03-16,262.23513404303964,262.3846917219378,255.3552069542916,258.4461975097656,390710.0,267.8288208007813,268.8558319091797,261.2928878784179,46.07968475373955,2.985855450725694,264.1794738769531,273.1532592773437,272.00665283203125
2023-03-17,260.9389268254367,263.8304868554389,256.352298625006,257.5986633300781,216507.0,265.07684936523435,268.30743103027345,261.49230651855464,45.277367207066014,2.146999619695748,258.4461975097656,264.1794738769531,273.1532592773437
2023-03-20,258.89487557893926,258.89487557893926,252.5633518804319,253.9592742919922,143432.0,261.4673736572266,267.0112075805664,261.4324806213379,41.90339179727959,1.1749875254552649,257.5986633300781,258.4461975097656,264.1794738769531
2023-03-21,255.6044812341304,258.845029485475,252.36393298278577,253.56044006347656,85755.0,257.54880981445314,264.7727355957031,261.42250976562497,41.538086593645396,0.3682335812490578,253.9592742919922,257.5986633300781,258.4461975097656
2023-03-22,253.61029928829103,256.50185935266273,249.47235928961967,251.2172698974609,130449.0,254.95636901855468,262.74365386962893,261.2181060791015,39.366725449918306,-0.4549545487514024,253.56044006347656,253.9592742919922,257.5986633300781
2023-03-23,252.5135022407403,255.2555047329892,250.3199032898239,253.1616058349609,110863.0,253.89945068359376,260.8641357421875,261.1183967590332,42.07268399277677,-0.9396141251193058,251.2172698974609,253.56044006347656,253.9592742919922
2023-03-24,254.25841564205624,255.3053498878748,250.46946366019375,252.61322021484372,124081.0,252.90236206054684,258.98960571289064,261.145817565918,41.51000290651197,-1.3523711745892228,253.1616058349609,251.2172698974609,253.56044006347656
2023-03-27,252.26421905174743,253.26131082665557,245.3842918906469,247.82716369628903,121889.0,251.6759399414062,256.57165679931643,261.1159049987793,36.87480502224233,-2.0421383723823965,252.61322021484372,253.1616058349609,251.2172698974609
2023-03-28,249.3726588624939,250.31989300528855,244.33734235890563,246.13211059570312,221072.0,250.19027404785152,253.86954193115236,260.86663208007815,35.36846872346787,-2.6944999470832727,247.82716369628903,252.61322021484372,253.1616058349609
2023-03-29,246.381386371815,250.2700382509044,245.7831252145336,248.1262969970703,178068.0,249.57207946777345,252.26422424316405,260.50767974853517,38.548920753457054,-3.0158224941377796,246.13211059570312,247.82716369628903,252.61322021484372
2023-03-31,245.8828460104807,254.50768406643783,245.8828460104807,252.96218872070312,278373.0,249.53219604492188,251.7158233642578,260.28582763671875,45.54675527877948,-2.8474334405814545,248.1262969970703,246.13211059570312,247.82716369628903
2023-04-03,254.2584012593451,257.94765297856014,252.2642177200561,253.56044006347656,165177.0,249.72164001464844,251.31200103759767,259.80971603393556,46.36054150695083,-2.6353315571399207,252.96218872070312,248.1262969970703,246.13211059570312
2023-04-05,254.15867606900787,256.5516901369167,252.46362316970476,253.3111572265625,61480.0,250.8184387207031,251.2471893310547,259.1291984558105,46.051707094722516,-2.4590084097285683,253.56044006347656,252.96218872070312,248.1262969970703
2023-04-06,253.31115528470616,255.1557658437084,249.62191895228943,252.2642059326172,110977.0,252.04485778808595,251.11756591796876,257.9451507568359,44.704762412080456,-2.3763580879434585,253.3111572265625,253.56044006347656,252.96218872070312
2023-04-10,252.26421842224428,255.75403962571409,250.41959255750217,251.11756896972656,113239.0,252.6431121826172,251.10759582519532,256.9256248474121,43.21398605387557,-2.375992173750433,252.2642059326172,253.3111572265625,253.56044006347656
2023-04-11,252.3140677352657,254.7569394542735,247.2787514076705,249.3726501464844,186045.0,251.92520446777343,250.72870025634765,255.7964179992676,40.97470544495508,-2.487824458516002,251.11756896972656,252.2642059326172,253.3111572265625
2023-04-12,252.8624704121528,252.8624704121528,240.29910844897265,242.5924224853516,374719.0,249.73160095214843,249.72662048339845,254.35811309814454,33.67306320814751,-3.087963931416766,249.3726501464844,251.11756896972656,252.2642059326172
2023-04-13,243.29038908974655,244.23762321750036,240.84751732414605,243.190673828125,277127.0,247.70750427246094,249.26297149658203,252.9173141479492,34.77746342538414,-3.4752444491500967,242.5924224853516,249.3726501464844,251.11756896972656
2023-04-17,243.2405269129297,244.23761865285925,240.8973704527428,242.69212341308597,106186.0,245.7930877685547,248.91897277832032,251.39425735473634,34.26542477260067,-3.7788358343385653,243.190673828125,242.5924224853516,249.3726501464844
2023-04-18,243.29038971555107,244.23762384574133,238.50434621924785,239.90028381347656,319113.0,243.54963073730468,248.09637145996095,250.1802978515625,31.471064838716828,-4.196339527724717,242.69212341308597,243.190673828125,242.5924224853516
2023-04-19,240.2991157735549,241.69503816116307,234.41628043581807,235.0145263671875,291170.0,240.67800598144532,246.30160522460938,249.0087142944336,27.27855818492813,-4.865369060677381,239.90028381347656,242.69212341308597,243.190673828125
2023-04-20,235.06438120845837,238.5542023504715,231.7241177439092,233.8678741455078,451449.0,238.93309631347657,244.3323486328125,247.8221748352051,26.38999932914615,-5.425562529413298,235.0145263671875,239.90028381347656,242.69212341308597
2023-04-21,233.66847316482188,236.90902156681437,232.52180844777632,233.76817321777344,145332.0,237.04859619140626,242.3780502319336,246.81261978149413,26.309751424993962,-5.810584124174795,233.8678741455078,235.0145263671875,239.90028381347656
2023-04-24,233.81802223653065,241.3460682128282,233.81802223653065,238.70376586914065,359101.0,236.25092468261718,241.02200622558593,246.06978607177734,36.5894551347801,-5.6522992461817125,233.76817321777344,233.8678741455078,235.0145263671875
2023-04-25,237.70668306540023,240.7976737835844,235.96177238580904,239.70086669921875,338549.0,236.21104125976564,239.88033599853514,245.49396591186525,38.457261476070485,-5.384332403802773,238.70376586914065,233.76817321777344,233.8678741455078
2023-04-26,240.299121540617,241.79475922655445,238.30493795936707,239.00289916992188,83500.0,237.0087158203125,238.8433609008789,244.7860305786133,37.62186713241857,-5.168705280016155,239.70086669921875,238.70376586914065,233.76817321777344
2023-04-27,240.19940181220423,242.89156176839435,238.45449121103596,239.3518829345703,121290.0,238.105517578125,238.5193069458008,244.12296371459962,38.3430573854436,-4.913024865282409,239.00289916992188,239.70086669921875,238.70376586914065
2023-04-28,240.14955308966492,241.5953330783608,237.806381400997,239.50143432617188,183312.0,239.25216979980468,238.15038299560547,243.70667724609376,38.67029129278069,-4.644786539134941,239.3518829345703,239.00289916992188,239.70086669921875
2023-05-02,240.29911711846157,243.09097712371636,239.35188297768215,240.19940185546875,116170.0,239.55129699707032,237.90111083984374,243.41004180908203,40.2637603583884,-4.326017944640938,239.50143432617188,239.3518829345703,239.00289916992188
2023-05-03,240.199395615256,242.19357910800005,239.65100732628147,240.34896850585935,68420.0,239.68091735839843,237.94597930908202,243.02117538452148,40.6198002181372,-4.015039877759591,240.19940185546875,239.50143432617188,239.3518829345703
2023-05-04,241.4457685791457,244.8857473936411,240.5483920623984,242.94140625,243755.0,240.46861877441407,238.7386672973633,242.52013626098633,46.56473334082071,-3.5188365024337998,240.34896850585935,240.19940185546875,239.50143432617188
2023-05-05,244.28747628273825,244.73616452282403,239.9501211282797,242.69212341308597,563808.0,241.13666687011718,239.6210922241211,241.9767204284668,46.08692712291314,-3.1098582836567914,242.94140625,240.34896850585935,240.19940185546875
2023-05-08,240.5982612921132,246.2318240381261,240.5982612921132,244.23764038085935,378988.0,242.0839080810547,240.66803894042968,241.52304458618164,49.543739583008914,-2.6307046699930936,242.69212341308597,242.94140625,240.34896850585935
2023-05-09,245.78313021818843,246.0822608029188,241.39593235685436,241.9443206787109,209412.0,242.43289184570312,240.99209442138672,241.00705032348634,44.9392349381528,-2.408262758946563,244.23764038085935,242.69212341308597,242.94140625
2023-05-10,243.9384923339192,244.0382075954128,238.9031911311621,239.80056762695312,324908.0,242.32321166992188,241.00206451416017,240.44120025634766,41.094449285688604,-2.377551958022451,241.9443206787109,244.23764038085935,242.69212341308597
2023-05-11,240.29911711846157,244.18776894457184,239.55129828925476,240.19940185546875,164092.0,241.77481079101562,241.12171478271483,239.98253784179687,42.08716216339717,-2.2945803441060093,239.80056762695312,241.9443206787109,244.23764038085935
2023-05-12,240.3489656487352,243.1906679634674,238.55419748371813,239.20230102539065,258085.0,241.07684631347655,241.10675659179688,239.81303176879882,40.26042071825391,-2.2829658370939114,240.19940185546875,239.80056762695312,241.9443206787109
2023-05-15,240.74781555949835,248.0764464815757,236.51017534802548,247.2289123535156,690691.0,241.67510070800782,241.87950439453124,240.01494369506835,56.593280756230676,-1.6075499682500265,239.20230102539065,240.19940185546875,239.80056762695312
2023-05-16,248.57498231325943,248.9738129371137,244.2874846419668,245.2845764160156,205474.0,242.34315185546876,242.38802185058594,240.14456634521486,52.82564716681719,-1.2151620549877293,247.2289123535156,239.20230102539065,240.19940185546875
2023-05-17,245.2845732913869,247.17904155218125,240.19939922275157,240.747802734375,156668.0,242.53259887695313,242.4279052734375,240.18694229125975,45.255032152971154,-1.255795498631187,245.2845764160156,247.2289123535156,239.20230102539065
2023-05-18,242.19357910800005,243.78893198796032,239.90028026287447,240.34896850585935,104497.0,242.56251220703126,242.16866149902344,240.45366439819335,44.649230704511076,-1.3051355938046072,240.747802734375,245.2845764160156,247.2289123535156
2023-05-19,241.5953367645138,242.29329795442172,238.30493090990453,239.90028381347656,251717.0,242.70210876464844,241.8894775390625,240.7552848815918,43.9366664275736,-1.364711534500259,240.34896850585935,240.747802734375,245.2845764160156
2023-05-22,239.70085668054287,241.04693666287432,237.307842505746,237.75653076171875,114248.0,240.80763244628906,241.24136657714843,240.95470275878907,40.602544325067484,-1.566847212570167,239.90028381347656,240.34896850585935,240.747802734375
2023-05-23,237.8063865893785,240.5982465817381,236.8092948217082,237.5571136474609,186164.0,239.26213989257812,240.80264587402343,240.8973701477051,40.29621329635278,-1.7232677305705977,237.75653076171875,239.90028381347656,240.34896850585935
2023-05-24,237.20812636525784,240.59824751716533,234.91482746223025,237.6568298339844,119811.0,238.6439453125,240.58827209472656,240.79516830444337,40.53779645582026,-1.818226472180811,237.5571136474609,237.75653076171875,239.90028381347656
2023-05-25,237.95594070932344,239.25216303078807,235.91191478770492,238.00579833984372,99982.0,238.17531127929686,240.36891174316406,240.74531326293945,41.43097448984869,-1.8440658735768807,237.6568298339844,237.5571136474609,237.75653076171875
2023-05-26,236.95886150289564,239.20231806538035,236.41047318137467,238.55421447753903,107866.0,237.90609741210938,240.3041030883789,240.7054298400879,42.88298973630573,-1.7995471272354564,238.00579833984372,237.6568298339844,237.5571136474609
2023-05-29,241.24634706796272,244.78602584092795,240.34897057427025,243.09097290039065,302428.0,238.97298583984374,239.89030914306642,240.88490676879883,53.21587878897901,-1.3822534531822157,238.55421447753903,238.00579833984372,237.6568298339844
2023-05-30,243.29038728209656,247.67758490141847,242.0440225931514,242.9912567138672,389804.0,240.059814453125,239.66097717285157,241.02449951171874,52.98897252324179,-1.0475163564451293,243.09097290039065,238.55421447753903,238.00579833984372
2023-05-31,243.19066440475035,248.7743841221138,242.6921185447862,246.33151245117188,683793.0,241.7947509765625,240.21934814453124,241.32362670898436,59.256075731836845,-0.5068612918496456,242.9912567138672,243.09097290039065,238.55421447753903
2023-06-01,247.1790396265487,253.06189010131436,246.2318055035309,248.9239501953125,488340.0,243.97838134765624,241.07684631347655,241.62275390625,63.340805431895966,0.12930920606231666,246.33151245117188,242.9912567138672,243.09097290039065
2023-06-02,253.0618975481217,255.70419990150916,249.3228033621696,250.5691680908203,876002.0,246.3813720703125,242.14373474121095,242.01660614013673,65.69152921068846,0.7575022293550546,248.9239501953125,246.33151245117188,242.9912567138672
2023-06-05,252.8624855213261,256.1528762762045,243.5396711440683,245.03530883789065,468408.0,246.7702392578125,242.87161254882812,242.05648956298828,53.309017955357845,0.7995962846429734,250.5691680908203,248.9239501953125,246.33151245117188
2023-06-06,248.2758422181402,248.67467282670157,240.4985236358943,241.7448883056641,303376.0,246.52096557617188,243.29039001464844,242.04651794433593,47.567606876848686,0.5609800600368828,245.03530883789065,250.5691680908203,248.9239501953125
2023-06-07,244.23763131574168,244.23763131574168,240.79766767751696,242.3930206298828,350334.0,245.73326721191407,243.76400909423828,242.17614059448243,48.73873454747296,0.4193399548269099,241.7448883056641,245.03530883789065,250.5691680908203
2023-06-08,244.9355856893661,244.9355856893661,236.46030569714705,237.4573974609375,544390.0,243.43995666503906,243.70916900634765,242.03904037475587,41.19315481994882,-0.09013536563614366,242.3930206298828,241.7448883056641,245.03530883789065
2023-06-09,240.29912486297067,240.9472284500722,225.64187838101657,233.4690399169922,1204248.0,240.01993103027343,243.20065155029297,241.75237731933595,36.30225526998813,-0.8064293339986648,237.4573974609375,242.3930206298828,241.7448883056641
2023-06-12,234.76525543601608,244.2376273007412,234.76525543601608,237.75653076171875,543968.0,238.56417541503907,242.66720733642578,241.27875823974608,43.99971975911167,-1.0164161724925975,233.4690399169922,237.4573974609375,242.3930206298828
2023-06-13,238.40465423514908,241.29621435445785,236.4104706454428,240.79766845703125,307747.0,238.3747314453125,242.44784851074218,241.05441284179688,48.73217079131276,-0.9267548061880575,237.75653076171875,233.4690399169922,237.4573974609375
2023-06-14,239.85043878534765,242.29331068559125,239.05276229164812,241.2962188720703,216654.0,238.15537109375,241.94431915283204,241.08183364868165,49.485816015518935,-0.8061755851635724,240.79766845703125,237.75653076171875,233.4690399169922
2023-06-15,240.3988395386259,242.79185377756755,235.6626534793099,239.30203247070312,250731.0,238.52429809570313,240.98212738037108,241.02948684692382,46.538825149912455,-0.8615978960350503,241.2962188720703,240.79766845703125,237.75653076171875
2023-06-16,241.99417283161773,242.29330340957392,238.8533397991108,240.49853515625,203570.0,239.9301971435547,239.97506408691407,241.0593994140625,48.51976454466063,-0.799753647346165,239.30203247070312,241.2962188720703,240.79766845703125
2023-06-19,242.79184606655213,249.7714884586091,241.24635077971408,245.1848602294922,1210381.0,241.41586303710938,239.99001922607422,241.43081588745116,55.47816144998057,-0.3683482768914246,240.49853515625,239.30203247070312,241.2962188720703
2023-06-20,246.28166976398717,246.68050039039028,241.79475675209264,242.0938873291016,462650.0,241.67510681152345,240.02491912841796,241.65765457153321,50.618301939659155,-0.2727282519009009,245.1848602294922,240.49853515625,239.30203247070312
2023-06-21,244.0382222887225,244.48691056363316,240.3489856075265,241.39593505859372,176645.0,241.69505004882814,239.92521057128906,241.84460983276367,49.56252948253072,-0.25038136783888376,242.0938873291016,245.1848602294922,240.49853515625
2023-06-22,241.39592313130632,243.689222026297,237.10842548579743,238.40464782714844,208835.0,241.51557312011718,240.01993560791016,241.86455230712892,45.210250322403894,-0.4686409800669651,241.39593505859372,242.0938873291016,245.1848602294922
2023-06-23,239.4017413195031,239.4017413195031,234.31656718004328,237.75653076171875,274602.0,240.96717224121093,240.4486846923828,241.82466812133788,44.302489500291664,-0.6860031090540701,238.40464782714844,241.39593505859372,242.0938873291016
2023-06-26,239.2521702019925,239.5014431476529,236.21103722205268,237.10842895507807,101138.0,239.3518859863281,240.38387451171874,241.52554092407226,43.36482688908853,-0.9001838031315117,237.75653076171875,238.40464782714844,241.39593505859372
2023-06-27,238.50434356392083,241.09678819975983,237.65682470504427,240.44866943359372,212905.0,239.02284240722656,240.348974609375,241.3984115600586,49.3185261052421,-0.7912727554401613,237.10842895507807,237.75653076171875,238.40464782714844
2023-06-28,241.545482762127,241.69504044277795,236.8092968256147,240.2991180419922,196905.0,238.80347900390626,240.2492645263672,241.0967918395996,49.06980513775747,-0.7088562592235235,240.44866943359372,237.10842895507807,237.75653076171875
2023-06-30,243.29040249911225,244.0880789928117,240.79767296530983,241.2962188720703,719472.0,239.3817932128906,240.4486831665039,240.7154052734375,50.849571207186614,-0.556665989312819,240.2991180419922,240.44866943359372,237.10842895507807
2023-07-03,243.19067677704703,248.12629321332088,240.5483896705759,246.0323944091797,544103.0,241.0369659423828,241.00206909179687,240.48856658935546,58.30314099326757,-0.053270253638316944,241.2962188720703,240.2991180419922,240.44866943359372
2023-07-04,246.2816566336143,247.27874836087588,242.2932897245679,246.5309295654297,292121.0,242.9214660644531,241.1366760253906,240.56334762573243,59.00781900374429,0.38150436943877253,246.0323944091797,241.2962188720703,240.2991180419922
2023-07-05,245.2845826440928,247.37848150852724,243.09098372836976,244.28749084472656,1418743.0,243.6892303466797,241.3560363769531,240.69047775268555,54.54085526329613,0.538828357156035,246.5309295654297,246.0323944091797,241.2962188720703
2023-07-06,243.29038968082045,250.1703167458654,243.29038968082045,249.12338256835935,1732737.0,245.45408325195314,242.12878112792964,241.02699584960936,61.33544076941618,1.0417165379404594,244.28749084472656,246.5309295654297,246.0323944091797
2023-07-07,250.17032472933496,251.8653929486364,246.9796340352375,247.47817993164065,334112.0,246.6904754638672,243.0361343383789,241.52803497314454,58.15104705170334,1.2926045998658822,249.12338256835935,244.28749084472656,246.5309295654297
2023-07-10,249.2729409823845,250.7685786282788,245.08515861676304,247.5280303955078,390548.0,246.9896026611328,244.0132843017578,242.23098449707032,58.22182520398685,1.478415459177313,247.47817993164065,249.12338256835935,244.28749084472656
2023-07-11,248.22600249332044,250.27004374206464,247.2787683188527,249.57208251953125,186583.0,247.59783325195312,245.25964965820313,242.82176208496094,61.125119974676785,1.7702040174297338,247.5280303955078,247.47817993164065,249.12338256835935
2023-07-12,250.17030572865585,250.27002098612832,245.2845624007473,247.9268493652344,323092.0,248.3257049560547,246.0074676513672,243.1782211303711,57.65232861355023,1.8473963511316924,249.57208251953125,247.5280303955078,247.47817993164065
2023-07-13,247.97672589798216,250.519313013238,247.2787646857036,248.32571411132807,512828.0,248.16617126464843,246.81012725830072,243.529695892334,58.27130861352764,1.9186399957303593,247.9268493652344,249.57208251953125,247.5280303955078
2023-07-14,248.72452591615868,250.2201634925811,247.72743419854376,248.77438354492188,635029.0,248.4254119873047,247.55794372558594,244.00331344604493,58.99732231326461,1.9883841165917033,248.32571411132807,247.9268493652344,249.57208251953125
2023-07-17,250.9181252341948,252.0149322118808,243.9384831946966,246.33151245117188,378460.0,248.1861083984375,247.58785552978514,244.29496231079102,53.53580701331622,1.8254943905105279,248.77438354492188,248.32571411132807,247.9268493652344
2023-07-18,246.83006503536672,247.47816858521108,240.8973721830552,242.0440216064453,463276.0,246.6804962158203,247.13916473388673,244.13792037963867,45.5634804000193,1.3350488181837363,246.33151245117188,248.77438354492188,248.32571411132807
2023-07-19,241.7947631237878,245.9825456690284,241.7947631237878,244.4869079589844,151326.0,245.9925079345703,247.1591064453125,244.2575714111328,50.12114099259254,1.1304564825953776,242.0440216064453,246.33151245117188,248.77438354492188
2023-07-20,244.28747276289013,245.73325272207376,241.8944587073043,243.1408233642578,223796.0,244.95552978515624,246.56085052490235,244.344815826416,47.74884812634326,0.8499006795483126,244.4869079589844,242.0440216064453,246.33151245117188
2023-07-21,243.689235876118,244.9356006570196,240.99709099225328,241.5953521728516,171929.0,243.51972351074218,245.97256774902348,244.50435104370118,45.108972122613906,0.4971210729513871,243.1408233642578,244.4869079589844,242.0440216064453
2023-07-24,241.5953330783608,244.68630836205324,239.1026037135705,239.50143432617188,401353.0,242.1537078857422,245.16990814208984,244.59159622192382,41.74172902502078,0.04802541536452054,241.5953521728516,243.1408233642578,244.4869079589844
2023-07-25,240.49853190790105,245.68340606959583,239.65101303195445,244.33734130859372,430486.0,242.61237182617188,244.64643402099608,244.95304183959962,50.864201150853496,0.08139290257241782,239.50143432617188,241.5953521728516,243.1408233642578
2023-07-26,245.2845771329428,249.97090544178712,241.34606765682085,242.8417053222656,680889.0,242.28333129882813,244.13791961669918,245.07269363403321,48.34292437780651,-0.012702026901393992,244.33734130859372,239.50143432617188,241.5953521728516
2023-07-27,244.08807193026243,247.07934728427443,241.64520010070197,243.8886566162109,248055.0,242.43289794921876,243.6942138671875,245.25217056274414,50.20368602761238,-0.0027608909105936164,242.8417053222656,244.33734130859372,239.50143432617188
2023-07-28,244.68630607700572,245.13500953000784,242.5425649290709,243.43994140625,131022.0,242.80181579589845,243.1607696533203,245.35935668945314,49.38264608856515,-0.030735733981231306,243.8886566162109,242.8417053222656,244.33734130859372
2023-07-31,244.28747409830643,247.2787492913469,244.0880587949862,246.63064575195312,308623.0,244.2276580810547,243.19068298339843,245.3892692565918,55.01623250862241,0.20222604029564195,243.43994140625,243.8886566162109,242.8417053222656
2023-08-01,247.17905279418093,247.627756278725,243.78894673717983,244.4869079589844,227852.0,244.2575714111328,243.43497161865236,245.28706817626954,50.9159903897298,0.21143095642625553,246.63064575195312,243.43994140625,243.8886566162109
2023-08-02,245.1848680165092,245.68341391748984,238.30494066874184,239.30203247070312,255735.0,243.5496368408203,242.9164840698242,245.03779525756835,42.63892712372692,-0.1973749853448794,244.4869079589844,246.63064575195312,243.43994140625
2023-08-03,239.302022476216,239.8005683563748,237.00870838460304,238.2052154541016,232756.0,242.41294860839844,242.42292327880858,244.49188690185548,41.1162219875875,-0.6029106278249685,239.30203247070312,244.4869079589844,246.63064575195312
2023-08-04,238.2052070261439,243.0909656074843,238.2052070261439,242.2932891845703,252465.0,242.1836181640625,242.49271697998046,244.23264236450194,48.498622647929125,-0.587653062917866,238.2052154541016,239.30203247070312,244.4869079589844
2023-08-07,243.48980601284697,245.5837048054796,240.1994001448869,240.84751892089844,286319.0,241.02699279785156,242.62732543945313,243.89861679077148,46.28838377229967,-0.6843343301021889,242.2932891845703,238.2052154541016,239.30203247070312
2023-08-08,240.89736964943825,245.83297070274853,240.39882378113597,243.43994140625,215055.0,240.81759948730468,242.53758544921874,243.5920097351074,50.63287403230108,-0.5454801465279218,240.84751892089844,242.2932891845703,238.2052154541016
2023-08-09,243.439946712752,244.23762316230597,240.79765963891825,242.34315490722656,99951.0,241.4258239746094,242.48773040771485,243.31282501220704,48.83322821359896,-0.5179678983901113,243.43994140625,240.84751892089844,242.2932891845703
2023-08-10,243.0909866217684,256.2027530681457,242.9912713548796,249.6717834472656,1748800.0,243.7191375732422,243.0660430908203,243.3801284790039,59.25447493510427,0.09410999036362,242.34315490722656,243.43994140625,240.84751892089844
2023-08-11,251.2172638218518,257.6485025780466,251.2172638218518,253.0618896484375,627566.0,245.87285766601562,244.02823791503906,243.5945037841797,63.00780721254459,0.8430215375962007,249.6717834472656,242.34315490722656,243.43994140625
2023-08-14,254.1586848331905,254.9563612881373,243.39010594185413,250.9181365966797,464138.0,247.88698120117186,244.4569869995117,243.82383499145507,59.28856736049314,1.2491568763122984,253.0618896484375,249.6717834472656,242.34315490722656
2023-08-16,253.21145270971215,255.0560785755219,241.29620906528032,241.89447021484372,536948.0,247.57788696289063,244.19774322509767,243.816357421875,46.77305766616649,0.8332820385637945,250.9181365966797,253.0618896484375,249.6717834472656
2023-08-17,243.2405404952599,245.28458171913536,241.5953451182749,244.18777465820312,293475.0,247.94681091308593,244.68631744384766,243.80140075683593,49.68028582028455,0.6808997476206855,241.89447021484372,250.9181365966797,253.0618896484375
2023-08-18,245.2845771329428,247.6775913118892,241.6451982327924,242.8417053222656,352816.0,246.58079528808594,245.14996643066405,243.78644485473632,48.02229947004292,0.44637362110762524,244.18777465820312,241.89447021484372,250.9181365966797
2023-08-21,245.58370166943627,257.14995686912005,244.28747934837864,254.75694274902344,1128111.0,246.91980590820313,246.39633178710938,244.44452438354492,60.56735804732043,1.208044472029826,242.8417053222656,244.18777465820312,241.89447021484372
2023-08-22,256.2027350949403,271.1591112142287,253.8097057872066,269.5138854980469,4269810.0,250.63895568847656,249.26296844482422,245.94514694213868,70.16994185038234,2.968220264303767,254.75694274902344,242.8417053222656,244.18777465820312
2023-08-23,272.2060762293198,276.8924201161546,269.2148006663603,271.208984375,1690618.0,256.5018585205078,252.0398727416992,247.288729095459,71.04227036073505,4.448671063086664,269.5138854980469,254.75694274902344,242.8417053222656
2023-08-24,273.7016954682172,274.0008108327174,264.22932349390726,264.9771423339844,1179820.0,260.65973205566405,254.303271484375,248.39550094604493,63.670522619377,5.060744306005489,271.208984375,269.5138854980469,254.75694274902344
2023-08-25,263.531336413142,267.81884918013856,260.2409458214128,265.4756774902344,386289.0,265.1865264892578,255.88366088867187,249.4748519897461,63.99241571072228,5.522385756015893,264.9771423339844,271.208984375,269.5138854980469
2023-08-28,267.7191431265275,270.95969141390634,265.2762560922037,267.3203125,393449.0,267.69920043945314,257.30950317382815,250.6688705444336,65.22035526049197,5.9682878528883805,265.4756774902344,264.9771423339844,271.208984375
2023-08-29,267.32028910173267,270.11213367188435,265.2263904597071,267.2704162597656,337935.0,267.25050659179686,258.9447311401367,251.70085906982422,65.15562952335738,6.245646344346568,267.3203125,265.4756774902344,264.9771423339844
2023-08-30,269.16493308687006,271.95677784648615,267.370149659552,269.2646179199219,451938.0,266.86163330078125,261.6817459106445,252.9397445678711,66.58303318725089,6.55085616274539,267.2704162597656,267.3203125,265.4756774902344
2023-08-31,270.61069490941134,283.92187585989865,267.7191349196937,274.7984924316406,3500641.0,268.8259033203125,264.7428176879883,254.71456756591797,70.22780210052271,7.156775711853129,269.2646179199219,267.2704162597656,267.3203125
2023-09-01,275.5961806575589,278.58745620108266,272.3057897312141,273.5521545410156,890883.0,270.4411987304687,267.8138626098633,256.4819145202637,68.41786426343971,7.4505173421086965,274.7984924316406,269.2646179199219,267.2704162597656
2023-09-04,279.03613048844767,279.03613048844767,273.3028529636472,274.5990600585937,883410.0,271.8969482421875,269.79807434082034,258.09720306396486,69.1373855869264,7.679264445937861,273.5521545410156,274.7984924316406,269.2646179199219
2023-09-05,277.3410460003053,277.3410460003053,272.20602991011003,274.49932861328125,1242177.0,273.3427307128906,270.29661865234374,259.779793548584,68.97616869339376,7.763013492378093,274.5990600585937,273.5521545410156,274.7984924316406
2023-09-06,274.2002581520056,275.99501130656006,269.3145141834264,270.1620483398437,466056.0,273.522216796875,270.1919250488281,261.1158988952637,62.18487631509916,7.394167583960154,274.49932861328125,274.5990600585937,273.5521545410156
2023-09-07,271.0095376644387,274.20024357943925,269.563772819225,271.1092529296875,900529.0,272.78436889648435,270.8051361083984,262.55420379638673,63.040707292719226,7.096482208931263,270.1620483398437,274.49932861328125,274.5990600585937
2023-09-08,271.3585565958198,272.75447918083904,267.12091598807865,268.56671142578125,1264053.0,271.7872802734375,271.11423950195314,263.4989501953125,59.16964315028557,6.579557510703182,271.1092529296875,270.1620483398437,274.49932861328125
2023-09-11,270.11216837068736,274.2002509247861,269.26463423660886,273.6019897460937,2010033.0,271.5878662109375,271.7424072265625,264.5259552001953,63.89771525242967,6.5012534392308226,268.56671142578125,271.1092529296875,270.1620483398437
2023-09-12,283.6227615498832,286.1653333506321,265.3261217812467,267.3701477050781,3016683.0,270.1620300292969,271.75238037109375,265.3485557556152,55.35432723389909,5.868688736779973,273.6019897460937,268.56671142578125,271.1092529296875
2023-09-13,269.7133123920253,275.19731689537514,266.7220372083799,269.11505126953125,732688.0,269.9526306152344,271.7374237060547,266.70958480834963,57.084535167363065,5.445404553542403,267.3701477050781,273.6019897460937,268.56671142578125
2023-09-14,277.5903589352528,277.5903589352528,268.566690059944,274.6489562988281,947333.0,270.6605712890625,271.72247009277345,268.23264389038087,62.10093738246193,5.4931668675474725,269.11505126953125,267.3701477050781,273.6019897460937
2023-09-15,277.8396227999214,279.7839639731643,274.20024383119994,275.3468933105469,621910.0,272.0166076660156,271.9019439697266,269.85790328979493,62.693228753573685,5.523663178685183,274.6489562988281,269.11505126953125,267.3701477050781
2023-09-18,275.5463436713221,277.7898003732128,273.1034564243984,274.1504211425781,361854.0,272.1262939453125,271.857080078125,270.8275772094727,60.93512029121771,5.389163498186633,275.3468933105469,274.6489562988281,269.11505126953125
2023-09-20,274.1504087313123,281.8778703546559,272.30578277416805,279.5346984863281,1296388.0,274.5592041015625,272.36061706542966,271.32861785888673,65.6090171085568,5.651886288771152,274.1504211425781,275.3468933105469,274.6489562988281
2023-09-21,279.5347037546857,282.9248099288606,271.2089807952426,273.35272216796875,577373.0,275.40673828125,272.6796844482422,271.43580474853513,57.15384113739107,5.300165164388204,279.5346984863281,274.1504211425781,275.3468933105469
2023-09-22,272.4545008252002,277.9933988241719,268.9614944043644,272.1051940917969,644920.0,274.8979858398437,272.77927856445314,271.7922073364258,55.59674244614796,4.864681529072868,273.35272216796875,279.5346984863281,274.1504211425781
2023-09-25,279.4405217550517,290.4185422525716,274.5004003485278,275.7978210449219,1759024.0,274.98817138671876,273.5023895263672,272.30831451416014,59.14477888901454,4.76262121243326,272.1051940917969,273.35272216796875,279.5346984863281
2023-09-26,275.44848538366256,279.1909919785493,273.9514827457079,277.9933776855469,653366.0,275.7567626953125,273.9415283203125,272.8419677734375,61.13336357575402,4.803528659760559,275.7978210449219,272.1051940917969,273.35272216796875
2023-09-27,281.4864293606112,285.5283554106762,277.6441463337934,278.9914245605469,1024299.0,275.6481079101562,275.10365600585936,273.4280181884766,62.037923743747676,4.860453861686381,277.9933776855469,275.7978210449219,272.1051940917969
2023-09-28,281.4365222550427,289.1211486978379,280.48840831303306,283.9814147949219,2238313.0,277.7738464355469,276.5902923583984,274.1638580322266,66.26529905299834,5.247725490305584,278.9914245605469,277.9933776855469,275.7978210449219
2023-09-29,286.4265311872456,289.42053673972543,281.58621611941646,283.4325256347656,785267.0,280.0393127441406,277.46864929199216,274.59555969238284,65.402548664177,5.447554263595293,283.9814147949219,278.9914245605469,277.9933776855469
2023-10-03,282.9834148378237,287.9235362207856,277.79382344679885,282.5343322753906,1177583.0,281.38661499023436,278.18739318847656,275.04466857910154,63.935610897597186,5.470384125526323,283.4325256347656,283.9814147949219,278.9914245605469
2023-10-04,281.4365063551079,284.77981846163885,277.9435000705587,280.7878112792969,894838.0,281.94550170898435,278.85113220214845,275.3541061401367,61.06737464225414,5.286606597430307,282.5343322753906,283.4325256347656,283.9814147949219
2023-10-05,282.3846333466521,286.12714025375595,279.6900161908976,283.7818298339844,539901.0,282.90358276367186,279.2758453369141,275.8182312011719,64.04516906892974,5.321214212573125,280.7878112792969,282.5343322753906,283.4325256347656
2023-10-06,285.0792071776241,286.02732106726654,280.4883928208148,281.3367004394531,419304.0,282.3746398925781,280.0742431640625,276.37696380615233,60.00847658287468,5.092634766040646,283.7818298339844,280.7878112792969,282.5343322753906
2023-10-09,281.236906181605,285.0792193549061,276.4465095347614,278.4924011230469,734162.0,281.38661499023436,280.7129638671875,276.7461212158203,55.61705237503764,4.62861690928861,281.3367004394531,283.7818298339844,280.7878112792969
2023-10-10,281.23690215829095,284.38063227294504,277.9933962263959,280.83770751953125,677077.0,281.0472900390625,281.2169525146484,277.3596710205078,58.325217297201704,4.399412353327364,278.4924011230469,281.3367004394531,283.7818298339844
2023-10-11,283.083194386831,285.9275055067516,278.94149315580125,280.1889953613281,803470.0,280.9275268554687,281.43651428222654,277.6890213012695,57.284028111197436,4.117951262921849,280.83770751953125,278.4924011230469,281.3367004394531
2023-10-12,281.73590088275745,282.83370897326927,276.5463097059901,277.5443115234375,478049.0,279.6800231933594,281.29180297851565,278.1977294921875,53.12067474694706,3.639533164989814,280.1889953613281,280.83770751953125,278.4924011230469
2023-10-13,277.24491038929864,285.3786500856131,277.24491038929864,279.29083251953125,967743.0,279.270849609375,280.82274475097654,278.7065185546875,55.42470755168431,3.36255162168311,277.5443115234375,280.1889953613281,280.83770751953125
2023-10-16,279.29081098365805,280.9375078691916,274.5503024139292,276.24688720703125,664596.0,278.8217468261719,280.10418090820315,278.78641510009766,50.743721579026,2.864401765141565,279.29083251953125,277.5443115234375,280.1889953613281
2023-10-17,277.3946356198297,280.9375301225719,273.7020164693263,275.64813232421875,712345.0,277.78383178710936,279.4155609130859,278.8014770507813,49.85183024781404,2.393706738565413,276.24688720703125,279.29083251953125,277.5443115234375
2023-10-18,277.84370275847124,284.3806330042916,276.64611883911243,277.743896484375,1646159.0,277.29481201171876,279.1111694335938,278.9811508178711,52.9678653562682,2.1648333403365427,275.64813232421875,276.24688720703125,279.29083251953125
2023-10-19,277.3946391308422,277.5443333238978,270.9575147200461,272.2050170898437,975074.0,276.226953125,277.9534881591797,278.6146667480469,45.008071154434894,1.5189981810169684,277.743896484375,275.64813232421875,276.24688720703125
2023-10-20,273.35268947272584,277.89361597894623,271.75588048654504,274.2508850097656,503241.0,275.2189636230469,277.2449066162109,278.6595748901367,48.10987582426958,1.1588945919025946,272.2050170898437,277.743896484375,275.64813232421875
2023-10-23,274.30083184593724,276.99541873674804,255.48848969685992,260.9276123046875,745017.0,272.1551086425781,275.488427734375,278.10069580078124,34.473051878040565,-0.19926979874196604,274.2508850097656,272.2050170898437,277.743896484375
2023-10-25,264.4704669454824,267.4644722316576,259.97945901621944,263.9714660644531,951280.0,269.819775390625,273.8018035888672,277.50937805175784,38.74492755316739,-1.0182732829551924,260.9276123046875,274.2508850097656,272.2050170898437
2023-10-26,259.7299544879664,269.16108317362614,256.48644881232417,262.1251525878906,1044358.0,266.69602661132814,271.99541931152345,276.715966796875,37.162338916455965,-1.7956226914183162,263.9714660644531,260.9276123046875,274.2508850097656
2023-10-27,263.12317733748563,267.4644914049681,262.474482236965,263.173095703125,417917.0,264.8896423339844,270.5582977294922,275.92505035400393,38.69300401172053,-2.3005975898090583,262.1251525878906,263.9714660644531,260.9276123046875
2023-10-30,263.17309496948496,264.3207909836065,256.9854714357706,257.8836669921875,625767.0,261.61619873046874,268.41758117675784,274.6201629638672,34.16876820396655,-3.091964286687869,263.173095703125,262.1251525878906,263.9714660644531
2023-10-31,259.3307936378826,265.0193860586133,259.3307936378826,263.422607421875,273778.0,262.1151977539063,267.13515319824216,273.61966705322266,41.83804464920433,-3.234892071484694,257.8836669921875,263.173095703125,262.1251525878906
2023-11-01,263.42260045395835,266.4664939134005,261.127177925314,265.5682983398437,474385.0,262.43456420898434,266.1271697998047,272.7713653564453,44.53377336489892,-3.138841435672873,263.422607421875,257.8836669921875,263.173095703125
2023-11-02,267.4644920816792,269.1111890199668,262.87367754418136,264.2708740234375,248618.0,262.86370849609375,264.7798675537109,271.94551849365234,43.22906752144296,-3.131316051822239,265.5682983398437,263.422607421875,257.8836669921875
2023-11-03,266.1671011325535,268.8616878085933,264.0213728256084,267.3646850585937,461682.0,263.7020263671875,264.29583435058595,271.1246612548828,47.201369061370606,-2.8429358417066055,264.2708740234375,265.5682983398437,263.422607421875
2023-11-06,268.4625099523744,271.2569030777885,266.5163940730532,267.4645080566406,218390.0,265.6181945800781,263.61719665527346,270.43105163574216,47.329426772245164,-2.576635713233827,267.3646850585937,264.2708740234375,265.5682983398437
2023-11-07,268.7119961747802,269.1111908205817,263.0233734881619,267.015380859375,373504.0,266.3367492675781,264.22597351074216,269.8572006225586,46.77967867332113,-2.3744604520956045,267.4645080566406,267.3646850585937,264.2708740234375
2023-11-08,267.0153721799235,268.2129865349981,264.96948065131903,266.4165954589844,143946.0,266.50640869140625,264.4704864501953,269.1361450195312,46.012329127224376,-2.236768009330774,267.015380859375,267.4645080566406,267.3646850585937
2023-11-09,266.4665116854715,267.6641261678221,259.6801108364222,262.5743103027344,781121.0,266.16709594726564,264.51540222167966,268.2554107666016,41.32765057179113,-2.409906159123807,266.4165954589844,267.015380859375,267.4645080566406
2023-11-10,261.8257932148043,265.9674948290779,259.6800953140698,264.1211853027344,655601.0,265.5183959960938,264.61021118164064,267.5842544555664,43.808095788000735,-2.3946949527323227,262.5743103027344,266.4165954589844,267.015380859375
2023-11-13,266.91560773259675,267.96349749546994,261.87568010164586,262.4744873046875,273670.0,264.5203918457031,265.0692932128906,266.7434371948242,41.7830283331816,-2.4868478939765737,264.1211853027344,262.5743103027344,266.4165954589844
2023-11-15,268.51236664547685,268.6620912777096,261.67607881981394,262.7239685058594,613322.0,263.662109375,264.9994293212891,266.0672912597656,42.218821150851966,-2.5108057105960597,262.4744873046875,264.1211853027344,262.5743103027344
2023-11-16,263.7718583482441,284.18100693783174,263.7718583482441,282.5841979980469,5431112.0,266.8956298828125,266.7010192871094,266.41409454345705,64.80499316279712,-0.9166710979086474,262.7239685058594,262.4744873046875,264.1211853027344
2023-11-17,282.2848504446315,285.4285504155806,278.1431485491524,281.1870422363281,1212522.0,270.61817626953126,268.39263610839845,266.5862518310547,62.94103833471487,0.2312871401327925,282.5841979980469,262.7239685058594,262.4744873046875
2023-11-20,282.0353218924089,287.4245256571609,279.0912043254339,280.83770751953125,944707.0,273.96148071289065,269.7399383544922,267.01788635253905,62.45732075683332,1.1001817122996158,281.1870422363281,282.5841979980469,262.7239685058594
2023-11-21,281.4864132934271,299.2009463627417,281.4864132934271,297.8536682128906,6404151.0,281.0373168945313,272.7788543701172,268.1980255126953,73.24383712072574,3.1258004584840933,280.83770751953125,281.1870422363281,282.5841979980469
2023-11-22,299.3506593175023,304.8895572585451,290.46841871785006,292.8636474609375,2656452.0,287.06525268554685,275.3636810302734,269.7948272705078,67.15075019380363,4.279137701538502,297.8536682128906,280.83770751953125,281.1870422363281
2023-11-23,294.51036536242793,296.45645078409154,286.9754327797692,290.6181640625,836976.0,288.6720458984375,277.783837890625,271.12716217041014,64.54852551010649,4.954857518853487,292.8636474609375,297.8536682128906,280.83770751953125
2023-11-24,290.91751699455904,292.0153250368013,285.92750812672784,287.67401123046875,623010.0,289.9694396972656,280.29380798339844,272.40460510253905,61.199803209191685,5.192940824805987,290.6181640625,292.8636474609375,297.8536682128906
2023-11-28,287.67402032403254,294.51033878038123,287.02532524202826,288.8217163085937,1012480.0,291.5662414550781,282.76386108398435,273.6870361328125,62.02683879566731,5.4118493376983565,287.67401123046875,290.6181640625,292.8636474609375
2023-11-29,290.2688277987752,296.3067264682252,287.17501614688103,288.0732116699219,855193.0,289.6101501464844,285.3237335205078,275.1965133666992,61.111956272488655,5.461975587874349,288.8217163085937,287.67401123046875,290.6181640625
2023-11-30,288.8217260870786,292.2149262480275,287.17502914420925,291.0672302246094,620660.0,289.25086669921876,288.15805969238284,276.57874450683596,63.43519390014868,5.6778426419432435,288.0732116699219,288.8217163085937,287.67401123046875
2023-12-01,293.9115375462906,293.96142545491534,284.4305202060877,285.0293273925781,659234.0,288.1330993652344,288.40257263183594,277.55179595947266,56.14996291674165,5.300608425431221,291.0672302246094,288.0732116699219,288.8217163085937
2023-12-04,286.4265482001867,289.1211655401112,268.662126382955,269.3108215332031,3572777.0,284.46046142578126,287.21495056152344,277.8037933349609,42.47428280508206,3.690750854761575,285.0293273925781,291.0672302246094,288.0732116699219
2023-12-05,271.40661115814936,276.04731359867776,266.7159903519212,267.9136047363281,1317083.0,280.2788391113281,285.92254028320315,277.8312393188477,41.50655467501711,2.2759477047168843,269.3108215332031,285.0293273925781,291.0672302246094
2023-12-06,269.8097945455291,274.5003847632839,267.5143721160508,273.1531066894531,1012405.0,277.29481811523436,283.4524841308594,278.1156692504883,46.43509736680999,1.559512940062632,267.9136047363281,269.3108215332031,285.0293273925781
2023-12-07,274.0513035732487,274.0513035732487,264.57028636247543,266.9654846191406,1209289.0,272.47446899414064,280.8626678466797,278.11317443847656,41.94075622983918,0.48683194288622644,273.1531066894531,267.9136047363281,269.3108215332031
2023-12-08,267.065271650668,272.4544749540441,265.0193498102056,267.2149658203125,883079.0,268.9115966796875,278.52234802246096,278.153092956543,42.1837350590523,-0.3392339498836918,266.9654846191406,273.1531066894531,267.9136047363281
2023-12-11,268.36267619801,268.6620950100378,263.17308514543635,264.0213623046875,755866.0,267.85370483398435,276.15708312988284,278.22544555664064,39.882768972244286,-1.2373310528743104,267.2149658203125,266.9654846191406,273.1531066894531
2023-12-12,265.6680959345474,275.64811410704584,264.22098111689576,269.1611022949219,2801131.0,268.10320434570315,274.19102172851564,278.47744140625,45.07528487467716,-1.5168599969892966,264.0213623046875,267.2149658203125,266.9654846191406
2023-12-13,271.1570892686407,278.49237780944406,270.7079762958339,276.8955993652344,1503008.0,268.85170288085936,273.07326049804686,279.19849700927733,51.81942327041101,-1.1015810843821896,269.1611022949219,264.0213623046875,267.2149658203125
2023-12-14,278.5423326079437,280.33872382096786,271.8058198742024,272.5543212890625,884090.0,269.96947021484374,271.2219696044922,279.6900146484375,48.2390552950451,-1.1099792633802963,276.8955993652344,269.1611022949219,264.0213623046875
2023-12-15,275.6481397536913,276.4465290991349,268.01340077610564,269.3108215332031,1111401.0,270.3886413574219,269.6501190185547,279.02634582519534,45.69855912964905,-1.3626504181808627,272.5543212890625,276.8955993652344,269.1611022949219
2023-12-18,269.5603082011986,273.8517040121629,268.26288751056774,269.4106140136719,762195.0,271.46649169921875,269.66009826660155,278.4375244140625,45.793148549894305,-1.5371227157430098,269.3108215332031,272.5543212890625,276.8955993652344
2023-12-19,270.7578675083087,270.7578675083087,264.7698568995889,266.1670837402344,835952.0,270.86768798828126,269.4854461669922,277.70399322509763,43.16147332225855,-1.9150436235004804,269.4106140136719,269.3108215332031,272.5543212890625
2023-12-20,267.46450768564966,268.2628970184889,255.4884849534564,257.4346008300781,885670.0,266.97548828125,267.91359558105466,275.683039855957,36.99691736580711,-2.8859199671576903,266.1670837402344,269.4106140136719,269.3108215332031
2023-12-21,257.3846642900707,260.2788634880338,251.34676543817196,259.3307800292969,558361.0,264.3307800292969,267.15012512207034,274.006396484375,39.03314191710012,-3.462427935986682,257.4346008300781,266.1670837402344,269.4106140136719
2023-12-22,261.0772697107112,261.8756589458687,257.5842635078524,259.9794616699219,473561.0,262.4645080566406,266.42657470703125,272.4744613647461,39.75052976306218,-3.822903416746044,259.3307800292969,257.4346008300781,266.1670837402344
2023-12-26,262.47449726937697,266.516392744307,260.4286055759632,265.2688903808594,330741.0,261.63616333007815,266.55132751464845,271.3542053222656,45.393012793003464,-3.6398126464770826,259.9794616699219,259.3307800292969,257.4346008300781
2023-12-27,266.4665070891931,267.9635099380088,259.2309933199173,259.63018798828125,1312134.0,260.3287841796875,265.5982360839844,269.89462890625,40.986335861531344,-3.904697132466538,265.2688903808594,259.9794616699219,259.3307800292969
2023-12-28,259.6800882227137,262.67409371126183,255.7878567223221,257.33477783203125,848909.0,260.30881958007814,263.64215393066405,268.35770721435546,39.31321773543695,-4.250839381732192,259.63018798828125,265.2688903808594,259.9794616699219
2023-12-29,254.49046148716332,258.63216290632107,254.19105789857747,255.9375762939453,821509.0,259.6301788330078,261.98047943115233,266.6012245178223,38.288649246659304,-4.5850485101866525,257.33477783203125,259.63018798828125,265.2688903808594
2024-01-01,256.536366398398,260.278873380226,256.38667221044483,257.3846740722656,565805.0,259.11122131347656,260.7878646850586,265.21899185180666,40.03184670173292,-4.67920400446377,255.9375762939453,257.33477783203125,259.63018798828125
2024-01-02,259.8298043980839,263.5723115755387,256.6861044603421,261.4765014648437,1912219.0,258.3527435302734,259.9944534301758,264.8272758483887,44.78158396952572,-4.373234710777638,257.3846740722656,255.9375762939453,257.33477783203125
2024-01-03,262.27488662796173,263.9715020373069,257.83379645554794,259.081298828125,735988.0,258.2429656982422,259.28587493896487,264.3856605529785,42.65198513514837,-4.274748041892565,261.4765014648437,257.3846740722656,255.9375762939453
2024-01-04,261.37667413949896,263.97148499828774,258.0832802711202,258.9814758300781,993820.0,258.5723052978516,259.44056243896483,263.6770790100098,42.561143557243376,-4.156834132588699,259.081298828125,261.4765014648437,257.3846740722656
2024-01-05,260.37869509982005,266.76590130295466,259.68011202907496,264.7698974609375,1780823.0,260.33876953125,259.9844741821289,263.5672996520996,49.30385519286317,-3.5553256788764998,258.9814758300781,259.081298828125,261.4765014648437
2024-01-08,266.4166076279235,266.46649553808106,258.4824806904981,259.38067626953125,605443.0,260.73796997070315,259.92459564208986,263.1755851745605,44.111855454757276,-3.473451222674271,264.7698974609375,258.9814758300781,259.081298828125
2024-01-09,260.0792726194279,263.0732779900508,257.9834627686724,258.7319641113281,549331.0,260.1890625,259.2709030151367,262.9111152648926,43.517794010211645,-3.4214701972707644,259.38067626953125,264.7698974609375,258.9814758300781
2024-01-10,258.6820824143501,261.47647531137426,255.2888671092077,259.6800842285156,1013268.0,260.30881958007814,259.27589263916013,262.43706436157225,44.69018971164438,-3.2661196956859158,258.7319641113281,259.38067626953125,264.7698974609375
2024-01-11,261.2269571074936,263.47246103678435,258.432564400348,262.1251525878906,1006652.0,260.93755493164065,259.7549301147461,261.69854202270506,47.70483639822869,-2.912137414258268,259.6800842285156,258.7319641113281,259.38067626953125
2024-01-12,263.22297959011,264.520369771327,259.48047277129325,261.3267822265625,651189.0,260.2489318847656,260.2938507080078,261.1371650695801,46.80771791768996,-2.6653017819721185,262.1251525878906,259.6800842285156,258.7319641113281
2024-01-15,261.4764840284703,263.422599813612,258.981479409878,260.27886962890625,694280.0,260.42857055664064,260.58327026367186,260.68556747436526,45.595679397404595,-2.5251323994302197,261.3267822265625,262.1251525878906,259.6800842285156
2024-01-16,261.4266038608519,262.47449364905407,256.9854833255948,259.2309875488281,1171006.0,260.52837524414065,260.3587188720703,260.17658615112305,44.35873509689984,-2.470128377907315,260.27886962890625,261.3267822265625,262.1251525878906
2024-01-17,257.2848642170092,257.7838651409806,254.9894721493806,256.0872802734375,605568.0,259.809814453125,260.05931701660154,259.6725959777832,40.78410007228772,-2.649664515458653,259.2309875488281,260.27886962890625,261.3267822265625
2024-01-18,255.4385814532357,261.47649595120413,248.2529708697024,256.8856811523437,2483992.0,258.76192016601556,259.8497375488281,259.6451499938965,42.06108709745423,-2.6964410258728435,256.0872802734375,259.2309875488281,260.27886962890625
2024-01-19,258.53235886122025,264.12117513530626,258.4824709529421,261.3267822265625,1675976.0,258.7619201660156,259.50542602539065,259.7449501037598,48.68948888714772,-2.3480847471899438,256.8856811523437,256.0872802734375,259.2309875488281
2024-01-23,273.4525244326992,274.7000268251841,257.584300091611,261.4765014648437,1669875.0,259.00144653320314,259.7150085449219,259.81980209350587,48.90172357645531,-2.036453823262775,261.3267822265625,256.8856811523437,256.0872802734375
2024-01-24,261.3766762599273,264.4704880606357,257.6840877194553,262.2748718261719,725512.0,259.6102233886719,260.0692993164063,259.6701011657715,50.08730804910415,-1.7054034258547404,261.4765014648437,261.3267822265625,256.8856811523437
2024-01-25,263.27287112493485,267.16510263539794,259.48047634560027,262.6241760253906,596896.0,260.9176025390625,260.36370849609375,259.81980056762694,50.627066274424784,-1.3987339370548852,262.2748718261719,261.4765014648437,261.3267822265625
2024-01-29,265.4684819016501,269.36068287580576,264.5203679979335,266.9654846191406,726362.0,262.9335632324219,260.8477416992188,260.30133590698244,56.86975569204035,-0.7962106157067979,262.6241760253906,262.2748718261719,261.4765014648437
2024-01-30,269.46050801123056,273.3028213464145,266.96550330742286,270.35870361328125,1154284.0,264.7399475097656,261.7509338378906,261.0223922729492,61.01850506797294,-0.04439042291625128,266.9654846191406,262.6241760253906,262.2748718261719
2024-01-31,271.2569053500609,277.44452933808304,270.35870972769663,276.0473327636719,1415217.0,267.65411376953125,263.32778015136716,261.95552520751954,66.78656191821035,0.998942143807426,270.35870361328125,266.9654846191406,262.6241760253906
2024-02-01,278.4425110803986,280.1890142861,272.155111722513,275.1990051269531,1407244.0,270.2389404296875,264.92458190917966,262.641650390625,65.23631408317965,1.737311127983105,276.0473327636719,270.35870361328125,266.9654846191406
2024-02-02,276.59619553180164,287.67402171338523,275.6481120863236,282.6341247558594,3160867.0,274.2409301757813,267.5792663574219,263.81929168701174,71.48388780395591,2.889121885093516,275.1990051269531,276.0473327636719,270.35870361328125
2024-02-05,285.4285230957861,288.42252858280483,280.43851395075484,282.4844055175781,1073991.0,277.34471435546874,270.13913879394534,264.9944381713867,71.20637770183374,3.7466698394898117,282.6341247558594,275.1990051269531,276.0473327636719
2024-02-06,282.434528391503,289.0213468057344,282.3846404807876,286.37664794921875,1128066.0,280.5483032226563,272.6441253662109,266.0747756958008,74.02907910686017,4.686333076489689,282.4844055175781,282.6341247558594,275.1990051269531
2024-02-07,288.9714185578967,291.4165352313472,282.18501827624465,284.1311340332031,1020596.0,282.1650634765625,274.9095886230469,267.3122985839844,69.7790284573506,5.190001646918688,286.37664794921875,282.4844055175781,282.6341247558594
2024-02-08,285.4285107432888,290.8177142953741,277.04530183375647,284.7798156738281,1478186.0,284.0812255859375,277.1600830078125,268.61469116210935,70.30931729030816,5.577215140416683,284.1311340332031,286.37664794921875,282.4844055175781
2024-02-09,283.0832226068437,283.0832226068437,268.7618897684106,271.606201171875,1681998.0,281.8756408691406,278.05828552246095,269.2109970092773,50.81026359478608,4.7661429013728025,284.7798156738281,284.1311340332031,286.37664794921875
2024-02-12,272.4046171850757,272.95350602002645,259.6301752290088,261.3766784667969,1003931.0,277.6540954589844,277.49940490722656,269.17357330322267,41.24481901299952,3.2603421233536096,271.606201171875,284.7798156738281,284.1311340332031
2024-02-13,260.4784844023938,263.7219904342244,253.49247141075875,259.38067626953125,882469.0,272.25490112304686,276.40160217285154,269.0762680053711,39.67530807228313,1.8842035365383936,261.3766784667969,271.606201171875,284.7798156738281
2024-02-14,257.9335957330461,274.25090195801226,256.98548177299114,270.1591186523437,773485.0,269.460498046875,275.8127807617187,269.57028045654295,50.606023930278546,1.6443786396677638,259.38067626953125,261.3766784667969,271.606201171875
2024-02-15,271.4066267915656,273.951519434271,268.0133959924908,270.5583190917969,537722.0,266.61619873046874,275.3487121582031,270.13664703369136,50.96044513813621,1.4695873322791613,270.1591186523437,259.38067626953125,261.3766784667969
2024-02-16,271.406620613806,273.00339923984745,269.06131012898265,269.6101989746094,527889.0,266.2169982910156,274.04631958007815,270.81279296874993,50.04203283688763,1.2402616281702308,270.5583190917969,270.1591186523437,259.38067626953125
2024-02-19,270.4585046120494,283.4325288185315,269.8098094930453,275.2489013671875,1398098.0,268.99144287109374,273.32276916503906,271.73095397949214,55.21177438247945,1.4962674738954433,269.6101989746094,270.5583190917969,270.1591186523437
2024-02-20,277.19501965999336,278.8417166557624,268.6621158458991,270.1591186523437,511557.0,271.1471313476562,271.7010162353516,272.1725708007812,50.16546716277622,1.2737678205143084,275.2489013671875,269.6101989746094,270.5583190917969
2024-02-21,270.5083866393097,272.55430868594954,263.7718742170697,265.9176025390625,689851.0,270.298828125,269.8796630859375,272.3946258544922,46.362558144791095,0.7465742959167301,270.1591186523437,275.2489013671875,269.6101989746094
2024-02-22,266.2668656184737,268.861676366026,259.6800781640841,262.923583984375,666295.0,268.7718811035156,267.6940399169922,272.4270614624023,43.83638091577999,0.08618388002145139,265.9176025390625,270.1591186523437,275.2489013671875
2024-02-23,264.27085521630426,267.06527843254725,262.57427048958937,265.0692749023437,371843.0,267.86369628906243,267.04034729003905,272.54931640625,46.10289900764202,-0.26103194387644635,262.923583984375,265.9176025390625,270.1591186523437
2024-02-26,266.31682253953574,269.2609099748578,264.4705128678174,266.6162109375,384434.0,266.13715820312495,267.5643005371094,272.53185272216797,47.740321366167755,-0.40669010573412834,265.0692749023437,262.923583984375,265.9176025390625
2024-02-27,266.6661074785327,281.43652272994683,265.4186051614673,280.3387145996094,3160534.0,268.17307739257814,269.6601043701172,273.0308532714844,59.49581541999029,0.578497553670843,266.6162109375,265.0692749023437,262.923583984375
2024-02-28,281.4365106378168,290.61813947956216,271.65610507488657,274.7998046875,4318400.0,269.94951782226565,270.1241729736328,272.9684768676758,54.196486084467516,0.901925298920446,280.3387145996094,266.6162109375,265.0692749023437
2024-02-29,275.8477178894838,275.8477178894838,266.1171994060799,267.4645080566406,1018381.0,270.8577026367187,269.8147918701172,272.58175201416014,48.08780433644808,0.5598928860540582,274.7998046875,280.3387145996094,266.6162109375
2024-03-01,269.41061250416567,274.7000101444712,269.01138739753173,271.4066162109375,387176.0,272.1251708984375,269.99443359375,272.02037658691404,51.26684743089513,0.600008393854182,267.4645080566406,274.7998046875,280.3387145996094
2024-03-04,271.50637138519454,283.98139360389666,270.0592870817834,281.48638916015625,1964134.0,275.0992065429688,270.61818237304686,271.970475769043,58.29889053815254,1.4286846720528956,271.4066162109375,267.4645080566406,274.7998046875
2024-03-05,284.3806517883248,284.3806517883248,275.79782941130924,280.5882263183594,773810.0,275.14910888671875,271.6610931396484,271.6810546875,57.50266878899723,1.990002843694242,281.48638916015625,271.4066162109375,267.4645080566406
2024-03-06,281.23690970236606,281.23690970236606,268.5623044563131,270.8576965332031,954406.0,274.3606872558594,272.1551025390625,271.0173828125,49.59925083541567,1.6308793446692675,280.5882263183594,281.48638916015625,271.4066162109375
2024-03-07,272.55429880562235,280.4385069671149,271.5063786373024,276.24688720703125,752026.0,276.1171630859375,273.4874328613281,270.59073638916016,53.41796499627187,1.7608362086482998,270.8576965332031,280.5882263183594,281.48638916015625
2024-03-11,277.24490373507643,280.38863395039505,272.50439491358924,273.0533142089844,415952.0,276.4465026855469,274.2858367919922,270.6630920410156,50.954206234498955,1.5878297950138744,276.24688720703125,270.8576965332031,280.5882263183594
2024-03-12,272.4545238437916,273.4026378493318,260.12919405477595,263.672119140625,1271488.0,272.88364868164064,273.9914276123047,270.77786407470705,44.46625731809852,0.6858310917558015,273.0533142089844,276.24688720703125,270.8576965332031
2024-03-13,269.4604820360463,271.15709725372704,241.167125330942,245.0593414306641,1355030.0,265.7778717041016,270.46349029541017,270.06179733276366,34.95609379254732,-1.5134587761697844,263.672119140625,273.0533142089844,276.24688720703125
2024-03-14,241.11725208542063,248.5024596545161,240.06934710145853,244.5104522705078,1243900.0,260.5084228515625,267.43455505371094,268.77936401367185,34.72026405157055,-3.2630877649425543,245.0593414306641,263.672119140625,273.0533142089844
2024-03-15,244.510461982066,247.3547734474632,236.27694642552703,239.91964721679688,1396092.0,253.24297485351562,264.68006896972656,267.2474304199219,32.73129620399571,-4.962911589320527,244.5104522705078,245.0593414306641,263.672119140625
2024-03-18,241.21703883958915,245.50844974667464,236.32683597254015,237.9236297607422,701676.0,246.2170379638672,261.331770324707,265.6631019592285,31.876283454564145,-6.39735145859737,239.91964721679688,244.5104522705078,245.0593414306641
2024-03-19,238.97153582655767,241.26694308773688,237.1751294817957,239.57034301757807,489465.0,241.3966827392578,257.1401657104492,263.87917404174806,33.421473479507355,-7.316934327615456,237.9236297607422,239.91964721679688,244.5104522705078
2024-03-20,241.51644485364528,251.49646323602727,239.6202474523125,250.14915466308597,1154754.0,242.41464538574218,254.09625854492188,262.87867584228513,42.452077489931234,-7.1101275629296765,239.57034301757807,237.9236297607422,239.91964721679688
2024-03-21,252.44456909814397,257.2349811032436,250.0992738487316,254.83978271484372,751239.0,244.4805114746094,252.49446716308594,262.32478485107424,45.95262533511172,-6.492891221079134,250.14915466308597,239.57034301757807,237.9236297607422
2024-03-22,254.6900649411201,259.38067051433904,252.8437706855624,254.7898712158203,346087.0,247.45455627441407,250.34876556396483,261.9180992126465,45.9206166098233,-5.939289976291263,254.83978271484372,250.14915466308597,239.57034301757807
2024-03-26,253.39265403334997,256.3866594700337,248.5024512447528,250.7479553222656,494849.0,250.01942138671876,248.11822967529298,261.20203323364257,43.290802622998996,-5.760304628136566,254.7898712158203,254.83978271484372,250.14915466308597
2024-03-27,252.34476464810447,255.48846426947563,245.10925149984783,247.10525512695312,514302.0,251.52640380859376,246.46154327392577,260.2264854431152,41.01129204536646,-5.845015215639819,250.7479553222656,254.7898712158203,254.83978271484372
2024-03-28,249.50046516693567,252.49447074893888,244.75995632876388,245.807861328125,581860.0,250.65814514160155,246.53639526367186,258.499942779541,40.199399393855586,-5.948269851161285,247.10525512695312,250.7479553222656,254.7898712158203
2024-04-01,248.30286141758307,255.3387774516757,248.00345781922388,253.89166259765625,403042.0,250.46852111816406,247.47451629638672,257.4545356750488,47.21171145354956,-5.316519166878891,245.807861328125,247.10525512695312,250.7479553222656
2024-04-02,255.18905904119677,266.76587086709384,253.49245901471085,261.1271667480469,2849000.0,251.73598022460936,249.59526824951172,257.13766860961914,52.57244561969445,-4.183779477260316,253.89166259765625,245.807861328125,247.10525512695312
2024-04-03,260.97749052036,262.47449333405234,257.8337907029262,258.6820983886719,659744.0,253.32280883789062,251.67111511230468,256.50144271850587,50.698784150296895,-3.4436751510733075,261.1271667480469,253.89166259765625,245.807861328125
2024-04-04,262.9735008050225,262.9735008050225,257.63418454555483,260.1791076660156,379253.0,255.9375793457031,253.73199157714845,255.43607864379882,51.83071861225126,-2.705157629502537,258.6820983886719,261.1271667480469,253.89166259765625
2024-04-05,260.02937034837765,260.4784833644043,257.1850894355402,257.7339782714844,461093.0,258.322802734375,254.49047393798827,254.2933662414551,49.81876195181889,-2.2907720856190394,260.1791076660156,258.6820983886719,261.1271667480469
2024-04-08,259.28087058084407,267.86369265278745,258.1331745352202,264.67010498046875,2241713.0,260.4784912109375,255.47350616455077,253.98398666381837,55.138661953608846,-1.3866961290321456,257.7339782714844,260.1791076660156,258.6820983886719
2024-04-09,266.36669050847394,268.8616951600269,263.47249120399243,265.76788330078125,733333.0,261.40663452148436,256.57130737304686,253.46003646850585,55.93489324062198,-0.5749996459943532,264.67010498046875,257.7339782714844,260.1791076660156
2024-04-10,266.7658874011872,268.0633081048478,263.4724934161256,264.86968994140625,417000.0,262.64415283203124,257.9834808349609,253.05085525512695,55.07360133487728,-0.0041531577981004375,265.76788330078125,264.67010498046875,257.7339782714844
2024-04-12,263.87169218036746,266.4166152598981,261.0273807181157,262.5243835449219,423844.0,263.1132080078125,259.5253936767578,252.99346847534179,52.78791570255588,0.25604860226911796,264.86968994140625,265.76788330078125,264.67010498046875
2024-04-15,248.5024555463595,260.6281716835067,248.5024555463595,255.2389678955078,550046.0,262.6142059326172,260.46850433349607,253.502449798584,46.352382787884665,-0.12418031104766669,262.5243835449219,264.86968994140625,265.76788330078125
2024-04-16,253.44255833228183,263.372673363844,252.9435574238788,260.7778625488281,383674.0,261.83575744628905,261.1571243286133,254.3158203125,51.22131312160424,0.02118384956497721,255.2389678955078,262.5243835449219,264.86968994140625
2024-04-18,262.47447492760693,265.1191736216796,258.9814686072776,260.5782775878906,576765.0,260.79783630371094,261.1022354125977,255.3487518310547,51.04155174552215,0.11891043037400095,260.7778625488281,255.2389678955078,262.5243835449219
2024-04-19,255.53836316806016,258.48248082730447,252.69406701408323,255.18907165527344,355547.0,258.86171264648436,260.7529327392578,256.21202392578124,46.314954802055176,-0.23578643034471725,260.5782775878906,260.7778625488281,255.2389678955078
2024-04-22,258.48250368311574,264.37070906565776,257.6341959387812,260.9775085449219,465180.0,258.5523376464844,260.83277282714846,257.2823822021484,51.50901429533602,-0.04924015702880524,255.18907165527344,260.5782775878906,260.7778625488281
2024-04-23,262.4745114620056,265.1192105241996,259.97950660019944,260.9775085449219,329373.0,259.7000457763672,261.15712585449216,257.82379989624025,51.50901429533602,0.09747547200242934,260.9775085449219,255.18907165527344,260.5782775878906
2024-04-24,263.1231733169552,263.9215930455951,260.47847458964435,261.3267822265625,205422.0,259.80982971191406,260.8227935791016,258.14814987182615,51.83511970864781,0.2391750708102336,260.9775085449219,260.9775085449219,255.18907165527344
2024-04-25,261.3267713176006,264.0213578407054,259.43057403320904,261.62615966796875,252722.0,260.0194061279297,260.4086212158203,258.4899642944336,52.13227106199635,0.37134959430960635,261.3267822265625,260.9775085449219,260.9775085449219
2024-04-26,262.27485247928894,269.1610890445943,260.9774623633718,266.1670837402344,1311001.0,262.2150085449219,260.5383605957031,259.260920715332,56.51455943811468,0.8329121857869382,261.62615966796875,261.3267822265625,260.9775085449219
2024-04-29,267.96348466132923,274.5503026661117,266.9155949486448,268.41259765625,1705816.0,263.7020263671875,261.12718200683594,260.3262878417969,58.53610893187454,1.3641727372443029,266.1670837402344,261.62615966796875,261.3267822265625
2024-04-30,269.410605669681,271.4564972345815,264.4704844381033,265.1690979003906,298763.0,264.54034423828125,262.12019500732424,261.29434967041016,54.58858184819207,1.5061156647022358,268.41259765625,266.1670837402344,261.62615966796875
2024-05-02,266.0673220556982,270.75791287788314,263.5723172173225,266.6162109375,434914.0,265.5982299804688,262.7040298461914,261.93057708740236,56.01383063549124,1.715600016358053,265.1690979003906,268.41259765625,266.1670837402344
2024-05-03,267.9136266469284,267.9136266469284,261.82580886541564,262.5743103027344,274433.0,265.78786010742186,262.9036331176758,262.00293426513673,51.18200991346405,1.5377441156927603,266.6162109375,265.1690979003906,268.41259765625
2024-05-06,263.42259208178274,263.42259208178274,256.1870789002378,257.1351623535156,401750.0,263.9814758300781,263.0982421875,261.9255874633789,45.494707310708655,0.9469820310093837,262.5743103027344,266.6162109375,265.1690979003906
2024-05-07,256.2369663741564,256.4864668282695,247.50445048019785,248.2030487060547,1572488.0,259.93956604003904,261.82079620361327,261.32678451538084,38.02266094761592,-0.2391908565713834,257.1351623535156,262.5743103027344,266.6162109375
2024-05-08,247.60425527718743,251.59626251920065,245.25894493118503,246.0074462890625,503595.0,256.10723571777345,260.3237899780273,260.74045791625974,36.43841605272668,-1.3409505384352656,248.2030487060547,257.1351623535156,262.5743103027344
2024-05-09,245.65815257801,248.75196444578708,245.508458389824,246.90565490722656,215268.0,252.16512451171874,258.8816772460938,259.8522354125977,37.58414771626926,-2.1172191112279393,246.0074462890625,248.2030487060547,257.1351623535156
2024-05-10,247.50445483725872,247.50445483725872,240.318844677966,246.4066467285156,248632.0,248.931591796875,257.3597259521484,258.88417358398436,37.183143045680936,-2.7410858066039907,246.90565490722656,246.0074462890625,248.2030487060547
2024-05-13,248.50246295172224,248.5523660903444,241.56635307563732,245.2589569091797,283126.0,246.5563507080078,255.26891326904297,257.90363693237305,36.22580714779566,-3.2901864132803382,246.4066467285156,246.90565490722656,246.0074462890625
2024-05-14,244.5104527801334,255.38866683290925,244.5104527801334,253.9914703369141,431779.0,247.7140350341797,253.82680053710936,257.4769912719727,47.33620930607541,-2.986287681674355,245.2589569091797,246.4066467285156,246.90565490722656
2024-05-15,255.1890614523803,255.8377717701331,251.79586136734747,252.3946533203125,139616.0,248.9914764404297,252.54935607910156,257.3347755432129,45.76610209970002,-2.8415400308096537,253.9914703369141,245.2589569091797,246.4066467285156
2024-05-16,252.99347171914215,256.1870898564221,252.49447078872964,254.73997497558597,188524.0,250.55834045410157,251.3617324829102,257.03288116455076,48.469631065726404,-2.5086603428931937,252.3946533203125,253.9914703369141,245.2589569091797
2024-05-17,255.7379825270141,258.28287514610616,255.08928739436325,257.2349853515625,256836.0,252.72400817871093,250.82779998779296,256.8657165527344,51.25355753290069,-2.0202362799988123,254.73997497558597,252.3946533203125,253.9914703369141
2024-05-21,259.4804893716816,263.2728843413968,254.4904799606877,261.4266052246094,519185.0,255.95753784179686,251.25694427490234,257.1775932312012,55.593967012806104,-1.280170984097765,257.2349853515625,254.73997497558597,252.3946533203125
2024-05-22,262.7239929696788,276.9954075656386,260.079294098531,275.4485168457031,2892377.0,260.2489471435547,253.9814910888672,257.90114364624026,66.37875452389935,0.4327981489500985,261.4266052246094,257.2349853515625,254.73997497558597
2024-05-23,276.44651514158403,277.94351793115936,271.0073928234869,274.151123046875,767534.0,264.60024108886716,256.7958587646484,258.55982437133787,64.81033176396298,1.6664400082810857,275.4485168457031,261.4266052246094,257.2349853515625
2024-05-24,274.250894502156,276.3966228316723,270.1591113077277,271.7558898925781,598037.0,268.0034240722656,259.28088226318357,259.0812797546387,61.90228505853866,2.4229050309665467,274.151123046875,275.4485168457031,261.4266052246094
2024-05-27,273.05331174180645,275.39862217625,267.56430157704887,269.21099853515625,465471.0,270.39862670898435,261.56131744384766,259.46052169799805,58.879366829170706,2.7849543275671635,271.7558898925781,274.151123046875,275.4485168457031
2024-05-28,269.1611023481992,280.93751161143894,266.56629153151624,277.5443115234375,2684841.0,273.62216796875,264.78985290527345,260.0293830871582,64.92035563289936,3.701639521090783,269.21099853515625,271.7558898925781,274.151123046875
2024-05-29,277.44450924531594,285.42852389985745,276.4465074134983,279.390625,2116271.0,274.41058959960935,267.329768371582,260.5782844543457,66.10834735273075,4.52494051105765,277.5443115234375,269.21099853515625,271.7558898925781
2024-05-30,288.42253028234205,309.180956265352,286.5762207964813,301.995361328125,24832415.0,279.97943725585935,272.28983917236326,262.4195976257324,76.57014843588703,6.921637455172004,279.390625,277.5443115234375,269.21099853515625
2024-05-31,304.3905824806443,330.0392437444407,295.0592585329502,317.2648010253906,13764535.0,289.0812194824219,278.5423217773438,264.95202713012696,80.8666345875453,9.938587373503083,301.995361328125,279.390625,277.5443115234375
2024-06-03,348.2028494927526,348.2028494927526,320.9574103786166,323.951416015625,5353285.0,300.0293029785156,285.21396484375,268.0208824157715,82.3895708197653,12.722439503912199,317.2648010253906,301.995361328125,279.390625
2024-06-04,323.9514311266015,323.9514311266015,282.4345449321767,296.5063781738281,3920353.0,303.82171630859375,288.72194213867186,269.9894432067871,60.94670660416712,12.56918741922999,323.951416015625,317.2648010253906,301.995361328125
2024-06-05,305.388552953148,347.9034360242196,291.9654164658688,338.5721130371094,7607625.0,315.65801391601565,295.0343017578125,274.50789642333984,72.68228037658241,15.661550676231059,296.5063781738281,323.951416015625,317.2648010253906
2024-06-06,344.1110049090587,406.1867284116038,343.5122282005113,377.8933715820313,24003265.0,330.8376159667969,305.4085266113281,281.1021926879883,79.0267577152436,21.042601765200175,338.5721130371094,296.5063781738281,323.951416015625
2024-06-07,381.6359086386364,401.1967513636049,370.3584997008567,372.60400390625,10659612.0,341.90545654296875,315.4933380126953,287.38711013793943,76.45449420350613,24.59677939335927,377.8933715820313,338.5721130371094,296.5063781738281
2024-06-10,377.8434828951303,381.186794975073,364.3704587618724,376.7955627441406,2360679.0,352.4742858886719,326.2517944335938,293.9065559387207,77.09085963434605,27.435455682906934,372.60400390625,377.8933715820313,338.5721130371094
2024-06-11,379.1409166786841,380.5381132509017,369.2607039349871,370.30859375,1203238.0,367.23472900390624,335.52822265625,300.1590377807617,73.76795968133203,28.829356039197705,376.7955627441406,372.60400390625,377.8933715820313
2024-06-12,370.25868728684713,382.9333229965569,365.5181784873525,371.6558837890625,1785189.0,373.8514831542969,344.75474853515624,306.04225845336913,74.01844568613413,29.700379671439578,370.30859375,376.7955627441406,372.60400390625
2024-06-13,376.79558551307576,392.1149199705173,371.2566874395608,382.03509521484375,2901955.0,374.67982788085936,352.75872192382815,312.5242805480957,75.92563652147759,30.872311010763383,371.6558837890625,370.30859375,376.7955627441406
2024-06-14,385.128916328084,395.0091287699386,382.4842174585037,387.92333984375,1921338.0,377.7436950683594,359.82457580566404,319.1834487915039,76.95896221438429,31.90838714717472,382.03509521484375,371.6558837890625,370.30859375
2024-06-18,391.7157297962635,393.9113460694811,369.26068796080887,371.30657958984375,2807291.0,376.6458984375,364.5600921630859,324.887028503418,68.07846355468503,31.030945841804396,387.92333984375,382.03509521484375,371.6558837890625
2024-06-19,370.3584928369429,374.5001944254784,349.30064769864737,357.4343566894531,8589674.0,374.0710510253906,370.65289001464845,329.68741607666016,61.67958348325088,28.883246743357063,371.30657958984375,387.92333984375,382.03509521484375
2024-06-20,360.6778524310336,365.9672803623488,354.739759863244,358.83154296875,1116763.0,371.5061828613281,372.6788330078125,333.8565673828125,62.066317317493606,26.982879155818296,357.4343566894531,371.30657958984375,387.92333984375
2024-06-21,362.2247881679102,363.8215667825903,347.50426069640525,350.8974609375,1349654.0,365.2786560058594,369.9792419433594,337.6938842773437,58.45840505501154,24.553571748207332,358.83154296875,357.4343566894531,371.30657958984375
2024-06-24,350.1988200929471,354.04113305462687,342.36449999323065,347.4543151855469,1371713.0,357.1848510742187,367.4642730712891,341.4788055419922,56.91226349827875,22.095788542678804,350.8974609375,358.83154296875,357.4343566894531
2024-06-25,349.30063035392504,362.2746537670709,341.8655047537523,343.66192626953125,1864847.0,351.6559204101562,364.1509094238281,345.20135192871095,55.181112742625714,19.615844310942293,347.4543151855469,350.8974609375,358.83154296875
2024-06-26,345.2088206022489,355.238757084564,343.91143042957845,349.15093994140625,1648858.0,349.9992370605469,362.03514404296874,348.78168334960935,57.20990870294394,17.88719571219923,343.66192626953125,347.4543151855469,350.8974609375
2024-06-27,352.1948416884108,355.3385413791997,341.815628689594,349.2008361816406,952449.0,348.073095703125,359.7896392822266,352.2721939086914,57.2288620667709,16.332979037622124,349.15093994140625,343.66192626953125,347.4543151855469
2024-06-28,349.30062500207856,354.7397469168928,342.9134196647886,348.00323486328125,1083585.0,347.49425048828124,356.38645324707034,354.57258758544924,56.581058579672735,14.833621947669826,349.2008361816406,349.15093994140625,343.66192626953125
2024-07-01,345.2587498241695,349.4004513819676,343.6120224176746,344.6599426269531,801467.0,346.9353759765625,352.06011352539065,355.94234466552734,54.71891814289989,13.223166477171958,348.00323486328125,349.2008361816406,349.15093994140625
2024-07-02,345.9074475630265,345.9074475630265,338.82162833134566,340.1190185546875,888745.0,346.22679443359374,348.941357421875,356.75072479248047,52.20579008374338,11.448483302473846,344.6599426269531,348.00323486328125,349.2008361816406
2024-07-03,342.3644995352546,366.1668481552777,342.3644995352546,362.5740356445313,4418099.0,348.9114135742187,349.4553253173828,360.0541076660156,61.59829545006761,11.718878380148396,340.1190185546875,344.6599426269531,348.00323486328125
2024-07-04,365.2187960132193,365.5181843911728,355.33855314835546,358.9313659667969,1994443.0,350.85751953125,349.4653076171875,361.0720703125,59.55370633549876,11.506594567793172,362.5740356445313,340.1190185546875,344.6599426269531
2024-07-05,356.2866614498983,366.21679206790645,353.2926558914958,354.3405456542969,1465985.0,352.12498168945314,349.8096160888672,359.8944290161133,56.98647881408041,10.842926774577052,358.9313659667969,362.5740356445313,340.1190185546875
2024-07-08,361.7258053776042,361.8754995731628,351.3465611220552,357.3844909667969,1009966.0,354.6698913574219,350.80263366699216,359.1334533691406,58.270952670312184,10.442214861520824,354.3405456542969,358.9313659667969,362.5740356445313
2024-07-09,362.4742747289161,375.4482984434029,355.3385373206695,368.31256103515625,4410940.0,360.3085998535156,353.2676971435547,358.7093032836914,62.59010098407812,10.88102205917761,357.3844909667969,354.3405456542969,358.9313659667969
2024-07-10,370.258680786539,377.244693631568,349.35053016056247,370.1588745117188,3456945.0,361.82556762695316,355.3684906005859,358.70181732177736,63.281597627359574,11.248100886706482,368.31256103515625,357.3844909667969,354.3405456542969
2024-07-11,372.05506864145497,380.9871971689862,367.4642846060074,373.60198974609375,2306265.0,364.7596923828125,357.80860595703126,358.7991226196289,64.5958784330592,11.68217923595472,370.1588745117188,368.31256103515625,357.3844909667969
2024-07-12,376.0470687845474,378.24268494310974,361.3764604921113,363.1728515625,1801678.0,366.5261535644531,359.3255676269531,357.8560104370117,57.84233423340041,11.057184819882991,373.60198974609375,370.1588745117188,368.31256103515625
2024-07-15,365.1688867938378,366.2666949681689,356.58606441716006,360.0790710449219,751473.0,367.0650695800781,360.86748046875,356.4637969970703,55.97281536891276,10.194711719622433,363.1728515625,373.60198974609375,370.1588745117188
2024-07-16,360.17885372293017,365.2686691383083,356.98526614649984,357.933349609375,630352.0,364.9892272949219,362.64891357421874,355.7951354980469,54.653434973494186,9.23163721920804,360.0790710449219,363.1728515625,373.60198974609375
2024-07-18,358.88147876316617,368.0131897879401,350.2986565845884,351.0970458984375,1107870.0,361.17686157226564,361.5012145996094,355.47826995849607,50.56396791804971,7.826541662521265,357.933349609375,360.0790710449219,363.1728515625
2024-07-19,349.3505489129675,352.6938613310132,341.3665338043691,343.113037109375,929091.0,355.0790710449219,359.9193817138672,354.69234466552734,46.214722248125426,5.999590976388276,351.0970458984375,357.933349609375,360.0790710449219
2024-07-22,337.7238386730248,364.07108288246906,333.3825242935104,362.4743041992188,1845459.0,354.9393615722656,360.7327575683594,355.2711868286133,56.080431462730125,6.044336491839772,343.113037109375,351.0970458984375,357.933349609375
2024-07-23,367.0151693940501,374.4003767725223,332.23479986729154,357.7337646484375,4910410.0,354.4703002929688,360.76768493652344,355.7851593017578,53.49316095468448,5.632349492865217,362.4743041992188,343.113037109375,351.0970458984375
2024-07-24,367.2646702420472,386.1768169385094,365.0690540525259,375.049072265625,7098681.0,357.89344482421876,361.4413360595703,357.3545166015625,60.636639990714315,6.62665943757122,357.7337646484375,362.4743041992188,343.113037109375
2024-07-25,374.2506859068046,378.5420815892298,368.3125628411105,371.05706787109375,1627819.0,361.88544921875,361.5311553955078,358.4498229980469,58.409132413636186,7.011709221038416,375.049072265625,357.7337646484375,362.4743041992188
2024-07-26,372.85348651151867,372.85348651151867,364.769665668048,366.6658630371094,810816.0,366.59601440429685,360.83754272460936,359.3230743408203,55.97332721067726,6.8831853413170165,371.05706787109375,375.049072265625,357.7337646484375
2024-07-29,369.2606981521376,391.7157406073351,367.8635016018009,388.3225402832031,5804611.0,371.7656616210937,363.3525115966797,361.3390396118164,63.95659085333366,8.431647320239904,366.6658630371094,371.05706787109375,375.049072265625
2024-07-30,391.216746103514,412.6737870250078,387.4243510535184,408.7815856933594,8406937.0,381.9752258300781,368.22276306152344,364.54512176513674,69.57019736104024,11.180803235930057,388.3225402832031,366.6658630371094,371.05706787109375
2024-07-31,410.1787767198351,414.5699789437638,395.9572497897678,404.1907653808594,3513268.0,387.803564453125,372.8485046386719,367.7487091064453,67.04681048770604,12.841064475591224,408.7815856933594,388.3225402832031,366.6658630371094
2024-08-01,407.1847658741231,408.23265566248256,390.2187339627013,391.21673583984375,1658659.0,391.835498046875,376.8604736328125,369.18084411621095,60.38131494990553,12.96053671449721,404.1907653808594,408.7815856933594,388.3225402832031
2024-08-02,384.23070126551306,391.5161023795964,378.2426903366999,387.6239013671875,1438239.0,396.0271057128906,381.3115600585937,370.61547088623047,58.64265381996994,12.619834018220217,391.21673583984375,404.1907653808594,408.7815856933594
2024-08-05,361.32654387310447,372.95328934886345,354.49025582578304,357.5341491699219,3974160.0,389.8694274902344,380.8175445556641,370.77515106201173,46.55272880675476,9.808763821432535,387.6239013671875,391.21673583984375,404.1907653808594
2024-08-06,367.2646894926113,374.1508963292777,351.29665951467166,352.7437744140625,2057998.0,378.661865234375,380.31854553222655,370.543115234375,44.96343201435866,7.112439455146443,357.5341491699219,387.6239013671875,391.21673583984375
2024-08-07,365.2686669546081,374.5500717191759,352.7437562676291,371.4063720703125,1387746.0,372.1049865722656,379.9542755126953,370.6978057861328,51.85889184975408,6.407635397669992,352.7437744140625,357.5341491699219,387.6239013671875
2024-08-08,374.0510813252898,374.0510813252898,360.47828052592735,361.6259765625,730648.0,366.18683471679685,379.01116638183595,370.2711608886719,48.434115101696946,5.002214509876637,371.4063720703125,352.7437744140625,357.5341491699219
2024-08-09,367.2646895198986,373.2028128510261,363.7716829619648,366.4163818359375,838132.0,361.94533081054686,378.98621826171876,369.91188049316406,50.169920893869794,4.226236576752854,361.6259765625,371.4063720703125,352.7437744140625
2024-08-12,365.2686794674162,367.2646831803529,353.29265718979593,360.727783203125,1603203.0,362.5840576171875,376.22674255371095,369.7896270751953,48.0993249503084,3.116323073519766,366.4163818359375,361.6259765625,371.4063720703125
2024-08-13,361.27664517495134,364.9692639519199,344.3605027831538,346.35650634765625,1305146.0,361.3066040039063,369.98423461914064,369.103498840332,43.243655763890644,1.0647924249833522,360.727783203125,366.4163818359375,361.6259765625
2024-08-14,349.30063064881966,354.240751750635,338.7717238219016,340.01922607421875,1258714.0,355.0291748046875,363.56708068847655,368.2077926635742,41.265374044774084,-1.0602045713234816,346.35650634765625,360.727783203125,366.4163818359375
2024-08-16,349.3006388597298,355.6878444504165,337.5242295036698,339.5202331542969,2766454.0,350.6080261230469,358.3974304199219,367.6289520263672,41.10591607889107,-2.752811857525444,340.01922607421875,346.35650634765625,360.727783203125
2024-08-19,342.31464972978995,349.1010504280901,337.8236412056382,341.6659545898437,1069622.0,345.65794067382814,353.8016357421875,367.5565979003906,42.14127968990026,-3.876388940374852,339.5202331542969,340.01922607421875,346.35650634765625
2024-08-20,343.661954968083,346.3066538702969,329.4404281160608,331.4364318847656,2055771.0,339.79967041015624,351.1918640136719,366.004704284668,38.65255906313032,-5.528539304375613,341.6659545898437,339.5202331542969,340.01922607421875
2024-08-21,328.99130391236685,332.9334234043182,328.89149763600113,331.1869201660156,1052356.0,336.7657531738281,349.0361785888672,364.6773620605469,38.56868772028199,-6.7798598770471585,331.4364318847656,341.6659545898437,339.5202331542969
2024-08-22,333.3326170642633,344.9094445865575,333.3326170642633,342.6639404296875,1973136.0,337.29469604492186,346.1619354248047,363.05810546875,44.530923710141714,-6.7674301066587645,331.1869201660156,331.4364318847656,341.6659545898437
2024-08-23,343.312614692328,345.5581187128447,339.3206075447428,340.7178039550781,771416.0,337.5342102050781,344.0711181640625,361.54114227294923,43.755426714169225,-6.835817326047902,342.6639404296875,331.1869201660156,331.4364318847656
2024-08-26,340.7178044364501,342.51422592935995,332.8335964001498,333.4324035644531,854014.0,335.8875,340.77272033691406,359.8794692993164,40.88499524081692,-7.392667545322411,340.7178039550781,342.6639404296875,331.1869201660156
2024-08-27,336.0272454710064,341.21683697756146,331.8855133001225,338.7218322753906,748878.0,337.344580078125,338.57212524414064,357.3994338989258,43.76922185610069,-7.322750554476045,333.4324035644531,340.7178039550781,342.6639404296875
2024-08-28,341.36651179574267,342.3146257114021,334.2308048438072,334.7797241210937,623545.0,338.0631408691406,337.41444702148436,353.6993408203125,42.11983414661519,-7.498992302680222,338.7218322753906,333.4324035644531,340.7178039550781
2024-08-29,334.82960545831014,337.72380460046026,331.2367928702694,333.28271484375,463694.0,336.1868957519531,336.7407958984375,350.15393829345703,41.48057154190308,-7.671034386187557,334.7797241210937,338.7218322753906,333.4324035644531
2024-08-30,334.77973516381843,336.6759326010847,328.89149984135,330.2887268066406,608695.0,334.1010803222656,335.81764526367186,347.1075378417969,40.16753128771964,-7.957242649602961,333.28271484375,334.7797241210937,338.7218322753906
2024-09-02,331.23681834076854,333.28274047157055,329.34062085745484,329.78973388671875,424168.0,333.37254638671874,334.63002319335936,344.21582946777346,39.94060908085808,-8.130604768117621,330.2887268066406,333.28271484375,334.7797241210937
2024-09-03,330.93740410251445,336.6259961080001,330.88748573838507,332.7337951660156,485977.0,332.17493896484376,334.7597595214844,342.97581176757814,42.021762107553556,-7.938919433926003,329.78973388671875,330.2887268066406,333.28271484375
2024-09-04,331.3365932019506,350.2487392435564,330.73778603857943,348.5521240234375,3753210.0,334.9294189453125,336.49627990722655,342.7662292480469,51.705057545483704,-6.436405608723192,332.7337951660156,329.78973388671875,330.2887268066406
2024-09-05,350.34852460623085,359.18084675105143,347.8036321632852,354.4403381347656,1645546.0,339.16094360351565,337.6739196777344,341.91792755126954,54.73561467033869,-4.71615797486885,348.5521240234375,332.7337951660156,329.78973388671875
2024-09-06,354.6898500416052,359.8295534581204,344.80963785572766,346.306640625,1190244.0,342.3645263671875,338.23280334472656,341.1519607543945,50.062342297085486,-3.9634821887264593,354.4403381347656,348.5521240234375,332.7337951660156
2024-09-09,346.0571480160136,346.2068422050178,336.4264360731461,341.067138671875,602198.0,344.62000732421876,338.99627685546875,339.8844985961914,47.2629814650992,-3.7465770170553583,346.306640625,354.4403381347656,348.5521240234375
2024-09-10,344.31064490116,349.30065424755367,339.37052346559034,345.8076477050781,667984.0,347.2347778320312,339.7048583984375,339.13849182128905,49.98783418942523,-3.155780768601062,341.067138671875,346.306640625,354.4403381347656
2024-09-11,347.2547387154376,350.7976329250716,338.1229978743004,339.4703063964844,545844.0,345.4184143066406,340.1739166259766,338.79418182373047,46.526862623689816,-3.1624857977785155,345.8076477050781,341.067138671875,346.306640625
2024-09-12,342.41442099998875,356.5361402684992,341.5661133852872,351.296630859375,1466402.0,344.7896728515625,341.9753082275391,339.3580520629883,53.05844698201597,-2.1882888031111065,339.4703063964844,345.8076477050781,341.067138671875
2024-09-13,351.79566845814946,358.9812942944031,350.54816608773046,352.2447814941406,871391.0,345.9773010253906,344.17091369628906,339.9942794799805,53.54833452682559,-1.324455337243819,351.296630859375,339.4703063964844,345.8076477050781
2024-09-16,353.54215587819533,354.1908509903217,343.7118315500364,344.8595275878906,557460.0,346.73577880859375,345.6778930664062,340.1539581298828,49.237989549637554,-1.2217062914104986,352.2447814941406,351.296630859375,339.4703063964844
2024-09-17,343.6610736057651,343.7609521419224,334.9721590971377,335.92095947265625,715010.0,344.75844116210936,345.9966094970703,340.37818450927733,44.562541650707765,-1.8403304921420727,344.8595275878906,352.2447814941406,351.296630859375
2024-09-18,336.5701345465482,340.3652752075415,326.6328142282684,328.3306579589844,863363.0,342.5305114746094,343.974462890625,340.2353713989258,41.00209324917073,-2.909529283069162,335.92095947265625,344.8595275878906,352.2447814941406
2024-09-19,330.5777850917331,335.1219690397513,316.54571909425425,319.3920593261719,951142.0,336.14959716796875,340.4696350097656,339.07177734375,37.22968096857208,-4.427114217802568,328.3306579589844,335.92095947265625,344.8595275878906
2024-09-20,320.5905178149085,326.0335777387394,314.34849059888614,315.6468200683594,1463134.0,328.8300048828125,337.4036529541016,337.81822814941404,35.745688814093754,-5.8644193442960955,319.3920593261719,328.3306579589844,335.92095947265625
2024-09-23,317.4944947343107,329.5291425748264,316.59564883020755,327.831298828125,1392456.0,325.4243591308594,336.08006896972654,337.53817291259764,43.619472775396254,-5.951700903085623,315.6468200683594,319.3920593261719,328.3306579589844
2024-09-24,328.0809630562461,344.8095966367396,323.7864603583853,342.5125427246094,2210829.0,326.74267578125,335.7505584716797,337.7277084350586,51.35454040085679,-4.781104880160228,327.831298828125,315.6468200683594,319.3920593261719
2024-09-25,342.9120387334588,349.5036260594468,339.116867616726,344.9594116210937,1453777.0,330.06842651367185,336.2994689941406,338.23669281005857,52.523622700127184,-3.614293897463142,342.5125427246094,327.831298828125,315.6468200683594
2024-09-26,340.3652721310829,345.60857536668544,337.31917482376457,342.1629943847656,696832.0,334.62261352539065,335.3861053466797,338.6807067871094,51.01467613338152,-2.8820132330347406,344.9594116210937,342.5125427246094,327.831298828125
2024-09-27,341.56376020437165,342.3627275689448,334.5726890890775,336.170654296875,497320.0,338.7273803710938,333.7786926269531,338.9748031616211,47.842808737861525,-2.753467041613135,342.1629943847656,344.9594116210937,342.5125427246094
2024-09-30,337.96834163154256,346.0080915948694,334.5227606289603,343.3115234375,852989.0,341.82342529296875,333.62389221191404,339.65089263916013,51.69700029373402,-2.0517336890634965,336.170654296875,342.1629943847656,344.9594116210937
2024-10-01,344.5100084328136,345.55865690537235,336.570136928065,337.81854248046875,451965.0,340.88462524414064,333.8136505126953,339.90513000488284,48.714897594743746,-1.9167475354723251,343.3115234375,336.170654296875,342.1629943847656
2024-10-03,334.0733231105161,342.41267822858657,329.57906315835675,333.32427978515625,742364.0,338.55759887695314,334.3130126953125,339.14373779296875,46.358638889583666,-2.1476625585186753,337.81854248046875,343.3115234375,336.170654296875
2024-10-04,334.5726761444139,336.5202009283564,322.6379072964591,325.3843994140625,607911.0,335.2018798828125,334.91224670410156,337.6909408569336,42.4520308640144,-2.9374848704682677,333.32427978515625,337.81854248046875,343.3115234375
2024-10-07,325.5841517190553,330.1283355101773,304.9105446178272,309.7543640136719,843742.0,329.9186218261719,334.3230010986328,335.8633270263672,36.01754369444545,-4.769656344870498,325.3843994140625,333.32427978515625,337.81854248046875
2024-10-08,310.6532192362551,318.39333350587344,305.85935420266134,317.1449279785156,511642.0,324.685302734375,333.2543640136719,334.6672164916992,40.60201718857448,-5.561202610014391,309.7543640136719,325.3843994140625,333.32427978515625
2024-10-09,318.59307283006126,323.5866946612535,316.5956240975844,319.0425109863281,415631.0,320.9300964355469,330.90736083984376,333.3289596557617,41.755969506672464,-5.9666102688626665,317.1449279785156,309.7543640136719,325.3843994140625
2024-10-10,320.2909206848218,326.5828720839707,318.84275814314265,321.3395690917969,495510.0,318.533154296875,328.5453765869141,332.4224227905273,43.19464009469638,-6.0330006909558165,319.0425109863281,317.1449279785156,309.7543640136719
2024-10-11,321.3395682069322,324.5354984038687,317.0949896059082,317.99383544921875,318459.0,317.05504150390624,326.1284606933594,330.75728302001954,41.58349376875264,-6.283159965326206,321.3395690917969,319.0425109863281,317.1449279785156
2024-10-14,318.0937228963637,322.53805868873053,315.5969118846183,317.0450744628906,312070.0,318.51318359375,324.2159027099609,328.997297668457,41.11515810761062,-6.483235373325499,317.99383544921875,321.3395690917969,319.0425109863281
2024-10-15,318.0437868837669,329.5790411319247,318.0437868837669,328.4804382324219,784565.0,320.78028564453126,322.7327941894531,328.17834320068357,48.625530224668665,-5.653883835318709,317.0450744628906,317.99383544921875,321.3395690917969
2024-10-16,328.3306356823892,331.1270517187948,322.13853241494235,323.48681640625,378564.0,321.6691467285156,321.29962158203125,327.55663604736327,45.873996334837265,-5.338026863352013,328.4804382324219,317.0450744628906,317.99383544921875
2024-10-17,323.33702699443205,324.33575140213685,314.598188427015,315.39715576171875,390607.0,320.4806640625,319.5069091796875,326.9099609375,41.752176770574934,-5.675057414071659,323.48681640625,328.4804382324219,317.0450744628906
2024-10-18,313.54953213766515,321.5892512268773,308.006593526534,314.69805908203125,589517.0,319.8215087890625,318.4382751464844,326.67526092529295,41.40593724855295,-5.930208065988722,315.39715576171875,323.48681640625,328.4804382324219
2024-10-21,314.69806708645604,316.4458348006222,305.16023070195894,305.959228515625,466220.0,317.6043395996094,318.0587615966797,326.1908813476563,37.24779925428402,-6.75964639326105,314.69805908203125,315.39715576171875,323.48681640625
2024-10-22,305.95922494138983,305.95922494138983,291.1780855870683,293.1256103515625,652975.0,310.5333740234375,315.6568298339844,324.4555969238281,32.1427515195097,-8.356222641183024,305.959228515625,314.69805908203125,315.39715576171875
2024-10-23,292.12688676195086,299.91692488414293,284.08716753996225,296.4713439941406,480826.0,305.1302795410156,313.39971313476565,322.1535369873047,34.65709474906974,-9.24497772842409,293.1256103515625,305.959228515625,314.69805908203125
2024-10-24,294.5737643325228,298.96814545300145,287.8323748531121,288.5314636230469,545026.0,299.75714111328125,310.1189025878906,319.33213958740237,31.65907923705153,-10.46932071551305,296.4713439941406,293.1256103515625,305.959228515625
2024-10-25,289.2305949839944,291.4777249045697,273.9500932368926,277.6453857421875,761391.0,292.3466064453125,306.0840576171875,316.10625915527345,28.073345379206714,-12.177660371500224,288.5314636230469,296.4713439941406,293.1256103515625
2024-10-28,277.9449830960089,289.0807843292887,274.04996410506567,286.3842163085937,695159.0,288.4316040039063,303.0179718017578,313.6169372558594,34.487918175812126,-12.68021167648908,277.6453857421875,288.5314636230469,296.4713439941406
2024-10-29,287.0333815949079,293.7248471528508,284.8861302670648,290.2792358398437,380485.0,287.8623291015625,299.1978515625,310.96532287597654,37.17719912802175,-12.618730808372163,286.3842163085937,277.6453857421875,288.5314636230469
2024-10-30,290.27923372352177,296.5712155780992,287.6326202234456,289.1307067871094,820146.0,286.3942016601562,295.76224060058587,308.5309310913086,36.69880729779936,-12.518379388175333,290.2792358398437,286.3842163085937,277.6453857421875
2024-10-31,289.1307215835109,298.9681632840686,288.83111644690536,296.62115478515625,691298.0,288.01213989257815,293.88464050292964,306.6957748413086,41.94558684960878,-11.699568271217686,289.1307067871094,290.2792358398437,286.3842163085937
2024-11-01,299.0680339958763,301.5148904905225,298.51871728827416,300.3663635253906,115500.0,292.55633544921875,292.4514709472656,305.444873046875,44.42589871524644,-10.62595808610439,296.62115478515625,289.1307067871094,290.2792358398437
2024-11-04,299.7172033428035,301.0155328921671,286.78370996390714,288.2318725585937,536679.0,292.9258666992188,290.67873535156247,304.3687484741211,38.66235520622196,-10.631710547129273,300.3663635253906,296.62115478515625,289.1307067871094
2024-11-05,287.6326352472175,294.22422256736303,285.2856267458243,291.6275329589844,384746.0,293.1955261230469,290.52892761230464,303.0928787231445,40.97022780961103,-10.244179474144573,288.2318725585937,300.3663635253906,296.62115478515625
2024-11-06,292.6262550773711,301.0654886183323,291.7773332245907,299.9169311523437,569873.0,295.3527709960937,290.87348632812495,302.1365997314453,46.28365379346557,-9.16255294314334,291.6275329589844,288.2318725585937,300.3663635253906
2024-11-07,302.5136228080538,304.1115879868016,294.82346300822167,296.62115478515625,398776.0,295.3527709960937,291.6824554443359,300.90067901611326,44.56603439735505,-8.473619126856534,299.9169311523437,291.6275329589844,288.2318725585937
2024-11-08,297.5199832614834,297.6198617940568,287.6326181096925,287.982177734375,461752.0,292.87593383789056,292.71613464355465,299.4000961303711,40.3400754490271,-8.526439871687217,296.62115478515625,299.9169311523437,291.6275329589844
2024-11-11,289.43032661767955,290.42905104421214,280.79136642390296,283.2881774902344,597728.0,291.88719482421874,292.4065307617187,297.7122512817383,38.2194166087239,-8.845106402107888,287.982177734375,296.62115478515625,299.9169311523437
2024-11-12,283.2881826188409,289.4303318574827,282.2894581742276,283.9373474121094,404121.0,290.3491577148437,291.7723419189453,295.48509674072267,38.69936993334464,-8.94218934354592,283.2881774902344,287.982177734375,296.62115478515625
2024-11-13,306.05911459966035,324.4356380660476,299.7172083561342,307.2076416015625,32026734.0,291.8072998046875,293.5800354003906,294.67113800048827,52.84200911202981,-7.060026421086036,283.9373474121094,283.2881774902344,287.982177734375
2024-11-14,308.75564422177587,313.49958515338886,298.11923538662626,302.064208984375,4316639.0,292.8959106445312,294.1243408203125,294.0044906616211,50.091185776854104,-5.915243526272491,307.2076416015625,283.9373474121094,283.2881774902344
2024-11-18,301.7146427052386,317.19487066765964,300.31643466242724,313.5994567871094,2680150.0,298.0193664550781,295.44765014648436,293.949560546875,55.66541225519428,-4.030732960302714,302.064208984375,307.2076416015625,283.9373474121094
2024-11-19,315.94646926164506,321.3894989411194,307.70699298183223,311.45220947265625,1505471.0,303.6521728515625,297.7696838378906,294.2242095947266,54.446377270468496,-2.679620673470197,313.5994567871094,302.064208984375,307.2076416015625
2024-11-21,306.60839393859413,313.7492673759616,303.6122207079238,304.8606262207031,1022952.0,307.8368286132812,299.0929931640625,294.8109603881836,50.770708878873336,-2.1163442332476166,311.45220947265625,313.5994567871094,302.064208984375
2024-11-22,307.3574243076912,314.5981759770032,303.71208645956045,312.9502868652344,854989.0,308.9853576660156,300.3963287353516,295.6349075317383,54.803428876673095,-1.0055838456661945,304.8606262207031,311.45220947265625,313.5994567871094
2024-11-25,323.58670880490763,323.58670880490763,311.3523347837344,314.298583984375,1187179.0,311.43223266601564,302.16407165527346,296.9232635498047,55.45833777781065,-0.016313870442559164,312.9502868652344,304.8606262207031,311.45220947265625
2024-11-26,315.2473472869002,322.58797764165854,312.1013715573322,320.8402099609375,1100854.0,312.88038330078126,305.4498748779297,299.0830047607422,58.59328993017814,1.280780220759766,314.298583984375,312.9502868652344,304.8606262207031
2024-11-27,323.4868326337078,331.5765065087169,319.6916920398273,328.78009033203125,1721050.0,316.34595947265626,309.9990661621094,301.2027984619141,62.08169085298825,2.915807014458437,320.8402099609375,314.298583984375,312.9502868652344
2024-11-28,327.9810976146128,331.2269520210032,323.7365187754869,324.98492431640625,623845.0,320.3708190917969,314.10382385253905,302.9380828857422,59.50131064483767,3.860834056543297,328.78009033203125,320.8402099609375,314.298583984375
2024-11-29,325.8338314540618,332.5752210703528,324.18594231025395,326.38311767578125,1015221.0,323.05738525390626,316.02137145996096,304.80070343017576,60.15833100572227,4.668778542040968,324.98492431640625,328.78009033203125,320.8402099609375
2024-12-02,326.3831238204637,329.1795704455772,322.58798326759904,325.3843994140625,795509.0,325.27454833984376,318.3533905029297,306.2388656616211,59.41683669050456,5.168908194506912,326.38311767578125,324.98492431640625,328.78009033203125
2024-12-03,326.53296412338784,332.57523472497894,325.4842851861637,327.18212890625,1274412.0,326.5429321289063,319.71165771484374,307.57965393066405,60.36387867227702,5.645251349582054,325.3843994140625,326.38311767578125,324.98492431640625
2024-12-04,328.0809791919113,337.5688613907642,326.7826496087919,333.37420654296875,1102435.0,327.4617553710938,321.903857421875,309.83677062988284,63.521479884541364,6.448076238685985,327.18212890625,325.3843994140625,326.38311767578125
2024-12-05,335.9209562161064,335.9209562161064,328.58032582013925,331.9759826660156,477006.0,328.85996704101564,324.6153930664062,311.85419311523435,62.314281276848824,6.892048520720493,333.37420654296875,327.18212890625,325.3843994140625
2024-12-06,333.4740573586763,343.4613009482063,328.1808304476849,338.4177551269531,1222888.0,331.26689453125,327.1621398925781,313.7792343139648,65.56152837475945,7.675221775372563,331.9759826660156,333.37420654296875,327.18212890625
2024-12-09,339.9657935702338,344.11049390403866,337.1693773273091,338.3678283691406,687006.0,333.86358032226565,329.5690643310547,315.86656799316404,65.51441024560921,8.1973693785323,338.4177551269531,331.9759826660156,333.37420654296875
2024-12-10,338.4177822409104,339.9158688993662,332.7250407473176,335.0221252441406,508854.0,335.43157958984375,330.987255859375,318.2185653686523,62.284024701340456,8.246148369571642,338.3678283691406,338.4177551269531,331.9759826660156
2024-12-11,336.020824874565,346.05799255371096,336.020824874565,344.5599060058594,1110871.0,337.66871948242186,332.5652374267578,321.2821517944336,67.2427452812255,8.951240934772954,335.0221252441406,338.3678283691406,338.4177551269531
2024-12-12,346.20779232793126,347.1565926587315,336.6699869081229,339.516357421875,478882.0,339.1767944335937,334.0183807373047,324.06110229492185,62.558855713364714,8.99932108103991,344.5599060058594,335.0221252441406,338.3678283691406
2024-12-13,339.5662872359398,340.56501161016314,331.226932615445,339.0669250488281,605875.0,339.30662841796874,335.28676147460936,325.65406646728513,62.14345291444214,8.898582190595278,339.516357421875,344.5599060058594,335.0221252441406
2024-12-16,353.5484492127887,358.3922688076206,345.5586537503528,347.20654296875,2872479.0,341.0743713378906,337.46897583007814,327.9111831665039,66.48411222631324,9.367561615447585,339.0669250488281,339.516357421875,344.5599060058594
2024-12-17,347.55608985222347,351.05162523866824,343.6111162960616,345.3089599609375,625815.0,343.13173828125,339.2816589355469,329.4966583251953,64.62378834376801,9.47686865577191,347.20654296875,339.0669250488281,339.516357421875
2024-12-18,346.85696018260387,346.9069146881022,336.66998993476454,339.0169982910156,574467.0,342.0231567382813,339.84593811035154,330.8748977661133,58.75331608570532,8.952586703373981,345.3089599609375,347.20654296875,339.0669250488281
2024-12-19,329.5790618263673,336.47025429609755,325.1347259223999,335.521484375,559489.0,341.22418212890625,340.20048828125,332.40794067382814,55.724741063158376,8.160956294908488,339.0169982910156,345.3089599609375,347.20654296875
2024-12-20,335.5214740575328,338.96705494711904,320.69041063567937,324.7851867675781,521527.0,338.3678344726562,338.8372314453125,332.9996856689453,47.607482841454846,6.5912739002775425,335.521484375,339.0169982910156,345.3089599609375
2024-12-23,324.78518446824586,327.182116913304,318.09371885041924,319.1923217773437,518894.0,332.764990234375,336.9196807861328,333.24437255859374,44.010930914601474,4.840197051698681,324.7851867675781,335.521484375,339.0169982910156
2024-12-24,319.1923392746138,323.68659928495475,316.9951333003199,317.84405517578125,375727.0,327.2720092773437,335.2018737792969,333.0945648193359,43.1643615252644,3.3055577741780553,319.1923217773437,324.7851867675781,335.521484375
2024-12-26,318.3933206771569,320.6904050421314,313.54953180909524,315.2473449707031,299949.0,322.51807861328126,332.27061767578124,332.41792755126954,41.50832611870472,1.8583899161807267,317.84405517578125,319.1923217773437,324.7851867675781
2024-12-27,316.84531869063954,319.7915678880488,312.7006184898648,314.8478698730469,271485.0,318.38335571289065,329.80376892089845,331.91107482910155,41.24615870166908,0.6715237527951103,315.2473449707031,317.84405517578125,319.1923217773437
2024-12-30,316.99510686896207,343.71098359172674,312.9003308830142,340.6648864746094,3939034.0,321.5592956542969,329.96356506347655,332.62516326904296,59.187006759370476,1.7934672710330801,314.8478698730469,315.2473449707031,317.84405517578125
2024-12-31,337.5688375275498,351.5509787269158,335.5713887847832,345.7084350585937,2241058.0,326.8625183105469,329.8137542724609,333.64136505126953,61.65065921954861,3.054378834517024,340.6648864746094,314.8478698730469,315.2473449707031
2025-01-01,346.7571356035154,347.1066647724213,338.0182968078487,342.2129211425781,591344.0,331.7362915039063,329.504150390625,334.3929046630859,58.99275583190827,3.728620358652563,345.7084350585937,340.6648864746094,314.8478698730469
2025-01-02,343.6111190117145,346.5573681950343,341.2641410451869,345.35888671875,526686.0,337.75859985351565,330.1383392333984,334.992138671875,60.63754870773444,4.465341081830559,342.2129211425781,345.7084350585937,340.6648864746094
2025-01-03,345.65852202421377,352.54971431018424,344.8096001858105,345.908203125,801185.0,343.9706665039063,331.17701110839846,335.6887496948242,60.932209781064806,5.0354769619492,345.35888671875,342.2129211425781,345.7084350585937
2025-01-06,355.5458717192676,356.49467205155094,326.8824704313391,328.4305114746094,1867813.0,341.52379150390624,331.5415435791016,335.189387512207,48.49361370282057,4.0305484519032575,345.908203125,345.35888671875,342.2129211425781
2025-01-07,332.1257805995908,339.31660833185816,331.12705621892314,335.2218322753906,569420.0,339.4264709472656,333.1444946289063,335.0320877075195,52.54721472830295,3.739036908745504,328.4305114746094,345.908203125,345.35888671875
2025-01-08,336.57011293225605,344.11046973972384,327.7313961556643,336.2705078125,1304472.0,338.23798828125,334.9871398925781,335.0945068359375,53.16022297115122,3.551689595456878,335.2218322753906,328.4305114746094,345.908203125
2025-01-09,336.2705084230936,343.06182196485366,330.67764584118265,335.1719055175781,655326.0,336.2005920410156,336.97959594726564,334.62510681152344,52.39657785803747,3.276794627382742,336.2705078125,335.2218322753906,328.4305114746094
2025-01-10,332.12577704188203,332.12577704188203,317.84403074277844,321.83892822265625,816180.0,331.38673706054686,337.67870178222654,333.7412353515625,44.11420847978658,1.9604793596114973,335.1719055175781,336.2705078125,335.2218322753906
2025-01-13,318.59308916688843,331.57650659375224,310.9028989610551,314.8977966308594,1136009.0,328.68019409179686,335.10199279785155,332.53277893066405,40.52299646276265,0.35312807572017846,321.83892822265625,335.1719055175781,336.2705078125
2025-01-14,317.04508369774766,323.03743030048105,313.4496696403774,319.9913024902344,545213.0,325.63408813476565,332.5302795410156,331.1720169067383,44.1180496891118,-0.503897426588992,314.8977966308594,321.83892822265625,335.1719055175781
2025-01-15,322.83765228781016,323.9362551894691,315.6468246393599,317.39459228515625,455329.0,321.85890502929686,330.04844665527344,329.7762985229492,42.7009982038869,-1.3767587062779967,319.9913024902344,314.8977966308594,321.83892822265625
2025-01-16,321.5892704599188,326.2832875307632,319.19233789383594,320.041259765625,355187.0,318.83277587890626,327.5166839599609,328.8275115966797,44.652321865064344,-1.8338046539595894,317.39459228515625,319.9913024902344,314.8977966308594
2025-01-17,321.2896377414101,327.7813460599512,318.04378358213955,319.5418701171875,619528.0,318.3733642578125,324.8800506591797,328.0285308837891,44.34545064141367,-2.2108283780417537,320.041259765625,317.39459228515625,319.9913024902344
2025-01-20,321.5393188305848,323.5866915703575,318.1935861399146,319.5418701171875,503250.0,319.30217895507815,323.9911865234375,327.76636505126953,44.34545064141366,-2.481022710265222,319.5418701171875,320.041259765625,317.39459228515625
2025-01-21,321.5892465542699,323.58669529063184,311.801759937556,312.9502868652344,512678.0,317.89397583007815,321.7640319824219,327.4542633056641,40.12422693024852,-3.1902639683139,319.5418701171875,319.5418701171875,320.041259765625
2025-01-22,312.8504299391237,312.8504299391237,299.76713371664965,305.01043701171875,692708.0,315.4171447753906,318.6380249023438,326.8125823974609,35.71423423063369,-4.3429593699906945,312.9502868652344,319.5418701171875,319.5418701171875
2025-01-23,304.5110485764035,308.00658380550306,301.0155133473039,302.3138732910156,534228.0,311.8716674804688,315.3522216796875,326.16590881347656,34.33404313309576,-5.411686384693951,305.01043701171875,312.9502868652344,319.5418701171875
2025-01-24,302.3138831905262,306.45858328787904,292.62624447547563,294.7235717773437,445531.0,306.9080078125,312.64068603515625,325.1596939086914,30.733686215982146,-6.7928306179915126,302.3138732910156,305.01043701171875,312.9502868652344
2025-01-27,293.6749040823044,294.72358301254,280.64156256734526,289.9296875,735774.0,300.9855712890625,310.1438751220703,322.62293395996096,28.687581985376724,-8.179930622123948,294.7235717773437,302.3138732910156,305.01043701171875
2025-01-28,290.479001060836,292.3765713461742,281.04104318458906,285.9847412109375,778380.0,295.59246215820315,306.74321899414065,319.6367492675781,27.08931490600318,-9.488167872100234,289.9296875,294.7235717773437,302.3138732910156
2025-01-29,284.63644677525826,293.07567993251064,283.1383602132832,289.67999267578125,593982.0,292.5263732910156,303.9717590332031,317.0101028442383,30.968921215920275,-10.110234912668489,285.9847412109375,289.9296875,294.7235717773437
2025-01-30,292.57631222760267,298.6185823888269,288.6313388306721,289.58013916015625,413035.0,289.97962646484376,300.92564697265624,314.2211654663086,30.921041161819446,-10.490358544984986,289.67999267578125,285.9847412109375,289.9296875
2025-01-31,290.17935660938406,299.317709075345,285.13581067850936,296.3714599609375,1352662.0,290.3092041015625,298.6086059570313,311.7443283081055,37.94789097145742,-10.126870175427143,289.58013916015625,289.67999267578125,285.9847412109375
2025-02-01,300.76585679618086,315.4471181475652,292.6262587658308,293.8746643066406,2099293.0,291.09819946289065,296.04188537597656,310.016535949707,36.47873438132972,-9.925854494487623,296.3714599609375,289.58013916015625,289.67999267578125
2025-02-03,290.3291889808679,290.3291889808679,277.29581755607336,278.0448608398437,1040746.0,289.5102233886718,292.5513427734375,307.1576873779297,28.85207011226737,-10.918024770367936,293.8746643066406,296.3714599609375,289.58013916015625
2025-02-04,281.6402827211357,284.4866533762815,276.646660687073,278.7439880371094,767449.0,287.3230224609375,289.92469787597656,304.28136138916017,29.55259764363653,-11.515173389348433,278.0448608398437,293.8746643066406,296.3714599609375
2025-02-05,281.5404031887445,285.984738974798,279.1434707166038,280.3918762207031,783948.0,285.48536987304686,287.7324981689453,301.54235992431643,31.270360591479943,-11.72034235664654,278.7439880371094,278.0448608398437,293.8746643066406
2025-02-06,284.63644526482443,300.36635408209105,283.6876449224821,292.4264831542969,6375424.0,284.6963745117188,287.50278930664064,300.0717376708984,42.32991634591634,-10.78749649465152,280.3918762207031,278.7439880371094,278.0448608398437
2025-02-07,292.52637811046816,292.67618067855136,282.189574211617,283.8374938964844,726330.0,282.6889404296875,286.89356994628906,298.5187225341797,37.67089797899622,-10.618861455311162,292.4264831542969,280.3918762207031,278.7439880371094
2025-02-10,285.1358140190972,291.2280389082299,276.79645924715203,280.8912353515625,987151.0,283.2582153320312,286.38421936035155,296.56371917724607,36.199067232331004,-10.600756491259801,283.8374938964844,292.4264831542969,280.3918762207031
2025-02-11,281.190841772084,282.2395206760799,267.5582598493364,269.256103515625,739182.0,281.3606384277344,284.3418304443359,294.1567947387695,31.041145225963703,-11.393924013559172,280.8912353515625,283.8374938964844,292.4264831542969
2025-02-12,269.10629023024273,269.10629023024273,253.22656380768487,263.513427734375,1105609.0,277.9849487304688,281.7351593017578,291.33040313720704,28.855715196691776,-12.343611462143485,269.256103515625,280.8912353515625,283.8374938964844
2025-02-13,264.81175623993227,268.606927070495,257.9205642963783,260.1676940917969,935291.0,271.53319091796874,278.1147827148437,288.3616943359375,27.634983747717726,-13.213896774121508,263.513427734375,269.256103515625,280.8912353515625
2025-02-14,260.11778537296954,263.7131688743013,244.68748101159457,246.2854461669922,1512289.0,264.0227813720703,273.3558609008789,284.69887313842776,23.24152946978633,-14.852574311420653,260.1676940917969,263.513427734375,269.256103515625
2025-02-17,244.68747813757815,245.68620253813967,235.5990799967381,241.7911834716797,1408706.0,256.20277099609376,269.7304931640625,281.14091796875,22.02094939123505,-16.325695054954394,246.2854461669922,260.1676940917969,263.513427734375
2025-02-18,242.690023914329,244.6375334040482,231.70405575359808,234.20086669921875,1066682.0,249.1917236328125,265.27618103027345,277.600439453125,20.100937103818794,-17.899297031822982,241.7911834716797,246.2854461669922,260.1676940917969
2025-02-19,233.8013815027166,240.24315065209677,231.7040542264884,236.9473571777344,1016614.0,243.87850952148438,260.9317291259766,274.3321136474609,22.726377254983262,-18.70910222302848,234.20086669921875,241.7911834716797,246.2854461669922
2025-02-20,236.0485110360033,239.6938488921753,233.2021404846789,237.4966583251953,840708.0,239.34430236816405,255.4387466430664,271.4707679748535,23.269434892019405,-19.086536942574014,236.9473571777344,234.20086669921875,241.7911834716797
2025-02-21,237.3468542125418,240.64264787272452,231.7040672902129,233.30203247070312,1003441.0,236.74761962890625,250.38520050048828,268.6393852233887,21.99807989658312,-19.499351540951494,237.4966583251953,236.9473571777344,234.20086669921875
2025-02-24,231.7040669090934,233.3020320869552,226.5606422092122,229.4069976806641,642440.0,234.27078247070312,245.23677673339844,265.810498046875,20.85844504514087,-19.911281975456063,233.30203247070312,237.4966583251953,236.9473571777344
2025-02-25,229.6566699588516,231.80393653651663,226.96011715927955,227.8589630126953,524519.0,233.00240173339844,241.09706268310546,262.7194465637207,20.40597246309119,-20.130600244088726,229.4069976806641,233.30203247070312,237.4966583251953
2025-02-27,229.4069874038485,230.30584849087623,221.8166912473431,223.11502075195312,553717.0,230.23593444824218,237.05722198486328,259.39619064331055,19.042701180526137,-20.451456387104116,227.8589630126953,229.4069976806641,233.30203247070312
2025-02-28,220.8179699764306,222.2661173022744,213.77695993915387,220.1188507080078,1178995.0,226.7603729248047,233.05233764648438,255.58356018066405,18.215013968766655,-20.708785090839996,223.11502075195312,227.8589630126953,229.4069976806641
2025-03-03,220.1088668033276,222.11629733286975,210.4811643326321,215.1951446533203,946352.0,223.1389953613281,229.94330749511718,251.64958419799805,16.91396549828049,-21.067172619886293,220.1188507080078,223.11502075195312,227.8589630126953
2025-03-04,213.63713992674076,225.6917355026914,211.56977310516825,219.6894073486328,1086418.0,221.1954772949219,227.7331298828125,248.7318115234375,22.36492510475837,-20.7493621484887,215.1951446533203,220.1188507080078,223.11502075195312
2025-03-05,218.6207694294584,220.0789137878761,212.32881777528732,219.54959106445312,2971882.0,219.53360290527343,226.26800231933595,245.7720916748047,22.315874673365315,-20.27505880868452,219.6894073486328,215.1951446533203,220.1188507080078
2025-03-06,222.70556456229,226.66050474319445,220.2187352629593,221.616943359375,1304604.0,219.2339874267578,224.7349609375,242.83334503173828,24.93732036664599,-19.507481834500197,219.54959106445312,219.6894073486328,215.1951446533203
2025-03-07,221.3273208929398,226.18112221808147,220.7780194101853,223.7442321777344,1297804.0,219.9590637207031,223.3597183227539,239.39923248291015,27.643056541010722,-18.514098124663292,221.616943359375,219.54959106445312,219.6894073486328
2025-03-10,225.66178285455956,225.7017403659489,209.83200971644013,211.43995666503903,1600731.0,219.20802612304686,221.1735107421875,235.77935562133788,22.57440944162606,-18.506356818827584,223.7442321777344,221.616943359375,219.54959106445312
2025-03-11,206.73595537391571,212.17900042647503,206.2365931628676,210.17156982421875,971598.0,217.30445861816406,219.24996795654297,232.2433723449707,22.124058418945978,-18.390574896214588,211.43995666503903,223.7442321777344,221.616943359375
2025-03-12,211.22022344659575,214.14647854896944,208.7633547800528,210.2115020751953,945192.0,215.4368408203125,217.48522186279297,229.29114227294923,22.176696635275817,-18.087097883876197,210.17156982421875,211.43995666503903,223.7442321777344
2025-03-13,210.9805238236288,212.2089505355673,207.24528918196725,208.2639923095703,594403.0,212.76625061035156,216.0001190185547,226.52867050170897,21.4163969728275,-17.798567124642375,210.2115020751953,210.17156982421875,211.43995666503903
2025-03-17,206.23658130022167,210.7308409411466,204.9382365783118,205.9569396972656,694023.0,209.20879211425782,214.58392791748048,223.81813278198243,20.518956303286103,-17.553715973236876,208.2639923095703,210.2115020751953,210.17156982421875
2025-03-18,205.9569396972656,205.9569396972656,205.9569396972656,205.9569396972656,0.0,208.11218872070313,213.660107421875,221.80170745849608,20.518956303286103,-17.161838678281185,205.9569396972656,208.2639923095703,210.2115020751953
2025-03-19,218.77058261088504,249.48135787481047,218.77058261088504,242.9496917724609,5834075.0,214.66781311035157,215.98613586425782,221.85963287353516,55.329403386646035,-13.70824702890394,205.9569396972656,205.9569396972656,208.2639923095703
2025-03-20,240.69257600730543,242.69002477085152,235.89869592692983,240.0434112548828,1801012.0,220.63419494628906,218.03551788330077,222.15176010131836,53.352408080846686,-11.078062307530189,242.9496917724609,205.9569396972656,205.9569396972656
2025-03-21,239.9934768129524,245.58632431972975,237.6165078599601,243.1294708251953,1368309.0,227.60729064941407,220.1867706298828,222.46086578369142,55.18361706742133,-8.644949157739177,240.0434112548828,242.9496917724609,205.9569396972656
2025-03-24,244.677503441624,246.38531368185312,239.6938630528268,240.36300659179688,931266.0,234.4885040283203,221.84864807128906,222.60418319702148,53.168641949976944,-6.860832592815143,243.1294708251953,240.0434112548828,242.9496917724609
2025-03-25,241.5914253421953,253.6759966318025,231.70405991566207,238.38552856445312,3808729.0,240.9742218017578,224.54320526123047,222.85835800170898,51.71503289530334,-5.542581877830145,240.36300659179688,243.1294708251953,240.0434112548828
2025-03-26,237.69640920474825,239.08463552288364,227.30968145287585,230.27589416503903,976653.0,238.43946228027343,226.5536376953125,222.90180282592775,46.143475065362,-5.093523442079146,238.38552856445312,240.36300659179688,243.1294708251953
2025-03-27,230.60545120764257,230.60545120764257,222.4159144119057,226.2909698486328,1908353.0,235.68897399902343,228.16158447265624,222.82340316772462,43.65465292122572,-5.001536881564988,230.27589416503903,238.38552856445312,240.36300659179688
2025-03-28,227.70916546672512,244.0982366913077,225.71171664684155,227.8390045166016,3581774.0,232.6308807373047,230.11908569335938,223.05960235595703,44.89801074121337,-4.748980122673885,226.2909698486328,230.27589416503903,238.38552856445312
2025-04-01,228.7078829924449,231.70405613208388,224.77290649742704,228.65794372558597,850993.0,230.2898681640625,232.3891860961914,223.48655700683594,45.58213538217307,-4.431660102624534,227.8390045166016,226.2909698486328,230.27589416503903
2025-04-02,229.70661103532055,231.684081072005,223.49454407426288,229.5568084716797,711824.0,228.5241241455078,234.74917297363282,224.20464019775392,46.36919858486025,-4.0608399920413945,228.65794372558597,227.8390045166016,226.2909698486328
2025-04-03,225.19237918208148,234.98986335739417,224.98265558676047,233.79139709472656,957117.0,229.22722473144532,233.83334350585938,224.90973968505858,50.03552402005861,-3.3862320951073457,229.5568084716797,228.65794372558597,227.8390045166016
2025-04-04,232.7027800882178,233.50176263853152,220.71808755148555,223.5444793701172,1234989.0,228.67792663574218,232.1834503173828,225.1094841003418,42.46960552844306,-3.636521543118107,233.79139709472656,229.5568084716797,228.65794372558597
2025-04-07,192.7538138029223,220.2986352414061,192.3043908600552,217.2325439453125,1263703.0,226.55663452148437,229.59375762939453,224.89026412963867,38.59791178775225,-4.294691639770576,223.5444793701172,233.79139709472656,229.5568084716797
2025-04-08,223.714271637436,225.7117204913416,214.3961709052469,219.29991149902344,763180.0,224.68502807617188,227.4874481201172,224.6680480957031,40.5108475355358,-4.59649140762366,217.2325439453125,223.5444793701172,233.79139709472656
2025-04-09,218.52090115441484,220.55829221939237,214.0865623925713,219.56956481933597,399747.0,222.6875793457031,225.60585174560546,225.07452850341798,40.770045389415436,-4.759051742553453,219.29991149902344,217.2325439453125,223.5444793701172
2025-04-11,224.60313744003705,228.49815663842165,219.26995261784103,227.32965087890625,734438.0,221.39523010253907,225.31122741699218,225.93243255615235,47.81652307149059,-4.2131414162500676,219.56956481933597,219.29991149902344,217.2325439453125
2025-04-15,229.70661022945487,233.3919056753412,227.8689610050573,231.87384033203125,689941.0,223.06110229492188,225.86951446533203,227.01554946899415,51.458353804432925,-3.3749214444952713,227.32965087890625,219.56956481933597,219.29991149902344
2025-04-16,233.10226604937836,233.6915250201496,227.2097982562645,227.8589630126953,1047807.0,225.18638610839844,225.87151031494142,227.99529800415038,48.25413743800685,-3.000010865950685,231.87384033203125,227.32965087890625,219.56956481933597
2025-04-17,229.2072510322964,230.7053376403506,225.2622926789519,226.3209381103516,1036997.0,226.59059143066406,225.63780975341797,229.01349792480468,47.04559831723785,-2.7947807938767824,227.8589630126953,231.87384033203125,227.32965087890625
2025-04-21,227.44949392088168,233.95118409517124,224.5132418294849,231.9537353515625,1421646.0,229.0674255371094,225.87750244140625,230.31333770751954,51.80620914190377,-2.152798697723682,226.3209381103516,227.8589630126953,231.87384033203125
2025-04-22,233.1022730312129,236.28820636245672,229.2072538973154,233.9811553955078,1661259.0,230.3977264404297,225.89647827148437,229.8649108886719,53.42906472800703,-1.4635564399930274,231.9537353515625,226.3209381103516,227.8589630126953
2025-04-23,237.2369893161444,238.62521563454064,230.05617361926468,233.4418487548828,1881033.0,230.711328125,226.88621520996094,229.5348327636719,52.9185905597517,-0.9498947286015778,233.9811553955078,231.9537353515625,226.3209381103516
2025-04-24,233.74145003883564,247.48390742830225,231.65411971663232,241.92100524902344,3372962.0,233.52373657226562,229.35506134033204,229.4744094848633,59.474411651297494,0.13977174257504998,233.4418487548828,233.9811553955078,231.9537353515625
2025-04-25,241.9210040865264,242.7799076692408,228.8077632430502,230.96499633789065,1504364.0,234.45254821777343,230.52156982421874,229.00450897216797,49.821118028441695,0.11792257759370273,241.92100524902344,233.4418487548828,233.9811553955078
2025-04-28,230.95501128406235,234.60034915022152,226.40083058092583,231.4044342041016,867680.0,234.34268798828126,231.7050567626953,228.65545425415038,50.170468991792994,0.13451531142180784,230.96499633789065,241.92100524902344,233.4418487548828
2025-04-29,231.73401573757596,235.8287917747899,226.81031187891108,227.8090362548828,936900.0,233.10826416015624,231.75299530029298,228.53211135864257,47.270676288211156,-0.14082999348156022,231.4044342041016,230.96499633789065,241.92100524902344
2025-04-30,227.85896032453996,228.9575632340427,216.72318962611675,218.43101501464844,1308800.0,230.10609741210936,230.4087127685547,228.13911361694335,40.667993062792156,-1.1030557302367185,227.8090362548828,231.4044342041016,230.96499633789065
2025-05-02,218.43102463399495,221.3872403835855,215.92421658627688,217.66200256347656,636855.0,225.254296875,229.3890167236328,227.6302635192871,40.17246982896351,-1.9057115801499265,218.43101501464844,227.8090362548828,231.4044342041016
2025-05-05,219.15008700358416,224.6630499391359,217.4722373323825,220.7880096435547,598223.0,223.21889953613282,228.83572387695312,227.23676681518555,43.2020682919476,-2.263487403977109,217.66200256347656,218.43101501464844,227.8090362548828
2025-05-06,221.7168092725229,222.32603174541228,209.04299462851787,210.40126037597656,888592.0,219.0182647705078,226.68047637939452,226.27898941040038,36.5747253425116,-3.3465739607542275,220.7880096435547,217.66200256347656,218.43101501464844
2025-05-07,206.9856364333571,213.46736341747555,205.9369727425245,212.0591583251953,982381.0,215.8682891845703,224.48827667236327,225.19237747192383,38.20423320768321,-4.024754486943834,210.40126037597656,220.7880096435547,217.66200256347656
2025-05-08,211.23021612971556,218.8205278641494,208.73340506435247,211.02047729492188,971976.0,214.386181640625,222.2461395263672,224.56617736816406,37.5532780883019,-4.5930841040436405,212.0591583251953,210.40126037597656,220.7880096435547
2025-05-09,204.73850297636503,214.19642430861435,204.73850297636503,213.0478973388672,701963.0,213.46336059570314,219.35882873535155,224.3569450378418,39.71257571780964,-4.8242822438037365,211.02047729492188,212.0591583251953,210.40126037597656
2025-05-12,220.7180953204197,222.28609996404268,217.3723624404209,221.07763671875,998294.0,213.5212860107422,218.3700927734375,224.44583129882812,47.4612125294083,-4.309893801701435,213.0478973388672,211.02047729492188,212.0591583251953
2025-05-13,221.7168190550474,225.96139779821837,219.97903309521567,224.06382751464844,776988.0,216.25379943847656,217.6360321044922,224.67054443359376,50.033267873581636,-3.619552664749591,221.07763671875,213.0478973388672,211.02047729492188
2025-05-14,224.06383005372024,227.90890993280507,224.06383005372024,225.3321990966797,688867.0,218.90840759277344,217.3883483886719,224.57067184448243,51.12767003447356,-2.9362579991723408,224.06382751464844,221.07763671875,213.0478973388672
2025-05-15,226.4108131569328,230.16602656660703,225.2123469527211,228.47817993164065,930880.0,222.3999481201172,218.3930648803711,224.4008888244629,53.82889359741929,-2.116490111966243,225.3321990966797,224.06382751464844,221.07763671875
2025-05-16,228.10864111024836,235.6989524545133,227.5493578986482,234.63031005859372,1286857.0,226.7164306640625,220.08989562988282,224.7394561767578,58.642850586288866,-0.9593340635780976,228.47817993164065,225.3321990966797,224.06382751464844
2025-05-19,236.19832321715285,240.64264379853236,235.19959880608664,238.00601196289065,1289215.0,230.10210571289062,221.81169586181642,225.32370986938477,61.043012547785786,0.22748902155399264,234.63031005859372,228.47817993164065,225.3321990966797
2025-05-20,241.2818248039363,241.29182180113185,231.70406143896204,232.47308349609372,782826.0,231.7839569091797,224.0188781738281,225.34967727661132,55.370872221878656,0.7133704895163646,238.00601196289065,234.63031005859372,228.47817993164065
2025-05-21,231.3045834203984,235.18962083238387,228.9276144072309,234.52047729492188,775131.0,233.62161254882812,226.26501007080077,225.37664337158202,56.96443624390348,1.249242136521417,232.47308349609372,238.00601196289065,234.63031005859372
2025-05-22,233.2920227916158,235.1995900027919,226.780350847504,230.1859893798828,1041658.0,233.96317443847656,228.1815612792969,225.21385040283204,52.67612742870926,1.3090771016473752,234.52047729492188,232.47308349609372,238.00601196289065
2025-05-23,223.28482287617996,226.96012137722556,218.910405099124,224.49327087402344,2984832.0,231.9357666015625,229.3260986328125,224.34246368408202,47.60714291997961,0.8869180954906426,230.1859893798828,234.52047729492188,232.47308349609372
2025-05-26,223.51452814441387,227.03004236826072,221.7168211413487,223.32476806640625,898923.0,228.99951782226563,229.55081176757812,223.9604522705078,46.61555166751913,0.4528455094839501,224.49327087402344,230.1859893798828,234.52047729492188
2025-05-27,224.31350144077544,225.31222581898132,220.71808758350437,221.04766845703125,941390.0,226.7144348144531,229.24919586181642,223.4426139831543,44.66324605022098,-0.07404945419773412,223.32476806640625,224.49327087402344,230.1859893798828
2025-05-28,222.71554178579476,224.1636891217387,219.22000637660065,219.86917114257807,1082822.0,223.78417358398437,228.70289306640626,223.04562072753907,43.64447292372177,-0.5800262120335162,221.04766845703125,223.32476806640625,224.49327087402344
2025-05-29,221.47712071738763,222.3460213209165,219.37980859011583,220.52833557128903,942959.0,221.85264282226558,227.90790863037108,223.1504867553711,44.408286036824116,-0.9172538460870783,219.86917114257807,221.04766845703125,223.32476806640625
2025-05-30,208.73340565092016,215.175175169794,206.73595679301664,210.53111267089844,4428098.0,219.06021118164057,225.49798889160155,222.7939422607422,36.3593723915307,-1.9685097583130755,220.52833557128903,219.86917114257807,221.04766845703125
2025-06-02,210.72087193031507,211.58975730353623,207.23531820068612,207.7946014404297,1436724.0,215.95417785644526,222.47684783935546,222.14427185058594,34.5152617643395,-2.9880073403131178,210.53111267089844,220.52833557128903,219.86917114257807
2025-06-03,208.8332799829658,214.52600606545585,206.52621379752568,206.95567321777344,1518366.0,213.1357788085937,219.92510681152345,221.97199249267578,33.94682519469552,-3.81963069052145,207.7946014404297,210.53111267089844,220.52833557128903
2025-06-04,207.734670090564,209.89191839894235,206.2465652850084,208.3838348388672,1167739.0,210.83871154785157,217.31144256591796,221.78822631835936,35.88272610517849,-4.313731468739661,206.95567321777344,207.7946014404297,210.53111267089844
2025-06-05,209.7321272865784,210.121629199109,207.5349366200126,209.2028045654297,1683098.0,208.5736053466797,215.21312408447267,221.69734268188478,37.02258071767089,-4.586357211734793,208.3838348388672,206.95567321777344,207.7946014404297
2025-06-06,210.2314909935126,214.5160120619015,208.7533831148211,210.84071350097656,1475199.0,208.63552551269532,213.84786834716797,221.58698348999025,39.34503593816107,-4.617027298006633,209.2028045654297,208.3838348388672,206.95567321777344
2025-06-09,212.62841749998373,217.22255581055765,211.64967186035403,216.28375244140625,1509959.0,210.33335571289064,213.14376678466797,221.34728927612304,46.416796333984195,-4.154238335615446,210.84071350097656,209.2028045654297,208.3838348388672
2025-06-10,218.35111356576385,221.11756909424625,213.17771341238972,219.8991241455078,2582635.0,212.9220458984375,213.02891235351564,221.13905410766603,50.54154885163575,-3.4559069233223454,216.28375244140625,210.84071350097656,209.2028045654297
2025-06-11,219.89912384317395,224.71298260769,217.7418907920267,220.44842529296875,2835422.0,215.3349639892578,213.0868377685547,220.89486541748047,51.15674842168546,-2.825578723314379,219.8991241455078,216.28375244140625,210.84071350097656
2025-06-12,220.5682973782153,222.82540911324185,214.9754344512335,215.88427734375,1421522.0,216.67125854492187,212.62243194580077,220.26517028808593,46.033096776607955,-2.66362308993169,220.44842529296875,219.8991241455078,216.28375244140625
2025-06-13,208.3439009989016,217.62204411679423,208.3439009989016,215.5347137451172,984840.0,217.61005859375,213.12279205322267,219.3103904724121,45.65593723800646,-2.534265509366861,215.88427734375,220.44842529296875,219.8991241455078
2025-06-16,214.92548461201693,215.69450665550607,210.15158327068784,212.63841247558597,661972.0,216.88099060058593,213.60717315673827,218.04201049804686,42.54557134986906,-2.6350804348770964,215.5347137451172,215.88427734375,220.44842529296875
2025-06-17,213.22765625555223,215.5247253895426,209.4824398107826,210.1416015625,652930.0,214.9294860839844,213.92576599121094,216.9254364013672,40.01475307579093,-2.8832128802964974,212.63841247558597,215.5347137451172,215.88427734375
2025-06-18,209.8320041759785,213.72702327069572,208.5336593979644,211.9492950439453,1156468.0,213.2296600341797,214.28231201171874,215.79687728881837,42.67355177669462,-2.900558046930911,210.1416015625,212.63841247558597,215.5347137451172
2025-06-19,211.93930525642295,212.6783515370324,206.2665429105504,207.4750061035156,821242.0,211.5478057861328,214.10953216552736,214.661328125,38.16450668899699,-3.2380161066710116,211.9492950439453,210.1416015625,212.63841247558597
2025-06-20,207.23531106930804,212.68835294780817,206.74593063171037,211.05044555664065,667865.0,210.6509521484375,214.13050537109376,213.98918685913085,43.31864529108518,-3.180285614689069,207.4750061035156,211.9492950439453,210.1416015625
2025-06-23,208.73339568782745,210.23148225974964,207.7446530642019,208.68345642089844,443536.0,209.8599609375,213.37047576904297,213.25712127685546,40.88882363022968,-3.2876322473015875,211.05044555664065,207.4750061035156,211.9492950439453
2025-06-24,210.5311029895568,215.1052624925307,210.5311029895568,211.90933227539065,625119.0,210.21350708007813,212.57149658203124,212.80020446777343,45.38504018175315,-3.0769350138356515,208.68345642089844,211.05044555664065,207.4750061035156
2025-06-25,213.6271476174581,235.39934304936943,212.84814378800064,230.3857421875,6680784.0,213.90079650878906,213.5652282714844,213.32603302001954,62.82603151920621,-1.4028924018768407,211.90933227539065,208.68345642089844,211.05044555664065
2025-06-26,233.9711749002437,244.6874836946344,223.51452896973925,226.061279296875,23049765.0,217.61805114746093,214.5829284667969,213.60268020629883,58.1457019540312,-0.4203045757837458,230.3857421875,211.90933227539065,208.68345642089844
2025-06-27,226.81032456683312,228.0087908371773,222.46586719259437,223.3747100830078,2539325.0,220.08290405273436,215.36692810058594,214.2448600769043,55.38524226632694,0.14000577319194463,226.061279296875,230.3857421875,211.90933227539065
2025-06-30,224.7030014137441,225.26228462245624,220.8678882524009,222.45587158203125,1357085.0,222.83738708496094,216.34867401123046,214.97792358398436,54.433421320343605,0.5041021972608917,223.3747100830078,226.061279296875,230.3857421875
2025-07-01,223.29480411553607,226.11119901087795,218.87044708056476,219.31988525390625,1400346.0,224.31949768066406,217.2665023803711,215.59613418579102,51.19938003608631,0.5334540224529576,222.45587158203125,223.3747100830078,226.061279296875
2025-07-02,219.96905368077017,220.49837640464716,217.03280144533187,218.3311462402344,868698.0,221.90857849121093,217.9046875,216.09349975585937,50.18695479097368,0.47149745110019126,219.31988525390625,222.45587158203125,223.3747100830078
2025-07-03,219.3098909126101,223.96395034989428,216.7431770872298,223.14498901367188,1990057.0,221.3253204345703,219.47168579101563,216.79060897827148,54.86638815542875,0.8015930372251034,218.3311462402344,219.31988525390625,222.45587158203125
2025-07-04,224.7129830447988,225.51196558793404,221.1575267291374,223.67431640625,1856972.0,221.38524169921874,220.73407287597655,217.43228912353516,55.36293808773913,1.0933055187853142,223.14498901367188,218.3311462402344,219.31988525390625
2025-07-07,223.8940308957049,223.8940308957049,219.7992699587246,220.8978576660156,758995.0,221.07363891601562,221.95551300048828,217.66299438476562,52.12365265744442,1.0879119735641325,223.67431640625,223.14498901367188,218.3311462402344
2025-07-08,221.5470332231081,221.5470332231081,217.03279471409817,218.54087829589844,955356.0,220.91783752441407,222.61866760253906,217.59508209228517,49.47708249926279,0.8832672579135021,220.8978576660156,223.67431640625,223.14498901367188
2025-07-09,218.6906868148668,221.36726093761476,218.2212851197196,218.76058959960935,633412.0,221.00372619628905,221.45615234375,217.51069030761718,49.73330085496247,0.7303941828944858,218.54087829589844,220.8978576660156,223.67431640625
2025-07-10,219.7193673030627,220.89785477644864,217.92166034089996,218.29119873046875,474850.0,220.03296813964843,220.67914428710938,217.63103637695312,49.1597154419494,0.5648539643824222,218.76058959960935,218.54087829589844,220.8978576660156
2025-07-11,218.22128569853768,220.2187345378836,210.73085255099065,215.1052703857422,686238.0,218.31915893554688,219.85220031738282,217.60956420898438,45.33766826243611,0.17457199970809256,218.29119873046875,218.76058959960935,218.54087829589844
2025-07-14,216.10398387888512,219.76930048504207,213.7769542699861,218.68069458007807,627142.0,217.87572631835937,219.4746826171875,217.91167831420898,50.032801669084265,0.15202513120988215,215.1052703857422,218.29119873046875,218.76058959960935
2025-07-15,219.61949118644827,220.3984950054109,217.8018206886437,218.8904266357422,433545.0,217.9456359863281,219.4317367553711,218.3491195678711,50.30246170163516,0.14935848789576767,218.68069458007807,215.1052703857422,218.29119873046875
2025-07-16,219.51962994538545,224.01388982272323,218.3211636926271,221.9265594482422,1600513.0,218.57882995605468,219.79127807617186,218.84798278808594,54.15923470142137,0.3877657753232029,218.8904266357422,218.68069458007807,215.1052703857422
2025-07-17,223.0351357318557,224.4633042795819,221.417191874419,222.99517822265625,1476112.0,219.51962585449218,219.77629699707032,219.62399139404297,55.46913151075473,0.6553790705507083,221.9265594482422,218.8904266357422,218.68069458007807
2025-07-18,223.4146405644382,225.80159122099576,219.3298615112176,223.6044006347656,953534.0,221.21945190429688,219.76930541992186,220.2516891479492,56.23690134521465,0.9061778381986016,222.99517822265625,221.9265594482422,218.8904266357422
2025-07-21,224.3035021349731,224.3035021349731,220.71808531155804,223.6143798828125,930517.0,222.20618896484376,220.04095764160155,220.99823532104492,56.250207498014326,1.0931418515766325,223.6044006347656,222.99517822265625,221.9265594482422
2025-07-22,223.61438290221687,227.70915896173227,222.1662355970357,225.61183166503903,1548043.0,223.55046997070312,220.74805297851563,221.68336029052733,58.94120800364144,1.386507054354439,223.6143798828125,223.6044006347656,222.99517822265625
2025-07-23,227.3096797861662,227.5493638892623,223.5345027691529,224.1936492919922,645295.0,224.00388793945314,221.2913589477539,221.37375564575194,56.29369559523776,1.4874195788591749,225.61183166503903,223.6143798828125,223.6044006347656
2025-07-24,225.202373061108,225.202373061108,219.9390911448886,223.5145263671875,692848.0,224.10775756835938,221.81369171142578,221.24641799926758,55.01921177268915,1.495356399454181,224.1936492919922,225.61183166503903,223.6143798828125
2025-07-25,221.91656172241343,222.40594217138525,215.72447340405108,216.6932373046875,607659.0,222.72552490234375,221.9724884033203,220.91234436035157,44.195917486289474,0.9403851923766808,223.5145263671875,224.1936492919922,225.61183166503903
2025-07-28,217.70194817040223,217.70194817040223,211.84942236914537,212.7782440185547,579205.0,220.55829772949218,221.38224334716796,220.42846298217773,39.40473448160789,0.18255489400763736,216.6932373046875,223.5145263671875,224.1936492919922
2025-07-29,212.62842154036892,213.3774648505008,210.89065081403112,212.24891662597656,526528.0,217.88571472167968,220.7180923461914,220.07491455078124,38.79240476135656,-0.45549273738754437,212.7782440185547,216.6932373046875,223.5145263671875
2025-07-30,212.3787405270091,213.86684538992557,211.08041098035704,211.6396942138672,334066.0,215.3749237060547,219.6894058227539,219.7403419494629,38.05935320034443,-0.9987957437214163,212.24891662597656,212.7782440185547,216.6932373046875
2025-07-31,209.7321199903548,217.72191503760635,208.7333956094483,213.6770782470703,1008707.0,213.40743408203124,218.75759582519532,219.2669464111328,42.006207041081915,-1.2505518429728113,211.6396942138672,212.24891662597656,212.7782440185547
2025-08-01,215.4248443948752,215.6146044642015,209.8319970448244,211.4299468994141,731188.0,212.35477600097656,217.54015045166017,218.65472793579102,39.05062170200356,-1.6128036881483752,213.6770782470703,211.6396942138672,212.24891662597656
2025-08-04,211.2302048971292,212.68834918706463,209.0030538122696,210.76080322265625,420126.0,211.95128784179687,216.25479278564453,218.14787521362305,38.18894703992991,-1.9316186899144725,211.4299468994141,213.6770782470703,211.6396942138672
2025-08-05,211.71958954993096,213.62714155859933,210.23148471826232,211.1702880859375,389429.0,211.73556213378907,214.81063842773438,217.779345703125,39.074908274020395,-2.126724315424866,210.76080322265625,211.4299468994141,213.6770782470703
2025-08-06,210.73085251479145,212.10909709028743,207.74466101432523,208.7733459472656,458132.0,211.16229248046875,213.26860809326172,217.2799835205078,35.836862805447936,-2.4465577331926056,211.1702880859375,210.76080322265625,211.4299468994141
2025-08-07,207.74465968144688,208.8832049028006,204.93824651894585,207.8045959472656,658387.0,209.9877960205078,211.69761505126954,216.75565338134766,34.58929118637222,-2.746537673230648,208.7733459472656,211.1702880859375,210.76080322265625
2025-08-08,208.13415350481307,210.46118312561103,206.23658328940556,208.32391357421875,448096.0,209.36658935546876,210.86068267822264,216.41658554077148,35.877981950949746,-2.908838069990935,207.8045959472656,208.7733459472656,211.1702880859375
2025-08-11,209.4824368293035,210.8307208259609,204.73849606678053,210.03173828125,518913.0,209.2207763671875,210.58603210449218,215.98413772583007,40.06023051658897,-2.866610619940303,208.32391357421875,207.8045959472656,208.7733459472656
2025-08-12,198.1968472921267,206.10674243842783,198.1968472921267,201.6324615478516,1318473.0,207.3132110595703,209.52438659667968,215.12123947143556,29.77458315903732,-3.4708862817393538,210.03173828125,208.32391357421875,207.8045959472656
2025-08-13,202.13183565531227,202.9907392699142,200.04450526564523,200.7935485839844,479066.0,205.71725158691407,208.4397720336914,214.06458892822266,28.974394746941428,-3.971689201557183,201.6324615478516,210.03173828125,208.32391357421875
2025-08-14,202.1218494382991,202.1218494382991,197.35792977174577,198.43655395507807,646049.0,203.84364318847656,206.91571960449218,212.83665771484374,26.795506719465237,-4.5068171096855565,200.7935485839844,201.6324615478516,210.03173828125
2025-08-18,200.93337086668527,202.09189486498,197.2980145446049,197.9871368408203,599250.0,201.7762878417969,205.57143859863282,211.5557945251465,26.388029625551965,-4.910568065513985,198.43655395507807,200.7935485839844,201.6324615478516
2025-08-19,198.74616018238345,203.93952413425905,198.04705613412955,202.6212158203125,699004.0,200.29418334960937,204.75747985839843,210.5061363220215,37.02269450790419,-4.801266154303079,197.9871368408203,198.43655395507807,200.7935485839844
2025-08-20,202.7610327368077,205.2378649913468,201.93208965289253,203.55001831054688,424492.0,200.67769470214844,203.99545288085938,209.40304565429688,38.927138727330686,-4.586822963628549,202.6212158203125,197.9871368408203,198.43655395507807
2025-08-21,204.2291658637319,204.29906864996008,201.26295306298584,202.12185668945312,268783.0,200.9433563232422,203.33030395507814,208.29945602416993,37.07080982954215,-4.480467852804082,203.55001831054688,202.6212158203125,197.9871368408203
2025-08-22,202.12184803983848,202.47139243467197,198.7461547064317,199.3553771972656,365164.0,201.1271209716797,202.48538208007812,207.09149856567382,33.71666484009285,-4.566769559052801,202.12185668945312,203.55001831054688,202.6212158203125
2025-08-25,199.3953218920099,202.13183225513365,198.6762390993544,199.95462036132807,481197.0,201.52061767578124,201.64845275878906,206.25456771850585,35.0867372286143,-4.534539024546945,199.3553771972656,202.12185668945312,203.55001831054688
2025-08-26,200.1244012318352,200.45398211433815,192.0047669393005,194.1719970703125,705364.0,199.83077392578122,200.0624786376953,205.32425537109376,28.88259355922642,-4.9189034093365365,199.95462036132807,199.3553771972656,202.12185668945312
2025-08-27,194.1719970703125,194.1719970703125,194.1719970703125,194.1719970703125,0.0,197.95516967773435,199.3164321899414,204.42040939331054,28.88259355922642,-5.163987717541033,194.1719970703125,199.95462036132807,199.3553771972656
2025-08-28,194.1719998608563,195.39044487210847,190.85624271170505,192.3343505859375,469427.0,195.99766845703124,198.47051239013672,203.45514221191405,27.11548713178132,-5.443749356995681,194.1719970703125,194.1719970703125,199.95462036132807
2025-08-29,192.75381125978376,193.95227750472569,189.7576380277664,190.6365203857422,512883.0,194.25389709472657,197.6905090332031,202.30311431884766,25.559534311419156,-5.7363382431139485,192.3343505859375,194.1719970703125,194.1719970703125
2025-09-01,190.78631686434957,196.24934043556965,190.706417085326,193.5228271484375,378836.0,192.96753845214843,197.24407806396485,201.4077583312988,32.636344913841185,-5.6699564805914235,190.6365203857422,192.3343505859375,194.1719970703125
2025-09-02,194.3517748988293,199.0457765445644,193.75253416136317,195.9397430419922,632962.0,193.3210876464844,196.5759307861328,200.6667053222656,37.95541947417101,-5.360530681059828,193.5228271484375,190.6365203857422,192.3343505859375
2025-09-03,195.92974047913535,198.2467883429056,195.7499774065969,196.44908142089844,295352.0,193.77650451660156,195.86583709716797,199.93064498901364,39.04768984369887,-5.01638340982106,195.9397430419922,193.5228271484375,190.6365203857422
2025-09-04,197.34794618198777,201.84220595115863,196.4590820816581,201.1231231689453,999197.0,195.5342590332031,195.76596374511718,199.54813385009766,48.08058481540584,-4.316727563167916,196.44908142089844,195.9397430419922,193.5228271484375
2025-09-05,201.7423355970361,201.7922748665836,198.14692154017055,198.71620178222656,491007.0,197.1501953125,195.7020462036133,199.0937141418457,44.42918694516122,-3.911375798911024,201.1231231689453,196.44908142089844,195.9397430419922
2025-09-08,199.6350139792156,200.74359864098508,197.24806334126643,200.04449462890625,302330.0,198.45452880859375,195.7110336303711,198.67974319458008,46.8290182117604,-3.4432577417220784,198.71620178222656,201.1231231689453,196.44908142089844
2025-09-09,200.04450776474735,200.72363306698287,195.8498681775106,196.3392333984375,439035.0,198.5344268798828,195.9277572631836,197.99511795043946,41.451478087933225,-3.33283557009608,200.04449462890625,198.71620178222656,201.1231231689453
2025-09-10,196.9983911784855,198.34667523665385,194.45164086823695,194.71131896972656,498962.0,198.18687438964844,195.981689453125,197.6490608215332,39.31534586656185,-3.33820356019973,196.3392333984375,200.04449462890625,198.71620178222656
2025-09-11,195.70003837948485,197.69748713097607,195.29055772799128,196.50900268554688,328135.0,197.26405029296876,196.39915466308594,197.4348335266113,42.81964637599991,-3.160962075854229,194.71131896972656,196.3392333984375,200.04449462890625
2025-09-12,196.74871167600577,198.077016989644,195.35050357708408,195.7400054931641,753916.0,196.66881103515624,196.9095031738281,197.3000061035156,41.710064198914836,-3.047419810578674,196.50900268554688,194.71131896972656,196.3392333984375
2025-09-15,196.88999938964844,197.13999938964844,193.3999938964844,194.6999969482422,746087.0,195.59991149902345,197.0272201538086,197.13564910888672,40.193135662031665,-3.0066974090537144,195.7400054931641,196.50900268554688,194.71131896972656
2025-09-16,195.30999755859372,196.0,193.8999938964844,194.72000122070312,866138.0,195.27606506347655,196.90524597167968,196.74058837890624,40.23815703986602,-2.938932253257434,194.6999969482422,195.7400054931641,196.50900268554688
2025-09-17,195.0,220.0,195.0,204.0800018310547,69098371.0,197.1498016357422,197.6683380126953,196.76708755493163,56.672961833165076,-2.105681073921687,194.72000122070312,194.6999969482422,195.7400054931641
2025-09-18,207.9499969482422,210.0,205.1000061035156,207.5200042724609,8481637.0,199.352001953125,198.3080261230469,197.03699493408203,60.92597100801678,-1.1544364386727182,204.0800018310547,194.72000122070312,194.6999969482422
2025-09-19,206.5200042724609,207.0,203.1000061035156,204.0800018310547,1872467.0,201.02000122070314,198.8444061279297,197.2732261657715,55.10114903138525,-0.6704194811547666,207.5200042724609,204.0800018310547,194.72000122070312
2025-09-22,207.0,214.0,203.97999572753903,209.7100067138672,4984971.0,204.02200317382812,199.8109573364258,197.76099548339843,61.57584304316584,0.16555339052837326,204.0800018310547,207.5200042724609,204.0800018310547
2025-09-23,209.6499938964844,209.97000122070312,205.6699981689453,206.3500061035156,2165827.0,206.34800415039064,200.81203460693357,198.3698959350586,56.35289702086519,0.5505970060865479,209.7100067138672,204.0800018310547,207.5200042724609
2025-09-24,208.0,208.22000122070312,204.0,207.38999938964844,1434077.0,207.01000366210937,202.07990264892578,199.0307960510254,57.553025587174155,0.9289571720861431,206.3500061035156,209.7100067138672,204.0800018310547
2025-09-25,207.5500030517578,208.0500030517578,200.00999450683597,200.91000366210935,1264461.0,205.68800354003906,202.52000274658204,199.45957870483397,48.588371077632075,0.6978840569592251,207.38999938964844,206.3500061035156,209.7100067138672
2025-09-26,201.75999450683597,201.7899932861328,194.8500061035156,198.08999633789065,1252693.0,204.49000244140626,202.75500183105467,199.8322525024414,45.282712248699966,0.28393292315334406,200.91000366210935,207.38999938964844,206.3500061035156
2025-09-29,198.9900054931641,204.9499969482422,193.32000732421875,197.0800018310547,2676715.0,201.96400146484376,202.99300231933591,200.01011123657227,44.124835722417245,-0.12419283092253863,198.08999633789065,200.91000366210935,207.38999938964844
