Date,Open,High,Low,Close,Volume,MA_5,MA_10,MA_20,RSI,MACD,Close_Lag1,Close_Lag2,Close_Lag3
2021-07-22,419.6403877873156,443.1716244856697,403.07048126319415,431.896240234375,9450575.0,405.98247680664065,402.77634582519534,380.99034729003904,72.54533505046594,15.611246058366817,431.2589111328125,386.1083984375,393.6580200195313
2021-07-23,432.3864961681603,444.0540623026804,410.5710777106964,414.9831848144531,4378428.0,411.58095092773436,404.8157196044922,384.03224792480466,62.84514064820238,15.74305754413831,431.896240234375,431.2589111328125,386.1083984375
2021-07-26,415.7185583151015,415.7185583151015,394.7365427240674,397.62890625,3491888.0,412.3751281738281,403.17833557128904,386.03485412597655,54.7548728464633,14.282533694012784,414.9831848144531,431.896240234375,431.2589111328125
2021-07-27,400.03099896435685,407.3354985366004,386.1573808424201,388.8536682128906,2330599.0,412.92418212890624,401.95274963378904,388.44190368652346,51.167917562878884,12.2754657207945,397.62890625,414.9831848144531,431.896240234375
2021-07-28,392.6285186187055,416.0126622020442,387.7751888628149,410.5710754394531,4790986.0,408.7866149902344,403.5901336669922,391.8563858032227,58.42652440562726,12.2955279624627,388.8536682128906,397.62890625,414.9831848144531
2021-07-29,412.5320495028207,430.3765850625188,407.9728777564338,426.8959045410156,2548002.0,407.7865478515625,406.88451232910154,396.42046813964845,62.89175412048839,13.473391835547147,410.5710754394531,388.8536682128906,397.62890625
2021-07-30,424.3956939113063,435.27889762228114,418.3658200740755,430.6706848144531,1833069.0,410.9240478515625,411.25249938964845,401.0433746337891,63.85838950842875,14.543798802533729,426.8959045410156,410.5710754394531,388.8536682128906
2021-08-02,434.0042709266077,445.37770876941454,426.9939288257128,430.6706848144531,2478124.0,417.53240356445315,414.9537658691406,404.07301940917966,63.85838950842876,15.216695442736523,430.6706848144531,426.8959045410156,410.5710754394531
2021-08-03,434.3474389798891,438.0732063975659,423.7583937453744,427.5331726074219,909060.0,425.2683044433594,419.0962432861328,406.67126007080077,62.29415213484071,15.320198156377387,430.6706848144531,430.6706848144531,426.8959045410156
2021-08-04,431.1608468162996,431.1608468162996,412.77706994806624,413.7085266113281,1674935.0,425.8957946777344,417.34120483398436,408.33560333251955,55.80736706589884,14.123880110038613,427.5331726074219,430.6706848144531,430.6706848144531
2021-08-05,416.6009442339628,416.6989970410991,400.0310371594552,401.5017395019531,1476251.0,420.81696166992185,414.3017547607422,408.53905029296874,50.77930093027431,12.051877197657348,413.7085266113281,427.5331726074219,430.6706848144531
2021-08-06,402.18805005738994,414.2477964225048,400.0310081429158,403.4136352539063,1736766.0,415.3655517578125,413.1447998046875,408.98025970458986,51.51610910311741,10.443685663068322,401.5017395019531,413.7085266113281,427.5331726074219
2021-08-09,419.3462502714246,477.1938725764663,418.9050276242212,468.4676818847656,13161558.0,422.924951171875,420.2286773681641,411.70350646972656,68.69040391466083,14.254186777027826,403.4136352539063,401.5017395019531,413.7085266113281
2021-08-10,471.8503159428353,548.4739288482186,464.7419215727874,479.7921142578125,20850838.0,433.3767395019531,429.32252197265626,415.6376358032227,70.6400827823434,17.980554770406968,468.4676818847656,403.4136352539063,401.5017395019531
2021-08-11,488.0770576098215,512.6868453163997,469.0069690876392,489.1555786132813,7578893.0,448.4661499023438,437.18097229003905,420.38555297851565,72.1825223907037,21.442110271976105,479.7921142578125,468.4676818847656,403.4136352539063
2021-08-12,493.8618397245994,498.8131921200352,477.34094472364274,481.6549987792969,1918516.0,464.4968017578125,442.65688171386716,424.77069702148435,69.05299455385509,23.31146379474535,489.1555786132813,479.7921142578125,468.4676818847656
2021-08-13,484.4983861747345,507.2943032108878,484.4983861747345,491.99896240234375,2797664.0,482.2138671875,448.7897094726562,430.02110443115237,70.92514664625631,25.335558794824806,481.6549987792969,489.1555786132813,479.7921142578125
2021-08-16,493.665747750123,531.4137741421383,483.41984290368407,506.1667175292969,5838267.0,489.75367431640626,456.3393127441406,435.64653930664065,73.30701814788813,27.762855186269917,491.99896240234375,481.6549987792969,489.1555786132813
2021-08-17,505.3333326113668,513.5692295593769,484.3512892608316,486.6553955078125,2846613.0,491.12633056640624,462.2515350341797,440.67388916015625,65.3652360446124,27.791738577440185,506.1667175292969,491.99896240234375,481.6549987792969
2021-08-18,489.20463765400376,494.89134144644623,455.03531369167456,464.496826171875,3623680.0,486.194580078125,467.3303649902344,442.3357849121094,57.71770621592925,25.730017884721747,486.6553955078125,506.1667175292969,491.99896240234375
2021-08-20,458.46697940819513,483.370868045292,453.9568192798585,457.2413940429688,2441515.0,481.3118591308594,472.9043304443359,443.60304260253906,55.430884008972406,23.242709162083997,464.496826171875,486.6553955078125,506.1667175292969
2021-08-23,462.9280556614773,471.507152430302,429.5921367883299,436.5044555664063,2657952.0,470.21295776367185,476.2134124755859,444.6791061401367,49.405747996514336,19.374860123002918,457.2413940429688,464.496826171875,486.6553955078125
2021-08-24,439.8870552572876,447.58373666953327,431.6021168578252,441.3577575683594,2849668.0,457.25116577148435,473.50242004394534,446.8655487060547,50.754883527866944,16.51085593444276,436.5044555664063,457.2413940429688,464.496826171875
2021-08-25,448.0739824529092,481.5569666234568,446.3581630452667,463.1731872558594,4691070.0,452.5547241210937,471.84052734375,450.58152465820314,56.384816712660516,15.819082303839252,441.3577575683594,436.5044555664063,457.2413940429688
2021-08-26,465.7224410412041,474.5466557135638,457.0452906290802,462.2908020019531,2658679.0,452.1135192871094,469.1540496826172,453.1675109863281,56.105418238801896,15.026430267541002,463.1731872558594,441.3577575683594,436.5044555664063
2021-08-27,461.8005086820641,469.54620125102736,458.0747415997316,464.9380187988281,1346020.0,453.65284423828126,467.4823516845703,455.0696166992187,56.79707552115681,14.445339211302553,462.2908020019531,463.1731872558594,441.3577575683594
2021-08-30,473.56611917386033,511.51024876571296,473.56611917386033,502.6370239257813,5769574.0,466.8793579101563,468.54615783691406,458.66793365478514,65.20551674206594,16.832777234789432,464.9380187988281,462.2908020019531,463.1731872558594
2021-08-31,500.03881364792943,508.66692238540463,486.70443929968127,490.3321838378906,2502460.0,476.6742431640625,466.96270446777345,461.65100860595703,61.03030365175486,17.52986790447261,502.6370239257813,464.9380187988281,462.2908020019531
2021-09-01,490.3321219125249,503.0781777879863,486.31219656148426,488.71435546875,1701574.0,481.7824768066406,467.16860046386716,464.71006774902344,60.481949367729,17.747193454925764,490.3321838378906,502.6370239257813,464.9380187988281
2021-09-02,488.76342554408046,501.0192787422771,483.370850136874,484.89056396484375,1525755.0,486.30242919921875,469.2079742431641,468.26916961669923,59.12966639583752,17.410183741095466,488.71435546875,490.3321838378906,502.6370239257813
2021-09-03,486.3122122904159,528.2762379952575,481.4098714407141,515.43212890625,8377452.0,496.4012512207031,475.0270477294922,473.96568908691404,65.72199825299765,19.384102294063155,484.89056396484375,488.71435546875,490.3321838378906
2021-09-06,522.0012903541394,550.9251020733344,517.0008666595796,538.0319213867188,5941536.0,503.4802307128906,485.17979431152344,480.6966033935547,69.62616498775732,22.512550676806654,515.43212890625,484.89056396484375,488.71435546875
2021-09-07,539.6987910542653,549.9446968214829,530.0411423334854,538.1790771484375,3524987.0,513.049609375,494.86192626953124,484.18217315673826,69.65040446620081,24.71879986163674,538.0319213867188,515.43212890625,484.89056396484375
2021-09-08,541.1204174546358,541.1204174546358,515.8242903036235,534.2080688476562,3217349.0,522.1483520507812,501.9654144287109,486.9029708862305,68.07170849935972,25.848871354399876,538.1790771484375,538.0319213867188,515.43212890625
2021-09-09,534.8454007210242,559.8473397098164,534.5512722309385,539.7477416992188,4521235.0,533.1197875976562,509.7111083984375,489.43257904052734,69.12312831138516,26.881592194673374,534.2080688476562,538.1790771484375,538.0319213867188
2021-09-13,542.1990454267047,577.7900377058163,535.3357663706705,572.0543212890625,5695633.0,544.4442260742187,520.422738647461,493.9525451660156,74.41467830742363,29.96152407732916,539.7477416992188,534.2080688476562,538.1790771484375
2021-09-14,575.9761284211247,585.1434833056495,556.121644876715,560.827880859375,3046264.0,549.00341796875,526.2418243408204,497.3939910888672,69.92982898768523,31.13757775080427,572.0543212890625,539.7477416992188,534.2080688476562
2021-09-15,564.1613811444458,577.7898521298032,556.1215305781708,571.0736694335938,3207889.0,555.5823364257812,534.3159729003906,500.639338684082,71.61142196215592,32.521470996617836,560.827880859375,572.0543212890625,539.7477416992188
2021-09-16,572.7405392236864,598.0856189758606,571.1717541533405,573.9170532226562,4361456.0,563.5241333007813,542.8362426757812,505.0024215698242,72.07808664841511,33.46192542597964,571.0736694335938,560.827880859375,572.0543212890625
2021-09-17,577.4958421406646,580.6823641898279,549.307377859605,559.2591552734375,2113066.0,567.426416015625,550.2731018066406,509.7405380249023,66.05031125986613,32.64812520886409,573.9170532226562,571.0736694335938,560.827880859375
2021-09-20,552.9841920987017,568.6716869100123,545.2384675983996,555.0431518554688,1784926.0,564.0241821289062,554.2342041015625,514.6306259155274,64.38254233521457,31.30215467825053,559.2591552734375,573.9170532226562,571.0736694335938
2021-09-21,558.6708343628034,561.5142164157799,536.4632629162097,551.8075561523438,2457993.0,562.2201171875,555.611767578125,520.3957809448242,63.06641730664071,29.632789452269776,555.0431518554688,559.2591552734375,573.9170532226562
2021-09-22,554.5528005369089,572.593439697466,550.0916821106118,563.5731201171875,1786786.0,560.7200073242187,558.151171875,526.5065490722657,65.80388485475956,28.925750124810747,551.8075561523438,555.0431518554688,559.2591552734375
2021-09-23,569.1128509056517,576.2702577056556,560.9259044905274,563.6221923828125,1348917.0,558.66103515625,561.0925842285156,531.5289993286133,65.81526552385796,28.046078352409154,563.5731201171875,551.8075561523438,555.0431518554688
2021-09-24,565.5340475737047,567.4459725383362,544.2088641564973,547.1012573242188,1243064.0,556.2294555664063,561.8279357910156,535.7695220947265,58.728863020580825,25.719354043404223,563.6221923828125,563.5731201171875,551.8075561523438
2021-09-27,552.8859836298318,555.72930520426,537.2965169561218,549.5523681640625,1602071.0,555.131298828125,559.5777404785156,540.0002395629883,59.426855678420154,23.798854050143973,547.1012573242188,563.6221923828125,563.5731201171875
2021-09-28,552.0036591467697,553.376338719518,541.9048475110933,545.385498046875,1117400.0,553.8468872070313,558.0335021972656,542.137663269043,57.64211140293099,21.690576905903526,549.5523681640625,547.1012573242188,563.6221923828125
2021-09-29,542.1989191277949,562.5926458894929,540.2379827114195,552.2487182617188,1092189.0,551.5820068359375,556.1510070800781,545.2334899902344,59.78445842928993,20.339100107401805,545.385498046875,549.5523681640625,547.1012573242188
2021-09-30,554.3567442831946,555.7293638575401,544.0618281819692,544.9932250976562,628272.0,547.8562133789062,553.2586242675782,548.0474334716797,56.52943691517908,18.46968036776832,552.2487182617188,545.385498046875,549.5523681640625
2021-10-01,540.2380418884215,560.6807823311952,538.4732108889724,551.5624389648438,1605653.0,548.7484497070312,552.4889526367188,551.3810272216797,58.720865364094514,17.31859443731537,544.9932250976562,552.2487182617188,545.385498046875
2021-10-04,553.0820988850014,570.4363983451041,553.0330874426146,563.96533203125,1332619.0,551.6310424804688,553.3811706542969,553.8076873779297,62.5586276447007,17.20878816163315,551.5624389648438,544.9932250976562,552.2487182617188
2021-10-05,564.3575484477165,578.3292221907417,544.159924728348,573.819091796875,2312586.0,557.3177612304687,555.58232421875,555.5970458984375,65.31744072811466,17.712700967839282,563.96533203125,551.5624389648438,544.9932250976562
2021-10-06,576.5153159327024,579.9469547180161,561.8082925670723,569.7010498046875,1145894.0,560.8082275390625,556.1951171875,557.17314453125,63.22089358496691,17.57714553209587,573.819091796875,563.96533203125,551.5624389648438
2021-10-07,573.574000229764,675.542711381722,572.5935318533029,640.1968383789062,8928123.0,579.8489501953125,563.8525817871093,562.4725830078125,76.89380484487764,22.894227449817436,569.7010498046875,573.819091796875,563.96533203125
2021-10-08,644.756035471816,647.1091837134468,614.8027359821739,618.6265869140625,2400741.0,593.2617797851562,571.0051147460938,566.4165252685547,68.50226825831994,25.078425673631045,640.1968383789062,569.7010498046875,573.819091796875
2021-10-11,620.4402572640471,652.9428016264521,616.1262331435944,639.0691528320312,1912860.0,608.2825439453125,579.9567932128906,569.7672668457031,71.6589510552466,28.13464406268338,618.6265869140625,640.1968383789062,569.7010498046875
2021-10-12,638.2847290039062,647.1089418472782,622.5972395045783,638.2847290039062,1197495.0,621.1756713867187,589.2467163085937,573.6401092529297,71.36340356714443,30.145919314965795,639.0691528320312,618.6265869140625,640.1968383789062
2021-10-13,656.913621673259,734.3706009451805,656.913621673259,726.9190673828125,7037231.0,652.6192749023437,606.7137512207031,581.4323791503906,80.9327283219438,38.44870704068421,638.2847290039062,639.0691528320312,618.6265869140625
2021-10-14,733.0961342177006,797.1206999980117,704.3193547141661,740.400634765625,5972558.0,672.6600341796875,626.2544921875,589.756558227539,81.92225436449971,45.59103092424141,726.9190673828125,638.2847290039062,639.0691528320312
2021-10-18,747.1168235094357,790.2084160465986,740.253545603181,750.695556640625,2396092.0,699.073828125,646.1678039550782,599.3283782958985,82.6622003297358,51.48856014584055,740.400634765625,726.9190673828125,638.2847290039062
2021-10-19,756.3332796992014,758.1961335858966,660.8356421876834,683.9746704101562,1716466.0,708.054931640625,658.1687377929687,605.7749542236328,64.29455896436826,50.199903396277136,750.695556640625,740.400634765625,726.9190673828125
2021-10-20,678.3860233437017,680.4449827837876,617.6950131898936,630.7842407226562,4178371.0,706.554833984375,663.8652526855469,609.7237884521485,53.99424867021381,44.37508216845663,683.9746704101562,750.695556640625,740.400634765625
2021-10-21,630.6371984720807,640.6379867191941,589.2614258218096,612.9397583007812,2746143.0,683.7589721679688,668.1891235351562,612.1921203613281,51.04003315529545,37.88228537604334,630.7842407226562,683.9746704101562,750.695556640625
2021-10-22,617.4498828879844,653.433079774398,599.3112201909971,604.0664672851562,2566541.0,656.492138671875,664.5760864257812,614.2143341064453,49.5871546001854,31.655788487566724,612.9397583007812,630.7842407226562,683.9746704101562
2021-10-25,605.9293128007295,614.6555032167855,574.5543322026335,592.2027587890625,1874816.0,624.7935791015625,661.9337036132813,616.4694091796875,47.63478083908111,25.470336532660895,604.0664672851562,612.9397583007812,630.7842407226562
2021-10-26,596.1247675857011,641.2753239515034,596.1247675857011,626.8134155273438,3210594.0,613.361328125,660.7081298828125,620.3324615478516,53.39926673270173,23.094888541042906,592.2027587890625,604.0664672851562,612.9397583007812
2021-10-27,630.4410869567159,635.2454053357455,600.0465711003268,603.0369873046875,1718860.0,607.8118774414063,657.1833557128906,623.2150360107422,49.377916718291104,19.073897822827917,626.8134155273438,592.2027587890625,604.0664672851562
2021-10-28,605.9293493437077,691.6222942075218,605.9293493437077,655.344970703125,7525179.0,616.292919921875,650.0259460449219,628.3698486328125,57.04239636133876,19.878899236947063,603.0369873046875,626.8134155273438,592.2027587890625
2021-10-29,651.0309999597622,664.8555800879567,624.7544595203558,635.0493774414062,2563167.0,622.489501953125,639.4908203125,632.87265625,53.64835207963658,18.664036503633156,655.344970703125,603.0369873046875,626.8134155273438
2021-11-01,640.932065120021,656.7175789765034,632.5980855394993,635.735595703125,1838861.0,631.1960693359375,627.99482421875,637.0813140869141,53.74855727301676,17.554266457058475,635.0493774414062,655.344970703125,603.0369873046875
2021-11-02,640.2457863792949,656.1293844724725,635.7356562317542,636.6670532226562,1857969.0,633.166796875,623.2640625,640.7164001464844,53.894259275360064,16.559044183299534,635.735595703125,635.0493774414062,655.344970703125
2021-11-03,641.2262521264619,642.6479430944316,623.2346832096686,630.9803466796875,1127716.0,638.75546875,623.2836730957031,643.574462890625,52.80065057326028,15.136964168427653,636.6670532226562,635.735595703125,635.0493774414062
2021-11-04,630.9803466796875,630.9803466796875,630.9803466796875,630.9803466796875,0.0,633.8825439453125,625.0877319335938,646.638427734375,52.80065057326027,13.850297898446229,630.9803466796875,636.6670532226562,635.735595703125
2021-11-08,655.9332258157006,666.4732589659528,643.8244674826226,653.2859497070312,1739351.0,637.5298583984375,630.0096801757812,647.2928833007812,56.78936224727113,14.463752225873463,630.9803466796875,630.9803466796875,636.6670532226562
2021-11-09,654.9527680839648,683.9255918891329,648.481701797593,671.5717163085938,2961288.0,644.6970825195312,637.9465759277343,649.9401397705078,59.78936369294237,16.238243382519386,653.2859497070312,630.9803466796875,630.9803466796875
2021-11-10,666.7184482519849,687.3082826832962,663.0907035502418,673.2385864257812,1784031.0,652.0113891601562,642.5890930175781,651.6486114501953,60.061568048212784,17.576432721063043,671.5717163085938,653.2859497070312,630.9803466796875
2021-11-11,673.5816089218469,699.4659916298531,673.5816089218469,681.4253540039062,2305663.0,662.100390625,650.4279296875,653.8056427001953,61.44215038495467,19.077645910244655,673.2385864257812,671.5717163085938,653.2859497070312
2021-11-12,687.3082164476525,689.3671757551481,657.1098074938797,666.6693725585938,1816218.0,669.2381958007812,651.5603698730469,650.7931579589844,57.57871549175155,18.859285690629918,681.4253540039062,673.2385864257812,671.5717163085938
2021-11-15,671.7186924234923,686.3276915085269,670.6402014169033,676.817138671875,1495935.0,673.94443359375,655.7371459960938,647.6139831542969,59.46631689147826,19.282793519733218,666.6693725585938,681.4253540039062,673.2385864257812
2021-11-16,682.2097266422907,706.8195131073672,678.9741937166506,698.6815795898438,2855058.0,679.36640625,662.0317443847656,645.0132843017578,63.25966104205091,21.139026638330506,676.817138671875,666.6693725585938,681.4253540039062
2021-11-17,694.5637828098065,711.8200013290535,693.7793602782649,697.0149536132812,1717766.0,684.1216796875,668.0665344238281,645.6652984619141,62.777387023066865,22.219489526413668,698.6815795898438,676.817138671875,666.6693725585938
2021-11-18,699.7601293710178,705.8880552975487,676.5230222890075,696.1323852539062,2185044.0,687.0630859375,674.58173828125,648.9327056884765,62.50562984016101,22.742388164746103,697.0149536132812,698.6815795898438,676.817138671875
2021-11-22,702.4074591913865,709.6628881388353,668.042000086282,682.7490234375,2997923.0,690.2790161132813,679.7586059570312,652.4231689453125,58.378640716496214,21.825275463957155,696.1323852539062,697.0149536132812,698.6815795898438
2021-11-23,676.523152666134,734.3707845607745,674.464193095235,724.27197265625,3179965.0,699.7699829101563,686.8572082519531,658.4334442138672,65.90113361151077,24.170390801712756,682.7490234375,696.1323852539062,697.0149536132812
2021-11-24,733.4882781606981,754.3722998817835,719.7127111365555,727.3603515625,2527904.0,705.5057373046875,692.4360717773437,665.1913238525391,66.38773172035009,25.978652237755227,724.27197265625,682.7490234375,696.1323852539062
2021-11-25,733.2923019600379,759.8629702736828,730.4489198114757,745.10693359375,2012494.0,715.1241333007813,699.6229064941406,671.1059997558593,69.11510990539279,28.515010023611808,727.3603515625,724.27197265625,682.7490234375
2021-11-26,730.4489067609932,753.4899125447292,710.8885515844905,715.0555419921875,2200440.0,718.9087646484375,702.9859252929688,676.7069274902344,60.206222488290834,27.77996553977232,745.10693359375,727.3603515625,724.27197265625
2021-11-29,710.8395461676982,733.1942123406402,662.9927031666732,728.9782104492188,2865447.0,728.1546020507812,709.2168090820312,680.3885894775391,62.61080226982047,27.99813540182913,715.0555419921875,745.10693359375,727.3603515625
2021-11-30,735.3511952181324,755.8920172398323,722.1638851486139,733.6843872070312,1737253.0,730.0370849609375,714.9035339355469,685.3203399658203,63.41553409966743,28.22542064307447,728.9782104492188,715.0555419921875,745.10693359375
2021-12-01,743.8322061181752,751.0386232790065,726.7720359080465,730.1546630859375,1408465.0,730.595947265625,718.0508422851562,690.041293334961,62.33192465537063,27.800262476064518,733.6843872070312,728.9782104492188,715.0555419921875
2021-12-02,734.1746269533014,752.0191613957046,731.4783392168762,744.1264038085938,1741210.0,730.3998413085938,722.7619873046875,695.4142608642578,64.88939100261229,28.264904055558418,730.1546630859375,733.6843872070312,728.9782104492188
2021-12-03,752.3132937428151,796.6304716415096,748.4895033847564,751.430908203125,3977053.0,737.6749145507813,728.2918395996094,701.4367889404297,66.18212087650022,28.889527819619616,744.1264038085938,730.1546630859375,733.6843872070312
2021-12-06,756.3333045344417,756.8725501550593,734.027649707391,737.0670776367188,1219012.0,739.2926879882813,733.7236450195312,706.7411254882812,61.39507940039872,27.903847386511302,751.430908203125,744.1264038085938,730.1546630859375
2021-12-07,744.2733775182749,762.8042502073092,740.4495874911764,745.695068359375,2180750.0,741.69482421875,735.8659545898438,711.3615814208985,63.12065423006617,27.501870838316222,737.0670776367188,751.430908203125,744.1264038085938
2021-12-08,756.921447898813,762.8042570793737,748.832585275542,756.3331909179688,1162024.0,746.9305297851563,738.7632385253906,715.5996551513672,65.18686342941189,27.722145475164552,745.695068359375,737.0670776367188,751.430908203125
2021-12-09,766.7261319504571,801.9249642470314,757.509706938649,760.8433227539062,5381019.0,750.2739135742188,740.3368774414063,719.9798919677735,66.05517109987461,27.938586029691123,756.3331909179688,745.695068359375,737.0670776367188
2021-12-10,762.7553148512249,776.5308822971057,760.1080385111504,773.8836059570312,1666681.0,754.764453125,746.2196838378907,724.6028045654297,68.50143717343943,28.83002402987222,760.8433227539062,756.3331909179688,745.695068359375
2021-12-13,782.1195789921742,813.2984591275526,779.8645138589208,806.6312866210938,4051746.0,768.677294921875,753.9849914550781,731.6009002685547,73.63912880706661,31.812247427376633,773.8836059570312,760.8433227539062,756.3331909179688
2021-12-14,806.3370840180663,823.4952777819464,779.4722309876933,783.9823608398438,3330102.0,776.3347534179687,759.0147888183594,736.9591613769531,65.66205662479541,31.979462591847323,806.6312866210938,773.8836059570312,760.8433227539062
2021-12-15,789.9632520122034,794.1302419218289,775.2562288017604,781.1390380859375,1914028.0,781.2959228515625,764.1132263183594,741.0820343017579,64.71429667854918,31.51921553416264,783.9823608398438,806.6312866210938,773.8836059570312
2021-12-16,791.1398160481028,791.4829559815549,760.9413475552436,764.2749633789062,1694604.0,781.9822509765625,766.1280822753906,744.445034790039,59.25162412093425,29.45414745781852,781.1390380859375,783.9823608398438,806.6312866210938
2021-12-17,763.3926299604509,783.2961852509139,726.7721611888585,741.0869750976562,12307302.0,775.4229248046875,765.0936889648438,746.6927642822266,52.66837768482971,25.650802777759054,764.2749633789062,781.1390380859375,783.9823608398438
2021-12-20,738.2926401159446,740.5477052685412,676.523136361224,685.5924682617188,3720125.0,751.2151611328125,759.9462280273438,746.8349365234375,40.943749638518746,17.95174525771995,741.0869750976562,764.2749633789062,781.1390380859375
2021-12-21,700.0543800620436,714.5162877734094,690.4458025003877,695.4461669921875,1682321.0,733.5079223632813,754.921337890625,745.3936462402344,43.35501264853663,12.50119188282406,685.5924682617188,741.0869750976562,764.2749633789062
2021-12-22,700.8386739929216,708.8785253919762,680.4449469184391,682.50390625,1580443.0,713.7808959960937,747.5384094238282,743.1508239746094,40.98784328974996,7.055920525533679,695.4461669921875,685.5924682617188,741.0869750976562
2021-12-23,689.1710783748026,697.1128463581279,678.3859288530876,684.8569946289062,1653715.0,697.8973022460938,739.9397766113282,740.1383270263672,41.612046565650864,2.8969836857968403,682.50390625,695.4461669921875,685.5924682617188
2021-12-24,690.0045212257623,703.7800879757662,666.8654947886547,698.8287353515625,2108002.0,689.445654296875,732.4342895507813,739.3269866943359,45.311021035508055,0.720098143242808,684.8569946289062,682.50390625,695.4461669921875
2021-12-27,698.0934413563068,702.0153146223535,680.8372229229162,690.7889404296875,1256299.0,690.4849487304688,720.8500549316407,737.4175231933593,43.59936164102751,-1.6349963712524413,698.8287353515625,684.8569946289062,682.50390625
2021-12-28,694.6617529253916,717.7027567274336,691.7203481847055,714.6142578125,1299478.0,694.3185668945313,713.9132446289062,736.4640167236328,49.667312145315606,-1.560928335020094,690.7889404296875,698.8287353515625,684.8569946289062
2021-12-29,715.7418111454975,720.2519410867359,692.4556905774077,695.544189453125,1025937.0,696.9266235351563,705.353759765625,734.7334930419922,45.45218202359408,-3.0063684796313055,714.6142578125,690.7889404296875,698.8287353515625
2021-12-30,695.9363477990861,713.4867533083499,695.8873363554801,709.025634765625,939497.0,701.7603515625,699.8288269042969,732.9784545898438,48.76269643105371,-3.0291322890316223,695.544189453125,714.6142578125,690.7889404296875
2021-12-31,710.8395459552336,734.0766575640331,707.8981409374878,729.0272216796875,1533044.0,707.800048828125,698.6228515625,731.8582702636719,53.29191086547304,-1.4168789694739417,709.025634765625,695.544189453125,714.6142578125
2022-01-03,729.0270978776168,735.3511295604422,722.1638206683859,726.085693359375,801634.0,714.8593994140625,702.6721740722656,731.3092010498046,52.55612203222974,-0.37222259970872074,729.0272216796875,709.025634765625,695.544189453125
2022-01-04,730.4488574533137,763.5396613983464,729.4683891882758,739.420166015625,2515125.0,719.8205810546875,707.0695739746094,730.9954559326172,55.55204846425581,1.5142008374970146,726.085693359375,729.0272216796875,709.025634765625
2022-01-05,738.2926578043297,740.2535944784447,721.6246960743514,724.02685546875,859528.0,725.5171142578125,711.2218688964844,729.3801391601562,51.5084302135035,1.7469556710273082,739.420166015625,726.085693359375,729.0272216796875
2022-01-06,717.7028197109136,720.6442247097287,703.9762630497759,717.9969482421875,1238144.0,727.311376953125,714.5358642578125,727.2378204345703,49.97389604929208,1.428386879554182,724.02685546875,739.420166015625,726.085693359375
2022-01-07,720.7421879804339,729.8605905968465,712.9475132528396,719.810791015625,802851.0,725.4680908203125,716.6340698242187,724.5341796875,50.45208258616147,1.3072120433232612,717.9969482421875,724.02685546875,739.420166015625
2022-01-10,723.5855111205311,733.1940872399759,719.5656155515172,725.0562133789062,893975.0,725.2621948242188,720.0607971191406,720.4554260253906,51.884441010880536,1.6158157414288326,719.810791015625,717.9969482421875,724.02685546875
2022-01-11,725.5464563847651,753.9800337295735,725.5464563847651,741.3319702148438,1570079.0,725.6445556640625,722.732568359375,718.3229064941406,56.12291463821511,3.1375363836499446,725.0562133789062,719.810791015625,717.9969482421875
2022-01-12,748.097288782118,760.9413991608228,726.5269868775222,744.567626953125,2075189.0,729.7527099609375,727.634912109375,716.4943359375,56.935096636939825,4.552127323103036,741.3319702148438,725.0562133789062,719.810791015625
2022-01-13,744.1754731310535,744.5676844058875,731.4293846584532,737.0670776367188,805465.0,733.5667358398438,730.4390563964844,715.1339416503906,54.42036109577736,5.010214554435947,744.567626953125,741.3319702148438,725.0562133789062
2022-01-14,734.3217196051642,751.0386915676653,730.5959521639052,741.4791259765625,605337.0,737.9004028320312,731.6842468261718,715.1535491943359,55.66095729004705,5.663976616870059,737.0670776367188,744.567626953125,741.3319702148438
2022-01-17,748.0972934860333,779.2761726482992,747.1168252114776,755.2056884765625,1816236.0,743.9302978515625,734.5962463378906,718.6342102050781,59.36648581922425,7.206633057616386,741.4791259765625,737.0670776367188,744.567626953125
2022-01-18,758.8823836639608,774.3737691913376,749.0777017044782,755.6468505859375,1800340.0,746.7932739257812,736.2189147949218,721.6442443847657,59.48368239208808,8.368332567694097,755.2056884765625,741.4791259765625,737.0670776367188
2022-01-19,755.8919487771772,755.8919487771772,722.6540538265273,724.9091186523438,1244871.0,742.861572265625,736.3071411132812,723.7645050048828,48.90078357451522,6.731117584389153,755.6468505859375,755.2056884765625,741.4791259765625
2022-01-20,724.8601063109982,730.2526812474757,705.9370825934191,721.7716674804688,1261565.0,739.802490234375,736.6846130371093,725.610238647461,47.96278743085753,5.12141039476262,724.9091186523438,755.6468505859375,755.2056884765625
2022-01-21,705.98601122884,710.6432344913743,679.611456447879,688.4356689453125,2285011.0,729.193798828125,733.5471008300781,725.0905853271485,39.330337240907,1.1425982075525098,721.7716674804688,724.9091186523438,755.6468505859375
2022-01-24,690.1516476794623,690.1516476794623,594.9481415855859,638.4319458007812,5574120.0,705.8390502929688,724.8846740722656,722.4727355957032,30.47117864337298,-5.976626841905841,688.4356689453125,721.7716674804688,724.9091186523438
2022-01-25,619.0186142047334,634.1668608439555,604.7528129398478,614.9987182617188,3610984.0,677.709423828125,712.2513488769531,717.4919586181641,27.36083352080753,-13.355574854233964,638.4319458007812,688.4356689453125,721.7716674804688
2022-01-27,602.9879704358633,609.6551425306127,588.2809467666958,591.1243286132812,3135738.0,650.9524658203125,696.9070190429687,712.2709655761719,24.605145111309255,-20.889111361725554,614.9987182617188,638.4319458007812,688.4356689453125
2022-01-28,599.5563424889482,643.1871801680295,599.3112254233354,613.23388671875,3524513.0,629.2449096679687,684.5236999511719,707.4813781738281,31.487010483633625,-24.789676795230207,591.1243286132812,614.9987182617188,638.4319458007812
2022-01-31,630.4411613849978,637.1573457766889,623.0876486161216,629.8038330078125,1175644.0,617.5185424804688,673.3561706542969,702.5202087402344,36.188032846626925,-26.24135283779185,613.23388671875,591.1243286132812,614.9987182617188
2022-02-01,640.8339910028405,655.9822366477375,630.441052029458,650.932861328125,1886495.0,620.0187255859375,662.9288879394531,698.7625671386719,41.68291421120778,-25.39415257393,629.8038330078125,613.23388671875,591.1243286132812
2022-02-02,627.499711378203,666.6204204466521,627.499711378203,662.4534301757812,2360278.0,629.50966796875,653.6095458984375,694.9142303466797,44.48969738347136,-23.521979894180504,650.932861328125,629.8038330078125,613.23388671875
2022-02-03,667.2086820807738,685.8375798905236,657.2078933932482,673.04248046875,1969604.0,645.8932983398438,648.4228820800781,692.3650115966797,47.01400299134058,-20.94241062149979,662.4534301757812,650.932861328125,629.8038330078125
2022-02-04,674.5621919214526,676.0328943747697,654.7567202481748,668.7283935546875,895020.0,656.9921997070312,643.1185546875,689.9015838623047,46.09433212973424,-19.026864299905924,673.04248046875,662.4534301757812,650.932861328125
2022-02-07,667.6498288677553,670.3461164020422,642.206667257424,646.9619140625,846598.0,660.4238159179688,638.9711791992188,686.2591400146484,41.66571606547589,-19.045607120826958,668.7283935546875,673.04248046875,662.4534301757812
2022-02-08,655.1978513947225,658.5804785332672,609.9002101938893,613.184814453125,1824482.0,652.8742065429688,636.4464660644531,680.6655700683593,35.90136627309762,-21.53771719584836,646.9619140625,668.7283935546875,673.04248046875
2022-02-09,623.0875911253818,637.3043811667949,615.4399505199871,635.3924560546875,995602.0,647.46201171875,638.48583984375,675.3685943603516,41.6200966023104,-21.473231261386104,613.184814453125,646.9619140625,668.7283935546875
2022-02-10,638.9712486772902,642.8931221571654,624.7544573127423,630.4901733398438,447740.0,638.9515502929687,642.4224243164062,669.6647216796875,40.75568684901193,-21.569064192989913,635.3924560546875,613.184814453125,646.9619140625
2022-02-11,620.398792262317,626.1905138142198,615.9813957984239,620.1533813476562,658919.0,629.2365478515625,643.1143737792969,663.8190368652344,38.92014967949351,-22.222933068204497,630.4901733398438,635.3924560546875,613.184814453125
2022-02-14,558.1134252773325,610.4841443285342,558.1134252773325,592.52001953125,1723385.0,618.3481689453125,639.3859924316406,656.3710815429688,34.45296233806796,-24.686341442194816,620.1533813476562,630.4901733398438,635.3924560546875
2022-02-15,609.6007961937489,647.5904230119679,584.667019855338,640.3753051757812,1867264.0,623.7862670898437,638.3302368164062,650.6295623779297,46.01016079488283,-22.517520755675264,592.52001953125,620.1533813476562,630.4901733398438
2022-02-16,647.8847300113963,655.3943269842531,630.6078278436656,639.2953491210938,1181020.0,624.566845703125,636.0144287109375,644.8119873046875,45.813844164830016,-20.647842686489298,640.3753051757812,592.52001953125,620.1533813476562
2022-02-17,640.6206315970617,651.4678420234734,638.0683820348321,645.087158203125,886645.0,627.4862426757812,633.218896484375,640.8208892822265,47.117046586640996,-18.48566748971143,639.2953491210938,640.3753051757812,592.52001953125
2022-02-18,635.1234854849544,650.8297849714447,632.2276245341772,644.5472412109375,622948.0,632.3650146484375,630.80078125,636.95966796875,47.00355812395751,-16.624063007399513,645.087158203125,639.2953491210938,640.3753051757812
2022-02-21,634.1417643326812,652.7929926954072,620.3987539601463,644.154541015625,1012168.0,642.6919189453125,630.5200439453125,634.7456115722656,46.91504562525347,-15.007419476924838,644.5472412109375,645.087158203125,639.2953491210938
2022-02-22,603.7108427114641,639.8353169265288,603.7108427114641,622.6074829101562,1054831.0,639.1383544921875,631.4623107910156,633.9543884277343,42.217432641722766,-15.288647334944358,644.154541015625,644.5472412109375,645.087158203125
2022-02-23,630.9024128076454,640.1789576796521,622.4111709062541,625.846923828125,484541.0,636.4486694335938,630.5077575683594,634.4967987060547,43.13924907523867,-15.076336012757793,622.6074829101562,644.154541015625,644.5472412109375
2022-02-24,593.8943582787083,607.6373682223478,571.3165562284433,584.96142578125,2836671.0,624.4235229492188,625.9548828125,634.1886535644531,35.451980915696154,-17.999706347971824,625.846923828125,622.6074829101562,644.154541015625
2022-02-25,608.618990286306,643.9581574642206,598.7534847654248,638.0192260742188,1181586.0,623.117919921875,627.7414672851562,635.4279205322266,48.32177670410043,-15.852440275575418,584.96142578125,625.846923828125,622.6074829101562
2022-02-28,625.8959884740933,629.1845307618452,603.7108651985606,624.4235229492188,1566616.0,619.1717163085938,630.9318176269531,635.1589050292969,45.80173470200036,-15.074012231383563,638.0192260742188,584.96142578125,625.846923828125
2022-03-02,609.6008053342647,630.5098064811306,606.6558739075291,610.3861083984375,931155.0,616.72744140625,627.9328979492187,633.1315673828125,43.2913725601031,-15.412142847747077,624.4235229492188,638.0192260742188,584.96142578125
2022-03-03,618.4355282892016,624.3253904633843,591.44032665753,593.158203125,1293754.0,610.189697265625,623.3191833496094,629.6668060302734,40.36713651391144,-16.875728875568257,610.3861083984375,624.4235229492188,638.0192260742188
2022-03-04,588.8880250727786,598.8026015589112,570.9238990941944,578.973388671875,1918007.0,608.99208984375,616.7078063964843,624.9633514404297,38.08599491971498,-18.961649236924586,593.158203125,610.3861083984375,624.4235229492188
2022-03-07,550.2113012115017,573.1326579472652,542.8489733629981,561.9419555664062,2575682.0,593.7766357421875,608.4472778320312,619.6240295410156,35.49256841261395,-21.73846299583738,578.973388671875,593.158203125,610.3861083984375
2022-03-08,567.1936502636029,578.7770325598275,552.6162670222393,559.0460205078125,1159673.0,580.7011352539063,599.93642578125,615.2282348632813,35.055462530527905,-23.897312321644563,561.9419555664062,578.973388671875,593.158203125
2022-03-09,565.426688490164,567.7335268818122,555.8065936203335,562.6290283203125,1195925.0,571.1497192382812,593.9385803222656,612.7004455566406,36.10395857302745,-25.03056045999324,559.0460205078125,561.9419555664062,578.973388671875
2022-03-10,582.2619561190508,602.2383804702894,581.1330419534007,591.2930297851562,1709998.0,570.7766845703125,590.4831909179687,610.495474243164,43.90609575157755,-23.346597369367373,562.6290283203125,559.0460205078125,561.9419555664062
2022-03-11,591.9311089564117,608.619050668284,584.7651224395621,605.379638671875,828712.0,576.0579345703125,592.5250122070313,609.2399475097657,47.311066309549815,-20.637476890086077,591.2930297851562,562.6290283203125,559.0460205078125
2022-03-14,608.6190620670619,612.4965664615728,597.7719117341439,601.698486328125,640797.0,584.0092407226563,588.8929382324219,608.3172027587891,46.51643417197094,-18.5734148566454,605.379638671875,591.2930297851562,562.6290283203125
2022-03-15,604.6924977516921,632.8166127250468,601.2567449235576,620.2515258789062,1877698.0,596.250341796875,588.4757385253906,609.7037780761718,50.98481328511707,-15.264594839424035,601.698486328125,605.379638671875,591.2930297851562
2022-03-16,631.1969069901874,642.7802908120285,623.4418976973363,632.6693725585938,926758.0,610.2584106445313,590.7040649414063,609.3184814453125,53.76888206542607,-11.50766153137613,620.2515258789062,601.698486328125,605.379638671875
2022-03-17,648.8663745598692,685.8743476939678,639.0990094349028,671.9349975585938,1850118.0,626.3868041992188,598.5817443847657,610.9504638671875,61.26163612647427,-5.300753252633513,632.6693725585938,620.2515258789062,601.698486328125
2022-03-21,682.0950812242861,693.6293943652299,659.7626876960758,662.216796875,1255407.0,637.7542358398438,606.9060852050782,611.8069458007812,58.72483221414463,-1.1526245616815913,671.9349975585938,632.6693725585938,620.2515258789062
2022-03-22,663.8366076702794,666.3888575379234,640.0317459534523,655.9343872070312,1176575.0,648.601416015625,616.3053283691406,612.3763031005859,57.079316093504715,1.609308251866537,662.216796875,671.9349975585938,632.6693725585938
2022-03-23,662.707622521569,681.4079825043245,658.2902259741039,676.696044921875,1372047.0,659.8903198242188,628.0703308105469,614.0033782958984,60.971412979287926,5.4110766471198986,655.9343872070312,662.216796875,671.9349975585938
2022-03-24,671.4442998615951,674.2419604784409,658.7810719947857,662.8058471679688,527577.0,665.9176147460937,638.0880126953125,616.013296508789,57.23213265824226,7.219955464774557,676.696044921875,655.9343872070312,662.216796875
2022-03-25,667.517684853089,671.8369408974596,647.8848117691746,650.191650390625,601930.0,661.5689453125,643.9778747558594,617.2305328369141,53.993658923025286,7.5486288073109336,662.8058471679688,676.696044921875,655.9343872070312
2022-03-28,657.5048666327746,660.2043865136244,641.9949098457547,646.706787109375,891747.0,658.466943359375,648.1105895996094,620.3178009033203,53.099728786049475,7.442117360283191,650.191650390625,662.8058471679688,676.696044921875
2022-03-29,651.8114207817765,666.3397356475716,647.7375754359797,650.9279174804688,930464.0,657.4656494140625,653.0335327148438,620.9632354736328,54.091209734594266,7.610586115317119,646.706787109375,650.191650390625,662.8058471679688
2022-03-30,659.9591113657847,687.1506564690151,649.8481922606971,665.30908203125,943762.0,655.1882568359375,657.5392883300781,623.0075134277344,57.395756136560074,8.803062384818304,650.9279174804688,646.706787109375,650.191650390625
2022-03-31,672.4258934223515,676.254327584388,659.6645261019273,666.977783203125,696997.0,656.0226440429688,660.9701293945312,625.8370971679688,57.77555109416434,9.770134628083497,665.30908203125,650.9279174804688,646.706787109375
2022-04-01,662.4622465725697,666.9287734714964,642.0440689916218,644.6945190429688,1720968.0,654.9232177734375,658.2460815429688,628.4139129638672,51.21047106594468,8.638889419824977,666.977783203125,665.30908203125,650.9279174804688
2022-04-04,651.5169355220148,656.1306728939013,646.9522683521617,650.8297729492188,666813.0,655.7478149414062,657.1073791503907,632.0067321777344,52.8007363078867,8.143559275735356,644.6945190429688,666.977783203125,665.30908203125
2022-04-05,658.9283747372041,670.7571700772771,650.1426510910853,664.8182373046875,1419194.0,658.52587890625,657.9957641601562,637.1505462646485,56.29828377839496,8.778564903158554,650.8297729492188,644.6945190429688,666.977783203125
2022-04-06,659.6645487039887,663.983804834032,653.7746866619888,655.6889038085938,597461.0,656.6018432617187,655.8950500488281,641.9826904296875,53.5113416603221,8.447769889022084,664.8182373046875,650.8297729492188,644.6945190429688
2022-04-07,655.0507586481505,655.099828844923,634.141762067576,637.5775146484375,841032.0,650.7217895507813,653.372216796875,645.7301147460937,48.39317649657345,6.647545943358409,655.6889038085938,664.8182373046875,650.8297729492188
2022-04-08,640.0316296204693,652.0567637659459,632.8656432963231,642.927490234375,654966.0,650.3683837890625,652.64580078125,648.3118377685547,49.91703011988339,5.588137246991664,637.5775146484375,655.6889038085938,664.8182373046875
2022-04-11,645.7251911613849,649.1118737902018,633.1601642263595,635.9578247070312,840097.0,647.393994140625,651.5709045410156,649.8407470703125,47.931388119565135,4.138448998403419,642.927490234375,637.5775146484375,655.6889038085938
2022-04-12,633.1602303578774,636.8904646933088,617.2085191279309,619.0245361328125,560583.0,638.23525390625,648.38056640625,650.7070495605469,43.412976129683095,1.60468790315133,635.9578247070312,642.927490234375,637.5775146484375
2022-04-13,623.0492338019458,627.1721490961337,607.6864867834648,609.5025634765625,563403.0,628.9979858398438,642.7999145507813,650.1696014404297,41.068504340075144,-1.1583271600449052,619.0245361328125,635.9578247070312,642.927490234375
2022-04-18,602.2383902071588,618.3864405257416,599.6861406367384,611.1222534179688,578215.0,623.70693359375,637.2143615722656,649.0922454833984,41.64578541276037,-3.180676206710018,609.5025634765625,619.0245361328125,635.9578247070312
2022-04-19,614.45980939307,641.7985590638294,613.8217171017105,621.6748657226562,1199844.0,619.4564086914063,634.9123962402343,646.5792388916016,45.39859439120693,-3.8870868576353814,611.1222534179688,609.5025634765625,619.0245361328125
2022-04-20,630.2153091176313,651.8114723584223,626.4850747226327,649.4064331054688,1498343.0,622.1461303710937,634.7700622558593,645.938720703125,53.80611330134404,-2.184040404231382,621.6748657226562,611.1222534179688,609.5025634765625
2022-04-21,654.4618224232074,656.5723202863231,640.3752003339245,652.49853515625,689551.0,628.8409301757813,633.5380920410156,645.7669281005859,54.64471552713676,-0.5781919890607696,649.4064331054688,621.6748657226562,611.1222534179688
2022-04-22,644.6454406338808,670.806209730769,636.2032687227819,658.9283447265625,1153895.0,638.7260864257812,633.8620361328125,644.8785430908204,56.41654584263716,1.199459720617142,652.49853515625,649.4064331054688,621.6748657226562
2022-04-25,651.9096063610584,667.3214255961354,642.9276017776401,654.510986328125,1015207.0,647.4038330078125,635.5553833007813,644.4638000488281,54.8317421053642,2.226155863416807,658.9283447265625,652.49853515625,649.4064331054688
2022-04-26,663.5911219811076,675.3708460399438,657.0631675992591,662.216796875,977933.0,655.5122192382812,637.4843139648438,645.0650573730469,57.095907202827185,3.61988666435343,654.510986328125,658.9283447265625,652.49853515625
2022-04-27,652.7930892911942,656.7196642643743,639.0500768850637,644.890869140625,1121708.0,654.6091064453125,638.3776184082031,644.9742614746094,50.915873996693755,3.2884634365404963,662.216796875,654.510986328125,658.9283447265625
2022-04-28,649.6517849070169,652.2040944610715,637.0867576028891,640.277099609375,484866.0,652.1648193359375,640.5028747558594,644.4417205810547,49.38299683427741,2.6232760055726203,644.890869140625,662.216796875,654.510986328125
2022-04-29,643.9582304596503,646.4123395696337,619.368069160571,623.8836059570312,473280.0,645.1558715820313,641.9409790039062,642.3704467773438,44.28171954076766,0.7644797953046236,640.277099609375,644.890869140625,662.216796875
2022-05-02,615.4905479038127,628.0555742193733,610.0915080099197,622.2147827148438,407152.0,638.696630859375,643.0502319335938,640.1322967529297,43.78585976735357,-0.8336795431175688,623.8836059570312,640.277099609375,644.890869140625
2022-05-04,623.2455489217014,626.6813015399803,594.9741651594754,599.8333129882812,569404.0,626.2199340820313,640.8660766601563,637.8892364501953,37.69013874867323,-3.8617144497767413,622.2147827148438,623.8836059570312,640.277099609375
2022-05-05,610.5823904543935,623.9327210064564,600.0297205229068,602.5819702148438,581135.0,617.758154296875,636.1836303710937,635.4768463134766,38.81666422504807,-5.970832225242361,599.8333129882812,622.2147827148438,623.8836059570312
2022-05-06,601.2567091495713,607.6864627909921,579.6605498005255,584.1760864257812,1737332.0,606.5379516601563,629.3513854980469,631.4447387695312,34.339536927973285,-9.023506884632184,602.5819702148438,599.8333129882812,622.2147827148438
2022-05-09,575.6849757063388,597.6246890398011,565.4758569791978,589.6243286132812,992665.0,599.6860961914062,622.4209838867188,628.1415100097656,36.66810080635815,-10.877753957406185,584.1760864257812,602.5819702148438,599.8333129882812
2022-05-10,593.8453464995993,603.2200315075262,558.0644229650588,561.3529052734375,1106500.0,587.513720703125,613.10517578125,624.3302795410157,30.60316147167947,-14.46181886538011,589.6243286132812,584.1760864257812,602.5819702148438
2022-05-11,566.3102066712428,578.4825511445447,533.2778761564799,552.51806640625,1327842.0,578.0506713867187,602.135302734375,619.8098083496094,28.989493023037525,-17.80981334547289,561.3529052734375,589.6243286132812,584.1760864257812
2022-05-12,552.5180419786652,567.3408953669195,542.2107848188216,558.506103515625,1497236.0,569.235498046875,593.496826171875,615.937222290039,31.621214531066514,-19.752246934023105,552.51806640625,561.3529052734375,589.6243286132812
2022-05-13,567.340968995312,577.2064758599636,550.7511670667603,558.7515869140625,914750.0,564.1505981445313,585.3442749023437,612.9235748291015,31.732913974502253,-21.029417059262187,558.506103515625,552.51806640625,561.3529052734375
2022-05-16,561.696511687357,567.390032906579,540.9837946064359,544.2232666015625,562176.0,555.0703857421875,577.3782409667969,609.6596099853516,28.74062334588926,-22.94935177423008,558.7515869140625,558.506103515625,552.51806640625
2022-05-17,549.426063446829,581.8203098257959,548.0026679108569,576.5194091796875,1061209.0,558.1036865234375,572.8087036132813,607.9294677734375,41.86432793906947,-21.61571259283903,544.2232666015625,558.7515869140625,558.506103515625
2022-05-18,575.2431725469909,575.6358539685635,549.6222975308583,551.8800659179688,794398.0,557.9760864257812,568.01337890625,604.4397277832031,36.36223244811515,-22.290037339489345,576.5194091796875,544.2232666015625,558.7515869140625
2022-05-19,539.9040183115693,544.3704850255556,516.8353920746205,527.3880615234375,1686255.0,551.7524780273437,560.4939880371094,598.3388092041016,31.877394990996834,-24.51811505748867,551.8800659179688,576.5194091796875,544.2232666015625
2022-05-20,539.904050709851,562.4818564668085,538.9224069812877,545.1067504882812,1149255.0,549.0235107421875,556.5870544433594,592.9692199707031,37.84956648780787,-24.570894605078934,527.3880615234375,551.8800659179688,576.5194091796875
2022-05-23,544.8121327544401,560.3220877940462,526.9952795822409,529.1549072265625,1047932.0,546.0098388671875,550.5401123046875,586.4805480957032,34.88448073089707,-25.60474762073477,545.1067504882812,527.3880615234375,551.8800659179688
2022-05-24,534.9957983244516,544.2723429572526,530.7747425408099,540.4439086914062,461334.0,538.7947387695312,548.4492126464844,580.7771942138672,38.55312409596031,-25.222407301095814,529.1549072265625,545.1067504882812,527.3880615234375
2022-05-25,538.4315549018282,544.1741464257553,520.3202171432329,523.5105590820312,527089.0,533.1208374023438,545.5484619140625,573.8418823242188,35.33706859060135,-25.986226594421737,540.4439086914062,529.1549072265625,545.1067504882812
2022-05-26,527.142585433232,534.1122306602039,509.5220717584228,524.6884765625,580401.0,532.5809204101563,542.16669921875,567.8317626953125,35.73864713282515,-26.19455625206797,523.5105590820312,540.4439086914062,529.1549072265625
2022-05-27,531.2655984690157,534.4068703868483,521.4491611725252,528.0752563476562,711093.0,529.1746215820312,539.0990661621094,562.2216705322265,36.95105763911705,-25.789093565059716,524.6884765625,523.5105590820312,540.4439086914062
2022-05-30,534.7503932259696,543.7324568394567,531.6091214755559,539.2659301757812,469648.0,531.196826171875,538.6033325195312,557.9907867431641,40.91759846611511,-24.2848272392049,528.0752563476562,524.6884765625,523.5105590820312
2022-05-31,537.9407383041688,567.390048795273,531.7563950839921,547.168212890625,1369582.0,532.5416870117188,535.668212890625,554.2384582519531,43.61519630268069,-22.199139305921335,539.2659301757812,528.0752563476562,524.6884765625
2022-06-01,546.6773835311611,564.3960397833522,543.8305929235935,561.4020385742188,640133.0,540.1199829101563,536.62041015625,552.31689453125,48.202734184813764,-19.176609795900617,547.168212890625,539.2659301757812,528.0752563476562
2022-06-02,556.98457992078,565.3285501809429,550.0639448908304,562.6781005859375,338945.0,547.7179077148437,540.1494140625,550.3217010498047,48.60643641028765,-16.488200135594525,561.4020385742188,547.168212890625,539.2659301757812
2022-06-03,567.3900297740782,578.1881099254881,559.0460587479889,562.4818115234375,744038.0,554.59921875,541.8869201660157,549.2369873046875,48.54376106522416,-14.209654940789619,562.6781005859375,561.4020385742188,547.168212890625
2022-06-06,561.5001038626783,571.9055014019192,557.8680107883056,567.6353759765625,623473.0,560.2731079101562,545.7349670410156,548.1375396728515,50.35378931173917,-11.851426014801064,562.4818115234375,562.6781005859375,561.4020385742188
2022-06-07,563.2180673066423,579.1697772739328,557.6226862890068,576.0775756835938,542790.0,566.05498046875,549.2983337402344,548.8737731933594,53.254596222654946,-9.19529994499203,567.6353759765625,562.4818115234375,562.6781005859375
2022-06-08,578.5807689568006,589.4769890855629,568.3716514247142,584.2252197265625,1617768.0,570.6196166992188,555.3697998046875,550.459130859375,55.93085700102094,-6.359545237924863,576.0775756835938,567.6353759765625,562.4818115234375
2022-06-09,576.911970619614,588.397213019531,576.911970619614,583.0963134765625,820716.0,574.7032592773437,561.2105834960937,551.6886413574218,55.45709833200577,-4.155381846485625,584.2252197265625,576.0775756835938,567.6353759765625
2022-06-10,578.089994698865,597.8210089597034,574.8014523788745,590.5077514648438,1013739.0,580.308447265625,567.4538330078125,553.2764495849609,57.9739277633912,-1.7898926051648232,583.0963134765625,584.2252197265625,576.0775756835938
2022-06-13,575.2431928746503,592.421957166982,564.9359342992514,590.2623291015625,688622.0,584.833837890625,572.5534729003906,555.578402709961,57.85734613264687,0.06423071566712224,590.5077514648438,583.0963134765625,584.2252197265625
2022-06-14,582.1146659542667,594.8760329987953,575.537641725286,586.9247436523438,624706.0,587.003271484375,576.5291259765625,556.0986694335937,56.20213589228632,1.2499133304477255,590.2623291015625,590.5077514648438,583.0963134765625
2022-06-15,588.7407763721052,594.7779087576702,584.077969056111,588.593505859375,382991.0,587.8769287109375,579.2482727050781,557.9343414306641,56.86657524004172,2.2977435513586215,586.9247436523438,590.2623291015625,590.5077514648438
2022-06-16,597.0356391521401,597.0356391521401,554.628624384397,559.0460205078125,614077.0,583.0668701171875,578.8850646972656,559.5172393798828,44.10735394299488,0.735443684410825,588.593505859375,586.9247436523438,590.2623291015625
2022-06-17,558.5552579774555,574.0161460497665,541.131082530883,556.3956298828125,711925.0,576.2444458007812,578.2764465332032,560.0816833496094,43.17164719939722,-0.708388724843644,559.0460205078125,588.593505859375,586.9247436523438
2022-06-20,554.6287754769361,561.7947636019111,530.382160389058,537.3518676757812,835391.0,565.662353515625,575.248095703125,560.4915313720703,37.08407949011549,-3.350684164850577,556.3956298828125,559.0460205078125,588.593505859375
2022-06-21,540.787568625618,559.193389032896,540.787568625618,551.978271484375,488006.0,558.6730590820313,572.8381652832031,561.0682495117187,43.655594159543085,-4.215895568559631,537.3518676757812,556.3956298828125,559.0460205078125
2022-06-22,551.6836751837386,551.6836751837386,526.651764654939,529.9402465820312,714472.0,546.9424072265625,567.40966796875,561.3897338867188,37.32898629922219,-6.603742437537903,551.978271484375,537.3518676757812,556.3956298828125
2022-06-23,533.9160105759514,563.2180498575316,532.7870964011769,545.5975341796875,1214419.0,544.2527099609375,563.6597900390625,562.4351867675781,43.584435402014215,-7.150291914701825,529.9402465820312,551.978271484375,537.3518676757812
2022-06-24,553.9906464043568,573.6726522362866,551.6838074742473,569.4024658203125,786721.0,546.8540771484375,561.5492614746094,564.5015472412109,51.509197602483866,-5.598046480581388,545.5975341796875,529.9402465820312,551.978271484375
2022-06-27,581.3294167750362,581.3294167750362,568.0281564936676,571.0712280273438,452498.0,553.59794921875,559.6301513671875,566.0918121337891,52.01803326964898,-4.184983739549125,569.4024658203125,545.5975341796875,529.9402465820312
2022-06-28,572.1019345686148,572.1019345686148,554.8250294691381,557.8190307617188,451025.0,554.7661010742188,556.719580078125,566.6243530273438,47.7342598849063,-4.08734651645932,571.0712280273438,569.4024658203125,545.5975341796875
2022-06-29,554.5457886572088,558.182750904497,547.5174881058923,549.7783203125,413427.0,558.7337158203125,552.8380615234375,566.0431671142578,45.29683291306681,-4.605694864500833,557.8190307617188,571.0712280273438,569.4024658203125
2022-06-30,550.4664097782335,555.2830148622239,542.6026039242587,544.3719482421875,714487.0,558.4885986328125,551.370654296875,565.1278594970703,43.681739898076906,-5.390599235504169,549.7783203125,557.8190307617188,571.0712280273438
2022-07-01,541.7177875800194,560.2960489924039,537.6876119277981,558.0352172851562,352045.0,556.2151489257812,551.5346130371094,564.9055297851562,48.66356817212195,-4.854174084167312,544.3719482421875,549.7783203125,557.8190307617188
2022-07-04,559.018295187726,563.9331737105722,555.2338027274892,558.3302001953125,259032.0,553.666943359375,553.6324462890625,564.4402709960938,48.76893401254349,-4.355048345025807,558.0352172851562,544.3719482421875,549.7783203125
2022-07-05,560.6893333977562,566.0956994596361,547.6649060668636,550.5646362304688,279933.0,552.216064453125,553.4910827636719,563.1646240234375,46.08720228542397,-4.533840423007632,558.3302001953125,558.0352172851562,544.3719482421875
2022-07-06,548.5003476604656,564.9160510681551,546.976747582844,558.8707275390625,546867.0,554.0345458984375,556.384130859375,561.8968994140625,49.29864386471766,-3.9596578107920095,550.5646362304688,558.3302001953125,558.0352172851562
2022-07-07,567.1769957156408,569.1429471739273,553.6119426526798,557.1997680664062,587293.0,556.6001098632812,557.5443542480468,560.6020721435547,48.67054463361053,-3.5979712456407924,558.8707275390625,550.5646362304688,558.3302001953125
2022-07-08,559.3131510564423,566.587194945588,553.1695531757696,557.78955078125,287332.0,556.5509765625,556.3830627441406,558.966162109375,48.91792919376555,-3.2265478655416473,557.1997680664062,558.8707275390625,550.5646362304688
2022-07-11,556.4624985742605,568.9463014879304,552.432322356212,566.9312133789062,305882.0,558.2711791992188,555.9690612792969,557.7996063232422,52.72146717016777,-2.169527427582125,557.78955078125,557.1997680664062,558.8707275390625
2022-07-12,564.326363857001,564.326363857001,553.4153568413319,560.5419311523438,503229.0,560.2666381835937,556.2413513183594,556.4804656982421,49.92354124049062,-1.826339883976857,566.9312133789062,557.78955078125,557.1997680664062
2022-07-13,563.4417078074448,574.401851342704,561.3774227497887,570.8140258789062,1022214.0,562.6552978515625,558.344921875,555.5914916992188,54.137569280954324,-0.7172214042872156,560.5419311523438,566.9312133789062,557.78955078125
2022-07-14,572.8782001330604,576.6626924050851,557.5929406863984,565.161865234375,340303.0,564.2477172851562,560.4239135742188,555.8972839355469,51.566173755730865,-0.2909650809682489,570.8140258789062,560.5419311523438,566.9312133789062
2022-07-15,562.7536301306005,566.2923189155225,557.1015194349657,560.4927978515625,382733.0,564.7883666992187,560.6696716308594,556.1021423339844,49.47561831234447,-0.3261489484386857,565.161865234375,570.8140258789062,560.5419311523438
2022-07-18,565.2109524332591,568.5038965924867,558.9198847903575,560.3943481445312,380407.0,563.4809936523437,560.8760864257813,557.2542663574219,49.43011349664501,-0.35785139732058724,560.4927978515625,565.161865234375,570.8140258789062
2022-07-19,562.0162957916267,567.8158757938506,557.1996913832664,560.1978149414062,277087.0,563.4121704101562,561.839404296875,557.6652435302734,49.33256826541976,-0.3942892820520001,560.3943481445312,560.4927978515625,565.161865234375
2022-07-20,568.651442372508,576.810128682181,560.2961489236466,562.9501953125,481299.0,561.839404296875,562.2473510742187,559.3157409667969,50.79698064634394,-0.19878105066254648,560.1978149414062,560.3943481445312,560.4927978515625
2022-07-21,566.5380475194196,574.0578359788756,562.3112638085169,568.9463500976562,491512.0,562.5963012695313,563.4220092773437,560.4831817626953,53.921491116437245,0.4349859630672199,562.9501953125,560.1978149414062,560.3943481445312
2022-07-22,572.9764552499956,573.5662165642323,563.2449735926394,565.4075317382812,625301.0,563.579248046875,564.1838073730469,560.2834350585938,51.82960402090473,0.6442710652349888,568.9463500976562,562.9501953125,560.1978149414062
2022-07-25,567.0786440984529,567.1277808789322,552.8254979874278,560.1978149414062,410441.0,563.53994140625,563.5104675292969,559.7397644042969,48.82648636451734,0.38530881031397257,565.4075317382812,568.9463500976562,562.9501953125
2022-07-26,556.2659291967007,556.2659291967007,540.3417121008051,543.4380493164062,692010.0,560.18798828125,561.8000793457031,559.0207153320313,40.66367765089424,-1.1589341892431548,560.1978149414062,565.4075317382812,568.9463500976562
2022-07-27,545.7481435688178,547.4683511160923,536.6064811739461,540.6366577148438,416401.0,555.7252807617188,558.7823425292969,558.5636322021485,39.47570987673396,-2.579076790283011,543.4380493164062,560.1978149414062,565.4075317382812
2022-07-28,547.9106623179589,556.7574433457231,541.1281061982436,554.0542602539062,439012.0,552.7468627929687,557.67158203125,559.0477478027344,47.40173125628674,-2.591982878690601,540.6366577148438,543.4380493164062,560.1978149414062
2022-07-29,540.6366149096538,565.9973750280193,538.3266460989236,558.6741943359375,1036849.0,551.4001953125,557.4897216796875,559.0796966552734,49.8375759229299,-2.2040144698601125,554.0542602539062,540.6366577148438,543.4380493164062
2022-08-01,561.6723251046483,593.7173081346799,556.2659588881901,586.0501098632812,1906169.0,556.570654296875,560.0552978515625,560.4656921386719,61.28026450508272,0.308900074508756,558.6741943359375,554.0542602539062,540.6366577148438
2022-08-02,586.0500470354093,591.2106687796897,574.9424350897905,576.9083862304688,677706.0,563.2647216796875,561.7263549804687,561.7828796386718,56.63432638010156,1.5449332303054462,586.0501098632812,558.6741943359375,554.0542602539062
2022-08-03,580.2013937925682,580.2013937925682,569.1429174178686,575.040771484375,283997.0,570.1455444335937,562.9354125976563,562.5913818359375,55.70516290655388,2.346745686237796,576.9083862304688,586.0501098632812,558.6741943359375
2022-08-04,578.8743795053257,596.6662146250407,564.2280184427897,566.1939697265625,1081124.0,572.573486328125,562.6601745605469,563.0410919189453,51.40302112565365,2.242475012214186,575.040771484375,576.9083862304688,586.0501098632812
2022-08-05,566.1940135311646,571.747850335934,545.0600355955396,548.1564331054688,898065.0,570.4699340820313,560.9350646972656,562.5594360351563,43.95012602494342,0.6963343831658904,566.1939697265625,575.040771484375,576.9083862304688
2022-08-08,553.906808338522,561.8197507441429,548.5004419749694,551.9408569335938,499586.0,563.6480834960937,560.1093688964844,561.8099182128906,45.72807310810137,-0.22107343259904155,548.1564331054688,566.1939697265625,575.040771484375
2022-08-10,557.248990628317,563.9332138964907,552.67812927792,557.740478515625,689194.0,559.814501953125,561.5396118164062,561.6698455810547,48.427945251451796,-0.4746730089752873,551.9408569335938,548.1564331054688,566.1939697265625
2022-08-11,564.6212304388677,566.0956938957978,549.5816551813232,552.4814453125,389471.0,555.30263671875,562.7240905761719,560.7532165527343,46.18430457944387,-1.0874767729499126,557.740478515625,551.9408569335938,548.1564331054688
2022-08-12,552.4814229391383,562.7043931582917,548.0580327474781,560.1486206054688,397496.0,554.0935668945312,563.3335266113281,560.502554321289,49.83340683563299,-0.9435742652520958,552.4814453125,557.740478515625,551.9408569335938
2022-08-16,564.7195711347734,564.8178447118223,548.8444886962608,560.6401977539062,954535.0,556.5903198242188,563.530126953125,560.5099243164062,50.067185085589934,-0.7808630207103988,560.1486206054688,552.4814453125,557.740478515625
2022-08-17,564.9161513776597,566.1940077988238,519.3060545287685,529.9221801757812,4916238.0,552.1865844726562,557.917333984375,558.9863159179688,38.11449107878555,-3.094924125712396,560.6401977539062,560.1486206054688,552.4814453125
2022-08-18,512.7200164325072,525.4004248664377,498.56520468818826,509.2796020507813,59249131.0,542.4944091796875,551.1544555664063,556.4404052734375,32.49954772071028,-6.519366561247125,529.9221801757812,560.6401977539062,560.1486206054688
2022-08-19,516.0621913526356,520.4855815642297,510.2134745180919,511.9828186035156,7051059.0,534.3946838378906,544.8486602783203,553.8920364379883,33.873378287328634,-8.9123982992827,509.2796020507813,529.9221801757812,560.6401977539062
2022-08-22,512.2778604659532,523.2380046018799,507.2646479049649,514.5878295898438,5928548.0,525.2825256347656,539.6880462646484,551.1741104125977,35.24122836330429,-10.477907778329609,511.9828186035156,509.2796020507813,529.9221801757812
2022-08-23,514.5877761605874,528.5460430241393,509.3780169780429,523.6311645507812,10059261.0,517.8807189941406,537.2355194091797,549.0852920532227,39.88974584455643,-10.8636345496069,514.5878295898438,511.9828186035156,509.2796020507813
2022-08-24,525.8920254950199,528.2019945057723,515.32503619769,518.6179809570312,2350280.0,515.6198791503906,533.9032318115235,547.0063003540039,38.250577572137175,-11.44195211236422,523.6311645507812,514.5878295898438,511.9828186035156
2022-08-25,520.9279475990305,523.6311305840281,512.9658089910312,514.98095703125,1721705.0,516.7601501464844,529.6272796630859,545.5834457397461,37.06072431265029,-12.054790264018493,518.6179809570312,523.6311645507812,514.5878295898438
2022-08-26,517.7332518403613,526.5308953120988,512.4742964708764,521.763427734375,3274520.0,518.7162719726563,526.5554779052734,544.6397842407226,40.76144506139294,-11.85650579382309,514.98095703125,518.6179809570312,523.6311645507812
2022-08-29,507.8543919394382,516.4062320701073,507.2154337705619,510.26263427734375,2278442.0,517.8512329101562,521.5668792724609,542.4502029418945,36.80918645227079,-12.483480051138827,521.763427734375,514.98095703125,518.6179809570312
2022-08-30,514.5385467146534,515.963873214463,511.1472691795378,513.1132202148438,1590405.0,515.7476440429688,516.8141815185547,540.1721542358398,38.40338942646586,-12.605040148880335,510.26263427734375,521.763427734375,514.98095703125
2022-09-01,509.9676686845944,519.4042693209452,509.1813002972474,517.9789428710938,2096736.0,515.6198364257813,515.6198577880859,536.7685958862305,41.13335306792296,-12.168483544630817,513.1132202148438,510.26263427734375,521.763427734375
2022-09-02,517.0451748680522,519.5517506937688,511.3439282850711,515.0792236328125,1200849.0,515.6394897460938,516.199819946289,533.6771377563476,39.99570817579044,-11.919096474330786,517.9789428710938,513.1132202148438,510.26263427734375
2022-09-05,514.194423705822,519.5025150290456,511.7369851295256,513.80126953125,1129613.0,514.0470581054688,516.3816650390625,530.6151626586914,39.477497669025105,-11.689822641322053,515.0792236328125,517.9789428710938,513.1132202148438
2022-09-06,514.6368419401787,516.553656279535,508.19836402763,510.95068359375,1034390.0,514.18466796875,516.0179504394531,527.8529983520508,38.285885087002974,-11.60437196214059,513.80126953125,515.0792236328125,517.9789428710938
2022-09-07,508.3949952316328,524.2700152649337,508.3949952316328,517.9298706054688,1508878.0,515.147998046875,515.4478210449219,526.3416702270508,42.8354283370298,-10.848435606153203,510.95068359375,513.80126953125,515.0792236328125
2022-09-08,520.977114430173,523.2870832976128,515.0792603045484,516.3571166992188,905092.0,514.8236328125,515.2217346191406,524.562483215332,42.082548023854834,-10.258010731662694,517.9298706054688,510.95068359375,513.80126953125
2022-09-09,519.9940883918777,523.8768539811631,515.4232278886822,518.0281372070312,1164759.0,515.4134155273438,515.5264526367188,522.5768661499023,43.224349593837125,-9.545225952089254,516.3571166992188,517.9298706054688,510.95068359375
2022-09-12,519.7974407654389,521.9599988994516,515.76726514901,516.7993774414062,1272764.0,516.013037109375,515.0300476074219,520.7927627563477,42.55991561684773,-8.976019556779988,518.0281372070312,516.3571166992188,517.9298706054688
2022-09-13,520.6821631133378,539.063817978011,517.5857661188577,534.8369750976562,4624251.0,520.7902954101562,517.4874816894531,519.527180480957,53.78943232532611,-6.988872629964703,516.7993774414062,518.0281372070312,516.3571166992188
2022-09-14,525.0564894329171,529.6272903991783,519.0111649338374,519.994140625,2033856.0,521.2031494140625,518.1755737304687,517.4948776245117,45.84659114909845,-6.536389638056676,534.8369750976562,516.7993774414062,518.0281372070312
2022-09-15,523.7293750591298,524.3191964025569,515.0792019868092,517.2417602539062,977265.0,521.380078125,518.10185546875,516.860856628418,44.53336147791635,-6.326954507184041,519.994140625,534.8369750976562,516.7993774414062
2022-09-16,516.0622411156817,516.7011993173978,499.44995782985103,506.6748352050781,1525714.0,519.1094177246093,517.2614166259766,516.7306182861328,39.81777723668459,-6.933710696211051,517.2417602539062,519.994140625,534.8369750976562
2022-09-19,507.7069158461487,510.9998602273612,504.315637903722,506.2324523925781,2096604.0,516.9960327148438,516.5045349121094,516.4430999755859,39.62858951530632,-7.365362627685727,506.6748352050781,517.2417602539062,519.994140625
2022-09-20,508.7881602779373,515.5707160992152,504.4139667368694,505.8392333984375,736927.0,511.196484375,515.9933898925781,516.0056701660156,39.4491679227529,-7.650983603414261,506.2324523925781,506.6748352050781,517.2417602539062
2022-09-21,505.7409547006725,508.24753052359,477.92275675230826,489.4235534667969,2126465.0,505.0823669433594,513.1427581787109,514.2952896118164,32.77728852255869,-9.097082953834843,505.8392333984375,506.2324523925781,506.6748352050781
2022-09-22,490.5048395981679,491.143767758358,460.67152321418325,470.9927673339844,5021056.0,495.832568359375,508.6063232421875,511.9140289306641,27.212502288374722,-11.59665845602592,489.4235534667969,505.8392333984375,506.2324523925781
2022-09-23,473.8433877842716,485.4916549340381,461.4579189141761,466.9134216308594,2880334.0,487.8802856445312,503.49485168457034,509.51065216064455,26.154109822358578,-13.748277569889012,470.9927673339844,489.4235534667969,505.8392333984375
2022-09-26,466.81510852296,466.9134120830055,454.5279134681441,460.1800231933594,1773741.0,478.6697998046875,497.8329162597656,506.4314819335938,24.462837368583024,-15.814480710295811,466.9134216308594,470.9927673339844,489.4235534667969
2022-09-27,466.9134314323037,472.4181010445865,452.8077249252153,456.69049072265625,1161414.0,468.8400512695313,490.0182678222656,503.75287475585935,23.610717994240986,-17.53144609476982,460.1800231933594,466.9134216308594,470.9927673339844
2022-09-28,453.1518075160924,465.733884749428,450.3011839239502,454.3313903808594,1110128.0,461.8216186523438,483.4519927978516,500.8137832641602,23.02674860282255,-18.865048675743026,456.69049072265625,460.1800231933594,466.9134216308594
2022-09-29,457.4768555970431,464.3085482754511,455.6092078857916,460.8681335449219,766933.0,459.79669189453125,477.81463012695315,497.95824279785154,28.31723191790327,-19.17345809588801,454.3313903808594,456.69049072265625,460.1800231933594
2022-09-30,460.8681316807002,460.9664352436392,447.4996570679698,455.8549499511719,1474819.0,457.5849975585937,472.7326416015625,494.99702911376954,26.7961096130649,-19.596500542558488,460.8681335449219,454.3313903808594,456.69049072265625
2022-10-03,455.8549778943442,458.9513453294908,445.2879891884376,451.775634765625,1075149.0,455.90411987304685,467.2869598388672,491.89574737548827,25.591444130641392,-20.030037567799184,455.8549499511719,460.8681335449219,454.3313903808594
2022-10-04,457.1327906306181,464.8983218664948,452.1687758514626,460.6715087890625,1823809.0,456.7003234863281,462.7701873779297,489.3817886352539,32.697253520228486,-19.431798419690153,451.775634765625,455.8549499511719,460.8681335449219
2022-10-06,462.9815136783308,475.90763698842665,462.3425855295494,466.077880859375,991262.0,459.04962158203125,460.4356201171875,486.78918914794923,36.656347145750885,-18.310369994113273,460.6715087890625,451.775634765625,455.8549499511719
2022-10-07,465.4389737757241,469.6166203196456,460.1309112254076,463.4730224609375,712017.0,459.5705993652344,459.6836456298828,484.14498443603514,35.57062825790186,-17.430887766609374,466.077880859375,460.6715087890625,451.775634765625
2022-10-10,458.0666349663375,461.3104424851255,456.1006837433061,457.3785400390625,458055.0,459.8753173828125,458.73015747070315,481.11250457763674,33.10039069880567,-17.029361681659168,463.4730224609375,466.077880859375,460.6715087890625
2022-10-11,459.0496450614608,462.98154780288655,451.1858395786092,453.200927734375,561126.0,460.1603759765625,458.03224792480466,477.93258209228514,31.48624036726831,-16.853965739902264,457.3785400390625,463.4730224609375,466.077880859375
2022-10-12,453.6432767789681,457.624316287781,447.4996787727524,455.068603515625,458927.0,459.039794921875,457.87005920410155,473.9441635131836,33.057934404790615,-16.375490899965598,453.200927734375,457.3785400390625,463.4730224609375
2022-10-13,455.068611296721,457.8209312513519,448.5317989079065,452.6603088378906,350358.0,456.3562805175781,457.7029510498047,470.5774719238281,32.03737121166472,-16.00611684410842,455.068603515625,453.200927734375,457.3785400390625
2022-10-14,461.90028329031486,461.94945007497415,450.30118183215393,452.0705261230469,480156.0,454.07578125,456.8231903076172,467.3189102172852,31.778629498620504,-15.581363520115474,452.6603088378906,455.068603515625,453.200927734375
2022-10-17,451.57899786628457,458.1157797981276,446.41837581513977,452.2179260253906,520984.0,453.0436584472656,456.45948791503906,464.59606475830077,31.926600581971925,-15.059255783807316,452.0705261230469,452.6603088378906,455.068603515625
2022-10-18,454.1839215963742,459.5411512951805,451.7756490696931,456.59222412109375,686749.0,453.7219177246094,456.94114685058594,462.1140533447266,36.33948378365717,-14.129634708879507,452.2179260253906,452.0705261230469,452.6603088378906
2022-10-19,457.083705152735,480.6751221928761,457.083705152735,477.2838439941406,2722881.0,458.1649658203125,458.6023803710938,460.68628387451173,52.14320619178696,-11.589664079574789,456.59222412109375,452.2179260253906,452.0705261230469
2022-10-20,470.8453322917944,488.588030622156,470.8453322917944,475.9568176269531,1226234.0,462.824267578125,459.59027404785155,460.01294708251953,51.264237347028384,-9.573442310070902,477.2838439941406,456.59222412109375,452.2179260253906
2022-10-21,478.5125172694386,481.9529319211237,465.0457693459496,469.2725524902344,925647.0,466.2646728515625,460.17022705078125,459.926936340332,46.96937425896674,-8.417900053587346,475.9568176269531,477.2838439941406,456.59222412109375
2022-10-24,469.2725524902344,469.2725524902344,469.2725524902344,469.2725524902344,0.0,469.67559814453125,461.35962829589846,460.0448928833008,46.96937425896673,-7.416630193908304,469.2725524902344,475.9568176269531,477.2838439941406
2022-10-25,475.3670381408869,485.0984912359832,472.2706707921794,473.9417114257813,714531.0,473.14549560546874,463.43370666503904,460.73297729492185,50.33989360809138,-6.175170984840861,469.2725524902344,469.2725524902344,475.9568176269531
2022-10-27,475.7602008710019,479.2989191084925,468.8793715195618,470.5995788574219,474318.0,471.808642578125,464.98680419921874,461.42843170166014,47.9887497287827,-5.398754305300031,473.9417114257813,469.2725524902344,469.2725524902344
2022-10-28,472.95868964613584,474.13827232969913,453.4957853535782,456.2972717285156,838347.0,467.8767333984375,465.3505004882812,461.52672576904297,39.48893522792878,-5.869851158617507,470.5995788574219,473.9417114257813,469.2725524902344
2022-10-31,463.9644821024632,467.6506405937433,452.9060066286226,457.4768371582031,1420328.0,465.51759033203126,465.89113159179686,461.357160949707,40.42612275118272,-6.077954856613474,456.2972717285156,470.5995788574219,473.9417114257813
2022-11-01,459.7868679110278,477.62787025473455,459.2462432937784,466.6185607910156,1789945.0,464.9867919921875,467.33119506835936,461.89534149169924,47.24546153093073,-5.442480314743648,457.4768371582031,456.2972717285156,470.5995788574219
2022-11-02,467.1100288564817,469.6657414822725,459.49196776505954,462.784912109375,780153.0,462.75543212890625,467.9504638671875,462.44580535888673,44.92312442623342,-5.188396960933858,466.6185607910156,457.4768371582031,456.2972717285156
2022-11-03,461.9494677106904,462.58839595134737,457.0837257279194,458.2141418457031,486106.0,460.2783447265625,466.0434936523437,462.32293701171875,42.25616152461718,-5.29482162543917,462.784912109375,466.6185607910156,457.4768371582031
2022-11-04,460.5240566449693,463.8170308190919,452.26706781892455,453.0534362792969,782112.0,459.62957763671875,463.75315551757814,461.67171478271484,39.41123266392556,-5.729543141383829,458.2141418457031,462.784912109375,466.6185607910156
2022-11-07,455.75665004025655,458.70557696384026,450.2028436671144,451.6773071289063,697925.0,458.46967163085935,461.99363098144534,461.0819290161133,38.66371789702042,-6.114619667110844,453.0534362792969,458.2141418457031,462.784912109375
2022-11-09,455.1177626386853,456.78883337761073,445.9269335706721,451.5299072265625,1012733.0,455.4519409179687,460.2193664550781,460.7894973754883,38.57931119882668,-6.358393921162474,451.6773071289063,453.0534362792969,458.2141418457031
2022-11-10,450.6943801226652,451.1367312081518,443.3220620181505,447.7454528808594,825030.0,452.4440490722656,457.59974060058596,460.5167236328125,36.383149336031344,-6.778818610220128,451.5299072265625,451.6773071289063,453.0534362792969
2022-11-11,452.1688223252124,456.690516548072,448.77754415855816,450.3503112792969,637913.0,450.87128295898435,455.57481384277344,460.2808090209961,38.95886551270957,-6.823164706783473,447.7454528808594,451.5299072265625,451.6773071289063
2022-11-14,451.628204831697,455.5601076967094,446.2709751789024,447.4996948242188,597332.0,449.7605346679687,454.69505615234374,460.0227783203125,37.18456219833263,-7.0075515400312725,450.3503112792969,447.7454528808594,451.5299072265625
2022-11-15,449.7605078773189,449.7605078773189,437.7190558644513,440.9137268066406,1041576.0,447.6078186035156,453.0387451171875,459.4649383544922,33.399859928865254,-7.597532387538934,447.4996948242188,450.3503112792969,447.7454528808594
2022-11-16,437.71906184901815,443.0271545624277,435.6548369027337,438.9969482421875,827672.0,445.1012268066406,450.2765838623047,458.803889465332,32.36730630386057,-8.126091941154755,440.9137268066406,447.4996948242188,450.3503112792969
2022-11-17,438.4071600964579,442.1424557393203,430.6907948888746,437.5716247558594,1107407.0,443.06646118164065,447.7552551269531,457.8528594970703,31.58535463910897,-8.561301534023471,438.9969482421875,440.9137268066406,447.4996948242188
2022-11-18,438.4071273012045,449.12155557868965,434.47522481419816,438.0630798339844,845530.0,440.6090148925781,445.7401489257812,455.8918212890625,32.1936281811887,-8.765508627229394,437.5716247558594,438.9969482421875,440.9137268066406
2022-11-21,435.45822625808336,439.1935218430236,427.5944208177568,430.34674072265625,648285.0,437.1784240722656,443.4694793701172,453.61131744384767,27.986290700546334,-9.441156522499796,438.0630798339844,437.5716247558594,438.9969482421875
2022-11-22,431.47717930021486,432.4601549632768,424.9895339243993,428.6265258789063,437919.0,434.7209838867187,441.1644012451172,451.5790161132812,27.13491365234141,-10.000143875019319,430.34674072265625,438.0630798339844,437.5716247558594
2022-11-23,430.5433179402213,434.4260836057911,419.0424912837,422.0897216796875,679720.0,431.33953857421875,438.2203826904297,449.2198745727539,24.130803522830405,-10.845589641460663,428.6265258789063,430.34674072265625,438.0630798339844
2022-11-24,423.5641968607247,448.2368914001191,420.12378212410096,438.4071350097656,1627143.0,431.506640625,437.2865509033203,447.4431457519531,41.53190906164748,-10.082705464718117,422.0897216796875,428.6265258789063,430.34674072265625
2022-11-25,438.4071779442068,438.89866581185726,430.9365563563121,435.0158996582031,730082.0,430.89720458984374,435.75310974121095,445.66396179199216,39.50402108403278,-9.640627457255675,438.4071350097656,422.0897216796875,428.6265258789063
2022-11-28,434.2786397532516,446.2709549470795,432.2144148411329,443.2237243652344,888688.0,433.47260131835935,435.3255126953125,445.0102844238281,46.333954723791116,-8.529650096349485,435.0158996582031,438.4071350097656,422.0897216796875
2022-11-29,443.5186273633847,446.2218104135874,439.4884211798388,442.8796691894531,864644.0,436.32322998046874,435.52210693359376,444.2804260253906,46.09900968569555,-7.589468245316027,443.2237243652344,435.0158996582031,438.4071350097656
2022-11-30,445.1404899347162,453.49578222454375,442.830491360863,446.7132568359375,1169346.0,441.24793701171876,436.2937377929687,443.28516082763673,49.19053974563584,-6.46055560680594,442.8796691894531,443.2237243652344,435.0158996582031
2022-12-01,450.8909104282568,457.3785252561467,446.4675203194041,455.3143005371094,1278107.0,444.6293701171875,438.06800537109376,442.91163024902346,55.37479484229328,-4.816332183300801,446.7132568359375,442.8796691894531,443.2237243652344
2022-12-02,455.2651475783505,459.9342817238655,450.6943169934006,454.1838684082031,1217995.0,448.4629638671875,439.6800842285156,442.7101165771484,54.436984759841295,-3.563412893877114,455.3143005371094,446.7132568359375,442.8796691894531
2022-12-05,455.9040981547405,455.9040981547405,449.21987567994273,452.0213623046875,727687.0,450.2224914550781,441.84754638671876,442.658512878418,52.601713793874104,-2.713679887413832,454.1838684082031,455.3143005371094,446.7132568359375
2022-12-06,449.7113635089143,455.6583542402547,449.17073889626016,452.0213623046875,420514.0,452.050830078125,444.18703002929686,442.675715637207,52.601713793874104,-2.017009527507696,452.0213623046875,454.1838684082031,455.3143005371094
2022-12-07,453.1517924815328,453.9381610332619,448.2860508233512,452.2671203613281,384704.0,453.16160278320314,447.20476989746095,442.7125762939453,52.81139670831719,-1.4285946765955941,452.0213623046875,452.0213623046875,454.1838684082031
2022-12-08,452.2671530071143,453.8890570109021,438.84953988772094,441.2578125,927236.0,450.3503051757813,447.4898376464844,442.38819427490233,43.5227284140576,-1.8295409940029685,452.2671203613281,452.0213623046875,452.0213623046875
2022-12-09,442.8305517632529,448.974149873176,429.5603798458192,430.6907958984375,614169.0,445.6516906738281,447.0573272705078,441.40521850585935,36.827373495603375,-2.965776145440998,441.2578125,452.2671203613281,452.0213623046875
2022-12-12,432.50929849344976,432.50929849344976,422.7286784942126,429.9044189453125,489233.0,441.2283020019531,445.72539672851565,440.52545471191405,36.378865987079216,-3.8849217772108204,430.6907958984375,441.2578125,452.2671203613281
2022-12-13,431.4279909042731,444.3049774448708,430.93650309736506,442.24072265625,933723.0,439.2721740722656,445.6615020751953,440.59180450439453,47.235179905036965,-3.5766849046227662,429.9044189453125,430.6907958984375,441.2578125
2022-12-14,444.30501095817937,475.0721379921304,444.30501095817937,471.0419616699219,2354167.0,443.0271423339844,448.09437255859376,442.1940551757813,63.07658373276673,-0.9968941013093513,442.24072265625,429.9044189453125,430.6907958984375
2022-12-15,474.7772590476594,475.31788367883,453.6432816780432,455.9041137695313,1195554.0,445.95640258789064,448.1533538818359,443.11067962646484,53.91453285062873,-0.17190747422819186,471.0419616699219,442.24072265625,429.9044189453125
2022-12-16,453.5449243731056,453.5449243731056,443.518591505429,444.7964477539063,731978.0,448.77753295898435,447.21461181640626,443.4473480224609,48.36336447505374,-0.40967299016341485,455.9041137695313,471.0419616699219,442.24072265625
2022-12-19,445.2879558756777,458.0666389361276,441.40519017732686,450.4485778808594,927631.0,452.88636474609376,447.0573333740234,444.4524398803711,51.121228550498465,-0.14040570061024482,444.7964477539063,455.9041137695313,471.0419616699219
2022-12-20,449.7604709810254,452.6111242017078,443.56773673878905,445.5828247070313,400423.0,453.55478515625,446.4134796142578,445.30025482177734,48.70937949818009,-0.3159924853328562,450.4485778808594,444.7964477539063,455.9041137695313
2022-12-21,446.51673709606655,448.875872910505,424.7929668921151,428.4791259765625,1000645.0,445.04221801757814,444.03468017578126,445.6197250366211,41.32828346472409,-1.8143570446220565,445.5828247070313,450.4485778808594,444.7964477539063
2022-12-22,430.5433307425425,431.4280028198036,414.1276255392175,415.9461364746094,940087.0,437.0506225585938,441.5035125732422,444.4966751098633,36.91410467922431,-3.96739559641901,428.4791259765625,445.5828247070313,450.4485778808594
2022-12-23,413.83272854356295,414.766567364906,392.551312754647,393.7308654785156,1400061.0,426.83750610351564,437.80751953125,442.4324234008789,30.662497271945256,-7.381195047271149,415.9461364746094,428.4791259765625,445.5828247070313
2022-12-26,396.1391750876703,410.73636905266665,391.2734337666597,403.7080993652344,1217228.0,417.4894104003906,435.18788757324216,440.4566421508789,35.9120126433573,-9.175803366265825,393.7308654785156,415.9461364746094,428.4791259765625
2022-12-27,407.6399761192037,418.25610015205183,404.0029545534508,416.9290771484375,685653.0,411.7586608886719,432.65672302246094,439.15911254882815,42.161003261816404,-9.422603070906234,403.7080993652344,393.7308654785156,415.9461364746094
2022-12-28,415.3071812109629,422.3846173633574,410.8837911152248,411.7684631347656,634721.0,408.4165283203125,426.7293731689453,437.41187286376953,40.50095399194174,-9.920257483656428,416.9290771484375,403.7080993652344,393.7308654785156
2022-12-29,408.62300417752346,416.6342500091722,403.9047028915808,409.2619323730469,672200.0,407.0796875,422.0651550292969,435.10925445556643,39.68366036915528,-10.397057469125969,411.7684631347656,416.9290771484375,403.7080993652344
2022-12-30,413.9310433732011,421.1067534657162,409.55678982491895,412.3582763671875,624097.0,410.8051696777344,418.821337890625,433.0179748535156,41.26055807411186,-10.405131925797377,409.2619323730469,411.7684631347656,416.9290771484375
2023-01-02,415.503768849834,417.4697199113463,410.7363315260602,412.0633544921875,280976.0,412.476220703125,414.9828155517578,431.02007446289065,41.15020536070964,-10.316407596399813,412.3582763671875,409.2619323730469,411.7684631347656
2023-01-03,412.1616290700047,417.91204193880975,407.4924952873222,408.377197265625,556703.0,410.7658447265625,411.2622528076172,428.8378662109375,39.72028507400951,-10.423380762706984,412.0633544921875,412.3582763671875,409.2619323730469
2023-01-04,409.9008599664849,410.5889549440608,402.08619128445577,403.3149108886719,641742.0,409.07513427734375,408.74583129882814,426.3902557373047,37.77875126597015,-10.792235794725059,408.377197265625,412.0633544921875,412.3582763671875
2023-01-05,406.1655617862536,411.473624443108,400.4151480754792,407.9349060058594,618502.0,408.8097290039062,407.9447082519531,424.72411041259767,40.63090242244568,-10.58968971878437,403.3149108886719,408.377197265625,412.0633544921875
2023-01-06,409.2127512048461,421.9422978749532,403.8063851284053,410.392333984375,1544225.0,408.4165405273437,409.61085510253906,423.70918731689454,42.1499164051911,-10.114285407795023,407.9349060058594,403.3149108886719,408.377197265625
2023-01-09,412.8497509476701,418.1086763938723,409.4093363564395,415.3071899414063,888013.0,409.0653076171875,410.77076416015626,422.97932586669924,45.171419248596756,-9.234486849532459,410.392333984375,407.9349060058594,403.3149108886719
2023-01-10,438.4071622492965,450.98923921149617,424.6455024477491,439.8324890136719,9739902.0,415.3563659667969,413.0611053466797,422.8589141845703,57.18782338311984,-6.483515553396387,415.3071899414063,410.392333984375,407.9349060058594
2023-01-11,445.9760706669709,445.9760706669709,418.0595378165154,419.9272155761719,3476828.0,418.6788269042969,413.8769805908203,420.3031768798828,47.99405629015293,-5.842195005245401,439.8324890136719,415.3071899414063,410.392333984375
2023-01-12,422.4337399969372,428.33159326041977,418.2560939353037,421.1558837890625,1427849.0,421.3230224609375,415.0663757324219,418.5657653808594,48.543948473301306,-5.175144746774038,419.9272155761719,439.8324890136719,415.3071899414063
2023-01-13,422.58124163844377,422.58124163844377,410.0974684183705,418.4035949707031,1278612.0,422.92527465820314,415.67090759277346,417.2461227416992,47.33651038932147,-4.813106817564233,421.1558837890625,419.9272155761719,439.8324890136719
2023-01-16,421.2050800539484,423.6133824758754,411.9651146358029,413.3904113769531,578596.0,422.5419189453125,415.80361328125,415.3932144165039,45.134387204019816,-4.874520728738105,418.4035949707031,421.1558837890625,419.9272155761719
2023-01-17,415.6020676166856,415.6020676166856,409.01614915990905,411.2278442382813,638196.0,416.82098999023435,416.08867797851565,413.6754653930664,44.179597346525895,-5.039599425435199,413.3904113769531,418.4035949707031,421.1558837890625
2023-01-18,411.2278722700913,413.83275176257627,409.1636173899581,413.0955200195313,659637.0,415.45465087890625,417.0667388916016,412.90628509521486,45.256677369734604,-4.962514872771294,411.2278442382813,413.3904113769531,418.4035949707031
2023-01-19,409.9007968990808,412.7514199426574,404.0029437062883,407.0010070800781,899465.0,412.62367553710936,416.9733489990234,412.45902862548826,42.38280856444314,-5.331740088814058,413.0955200195313,411.2278442382813,413.3904113769531
2023-01-20,408.9178861354372,408.9178861354372,400.16940851339706,401.00494384765625,641090.0,409.1439453125,416.03460998535155,412.82273254394534,39.71099053334066,-6.038576967914707,407.0010070800781,413.0955200195313,411.2278442382813
2023-01-23,402.9216670328333,411.86675042837845,402.08613182591387,410.6380310058594,481372.0,408.5934692382813,415.56769409179685,413.1692291259766,45.63998051567392,-5.755099456380094,401.00494384765625,407.0010070800781,413.0955200195313
2023-01-24,412.75145761311967,428.5773711244317,409.3110429366621,425.2352600097656,1309441.0,411.39495239257815,414.10797119140625,413.584538269043,53.157465485579664,-4.302965195391664,410.6380310058594,401.00494384765625,407.0010070800781
2023-01-25,433.4922771747296,453.151790878799,429.16719015944176,447.2539367675781,5392461.0,418.2266357421875,416.84064331054685,415.3588119506836,61.75013888986932,-1.35974088834854,425.2352600097656,410.6380310058594,401.00494384765625
2023-01-27,447.9911470980359,456.9362314050311,437.4241589876598,443.9118041992188,2139821.0,425.6087951660156,419.1162353515625,417.0913055419922,59.95246020426543,0.6950908383642513,447.2539367675781,425.2352600097656,410.6380310058594
2023-01-30,445.2879748302704,447.1556225882293,430.98569094917497,434.1311950683594,1194183.0,432.2340454101562,420.6889953613281,418.1799514770508,54.91414567433734,1.5168609404396989,443.9118041992188,447.2539367675781,425.2352600097656
2023-01-31,436.93268412272135,447.2539286295573,435.90057167125246,442.3390502929688,1012769.0,438.5742492675781,423.5838592529297,419.69373626708983,58.096694105729426,2.798169432172017,434.1311950683594,443.9118041992188,447.2539367675781
2023-02-01,445.38627881760544,461.6053772539263,433.4922672980295,448.7775268554688,2373206.0,443.28270263671885,427.3388275146484,421.71375274658203,60.45481693752566,4.283766301823675,442.3390502929688,434.1311950683594,443.9118041992188
2023-02-02,447.2539483934298,452.6111780162587,439.6850234214027,443.42034912109375,1345041.0,442.51598510742195,430.3713104248047,423.7190246582031,57.55265832992862,4.971524414029943,448.7775268554688,442.3390502929688,434.1311950683594
2023-02-03,446.2709266682063,446.2709266682063,434.96670716009095,437.2275390625,724849.0,441.17913208007815,433.3939636230469,425.1836563110352,54.307143617644755,4.95969735294716,443.42034912109375,448.7775268554688,442.3390502929688
2023-02-06,434.74334023766033,471.11981779164427,434.74334023766033,464.7120361328125,3185014.0,447.29530029296876,439.7646728515625,427.899641418457,64.00797918325395,7.086405862232709,437.2275390625,443.42034912109375,448.7775268554688
2023-02-07,466.97940489928766,468.2609491473202,443.61563603430335,451.5021362304688,1520621.0,449.12791748046874,443.85108337402346,429.70938873291016,57.67057333767363,7.618092527016074,464.7120361328125,437.2275390625,443.42034912109375
2023-02-08,452.4879892274054,466.7822721114956,451.9950829210575,462.2475280761719,1125693.0,451.82191772460936,447.55231018066405,430.8301406860352,61.04892078685028,8.805022539514766,451.5021362304688,464.7120361328125,437.2275390625
2023-02-09,458.4028475283617,463.6769508232986,449.6784002197704,458.3042602539063,583335.0,454.7986999511719,448.6573425292969,432.7489929199219,59.182231795015085,9.320048648505235,462.2475280761719,451.5021362304688,464.7120361328125
2023-02-10,457.4169958120756,466.48648276288304,453.57233311419776,456.2340087890625,632416.0,458.59999389648436,449.8895629882812,434.5028991699219,58.17647519967131,9.452199487145492,458.3042602539063,462.2475280761719,451.5021362304688
2023-02-13,456.9240757798565,460.1279662788523,443.6156075532588,446.2773132324219,477173.0,454.9130493164063,451.1041748046875,435.89658508300784,53.47007200394397,8.6537527837026,456.2340087890625,458.3042602539063,462.2475280761719
2023-02-14,448.24894630185617,448.5446780117565,438.2922342455525,443.7142028808594,505324.0,453.3554626464844,451.24169006347654,437.41277465820315,52.29718335132361,7.725106218388248,446.2773132324219,456.2340087890625,458.3042602539063
2023-02-15,442.58051962658817,458.1070660005401,440.85534780726016,454.7552795410156,1247283.0,451.8570129394531,451.83946533203124,439.58914642333986,56.70305714078063,7.790268372659966,443.7142028808594,446.2773132324219,456.2340087890625
2023-02-16,457.0720055035204,464.31773412299935,455.445420732114,457.3677673339844,870826.0,451.6697143554687,453.2342071533203,441.8027587890625,57.69862314989816,7.9609469400024295,454.7552795410156,443.7142028808594,446.2773132324219
2023-02-17,456.0861588522612,463.8247931934524,453.5723489463748,456.1354675292969,489871.0,451.65000610351564,455.125,444.2594818115234,57.03245830116222,7.905643303899637,457.3677673339844,454.7552795410156,443.7142028808594
2023-02-20,456.4311920235498,471.021205134303,454.55815427190873,465.352783203125,1169223.0,455.46510009765626,455.18907470703124,447.47687377929685,60.68848076843227,8.507505884307932,456.1354675292969,457.3677673339844,454.7552795410156
2023-02-21,467.4723166561504,471.0212177184495,456.72693594488686,459.19146728515625,630296.0,458.5605529785156,455.9580078125,449.90454559326173,57.18572634640417,8.390598022119661,465.352783203125,456.1354675292969,457.3677673339844
2023-02-22,456.7269333448986,462.0503450772652,448.8897417782229,450.7135009765625,420361.0,457.752197265625,454.8046051025391,451.17845764160154,52.680121652674345,7.527079187843697,459.19146728515625,465.352783203125,456.1354675292969
2023-02-23,451.50216270888734,465.2049515864049,450.9106691425646,457.3184509277344,772032.0,457.742333984375,454.7060241699219,451.6816833496094,55.61420201194534,7.291645006805368,450.7135009765625,459.19146728515625,465.352783203125
2023-02-24,457.4170173142399,461.4095460565219,451.9950483590064,454.3609924316406,565478.0,457.38743896484374,454.5187225341797,452.20414276123046,53.99964602769013,6.788169742693185,457.3184509277344,450.7135009765625,459.19146728515625
2023-02-27,453.9666638945805,454.26239561571646,431.7858822710668,447.8546142578125,646184.0,453.88780517578124,454.67645263671875,452.89031372070315,50.52448733604505,5.797323687226481,454.3609924316406,457.3184509277344,450.7135009765625
2023-02-28,449.6290841742705,455.4453718673428,438.7851467488576,441.7425842285156,381050.0,450.3980285644531,454.4792907714844,452.8604904174805,47.43615473751688,4.467384083743411,447.8546142578125,454.3609924316406,457.3184509277344
2023-03-01,444.9465054693377,456.4312157892285,443.61565249493054,453.4244995117188,448273.0,450.9402282714844,454.34621276855466,453.092839050293,53.31044186460141,4.306388928862646,441.7425842285156,447.8546142578125,454.3609924316406
2023-03-02,454.6567641420962,459.9308372638672,444.8971957425081,446.770263671875,743257.0,448.8305908203125,453.2864624023438,453.26033477783204,49.890234722735,3.6003552342094167,453.4244995117188,441.7425842285156,447.8546142578125
2023-03-03,451.255667107822,458.107075944286,447.5588702718759,449.3826293945313,525246.0,447.8349182128906,452.6111785888672,453.8680892944336,51.21353958522163,3.2145590896734575,446.770263671875,453.4244995117188,441.7425842285156
2023-03-06,449.38269112329806,455.9876176600316,447.80538490637485,451.4035949707031,538671.0,448.5447143554687,451.216259765625,453.2026672363281,52.263795291665865,3.036880628211179,449.3826293945313,446.770263671875,453.4244995117188
2023-03-08,450.17126176584446,457.12125778194127,444.8478804050658,446.32659912109375,645986.0,449.4615173339844,449.9297729492188,452.9438903808594,49.38742559991262,2.4580630122452476,451.4035949707031,449.3826293945313,446.770263671875
2023-03-09,447.5589390463151,453.42453629453433,438.7359038748823,440.1653442382813,704236.0,446.8096862792969,448.8749572753906,451.8397811889648,46.07350525960707,1.485065196979349,446.32659912109375,451.4035949707031,449.3826293945313
2023-03-10,439.5738226375384,447.7560850880189,427.8919375680137,430.1100158691406,1205611.0,443.47763671875,446.15411376953125,450.43006896972656,41.21309757178828,-0.09631330536251426,440.1653442382813,446.32659912109375,451.4035949707031
2023-03-13,408.37285180523264,418.8717495221081,397.578192270441,400.4370727539063,13269484.0,433.688525390625,440.7617218017578,447.6402221679688,30.865423612800953,-3.701259864191968,430.1100158691406,440.1653442382813,446.32659912109375
2023-03-14,409.60509761699024,430.208573044581,404.2817160836554,425.2795104980469,12142642.0,428.4637084960938,438.50421142578125,446.59033203125,43.62682200661824,-4.501735668708648,400.4370727539063,430.1100158691406,440.1653442382813
2023-03-15,432.77172699416025,435.630577488133,412.06966260491794,417.0480041503906,5340688.0,422.6079895019531,436.0347534179688,445.25702209472655,40.93080261065053,-5.734231626832923,425.2795104980469,400.4370727539063,430.1100158691406
2023-03-16,417.0479731936263,417.9845071184198,401.02851979580953,407.7813415527344,3489547.0,416.1311889648438,431.47043762207034,442.9083251953125,38.07799659588118,-7.373735942249596,417.0480041503906,425.2795104980469,400.4370727539063
2023-03-17,413.0554978747807,417.540933371556,405.6619030440864,412.5625915527344,3624778.0,412.6217041015625,428.04967041015624,440.66806640625,40.386698906838724,-8.19280643504328,407.7813415527344,417.0480041503906,425.2795104980469
2023-03-20,412.0696391075492,412.463958104127,395.5572791672347,398.5639953613281,1790040.0,412.24708862304686,422.9678070068359,437.78949279785155,36.13836052030263,-9.857860147685585,412.5625915527344,407.7813415527344,417.0480041503906
2023-03-21,400.0920299635831,405.1689585858755,399.25408327805246,403.44378662109375,2179679.0,407.87994384765625,418.171826171875,434.69404296875,38.56442379277654,-10.660778025498871,398.5639953613281,412.5625915527344,407.7813415527344
2023-03-22,404.1831092992524,409.8022523648172,404.1831092992524,407.8306274414063,1256764.0,406.0364685058594,414.3222290039063,432.1260009765625,40.74379499636765,-10.818406975150992,403.44378662109375,398.5639953613281,412.5625915527344
2023-03-23,408.47140729294114,418.3788106876578,405.1689294664992,407.6827392578125,1654842.0,406.016748046875,411.0739685058594,429.974462890625,40.69138911004899,-10.830416098781654,407.8306274414063,403.44378662109375,398.5639953613281
2023-03-24,408.2249940179234,412.8582950775272,400.97926556244175,404.9225158691406,1176131.0,404.4887329101563,408.5552185058594,427.3546661376953,39.665899327173726,-10.936590171391686,407.6827392578125,407.8306274414063,403.44378662109375
2023-03-27,406.0561592293573,409.7036774817281,399.25405905497234,408.7178649902344,1343413.0,406.5195068359375,409.3832977294922,425.072509765625,41.836459547463555,-10.592378587037217,404.9225158691406,407.6827392578125,407.8306274414063
2023-03-28,407.1405927114482,408.0278180103619,395.40942910787135,398.4654541015625,1970141.0,405.5238403320312,406.70189208984374,422.6030517578125,37.87280808702013,-11.019842418482142,408.7178649902344,404.9225158691406,407.6827392578125
2023-03-29,400.1413359971624,410.0980494650392,399.2541106570694,408.8657836914063,1781834.0,405.7308715820312,405.88367004394536,420.959211730957,43.69994394104029,-10.399511807250803,398.4654541015625,408.7178649902344,404.9225158691406
2023-03-31,412.0696403014472,418.4774217893884,406.1547650818093,407.6334838867188,1387772.0,405.7210205078125,405.8688842773438,418.669660949707,43.18312144265292,-9.893287958856547,408.8657836914063,398.4654541015625,408.7178649902344
2023-04-03,409.8022707269752,416.1607433391167,408.9150154039976,413.9919738769531,1074114.0,407.534912109375,406.0118225097657,417.03074645996094,46.68674945172786,-8.87669983956772,407.6334838867188,408.8657836914063,398.4654541015625
2023-04-05,415.027089551418,418.3788462529631,413.1540516962556,415.7664489746094,928669.0,408.94462890625,407.7320678710938,415.34993743896484,47.65681562234129,-7.8375151247611825,413.9919738769531,407.6334838867188,408.8657836914063
2023-04-06,415.717157607094,420.6462202769215,411.28100120424926,417.29443359375,755991.0,412.7104248046875,409.1171325683594,413.6444793701172,48.5253624753376,-6.812132143545341,415.7664489746094,413.9919738769531,407.6334838867188
2023-04-10,419.9561622551306,420.94197484258393,411.9710742798359,412.80902099609375,589290.0,413.499072265625,409.61497192382814,411.9686004638672,46.10675300533968,-6.288948964986446,417.29443359375,415.7664489746094,413.9919738769531
2023-04-11,415.02704096460536,419.6110628348224,414.0412285157583,416.6536254882813,1076902.0,415.3031005859375,410.512060546875,410.7930145263672,48.47720064139131,-5.500686583946845,412.80902099609375,417.29443359375,415.7664489746094
2023-04-12,417.0479753881524,434.743322191468,416.6536563962841,425.9202880859375,2123272.0,417.6887634277344,412.61183776855466,410.58352813720705,53.756792283319164,-4.081195262419669,416.6536254882813,412.80902099609375,417.29443359375
2023-04-13,428.0890942429639,439.5738042834522,424.8852034973343,438.0458068847656,2568253.0,422.14463500976564,415.5446319580078,412.46396484375,59.59168980486762,-1.9552709865312181,425.9202880859375,416.6536254882813,412.80902099609375
2023-04-17,437.6021700750815,455.6918357705084,431.3915632547252,452.6851196289063,3113424.0,429.2227722167969,420.9665985107422,413.834245300293,65.28660672284242,0.9004299156094362,438.0458068847656,425.9202880859375,416.6536254882813
2023-04-18,454.6074530241008,464.21912542060943,451.8964685020086,461.4588623046875,3283950.0,438.95274047851564,426.2259063720703,416.05478820800784,68.18096686845206,3.8274408083391336,452.6851196289063,438.0458068847656,425.9202880859375
2023-04-19,462.24745725166815,462.24745725166815,450.565573564171,458.1563415527344,1081397.0,447.25328369140624,431.2781921386719,418.5735382080078,65.95187487081478,5.813616452819531,461.4588623046875,452.6851196289063,438.0458068847656
2023-04-20,454.4596087884749,473.042182323104,454.4596087884749,470.8733825683594,3508797.0,456.2439025878906,436.9663330078125,421.48907775878905,70.01692749574482,8.317949743014253,458.1563415527344,461.4588623046875,452.6851196289063
2023-04-21,470.08470451915593,470.8240639065454,455.7904230296259,459.7336730957031,1073677.0,460.58147583007815,441.36305541992186,424.5475616455078,62.92933722304195,9.296604986880652,470.8733825683594,458.1563415527344,461.4588623046875
2023-04-24,460.1279962956272,461.36026195255175,446.9181144703182,451.3049621582031,973271.0,460.3054443359375,444.7641082763672,426.9406204223633,58.13421842317952,9.285037653164864,459.7336730957031,470.8733825683594,458.1563415527344
2023-04-25,453.4737940875769,460.3744822584748,451.3049943428781,453.1287536621094,704092.0,458.63942260742186,448.79608154296875,429.2055267333984,58.86461791247069,9.315650173748509,451.3049621582031,459.7336730957031,470.8733825683594
2023-04-26,453.1287217023584,459.3393586688901,449.7276865373487,458.3535461425781,847880.0,458.6788635253906,452.96607360839846,431.7390670776367,60.9656227551694,9.650265649300195,453.1287536621094,451.3049621582031,459.7336730957031
2023-04-27,458.4028291680871,466.6836484522658,455.6918446945124,464.02197265625,703216.0,457.30858154296874,456.7762420654297,434.6940399169922,63.16380855316199,10.254636405887993,458.3535461425781,453.1287536621094,451.3049621582031
2023-04-28,468.2116613245647,483.0481274922689,467.6201678045909,473.1900024414063,2607948.0,459.9998474121094,460.29066162109376,437.91764678955076,66.45424075389323,11.342637107946302,464.02197265625,458.3535461425781,453.1287536621094
2023-05-02,476.6403462810182,486.9913775859834,476.1474400284008,480.2385559082031,2112246.0,465.78656616210935,463.04600524902344,442.0063018798828,68.76437437289472,12.628076258101771,473.1900024414063,464.02197265625,458.3535461425781
2023-05-03,479.0063056666157,491.6247241898032,475.70382765105205,482.5552368164063,1185103.0,471.67186279296874,465.1556427001953,445.69077453613284,69.50763560392127,13.676083456648882,480.2385559082031,473.1900024414063,464.02197265625
2023-05-04,495.8636870065686,500.15197739422337,481.5201271796858,490.6881713867188,3966042.0,478.1387878417969,468.40882568359376,449.8435089111328,72.02436736438557,14.990100020018133,482.5552368164063,480.2385559082031,473.1900024414063
2023-05-05,490.4417631511367,504.34172667646334,485.6112874807415,493.2020263671875,2906461.0,483.97479858398435,470.6416900634766,453.8040115356445,72.77242056905683,16.049308265885884,490.6881713867188,482.5552368164063,480.2385559082031
2023-05-08,497.5889162503756,519.9175959952748,495.66656962180366,512.62255859375,5157621.0,491.86130981445314,475.9305786132812,458.6468170166016,77.72728075968493,18.245490422278635,493.2020263671875,490.6881713867188,482.5552368164063
2023-05-09,513.5590414929875,519.8682054846281,508.8764320488356,514.2984008789062,4720804.0,498.67327880859375,482.22992248535155,463.49701538085935,78.09767924822424,19.891905565592765,512.62255859375,493.2020263671875,490.6881713867188
2023-05-10,516.4672199018194,537.2678406749397,512.2281777941432,531.747314453125,5824799.0,508.5116943359375,490.09177856445314,469.4439300537109,81.53997498469545,22.347079702991948,514.2984008789062,512.62255859375,493.2020263671875
2023-05-11,537.514275841432,546.3373099179737,530.5150310260866,539.4859008789062,6443101.0,518.271240234375,498.20501403808595,475.5855438232422,82.82891777354604,24.633304742578048,531.747314453125,514.2984008789062,512.62255859375
2023-05-12,561.9131401147736,565.8563902208422,522.4806390540876,526.4238891601562,9554296.0,524.9156127929688,504.44520568847656,480.6107238769531,73.50018022175526,25.101801434289882,539.4859008789062,531.747314453125,514.2984008789062
2023-05-15,528.3954444054119,544.168442745872,516.8121487491366,538.8450317382812,4609617.0,530.160107421875,511.0107086181641,485.6506851196289,76.24057411836262,26.17365720828161,526.4238891601562,539.4859008789062,531.747314453125
2023-05-16,540.7181577839101,546.6330328006895,533.324564012936,535.1976318359375,3025986.0,534.3399536132813,516.5066162109375,489.7763107299805,73.82629400169597,26.42419427879156,538.8450317382812,526.4238891601562,539.4859008789062
2023-05-17,536.6270047657406,536.6270047657406,520.508994624874,525.2901611328125,2825295.0,533.0485229492188,520.7801086425782,492.9678756713867,67.56733129863574,25.529014043998302,535.1976318359375,538.8450317382812,526.4238891601562
2023-05-18,527.4097032501178,530.0221305208211,512.6225153085256,514.1505126953125,2651993.0,527.9814453125,523.1263427734375,495.7675842285156,61.27688647113439,23.648100149428103,525.2901611328125,535.1976318359375,538.8450317382812
2023-05-19,515.67859214294,537.0214608693216,510.65097151043335,528.1984252929688,4011432.0,528.3363525390625,526.6259826660156,498.6338363647461,65.6233242274938,23.025586847803652,514.1505126953125,525.2901611328125,535.1976318359375
2023-05-22,527.4096948553656,534.6061141718844,520.0653795940963,521.346923828125,2036828.0,524.8367309570312,527.4984191894531,501.71449890136716,61.9698799187049,21.728904379559935,528.1984252929688,514.1505126953125,525.2901611328125
2023-05-23,525.1915828097991,536.9720536227642,521.0018798967222,522.3327026367188,2501404.0,522.2637451171875,528.3018493652344,505.265885925293,62.29513200888821,20.54399985065794,521.346923828125,528.1984252929688,514.1505126953125
2023-05-24,522.4314131113415,531.796633057065,519.9176029492296,524.353759765625,2403036.0,522.07646484375,527.5624938964844,508.82713623046874,62.993926072481216,19.542760120625587,522.3327026367188,521.346923828125,528.1984252929688
2023-05-25,525.6352305740228,533.9160193707237,518.2909155054372,520.85400390625,2665334.0,523.4171630859375,525.6993041992188,511.95215911865233,60.8894795826193,18.256420718050492,524.353759765625,522.3327026367188,521.346923828125
2023-05-26,525.339526123175,540.0280968533675,522.5299242853719,531.5008544921875,3362864.0,524.0776489257812,526.2070007324219,515.3261032104492,64.7477618722676,17.889875982511626,520.85400390625,524.353759765625,522.3327026367188
2023-05-29,532.782399301399,544.7599855614176,527.4097089243069,528.888427734375,3976323.0,525.5859497070312,525.2113403320312,518.1110244750977,63.10279687683166,17.19042511236347,531.5008544921875,520.85400390625,524.353759765625
2023-05-30,536.9721445892504,536.9721445892504,524.4523123177446,525.5366821289062,4055275.0,526.2267456054688,524.2452453613281,520.3759307861328,60.96282249403676,16.17914429557345,528.888427734375,531.5008544921875,520.85400390625
2023-05-31,504.637424938852,565.3142038322203,495.863699493562,533.8667602539062,81135054.0,528.129345703125,525.1029052734375,522.9415069580078,64.21122274786723,15.866960209249953,525.5366821289062,528.888427734375,531.5008544921875
2023-06-01,531.3529333078694,539.2394332456486,518.0444646628671,522.6777954101562,5829695.0,528.4941040039063,525.9556335449219,524.5409881591797,57.312538196778426,14.548984482181766,533.8667602539062,525.5366821289062,528.888427734375
2023-06-02,528.3955753041255,529.4306665427972,520.6076313765412,524.2058715820312,2220700.0,527.035107421875,525.5563781738281,526.0911804199219,57.976566600609104,13.472479838136167,522.6777954101562,533.8667602539062,525.5366821289062
2023-06-05,527.064714914608,531.0079651968257,517.600878135751,521.5441284179688,1934956.0,525.5662475585938,525.5760986328125,526.5372589111328,56.332750948077496,12.263199196942878,524.2058715820312,522.6777954101562,533.8667602539062
2023-06-06,524.1565897929602,527.3112022571785,516.5165418756512,520.558349609375,1404825.0,524.5705810546875,525.3986633300781,526.8502563476562,55.70284456900312,11.09736791558521,521.5441284179688,524.2058715820312,522.6777954101562
2023-06-07,522.3820777967194,527.064687261171,520.854020257153,525.3887939453125,1519065.0,522.8749877929688,525.5021667480469,526.5323303222656,58.17106606317146,10.442836198692135,520.558349609375,521.5441284179688,524.2058715820312
2023-06-08,526.4238076230682,536.2819313613279,521.0511181518742,523.072021484375,2628912.0,522.9538330078125,525.7239685058594,525.711636352539,56.543742819916844,9.62620601109495,525.3887939453125,520.558349609375,521.5441284179688
2023-06-09,525.832352647645,532.3386903509154,521.5933112372579,527.754638671875,3872644.0,523.6635864257812,525.3493469238281,525.778173828125,59.03798204260414,9.250237793477936,523.072021484375,525.3887939453125,520.558349609375
2023-06-12,528.0997756488337,529.8249475478932,519.6710906901294,521.346923828125,1088532.0,523.6241455078125,524.5951965332031,524.9032684326172,54.43378868549376,8.339103244635794,527.754638671875,523.072021484375,525.3887939453125
2023-06-13,524.4522554485671,526.621055004943,520.6075625909364,522.1356201171875,1020347.0,523.939599609375,524.2550903320313,524.2501678466797,54.900007529230635,7.5931348178085045,521.346923828125,527.754638671875,523.072021484375
2023-06-14,524.2551145690611,524.2551145690611,500.7927873529076,502.6165466308594,2256756.0,519.3851501464844,521.1300689697266,523.116487121582,43.136732875442654,5.36507808200804,522.1356201171875,521.346923828125,527.754638671875
2023-06-15,505.0317777235449,511.5381769177969,505.0317777235449,507.1020202636719,1019204.0,516.1911499023438,519.5724914550781,522.7640625,46.0001347293547,3.916124654787609,502.6165466308594,522.1356201171875,521.346923828125
2023-06-16,510.25658425562654,515.4814392382135,506.80624011124553,512.62255859375,1214715.0,513.1647338867188,518.41416015625,521.9852691650391,49.37876766551899,3.176661356033719,507.1020202636719,502.6165466308594,522.1356201171875
2023-06-19,514.3476999402208,522.4806535089928,512.721085158777,515.0377807617188,1182382.0,511.9029052734375,517.763525390625,521.6698120117187,50.82828700199286,2.753775795126785,512.62255859375,507.1020202636719,502.6165466308594
2023-06-20,515.1856302089659,517.354429918679,507.2991295694457,508.4821166992188,816671.0,509.1722045898438,516.5559020996094,520.9772827148438,46.9024595715379,1.868114182078557,515.0377807617188,512.62255859375,507.1020202636719
2023-06-21,510.6508719869506,517.3543849135531,500.7927470451176,505.5739135742188,1682425.0,509.7636779785156,514.5744140625,520.0382904052734,45.23337829282733,0.9209372937121998,508.4821166992188,515.0377807617188,512.62255859375
2023-06-22,508.6792360298365,513.6082983944667,505.0809964359691,506.7076110839844,725732.0,509.68479614257814,512.9379730224609,519.3309707641602,46.03952625647305,0.25878953530150284,505.5739135742188,508.4821166992188,515.0377807617188
2023-06-23,508.6792742174505,509.56652957737936,498.1310679314223,499.7083740234375,668179.0,507.1019592285156,510.1333465576172,517.7413467407226,41.93542513341198,-0.8212800641271087,506.7076110839844,505.5739135742188,508.4821166992188
2023-06-26,501.285687453176,510.6509067861263,501.23640885895264,509.0242919921875,1286593.0,505.8992614746094,508.9010833740234,516.7481399536133,48.51405606034992,-0.9149789714244321,499.7083740234375,506.7076110839844,505.5739135742188
2023-06-27,512.523948135888,514.9884794114612,509.2214401250875,512.474609375,802623.0,506.6977600097656,507.9349822998047,516.0950363159179,50.74011048928502,-0.7027236919437883,509.0242919921875,499.7083740234375,506.7076110839844
2023-06-28,516.2700791748848,522.3327906634144,505.919046704041,507.5949401855469,1842935.0,507.1019653320312,508.4328216552734,514.7814453125,47.60525169750157,-0.9176799331966663,512.474609375,509.0242919921875,499.7083740234375
2023-06-30,511.0852029487119,512.0739535364644,502.38417967192544,510.0469665527344,1292014.0,507.76983642578125,508.72731628417966,514.1499038696289,49.30033521532693,-0.8800318087821211,507.5949401855469,512.474609375,509.0242919921875
2023-07-03,510.2447403410517,514.1503173211819,508.26723912058566,509.0582275390625,788224.0,509.6398071289062,508.3708831787109,513.3925216674804,48.617311939152934,-0.9193803299607453,510.0469665527344,507.5949401855469,512.474609375
2023-07-04,510.5413020842804,511.0356773396534,502.77963471434106,504.1638793945313,776522.0,508.667724609375,507.2834930419922,512.5235092163086,45.27360232290563,-1.330164005320114,509.0582275390625,510.0469665527344,507.5949401855469
2023-07-05,505.2515676793872,511.4312590648983,503.323491897398,509.99755859375,866807.0,508.172314453125,507.43503723144534,511.99546966552737,49.71301555799655,-1.1714797806034198,504.1638793945313,509.0582275390625,510.0469665527344
2023-07-06,509.99750628830776,521.0715241851,509.99750628830776,518.0558471679688,1385717.0,510.2644958496094,508.6832305908203,511.62882232666016,55.127909663007365,-0.3909778974192477,509.99755859375,504.1638793945313,509.0582275390625
2023-07-07,522.0603307391776,533.9253382559771,518.154753695188,529.2781982421875,3616985.0,514.1107421875,510.94028930664064,511.93913116455076,61.36696602827153,1.12021230071025,518.0558471679688,509.99755859375,504.1638793945313
2023-07-10,531.1567681978697,537.7319226593569,526.0152536488869,528.2893676757812,2035474.0,517.9569702148438,513.798388671875,511.9658676147461,60.5678542875132,2.212546202201338,529.2781982421875,518.0558471679688,509.99755859375
2023-07-11,533.9253327017573,542.626326053854,532.096168201365,534.0736694335938,2123513.0,523.9389282226563,516.3033264160156,512.6022048950196,63.55734119689169,3.504574941004762,528.2893676757812,529.2781982421875,518.0558471679688
2023-07-12,535.9522367079574,543.2195896378963,534.8152097566858,536.7432250976562,1847684.0,529.2880615234375,518.7301879882813,513.3325851440429,64.8806624406659,4.689866000835764,534.0736694335938,528.2893676757812,529.2781982421875
2023-07-13,539.5611432883112,544.6037465434617,527.0040002556634,536.2982788085938,1612941.0,532.9365478515625,521.6005218505859,515.0166717529297,64.460514452616,5.529572785326991,536.7432250976562,534.0736694335938,528.2893676757812
2023-07-14,541.8353129282777,545.7903152124258,537.138747715852,541.09375,1312952.0,535.299658203125,524.7052001953125,516.7162582397461,66.94497914354291,6.506992352145176,536.2982788085938,536.7432250976562,534.0736694335938
2023-07-17,543.0218083912308,545.246497105221,533.1837284529876,538.2758178710938,1182995.0,537.2969482421875,527.6269592285156,517.9989212036132,64.10886499832125,6.973830847464342,541.09375,536.2982788085938,536.7432250976562
2023-07-18,540.8465736624219,542.8240748458311,531.0579186651274,537.2376098632812,862210.0,537.929736328125,530.9343322753906,519.1089126586915,63.04906749522033,7.177293635510409,538.2758178710938,541.09375,536.2982788085938
2023-07-19,537.7814527487805,550.9318231032387,537.7814527487805,547.7183837890625,2227259.0,540.1247680664062,534.7064147949219,521.0707260131836,68.67824072421702,8.09098241640072,537.2376098632812,538.2758178710938,541.09375
2023-07-20,549.6465040013942,558.6441106710118,548.7566042874541,557.0621337890625,1854360.0,544.2775390625,538.6070434570313,523.6451370239258,72.67487098277284,9.46000089240988,547.7183837890625,537.2376098632812,538.2758178710938
2023-07-21,558.6440192905668,574.4640269164944,554.2440675998978,565.6641235351562,2413588.0,549.1916137695313,542.2456359863281,526.5929626464844,75.74346216109095,11.110986049741882,557.0621337890625,547.7183837890625,537.2376098632812
2023-07-24,567.4440142413836,576.6393830881195,559.6328600761657,574.266357421875,2398697.0,556.3897216796875,546.8433349609375,530.3208618164062,78.3605593499749,12.964090103575018,565.6641235351562,557.0621337890625,547.7183837890625
2023-07-25,580.3965576254686,591.2728133901708,579.3583816449102,588.0099487304688,2169996.0,566.544189453125,552.236962890625,534.2701446533204,81.74868078278914,15.364568197678977,574.266357421875,565.6641235351562,557.0621337890625
2023-07-26,590.0863132040475,597.1064782828853,584.3515721125839,590.5806884765625,2446274.0,575.116650390625,557.6207092285156,538.1754486083985,82.30671891592912,17.275263114996505,588.0099487304688,574.266357421875,565.6641235351562
2023-07-27,590.8772529424527,598.1940305129357,579.7043847728281,584.8953247070312,1311424.0,580.6832885742188,562.4804138183594,542.0404678344727,76.71992544387047,18.121843924841187,590.5806884765625,588.0099487304688,574.266357421875
2023-07-28,590.1852361553194,598.4412792303975,554.9362543875433,558.742919921875,3698927.0,579.2990478515625,564.2453308105469,544.4752655029297,57.41424739347163,16.492371027472245,584.8953247070312,590.5806884765625,588.0099487304688
2023-07-31,549.5475251867906,568.8281602650593,549.5475251867906,563.6866455078125,1651725.0,577.18310546875,566.7864135742187,547.2066864013672,59.48950423964765,15.422142496189963,558.742919921875,584.8953247070312,590.5806884765625
2023-08-01,568.531599915484,568.531599915484,558.742944751433,560.6710205078125,1037389.0,571.7153198242188,569.1297546386719,550.0320434570312,57.64418835879618,14.167330769445243,563.6866455078125,558.742919921875,584.8953247070312
2023-08-02,559.6328031953985,562.351867168521,540.8465430174612,548.3610229492188,1355336.0,563.27138671875,569.1940185546875,551.9502166748047,50.726926251022476,12.040770998581479,560.6710205078125,563.6866455078125,558.742919921875
2023-08-03,542.8734791259876,561.1159389009339,542.8734791259876,557.1115112304688,1425261.0,557.7146240234375,569.1989562988281,553.9029998779297,54.87245049200784,10.935490801695778,548.3610229492188,560.6710205078125,563.6866455078125
2023-08-04,558.644088820351,560.127214719874,542.9229301459877,551.4756469726562,638424.0,556.2611694335938,567.7801086425782,555.0128723144531,51.846892671268165,9.495324942524576,557.1115112304688,548.3610229492188,560.6710205078125
2023-08-07,551.4756363015249,553.7003251077615,547.0756841483701,550.2891235351562,569876.0,553.5816650390625,565.3823852539062,556.1128601074219,51.20674706366317,8.164129594113774,551.4756469726562,557.1115112304688,548.3610229492188
2023-08-08,551.5250487131906,555.6283876648155,546.2846828299605,550.2396850585938,981629.0,551.4953979492187,561.6053588867187,556.9211608886719,51.178392946929456,7.024187951569161,550.2891235351562,551.4756469726562,557.1115112304688
2023-08-09,550.2396469735369,554.0463122156985,547.1250587946478,548.2621459960938,540961.0,551.4756225585937,557.3735046386719,557.4971069335937,49.98610029867976,5.893271150269811,550.2396850585938,550.2891235351562,551.4756469726562
2023-08-10,548.7565345797642,556.1227379695073,548.262159323386,554.0463256835938,724768.0,550.8625854492187,554.2886047363281,558.3845092773438,53.40537087681971,5.401481481584938,548.2621459960938,550.2396850585938,550.2891235351562
2023-08-11,553.7003329389912,553.7003329389912,547.8666802918224,549.3992919921875,1169346.0,550.447314453125,553.3542419433594,558.7997863769531,50.422815142301275,4.583917298752908,554.0463256835938,548.2621459960938,550.2396850585938
2023-08-14,548.7071145598029,548.7071145598029,529.1298662829868,543.5161743164062,1954468.0,549.092724609375,551.3371948242187,559.0618041992187,46.85520131602947,3.4218286537509357,549.3992919921875,554.0463256835938,548.2621459960938
2023-08-16,543.8127687968469,553.7002736840623,541.8846932741317,548.2621459960938,1074965.0,548.697216796875,550.0963073730469,559.6130310058594,49.932762323078926,2.8509611752343744,543.5161743164062,549.3992919921875,554.0463256835938
2023-08-17,548.8554004311885,565.1697843357373,548.8554004311885,560.522705078125,1689856.0,551.1493286132812,551.3124755859375,560.2532470703125,56.87975635996207,3.349261041342288,548.2621459960938,543.5161743164062,549.3992919921875
2023-08-18,562.5991045807864,570.0147342545225,558.644102088127,560.4732666015625,1444993.0,552.434716796875,551.6486511230469,560.4238037109375,56.84550491388837,3.697554892255539,560.522705078125,548.2621459960938,543.5161743164062
2023-08-21,563.6372606133357,588.2077489339866,563.6372606133357,584.2527465820312,2154652.0,559.4054077148437,554.9263610839844,561.3532348632813,67.10584715638942,5.825235886230644,560.4732666015625,560.522705078125,548.2621459960938
2023-08-22,590.1851987408036,609.4163477244884,586.47738435857,604.4725952148438,3295859.0,571.5966918945312,560.3447082519531,562.8635467529297,72.98707106520344,9.038817343543997,584.2527465820312,560.4732666015625,560.522705078125
2023-08-23,612.3826087735317,618.9083983970843,574.5134760292159,580.1987915039062,3431091.0,577.9840209960937,563.3406188964843,562.4729888916015,59.28366129914946,9.517202322121648,604.4725952148438,584.2527465820312,560.4732666015625
2023-08-24,584.3515856083868,593.0031530772081,580.495434254294,582.3740844726562,1217431.0,582.354296875,566.7518127441406,562.0626586914062,60.00829287645726,9.957074866125595,580.1987915039062,604.4725952148438,584.2527465820312
2023-08-25,583.3628261063175,583.3628261063175,566.7518288902872,579.3583984375,1151562.0,586.1313232421875,569.2830200195312,561.7858123779297,58.455104853112836,9.947665866559191,582.3740844726562,580.1987915039062,604.4725952148438
2023-08-28,582.7696584991699,587.7134117597717,578.7651700792418,583.7089233398438,582820.0,586.02255859375,572.7139831542969,563.0341125488281,60.06111723857166,10.17398084923343,579.3583984375,582.3740844726562,580.1987915039062
2023-08-29,583.7088730065319,587.021223614641,571.5966785624938,573.4259033203125,1190928.0,579.8132202148438,575.7049560546875,563.5210754394532,54.68055293188089,9.41505246259976,583.7089233398438,579.3583984375,582.3740844726562
2023-08-30,574.4146925252929,577.8258942801251,567.1473391609029,572.8821411132812,1245028.0,578.3498901367187,578.1669555664063,564.1316314697266,54.40300987369693,8.669779362965755,573.4259033203125,583.7089233398438,579.3583984375
2023-08-31,575.4033720060088,598.9356221005481,571.5472208732909,588.8997802734375,3932793.0,579.655029296875,581.0046630859375,566.1585693359375,60.72668063590029,9.264835421749694,572.8821411132812,573.4259033203125,583.7089233398438
2023-09-01,591.025652542855,592.2121652952097,581.1381468541414,585.5875244140625,831685.0,580.9008544921875,583.5160888671875,567.5823699951172,58.90734600599621,9.361239724929419,588.8997802734375,572.8821411132812,573.4259033203125
2023-09-04,589.2953517634215,591.0750907560849,575.6011802284721,576.6887817382812,1018935.0,579.496826171875,582.7596923828125,568.8430267333985,54.20851318332591,8.6202181567038,585.5875244140625,588.8997802734375,572.8821411132812
2023-09-05,583.214527325477,586.9718279490926,571.4978566528949,572.3877563476562,876543.0,579.2891967773437,579.5512084960938,569.9479583740234,52.04754282582123,7.598307858053204,576.6887817382812,585.5875244140625,588.8997802734375
2023-09-06,577.3808977168572,580.3965748349619,566.6034925455807,568.5809936523438,765700.0,578.4289672851562,578.3894287109375,570.865023803711,50.142284313250045,6.407402105831352,572.3877563476562,576.6887817382812,585.5875244140625
2023-09-07,572.1899622000197,586.971795169069,569.0259483324587,577.0842895507812,1182455.0,576.065869140625,577.86044921875,572.3061309814453,54.17734524056946,6.079663059882478,568.5809936523438,572.3877563476562,576.6887817382812
2023-09-08,581.8797398658855,586.3291176558541,574.6124469483564,585.2415161132812,745266.0,575.9966674804688,578.4487609863281,573.8658905029297,57.71295988398022,6.404322472630383,577.0842895507812,568.5809936523438,572.3877563476562
2023-09-11,587.8616537675931,601.1603613305524,580.8415486875268,598.49072265625,1645727.0,580.3570556640625,579.9269409179688,576.3204620361328,62.74150156786681,7.642618289776465,585.2415161132812,577.0842895507812,568.5809936523438
2023-09-12,600.6659663109795,603.1378427155514,572.5360007572418,577.0842895507812,1654348.0,581.2963623046875,580.2927795410156,577.9988677978515,51.9853921349806,6.8180620208389655,598.49072265625,585.2415161132812,577.0842895507812
2023-09-13,577.4302686123599,579.9021447622416,559.6821857865017,565.1697387695312,1863052.0,580.614111328125,579.5215393066406,578.8442474365235,47.1412240221774,5.143894944154681,577.0842895507812,598.49072265625,585.2415161132812
2023-09-14,580.396484375,587.7132614690563,575.5021578288769,580.396484375,934075.0,581.2765502929688,578.6712097167969,579.8379364013672,53.14970039275804,4.9882748617851576,565.1697387695312,577.0842895507812,598.49072265625
2023-09-15,583.0662330295029,594.9806655291771,575.9966421953877,592.5087890625,1521844.0,582.7300048828125,579.3633361816406,581.4397125244141,57.30697368176239,5.7757275944098865,580.396484375,565.1697387695312,577.0842895507812
2023-09-18,591.2728201053812,593.2503211759678,580.3965642171552,592.1627197265625,1034472.0,581.464404296875,580.9107299804688,581.8352111816406,57.150932031150916,6.299250812894002,592.5087890625,580.396484375,565.1697387695312
2023-09-20,586.3290995928393,606.0052604639569,579.2595087382624,596.4143676757812,1783825.0,585.330419921875,583.3133911132812,581.4322998046875,58.64092009692319,6.976795041981404,592.1627197265625,592.5087890625,580.396484375
2023-09-21,591.2728647894961,611.0478769898137,578.7157199725849,584.3021850585938,1867914.0,589.1569091796875,584.8855102539062,581.6374694824219,52.98804836209296,6.461912903946768,596.4143676757812,592.1627197265625,592.5087890625
2023-09-22,589.8885908281208,589.8885908281208,572.5360296616917,573.5247802734375,606387.0,587.782568359375,584.5295593261719,581.1950042724609,48.507287057329414,5.1251391901015495,584.3021850585938,596.4143676757812,592.1627197265625
2023-09-25,576.0955122062618,579.1606146660164,561.1159177515395,562.9945678710938,1152480.0,581.8797241210938,582.3048645019531,580.3768127441406,44.54387270560999,3.179386268923622,573.5247802734375,584.3021850585938,596.4143676757812
2023-09-26,565.1698344520692,578.3202660746222,564.972132605439,570.8057250976562,878926.0,577.6083251953125,579.5363647460938,579.7316528320313,47.94180359141592,2.2418159097900343,562.9945678710938,573.5247802734375,584.3021850585938
2023-09-27,573.376480810972,586.3290891640479,570.8056931147847,583.7583618164062,623755.0,575.0771240234375,580.2037719726562,580.2482757568359,53.07616026352512,2.5149632480354285,570.8057250976562,562.9945678710938,573.5247802734375
2023-09-28,587.3178093404161,589.0481227517726,570.5090504872392,573.3269653320312,549407.0,572.882080078125,581.0194946289063,580.2705169677735,48.8938157889808,1.868172830550634,583.7583618164062,570.8057250976562,562.9945678710938
2023-09-29,576.4416338003767,580.495487360067,573.4753818254177,576.837158203125,409420.0,573.5445556640625,580.6635620117188,579.6673858642578,50.312674448714446,1.6201538683287708,573.3269653320312,583.7583618164062,570.8057250976562
2023-10-03,576.7382319826739,580.3471959314392,570.1135906738916,578.6168823242188,483018.0,576.6690185546875,579.2743713378907,579.3188537597656,51.05463975512039,1.5493460201984135,576.837158203125,573.3269653320312,583.7583618164062
2023-10-04,574.464081715955,578.4190839997137,565.713663302557,566.5540771484375,699871.0,575.8186889648438,576.7135070800781,578.8121185302734,46.03673094465005,0.5139383642482471,578.6168823242188,576.837158203125,573.3269653320312
2023-10-05,570.5090829972606,573.3764838103222,564.0822042459916,566.109130859375,652691.0,572.2888427734375,573.6829833984375,578.4981872558594,45.85769356410071,-0.3386295985353627,566.5540771484375,578.6168823242188,576.837158203125
2023-10-06,567.3450768575841,571.3989904884652,561.6103355013988,562.6979370117188,807264.0,570.163037109375,571.52255859375,578.2040344238281,44.43106964566684,-1.2748549521128325,566.109130859375,566.5540771484375,578.6168823242188
2023-10-09,559.0395866874262,559.632812879683,544.1094171311561,548.8554077148438,1172173.0,564.5666870117187,569.0556213378907,576.7925903320313,39.113451267112445,-3.09808393427204,562.6979370117188,566.109130859375,566.5540771484375
2023-10-10,551.7228293618911,556.6665823131625,545.2959505252381,548.0150146484375,1008953.0,558.4463134765625,567.557666015625,574.931265258789,38.809766422032496,-4.558273792437376,548.8554077148438,562.6979370117188,566.109130859375
2023-10-11,552.563199358632,562.203516848309,549.8441354512872,553.354248046875,996464.0,555.80634765625,565.8125183105469,572.6744415283204,41.89637350960856,-5.224429292920377,548.0150146484375,548.8554077148438,562.6979370117188
2023-10-12,557.408167725836,559.583431181793,551.0307140919016,554.2935791015625,475700.0,553.4432373046875,562.8660400390625,571.5349060058594,42.4464157863247,-5.61187594799128,553.354248046875,548.0150146484375,548.8554077148438
2023-10-13,552.6621673398412,555.3812315262494,550.8824283057199,553.7991943359375,357793.0,551.6634887695312,560.9132629394531,570.9663787841797,42.219877877700085,-5.89091611833328,554.2935791015625,553.354248046875,548.0150146484375
2023-10-16,553.7497120424546,557.2597642895004,551.4261724792312,553.354248046875,277010.0,552.5632568359375,558.5649719238281,569.6142669677735,42.00260611218022,-6.07789867806116,553.7991943359375,554.2935791015625,553.354248046875
2023-10-17,555.1834206503165,557.3092584217874,548.7565422278284,553.156494140625,594822.0,553.591552734375,556.0189331054687,567.6466522216797,41.899402163951436,-6.170906423325846,553.354248046875,553.7991943359375,554.2935791015625
2023-10-18,556.6172027052605,557.0621525772375,545.2959954445438,552.3161010742188,578227.0,553.3839233398437,554.5951354980468,565.6543212890625,41.43347979997022,-6.240491922225715,553.156494140625,553.354248046875,553.7991943359375
2023-10-19,548.8554346407444,551.9205977138947,542.4780415412145,543.2196044921875,500130.0,551.1691284179688,552.3061828613281,562.9945831298828,36.67903300828585,-6.949540209420661,552.3161010742188,553.156494140625,553.354248046875
2023-10-20,543.2196438988665,544.8510463002252,529.871509813041,534.4197387695312,1321108.0,547.2932373046875,549.4783630371094,560.5004608154297,32.762416280203894,-8.127848922740554,543.2196044921875,552.3161010742188,553.156494140625
2023-10-23,538.3747123480732,539.7589873548706,497.24268053970167,503.2246398925781,1531268.0,537.2673156738281,544.9152862548829,556.9854537963868,23.27453542391632,-11.446898122246807,534.4197387695312,543.2196044921875,552.3161010742188
2023-10-25,505.49871622324576,511.1840318580304,482.6091471371845,506.9818420410156,1626925.0,528.0323852539062,540.8119689941407,554.1848175048829,26.05221007740053,-13.617123983269607,503.2246398925781,534.4197387695312,543.2196044921875
2023-10-26,514.1503122107633,546.8285074844495,513.0627106897365,540.0061645507812,8247071.0,525.5703979492188,539.4771606445313,552.6448394775391,44.925462422758095,-12.52784360029159,506.9818420410156,503.2246398925781,534.4197387695312
2023-10-27,540.0061502828725,557.0620976892161,538.8690629830312,544.9993286132812,1816563.0,525.9263427734375,538.5477355957031,550.7068878173828,47.12289627025483,-11.133336268467929,540.0061645507812,506.9818420410156,503.2246398925781
2023-10-30,548.1633395026223,548.9543278879828,536.2488468693008,540.401611328125,989644.0,527.1227172851562,537.2079772949219,549.0606201171875,45.329417664568815,-10.280667387154494,544.9993286132812,540.0061645507812,506.9818420410156
2023-10-31,543.8622527843202,550.7835069502655,534.0736581016115,535.408447265625,1400438.0,533.5594787597656,535.4133972167969,546.9891845703125,43.39767639223659,-9.893778446528245,540.401611328125,544.9993286132812,540.0061645507812
2023-11-01,536.7926320624093,544.8014863981765,534.567943597081,536.446533203125,561655.0,539.4524169921875,533.7424011230469,544.8806671142578,43.93263614717894,-9.395100444510263,535.408447265625,540.401611328125,544.9993286132812
2023-11-02,538.3746245822257,542.626239483507,533.6780599049703,535.3589477539062,591842.0,538.5229736328125,532.0466857910156,543.3209106445313,43.46910141817586,-8.984090587658898,536.446533203125,535.408447265625,540.401611328125
2023-11-03,537.3858854604567,543.7139126669324,534.221871857219,542.2802124023438,784444.0,537.979150390625,531.9527465820313,542.1294647216797,47.28122585057258,-8.007567843667402,535.3589477539062,536.446533203125,535.408447265625
2023-11-06,545.4442384644983,553.7002810152194,540.9948612063403,549.8936157226562,580483.0,539.8775512695313,533.5001342773437,541.4892486572265,51.18107207099653,-6.543894570330963,542.2802124023438,535.3589477539062,536.446533203125
2023-11-07,553.1070929725055,558.6440720248379,548.8059917840719,557.6058959960938,1020888.0,544.317041015625,538.9382598876953,541.9267730712891,54.82654701589361,-4.70734307145608,549.8936157226562,542.2802124023438,535.3589477539062
2023-11-08,561.3136597525526,561.363085206861,552.0688065523512,556.27099609375,498569.0,548.28193359375,543.8671752929688,542.3395721435547,54.07387810450335,-3.3212922531917,557.6058959960938,549.8936157226562,542.2802124023438
2023-11-09,556.5181621403609,560.2754620987915,548.9542574681825,558.9406127929688,721273.0,552.9982666015625,545.7606201171875,542.6188903808594,55.39275239527802,-1.9845446417568837,556.27099609375,557.6058959960938,549.8936157226562
2023-11-10,558.6440477198281,562.0552491074719,554.9856587004498,558.8912353515625,736785.0,556.3204711914062,547.1498107910156,542.8487731933594,55.36108498296266,-0.9185583074200849,558.9406127929688,556.27099609375,557.6058959960938
2023-11-13,563.5878097987829,566.3068737934262,551.7228032767033,553.65087890625,738903.0,557.071923828125,548.4747375488281,542.841357421875,51.965668302897946,-0.4909500604014738,558.8912353515625,558.9406127929688,556.27099609375
2023-11-15,562.5496929334014,586.2797084720754,557.902552820701,581.632568359375,2325445.0,561.8772583007812,553.0971496582031,544.2552734375,64.489624434733,2.0818230816477126,553.65087890625,558.8912353515625,558.9406127929688
2023-11-16,586.0325209507361,597.1065402744828,569.1248486662464,572.6843872070312,1868117.0,565.1599365234375,556.7209350585938,545.2316680908203,59.17611166295047,3.359989034557316,581.632568359375,553.65087890625,558.8912353515625
2023-11-17,573.8708660359596,583.9560737656417,570.6574266214803,579.2100830078125,1018975.0,569.2138305664063,561.1060485839844,546.5763671875,61.65725483181147,4.843678958585315,572.6843872070312,581.632568359375,553.65087890625
2023-11-20,579.8033553260279,585.3403343493742,569.1248009475748,572.7337646484375,487724.0,571.9823364257812,564.1514038085937,548.0520751953125,57.89649354848836,5.4342860788441385,579.2100830078125,572.6843872070312,581.632568359375
2023-11-21,574.4146491758315,591.6683584957374,562.5002170125966,578.9134521484375,1656263.0,577.0348510742188,567.0533874511718,550.2767608642578,60.37980504155343,6.328049793248056,572.7337646484375,579.2100830078125,572.6843872070312
2023-11-22,580.3471723435996,581.9785746121133,567.79002774901,571.6461791992188,860263.0,575.0375732421875,568.4574157714844,553.6978378295898,56.18310156640222,6.376452014643974,578.9134521484375,572.7337646484375,579.2100830078125
2023-11-23,573.1292836300534,576.3427229354007,565.5653177411257,569.2731323242188,479014.0,574.355322265625,569.7576293945312,556.81240234375,54.84263972120057,6.152404978533809,571.6461791992188,578.9134521484375,572.7337646484375
2023-11-24,569.4214839984517,571.2012229753585,560.5721542247342,561.7586669921875,986656.0,570.8650390625,570.0394348144531,557.9000274658204,50.71623164693616,5.30731214622233,569.2731323242188,571.6461791992188,578.9134521484375
2023-11-28,565.9608771031313,566.9496277197695,549.2509675425262,551.9700317382812,1375997.0,566.7122924804687,569.347314453125,558.2485626220703,45.87416522242761,3.8038603952824133,561.7586669921875,569.2731323242188,571.6461791992188
2023-11-29,556.666605132784,558.3474932748308,545.0487852210429,548.558837890625,1285471.0,560.6413696289062,568.8381103515625,558.6564239501953,44.28732869620833,2.310475492649971,551.9700317382812,561.7586669921875,569.2731323242188
2023-11-30,549.3498137564562,556.2710680136037,545.2959604024032,551.7228393554688,3660273.0,556.6567016601563,565.8471374511719,559.4721435546875,46.14804618014309,1.366513358237171,548.558837890625,551.9700317382812,561.7586669921875
2023-12-01,557.1609610406474,559.632837531511,549.7453315680567,555.826171875,2072845.0,553.9673095703125,564.1613159179688,560.4411254882813,48.548055710373525,0.9387004526826104,551.7228393554688,548.558837890625,551.9700317382812
2023-12-04,558.6440779235608,565.3675698005421,552.7115744411867,556.0238647460938,1681465.0,552.8203491210937,561.8426940917968,561.4743713378906,48.6667552946362,0.608592331749378,555.826171875,551.7228393554688,548.558837890625
2023-12-05,556.4687965662253,573.4258926105937,556.2216089291269,572.2393798828125,1670248.0,556.87421875,561.7932556152343,562.9723297119141,57.356793489962044,1.6365704549531301,556.0238647460938,555.826171875,551.7228393554688
2023-12-06,576.4415948929029,578.9134713718605,562.6979375304802,565.911376953125,836932.0,560.3447265625,560.4930480957031,563.7732177734375,53.54718604189467,1.918518090366092,572.2393798828125,556.0238647460938,555.826171875
2023-12-07,568.9270613020816,577.9740921594122,566.6034614201515,570.7562255859375,837733.0,564.1514038085937,560.404052734375,564.4307342529297,55.95903661860614,2.504037432519567,565.911376953125,572.2393798828125,556.0238647460938
2023-12-08,573.4753822195983,576.7382473245858,563.8844887575948,565.3676147460938,706183.0,566.0596923828125,560.0135009765625,564.8855651855469,52.68270589219334,2.504380924959719,570.7562255859375,565.911376953125,572.2393798828125
2023-12-11,565.3675073330471,566.5540199681333,559.8799542878804,563.5877685546875,378595.0,567.5724731445313,560.1964111328125,565.1179229736329,51.60791456789917,2.334128057044609,565.3676147460938,570.7562255859375,565.911376953125
2023-12-12,563.5878418187611,565.2687299079302,547.8172576841232,551.4756469726562,878426.0,563.4197265625,560.14697265625,564.7471435546875,44.895465688925455,1.207930178977108,563.5877685546875,565.3676147460938,570.7562255859375
2023-12-13,556.2710165431844,556.2710165431844,546.3835113764122,549.6958618164062,807360.0,560.1766235351563,560.2606750488281,564.5493927001953,43.99004353813361,0.1698386645626897,551.4756469726562,563.5877685546875,565.3676147460938
2023-12-14,553.3048422908048,555.9250556654648,549.1026520078734,551.8217163085938,552515.0,556.3897216796875,560.2705627441406,563.0588500976562,45.40629967285574,-0.4758325472349725,549.6958618164062,551.4756469726562,563.5877685546875
2023-12-15,553.7003149471545,556.3205280769475,542.3296834794899,546.581298828125,1254239.0,552.6324584960937,559.3460754394531,561.753695678711,42.55006534012501,-1.3943167139259458,551.8217163085938,549.6958618164062,551.4756469726562
2023-12-18,550.2397291024014,564.3788511318188,546.729676413237,556.3699951171875,1685214.0,551.1889038085938,559.3806884765625,560.6116912841796,49.00311522190907,-1.3171725056370178,546.581298828125,551.8217163085938,549.6958618164062
2023-12-19,558.347426623209,561.4125290733368,552.8103875426483,554.0463256835938,1918653.0,551.7030395507812,557.5613830566406,559.6773193359375,47.63526592458182,-1.4270853171429962,556.3699951171875,546.581298828125,551.8217163085938
2023-12-20,557.6553301616229,561.1159572104982,528.2400002461827,531.9478149414062,2182459.0,548.1534301757813,554.1650268554688,557.3290374755859,37.044798216033584,-3.2597804244843473,554.0463256835938,556.3699951171875,546.581298828125
2023-12-21,531.947813341383,567.2956466628598,525.6197854744835,564.9721069335938,3442828.0,550.7835083007812,553.5866149902344,556.9953338623047,53.634446737071194,-2.024087709497735,531.9478149414062,554.0463256835938,556.3699951171875
2023-12-22,568.531593045081,574.3652457044407,565.2193026858894,570.5090942382812,1187816.0,555.5690673828125,554.1007629394531,557.0571319580079,55.74034915733163,-0.5911888719177796,564.9721069335938,531.9478149414062,554.0463256835938
2023-12-26,573.4259186977787,583.1650879031076,569.5203417842364,572.3382568359375,962004.0,558.7627197265625,554.9758117675781,557.5861114501953,56.444154746667905,0.6841059672747178,570.5090942382812,564.9721069335938,531.9478149414062
2023-12-27,575.4528260320255,618.6612375821461,574.4640754718331,607.5872192382812,10419288.0,569.4708984375,560.5869689941406,560.3669708251953,67.25142185137877,4.487355551817245,572.3382568359375,570.5090942382812,564.9721069335938
2023-12-28,611.0478208236539,629.6857439698775,601.1603156323326,624.6925659179688,7406636.0,588.0198486328125,568.0866394042969,564.1736572265625,71.01049261375599,8.78050062467537,607.5872192382812,572.3382568359375,570.5090942382812
2023-12-29,631.8609925500234,644.3192850117239,625.9779150277099,637.2496948242188,4121670.0,602.4753662109375,576.6294372558593,568.45,73.42233045503856,13.045721427844114,624.6925659179688,607.5872192382812,572.3382568359375
2024-01-01,638.7328793864438,650.4990355145601,632.4048514883979,638.3868408203125,2080698.0,616.0509155273437,585.8099914550781,572.5780334472656,73.63623756310074,16.329461949356073,637.2496948242188,624.6925659179688,607.5872192382812
2024-01-02,638.7328776510986,644.3687680530235,622.9128682975111,634.4812622070312,1783141.0,628.4795166015625,593.6211181640625,576.5009033203125,71.50753983604355,18.404546264018336,638.3868408203125,637.2496948242188,624.6925659179688
2024-01-03,636.2609557892332,636.6069943297327,623.0116747615868,630.8722534179688,1062492.0,633.1365234375,601.3037109375,579.4325469970703,69.50793565640515,19.532688017244254,634.4812622070312,638.3868408203125,637.2496948242188
2024-01-04,633.0475803866419,662.4134856816281,631.1689300812959,641.2047729492188,3434482.0,636.43896484375,612.2294067382812,583.197216796875,71.92821352469016,21.018211598278867,630.8722534179688,634.4812622070312,638.3868408203125
2024-01-05,643.5283103930492,655.3933177133067,636.9037295847438,639.8204956054688,1446002.0,636.953125,619.7142456054687,586.6504302978516,71.11382063476708,21.832132888211618,641.2047729492188,630.8722534179688,634.4812622070312
2024-01-08,640.7103463250254,641.9462844930906,628.3509646443729,630.9216918945312,801005.0,635.4600952148437,625.7555053710937,589.9281341552735,65.94479791669623,21.511145193831112,639.8204956054688,641.2047729492188,630.8722534179688
2024-01-09,633.887982229567,639.2272595812656,625.0387126843485,630.3779296875,956631.0,634.6394287109375,631.55947265625,593.2676422119141,65.63087379268512,20.971140810563725,630.9216918945312,639.8204956054688,641.2047729492188
2024-01-10,632.8003499070869,635.7666015472764,604.1760095095498,607.7849731445312,2299073.0,630.02197265625,631.579248046875,596.0831085205078,54.105953401492485,18.50678596200555,630.3779296875,630.9216918945312,639.8204956054688
2024-01-11,610.5534943908924,617.4747485783196,598.2435373735448,599.875,2528881.0,621.7560180664062,629.0974914550782,598.5920654296875,50.74610931907048,15.734125063861939,607.7849731445312,630.3779296875,630.9216918945312
2024-01-12,600.4681756715561,604.5220889920583,595.870521986071,598.5401000976562,1518070.0,613.4999389648438,625.2265319824219,600.9279846191406,50.17979011894965,13.276018384344638,599.875,607.7849731445312,630.3779296875
2024-01-15,598.5401000976562,598.5401000976562,598.5401000976562,598.5401000976562,0.0,607.0236206054688,621.2418579101562,603.5259246826172,50.17979011894965,11.198857670941152,598.5401000976562,599.875,607.7849731445312
2024-01-16,591.2234021452572,593.0525665193269,578.4190704811369,583.0167846679688,1419145.0,597.5513916015625,616.09541015625,604.8582641601563,43.61527966143408,8.205503087177817,598.5401000976562,598.5401000976562,599.875
2024-01-17,580.890939869528,582.1268780394631,568.5315581701763,570.60791015625,1370375.0,590.1159790039062,610.0689758300781,605.6863433837891,39.20060350543967,4.776890525320823,583.0167846679688,598.5401000976562,598.5401000976562
2024-01-18,570.5090812207116,574.7112711603788,555.7766735281068,570.4596557617188,1231476.0,584.23291015625,602.9944641113282,607.6119354248046,39.149617899708204,2.0243915519338316,570.60791015625,583.0167846679688,598.5401000976562
2024-01-19,575.0573391397986,581.039328697591,567.5428585321032,578.3696899414062,1622887.0,580.198828125,596.8493835449219,608.2818145751953,43.38091159440682,0.47580515062918494,570.4596557617188,570.60791015625,583.0167846679688
2024-01-23,583.4616853648168,584.8459602978394,564.8237613189193,573.4259033203125,1948854.0,575.1759887695313,591.0998046875,608.4276550292968,41.44132345925988,-1.1372732150457523,578.3696899414062,570.4596557617188,570.60791015625
2024-01-24,592.2615762284485,592.2615762284485,571.9921900637019,579.1112060546875,2193213.0,574.394873046875,585.9731323242188,608.7663024902344,44.5137048990406,-1.9345922496266894,573.4259033203125,578.3696899414062,570.4596557617188
2024-01-25,578.6662384787546,583.9066041346974,571.9921725074063,578.8145751953125,1029950.0,576.0362060546875,583.0760925292968,607.327670288086,44.38286306816556,-2.5608886301786242,579.1112060546875,573.4259033203125,578.3696899414062
2024-01-29,583.3628215675541,592.2615764728218,580.3965699324648,590.5806884765625,1113808.0,580.0604125976563,582.1466613769531,605.6220764160156,50.58717891276132,-2.0837854343269555,578.8145751953125,579.1112060546875,573.4259033203125
2024-01-30,590.6301311786362,601.5558732990473,584.9943011862536,590.1852416992188,1891243.0,582.4235229492188,581.3111755371094,603.2688537597656,50.38374870348359,-1.7177854034697475,590.5806884765625,578.8145751953125,579.1112060546875
2024-01-31,590.1852307066899,613.1241953150393,586.4774161236321,611.24560546875,2892565.0,589.9874633789062,582.5817260742188,601.9117919921875,59.68261236743905,0.26857167814421246,590.1852416992188,590.5806884765625,578.8145751953125
2024-02-01,615.1511600965491,625.5824660118084,613.0253223393424,622.1712646484375,1660958.0,598.5994750976563,586.4971740722656,601.2962921142578,63.503972678398675,2.6933362586640897,611.24560546875,590.1852416992188,590.5806884765625
2024-02-02,622.3196463498452,633.7891290703581,612.2838037079864,623.2589111328125,1737527.0,607.4883422851562,591.7622741699219,600.915625,63.87109032004234,4.649151119549742,622.1712646484375,611.24560546875,590.1852416992188
2024-02-05,624.7753175080545,640.4851803556784,620.6125096575626,633.8444213867188,1141079.0,616.1410888671875,598.1007507324218,600.547607421875,67.31690242568689,6.972931089278063,623.2589111328125,622.1712646484375,611.24560546875
2024-02-06,629.4834233436596,641.1791175925808,619.4727676171219,625.717041015625,1086519.0,623.2474487304687,602.8354858398437,599.8424346923828,62.39629191273752,8.065754784228488,633.8444213867188,623.2589111328125,622.1712646484375
2024-02-07,629.3842653241138,630.8709998091314,616.3505354739738,621.8515014648438,567480.0,625.3686279296875,607.6780456542969,599.3889251708985,60.144466269659915,8.521676121985138,625.717041015625,633.8444213867188,623.2589111328125
2024-02-08,623.9329582215327,624.3789907037707,597.9151025371558,602.1770629882812,761555.0,621.3697875976562,609.9846313476562,597.9788818359375,50.21193682290529,7.212295455464869,621.8515014648438,625.717041015625,633.8444213867188
2024-02-09,601.6318637329846,616.3505103362085,585.4760284204497,613.8726196289062,794470.0,619.492529296875,613.4904357910157,598.2832641601562,54.9723703498772,7.0372148880078385,602.1770629882812,621.8515014648438,625.717041015625
2024-02-12,621.4549675237896,622.3470323451801,579.8264051059281,588.697265625,613057.0,610.4630981445313,613.3020935058594,597.7243774414062,44.99859465781386,4.811556974298128,613.8726196289062,602.1770629882812,621.8515014648438
2024-02-13,588.6973494274196,593.8513747500127,576.1096511862937,578.2406616210938,544785.0,600.967822265625,612.1076354980469,596.7094055175781,41.62085704021035,2.178830289749044,588.697265625,613.8726196289062,602.1770629882812
2024-02-14,574.8707092551064,608.0744484965651,574.8707092551064,600.9381103515625,1259798.0,596.7851440429688,611.0768859863281,596.8293060302734,50.33540601792495,1.9019454038319736,578.2406616210938,588.697265625,613.8726196289062
2024-02-15,610.7010230068136,612.0390599113,602.9699549063636,607.777099609375,566335.0,597.9051513671875,609.6374694824219,598.0673217773438,52.629920861337055,2.2088986060433626,600.9381103515625,578.2406616210938,588.697265625
2024-02-16,610.5522290507447,620.5628826341087,606.0424803670585,608.4708251953125,724514.0,596.8247924804688,608.1586608886719,599.9604675292969,52.867792267289964,2.4795563057306254,607.777099609375,600.9381103515625,578.2406616210938
2024-02-19,612.5346274745771,617.7877440577258,606.6372350624362,609.3629150390625,743984.0,600.9579223632812,605.7105102539062,601.905630493164,53.19329286075736,2.7345168693093456,608.4708251953125,607.777099609375,600.9381103515625
2024-02-20,614.3682188754518,650.6941220905398,613.1292734792398,634.1913452148438,5326806.0,612.1480590820313,606.5579406738282,604.6967132568359,61.22045538501953,4.883725223807232,609.3629150390625,608.4708251953125,607.777099609375
2024-02-21,636.3223649144835,636.3223649144835,603.1186278044598,606.885009765625,1516659.0,613.3374389648437,605.0612915039062,606.3696685791016,50.88474340403753,4.333639765156477,634.1913452148438,609.3629150390625,608.4708251953125
2024-02-22,609.5611552935686,611.4939222752834,600.3434133369864,607.529296875,1034652.0,613.2878784179687,605.5965148925782,607.7905731201172,51.09454166347539,3.9046710439965864,606.885009765625,634.1913452148438,609.3629150390625
2024-02-23,637.1152693930902,646.2339196217991,611.8407832729125,643.5082397460938,4777513.0,620.295361328125,608.5600769042969,611.0252563476563,61.089956436853534,6.3942018642122775,607.529296875,606.885009765625,634.1913452148438
2024-02-26,644.251647930898,663.9260779041724,637.3630989808677,658.2269287109375,2873080.0,630.0681640625,615.5130432128906,614.407568359375,64.30411333938201,9.4459610069988,643.5082397460938,607.529296875,606.885009765625
2024-02-27,660.1101767544836,688.6554695961406,659.1190203329303,682.0147094726562,4604527.0,639.6328369140625,625.8904479980469,618.9990417480469,68.79108665259588,13.626894857615412,658.2269287109375,643.5082397460938,607.529296875
2024-02-28,682.9067373928178,685.3846283122402,649.207420888673,654.9561157226562,2014512.0,649.2470581054688,631.2922485351562,621.1845672607421,59.61189900671346,14.588742733652794,682.0147094726562,658.2269287109375,643.5082397460938
2024-02-29,648.2162485357671,712.4927132023612,647.2746379105301,683.2536010742188,8128571.0,664.3919189453125,638.8398986816406,624.2386840820312,64.88844202859669,17.433423032283486,654.9561157226562,682.0147094726562,658.2269287109375
2024-03-01,687.2182831492108,689.8448718738971,662.2907353550229,665.412841796875,1345119.0,668.7728393554687,644.5341003417968,626.3463806152344,59.60151269871822,18.040295198177205,683.2536010742188,654.9561157226562,682.0147094726562
2024-03-04,688.0607290134101,688.0607290134101,665.0658903046932,666.9986572265625,1516854.0,670.5271850585938,650.2976745605469,628.0040924072266,59.91415746551522,18.436681229115493,665.412841796875,683.2536010742188,654.9561157226562
2024-03-05,671.0129185993643,680.9244831281585,665.3137689953077,674.1846313476562,1165243.0,668.9611694335938,654.2970031738281,630.4274719238281,61.372955705977944,19.11037555670009,666.9986572265625,665.412841796875,683.2536010742188
2024-03-06,674.97738447195,680.6269870137417,657.2852701784342,675.2747192382812,1282712.0,673.0248901367188,661.1359741210938,633.0986328125,61.60124309944393,19.50737526837088,674.1846313476562,666.9986572265625,665.412841796875
2024-03-07,674.4819236576681,689.1014804158614,672.499610876896,678.2978515625,2177919.0,672.033740234375,668.2128295898438,636.904672241211,62.26726583221225,19.83727021057632,675.2747192382812,674.1846313476562,666.9986572265625
2024-03-11,683.8979209493967,708.8750745092345,676.5137936168803,695.1475219726562,2312254.0,677.9806762695313,673.3767578125,640.9684173583985,65.82519182357134,21.21380240359224,678.2978515625,675.2747192382812,674.1846313476562
2024-03-12,697.2288954724845,701.7386444358142,673.4906905284403,680.8748168945312,1391629.0,680.755908203125,675.6415466308594,645.577294921875,60.61163403747393,20.911965939995184,695.1475219726562,678.2978515625,675.2747192382812
2024-03-13,677.9509191847033,681.9650901597471,598.3115335049448,636.8179321289062,6954030.0,673.282568359375,671.1218688964843,648.5061584472656,47.97919544127981,16.922662051999055,680.8748168945312,695.1475219726562,678.2978515625
2024-03-14,623.7346195090141,642.2692535865915,616.5487366563864,633.249755859375,2642690.0,664.8775756835937,668.9512329101562,650.1217407226562,47.122596342223595,13.319647371219048,636.8179321289062,680.8748168945312,695.1475219726562
2024-03-15,633.3489209543326,641.4268695746737,620.8603748801472,635.9259033203125,1970945.0,656.4031860351563,664.2184631347657,651.5291809082031,47.87426299550117,10.558463616822564,633.249755859375,636.8179321289062,680.8748168945312
2024-03-18,639.295798529578,663.1826406020666,639.295798529578,657.1861572265625,2360158.0,648.8109130859375,663.3957946777343,653.9649475097656,53.52630585705305,9.970793310408567,635.9259033203125,633.249755859375,636.8179321289062
2024-03-19,658.1277501878992,658.5242368861631,642.2692501833715,648.0179443359375,1064611.0,642.2395385742187,661.4977233886718,655.8976989746094,50.96013969661593,8.665373172394425,657.1861572265625,635.9259033203125,633.249755859375
2024-03-20,644.1525276683104,647.7702120014337,625.5187401348469,632.2090454101562,1353887.0,641.3177612304687,657.3001647949219,655.798583984375,46.794216145088875,6.282748669359307,648.0179443359375,657.1861572265625,635.9259033203125
2024-03-21,639.147135671337,681.6182207402301,638.8993465886551,672.8960571289062,3073721.0,649.247021484375,657.0622985839843,659.0991363525391,56.62261749338964,7.590109339196488,632.2090454101562,648.0179443359375,657.1861572265625
2024-03-22,670.814558271073,692.5209050033649,668.0888785008043,685.3350219726562,2338126.0,659.1288452148438,657.766015625,662.9894226074218,59.10952332135826,9.520179887554036,672.8960571289062,632.2090454101562,648.0179443359375
2024-03-26,683.7987955907756,698.4678975902797,679.0411966760105,693.4129638671875,2601520.0,666.3742065429688,657.5925598144531,665.4846588134766,60.68584940804827,11.568245569305986,685.3350219726562,672.8960571289062,632.2090454101562
2024-03-27,696.7829307031327,709.6679635610853,672.004021360916,675.4235229492188,1814402.0,671.855322265625,657.0474304199219,666.3444885253906,55.55002926434254,11.605968459623568,693.4129638671875,685.3350219726562,672.8960571289062
2024-03-28,679.5367205388148,705.6041790672385,666.0074736305874,699.706787109375,1914651.0,685.3548706054687,663.3363159179687,667.2290924072265,60.41945974909274,13.440388167552896,675.4235229492188,693.4129638671875,685.3350219726562
2024-04-01,703.6714453003273,707.6856163190271,676.8606787979613,678.149169921875,1313357.0,686.4054931640625,667.8262573242188,668.3887451171875,54.69144098778678,13.004748810744786,699.706787109375,675.4235229492188,693.4129638671875
2024-04-02,683.5014169676734,691.4802742406994,669.0305579856923,672.2022705078125,1237754.0,683.7789428710937,671.4538940429687,667.8361785888671,53.19327865273854,12.040837124251993,678.149169921875,699.706787109375,675.4235229492188
2024-04-03,678.0500142526307,682.9067044183446,656.8888510206936,664.5703125,1790061.0,678.0104125976562,672.1923095703125,667.7940521240234,51.25289342831403,10.539600980373848,672.2022705078125,678.149169921875,699.706787109375
2024-04-04,674.5314230668918,674.630574996354,656.1454853866296,657.2853393554688,1361499.0,674.3827758789063,673.1190490722656,667.3083862304687,49.40047542066932,8.66217194466185,664.5703125,672.2022705078125,678.149169921875
2024-04-05,659.1189727780983,672.8960702418386,653.3702780469297,656.7401733398438,1073942.0,665.789453125,675.5721618652344,666.4361633300781,49.25700113305049,7.049048522904172,657.2853393554688,664.5703125,672.2022705078125
2024-04-08,661.1012713893589,661.1012713893589,636.8179413308292,640.0887451171875,1321109.0,658.1773681640625,672.2914306640625,664.6768646240234,44.96170493429347,4.376555288404688,656.7401733398438,657.2853393554688,664.5703125
2024-04-09,643.6568944252773,657.4834757482066,637.3134702125692,638.3046264648438,1378613.0,651.3978393554687,667.5883911132812,662.6772033691407,44.51380929077295,2.090523428271922,640.0887451171875,656.7401733398438,657.2853393554688
2024-04-10,644.2516066331549,667.2464453074452,639.2958250436691,645.9365844726562,2534713.0,647.67109375,662.8407531738281,660.2166564941406,46.948418840472485,0.8844663598079023,638.3046264648438,640.0887451171875,656.7401733398438
2024-04-12,659.1189229628619,699.8554216726409,654.2622330165632,673.9862670898438,9623414.0,651.011279296875,662.6970275878906,659.8722290039062,54.79849651852096,2.1670519837806523,645.9365844726562,638.3046264648438,640.0887451171875
2024-04-15,656.1950738033556,672.9951866592429,646.2339642147664,660.0606079101562,1527913.0,651.6753662109375,658.7324096679688,661.0343627929688,50.78105267260139,2.0363522163337393,673.9862670898438,645.9365844726562,638.3046264648438
2024-04-16,654.1631579412106,681.8164429068772,652.279936773228,671.4093017578125,1533800.0,657.9394775390625,658.0584228515625,662.9423400878907,53.75646397780802,2.8160547314937503,660.0606079101562,673.9862670898438,645.9365844726562
2024-04-18,681.9155644603321,684.8890334914091,667.6428889130094,671.5084228515625,1354164.0,664.5802368164062,657.9890380859375,664.7214660644531,53.78274387940803,3.4027480744225613,671.4093017578125,660.0606079101562,673.9862670898438
2024-04-19,664.0251657956784,681.6181898692879,654.212694367739,675.2252197265625,1542489.0,670.4379638671875,659.0545288085938,665.6234191894531,54.81958063040122,4.120126961908909,671.5084228515625,671.4093017578125,660.0606079101562
2024-04-22,665.0659203675846,674.9279382902938,651.0410336162249,655.3526000976562,1125028.0,666.71123046875,658.8612548828125,665.9901519775391,48.54836404192431,3.0499427357029845,675.2252197265625,671.5084228515625,671.4093017578125
2024-04-23,660.1100824282064,667.8410893125241,648.4639961391201,659.218017578125,1516622.0,666.5427124023438,659.1090393066406,667.3406005859375,49.75244853875286,2.4850745200440088,655.3526000976562,675.2252197265625,671.5084228515625
2024-04-24,662.5383860595069,674.9773844970517,659.1684307199621,660.9029541015625,1410198.0,664.4414428710937,661.1904602050781,666.7409454345703,50.298457120439664,2.148604905428215,659.218017578125,655.3526000976562,675.2252197265625
2024-04-25,660.6057377800287,667.7420759286425,653.271156253184,661.497802734375,1254468.0,662.4393188476563,663.5097778320312,665.5490844726562,50.502946856926876,1.907955897102397,660.9029541015625,659.218017578125,655.3526000976562
2024-04-26,661.4977772054563,665.3137049837461,640.7825851351834,641.9719848632812,1311938.0,655.788671875,663.1133178710937,662.9770355224609,44.09036672143303,0.14005503878729542,661.497802734375,660.9029541015625,659.218017578125
2024-04-29,644.251625671473,648.4144944287344,627.6002111378099,631.2178955078125,1663062.0,650.9617309570312,658.8364807128906,660.7667541503906,41.002387819659866,-2.10452461404725,641.9719848632812,661.497802734375,660.9029541015625
2024-04-30,633.2001903887186,636.3223569926762,618.481543245218,619.819580078125,2251053.0,643.0820434570312,654.8123779296875,656.7723937988281,37.96716552961059,-4.748382557364948,631.2178955078125,641.9719848632812,661.497802734375
2024-05-02,641.2780932306116,641.2780932306116,599.3026502752593,602.8707885742188,3894011.0,631.4756103515625,647.9585266113281,653.0084747314453,33.943509506526894,-8.117708957058198,619.819580078125,631.2178955078125,641.9719848632812
2024-05-03,609.0160180924736,615.408988509814,601.6318913467201,604.8531494140625,2226760.0,620.1466796875,641.2929992675781,649.6410186767578,34.81366702584377,-10.506848047006201,602.8707885742188,619.819580078125,631.2178955078125
2024-05-06,609.5611037699231,613.5257288350933,600.1946649543829,601.2849731445312,796509.0,612.00927734375,633.898974609375,646.4767517089844,33.946844738616775,-12.54358534926996,604.8531494140625,602.8707885742188,619.819580078125
2024-05-07,602.6230369119131,611.0974112694108,594.8920297874482,608.8673095703125,1836754.0,607.53916015625,629.2504455566407,644.0558502197266,37.50765282503185,-13.39151411509215,601.2849731445312,604.8531494140625,602.8707885742188
2024-05-08,608.4708821706844,612.6832964830858,600.6407231330095,609.0655517578125,897463.0,605.3883544921875,624.2351989746094,641.672119140625,37.602363918557984,-13.887421730165443,608.8673095703125,601.2849731445312,604.8531494140625
2024-05-09,610.0567046337931,617.490376907966,595.3876034451678,600.1451416015625,1644309.0,604.8432250976563,618.1594177246094,639.6749389648437,35.029695573595646,-14.829291791702303,609.0655517578125,608.8673095703125,601.2849731445312
2024-05-10,603.0690714844618,604.0106820820441,582.7999127596463,584.98046875,1625619.0,600.8686889648437,610.5076843261719,637.0087310791016,31.130399166459753,-16.607946890276708,600.1451416015625,609.0655517578125,608.8673095703125
2024-05-13,585.7239185039987,586.2690424545405,560.003396427414,565.6034545898438,3818228.0,593.7323852539063,602.8708312988281,632.992074584961,26.99537753065212,-19.357960454468184,584.98046875,600.1451416015625,609.0655517578125
2024-05-14,566.7432046757464,577.5963791107524,562.8777310999063,574.5733642578125,1646972.0,586.8735961914062,597.2063781738282,628.0214294433594,31.529394698695384,-20.576377598717954,565.6034545898438,584.98046875,600.1451416015625
2024-05-15,580.7681277083788,602.6231150959213,576.25837800863,599.20361328125,3613180.0,584.9012084960938,595.1447814941406,624.9785797119141,42.153147382348365,-19.33168310190183,574.5733642578125,565.6034545898438,584.98046875
2024-05-16,605.200001948965,607.5292555102696,596.527384476336,599.6990966796875,1031717.0,584.8119995117188,594.8276123046875,621.3930694580079,42.34694173754723,-18.096665283701782,599.20361328125,574.5733642578125,565.6034545898438
2024-05-17,599.6990784098607,608.5699389678321,592.8601365655916,607.3309936523438,1271390.0,589.2821044921875,595.0753967285157,618.1841979980469,45.382120653983904,-16.31401663306292,599.6990966796875,599.20361328125,574.5733642578125
2024-05-21,607.5788528167778,637.3135438192302,603.2177406049312,631.6639404296875,3302217.0,602.4942016601562,598.1132934570312,616.0061340332031,53.74355998843165,-12.790350093964548,607.3309936523438,599.6990966796875,599.20361328125
2024-05-22,634.0427055610547,642.1701994271907,625.4691792549673,627.5010375976562,1223389.0,613.079736328125,599.9766662597656,614.6135559082031,52.26928327581994,-10.215967132907508,631.6639404296875,607.3309936523438,599.6990966796875
2024-05-23,628.1948943971465,636.0745996275659,620.8603735658314,622.1488647460938,935640.0,617.6687866210938,601.2849975585938,612.7600982666015,50.35666596010349,-8.509533107327456,627.5010375976562,631.6639404296875,607.3309936523438
2024-05-24,622.0992713667073,633.7453578069694,620.3647478543278,624.824951171875,1399970.0,622.6939575195313,603.752978515625,610.9561981201172,51.315897378730845,-6.862131656086262,622.1488647460938,627.5010375976562,631.6639404296875
2024-05-27,628.1453538653058,634.9347508489703,622.4957504178545,630.6727905273438,956197.0,627.3623168945312,608.3222106933594,609.4149475097656,53.43336739758706,-5.026737275263372,624.824951171875,622.1488647460938,627.5010375976562
2024-05-28,632.3577458220557,638.0568947851855,611.5434626523643,615.4089965820312,783966.0,624.111328125,613.3027648925781,608.0867980957031,47.61231936413101,-4.749090057717581,630.6727905273438,624.824951171875,622.1488647460938
2024-05-29,617.886945613772,627.6993580204446,605.1505491301571,625.1223754882812,1091008.0,623.635595703125,618.357666015625,607.7820220947266,51.251802563784075,-3.7025830650367197,615.4089965820312,630.6727905273438,624.824951171875
2024-05-30,618.48155318668,639.1967447912456,613.0301933428872,632.4072875976562,1758146.0,625.6872802734375,621.6780334472656,608.4114074707031,53.84179292777781,-2.259342910307737,625.1223754882812,615.4089965820312,630.6727905273438
2024-05-31,634.3400469195477,651.1897044158483,611.1469647558994,645.3418579101562,6813576.0,629.7906616210937,626.2423095703125,610.5349609375,58.098569090077966,-0.07103412699791534,632.4072875976562,625.1223754882812,615.4089965820312
2024-06-03,669.0305475146953,670.0217038813837,650.0003331752006,652.7260131835938,1400844.0,634.2013061523437,630.7818115234375,612.9286041259766,60.346813259713954,2.2333117407355303,645.3418579101562,632.4072875976562,625.1223754882812
2024-06-04,653.1720078610584,654.1136184540161,599.6495671562069,627.8975219726562,2563435.0,636.6990112304687,630.4051696777344,614.2592315673828,50.52947794250808,2.0326396973096053,652.7260131835938,645.3418579101562,632.4072875976562
2024-06-05,629.3842901198168,659.1685267106621,608.6690979476411,655.5508422851562,1555292.0,642.7847045898437,633.2101501464844,616.593408203125,58.6065280539285,4.05821689964182,627.8975219726562,652.7260131835938,645.3418579101562
2024-06-06,658.9207044034924,666.9986525479381,646.2339157034818,651.189697265625,698455.0,646.5411865234375,636.1142333984375,618.6996154785156,57.025238784224854,5.25106249079829,655.5508422851562,627.8975219726562,652.7260131835938
2024-06-07,649.2074128801125,660.0605870723757,644.3507225398027,658.5738525390625,843536.0,649.1875854492188,639.4891235351563,621.6210510253907,59.04038326654784,6.714836380430938,651.189697265625,655.5508422851562,627.8975219726562
2024-06-10,664.0747705611601,666.1561747483473,652.5773808212399,654.3614501953125,865101.0,649.5146728515625,641.8579895019532,625.0901000976562,57.38719829470921,7.449113327730856,658.5738525390625,651.189697265625,655.5508422851562
2024-06-11,657.8800083994797,660.1101101228678,643.0622092938918,645.5401000976562,506267.0,653.0431884765625,644.8710998535156,629.0869323730469,53.97854115597855,7.235813910244133,654.3614501953125,658.5738525390625,651.189697265625
2024-06-12,648.7118176175287,662.4393085821,648.7118176175287,656.4923706054688,1327291.0,653.231494140625,648.0080993652343,633.1828826904297,57.36458500900381,7.859924960867829,645.5401000976562,654.3614501953125,658.5738525390625
2024-06-13,654.5596553469595,658.7224634782519,645.2427617775189,646.1348266601562,996441.0,652.2205200195312,649.3808532714844,635.529443359375,53.36576169242406,7.433086238957003,656.4923706054688,645.5401000976562,654.3614501953125
2024-06-14,647.7541647339181,650.6353041388859,635.981356393755,644.0782470703125,1704350.0,649.3213989257813,649.2544921875,637.7484008789063,52.58197359761249,6.8499032703048215,646.1348266601562,656.4923706054688,645.5401000976562
2024-06-18,649.7411500211429,657.6890539969367,633.4976455256924,637.1238403320312,1549934.0,645.873876953125,647.6942749023438,639.2380432128906,49.91238976526903,5.760164472206725,644.0782470703125,646.1348266601562,656.4923706054688
2024-06-19,648.7476441797678,659.974046109245,636.8257885439988,638.7134399414062,2423762.0,644.508544921875,648.7758666992188,639.5905181884766,50.53062738253521,4.967543280459495,637.1238403320312,644.0782470703125,646.1348266601562
2024-06-20,638.7135134454834,639.9056506360984,628.9772817123242,633.54736328125,968158.0,639.9195434570313,646.5755187988282,639.8928344726562,48.43810532339056,3.877824911978678,638.7134399414062,637.1238403320312,644.0782470703125
2024-06-21,635.7330565346788,638.9618928448971,622.4202918005444,624.9536743164062,1369141.0,635.6833129882813,643.9519165039062,640.0330749511719,45.09286981362421,2.2943287809366666,633.54736328125,638.7134399414062,637.1238403320312
2024-06-24,624.95366672098,636.7265368916218,621.0293766640995,633.3983154296875,616902.0,633.5473266601563,641.4343627929687,640.4617431640625,48.832430526945856,1.701198296639177,624.9536743164062,633.54736328125,638.7134399414062
2024-06-25,633.3982897009731,634.9381840401172,624.9039790606768,629.7720947265625,441400.0,632.0769775390625,638.9754272460938,640.4167083740234,47.341386272693654,0.927836883374539,633.3983154296875,624.9536743164062,633.54736328125
2024-06-26,629.7721240170994,643.7802818201426,624.9536704017202,635.9317016601562,926986.0,631.5206298828125,638.0145874023438,641.4428436279297,50.12706221390594,0.8027179601817807,629.7720947265625,633.3983154296875,624.9536743164062
2024-06-27,645.7672280185272,647.6548795555068,636.0807195982494,643.1344604492188,1142754.0,633.4380493164062,636.6787963867188,642.3434478759766,53.24198840984647,1.2701215794838845,635.9317016601562,629.7720947265625,633.3983154296875
2024-06-28,644.7737096349089,644.7737096349089,632.0570754090937,636.8258056640625,717115.0,635.8124755859375,635.7478942871094,642.5643737792968,50.27988857584718,1.1185921635460545,643.1344604492188,635.9317016601562,629.7720947265625
2024-07-01,640.5514096104488,667.6239585238023,637.6702700581689,665.2395629882812,2073935.0,642.1807250976562,637.8640258789062,643.5592590332031,60.845673585308504,3.2537495625232395,636.8258056640625,643.1344604492188,635.9317016601562
2024-07-02,668.1207048766721,679.8438515856303,662.6565206732197,666.580810546875,1591881.0,649.5424682617188,640.8097229003906,644.2519989013672,61.264127828553924,4.996508018674945,665.2395629882812,636.8258056640625,643.1344604492188
2024-07-03,668.6174485029508,679.4464923548829,657.1923360842525,666.4317626953125,942172.0,655.64248046875,643.5815551757812,646.1787109375,61.185871255302686,6.293086946091648,666.580810546875,665.2395629882812,636.8258056640625
2024-07-04,666.6801288738252,674.4790462740438,655.702098295061,662.5571899414062,769961.0,659.5270263671875,646.4825378417969,646.5290283203125,59.073406976934706,6.928126319726516,666.4317626953125,666.580810546875,665.2395629882812
2024-07-05,662.5571948032247,662.5571948032247,648.6483623130852,652.622314453125,1169183.0,662.686328125,649.2494018554687,646.6006591796875,53.93171832890035,6.5541856040536,662.5571899414062,666.4317626953125,666.580810546875
2024-07-08,652.1752004522606,677.4594818202049,651.7281187310799,670.654052734375,1506819.0,663.7692260742188,652.9749755859375,647.2046691894532,60.629678583912806,7.624949799634237,652.622314453125,662.5571899414062,666.4317626953125
2024-07-09,672.4920502363203,685.5067187576558,672.1442930543334,675.7208862304688,1670930.0,665.5972412109375,657.5698547363281,648.2726409912109,62.28886022038261,8.781165447716148,670.654052734375,652.622314453125,662.5571899414062
2024-07-10,675.7208613536236,688.3878328643293,658.3348220252041,685.45703125,1838313.0,669.402294921875,662.5223876953125,650.2684875488281,65.31380030282914,10.363634684122076,675.7208862304688,670.654052734375,652.622314453125
2024-07-11,688.3878601073939,739.4531069731661,687.4936966514684,715.2120361328125,11050793.0,679.9332641601562,669.7301452636718,653.2044708251954,72.5583977474247,13.858975533107696,685.45703125,675.7208862304688,670.654052734375
2024-07-12,715.3113677553404,733.4425239519168,710.8903339798688,719.6827392578125,2612054.0,693.3453491210937,678.0158386230469,656.8818664550781,73.45548127680755,16.7961906864939,715.2120361328125,685.45703125,675.7208862304688
2024-07-15,726.8358060102312,759.5215858909639,707.4131274848361,720.7258911132812,3439391.0,703.359716796875,683.5644714355469,660.7142486572266,73.67175399151466,18.98923244258617,719.6827392578125,715.2120361328125,685.45703125
2024-07-16,722.8618774162319,726.3390855743539,703.8862800084166,709.49951171875,792233.0,710.1154418945313,687.8563415527344,664.3330322265625,67.31526499662651,19.595474408706195,720.7258911132812,719.6827392578125,715.2120361328125
2024-07-18,705.3765281521763,717.1990604143136,697.1802515926615,706.8667602539062,1328438.0,714.3973876953125,691.8998413085938,667.7406982421875,65.87970040925157,19.637119998542516,709.49951171875,720.7258911132812,719.6827392578125
2024-07-19,706.3699882523825,706.3699882523825,677.558835426336,688.9839477539062,1129597.0,709.1517700195312,694.5425170898437,670.5125274658203,56.98944482983803,18.01941432108049,706.8667602539062,709.49951171875,720.7258911132812
2024-07-22,682.4766154297139,705.3765024303717,673.5848854194253,703.3895263671875,1191022.0,705.8931274414062,699.61923828125,674.4343200683594,61.496960199315524,17.695794613346948,688.9839477539062,706.8667602539062,709.49951171875
2024-07-23,703.389489991607,705.8732099421422,677.260768239514,693.5042724609375,1200719.0,700.4488037109375,701.9042602539063,677.4396179199218,57.07655835861192,16.452017669030283,703.3895263671875,688.9839477539062,706.8667602539062
2024-07-24,698.4220536809273,700.40902965157,681.5327579304638,682.9733276367188,487844.0,695.1435668945312,702.6295043945313,680.0996795654297,52.72829331256868,14.449985801676121,693.5042724609375,703.3895263671875,688.9839477539062
2024-07-25,694.4481592990411,713.3244325847089,684.2649066054572,693.3553466796875,3355349.0,692.4412841796875,703.4193359375,682.9708618164062,56.26565919401595,13.544965364280188,682.9733276367188,693.5042724609375,703.3895263671875
2024-07-26,700.2600282373656,710.6419904940761,683.5197788391887,685.755126953125,1069519.0,691.7955200195313,700.4736450195312,685.1018951416015,53.131236016864335,12.075259854067326,693.3553466796875,682.9733276367188,693.5042724609375
2024-07-29,691.3185862736184,691.7656679919281,675.6214883252021,680.5889282226562,1145859.0,687.235400390625,696.5642639160156,687.2900512695312,51.04945533070289,10.374052961822485,685.755126953125,693.3553466796875,682.9733276367188
2024-07-30,688.5368637677627,698.4220817464792,671.7469525237585,674.578369140625,1868439.0,683.4502197265625,691.94951171875,687.7569915771485,48.66059417332871,8.44350093472417,680.5889282226562,685.755126953125,693.3553466796875
2024-07-31,678.254328249843,678.9994443141344,662.3088566015475,674.8267822265625,1659742.0,681.8209106445313,688.4822387695312,688.1692901611328,48.76730078174939,6.8545543683860615,674.578369140625,680.5889282226562,685.755126953125
2024-08-01,674.5783589143138,678.651635500986,663.8983628048456,668.1703491210938,792866.0,676.7839111328125,684.61259765625,688.2562194824219,46.00784070848736,5.000541120039429,674.8267822265625,674.578369140625,680.5889282226562
2024-08-02,660.5701687654599,688.4871561824264,659.0799368256712,684.7119140625,1217493.0,676.5752685546875,684.1853942871094,689.3639556884766,53.108649847983294,4.81053545218731,668.1703491210938,674.8267822265625,674.578369140625
2024-08-05,666.6304527198402,672.3430087602859,643.3828091001653,654.0628051757812,3095537.0,671.2700439453125,679.2527221679687,689.4359802246094,42.06879916038542,2.1619065368134898,684.7119140625,668.1703491210938,674.8267822265625
2024-08-06,651.2810602546207,670.405704665202,644.3763063788456,647.1083984375,721444.0,665.7760498046875,674.613134765625,688.2586975097656,40.03519328823444,-0.49263467841990405,654.0628051757812,684.7119140625,668.1703491210938
2024-08-07,665.0905544155497,665.0905544155497,645.8168629405337,651.3804321289062,528032.0,661.0867797851563,671.4538452148438,687.0416748046875,41.89338912384138,-2.2260003539645368,647.1083984375,654.0628051757812,684.7119140625
2024-08-08,653.1190149256305,663.5009156891407,644.4756574697775,651.0326538085938,1150238.0,657.6592407226562,667.2215759277344,685.3204559326172,41.77988417536957,-3.586425859171527,651.3804321289062,647.1083984375,654.0628051757812
2024-08-09,659.0799599361789,684.5132283453097,657.9374244872008,674.379638671875,2076432.0,655.5927856445312,666.0840270996093,683.2788360595703,51.31594521272392,-2.7489778088106505,651.0326538085938,651.3804321289062,647.1083984375
2024-08-12,665.7362806813745,672.9390686395737,655.8014007390308,661.3153076171875,1234517.0,657.0432861328125,664.1566650390625,680.360464477539,46.70586544903091,-3.1036990180608655,674.379638671875,651.0326538085938,651.3804321289062
2024-08-13,660.6695676952532,670.8031581543595,652.8209876735681,655.2053833007812,721791.0,658.6626831054688,662.2193664550781,677.084439086914,44.684047941401516,-3.8336460759836655,661.3153076171875,674.379638671875,651.0326538085938
2024-08-14,661.1166590214414,663.4016694919266,639.5579554255751,648.1019287109375,1816896.0,658.006982421875,659.5468811035156,674.0145599365235,42.38674104223227,-4.9285109909137645,655.2053833007812,661.3153076171875,674.379638671875
2024-08-16,652.423570941937,686.7982309185909,652.1255366744031,682.2282104492188,1924721.0,664.24609375,660.9526672363281,672.7826324462891,54.49165256766678,-3.0078213013703134,648.1019287109375,655.2053833007812,661.3153076171875
2024-08-19,689.3813829838932,691.0702641607772,674.5783867659095,685.9041748046875,553062.0,666.5510009765625,661.0718933105469,672.6286437988281,55.57442998427102,-1.1754909544099519,682.2282104492188,648.1019287109375,655.2053833007812
2024-08-20,690.2258574584772,697.6273559308403,677.1614646887093,695.0442504882812,666703.0,673.2967895507812,665.1700378417969,672.2113800048828,58.23528280298006,1.0026142546279289,685.9041748046875,682.2282104492188,648.1019287109375
2024-08-21,695.4416015868155,697.1802055907826,675.7705512694705,677.5091552734375,980338.0,677.7575439453125,668.2101135253906,671.4116241455079,51.82246461109704,1.2988701220106122,695.0442504882812,685.9041748046875,682.2282104492188
2024-08-22,680.4399291713376,690.9212150389319,679.8438000117474,685.45703125,783372.0,685.228564453125,671.6177734375,671.5358093261718,54.27998290397503,2.1501960775260613,677.5091552734375,695.0442504882812,685.9041748046875
2024-08-23,685.357715074981,695.6900151712329,680.837356522008,690.8218994140625,740655.0,686.9473022460937,675.5966979980469,671.4091369628907,55.91468559861863,3.2206523796639885,685.45703125,677.5091552734375,695.0442504882812
2024-08-26,691.1199455728574,714.8146099161106,685.6557616193638,711.0393676757812,1494572.0,691.9743408203125,679.2626708984375,672.6733489990235,61.50109961775481,5.635415869400276,690.8218994140625,685.45703125,677.5091552734375
2024-08-27,714.6158868380342,732.1013115451243,691.7656634594604,702.8430786132812,2966671.0,693.5341064453125,683.4154479980468,673.7860565185547,58.276978254714166,6.809268298032407,711.0393676757812,690.8218994140625,685.45703125
2024-08-28,700.4090702552073,713.2747525384987,692.4611659118859,695.5409545898438,1089403.0,697.1404663085938,687.4490051269531,674.8341857910157,55.48617078608883,7.068849130013746,702.8430786132812,711.0393676757812,690.8218994140625
2024-08-29,695.590660688376,717.5963839244077,681.5327809658531,684.6622924804688,1577836.0,696.9815185546875,691.1050415039062,675.325961303711,51.52721638686874,6.323854238880813,695.5409545898438,702.8430786132812,711.0393676757812
2024-08-30,687.4440578970755,694.1501021328503,673.5848876822681,678.9000244140625,2415730.0,694.5971435546875,690.7722229003906,675.8624450683594,49.512057148614275,5.2084339600304475,684.6622924804688,695.5409545898438,702.8430786132812
2024-09-02,680.5393120444503,725.1469495999614,678.0555919274998,710.3936157226562,5417373.0,694.4679931640625,693.2211669921875,677.1465301513672,58.95922539555614,6.787483088567797,678.9000244140625,684.6622924804688,695.5409545898438
2024-09-03,717.2983424764423,731.7039186065093,702.3960223418901,706.1712646484375,2659537.0,695.1336303710938,694.3338684082031,679.751953125,57.40824926661098,7.610453880349496,710.3936157226562,678.9000244140625,684.6622924804688
2024-09-04,698.76980467582,727.8293305110782,696.9318760148235,717.69580078125,2386638.0,699.564599609375,698.3525329589844,683.2813232421875,60.46518855107821,9.087838962792148,706.1712646484375,710.3936157226562,678.9000244140625
2024-09-05,745.1160229412683,747.5004184697592,717.0003238031572,729.0711669921875,5450342.0,708.4463745117188,702.7139465332032,687.1658599853515,63.26763203799539,11.04920590218478,717.69580078125,706.1712646484375,710.3936157226562
2024-09-06,733.0451164967922,733.0451164967922,711.3374273610349,714.2185668945312,2095248.0,715.5100830078125,705.05361328125,690.3251556396484,57.53311479409495,11.275149725517622,729.0711669921875,717.69580078125,706.1712646484375
2024-09-09,710.2446473121151,710.2446473121151,681.1353982766075,695.5906982421875,1527955.0,712.5494995117188,703.5087463378907,691.385708618164,51.25799192781963,9.837695680642582,714.2185668945312,729.0711669921875,717.69580078125
2024-09-10,702.5947565336344,721.0736098887834,699.3162581174238,708.75439453125,2571346.0,713.0661254882813,704.0998779296875,693.7576629638672,54.99373253842303,9.64947018500311,695.5906982421875,714.2185668945312,729.0711669921875
2024-09-11,715.261747427483,733.5418915150611,710.9400379445719,720.67626953125,2358392.0,713.6622192382813,706.6134094238281,697.0312072753907,58.12405656334754,10.34306735867574,708.75439453125,695.5906982421875,714.2185668945312
2024-09-12,714.3178820779409,732.995444613914,714.2185575316178,721.3219604492188,1373502.0,712.1123779296875,710.2793762207032,700.6922088623047,58.29325152555262,10.820122341662795,720.67626953125,708.75439453125,695.5906982421875
2024-09-13,727.0842377045235,741.1421184967747,717.0003699279722,719.5337524414062,1394286.0,713.1754150390625,714.3427490234375,702.557485961914,57.599159570320204,10.92792805885938,721.3219604492188,720.67626953125,708.75439453125
2024-09-16,725.246302824547,732.6974634700047,720.278862394242,728.87255859375,684524.0,719.831787109375,716.1906433105469,704.7059051513672,60.26037770467165,11.632832424270305,719.5337524414062,721.3219604492188,720.67626953125
2024-09-17,733.1941846451798,753.7097372375532,731.1575462598163,740.5460205078125,3270902.0,726.1901123046875,719.6281188964844,706.9809936523437,63.35635436034982,12.983756368386139,728.87255859375,719.5337524414062,721.3219604492188
2024-09-18,737.1681136449025,745.8114715793296,706.5686946400119,712.8773193359375,2317400.0,724.630322265625,719.1462707519531,708.7494018554687,52.84716086570179,11.687019691308706,740.5460205078125,728.87255859375,719.5337524414062
2024-09-19,718.5898925068091,733.9889572404361,693.4546570368801,723.7560424804688,1576534.0,725.117138671875,718.6147583007812,710.6643524169922,55.941598806250774,11.40569086819005,712.8773193359375,740.5460205078125,728.87255859375
2024-09-20,727.2332405130232,754.5044991598011,720.3284865527439,743.4767456054688,5302786.0,729.9057373046875,721.540576171875,713.2970947265625,60.94514704556666,12.628458667818677,723.7560424804688,712.8773193359375,740.5460205078125
2024-09-23,758.3790278645678,763.6445626866825,738.90668764523,745.314697265625,1628786.0,733.1941650390625,726.5129760742187,715.0108612060546,61.385294763888886,13.589170795200289,743.4767456054688,723.7560424804688,712.8773193359375
2024-09-24,744.1225177668781,749.0402955325294,729.2698599242324,731.1078491210938,943870.0,731.3065307617187,728.7483215332031,716.4240997314453,56.12036843783744,13.053693313155463,745.314697265625,743.4767456054688,723.7560424804688
2024-09-25,730.2136761390366,731.6542458589587,709.4000905215482,725.2958984375,2492409.0,733.7902465820313,729.2102844238282,717.9118469238281,54.07698763287964,12.021768242056964,731.1078491210938,745.314697265625,743.4767456054688
2024-09-26,738.1119197169792,750.5305196831519,725.2462380244853,739.25439453125,4039878.0,736.8899169921875,731.0035278320313,720.6414520263672,58.02950909651926,12.18977799449192,725.2958984375,731.1078491210938,745.314697265625
2024-09-27,739.1054146578942,739.1054146578942,726.0906853884596,730.6607666015625,1177716.0,734.3267211914062,732.1162292480469,723.2294891357421,54.896844828192876,11.496963145233849,739.25439453125,725.2958984375,731.1078491210938
2024-09-30,729.2202093192159,741.4400998819032,723.9050726480577,738.5590209960938,864479.0,732.9755859375,733.0848754882812,724.6377593994141,57.18457335429517,11.453200145005894,730.6607666015625,739.25439453125,725.2958984375
2024-10-01,737.1681350142262,740.8440529363113,723.4083497410752,726.2894287109375,1344430.0,732.0119018554688,731.6592163085937,725.643667602539,52.71168403246294,10.30962120019933,738.5590209960938,730.6607666015625,739.25439453125
2024-10-03,711.5858415103688,717.9441895150705,698.4221243724807,701.9986572265625,1381904.0,727.3524536132812,730.5713500976562,724.8588104248047,45.177632367369526,7.358440869187575,726.2894287109375,738.5590209960938,730.6607666015625
2024-10-04,706.3699934068366,706.3699934068366,682.079198805602,692.262451171875,1983326.0,717.9540649414063,727.4219909667969,723.0183746337891,42.55233655022713,4.18572826509569,701.9986572265625,726.2894287109375,738.5590209960938
2024-10-07,689.4807048216281,689.9774488452749,659.9740976894742,671.051513671875,3099047.0,706.0322143554688,720.1794677734375,720.8600219726562,37.44697698534006,-0.039756433438810745,692.262451171875,701.9986572265625,726.2894287109375
2024-10-08,664.2461215124039,676.5157359689531,661.8121241698426,669.0645751953125,1549976.0,692.1333251953125,712.5544555664062,719.5337158203125,36.9991564714246,-3.5083705180741163,671.051513671875,692.262451171875,701.9986572265625
2024-10-09,677.5588649691197,689.4807218307465,666.2330766954944,668.716796875,1574020.0,680.618798828125,706.3153503417968,717.5318359375,36.915941027774544,-6.21370722511449,669.0645751953125,671.051513671875,692.262451171875
2024-10-10,670.6044245757679,677.5588408306277,660.6695442116825,666.4317626953125,2571951.0,673.505419921875,700.4289367675781,714.8196105957031,36.337653444887614,-8.444743471743777,668.716796875,669.0645751953125,671.051513671875
2024-10-11,670.6044155463734,672.5913915924367,657.1923272354459,660.7688598632812,761195.0,667.2067016601562,692.5803833007812,711.7919555664063,34.87940963494542,-10.548211486652463,666.4317626953125,668.716796875,669.0645751953125
2024-10-14,662.3088480240809,663.8984046855695,652.3242443817252,655.8014526367188,1692063.0,664.156689453125,685.0944519042969,708.6053405761719,33.60544251369983,-12.47228060487771,660.7688598632812,666.4317626953125,668.716796875
2024-10-15,661.6133273866719,665.5872792765083,650.9333316827366,652.5228881835938,1137736.0,660.8483520507813,676.4908386230469,704.7878570556641,32.75507561778821,-14.099145817926,655.8014526367188,660.7688598632812,666.4317626953125
2024-10-16,654.708603299482,662.2094257013981,648.6483506499675,658.2354736328125,1224255.0,658.7520874023437,669.6854431152344,700.672329711914,35.80327430165073,-14.757376466753385,652.5228881835938,655.8014526367188,660.7688598632812
2024-10-17,659.229001658727,661.0669909846138,639.0115435378738,644.3763427734375,2594238.0,654.3410034179688,663.9232116699219,697.247280883789,32.01200521183216,-16.210480702146583,658.2354736328125,652.5228881835938,655.8014526367188
2024-10-18,644.37636694762,649.4431927152765,630.8649528426073,633.1499633789062,1557380.0,648.8172241210938,658.011962890625,692.7169769287109,29.30498344633351,-18.05976949123908,644.3763427734375,658.2354736328125,652.5228881835938
2024-10-21,633.1499578389811,634.8388997467554,622.7679950035322,629.4243774414062,2147746.0,643.5418090820312,653.8492492675781,687.0143585205078,28.445318489882624,-19.600030873818696,633.1499633789062,644.3763427734375,658.2354736328125
2024-10-22,634.8388409554511,645.4691748329486,627.9340871305092,631.2125854492188,3989483.0,639.2797485351563,650.0640502929688,681.3092529296875,29.514122287427,-20.44077712024432,629.4243774414062,633.1499633789062,644.3763427734375
2024-10-23,626.0465296250555,650.4366495404148,624.9536563688233,639.9056396484375,1610895.0,635.6137817382812,647.1829345703125,676.7491424560546,34.62625735284911,-20.173075102318194,631.2125854492188,629.4243774414062,633.1499633789062
2024-10-24,659.6760277890899,740.0492307311217,659.4276557906753,724.6998291015625,27594688.0,651.6784790039062,653.0097412109375,676.7193389892578,62.895167745048965,-12.969235615063326,639.9056396484375,631.2125854492188,629.4243774414062
2024-10-25,722.7625711909524,727.5313018011672,690.4742089040714,694.696533203125,2648854.0,663.98779296875,656.4025085449218,674.4914459228515,53.99766280023275,-9.570829585721071,724.6998291015625,639.9056396484375,631.2125854492188
2024-10-28,694.6965201787526,705.1778069970632,679.5954896647745,686.3511962890625,4605722.0,675.3731567382813,659.4574829101563,672.2759674072265,51.80252649506795,-7.46491635831876,694.696533203125,724.6998291015625,639.9056396484375
2024-10-29,687.2949535928876,698.7200650496452,666.1833345967051,681.7314453125,1177278.0,685.4769287109375,662.3783386230468,669.4345886230469,50.57678986209322,-6.098441214087529,686.3511962890625,694.696533203125,724.6998291015625
2024-10-30,677.5588226596703,688.139494218745,674.5783586303755,680.7876586914062,2147148.0,693.6533325195312,664.6335571289062,667.1595001220703,50.314861552380094,-5.0336309459129325,681.7314453125,686.3511962890625,694.696533203125
2024-10-31,678.5523114539318,686.50021554124,665.4382575823342,681.2347412109375,984886.0,684.9603149414063,668.3193969726562,666.121304321289,50.4457828663422,-4.10634986876596,680.7876586914062,681.7314453125,686.3511962890625
2024-11-01,681.9798549917792,715.3113655215279,681.9798549917792,692.6598510742188,321861.0,684.552978515625,674.2703857421875,666.1411743164062,53.796344179422114,-2.421646815027202,681.2347412109375,680.7876586914062,681.7314453125
2024-11-04,696.2860740915228,696.2860740915228,676.0189542976836,684.4139404296875,696834.0,684.16552734375,679.7693420410156,666.8092956542969,51.11032848966482,-1.731919097102832,692.6598510742188,681.2347412109375,680.7876586914062
2024-11-05,683.3210671944164,693.2062853982187,670.8528043212428,684.4139404296875,1178166.0,684.7020263671875,685.0894775390625,667.5767639160156,51.11032848966482,-1.171797163149563,684.4139404296875,692.6598510742188,681.2347412109375
2024-11-06,687.4937197502321,711.8838388652767,685.5067436815898,704.730712890625,1939077.0,689.4906372070312,691.5719848632813,669.3774597167969,57.21463684235741,0.9011098151864871,684.4139404296875,684.4139404296875,692.6598510742188
2024-11-07,705.0784425821104,716.2055202600103,698.7200951553975,700.0613403320312,955455.0,693.25595703125,689.1081359863281,671.0589385986328,55.49950715576902,2.142427616158102,704.730712890625,684.4139404296875,684.4139404296875
2024-11-08,703.19083084773,705.2771921388656,693.7030320817775,699.4155883789062,1522921.0,694.6071044921875,689.5800415039063,672.9912750244141,55.252825873014295,3.0390419469703147,700.0613403320312,704.730712890625,684.4139404296875
2024-11-11,696.4350557404078,709.9464676594671,685.5066882466211,694.6467895507812,730090.0,696.6536743164063,690.4096008300781,674.9335418701172,53.3663866108016,3.32646760508419,699.4155883789062,700.0613403320312,704.730712890625
2024-11-12,694.6468265438104,703.1907991479712,674.677681222739,679.595458984375,892443.0,695.6899780273437,690.1960021972657,676.2871704101562,47.8172719032822,2.313074242410835,694.6467895507812,699.4155883789062,700.0613403320312
2024-11-13,675.5718988078462,676.1183051278713,657.8381607192205,661.6134033203125,980137.0,687.0665161132813,688.2785766601562,676.4560668945312,42.17492997094236,0.0582792842951676,679.595458984375,694.6467895507812,699.4155883789062
2024-11-14,674.2803186533577,678.5026426591551,656.248487173521,664.2957763671875,756869.0,679.9134033203125,686.5846801757813,677.4520385742187,43.250651860349606,-1.494983636805955,661.6134033203125,679.595458984375,694.6467895507812
2024-11-18,674.5783513168055,674.5783513168055,654.3608947923593,663.401611328125,943201.0,672.7106079101562,683.6588562011718,678.9646209716797,42.963726474837486,-2.766220075123101,664.2957763671875,661.6134033203125,679.595458984375
2024-11-19,663.6003608594815,692.0637573553263,663.6003608594815,675.9692993164062,1167001.0,668.9751098632812,682.8143920898438,681.2918670654296,48.168398119459326,-2.728128555364833,663.401611328125,664.2957763671875,661.6134033203125
2024-11-21,675.9692641438495,690.3251173332708,669.6109166446676,679.4464721679688,1491622.0,668.9453125,682.3176452636719,683.7035614013672,49.54035959690258,-2.3898136778756225,675.9692993164062,663.401611328125,664.2957763671875
2024-11-22,679.4464749188323,686.50021554124,670.6044073666237,681.2347412109375,760433.0,672.869580078125,679.9680480957031,685.7700164794921,50.26941761885417,-1.9548638795160969,679.4464721679688,675.9692993164062,663.401611328125
2024-11-25,689.4807210588987,696.4351375537291,662.6565431502672,668.1207275390625,2637722.0,673.6345703125,676.7739868164062,682.9410614013672,45.12088990077531,-2.6379457391901724,681.2347412109375,679.4464721679688,675.9692993164062
2024-11-26,668.1206919346895,685.9041517074348,667.9219822036008,671.4488525390625,1043903.0,675.2440185546875,673.9773132324219,681.778677368164,46.615215967211086,-2.877570321679059,668.1207275390625,681.2347412109375,679.4464721679688
2024-11-27,679.3471118782726,679.3471118782726,663.9480472071845,669.4122314453125,673597.0,673.9326049804688,671.453857421875,680.9317291259765,45.79347078948387,-3.194983055361945,671.4488525390625,668.1207275390625,681.2347412109375
2024-11-28,671.2998895797467,674.5783880273028,658.8812889165047,660.3715209960938,718669.0,670.1176147460938,669.5314636230469,679.8637329101563,42.23427776680652,-4.128454457411749,669.4122314453125,671.4488525390625,668.1207275390625
2024-11-29,661.6630535718928,670.0580398776345,653.8641964898263,667.2265625,1776675.0,667.3159790039062,670.0927795410156,679.185678100586,45.681639416660346,-4.265917863749905,660.3715209960938,669.4122314453125,671.4488525390625
2024-12-02,666.6304804908235,680.5393131687246,663.650016345559,671.6475830078125,1089452.0,668.0213500976563,670.8279602050782,678.7063201904297,47.84347380479871,-3.9723286645169082,667.2265625,660.3715209960938,669.4122314453125
2024-12-03,676.2673628198271,676.2673628198271,665.6370280062173,668.3194580078125,671497.0,667.3954711914063,671.3197448730468,677.4893005371093,46.34803422999023,-3.9625313868897365,671.6475830078125,667.2265625,660.3715209960938
2024-12-04,668.6174367201445,692.908230909805,666.8291704136626,684.6622924804688,1860493.0,670.4454833984375,672.1890441894532,677.5017181396485,53.95845229061322,-2.6059965090281594,668.3194580078125,671.6475830078125,667.2265625
2024-12-05,688.189181696767,688.189181696767,662.9545610694366,670.6044311523438,1369054.0,672.4920654296875,671.3048400878906,676.8112426757813,47.691703738924424,-2.634911152160498,684.6622924804688,668.3194580078125,671.6475830078125
2024-12-06,673.982305411656,673.982305411656,662.7558421357709,664.6434936523438,659081.0,671.9754516601563,669.6457153320313,674.8068817138671,45.289760154857355,-3.1030539790914418,670.6044311523438,684.6622924804688,668.3194580078125
2024-12-09,664.6434584730562,671.5482120600684,654.3111592282628,655.3543701171875,1236327.0,668.7168090820312,668.3690795898438,672.571533203125,41.76014903686608,-4.175482812350765,664.6434936523438,670.6044311523438,684.6622924804688
2024-12-10,656.1987872672086,656.1987872672086,633.8453085185149,641.3461303710938,1789953.0,663.3221435546875,665.3588073730468,669.6680603027344,37.068501493257884,-6.085587401488965,655.3543701171875,664.6434936523438,670.6044311523438
2024-12-11,642.2899908430621,644.8233731109598,636.0806908542468,637.5709228515625,857593.0,653.9038696289062,662.1746765136719,666.8142669677734,35.897990690760196,-7.8139128230102415,641.3461303710938,655.3543701171875,664.6434936523438
2024-12-12,639.6075923108707,641.1474866556509,627.884445487846,631.2623291015625,1489548.0,646.03544921875,659.2637573242188,664.3976104736328,33.96774106134346,-9.582216141033769,637.5709228515625,641.3461303710938,655.3543701171875
2024-12-13,630.8649038280868,635.3355999969473,622.0228360390394,627.6857299804688,896237.0,638.643896484375,655.3096740722656,662.7012268066406,32.88803954662444,-11.143752674603547,631.2623291015625,637.5709228515625,641.3461303710938
2024-12-16,627.7851151734462,629.921078071528,614.1743169316773,627.5367431640625,2255182.0,633.08037109375,650.8985900878906,660.8632751464844,32.841210161607876,-12.25206938939732,627.6857299804688,631.2623291015625,637.5709228515625
2024-12-17,628.2818223621039,635.9316312925307,613.2801174921121,617.3534545898438,3150407.0,628.2818359375,645.8019897460938,658.5608673095703,29.725646228977993,-13.793126081958121,627.5367431640625,627.6857299804688,631.2623291015625
2024-12-18,613.7768859943377,618.7443260892055,597.5333811391982,607.1702270507812,3565082.0,622.2016967773437,638.052783203125,655.1209136962891,26.970247073539227,-15.65565729910952,617.3534545898438,627.5367431640625,627.6857299804688
2024-12-19,598.576568936989,613.4292278788162,594.1058725714845,605.6303100585938,1964594.0,617.07529296875,631.55537109375,651.4301055908203,26.56917007926296,-17.05933573586583,607.1702270507812,617.3534545898438,627.5367431640625
2024-12-20,605.6302773941513,610.4487307108227,582.730390484593,584.6180419921875,1590527.0,608.4617553710938,623.5528259277344,646.5992706298828,21.804352071892396,-19.64086773878296,605.6303100585938,607.1702270507812,617.3534545898438
2024-12-23,586.7043564806959,590.0822401096945,577.0675102569749,580.3460693359375,1077200.0,599.0236206054688,616.0519958496094,642.2105377197265,20.98054537785012,-21.780392138275943,584.6180419921875,605.6303100585938,607.1702270507812
2024-12-24,580.3460855050558,593.5098025495857,577.2662360780552,591.0757446289062,1606488.0,593.7680786132812,611.0249572753906,638.1918823242188,28.30711967514165,-22.352519583017738,580.3460693359375,584.6180419921875,605.6303100585938
2024-12-26,591.1253842397361,595.3477084128772,583.4258519240085,589.684814453125,1481714.0,590.27099609375,606.2363464355469,634.2055114746094,27.94539296028225,-22.656995406076817,591.0757446289062,580.3460693359375,584.6180419921875
2024-12-27,588.1448902587134,597.98044561778,585.4624605573595,596.4404907226562,876891.0,588.4330322265625,602.7541625976562,631.0089599609375,32.45974850973559,-22.098431115963308,589.684814453125,591.0757446289062,580.3460693359375
2024-12-30,596.5895773545872,597.0863213823595,589.7842084291855,595.3477172851562,1822923.0,590.5789672851563,599.520361328125,627.4150177001953,32.1093106877279,-21.496148358142364,596.4404907226562,589.684814453125,591.0757446289062
2024-12-31,593.1123826768925,594.7019393469096,580.8924914427478,590.9266967773438,1548728.0,592.6950927734375,595.8593566894531,623.3789733886719,30.666824343767814,-21.131978051548117,595.3477172851562,596.4404907226562,589.684814453125
2025-01-01,592.9136683917803,597.6327367270129,584.5684049815678,587.7972412109375,453009.0,592.0393920898438,592.9037353515625,619.3528625488282,29.651378966241978,-20.855482351661408,590.9266967773438,595.3477172851562,596.4404907226562
2025-01-02,589.883530325671,595.0993425938137,583.177485980916,593.5594482421875,1969381.0,592.8143188476563,591.5426574707031,614.797720336914,33.98578859832965,-19.941522113056067,587.7972412109375,590.9266967773438,595.3477172851562
2025-01-03,594.1058238755168,603.3452501460418,583.7238621501531,587.250732421875,1521275.0,590.9763671875,589.7046997070313,610.6300354003906,31.684070537322967,-19.501461967472096,593.5594482421875,587.7972412109375,590.9266967773438
2025-01-06,586.15792525594,591.2744127568964,574.5341034241728,577.762939453125,1661234.0,587.4594116210938,589.019189453125,606.2860076904296,28.55220345894344,-19.69130759487814,587.250732421875,593.5594482421875,587.7972412109375
2025-01-07,574.335418492337,583.9722647223675,571.305292061877,580.6441040039062,787355.0,585.4028930664062,589.0489929199218,602.5504943847657,30.789491677483383,-19.385808192414515,577.762939453125,587.250732421875,593.5594482421875
2025-01-08,581.6376160225446,583.5252070161313,567.927492470264,569.417724609375,1581135.0,581.7269897460938,586.8831909179687,598.9540740966797,27.213664956254007,-19.821087550248535,580.6441040039062,577.762939453125,587.250732421875
2025-01-09,569.4176926624838,571.205959001547,556.3533007208351,562.0658569335938,1288063.0,575.428271484375,584.1212951660157,595.1788208007813,25.153442890852574,-20.522710821260603,569.417724609375,580.6441040039062,577.762939453125
2025-01-10,560.2776164791202,570.0137875640023,554.9127565763788,565.8411254882812,1772445.0,571.1463500976563,581.0613586425782,591.9077606201172,28.161054827972535,-20.537377592519988,562.0658569335938,569.417724609375,580.6441040039062
2025-01-13,553.3728510336003,567.9771376857253,552.6277349864276,558.240966796875,2884183.0,567.2419555664062,577.35068359375,588.4355224609375,25.904314598467323,-20.921104928946306,565.8411254882812,562.0658569335938,569.417724609375
2025-01-14,558.1912759329188,573.7393892650529,557.3964975645077,566.1889038085938,1130150.0,564.3509155273438,574.876904296875,585.368130493164,32.03791898549966,-20.34930538898425,558.240966796875,565.8411254882812,562.0658569335938
2025-01-15,567.2816569021464,571.2556089645083,557.7441962075567,567.2319946289062,930485.0,563.91376953125,572.8203796386719,582.8620574951171,32.823860578681945,-19.58620385618019,566.1889038085938,558.240966796875,565.8411254882812
2025-01-16,570.2621591361519,581.5382246131194,569.3183333305991,578.905517578125,1564624.0,567.2817016601563,571.3549865722656,581.4488220214844,41.0412915896724,-17.83390647861893,567.2319946289062,566.1889038085938,558.240966796875
2025-01-17,580.9917439688621,585.1147432372771,568.7221919794273,571.0072021484375,1546189.0,568.3149169921875,569.7306335449218,579.7176666259766,37.682536273631285,-16.887853564907914,578.905517578125,567.2319946289062,566.1889038085938
2025-01-20,574.7824716821929,576.1733791406824,555.0120968163205,562.6122436523438,1942954.0,569.1891723632813,568.2155639648438,578.6173767089844,34.4549508555144,-16.62387314428247,571.0072021484375,578.905517578125,567.2319946289062
2025-01-21,565.195395489006,570.113112996789,550.8394805414093,552.7767944335938,2016643.0,566.5067504882812,565.4288330078125,577.2389129638672,31.094611877247445,-17.012199269284906,562.6122436523438,571.0072021484375,578.905517578125
2025-01-22,551.4851718557637,553.4224856089851,525.2074624175658,527.8898315429688,3786430.0,558.6383178710937,561.2760437011718,574.0796173095703,24.56591170225161,-19.10785695656716,552.7767944335938,562.6122436523438,571.0072021484375
2025-01-23,531.2180701768577,545.1765650917586,527.2937802687031,539.0665893554688,1738327.0,550.6705322265625,558.9761169433593,571.5487060546875,31.519909274209994,-19.640407433565315,527.8898315429688,552.7767944335938,562.6122436523438
2025-01-24,506.67887718559166,543.388270709224,506.67887718559166,521.630859375,7353964.0,540.795263671875,554.5550903320312,567.8082244873046,27.292964473265542,-21.22470997172286,539.0665893554688,527.8898315429688,552.7767944335938
2025-01-27,517.656917832026,518.7497910306029,503.7480856289094,508.9638977050781,3114482.0,530.0655944824218,549.6273834228516,563.4890335083007,24.701301849046516,-23.234565484156747,521.630859375,539.0665893554688,527.8898315429688
2025-01-28,512.4907963866364,516.1667143712556,491.82625666897377,493.9622802734375,1749811.0,518.3026916503907,542.4047210693359,558.6408126831054,22.032908225846896,-25.741167455862183,508.9638977050781,521.630859375,539.0665893554688
2025-01-29,494.3099339506805,508.6161851649108,490.137302612236,498.9793395996094,3576782.0,512.5205932617188,535.5794555664063,554.199917602539,24.952758738573877,-27.011461505043826,493.9622802734375,508.9638977050781,521.630859375
2025-01-30,512.4411129328688,514.0307301609633,493.6641952594503,500.5192565917969,2746724.0,504.8111267089844,527.7408294677734,549.5479080200196,25.87040159446657,-27.576040826193434,498.9793395996094,493.9622802734375,508.9638977050781
2025-01-31,500.5689397978396,503.99645524031575,496.7936671693184,501.0159912109375,2151141.0,500.6881530761719,520.7417083740235,545.2361709594727,26.183947815558227,-27.664492622989656,500.5192565917969,498.9793395996094,493.9622802734375
2025-02-01,506.7782592787386,510.6528566016349,495.60151874027866,500.1715698242188,867040.0,498.9296875,514.497640991211,541.3566024780273,25.982754019665094,-27.48588884081039,501.0159912109375,500.5192565917969,498.9793395996094
2025-02-03,496.74401641751416,498.7309924831842,474.4898905457793,482.3384399414063,6332539.0,496.60491943359375,507.4538055419922,536.4413192749023,22.117572085644696,-28.455313459773947,500.1715698242188,501.0159912109375,500.5192565917969
2025-02-04,496.7440222083416,521.432175857017,496.29694046081454,499.1283874511719,6030302.0,496.6347290039063,504.5776611328125,532.9268524169922,32.32506435543769,-27.551188064054486,482.3384399414063,500.1715698242188,501.0159912109375
2025-02-05,508.2478741817972,515.9720058233703,494.3444250606796,513.281005859375,2580847.0,499.18707885742185,501.9991027832031,530.4876098632812,39.52054173689502,-25.39987025348819,499.1283874511719,482.3384399414063,500.1715698242188
2025-02-06,517.2178361602389,533.2142515401576,509.7926909584871,531.4700927734375,4612104.0,505.27789916992185,502.9830261230469,528.7690582275391,47.27898063411171,-21.97392634319351,513.281005859375,499.1283874511719,482.3384399414063
2025-02-07,534.0614141241408,534.0614141241408,518.2643426285179,527.832275390625,1676568.0,510.81004028320314,504.86986389160154,527.2486236572265,46.00778481986026,-19.32956339736711,531.4700927734375,513.281005859375,499.1283874511719
2025-02-10,527.7325754537198,532.7158858923763,520.3074307338364,526.8854370117188,1160970.0,519.7194396972657,508.1621795654297,525.2834503173829,45.663645282583104,-17.11302040852854,527.832275390625,531.4700927734375,513.281005859375
2025-02-11,523.347270267319,529.0780776258209,504.6598853835711,509.2445373535156,2500361.0,521.7426696777344,509.18869934082034,522.3840774536133,39.704636431052855,-16.58864373293011,526.8854370117188,527.832275390625,531.4700927734375
2025-02-12,508.2976885120641,511.98535057539823,493.3477564970034,509.6431884765625,1449261.0,521.0151062011719,510.10109252929686,518.9209609985352,39.89551942868536,-15.956961703965476,509.2445373535156,526.8854370117188,527.832275390625
2025-02-13,513.2810239582335,519.7593281441141,507.7993819547961,514.7261962890625,1005358.0,517.6663269042969,511.47211303710935,516.1069107055664,42.39945079952705,-14.874726309289827,509.6431884765625,509.2445373535156,526.8854370117188
2025-02-14,514.6763443137288,520.8057798673196,483.38112933939067,487.616943359375,2492187.0,509.6232604980469,510.216650390625,512.357145690918,34.21311362037959,-16.01987002227645,514.7261962890625,509.6431884765625,509.2445373535156
2025-02-17,482.2848166286992,491.8029585749628,473.4643503657673,485.6734619140625,2915888.0,501.3808654785156,510.55015258789064,509.0019790649414,33.710605045365625,-16.889535325555528,487.616943359375,514.7261962890625,509.6431884765625
2025-02-18,490.6567564826931,506.304364155355,488.0156079103011,504.8591918945313,3212526.0,500.50379638671876,511.12323303222655,507.8504470825195,42.66352103798848,-15.847938110872974,485.6734619140625,487.616943359375,514.7261962890625
2025-02-19,503.3143853935989,512.0850001411023,497.0852469605098,507.6498718261719,1595962.0,500.1051330566406,510.56011962890625,506.2796112060547,43.851409590149096,-14.628650291593317,504.8591918945313,485.6734619140625,487.616943359375
2025-02-20,500.3244173732246,518.4636813247555,500.3244173732246,516.22119140625,1562900.0,500.4041320800781,509.0352294921875,506.0091278076172,47.45238401701364,-12.822907557375515,507.6498718261719,504.8591918945313,485.6734619140625
2025-02-21,518.9619992144927,522.8988269153293,503.66322896543846,505.7562255859375,1331623.0,504.0319885253906,506.82762451171874,505.84874420166017,43.76214426933609,-12.096833941504656,516.22119140625,507.6498718261719,504.8591918945313
2025-02-24,503.164884588192,511.83582690723694,496.0885773514672,503.2645568847656,1407219.0,507.5502075195312,504.4655364990234,506.31385803222656,42.90657039617481,-11.588882783391568,505.7562255859375,516.22119140625,507.6498718261719
2025-02-25,501.4207267573481,510.2910136855358,500.3742132650096,507.2013549804688,650257.0,508.0186401367188,504.26121826171874,506.7249588012695,44.744676489919335,-10.744801739817888,503.2645568847656,505.7562255859375,516.22119140625
2025-02-27,505.3077077679599,506.6033563908225,490.208282346794,501.3708801269531,1456475.0,506.762841796875,503.4339874267578,506.76753997802734,42.55930899546189,-10.42614590493588,507.2013549804688,503.2645568847656,505.7562255859375
2025-02-28,493.34776878439135,495.98891742302334,475.1088634380424,492.2514343261719,3533392.0,501.96889038085936,501.18651123046874,506.3293121337891,39.32417736293357,-10.785147455390529,501.3708801269531,507.2013549804688,503.2645568847656
2025-03-03,502.2678906844107,502.2678906844107,474.5108443855127,484.3279724121094,1083796.0,497.68323974609376,500.8576141357422,505.5371322631836,36.71293206853942,-11.575579848972325,492.2514343261719,501.3708801269531,507.2013549804688
2025-03-04,471.32150849997305,483.2814538901135,462.50104269160175,472.6171875,1539353.0,491.55376586914065,499.55198669433594,505.05106964111326,33.20356751086321,-12.997142716146584,484.3279724121094,492.2514343261719,501.3708801269531
2025-03-05,468.4312153975738,510.1913538360442,468.4312153975738,507.3508605957031,2597910.0,491.5836669921875,499.8011535644531,505.46219329833986,48.82764020975806,-11.192009869789445,472.6171875,484.3279724121094,492.2514343261719
2025-03-06,516.2710131554788,530.6727939319906,513.2810265928024,520.1580200195312,1212006.0,495.3410949707031,501.0519683837891,505.80604400634763,53.17664877735775,-8.628533983480168,507.3508605957031,472.6171875,484.3279724121094
2025-03-07,518.7626590764211,527.9319631994855,511.23787186513385,515.872314453125,1035927.0,500.0652709960938,501.01708068847654,505.02615509033205,51.59638956616365,-6.863661479749112,520.1580200195312,507.3508605957031,472.6171875
2025-03-10,516.2709846476686,521.15465342961,506.2046910260286,510.4903564453125,1761286.0,505.29774780273436,501.49049377441406,504.15905914306643,49.60288621302279,-5.832038231241199,515.872314453125,520.1580200195312,507.3508605957031
2025-03-11,502.8160420132535,507.5501871065398,493.3477518266808,505.90570068359375,1285121.0,511.9554504394531,501.7546081542969,503.11007232666014,47.90492059214818,-5.323051949370779,510.4903564453125,515.872314453125,520.1580200195312
2025-03-12,510.2910310601002,511.3873351145709,489.36112548927576,503.1150512695313,1587133.0,511.10828857421876,501.3459777832031,502.80359802246096,46.85356928870257,-5.086227870401785,505.90570068359375,510.4903564453125,515.872314453125
2025-03-13,503.8625445233518,505.0585512856771,482.83299720890335,484.178466796875,1388137.0,503.9123779296875,499.6267364501953,501.5303619384766,40.37779909455597,-6.353329955975312,503.1150512695313,505.90570068359375,510.4903564453125
2025-03-17,483.4808035216634,489.9092559864761,479.3944827209408,484.3279724121094,682758.0,497.6035095214844,498.8343902587891,500.0104507446289,40.447781236825065,-7.261744760768124,484.178466796875,503.1150512695313,505.90570068359375
2025-03-18,484.3279724121094,484.3279724121094,484.3279724121094,484.3279724121094,0.0,492.37103271484375,498.8343902587891,499.84600219726565,40.447781236825065,-7.890710835625498,484.3279724121094,484.178466796875,503.1150512695313
2025-03-19,493.3477602158935,512.6331483281248,489.3611116484923,506.2545471191406,940318.0,492.4408020019531,502.1981262207031,500.8750564575195,50.35853097025629,-6.544439426640906,484.3279724121094,484.3279724121094,484.178466796875
2025-03-20,507.4505281725233,515.9221868729741,502.9655484923692,506.8027038574219,753432.0,493.17833251953124,502.143310546875,500.97223205566405,50.57995784054662,-5.371360270375362,506.2545471191406,484.3279724121094,484.3279724121094
2025-03-21,516.2709933344242,516.2709933344242,501.4705543342615,507.6498718261719,1818450.0,497.87261352539065,500.8924957275391,500.97223205566405,50.94414614029439,-4.323488725704294,506.8027038574219,506.2545471191406,484.3279724121094
2025-03-24,510.440532508753,518.7626369339109,499.2779045237165,500.2745666503906,1600763.0,501.0619323730469,499.3327209472656,500.1749008178711,47.65185778165382,-4.041579652298424,507.6498718261719,506.8027038574219,506.2545471191406
2025-03-25,503.3642152865277,508.99538086275606,489.46079630604567,492.0521240234375,1499538.0,502.6067626953125,497.4888977050781,499.4896957397461,44.220743680071,-4.430574181525969,500.2745666503906,507.6498718261719,506.8027038574219
2025-03-26,495.3410807060501,502.1682224085822,492.9490976670712,495.291259765625,2852798.0,500.4141052246094,496.4274536132813,499.0910308837891,45.8741257657755,-4.426458506398433,492.0521240234375,500.2745666503906,507.6498718261719
2025-03-27,468.43121823806456,478.5473331445307,460.4579209063528,465.7900695800781,8410256.0,492.2115783691406,492.69495544433596,497.02046661376954,35.54111966386489,-6.7261612998731835,495.291259765625,492.0521240234375,500.2745666503906
2025-03-28,466.3880528293032,471.770022212728,456.47125253480505,459.66058349609375,2707951.0,482.613720703125,490.2431671142578,494.93495178222656,33.835804696333014,-8.94023318978094,465.7900695800781,495.291259765625,492.0521240234375
2025-04-01,458.4645805441635,463.44789120225226,453.7802563592743,459.4612426757813,1240444.0,474.4510559082031,487.756494140625,493.29544219970705,33.77904008567549,-10.588923730904185,459.66058349609375,465.7900695800781,495.291259765625
2025-04-02,461.25524037331166,466.9362269118445,451.288618667616,464.0957336425781,1378880.0,468.8597778320312,485.7332702636719,492.2838302612305,36.44846483172034,-11.390258365704653,459.4612426757813,459.66058349609375,465.7900695800781
2025-04-03,457.0194169180544,460.457913503359,442.06948466145184,448.6474609375,4325036.0,459.53101806640626,479.9725616455078,491.0853439331055,31.840912409487828,-13.12062197496249,464.0957336425781,459.4612426757813,459.66058349609375
2025-04-04,448.497957886828,450.2421166119434,412.76761449203445,420.4419250488281,4180157.0,450.4613891601563,471.33648376464845,486.7398971557617,25.502121036530966,-16.576811460799718,448.6474609375,464.0957336425781,459.4612426757813
2025-04-07,378.731609613082,411.6214599215865,378.731609613082,405.2428283691406,3475481.0,439.5778381347656,461.0957794189453,480.9941375732422,22.861021921936015,-20.30820624653552,420.4419250488281,448.6474609375,464.0957336425781
2025-04-08,413.61477549737975,423.38205200549015,404.0468131617675,409.6779479980469,1686256.0,429.6211791992188,452.03611755371094,475.6844192504883,25.292361664586878,-22.646432433093537,405.2428283691406,420.4419250488281,448.6474609375
2025-04-09,408.6314725987434,411.6214589836123,400.9571620446277,406.0899963378906,1164353.0,418.02003173828126,443.4399047851563,470.4644012451172,24.616399743159192,-24.506515390516483,409.6779479980469,405.2428283691406,420.4419250488281
2025-04-11,427.2690772619609,429.8105535864469,414.6114557494769,428.6643981933594,2314455.0,414.02341918945314,436.7772186279297,466.60233612060546,36.17438663245705,-23.883761828624984,406.0899963378906,409.6779479980469,405.2428283691406
2025-04-15,451.08930268973086,464.4445696391292,448.4979749734081,461.0060729980469,6752078.0,422.13624877929686,436.29881896972654,464.49688720703125,48.38442502296094,-20.543707209348952,428.6643981933594,406.0899963378906,409.6779479980469
2025-04-16,463.4478870674724,463.4478870674724,443.9133033789049,445.3086242675781,1718495.0,430.1494079589844,434.863623046875,462.5533950805664,43.98608691692438,-18.944957110530765,461.0060729980469,428.6643981933594,406.0899963378906
2025-04-17,443.51464289705245,450.9896087885758,434.3951905925368,450.1922912597656,2582488.0,438.2522766113281,433.9367279052734,460.8466110229492,45.641669278812365,-17.086897904267573,445.3086242675781,461.0060729980469,428.6643981933594
2025-04-21,450.1923083400477,457.4181089760002,447.800294831436,454.0792846679688,1083089.0,447.8501342773437,432.9350830078125,459.3341766357422,46.984768160843075,-15.126357480423849,450.1922912597656,445.3086242675781,461.0060729980469
2025-04-22,454.8765868739328,457.567586772436,448.6972999604913,450.0926208496094,1199046.0,452.1357788085937,433.07959899902346,456.5260803222656,45.73656322033978,-13.735965857732538,454.0792846679688,450.1922912597656,445.3086242675781
2025-04-23,451.487962954104,478.24834829843417,451.487962954104,476.85302734375,5766536.0,455.3051696777344,438.7207092285156,455.02859649658205,54.478592649964234,-10.355359186772546,450.0926208496094,454.0792846679688,450.1922912597656
2025-04-24,483.3811466998831,486.3711331743154,464.5442379941029,467.58404541015625,3981952.0,459.76025390625,444.9548309326172,453.0253051757812,51.39035577041739,-8.328131901529048,476.85302734375,450.0926208496094,454.0792846679688
2025-04-25,467.5840358401325,469.4278668781045,449.4946241231957,452.1357727050781,2181275.0,460.1489501953125,449.2006134033203,450.6183654785156,46.64446819473597,-7.87728177245242,467.58404541015625,476.85302734375,450.0926208496094
2025-04-28,451.4879484387649,463.9462251616888,450.59095859785725,461.7037353515625,1037631.0,461.67384033203126,454.7619873046875,449.1009460449219,49.74031734622538,-6.671025742003792,452.1357727050781,467.58404541015625,476.85302734375
2025-04-29,473.4145192316582,497.6333972071181,465.8398808408087,490.2082824707031,9531228.0,469.69697265625,460.9163757324219,448.84679718017577,57.62814132826392,-3.3760632614416863,461.7037353515625,452.1357727050781,467.58404541015625
2025-04-30,490.3577659800577,493.3975732979979,476.10550974489047,479.5439758300781,3063465.0,470.23516235351565,462.770166015625,449.5344924926758,54.20088186969047,-1.606780215108813,490.2082824707031,461.7037353515625,452.1357727050781
2025-05-02,468.4312066681474,497.08524324625216,466.8863925145703,496.68658447265625,4404049.0,476.0556701660156,467.9079620361328,451.3857925415039,58.47593220143092,1.165222635586872,479.5439758300781,490.2082824707031,461.7037353515625
2025-05-05,495.3410872742121,508.347516131927,490.8561076107635,506.9023742675781,1741588.0,487.0089904785156,473.57897033691404,453.7578491210937,60.82284387309184,4.138675648854019,496.68658447265625,479.5439758300781,490.2082824707031
2025-05-06,507.6498815802951,512.0351890383073,497.8327531379746,500.7729187011719,3030894.0,494.8228271484375,478.2483337402344,455.5917083740234,58.67985211675253,5.932180264790418,506.9023742675781,496.68658447265625,479.5439758300781
2025-05-07,489.3611115837659,511.0883341069425,488.3644494420474,509.44384765625,2188022.0,498.66994018554686,484.18345642089844,458.63152770996095,60.784778264734896,7.961442541330371,500.7729187011719,506.9023742675781,496.68658447265625
2025-05-08,511.2876912656602,514.0783331647616,502.31773176977146,506.404052734375,2833517.0,504.0419555664063,487.13855895996096,462.9296340942383,59.63778765889645,9.218100940392162,509.44384765625,500.7729187011719,506.9023742675781
2025-05-09,496.1384067634171,501.96888643181273,489.9591196746297,498.8294067382813,1291054.0,504.47052001953125,490.2630950927734,467.6089630126953,56.76345780168478,9.49336751614652,506.404052734375,509.44384765625,500.7729187011719
2025-05-12,511.2378304329878,521.1047486097151,506.9023442651192,518.06494140625,932430.0,506.7030334472656,496.85601196289065,473.02831268310547,61.7986945084125,11.135304293841727,498.8294067382813,506.404052734375,509.44384765625
2025-05-13,518.0649652024209,520.1081104112906,504.8093709835513,506.453857421875,1005905.0,507.83922119140624,501.3310241699219,478.0465057373047,57.44950421904969,11.368583624691553,518.06494140625,498.8294067382813,506.404052734375
2025-05-14,515.2743226305342,530.7724066284744,510.7893430331698,526.4369506835938,2757417.0,511.237841796875,504.9538909912109,482.9351333618164,62.35928004026655,13.015888732421104,506.453857421875,518.06494140625,498.8294067382813
2025-05-15,526.237637221897,533.712603659708,519.0616572753119,531.9684448242188,850032.0,516.3507202148437,510.196337890625,486.483251953125,63.61095655175396,14.599441967843916,526.4369506835938,506.453857421875,518.06494140625
2025-05-16,531.9684236513517,543.5296802824437,526.7359473531418,541.0380249023438,801815.0,524.7924438476563,514.6314819335937,491.2697219848633,65.62911079362154,16.397241438092976,531.9684448242188,526.4369506835938,506.453857421875
2025-05-19,542.9815196260757,546.719002636761,532.2674016621112,534.310546875,854863.0,528.0415649414062,517.3722991943359,495.475634765625,62.84489119695168,17.08224572242483,541.0380249023438,531.9684448242188,526.4369506835938
2025-05-20,536.2042224991793,539.0446852188804,519.9088211108183,522.699462890625,780051.0,531.2906860351562,519.5649536132812,498.9066436767578,58.25163914109562,16.498020206011915,534.310546875,541.0380249023438,531.9684448242188
2025-05-21,522.5001068013544,534.709217546832,519.908809669579,523.2974243164062,1119968.0,530.6627807617188,520.9503112792969,502.56688385009767,58.42018494252249,15.899982662092441,522.699462890625,534.310546875,541.0380249023438
2025-05-22,526.2375936116111,529.0282353508418,520.6563101331499,526.2874145507812,1043387.0,529.5265747070313,522.9386474609375,505.0386032104492,59.30489700018758,15.48875608470297,523.2974243164062,522.699462890625,534.310546875
2025-05-23,528.181088705827,537.5995576572782,524.0449166845327,535.5065307617188,702464.0,528.4202758789063,526.6063598632812,508.43472747802736,61.99034948394856,15.725488052752382,526.2874145507812,523.2974243164062,522.699462890625
2025-05-26,535.506536793989,557.6324476889514,535.506536793989,543.1808471679688,3863285.0,530.1943359375,529.1179504394531,512.9869812011718,64.11331877486852,16.343950156392168,535.5065307617188,526.2874145507812,523.2974243164062
2025-05-27,547.0678700788878,547.9648295012759,539.543022296629,543.1310424804688,1379965.0,534.2806518554687,532.7856689453125,517.0583465576171,64.08830128123405,16.638271371848987,543.1808471679688,535.5065307617188,526.2874145507812
2025-05-28,530.2242283529802,548.0645039778782,530.2242283529802,537.4002075195312,2691428.0,537.1012084960937,533.8819946289062,519.4179428100585,61.13233880632561,16.22209436289461,543.1310424804688,543.1808471679688,535.5065307617188
2025-05-29,542.7821876628234,545.1742011778947,534.659427562779,540.8387451171875,1497046.0,540.011474609375,534.7690246582031,522.4826812744141,62.25718967940714,15.985461878052206,537.4002075195312,543.1310424804688,543.1808471679688
2025-05-30,541.1875581864923,547.915027832457,534.2109229980845,542.1343994140625,4203570.0,541.3370483398437,534.878662109375,524.7550720214844,62.695286694054346,15.72125258878907,540.8387451171875,537.4002075195312,543.1310424804688
2025-06-02,538.1477232691144,546.1708411600151,532.815544434115,539.5928955078125,768745.0,540.6194580078125,535.4068969726562,526.3895980834961,61.19478396228366,15.132350382870186,542.1343994140625,540.8387451171875,537.4002075195312
2025-06-03,538.2972254089924,541.6360802500742,528.9784582490944,531.9684448242188,1313357.0,538.3869384765625,536.3337951660156,527.9493743896485,56.802674607832834,13.890293040135703,539.5928955078125,542.1343994140625,540.8387451171875
2025-06-04,530.2740557472811,538.9948490829519,527.3338903992552,536.2540283203125,1009153.0,538.1577026367188,537.6294555664062,529.2898834228515,58.60126351144309,13.100747161155937,531.9684448242188,539.5928955078125,542.1343994140625
2025-06-05,534.6096251480703,540.0912672145976,525.2409761927051,526.3372802734375,1110583.0,535.2574096679688,537.6344421386718,530.2865447998047,53.09252182707606,11.541781204812537,536.2540283203125,531.9684448242188,539.5928955078125
2025-06-06,522.8489234465668,525.2409368654322,506.55352212875886,508.4471740722656,4829182.0,528.5199645996094,534.9285064697266,530.7674331665039,44.89357704929872,8.761707881603115,526.3372802734375,536.2540283203125,531.9684448242188
2025-06-09,510.291035212961,521.8024712043108,506.2047141994015,519.6098022460938,1589318.0,524.5233459472656,532.571401977539,530.8446762084961,50.07426352476403,7.374205298862876,508.4471740722656,526.3372802734375,536.2540283203125
2025-06-10,516.2709616073963,517.6164310936867,504.7096753029297,514.8756103515625,1552476.0,521.1047790527343,529.7458587646485,531.2657638549805,48.012660951671016,5.825437764686626,519.6098022460938,508.4471740722656,526.3372802734375
2025-06-11,517.2676391601562,532.8654256369596,515.5733013935387,517.2676391601562,2003002.0,517.3075012207031,527.7326019287109,530.8072982788086,49.151785769817394,4.736446265209111,514.8756103515625,519.6098022460938,508.4471740722656
2025-06-12,518.2643195601694,524.2442924781714,505.7063703492222,509.1448669433594,1437544.0,513.8690185546875,524.5632141113281,529.6661193847656,45.50542642394209,3.18130076809382,517.2676391601562,514.8756103515625,519.6098022460938
2025-06-13,466.3880561017465,502.3177137375194,466.3880561017465,500.1748962402344,1922178.0,512.2145629882813,520.3672637939453,527.6229629516602,41.81619335214695,1.2110745730324197,509.1448669433594,517.2676391601562,514.8756103515625
2025-06-16,497.6832571038224,502.8160611593726,493.397591554125,498.5304260253906,1359974.0,507.9986877441406,516.2610168457031,525.8339569091797,41.1574129908372,-0.47753416756495426,500.1748962402344,509.1448669433594,517.2676391601562
2025-06-17,499.5768827237384,502.2678825874885,476.5041609563983,478.3479919433594,3954206.0,500.6931640625,510.8989715576172,523.6163833618164,34.06442228122587,-3.4050709803595396,498.5304260253906,500.1748962402344,509.1448669433594
2025-06-18,478.3978233430138,482.2847995745329,472.3181782548868,477.0025024414063,2530901.0,492.64013671875,504.97381896972655,521.3016372680665,33.64809652678689,-5.767253446603888,478.3479919433594,498.5304260253906,500.1748962402344
2025-06-19,478.0988320191756,483.331308158904,473.2151632895246,476.4543151855469,2082504.0,486.1020263671875,499.9855224609375,518.8099822998047,33.468621766019936,-7.595972556560639,477.0025024414063,478.3479919433594,498.5304260253906
2025-06-20,476.5041798874988,490.2082844468167,473.2151765438336,485.32464599609375,5401406.0,483.13197631835936,497.6732696533203,516.3008880615234,39.12665642984144,-8.234561167149081,476.4543151855469,477.0025024414063,478.3479919433594
2025-06-23,478.29815966563086,484.47747716144886,473.7135076928351,475.7566833496094,4620465.0,478.5772277832031,493.2879577636719,512.9296798706055,35.60892790967239,-9.404295005738334,485.32464599609375,476.4543151855469,477.0025024414063
2025-06-24,481.8861570808636,487.26812669210864,478.3978395011676,480.1419982910156,2061260.0,478.9360290527344,489.81459655761716,509.7802276611328,38.34497798176795,-9.863755994996666,475.7566833496094,485.32464599609375,476.4543151855469
2025-06-25,482.8330011708178,484.826325513906,476.10553151289525,479.1951599121094,1027515.0,479.374560546875,486.0073486328125,506.8699752807617,37.96983498558929,-10.186856344499347,480.1419982910156,475.7566833496094,485.32464599609375
2025-06-26,481.1884842551975,482.2848187270392,473.4643524257309,479.1951599121094,3502901.0,479.9227294921875,483.0123779296875,503.7877960205078,37.969834985589294,-10.3239081129758,479.1951599121094,480.1419982910156,475.7566833496094
2025-06-27,483.2814645858508,484.1784544268202,476.6038465113318,477.65032958984375,1200021.0,478.3878662109375,480.7599212646484,500.5635925292969,37.27969841858301,-10.436867807854924,479.1951599121094,479.1951599121094,480.1419982910156
2025-06-30,479.892809884969,481.088816593024,474.9593202338846,479.7433166503906,1060345.0,479.18519287109376,478.88121032714844,497.5711135864258,38.900044070080874,-10.239468398068595,477.65032958984375,479.1951599121094,479.1951599121094
2025-07-01,484.3777863321904,487.3677726675743,472.5673342242813,474.3114929199219,2676817.0,478.019091796875,478.47756042480466,494.6882659912109,36.28043872297645,-10.401429518209966,479.7433166503906,477.65032958984375,479.1951599121094
2025-07-02,476.3546799689881,479.74332514754445,469.5773591961607,473.7135009765625,1339966.0,476.9227600097656,478.14866027832034,491.5612396240234,35.99307031771497,-10.457490385389747,474.3114929199219,479.7433166503906,477.65032958984375
2025-07-03,477.0025033995251,481.0389728758037,473.41451363410266,477.75,1330215.0,476.63372802734375,478.2782287597656,489.1318756103516,39.477847812042675,-10.06023911552262,473.7135009765625,474.3114929199219,479.7433166503906
2025-07-04,480.0,480.6000061035156,474.0,478.3999938964844,666146.0,476.7836608886719,477.5857635498047,487.6295166015625,40.04391816755876,-9.58250440105786,477.75,473.7135009765625,474.3114929199219
2025-07-07,478.3999938964844,480.5,466.1000061035156,468.2999877929688,1635790.0,474.4949951171875,476.8400939941406,485.06402587890625,34.62467331040912,-9.9047069845804,478.3999938964844,477.75,473.7135009765625
2025-07-08,469.6000061035156,471.5499877929688,460.0,461.2999877929688,2014126.0,471.8926940917969,474.9558929443359,482.38524475097654,31.448107804086163,-10.602675310877771,468.2999877929688,478.3999938964844,477.75
2025-07-09,463.1000061035156,463.1000061035156,447.2999877929688,455.6000061035156,6392096.0,468.2699951171875,472.59637756347655,479.3018630981445,29.1064597590033,-11.483387777524399,461.2999877929688,468.2999877929688,478.3999938964844
2025-07-10,457.7000122070313,461.25,452.0,454.6499938964844,1817646.0,463.6499938964844,470.14186096191406,476.5771194458008,28.722583712808458,-12.118324298933487,455.6000061035156,461.2999877929688,468.2999877929688
2025-07-11,455.0,455.7999877929688,446.1499938964844,447.1499938964844,3034052.0,457.3999938964844,467.0918273925781,473.9258743286133,25.82666289500027,-13.07597172398124,454.6499938964844,455.6000061035156,461.2999877929688
2025-07-14,470.0,470.0,445.5,452.25,3282577.0,454.18999633789065,464.3424957275391,471.6118530273437,30.926636180491272,-13.27041327410592,447.1499938964844,454.6499938964844,455.6000061035156
2025-07-15,454.5,459.8999938964844,450.5,455.3500061035156,4731952.0,453.0,462.44634704589845,470.4619537353516,33.901638528176534,-13.02422980484505,452.25,447.1499938964844,454.6499938964844
2025-07-16,458.0,462.0,453.2999877929688,455.0499877929688,3173710.0,452.88999633789064,460.5799957275391,469.3643280029297,33.75013521889478,-12.706859831708869,455.3500061035156,452.25,447.1499938964844
2025-07-17,455.2999877929688,494.0,455.2999877929688,486.0,34339361.0,459.1599975585938,461.4049957275391,469.8416122436523,55.72944816572991,-9.844453781178458,455.0499877929688,455.3500061035156,452.25
2025-07-18,486.0,489.0,473.3999938964844,479.75,6706634.0,465.67999877929685,461.5399963378906,469.56287994384763,51.97917924997787,-7.9882159492109395,486.0,455.0499877929688,455.3500061035156
2025-07-21,485.1000061035156,496.4500122070313,484.0499877929688,487.8999938964844,8698089.0,472.80999755859375,463.4999969482422,470.17004547119143,56.12540319603087,-5.7927227962495635,479.75,486.0,455.0499877929688
2025-07-22,488.5,489.0,471.0499877929688,472.9500122070313,2402025.0,476.3299987792969,464.6649993896484,469.81044616699216,47.94725483678259,-5.199184275039613,487.8999938964844,479.75,486.0
2025-07-23,474.3999938964844,492.0,468.1000061035156,489.0,4471528.0,483.1200012207031,468.0049987792969,470.3006881713867,55.452096148004465,-3.3945703473016806,472.9500122070313,487.8999938964844,479.75
2025-07-24,490.0,492.8500061035156,484.6000061035156,490.7999877929688,2158605.0,484.0799987792969,471.6199981689453,470.8809295654297,56.21453907147911,-1.7984257042240301,489.0,472.9500122070313,487.8999938964844
2025-07-25,489.0,489.9500122070313,467.0,469.4500122070313,4112162.0,482.02000122070314,473.85,470.4709136962891,46.129619426141794,-2.23052210520126,490.7999877929688,489.0,472.9500122070313
2025-07-28,469.0499877929688,479.7000122070313,464.0,465.5499877929688,1532707.0,477.55,475.17999877929685,469.761247253418,44.55710240518589,-2.8547531748355937,469.4500122070313,490.7999877929688,489.0
2025-07-29,465.0,471.9500122070313,463.2000122070313,470.5,1649095.0,477.05999755859375,476.6949981689453,469.5706726074219,47.02545037868306,-2.916417532822038,465.5499877929688,469.4500122070313,490.7999877929688
2025-07-30,471.0,471.75,454.5,461.2999877929688,2852842.0,471.5199951171876,477.3199981689454,468.9499969482422,43.177863536688605,-3.665398644251809,470.5,465.5499877929688,469.4500122070313
2025-07-31,448.0,456.7999877929688,445.0,449.5499877929688,8040816.0,463.2699951171876,473.67499694824227,467.5399963378906,38.81032366627102,-5.147758219938964,461.2999877929688,470.5,465.5499877929688
2025-08-01,450.0,453.6499938964844,435.2999877929688,437.5499877929688,1490890.0,456.889990234375,469.45499572753914,465.4974960327148,34.924895316107126,-7.207752095819899,449.5499877929688,461.2999877929688,470.5
2025-08-04,439.0,446.2000122070313,432.3999938964844,443.0,1461100.0,452.37999267578124,464.96499633789074,464.2324966430664,37.96260393228718,-8.30480897811924,437.5499877929688,449.5499877929688,461.2999877929688
2025-08-05,433.0,455.25,433.0,447.1000061035156,5080108.0,447.6999938964844,462.37999572753915,463.5224975585937,40.22326341661559,-8.74261876678429,443.0,437.5499877929688,449.5499877929688
2025-08-06,447.0,449.8999938964844,436.8500061035156,446.0,1458579.0,444.63999633789064,458.07999572753914,463.042497253418,39.80417515759551,-9.073750925514219,447.1000061035156,443.0,437.5499877929688
2025-08-07,440.0,452.9500122070313,431.3500061035156,448.8500061035156,1665549.0,444.5,453.88499755859374,462.7524978637695,41.50470594081642,-9.002429469816889,446.0,447.1000061035156,443.0
2025-08-08,443.1000061035156,449.2999877929688,440.7000122070313,445.0,2163302.0,445.99000244140626,451.43999633789065,462.64499816894534,39.86628965084201,-9.151082041618565,448.8500061035156,446.0,447.1000061035156
2025-08-11,445.4500122070313,449.7999877929688,440.4500122070313,445.9500122070313,2797929.0,446.5800048828125,449.47999877929686,462.3299987792969,40.49054936362447,-9.0874774469807,445.0,448.8500061035156,446.0
2025-08-12,446.4500122070313,450.5499877929688,439.25,440.25,921533.0,445.2100036621094,446.4549987792969,461.5749984741211,37.945265709040804,-9.38878561929846,445.9500122070313,445.0,448.8500061035156
2025-08-13,442.5499877929688,450.5499877929688,442.0499877929688,448.75,1320587.0,445.7600036621094,445.2,461.25999908447267,43.63533164137879,-8.839795889697939,440.25,445.9500122070313,445.0
2025-08-14,449.8500061035156,453.0,444.0,451.8500061035156,1321467.0,446.36000366210936,445.4300018310547,459.55249938964846,45.59468172686239,-8.061643382297916,448.75,440.25,445.9500122070313
2025-08-18,454.9500122070313,458.0,443.25,444.9500122070313,2572430.0,446.3500061035156,446.1700042724609,457.8125,42.08771777501367,-7.910536020581105,451.8500061035156,448.75,440.25
2025-08-19,445.7999877929688,466.6499938964844,444.1499938964844,455.25,5221932.0,448.2100036621094,447.39500427246094,456.1800003051758,48.46051205881083,-6.880347055459765,444.9500122070313,451.8500061035156,448.75
2025-08-20,456.5,457.75,443.8999938964844,450.3500061035156,5362350.0,450.2300048828125,447.7200042724609,455.05,45.87425462113973,-6.385693139423722,455.25,444.9500122070313,451.8500061035156
2025-08-21,451.0,456.0,441.5499877929688,442.6499938964844,5051564.0,449.0100036621094,447.3850036621094,452.73249969482424,42.07427752420358,-6.5396183312450376,450.3500061035156,455.25,444.9500122070313
2025-08-22,444.5,451.9500122070313,443.3999938964844,449.6499938964844,894867.0,448.57000122070315,447.4650024414062,450.675,46.4194816086684,-6.0272848680709785,442.6499938964844,450.3500061035156,455.25
2025-08-25,449.6499938964844,455.0,446.7000122070313,451.1499938964844,1166650.0,449.80999755859375,448.0800018310547,449.75999908447267,47.331219254103274,-5.437538879908118,449.6499938964844,442.6499938964844,450.3500061035156
2025-08-26,449.7999877929688,463.2000122070313,441.7999877929688,453.7000122070313,58650435.0,449.5,448.85500183105466,449.1675003051758,48.92243790180772,-4.710100660649573,451.1499938964844,449.6499938964844,442.6499938964844
2025-08-27,453.7000122070313,453.7000122070313,453.7000122070313,453.7000122070313,0.0,450.1700012207031,450.2000030517578,448.32750091552737,48.92243790180772,-4.086494071080665,453.7000122070313,451.1499938964844,449.6499938964844
2025-08-28,453.0,459.1000061035156,446.6499938964844,450.3500061035156,3245285.0,451.7100036621094,450.36000366210936,447.7800018310547,46.76959722379544,-3.8185806308603105,453.7000122070313,453.7000122070313,451.1499938964844
2025-08-29,450.3500061035156,453.7000122070313,442.1000061035156,443.0499877929688,3898250.0,450.39000244140624,449.48000183105466,447.4550018310547,42.39186349268218,-4.147497993000684,450.3500061035156,453.7000122070313,453.7000122070313
2025-09-01,443.9500122070313,452.2999877929688,441.2999877929688,450.7999877929688,3064165.0,450.3200012207032,450.06499938964845,448.1175018310547,47.9608752279407,-3.73969822837563,443.0499877929688,450.3500061035156,453.7000122070313
2025-09-02,451.0,453.25,442.8999938964844,444.9500122070313,4087210.0,448.5700012207032,449.0350006103516,448.2150024414062,44.466539166621914,-3.8442440637626873,450.7999877929688,443.0499877929688,450.3500061035156
2025-09-03,444.9500122070313,452.0,442.0499877929688,450.0,3590314.0,447.8299987792969,449.0,448.3600021362305,47.98936129308717,-3.479496115823281,444.9500122070313,450.7999877929688,443.0499877929688
2025-09-04,455.8999938964844,455.8999938964844,436.6000061035156,437.9500122070313,3549467.0,445.35,448.5300018310547,447.957502746582,41.26303266688943,-4.115325141625192,450.0,444.9500122070313,450.7999877929688
2025-09-05,441.5499877929688,448.9500122070313,438.2999877929688,441.1000061035156,4301884.0,444.9600036621094,447.6750030517578,447.570002746582,43.49272660287125,-4.315301929167902,437.9500122070313,450.0,444.9500122070313
2025-09-08,442.5,459.3500061035156,442.5,454.3500061035156,3317333.0,445.6700073242188,447.99500427246096,448.0375030517578,51.78391081404373,-3.3658216125228364,441.1000061035156,437.9500122070313,450.0
2025-09-09,454.8999938964844,456.0,443.6000061035156,445.5,1694278.0,445.7800048828125,447.1750030517578,448.01500244140624,46.840300186837844,-3.28955322896428,454.3500061035156,441.1000061035156,437.9500122070313
2025-09-10,451.5499877929688,457.4500122070313,446.3500061035156,450.0499877929688,4099347.0,445.7900024414063,446.81000061035155,448.5050018310547,49.50908756387124,-2.829349022133556,445.5,454.3500061035156,441.1000061035156
2025-09-11,450.1499938964844,451.3999938964844,437.7999877929688,439.9500122070313,4599233.0,446.19000244140625,445.77000122070314,448.06500244140625,44.204051866218855,-3.242242935065917,450.0499877929688,445.5,454.3500061035156
2025-09-12,442.0,442.7000122070313,426.0499877929688,428.2999877929688,3256814.0,443.6299987792969,444.2950012207031,446.8875015258789,39.011432582927156,-4.4581333564615875,439.9500122070313,450.0499877929688,445.5
2025-09-15,431.0,437.1000061035156,430.2000122070313,434.0,1452381.0,439.55999755859375,442.61500244140626,446.34000091552736,42.566310969914454,-4.9052472899689405,428.2999877929688,439.9500122070313,450.0499877929688
2025-09-16,434.6499938964844,439.0499877929688,431.1499938964844,432.5499877929688,1368600.0,436.9699951171875,441.375,445.20500030517576,41.897285338794205,-5.315320464759623,434.0,428.2999877929688,439.9500122070313
2025-09-17,434.3999938964844,436.8999938964844,432.7000122070313,434.6000061035156,1508205.0,433.8799987792969,439.8350006103516,444.4175003051758,43.25520336009363,-5.412495189868139,432.5499877929688,434.0,428.2999877929688
2025-09-18,436.0,441.2000122070313,433.8500061035156,440.6000061035156,1638234.0,434.00999755859374,440.1,444.3150009155273,47.14845945879644,-4.948315898259523,434.6000061035156,432.5499877929688,434.0
2025-09-19,440.0,441.2000122070313,435.5499877929688,436.2000122070313,2335111.0,435.5900024414062,439.61000061035156,443.6425018310547,44.725068675799726,-4.879248263832608,440.6000061035156,434.6000061035156,432.5499877929688
2025-09-22,436.25,437.25,419.3500061035156,420.6000061035156,2723801.0,432.9100036621094,436.23500061035156,442.11500244140626,37.38767556338431,-6.013976407353141,436.2000122070313,440.6000061035156,434.6000061035156
2025-09-23,423.5,434.3999938964844,420.6499938964844,421.3500061035156,4907137.0,430.6700073242188,433.82000122070315,440.4975021362305,37.91502496905463,-6.774644025127259,420.6000061035156,436.2000122070313,440.6000061035156
2025-09-24,422.8500061035156,426.25,415.5,416.7999877929688,2547455.0,427.11000366210936,430.4950012207032,438.65250091552736,35.93749531914739,-7.656369186046618,421.3500061035156,420.6000061035156,436.2000122070313
2025-09-25,416.0,419.8999938964844,408.1000061035156,409.6499938964844,2409924.0,420.9200012207031,427.4649993896484,436.6175003051758,33.02274080680472,-8.830297310292224,416.7999877929688,421.3500061035156,420.6000061035156
2025-09-26,407.0,413.7999877929688,405.75,407.1000061035156,2512505.0,415.1,425.3450012207031,434.82000122070315,32.02512766569956,-9.852829228040036,409.6499938964844,416.7999877929688,421.3500061035156
2025-09-29,410.1000061035156,411.6499938964844,402.2999877929688,405.3500061035156,2086802.0,412.05,422.48000183105466,432.5475021362305,31.325713147760183,-10.681276408861947,407.1000061035156,409.6499938964844,416.7999877929688
