Date,Open,High,Low,Close,Volume,MA_5,MA_10,MA_20,RSI,MACD,Close_Lag1,Close_Lag2,Close_Lag3
2020-01-28,1278.955497414136,1288.6137784674552,1258.40817169549,1278.4820556640625,32902.0,1261.5897705078125,1235.446337890625,1170.9588256835937,90.00830236303442,49.11259095106857,1278.9556884765625,1250.7860107421875,1252.963623046875
2020-01-29,1287.6669417750277,1291.5491411494786,1269.1080476147868,1280.944091796875,21498.0,1268.4262939453124,1248.4896484375,1181.03603515625,90.19161424840536,49.97364154725619,1278.4820556640625,1278.9556884765625,1250.7860107421875
2020-01-30,1292.4015345448863,1309.5401057252427,1269.060829138291,1306.13134765625,59557.0,1279.0598388671874,1262.0774291992188,1192.2376770019532,91.84080145523106,52.087993432797475,1280.944091796875,1278.4820556640625,1278.9556884765625
2020-01-31,1299.171587647313,1335.105771212419,1291.975180383031,1320.23974609375,106815.0,1292.9505859375,1271.9771118164062,1203.73994140625,92.59215737509648,54.27639785172278,1306.13134765625,1280.944091796875,1278.4820556640625
2020-02-03,1280.8965788188734,1296.236044376506,1251.164415561212,1259.35498046875,136918.0,1289.0304443359375,1272.8387573242187,1212.8631530761718,64.84178662653107,50.51552088960739,1320.23974609375,1306.13134765625,1280.944091796875
2020-02-04,1274.505312319155,1283.027264630353,1263.000653581763,1278.2928466796875,18603.0,1288.9926025390625,1275.2911865234375,1222.6752380371095,68.04939112767663,48.50400238751649,1259.35498046875,1320.23974609375,1306.13134765625
2020-02-05,1297.1359116017932,1302.5331020738338,1274.1739835079543,1299.9765625,34852.0,1292.7990966796874,1280.6126953125,1233.3182250976563,71.2802769496627,48.10502929732752,1278.2928466796875,1259.35498046875,1320.23974609375
2020-02-06,1301.9649162723986,1308.2617151665545,1276.683171041877,1295.431396484375,28805.0,1290.6591064453125,1284.85947265625,1241.7289245605468,69.68949549440862,46.8816607348524,1299.9765625,1278.2928466796875,1259.35498046875
2020-02-07,1299.1243079754947,1320.9026309226058,1279.760584459245,1316.168212890625,52757.0,1289.8447998046875,1291.3976928710938,1250.5846557617188,72.684685398263,47.04313612446754,1295.431396484375,1299.9765625,1278.2928466796875
2020-02-10,1325.49501050768,1325.6370661677597,1292.8275256628317,1311.85986328125,20514.0,1300.3457763671875,1294.6881103515625,1258.5266418457031,71.1124046350615,46.28985805775483,1316.168212890625,1295.431396484375,1299.9765625
2020-02-11,1324.68990394714,1325.6367873666877,1278.5767276497122,1320.6656494140625,57242.0,1308.8203369140624,1298.9064697265626,1267.1764038085937,72.42532812428055,45.874619058158714,1311.85986328125,1316.168212890625,1295.431396484375
2020-02-12,1325.636899869594,1325.636899869594,1302.9116958718294,1316.5941162109375,14437.0,1312.14384765625,1302.4714721679688,1275.4805603027344,70.8225474371983,44.70170700457129,1320.6656494140625,1311.85986328125,1316.168212890625
2020-02-13,1306.6992789920716,1320.7132015520417,1300.3552055387593,1317.4937744140625,12207.0,1316.5563232421875,1303.60771484375,1282.8425720214843,70.97539348615754,43.345105257940986,1316.5941162109375,1320.6656494140625,1311.85986328125
2020-02-14,1317.493658792257,1334.8215566194358,1313.2799580772437,1330.70263671875,31500.0,1319.4632080078125,1304.65400390625,1288.3155578613282,73.19556277371258,42.841977745622444,1317.4937744140625,1316.5941162109375,1320.6656494140625
2020-02-17,1334.8217991026888,1337.9465612978088,1316.4523492581498,1326.8206787109375,27585.0,1322.45537109375,1311.4005737304688,1292.1196655273438,71.46540498306601,41.64988999323259,1330.70263671875,1317.4937744140625,1316.5941162109375
2020-02-18,1316.16812716713,1325.35285131641,1308.687724046532,1320.0030517578125,33499.0,1322.3228515625,1315.5715942382812,1295.4313903808593,68.40717799041867,39.697419205290544,1326.8206787109375,1330.70263671875,1317.4937744140625
2020-02-19,1335.0582232158524,1335.0582232158524,1311.5281934973189,1325.5421142578125,81149.0,1324.112451171875,1318.1281494140626,1299.3704223632812,69.54739122164816,38.15717591895077,1320.0030517578125,1326.8206787109375,1330.70263671875
2020-02-20,1330.3714215939765,1330.3714215939765,1302.9117979454172,1317.209716796875,58170.0,1324.0556396484376,1320.3059814453125,1302.5827270507812,65.70572805878265,35.85090031688378,1325.5421142578125,1320.0030517578125,1326.8206787109375
2020-02-24,1292.4961823935423,1320.7133614012291,1292.4961823935423,1316.0736083984375,40711.0,1321.129833984375,1320.2965209960937,1305.8471069335938,65.17707858362385,33.544802234285044,1317.209716796875,1325.5421142578125,1320.0030517578125
2020-02-25,1308.592871030709,1331.838904952518,1295.3365033068087,1325.3526611328125,111648.0,1320.83623046875,1321.64580078125,1308.1669555664062,67.47853735411046,32.095962618646126,1316.0736083984375,1317.209716796875,1325.5421142578125
2020-02-26,1324.6427666892282,1335.058486294762,1303.8587178927364,1315.60009765625,40353.0,1319.9556396484375,1321.1392456054687,1310.0228576660156,62.782048413544054,29.817083638250097,1325.3526611328125,1316.0736083984375,1317.209716796875
2020-02-27,1315.6000268875807,1317.351738337008,1259.355120925945,1305.9891357421875,62976.0,1316.0450439453125,1320.0787475585937,1311.2751098632812,58.46361652112921,26.925154898205164,1315.60009765625,1325.3526611328125,1316.0736083984375
2020-02-28,1271.4280631811976,1283.0747786968016,1216.7455305811498,1249.12890625,72861.0,1302.4288818359375,1313.2422607421875,1308.4249877929688,40.64927332946838,19.816700627873615,1305.9891357421875,1315.60009765625,1325.3526611328125
2020-03-02,1241.6484687554175,1261.533023680254,1195.5351696493296,1248.98681640625,58807.0,1289.0115234375,1305.0706787109375,1304.8623413085938,40.61596751545151,14.010232700586585,1249.12890625,1305.9891357421875,1315.60009765625
2020-03-03,1231.232655985767,1255.6149060058349,1213.2891443861706,1232.6055908203125,40199.0,1270.462109375,1295.649169921875,1303.5248718261719,36.86573495288238,7.994580486305949,1248.98681640625,1249.12890625,1305.9891357421875
2020-03-04,1213.526013537006,1234.7362295546063,1146.202611867984,1170.1588134765625,215012.0,1241.3738525390625,1280.66474609375,1298.1181701660157,26.732479974434582,-1.7911529794982926,1232.6055908203125,1248.98681640625,1249.12890625
2020-03-05,1165.2349411084472,1220.390911095566,1156.192272033201,1175.224609375,44958.0,1215.220947265625,1265.6329956054688,1291.8805725097657,28.45060352054206,-9.033517099219125,1170.1588134765625,1232.6055908203125,1248.98681640625
2020-03-06,1145.489570553845,1190.3545787338703,1145.489570553845,1178.9951171875,48387.0,1201.194189453125,1251.8115356445312,1286.0587585449218,29.770677340531904,-14.304006688325444,1175.224609375,1170.1588134765625,1232.6055908203125
2020-03-09,1156.03747090731,1177.8971332846909,1127.352461165952,1148.1622314453125,99818.0,1181.0292724609376,1235.0203979492187,1277.6584594726562,25.609696740318554,-20.729902446252026,1178.9951171875,1175.224609375,1170.1588134765625
2020-03-11,1131.2187247628187,1153.603453480927,1131.2187247628187,1140.573486328125,67657.0,1162.6228515625,1216.54248046875,1269.094140625,24.694838830022192,-26.133567936069767,1148.1622314453125,1178.9951171875,1175.224609375
2020-03-12,1112.7953184126457,1128.8798768062966,1051.2730332434533,1079.4329833984375,145291.0,1144.477685546875,1192.9257690429688,1257.0325073242188,18.85172824059596,-34.94669562833997,1140.573486328125,1148.1622314453125,1178.9951171875
2020-03-13,1021.5859798821176,1082.0106157997852,992.4237875011216,1064.68505859375,155993.0,1122.369775390625,1168.795361328125,1244.4370544433593,17.760111495546084,-42.6297874442721,1079.4329833984375,1140.573486328125,1148.1622314453125
2020-03-16,1003.2578887239672,1043.302245950198,997.530441214601,1014.7605590820312,92945.0,1089.5228637695313,1145.3585266113282,1229.3003936767577,14.664456940232341,-52.14607543838156,1064.68505859375,1079.4329833984375,1140.573486328125
2020-03-17,997.5305105197328,1016.622003544034,938.1559555616338,990.3234252929688,166485.0,1057.9551025390624,1119.4921875,1212.2814331054688,13.430447408025728,-60.957000346416635,1014.7605590820312,1064.68505859375,1079.4329833984375
2020-03-18,983.2118314779648,989.750644139546,930.7102288262288,942.9287719726562,90312.0,1018.4261596679687,1090.5245056152344,1193.0868377685547,11.422794385706851,-70.94625003670922,990.3234252929688,1014.7605590820312,1064.68505859375
2020-03-19,930.7103609349,940.25610822654,875.0586658771623,896.6797485351562,107645.0,981.8755126953125,1063.1765991210937,1171.920672607422,9.87197839010615,-81.65346177726087,942.9287719726562,990.3234252929688,1014.7605590820312
2020-03-20,898.2068704565625,936.7716445703472,877.2539489249318,901.2137451171876,92470.0,949.18125,1035.7755126953125,1150.7042541503906,11.145570326988647,-88.7500927665651,896.6797485351562,942.9287719726562,990.3234252929688
2020-03-23,868.6628908699188,881.9315011893495,738.1725306658386,805.2791137695312,124500.0,907.2849609375,998.4039123535156,1125.1077239990234,8.430870631988228,-100.95163928715431,901.2137451171876,896.6797485351562,942.9287719726562
2020-03-24,816.1612852940576,873.4357614550441,768.8621253836316,821.8887329101562,211945.0,873.5980224609375,965.7765625,1100.3984802246093,12.408728618021073,-108.03582561215683,805.2791137695312,901.2137451171876,896.6797485351562
2020-03-25,792.2968609755093,830.1934815204734,791.2945693701698,814.2520751953125,49529.0,847.8626831054687,933.1444213867187,1074.8434509277345,12.14744424370997,-112.9641286119936,821.8887329101562,805.2791137695312,901.2137451171876
2020-03-26,830.4798759847522,887.7543501905972,801.9380730337962,859.7376098632812,216507.0,840.4742553710937,911.1748840332032,1052.050326538086,22.60125709202748,-111.90951846898497,814.2520751953125,821.8887329101562,805.2791137695312
2020-03-27,925.6510854719588,925.6510854719588,812.6771363280122,840.3598022460938,77504.0,828.303466796875,888.7423583984375,1028.7688598632812,21.431261883956182,-111.35374282818145,859.7376098632812,814.2520751953125,821.8887329101562
2020-03-30,830.4798708977766,867.7082789035389,811.3883796127701,834.3458862304688,51669.0,834.1168212890625,870.7008911132813,1008.0297088623047,21.066770840476963,-110.12906013844884,840.3598022460938,859.7376098632812,814.2520751953125
2020-03-31,840.9802548423486,854.1533731748709,815.2067396542176,828.284423828125,56033.0,835.3959594726563,854.4969909667968,986.9945892333984,20.68491658764529,-108.39805434652669,834.3458862304688,840.3598022460938,859.7376098632812
2020-04-01,828.5707949649159,844.7985639907265,795.1606822647177,801.3654174804688,62629.0,832.8186279296875,840.3406555175782,965.4325805664063,19.034801254296497,-107.95393288661126,828.284423828125,834.3458862304688,840.3598022460938
2020-04-03,801.8427636596527,820.695614352841,755.5458898054942,762.7052001953125,287998.0,813.4121459960937,826.9432006835938,945.0598999023438,16.94419855419504,-109.4597361657029,801.3654174804688,828.284423828125,834.3458862304688
2020-04-07,781.7965955755877,792.0105554242742,759.5073020226463,780.3170166015625,63358.0,801.4035888671875,814.8535278320312,925.3145202636719,21.190643370989562,-107.98716094551048,762.7052001953125,801.3654174804688,828.284423828125
2020-04-08,787.5240142689001,830.4798695926582,777.9782686413982,819.7409057617188,62366.0,798.4825927734375,816.29970703125,907.3518096923829,29.838249955026342,-102.45788537337557,780.3170166015625,762.7052001953125,801.3654174804688
2020-04-09,839.739321019493,905.8913318054508,803.3222752609414,853.0078735351562,240779.0,803.4272827148437,819.41162109375,892.594091796875,36.200008715528575,-94.3044454261194,819.7409057617188,780.3170166015625,762.7052001953125
2020-04-13,859.1170940878974,863.9854009826862,829.143429944677,859.451171875,50511.0,815.04443359375,823.9315307617187,878.5379760742187,37.38424967790669,-86.32773283148822,853.0078735351562,819.7409057617188,780.3170166015625
2020-04-15,886.704350866733,982.0185993961549,863.9377121710406,962.6407470703124,297657.0,855.03154296875,834.2218444824218,872.6983642578125,52.568638552321936,-70.86273283058154,859.451171875,853.0078735351562,819.7409057617188
2020-04-16,962.2112624074384,978.4390317139132,910.8074399975628,920.496337890625,120397.0,883.0674072265625,842.235498046875,865.4889282226562,47.502057673661426,-61.300674498557555,962.6407470703124,859.451171875,853.0078735351562
2020-04-17,949.801757355816,958.3929290303912,921.2122355195684,939.0150756835938,53800.0,906.9222412109375,852.7024169921875,861.7016540527344,49.79196330707179,-51.633171941566275,920.496337890625,962.6407470703124,859.451171875
2020-04-20,940.3991852325356,953.3336593376316,931.1875170890404,942.2605590820312,101536.0,924.7727783203125,864.1000305175781,859.2985107421875,50.2019224476733,-43.21160662505599,939.0150756835938,920.496337890625,962.6407470703124
2020-04-21,935.3876943525664,945.0288747188964,916.4393531695754,936.9627075195312,37650.0,940.2750854492188,877.6597595214844,859.0002075195313,49.491522007448594,-36.54369481653589,942.2605590820312,939.0150756835938,920.496337890625
2020-04-22,936.2943790893704,1011.8489743977944,921.1643965036524,991.3256225585938,100952.0,946.012060546875,900.5218017578125,863.7325012207032,56.32175729464175,-26.56645223048747,936.9627075195312,942.2605590820312,939.0150756835938
2020-04-23,991.325643519592,1030.8450521320112,984.7868313329544,1022.158447265625,53527.0,966.344482421875,924.7059448242187,869.779736328125,59.654216185203076,-15.987174133957296,991.3256225585938,936.9627075195312,942.2605590820312
2020-04-24,1010.8945904783394,1010.8945904783394,985.598361349278,991.564453125,40054.0,976.8543579101563,941.8882995605469,879.0940032958985,55.15734406008951,-9.956922461181989,1022.158447265625,991.3256225585938,936.9627075195312
2020-04-27,1011.8013853605452,1106.3520540157256,997.9600525018498,1092.6539306640625,211827.0,1006.9330322265625,965.8529052734375,892.6322631835938,64.64182712233237,2.9452207609025436,991.564453125,1022.158447265625,991.3256225585938
2020-04-28,1098.715402968748,1109.5498017520572,1046.7388607937391,1052.46630859375,88655.0,1030.0337524414062,985.1544189453125,904.5429748535156,59.27446358529076,9.814323567343877,1092.6539306640625,991.564453125,1022.158447265625
2020-04-29,1054.805028427838,1054.805028427838,1021.3949144052368,1040.7728271484375,93796.0,1039.923193359375,992.967626953125,913.5947357177735,57.771335464106066,14.151441792509786,1052.46630859375,1092.6539306640625,991.564453125
2020-04-30,1045.354658047457,1060.5324180281525,1020.3925080714528,1044.8297119140625,109990.0,1044.4574462890625,1005.4009643554688,923.8182312011719,58.167680874704295,17.711825035210836,1040.7728271484375,1052.46630859375,1092.6539306640625
2020-05-04,1011.8491049532392,1030.7019538426982,920.2099407310592,945.7448120117188,127056.0,1035.2935180664062,1006.0739379882813,929.3881774902344,46.65100855450862,12.395246386596455,1044.8297119140625,1040.7728271484375,1052.46630859375
2020-05-05,944.790171736197,962.1634403986692,928.466970048374,949.9926147460938,253223.0,1006.7612548828125,1006.8471435546875,935.4735870361328,47.1342467283888,8.427435453967291,945.7448120117188,1044.8297119140625,1040.7728271484375
2020-05-06,962.9748491854632,962.9748491854632,935.4831122335702,940.49462890625,22087.0,984.3669189453125,1007.2003356933594,942.4300476074219,46.128120112662046,4.465038440279159,949.9926147460938,945.7448120117188,1044.8297119140625
2020-05-07,945.0289050480764,974.3820755836606,941.3060406019328,957.295166015625,28285.0,967.67138671875,1003.7972900390625,952.1595458984375,48.23308419612798,2.6499264930915842,940.49462890625,949.9926147460938,945.7448120117188
2020-05-08,963.8817443038116,971.9479116774208,916.3916558867631,933.66943359375,15089.0,945.4393310546875,994.948388671875,959.8271667480469,45.53840439627278,-0.6870421657729366,957.295166015625,940.49462890625,949.9926147460938
2020-05-11,955.4337489248378,955.4337489248378,922.4054325141344,929.2783813476562,34110.0,942.146044921875,988.7197814941406,965.3040405273438,45.03481276769213,-3.6439301299189992,933.66943359375,957.295166015625,940.49462890625
2020-05-12,922.5965094730268,925.9375211472696,873.4836262091349,889.3773193359375,90971.0,930.0229858398437,968.3921203613281,967.1225128173828,40.637126737843694,-9.102044676781134,929.2783813476562,933.66943359375,957.295166015625
2020-05-13,925.8420273787722,935.3399990597748,879.8792321424443,889.6159057617188,46942.0,919.8472412109375,952.107080078125,968.6307495117187,40.67443145287955,-13.25558570743101,889.3773193359375,929.2783813476562,933.66943359375
2020-05-14,887.754401462486,893.4341321351177,859.1171627056316,859.9285278320312,80794.0,900.3739135742187,934.0226501464844,963.4951385498047,37.51529776449065,-18.726947595266438,889.6159057617188,889.3773193359375,929.2783813476562
2020-05-15,874.390339039301,875.2494794896894,851.4805484967866,867.9469604492188,34726.0,887.2294189453125,916.334375,960.8676696777344,38.89574649791295,-22.160567582424278,859.9285278320312,889.6159057617188,889.3773193359375
2020-05-18,876.2995086756374,876.2995086756374,836.2550913706717,842.412109375,36123.0,869.8561645507813,906.0011047363281,956.0375213623047,36.15632190048689,-26.635151788170447,867.9469604492188,859.9285278320312,889.6159057617188
2020-05-19,849.5714312473326,876.2995212191588,833.725515497652,864.701416015625,28494.0,864.9209838867188,897.4719848632812,952.1595642089844,40.120758214127086,-28.05928131378289,842.412109375,867.9469604492188,859.9285278320312
2020-05-20,866.753762014585,878.2086575478174,866.7060449357189,872.290283203125,20991.0,861.455859375,890.6515502929688,948.9259429931641,41.453750698441496,-28.24990870135639,864.701416015625,842.412109375,867.9469604492188
2020-05-21,884.4134440379819,889.3772440434434,862.028656063073,870.9061889648438,57985.0,863.6513916015625,882.0126525878907,942.9049713134766,41.27328534347637,-28.187736437678836,872.290283203125,864.701416015625,842.412109375
2020-05-22,875.2971755779768,953.6200084645068,873.7221042109047,933.9080200195312,301593.0,876.843603515625,882.0365112304687,938.4924499511719,51.60167344554792,-22.7920111163304,870.9061889648438,872.290283203125,864.701416015625
2020-05-26,945.0288333721531,959.34745205961,931.2352190507148,948.0357666015624,54627.0,897.9683349609375,883.9122497558594,936.316015625,53.57349339731745,-17.1778532470056,933.9080200195312,870.9061889648438,872.290283203125
2020-05-27,950.7562953640628,950.7562953640628,925.0782154874394,935.2921752929688,55804.0,912.0864868164062,888.5037353515625,928.4479278564453,51.533945416624356,-13.600120282869625,948.0357666015624,933.9080200195312,870.9061889648438
2020-05-28,924.9827522240256,946.1266021149944,924.9827522240256,940.3513793945312,18246.0,925.6987060546875,893.5772827148437,922.8421813964844,52.31016540997707,-10.23848278682226,935.2921752929688,948.0357666015624,933.9080200195312
2020-05-29,938.442223551256,981.3026444596431,930.7579100209952,973.3319702148438,48011.0,946.1838623046875,904.917626953125,919.4701385498047,57.13029353032952,-4.857113027480295,940.3513793945312,935.2921752929688,948.0357666015624
2020-06-01,979.3936421857552,1011.8491819852832,975.5753433858108,981.970947265625,54575.0,955.7964477539062,916.3200256347657,916.3272003173828,58.31869357886747,0.10356074275011906,973.3319702148438,940.3513793945312,935.2921752929688
2020-06-02,982.0185874198504,1004.6419580849526,982.0185874198504,997.864501953125,93702.0,965.7621948242188,931.8652648925781,918.9331848144532,60.48877509713343,5.2568102444378155,981.970947265625,973.3319702148438,940.3513793945312
2020-06-03,1011.8490771466207,1029.9859945671733,986.0277875772724,1014.3787231445312,62884.0,981.5795043945312,946.8329956054688,922.152490234375,62.66390575532664,10.551723536020972,997.864501953125,981.970947265625,973.3319702148438
2020-06-04,1021.3948713544122,1038.5772149846734,1007.1716858220956,1012.0877685546876,101491.0,995.9267822265625,960.812744140625,925.7321472167969,62.152732468899785,14.397158101621244,1014.3787231445312,997.864501953125,981.970947265625
2020-06-05,1017.1469597659212,1059.5777519618769,1017.1469597659212,1027.2176513671875,61399.0,1006.7039184570312,976.4438903808593,929.228271484375,64.228106531983,18.4528350015745,1012.0877685546876,1014.3787231445312,997.864501953125
2020-06-08,1045.211514703857,1052.0845224165755,1015.8583428600244,1033.613525390625,63529.0,1017.0324340820313,986.4144409179687,934.2254760742187,65.09935950316611,21.930283093133085,1027.2176513671875,1012.0877685546876,1014.3787231445312
2020-06-09,1035.7135490087494,1043.3501466051273,1025.308661478638,1032.5157470703125,26795.0,1023.9626831054687,994.8624389648437,939.3873443603516,64.80759819195947,24.317289645376263,1033.613525390625,1027.2176513671875,1012.0877685546876
2020-06-10,1006.0262598756244,1040.4863818786705,1006.0262598756244,1036.1907958984375,18408.0,1028.32509765625,1004.9523010253906,946.7280181884765,65.36719065405015,26.203497652421447,1032.5157470703125,1033.613525390625,1027.2176513671875
2020-06-11,1029.9382934669286,1039.531815509407,1015.4288050947032,1029.031494140625,23531.0,1031.7138427734376,1013.8203125,953.6987976074219,63.25699021033206,26.811568199740464,1036.1907958984375,1032.5157470703125,1033.613525390625
2020-06-12,972.71162122573,1035.7135515504583,966.3636761531164,1028.267822265625,20172.0,1031.923876953125,1019.3138977050781,962.1157623291016,63.02327570148455,26.921512117728412,1029.031494140625,1036.1907958984375,1032.5157470703125
2020-06-15,1005.3103372220498,1041.584174689501,1005.3103372220498,1026.1199951171875,22856.0,1030.4251708984375,1023.7288024902343,970.0244140625,62.32581088936976,26.52951601749919,1028.267822265625,1029.031494140625,1036.1907958984375
2020-06-16,1027.2655383086235,1045.1638130903148,1017.8152259188452,1040.4385986328125,64182.0,1032.0097412109376,1027.9862121582032,979.9257385253907,65.09879730418766,27.062290680759816,1026.1199951171875,1028.267822265625,1029.031494140625
2020-06-17,1055.8550106362366,1091.078838979193,1021.5857569555542,1036.1907958984375,80209.0,1032.0097412109376,1030.1674194335938,988.5002075195313,63.60314454614905,26.832448495891185,1040.4385986328125,1026.1199951171875,1028.267822265625
2020-06-18,1088.2151638325802,1088.2151638325802,1047.2638856780443,1076.1397705078125,193002.0,1041.431396484375,1036.5726196289063,998.6926818847656,70.47371244426118,29.533402610535177,1036.1907958984375,1040.4385986328125,1026.1199951171875
2020-06-19,1081.5331705587264,1101.4838057478669,1078.6694463648375,1094.897216796875,69051.0,1054.757275390625,1043.340576171875,1009.8922332763672,73.0464609101817,32.8092922606171,1076.1397705078125,1036.1907958984375,1040.4385986328125
2020-06-22,1093.083175965391,1111.0292221792477,1078.6691251205898,1082.248779296875,62150.0,1065.9830322265625,1048.2041015625,1017.3092712402344,68.69946069589565,33.992985237055905,1094.897216796875,1076.1397705078125,1036.1907958984375
2020-06-23,1090.124163242161,1138.807466504289,1086.3058649470925,1135.5618896484375,178852.0,1085.0076904296875,1058.5087158203125,1026.6855773925781,75.3564224575399,38.7858932638826,1082.248779296875,1094.897216796875,1076.1397705078125
2020-06-24,1139.6666537514805,1143.6758205159415,1074.4215022587914,1103.1541748046875,60719.0,1098.4003662109376,1065.2050537109376,1035.078677368164,66.14698007934007,39.51378533994193,1135.5618896484375,1082.248779296875,1094.897216796875
2020-06-25,1079.7670346314242,1096.8061671873863,1073.8963777944384,1079.5760498046875,43734.0,1099.0876220703126,1070.2595092773438,1042.0399108886718,60.36661307708847,37.75289553810899,1103.1541748046875,1135.5618896484375,1082.248779296875
2020-06-26,1069.123440426283,1092.2240967254106,1060.5322699228575,1075.51904296875,47823.0,1095.2119873046875,1074.9846313476562,1047.1492645263672,59.40467487580198,35.61941272026638,1079.5760498046875,1103.1541748046875,1135.5618896484375
2020-06-29,1075.5670169520986,1094.8017199922983,1059.577891117665,1072.655517578125,46783.0,1093.2933349609375,1079.63818359375,1051.6834930419923,58.69375243997347,33.313531988855175,1075.51904296875,1079.5760498046875,1103.1541748046875
2020-06-30,1072.6554563938778,1107.3065617910488,1069.31444521606,1076.4737548828125,20989.0,1081.4757080078125,1083.24169921875,1055.6139556884766,59.391605485357196,31.431877616882957,1072.655517578125,1075.51904296875,1079.5760498046875
2020-07-01,1083.346839235678,1085.3514227800936,1066.7849916654077,1071.7965087890625,65632.0,1075.2041748046875,1086.8022705078124,1058.484844970703,58.096776949433476,29.226335299547145,1076.4737548828125,1072.655517578125,1075.51904296875
2020-07-02,1071.9872154575128,1092.9878554753802,1071.9872154575128,1083.1080322265625,21459.0,1075.9105712890625,1087.4990966796875,1062.0358581542969,60.34824197980071,28.06762640434613,1071.7965087890625,1076.4737548828125,1072.655517578125
2020-07-03,1071.9872854087296,1102.5336728825314,1071.9872854087296,1083.15576171875,131203.0,1077.4379150390625,1086.324951171875,1064.832763671875,60.357920848513615,26.843754535353355,1083.1080322265625,1071.7965087890625,1076.4737548828125
2020-07-06,1084.444623404947,1110.6476520406788,1082.487698679957,1107.306640625,29544.0,1084.3681396484376,1088.8307373046875,1068.5174194335937,65.01179489747975,27.50553466999895,1083.15576171875,1083.1080322265625,1071.7965087890625
2020-07-07,1108.2611007868538,1120.3364926749755,1086.783172477031,1095.422119140625,43604.0,1088.1578125,1084.8167602539063,1071.6627380371094,61.20401730760979,26.762516997021976,1107.306640625,1083.15576171875,1083.1080322265625
2020-07-08,1100.6244346349658,1112.1271043476968,1080.9124472577537,1085.303466796875,269325.0,1090.8592041015625,1083.031689453125,1074.1183715820312,58.08465043948389,25.068208752914188,1095.422119140625,1107.306640625,1083.15576171875
2020-07-09,1085.303476908887,1093.0356239049518,1051.941143337796,1058.384521484375,32546.0,1085.914501953125,1080.9125366210938,1075.5860229492187,50.68388750404307,21.307701428437667,1085.303466796875,1095.422119140625,1107.306640625
2020-07-10,1063.6825759176777,1071.319173094794,1041.4409400292363,1055.2344970703125,27015.0,1080.3302490234375,1078.88408203125,1076.9343566894531,49.882933346747144,17.86732819898316,1058.384521484375,1085.303466796875,1095.422119140625
2020-07-13,1055.7117801252834,1083.7286391257276,1053.5163283608747,1062.6324462890625,31543.0,1071.39541015625,1077.8817749023438,1078.7599792480469,51.80906173896256,15.558412607043238,1055.2344970703125,1058.384521484375,1085.303466796875
2020-07-14,1059.5778500136507,1078.621567464617,1046.738867720422,1065.3052978515625,21528.0,1065.3720458984376,1076.7649291992188,1080.0033142089844,52.51907577046797,13.78534823535756,1062.6324462890625,1055.2344970703125,1058.384521484375
2020-07-15,1066.2600203479026,1099.6701373686517,1052.895973539603,1090.1243896484375,58398.0,1066.33623046875,1078.5977172851562,1082.6999938964843,58.61623181577813,14.21896782270096,1065.3052978515625,1062.6324462890625,1055.2344970703125
2020-07-16,1090.124030656528,1145.4893492012552,1076.9508565306326,1116.1839599609375,20670.0,1077.8961181640625,1081.9053100585938,1084.7022033691405,63.86336305896448,16.47548487107315,1090.1243896484375,1065.3052978515625,1062.6324462890625
2020-07-17,1126.3980905435203,1133.8438194470343,1100.62457491244,1122.8662109375,35054.0,1091.4224609375,1085.8763549804687,1086.100653076172,65.08582105037446,18.58871357808698,1116.1839599609375,1090.1243896484375,1065.3052978515625
2020-07-20,1126.3979869516977,1126.3979869516977,1097.7607499952987,1102.963134765625,21617.0,1099.4885986328125,1085.4420043945313,1087.1363708496094,58.714709179688604,18.444830123112297,1122.8662109375,1116.1839599609375,1090.1243896484375
2020-07-21,1121.5774813574994,1121.5774813574994,1092.9880161052745,1111.7930908203125,34836.0,1108.7861572265624,1087.0791015625,1085.947930908203,60.55928553413112,18.826287384994885,1102.963134765625,1122.8662109375,1116.1839599609375
2020-07-22,1107.3064366517517,1113.988458252236,1094.6105490007467,1108.3564453125,12157.0,1112.432568359375,1089.3843994140625,1086.2080444335938,59.4460547584959,18.636456966929245,1111.7930908203125,1102.963134765625,1122.8662109375
2020-07-23,1101.579184020164,1113.177289721956,1088.262913804362,1097.61767578125,23213.0,1108.7193115234375,1093.30771484375,1087.110125732422,55.98295690541895,17.418694175730252,1108.3564453125,1111.7930908203125,1102.963134765625
2020-07-24,1090.1244524609276,1101.149838323149,1076.7604048825976,1083.3946533203125,67759.0,1100.825,1096.12373046875,1087.50390625,51.688048386560375,15.131502799123837,1097.61767578125,1108.3564453125,1111.7930908203125
2020-07-27,1107.3065769722798,1128.736730925145,1099.6699798897123,1120.097900390625,249611.0,1104.251953125,1101.8702758789063,1089.876025390625,60.17821289647765,16.09499931822802,1083.3946533203125,1097.61767578125,1108.3564453125
2020-07-28,1129.261791243379,1174.126799010445,1124.48891807667,1165.91748046875,140387.0,1115.0768310546875,1111.931494140625,1094.348211669922,67.78853873473753,20.321579909875254,1120.097900390625,1083.3946533203125,1097.61767578125
2020-07-29,1178.899560158524,1220.900840034617,1174.1266874453315,1206.1527099609375,75688.0,1134.636083984375,1123.534326171875,1101.0660217285156,72.71895482087047,26.611066430800292,1165.91748046875,1120.097900390625,1083.3946533203125
2020-07-30,1210.4005813809806,1217.0826035179418,1190.0204371682926,1207.0595703125,32140.0,1156.524462890625,1132.6218872070312,1107.2635986328125,72.81993641641176,31.307808930444253,1206.1527099609375,1165.91748046875,1120.097900390625
2020-07-31,1186.536300980899,1239.801613556182,1186.536300980899,1230.733154296875,53216.0,1185.9921630859376,1143.4085815429687,1114.6424682617187,75.38174549771931,36.51929982287356,1207.0595703125,1206.1527099609375,1165.91748046875
2020-08-03,1230.7332277036069,1250.2064586859387,1220.9010615206728,1238.6561279296875,179399.0,1209.70380859375,1156.977880859375,1121.209942626953,76.19056977357702,40.81823446061003,1230.733154296875,1207.0595703125,1206.1527099609375
2020-08-04,1238.7512514377886,1244.9083267258086,1219.087040528615,1240.660400390625,27360.0,1224.652392578125,1169.8646118164063,1128.471856689453,76.401786968113,43.88106556158209,1238.6561279296875,1230.733154296875,1207.0595703125
2020-08-05,1229.4920842526392,1247.4857921495843,1221.5214096512316,1241.2333984375,20256.0,1231.6685302734375,1183.1523071289062,1136.2683532714843,76.46606401282737,45.82635968076579,1240.660400390625,1238.6561279296875,1230.733154296875
2020-08-06,1240.9470939133705,1252.9747116724077,1235.2196457876164,1240.7562255859375,15741.0,1238.407861328125,1197.466162109375,1145.3869384765626,76.27972954534249,46.7901477269445,1241.2333984375,1240.660400390625,1238.6561279296875
2020-08-07,1240.9468859902634,1246.9607521247622,1191.3090105506528,1206.7730712890625,22879.0,1233.6158447265625,1209.80400390625,1152.9638671875,64.2683182102121,44.3011243693345,1240.7562255859375,1241.2333984375,1240.660400390625
2020-08-10,1212.309873559396,1217.2736154079716,1188.6363743002694,1197.704833984375,37857.0,1225.4255859375,1217.564697265625,1159.7174865722657,61.48601096917235,41.122786576310546,1206.7730712890625,1240.7562255859375,1241.2333984375
2020-08-11,1215.173454475548,1215.173454475548,1187.538566673171,1196.511474609375,34143.0,1216.59580078125,1220.6240966796875,1166.2777954101562,61.111071547084634,38.06880338005203,1197.704833984375,1206.7730712890625,1240.7562255859375
2020-08-12,1188.4452581695568,1207.536748260634,1169.592411704618,1177.4676513671875,34192.0,1203.8426513671875,1217.7555908203126,1170.6449584960938,55.31425651646024,33.7230835986486,1196.511474609375,1197.704833984375,1206.7730712890625
2020-08-13,1183.3858563346537,1195.1271682558722,1147.971168823165,1160.2374267578125,73396.0,1187.7388916015625,1213.0733764648437,1172.8476318359376,50.63435901975584,28.55951789111873,1177.4676513671875,1196.511474609375,1197.704833984375
2020-08-14,1160.7626914103355,1166.0606269491457,1145.4894981023049,1155.7989501953125,14306.0,1177.5440673828125,1205.5799560546875,1174.4942687988282,49.47318631395472,23.83445810512103,1160.2374267578125,1177.4676513671875,1196.511474609375
2020-08-17,1139.8100007647122,1169.3540419910448,1137.1849202622834,1143.866943359375,32025.0,1166.7764892578125,1196.1010375976562,1176.5394592285156,46.39305840425832,18.909029429975362,1155.7989501953125,1160.2374267578125,1177.4676513671875
2020-08-18,1147.2079518034675,1197.9912805938457,1147.2079518034675,1191.73876953125,33754.0,1165.8219482421875,1191.2088745117187,1180.5367431640625,57.75650132469258,18.653422961107935,1143.866943359375,1155.7989501953125,1160.2374267578125
2020-08-19,1193.2180969858653,1222.8099057911147,1193.2180969858653,1220.9007568359375,37309.0,1174.5085693359374,1189.1756103515625,1186.1639587402344,62.913807944414266,20.566899239593113,1191.73876953125,1143.866943359375,1155.7989501953125
2020-08-20,1222.8102689500329,1247.1519253577032,1220.9011194278626,1240.8994140625,98820.0,1190.640966796875,1189.1899291992188,1193.3280456542968,65.98107805627203,23.427015427538663,1220.9007568359375,1191.73876953125,1143.866943359375
2020-08-21,1250.4926477429783,1312.5399928599966,1250.4926477429783,1304.951171875,149449.0,1220.4714111328126,1199.0077392578125,1204.4058715820313,73.5316729701814,30.51041459769499,1240.8994140625,1220.9007568359375,1191.73876953125
2020-08-24,1307.767261067971,1336.4045003614303,1291.6349262942774,1313.7811279296875,82253.0,1254.454248046875,1210.6153686523437,1214.0900329589845,74.37601699571871,36.41677323853082,1304.951171875,1240.8994140625,1220.9007568359375
2020-08-25,1336.4043813472647,1345.7114832887903,1260.9929912569548,1286.8619384765625,66097.0,1273.4788818359375,1219.6504150390624,1220.137255859375,67.32491676577219,38.481856510862144,1313.7811279296875,1304.951171875,1240.8994140625
2020-08-26,1289.630208167562,1305.7147659192356,1264.8112700385043,1270.3955078125,71355.0,1283.37783203125,1228.9432006835937,1223.3493957519531,63.367492029927554,38.34769814976198,1286.8619384765625,1313.7811279296875,1304.951171875
2020-08-27,1276.791309134558,1312.5400814707084,1264.8113512354098,1287.5302734375,29790.0,1292.70400390625,1241.6724853515625,1227.3729309082032,65.63141610980105,39.172453407877356,1270.3955078125,1286.8619384765625,1313.7811279296875
2020-08-28,1277.2207679095918,1293.9258227963016,1264.8112985651787,1270.7296142578125,68012.0,1285.8596923828125,1253.1655517578124,1229.37275390625,61.61086707101753,38.03199593015324,1287.5302734375,1270.3955078125,1286.8619384765625
2020-08-31,1260.2291151786292,1301.610009916392,1260.2291151786292,1276.122802734375,34077.0,1278.32802734375,1266.3911376953124,1231.2460876464843,62.40699810720187,37.135287916617926,1270.7296142578125,1287.5302734375,1270.3955078125
2020-09-01,1276.122940623448,1293.6871353286356,1247.199402200292,1287.6256103515625,42297.0,1278.48076171875,1275.9798217773437,1233.5943481445313,64.11629112262835,36.92714762571336,1276.122802734375,1270.7296142578125,1287.5302734375
2020-09-02,1275.359546919753,1302.9944372760658,1265.0978691170294,1292.398681640625,164305.0,1282.881396484375,1283.1296142578126,1236.1526123046874,64.83086953217794,36.724010376688284,1287.6256103515625,1276.122802734375,1270.7296142578125
2020-09-03,1293.543945052785,1304.9034054646525,1274.3570199673086,1288.81884765625,27840.0,1283.139111328125,1287.9215576171875,1238.5557434082032,63.80461681623777,35.86077921842298,1292.398681640625,1287.6256103515625,1276.122802734375
2020-09-04,1264.8113854010571,1347.8593782538055,1264.7636100594432,1318.8880615234375,79855.0,1292.77080078125,1289.3152465820312,1244.1614929199218,68.33829456813807,37.174472389034236,1288.81884765625,1292.398681640625,1287.6256103515625
2020-09-07,1326.8586600756482,1365.0416430994078,1305.142088480885,1357.023193359375,135986.0,1308.95087890625,1293.639453125,1252.1274108886719,72.9635434072572,40.8221972430747,1318.8880615234375,1288.81884765625,1292.398681640625
2020-09-08,1357.405190644699,1383.9900720931375,1279.4164861467232,1306.0968017578125,99239.0,1312.6451171875,1295.562939453125,1257.6066772460938,60.29601840646389,39.15238693266201,1357.023193359375,1318.8880615234375,1288.81884765625
2020-09-09,1310.6310894650098,1317.3131124994272,1236.174261367216,1302.0399169921875,228781.0,1314.5733642578125,1298.7273803710937,1263.8352905273437,59.41113078145621,37.0743238086402,1306.0968017578125,1357.023193359375,1318.8880615234375
2020-09-10,1302.0399013193178,1323.0405448889842,1279.0346741685023,1305.8104248046875,96577.0,1317.9716796875,1300.5553955078126,1271.1139404296875,59.99870855068079,35.32449350781235,1302.0399169921875,1306.0968017578125,1357.023193359375
2020-09-11,1302.9940980528395,1324.5674568840593,1248.583355496787,1263.999755859375,26021.0,1306.9940185546875,1299.8824096679687,1276.5239807128905,51.155277343814475,30.21566149291857,1305.8104248046875,1302.0399169921875,1306.0968017578125
2020-09-14,1305.8581274327364,1324.9496205238584,1259.0839693594878,1307.09912109375,41249.0,1297.0092041015625,1302.9800415039062,1284.6855895996093,58.02362502454204,29.30680330629457,1263.999755859375,1305.8104248046875,1302.0399169921875
2020-09-15,1307.7671199405363,1344.422805585518,1307.7671199405363,1338.6475830078125,29907.0,1303.5193603515625,1308.0822387695312,1292.0310302734374,62.21230364943495,30.777440682497172,1307.09912109375,1263.999755859375,1305.8104248046875
2020-09-16,1341.1776328870626,1353.5871056468716,1324.7112171096237,1350.24609375,58439.0,1313.160595703125,1313.8669799804688,1298.4982971191407,63.6484661155401,32.50414671243129,1338.6475830078125,1307.09912109375,1263.999755859375
2020-09-17,1345.9500508791475,1365.0415409625398,1337.8361675937058,1352.15478515625,25773.0,1322.4294677734374,1320.2005737304687,1304.0610656738281,63.8916745744194,33.63882172883359,1350.24609375,1338.6475830078125,1307.09912109375
2020-09-18,1358.9323597373864,1392.7243234468287,1301.0851630281202,1356.641357421875,206501.0,1340.9577880859374,1323.9759033203125,1306.645574951172,64.49303265099104,34.5023669312061,1352.15478515625,1350.24609375,1338.6475830078125
2020-09-21,1364.9938455079966,1407.042901487502,1307.8625813951107,1389.0491943359375,126031.0,1357.347802734375,1327.1785034179688,1310.4089782714843,68.5654568874458,37.370984870013444,1356.641357421875,1352.15478515625,1350.24609375
2020-09-22,1388.9057191728416,1388.9057191728416,1318.55363416571,1342.513427734375,62443.0,1358.1209716796875,1330.820166015625,1313.191552734375,58.236505144520855,35.480342502059784,1389.0491943359375,1356.641357421875,1352.15478515625
2020-09-23,1347.429843997165,1358.4074520662746,1326.8587144401804,1346.6661376953125,44282.0,1357.40498046875,1335.2827880859375,1317.0050842285157,58.83248954018498,33.926005914340976,1342.513427734375,1389.0491943359375,1356.641357421875
2020-09-24,1317.3129633940669,1348.0979946038194,1307.7672172825155,1321.942626953125,46168.0,1351.362548828125,1336.8960083007812,1318.7257019042968,53.90079207998569,30.349353817300198,1346.6661376953125,1342.513427734375,1389.0491943359375
2020-09-25,1328.4815459047131,1328.4815459047131,1301.037523640719,1314.68798828125,50963.0,1342.971875,1341.9648315429688,1320.9236206054688,52.509846064660046,26.622554316537162,1321.942626953125,1346.6661376953125,1342.513427734375
2020-09-28,1307.7671206959674,1367.7621072710283,1296.4076603571425,1356.832275390625,111228.0,1336.5284912109375,1346.9381469726563,1324.9590942382813,59.11112256199957,26.761243658663943,1314.68798828125,1321.942626953125,1346.6661376953125
2020-09-29,1365.041711099059,1379.2648962889818,1326.8587261732112,1336.833984375,72225.0,1335.3926025390624,1346.756787109375,1327.4195129394532,55.19073182287236,24.96962669573736,1356.832275390625,1314.68798828125,1321.942626953125
2020-09-30,1339.9840602224572,1344.9955767433246,1312.5400411796106,1337.02490234375,44076.0,1333.46435546875,1345.43466796875,1329.6508239746095,55.221264899925664,23.29661396507413,1336.833984375,1356.832275390625,1314.68798828125
2020-10-01,1343.7546819830525,1356.0687182161728,1318.55400455973,1350.8663330078125,71585.0,1339.2490966796875,1345.3058227539063,1332.7531982421874,57.48320995336204,22.824520238011473,1337.02490234375,1336.833984375,1356.832275390625
2020-10-05,1369.8144535701058,1374.4918920824607,1298.985069898029,1308.9603271484375,86287.0,1338.103564453125,1340.5377197265625,1332.2568115234376,49.35457505313901,18.851608500242946,1350.8663330078125,1337.02490234375,1336.833984375
2020-10-06,1326.8109857657728,1334.256714632442,1283.902901935707,1294.4986572265625,35883.0,1325.6368408203125,1331.082666015625,1329.1305847167969,46.89031458051673,14.370457731867418,1308.9603271484375,1350.8663330078125,1337.02490234375
2020-10-07,1300.989599522181,1302.994182651989,1266.8157860703832,1284.2845458984375,132938.0,1315.126953125,1325.2597778320312,1328.039971923828,45.17469403162613,9.881017818994906,1294.4986572265625,1308.9603271484375,1350.8663330078125
2020-10-08,1290.632589089704,1293.2098938088548,1264.811300458928,1272.3046875,378556.0,1302.18291015625,1317.8236328125,1326.5532104492188,43.17920864079532,5.295387954401804,1284.2845458984375,1294.4986572265625,1308.9603271484375
2020-10-09,1274.3570149292193,1310.0581261431405,1262.520267290752,1302.2783203125,36753.0,1292.4653076171876,1315.8572021484374,1326.3766052246094,49.222792185275566,4.033370729812759,1272.3046875,1284.2845458984375,1294.4986572265625
2020-10-12,1312.014765235502,1317.0740562726476,1280.08429748985,1281.4683837890625,13869.0,1286.9669189453125,1312.5352416992187,1327.2500366210938,45.596716399619204,1.338594540817212,1302.2783203125,1272.3046875,1284.2845458984375
2020-10-13,1267.0546970035898,1360.26893919449,1267.0546970035898,1316.7403564453125,98889.0,1291.4152587890626,1308.5260498046875,1327.7320983886718,52.045053315044385,2.025766632663135,1281.4683837890625,1302.2783203125,1272.3046875
2020-10-14,1323.9949737996585,1355.4959356853028,1300.9897491821562,1344.136474609375,59455.0,1303.38564453125,1309.256298828125,1328.00654296875,56.37064358053303,4.726508989702097,1316.7403564453125,1281.4683837890625,1302.2783203125
2020-10-15,1350.7230472537578,1352.6321964371557,1326.8586824612887,1346.0933837890625,46738.0,1318.1433837890625,1310.1631469726562,1327.7989074707032,56.67128863400811,6.944718588728392,1344.136474609375,1316.7403564453125,1281.4683837890625
2020-10-16,1347.8593254353373,1354.7799912352,1312.6354996454747,1344.7569580078125,47229.0,1326.639111328125,1309.5522094726562,1327.4290161132812,56.385528415810136,8.496880536028357,1346.0933837890625,1344.136474609375,1316.7403564453125
2020-10-19,1323.994934175803,1348.7184389481524,1323.994934175803,1338.361328125,49311.0,1338.0177001953125,1312.4923095703125,1326.5150146484375,54.95733346095527,9.105938589147172,1344.7569580078125,1346.0933837890625,1344.136474609375
2020-10-20,1340.9865203189431,1368.8600536008648,1323.6131917039918,1348.6707763671875,40542.0,1344.4037841796876,1317.909521484375,1324.49609375,56.85444423445017,10.301755572145112,1338.361328125,1344.7569580078125,1346.0933837890625
2020-10-21,1345.9980081270037,1372.2010351977335,1341.4637786193937,1360.6983642578125,29559.0,1347.716162109375,1325.5509033203125,1325.405340576172,59.02283858821983,12.080715996570689,1348.6707763671875,1338.361328125,1344.7569580078125
2020-10-22,1342.6093098811868,1418.2115791918834,1342.6093098811868,1393.822265625,154756.0,1357.2619384765626,1337.7026611328124,1327.7631469726562,64.33841610098926,15.979178933926732,1360.6983642578125,1348.6707763671875,1338.361328125
2020-10-23,1430.9073592532309,1430.9073592532309,1346.9047924658496,1355.0186767578125,50749.0,1359.3142822265625,1342.9766967773437,1329.4169494628907,55.29004106970828,15.755988346337062,1393.822265625,1360.6983642578125,1348.6707763671875
2020-10-26,1360.2689153875417,1375.3034665576145,1343.0865711931726,1358.4552001953125,23793.0,1363.333056640625,1350.6753784179687,1331.6053100585937,55.881807114150305,15.67570712490533,1355.0186767578125,1393.822265625,1360.6983642578125
2020-10-27,1365.1849361790382,1427.470931050225,1350.2935951930406,1409.6680908203125,96231.0,1375.53251953125,1359.9681518554687,1334.2471008300781,63.6113876705268,19.519526991306066,1358.4552001953125,1355.0186767578125,1393.822265625
2020-10-28,1429.1889946677838,1431.7664159130295,1376.496525195491,1392.9151611328125,176161.0,1381.97587890625,1364.8460205078125,1337.0511596679687,59.91345710788352,20.972205977189105,1409.6680908203125,1358.4552001953125,1355.0186767578125
2020-10-29,1384.1332120916234,1407.997577817341,1370.769167285221,1406.279296875,128027.0,1384.46728515625,1370.8646118164063,1340.5138793945312,61.82020079884644,22.937430187987957,1392.9151611328125,1409.6680908203125,1358.4552001953125
2020-10-30,1427.089032184138,1427.089032184138,1367.0940416612402,1380.9830322265625,18125.0,1389.66015625,1374.4872192382813,1342.0197143554688,56.35591483005177,22.197804908960507,1406.279296875,1392.9151611328125,1409.6680908203125
2020-11-02,1403.224558720974,1403.224558720974,1380.3147700071622,1384.8489990234375,22551.0,1394.938916015625,1379.135986328125,1345.8141479492188,56.98172470211275,21.673756188003836,1380.9830322265625,1406.279296875,1392.9151611328125
2020-11-03,1385.8515385168837,1416.588795970299,1384.1810328612585,1401.5064697265625,112390.0,1393.306591796875,1384.4195556640625,1351.1645385742188,59.665402448548086,22.344983414990566,1384.8489990234375,1380.9830322265625,1406.279296875
2020-11-04,1403.2247412465783,1403.2247412465783,1366.2827487503814,1373.1556396484375,24437.0,1389.3546875,1385.665283203125,1355.6080932617188,53.54300503963696,20.35462532830661,1401.5064697265625,1384.8489990234375,1380.9830322265625
2020-11-05,1382.6389778201983,1418.4166771358914,1377.8494567088162,1379.382080078125,56388.0,1383.975244140625,1384.2212646484375,1360.961962890625,54.64377008973309,19.059962527394646,1373.1556396484375,1401.5064697265625,1384.8489990234375
2020-11-06,1386.1831746878456,1408.119204732944,1379.3820781057411,1384.1236572265625,46073.0,1384.603369140625,1387.1317626953125,1365.0542297363281,55.50831984328352,18.206663495474004,1379.382080078125,1373.1556396484375,1401.5064697265625
2020-11-09,1393.750361385392,1397.7256864897618,1368.940623662375,1376.3643798828125,26918.0,1382.9064453125,1388.9226806640625,1369.7990295410157,53.704284202564644,16.71166733198379,1384.1236572265625,1379.382080078125,1373.1556396484375
2020-11-10,1372.676719025913,1394.8042826664455,1362.5229578890956,1379.3341064453125,38950.0,1378.47197265625,1385.8892822265625,1372.9287170410157,54.31625208391415,15.586828954383236,1376.3643798828125,1384.1236572265625,1379.382080078125
2020-11-11,1379.333927967244,1402.3715677761168,1350.02208661727,1361.66064453125,78945.0,1376.1729736328125,1382.7638305664063,1373.8049255371093,50.07405864732211,13.11806883115969,1379.3341064453125,1376.3643798828125,1384.1236572265625
2020-11-12,1361.1818678450516,1367.791430209661,1327.1283267712656,1333.4984130859375,115559.0,1366.996240234375,1375.4857421875,1373.1751770019532,44.15598496942638,8.787801624094755,1361.66064453125,1379.3341064453125,1376.3643798828125
2020-11-13,1334.3603832326596,1344.8973281110225,1320.9497261147435,1340.73046875,151130.0,1358.3176025390626,1371.4604858398438,1372.9738525390626,45.923470101791565,5.871912365275875,1333.4984130859375,1361.66064453125,1379.3341064453125
2020-11-14,1365.013597794066,1370.2820713294116,1331.5348900103131,1343.5565185546875,7371.0,1351.7560302734375,1367.3312377929688,1373.2336120605469,46.6342650999101,3.745907233922253,1340.73046875,1333.4984130859375,1361.66064453125
2020-11-17,1343.93935458147,1388.9608440079342,1343.93935458147,1379.5255126953125,80446.0,1351.7943115234375,1365.1331420898437,1374.776348876953,54.78109668316358,4.906866766342773,1343.5565185546875,1340.73046875,1333.4984130859375
2020-11-18,1388.960894176847,1448.350946203719,1380.6271755844457,1435.898193359375,137469.0,1366.6418212890626,1371.4073974609375,1378.5363403320312,64.04528156262138,10.257497714901092,1379.5255126953125,1343.5565185546875,1340.73046875
2020-11-19,1445.956239461979,1484.7513555257156,1435.8982464084177,1477.662841796875,85878.0,1395.47470703125,1381.2354736328125,1382.728369140625,69.09673526237854,17.664345795368263,1435.898193359375,1379.5255126953125,1343.5565185546875
2020-11-20,1484.751325334821,1578.6259252592165,1461.3784423754785,1558.9888916015625,165949.0,1439.1263916015625,1398.7219970703125,1392.9268798828125,76.12951804431356,29.753676944878862,1477.662841796875,1435.898193359375,1379.5255126953125
2020-11-23,1594.910393705873,1628.389096638928,1585.331352302234,1622.1627197265625,177195.0,1494.8476318359376,1423.3018310546875,1406.112255859375,79.94712850424503,43.92580955409812,1558.9888916015625,1477.662841796875,1435.898193359375
2020-11-24,1628.580695485831,1662.9215344320985,1612.966811725126,1648.7445068359375,255683.0,1548.6914306640624,1450.24287109375,1418.0660766601563,81.3021720379969,56.64923766914444,1622.1627197265625,1558.9888916015625,1477.662841796875
2020-11-25,1657.0302745559698,1657.0302745559698,1552.8582105612736,1564.4010009765625,68411.0,1574.3919921875,1470.5169067382812,1426.6403686523438,66.05085702470573,59.24390324435467,1648.7445068359375,1622.1627197265625,1558.9888916015625
2020-11-26,1565.2154635801437,1580.0629786875445,1504.8674989500648,1523.546630859375,118097.0,1583.56875,1489.521728515625,1432.5037353515625,60.16363068215579,57.34257862020672,1564.4010009765625,1648.7445068359375,1622.1627197265625
2020-11-27,1497.2999290414605,1658.1320565878752,1479.0039834613976,1562.293701171875,477428.0,1584.2297119140626,1511.6780517578125,1441.569268798828,63.48760480881837,58.29039452513143,1523.546630859375,1564.4010009765625,1648.7445068359375
2020-12-01,1585.762456051283,1653.3426439180498,1578.4345824900254,1652.145263671875,208187.0,1590.226220703125,1542.5369262695312,1454.93408203125,69.78393190313643,65.53635334494265,1562.293701171875,1523.546630859375,1564.4010009765625
2020-12-02,1660.7184630440213,1660.7184630440213,1614.9307124905338,1648.7926025390625,92484.0,1590.23583984375,1569.4636352539062,1467.298388671875,69.30369881302965,70.19908482741994,1652.145263671875,1562.293701171875,1523.546630859375
2020-12-03,1649.5107672186834,1657.0302905934848,1520.1457790332008,1547.6376953125,246816.0,1586.8831787109375,1580.6375854492187,1476.0224914550781,56.63901581200477,64.9828951294935,1648.7926025390625,1652.145263671875,1562.293701171875
2020-12-04,1557.4564077150585,1599.6999580718204,1537.436187248666,1592.99462890625,127231.0,1600.7727783203125,1592.1707641601563,1486.7031188964843,60.15504642830679,63.77380793056818,1547.6376953125,1648.7926025390625,1652.145263671875
2020-12-07,1604.3457676772596,1637.6808793984344,1591.414061447234,1626.3775634765625,156018.0,1613.58955078125,1598.9096313476562,1498.8158142089844,62.5612916411314,64.76277646772519,1592.99462890625,1547.6376953125,1648.7926025390625
2020-12-08,1642.757451650839,1647.307495743968,1585.7621624842754,1599.5081787109375,232231.0,1603.0621337890625,1596.6441772460937,1509.9730041503906,59.44934919093248,62.656145323593364,1626.3775634765625,1592.99462890625,1547.6376953125
2020-12-09,1616.9423052086563,1661.3890839040423,1600.65793365146,1654.1568603515625,109155.0,1604.1349853515626,1597.1854125976563,1523.7141418457031,63.43333558649875,64.65105968258763,1599.5081787109375,1626.3775634765625,1592.99462890625
2020-12-10,1657.2701380116553,1697.4063499203733,1613.5897271110998,1652.7200927734375,185382.0,1625.15146484375,1606.0173217773438,1538.2671142578124,63.25737205196326,65.36264862220423,1654.1568603515625,1599.5081787109375,1626.3775634765625
2020-12-11,1640.314947509156,1656.8866177071654,1612.6794385660396,1627.2874755859375,78572.0,1632.0100341796874,1616.39140625,1552.9565673828124,60.08030434386271,63.14647506851725,1652.7200927734375,1654.1568603515625,1599.5081787109375
2020-12-14,1638.0161593137914,1676.3323267831197,1628.4850594284612,1668.9085693359375,69494.0,1640.5162353515625,1627.0528930664063,1569.3654724121093,63.32650075395864,64.01074001855136,1627.2874755859375,1652.7200927734375,1654.1568603515625
2020-12-15,1676.3323157811878,1700.2799202923477,1619.4327840763394,1626.6170654296875,141054.0,1645.9380126953124,1624.5000732421875,1583.5184997558595,58.15191141323225,60.5847223314006,1668.9085693359375,1627.2874755859375,1652.7200927734375
2020-12-16,1628.9640277979615,1665.7953973731965,1628.9640277979615,1650.564697265625,64813.0,1645.219580078125,1624.6772827148438,1597.070458984375,60.138196011510885,59.120448650814296,1626.6170654296875,1668.9085693359375,1627.2874755859375
2020-12-17,1658.8506274022843,1676.1886703396012,1629.3950727364142,1647.260009765625,26972.0,1644.1275634765625,1634.6395141601563,1607.6385498046875,59.71696909568429,57.03586658026029,1650.564697265625,1626.6170654296875,1668.9085693359375
2020-12-18,1647.595256948924,1674.991294230462,1630.783991130063,1667.615478515625,187410.0,1652.1931640625,1642.1015991210938,1617.136181640625,61.5055131666154,56.37646370070638,1647.260009765625,1650.564697265625,1626.6170654296875
2020-12-21,1664.837372137327,1664.837372137327,1570.9627677245203,1618.76220703125,69867.0,1642.1638916015625,1641.3400634765626,1620.1248474121094,55.173977899348074,51.32024362024322,1667.615478515625,1647.260009765625,1650.564697265625
2020-12-22,1617.900209215762,1650.3252433083828,1561.3838608772598,1578.2908935546875,69231.0,1632.4986572265625,1639.2183349609375,1617.9312561035156,50.53301080041087,43.54549070300072,1618.76220703125,1667.615478515625,1647.260009765625
2020-12-23,1590.1208007613818,1637.53705355517,1578.6259515992513,1598.9334716796875,129607.0,1622.172412109375,1633.69599609375,1615.4407043457031,52.71762521545444,38.604616550426044,1578.2908935546875,1618.76220703125,1667.615478515625
2020-12-24,1606.7882489389694,1617.2294262888872,1590.1206953722328,1603.100341796875,32125.0,1613.340478515625,1628.7340209960937,1617.3756713867188,53.167239175944246,34.626022547923185,1598.9334716796875,1578.2908935546875,1618.76220703125
2020-12-28,1611.146837216671,1611.146837216671,1532.5029299418509,1575.369140625,224099.0,1594.8912109375,1623.5421875,1619.966796875,49.77493629986307,28.902116355067164,1603.100341796875,1598.9334716796875,1578.2908935546875
2020-12-29,1583.2719374058208,1608.7521658009994,1569.4780935061883,1602.57373046875,36418.0,1591.653515625,1616.9087036132812,1621.9807983398437,52.94668603386607,26.258372329908525,1575.369140625,1603.100341796875,1598.9334716796875
2020-12-30,1608.3212470607325,1609.279151317469,1565.215555507586,1570.9150390625,44573.0,1590.1783447265625,1611.3385009765625,1617.919287109375,49.063630867857185,21.362342541836597,1602.57373046875,1575.369140625,1603.100341796875
2020-12-31,1570.962772187621,1595.9162215307033,1556.594210246881,1561.2879638671875,61954.0,1582.6492431640625,1602.4108276367188,1613.5440551757813,47.91290113645358,16.515004458201474,1570.9150390625,1602.57373046875,1575.369140625
2021-01-01,1562.3417345908292,1661.6763523657228,1542.2257465918058,1616.1759033203125,121820.0,1585.26435546875,1599.3024169921875,1616.970965576172,54.46956205065898,16.90755236092241,1561.2879638671875,1570.9150390625,1602.57373046875
2021-01-04,1626.3297975202024,1657.1742659873,1617.1817656376063,1650.1815185546875,73000.0,1600.2268310546874,1597.5590209960938,1619.8303100585938,57.99723884893724,19.735124128349753,1616.1759033203125,1561.2879638671875,1570.9150390625
2021-01-05,1649.4151646989656,1683.0375766805842,1635.190311583472,1674.703857421875,82042.0,1614.6528564453124,1603.1531860351563,1622.2466247558593,60.38112254586274,23.68175440701225,1650.1815185546875,1616.1759033203125,1561.2879638671875
2021-01-06,1674.4163709086538,1690.700740648612,1647.8824740462064,1682.893798828125,105528.0,1637.0486083984374,1613.6134765625,1626.4159057617187,61.1736912421622,27.15729477276477,1674.703857421875,1650.1815185546875,1616.1759033203125
2021-01-07,1690.7008784577358,1728.5380935846936,1674.943401462339,1715.5106201171875,242322.0,1667.8931396484375,1625.27119140625,1629.48359375,64.24170351588073,32.172723312891776,1682.893798828125,1674.703857421875,1650.1815185546875
2021-01-08,1724.2273777651094,1742.427555641519,1701.237679394908,1722.9820556640625,188202.0,1689.2543701171876,1637.2593627929687,1632.9966918945313,64.92541153936793,36.33156134877731,1715.5106201171875,1682.893798828125,1674.703857421875
2021-01-11,1738.5960374515332,1748.1750789801918,1692.3292200954486,1724.3232421875,53545.0,1704.08271484375,1652.1547729492188,1637.8484802246094,65.05457924321598,39.2828645884631,1722.9820556640625,1715.5106201171875,1682.893798828125
2021-01-12,1732.992363440447,1743.385600363977,1678.6791265008796,1698.316162109375,32577.0,1708.80517578125,1661.7290161132812,1639.3188598632812,60.408898417027125,39.07283236730132,1724.3232421875,1722.9820556640625,1715.5106201171875
2021-01-13,1698.364145024771,1713.3553691271998,1654.7315619825742,1678.8228759765625,79093.0,1707.9909912109374,1672.5197998046874,1641.929150390625,57.11650827619091,36.907982788932486,1698.316162109375,1724.3232421875,1722.9820556640625
2021-01-14,1682.9414900229576,1704.44638714352,1647.5948105270672,1665.69921875,71653.0,1698.0287109375,1682.9609252929688,1642.6858764648437,54.94532912602799,33.74437034576749,1678.8228759765625,1698.316162109375,1724.3232421875
2021-01-15,1666.8491781712655,1685.8635543314622,1626.5693742279202,1641.847900390625,57092.0,1681.8018798828125,1685.528125,1642.4152709960938,51.14045094018487,28.97853610840025,1665.69921875,1678.8228759765625,1698.316162109375
2021-01-18,1628.4369517800335,1645.2960403650732,1594.4313566105095,1599.6998291015625,416500.0,1656.877197265625,1680.4799560546876,1639.0194885253907,45.18573160632389,21.552141362521525,1641.847900390625,1665.69921875,1678.8228759765625
2021-01-19,1607.5545988579247,1656.1682314796335,1604.4893525391672,1629.9217529296875,25857.0,1643.1983154296875,1676.0017456054688,1639.5774658203125,49.70769811239956,17.89899819050129,1599.6998291015625,1641.847900390625,1665.69921875
2021-01-20,1637.9683252142806,1651.1395086493635,1597.7842887068225,1622.2587890625,58371.0,1631.885498046875,1669.9382446289062,1641.775860595703,48.612627389778204,14.22158122939345,1629.9217529296875,1599.6998291015625,1641.847900390625
2021-01-21,1630.400719846047,1699.3218730543676,1630.3527778683956,1684.6658935546875,124434.0,1635.6788330078125,1666.8537719726562,1646.062481689453,56.93367919328352,16.15668931075811,1622.2587890625,1629.9217529296875,1599.6998291015625
2021-01-22,1700.758757090441,1708.9009420722875,1638.016037524446,1653.10302734375,30693.0,1637.9298583984375,1659.865869140625,1648.5626159667968,52.319324002659236,14.970842334194003,1684.6658935546875,1622.2587890625,1629.9217529296875
2021-01-25,1760.6279271701635,1770.1590272284786,1647.5952310841576,1659.4732666015625,174049.0,1649.8845458984374,1653.3808715820312,1652.767822265625,53.14472362993442,14.3793192895414,1653.10302734375,1684.6658935546875,1622.2587890625
2021-01-27,1712.3016611628786,1721.3538088776336,1658.1321330924784,1704.638427734375,124248.0,1664.827880859375,1654.0130981445313,1657.8710571289062,58.61486715196784,17.354927259003034,1659.4732666015625,1653.10302734375,1684.6658935546875
2021-01-28,1702.1958766222174,1747.025842936766,1679.4456503589772,1709.4281005859375,99466.0,1682.2617431640624,1657.0736206054687,1664.7967102050782,59.15939408364803,19.870549260170037,1704.638427734375,1659.4732666015625,1653.10302734375
2021-01-29,1729.0170920034666,1740.224524442125,1679.0623642692217,1732.17822265625,107094.0,1691.764208984375,1663.7215209960937,1673.3412231445313,61.734777070118135,23.429857725267084,1709.4281005859375,1704.638427734375,1659.4732666015625
2021-02-01,1738.59619140625,1738.59619140625,1715.6544316862569,1722.790771484375,80036.0,1705.7017578125,1671.8158081054687,1678.6719665527344,60.05200309409079,25.202626284207554,1732.17822265625,1709.4281005859375,1704.638427734375
2021-02-02,1743.3855317892044,1836.3022332087387,1724.2753910018705,1828.9742431640625,234478.0,1739.601953125,1694.7432495117187,1687.6116027832031,70.00990178809407,34.77481447680907,1722.790771484375,1732.17822265625,1709.4281005859375
2021-02-03,1838.218175504015,1901.439853244122,1796.5972844311111,1834.7218017578125,120856.0,1765.6186279296876,1715.2232543945313,1695.6125,70.4394348512795,42.33659264114817,1828.9742431640625,1722.790771484375,1732.17822265625
2021-02-04,1834.721410540429,1906.2289678201096,1834.721410540429,1890.5672607421875,85952.0,1801.8464599609374,1742.0541015625,1705.9961730957032,74.29220175622855,52.233502829727286,1834.7218017578125,1828.9742431640625,1722.790771484375
2021-02-05,1890.567607198895,1914.850454762148,1819.491046923164,1859.7230224609373,118358.0,1827.355419921875,1759.559814453125,1713.2067932128907,68.94720397817267,56.93172966353154,1890.5672607421875,1834.7218017578125,1828.9742431640625
2021-02-08,1860.249586191936,1877.539800333678,1822.2208437926968,1857.99853515625,60296.0,1854.39697265625,1780.049365234375,1719.9576171875,68.64982220155818,59.8263160342176,1859.7230224609373,1890.5672607421875,1834.7218017578125
2021-02-09,1866.9550933621688,1866.9550933621688,1819.3473063020444,1829.644775390625,34205.0,1854.5310791015625,1797.0665161132813,1725.2236938476562,63.778911862072825,59.15053459365981,1857.99853515625,1859.7230224609373,1890.5672607421875
2021-02-10,1829.596846221306,1843.8696408163787,1810.4387640619204,1822.5562744140625,55165.0,1852.0979736328125,1808.85830078125,1731.4356994628906,62.58338807656386,57.38153156838439,1829.644775390625,1857.99853515625,1859.7230224609373
2021-02-11,1810.438805089306,1865.9493026314185,1796.5971371881376,1818.868408203125,39705.0,1837.758203125,1819.8023315429687,1738.4379760742188,61.93294649816468,55.04745119194399,1822.5562744140625,1829.644775390625,1857.99853515625
2021-02-12,1802.0092447445388,1863.171518421364,1802.0092447445388,1851.34130859375,77062.0,1836.0818603515625,1831.7186401367187,1747.7200805664063,65.34807605065055,55.18186515960383,1818.868408203125,1822.5562744140625,1829.644775390625
2021-02-15,1851.341291151492,1901.439724623298,1851.1497570954775,1868.2962646484373,43068.0,1838.14140625,1846.269189453125,1759.042498779297,67.01214847329672,56.010854190941245,1851.34130859375,1818.868408203125,1822.5562744140625
2021-02-16,1877.4921027248129,1901.4397060758947,1797.6508165386376,1889.8011474609373,168596.0,1850.1726806640625,1852.3518798828125,1773.5475646972657,69.04278348835945,57.73753591630884,1868.2962646484373,1851.34130859375,1818.868408203125
2021-02-17,1891.860905585611,1891.860905585611,1820.018086386157,1828.351806640625,184922.0,1851.331787109375,1851.7148803710938,1783.4690673828125,58.0470793870758,53.53042989876462,1889.8011474609373,1868.2962646484373,1851.34130859375
2021-02-18,1837.4996899328737,1876.5342851966636,1833.332830143808,1864.65625,74704.0,1860.48935546875,1849.123779296875,1795.5889404296875,61.90699026542862,52.52031177808908,1828.351806640625,1889.8011474609373,1868.2962646484373
2021-02-19,1864.6562451865568,1897.6081722197127,1858.1903920000432,1888.74755859375,92932.0,1867.97060546875,1852.0262329101563,1805.7930236816405,64.2571102235876,53.052200411498916,1864.65625,1828.351806640625,1889.8011474609373
2021-02-22,1896.650117974269,1953.1664598735024,1839.1758719750487,1859.8665771484373,203951.0,1866.28466796875,1852.213037109375,1816.131201171875,59.51666056915821,50.56044283905703,1888.74755859375,1864.65625,1828.351806640625
2021-02-23,1877.4920510160505,1934.008393368064,1868.200427944398,1922.705078125,95806.0,1872.8654541015626,1861.5190673828124,1829.292791748047,65.4832575288744,53.04478165263549,1859.8665771484373,1888.74755859375,1864.65625
2021-02-24,1939.75587993024,1953.1665378655605,1897.2728547857537,1933.86474609375,79219.0,1893.9680419921874,1872.6499145507812,1840.7541076660157,66.42953366355925,55.276931938243706,1922.705078125,1859.8665771484373,1888.74755859375
2021-02-25,1934.9663504167024,1950.484350612728,1878.402064539036,1896.123291015625,70408.0,1900.2614501953126,1880.3754028320313,1850.0888671875,60.398821514668406,53.3851167205853,1933.86474609375,1922.705078125,1859.8665771484373
2021-02-26,1891.8606984838368,1976.9705758571583,1852.730337296465,1942.1986083984373,157912.0,1910.95166015625,1889.4611328125,1860.5898864746093,64.62144071591717,54.97007180599917,1896.123291015625,1933.86474609375,1922.705078125
2021-03-01,1987.6510135436888,2035.5941606671263,1960.590222636407,1995.170654296875,127074.0,1938.0124755859374,1902.1485717773437,1874.2088806152344,68.74738420641148,59.81109643967784,1942.1986083984373,1896.123291015625,1933.86474609375
2021-03-02,2011.598760077782,2015.5262607261204,1990.6207522680145,2003.5045166015625,47348.0,1954.17236328125,1913.5189086914063,1882.9353942871094,69.35294279568109,63.58712359931906,1995.170654296875,1942.1986083984373,1896.123291015625
2021-03-03,2017.346129267224,2034.5884038763456,1992.4406214984929,2020.794677734375,89369.0,1971.558349609375,1932.7631958007812,1892.2390380859374,70.62465874917706,67.20018196462615,2003.5045166015625,1995.170654296875,1942.1986083984373
2021-03-04,2043.209457820955,2043.209457820955,1977.73661863941,2001.109619140625,35246.0,1992.555615234375,1946.4085327148437,1897.7661560058593,67.20543072789185,67.69479359418733,2020.794677734375,2003.5045166015625,1995.170654296875
2021-03-05,2021.177929892291,2024.5305947049087,1978.0722394443512,1999.7686767578125,29064.0,2004.06962890625,1957.51064453125,1904.7684387207032,66.9675855057798,67.20388942619252,2001.109619140625,2020.794677734375,2003.5045166015625
2021-03-08,2000.1039699388589,2019.501529992145,1967.583169116015,1982.8616943359373,35053.0,2001.6078369140625,1969.81015625,1911.0115966796875,63.89706744461978,64.70471645834095,1999.7686767578125,2001.109619140625,2020.794677734375
2021-03-09,1982.8616298882437,2001.061809099778,1920.9331019742424,1932.380126953125,87147.0,1987.382958984375,1970.7776611328125,1916.1483642578125,55.68690896441767,57.98227965289584,1982.8616943359373,1999.7686767578125,2001.109619140625
2021-03-10,1969.4509423324887,1972.1331207386795,1882.952150378588,1943.39599609375,103775.0,1971.90322265625,1971.7307861328125,1922.1903503417968,56.985742998570714,52.933405282036574,1932.380126953125,1982.8616943359373,1999.7686767578125
2021-03-12,1959.7760178357996,1989.183743808662,1943.4437061893111,1978.1678466796875,49042.0,1967.3148681640625,1979.9352416992188,1930.155322265625,60.88317814533473,51.14832762759761,1943.39599609375,1932.380126953125,1982.8616943359373
2021-03-15,1973.3305242939623,1973.3305242939623,1896.650249019281,1910.25244140625,89054.0,1949.41162109375,1976.740625,1933.10087890625,51.13714046861848,43.749122461964134,1978.1678466796875,1943.39599609375,1932.380126953125
2021-03-16,1914.85031061022,2011.311207448588,1896.745899594808,1949.95751953125,61158.0,1942.8307861328126,1972.2193115234375,1937.1839416503906,55.610871137929536,40.62081555912323,1910.25244140625,1978.1678466796875,1943.39599609375
2021-03-17,1949.2868448913748,1949.2868448913748,1915.808144341664,1936.2115478515625,58823.0,1943.5970703125,1965.4900146484374,1939.504461669922,53.77523194643526,36.61040283106354,1949.95751953125,1910.25244140625,1978.1678466796875
2021-03-18,1958.913967535583,1972.3246255040417,1935.541083118509,1960.7340087890625,61228.0,1947.0646728515626,1959.4839477539062,1946.1235717773438,56.53182298566463,35.007336719124396,1936.2115478515625,1949.95751953125,1910.25244140625
2021-03-19,1954.124273763506,1954.124273763506,1887.070989859856,1928.2608642578125,188871.0,1937.0832763671874,1952.199072265625,1949.3038024902344,52.10096017113677,30.76197895691712,1960.7340087890625,1936.2115478515625,1949.95751953125
2021-03-22,1906.229349209272,1924.4295289253405,1880.365935928543,1912.1204833984373,54179.0,1937.456884765625,1943.4342529296875,1950.4724487304688,50.003147185684846,25.797728345813994,1928.2608642578125,1960.7340087890625,1936.2115478515625
2021-03-23,1915.80827015824,2010.640779531073,1885.155337835708,1899.284423828125,35177.0,1927.322265625,1935.0765258789063,1952.443341064453,48.33629521944638,20.590407834687767,1912.1204833984373,1928.2608642578125,1960.7340087890625
2021-03-24,1899.5238709005012,1914.3713847678528,1887.071117334336,1896.075439453125,26628.0,1919.2950439453125,1931.4460571289062,1951.1118591308593,47.90634979131521,16.019962437541153,1899.284423828125,1912.1204833984373,1928.2608642578125
2021-03-25,1896.075512184079,1915.8083144364423,1890.8070393193789,1912.9825439453125,47374.0,1909.7447509765625,1928.4047119140625,1950.0677490234375,50.40915911885677,13.605280362942267,1896.075439453125,1899.284423828125,1912.1204833984373
2021-03-26,1930.176679997789,1939.7077786176749,1906.2290785089829,1929.458251953125,72690.0,1909.984228515625,1923.5337524414062,1951.7344970703125,52.78951019031181,12.872690996139681,1912.9825439453125,1896.075439453125,1899.284423828125
2021-03-30,1939.7558485363488,1958.9139309910288,1908.6719065262928,1941.9111328125,103867.0,1915.9423583984376,1926.6996215820313,1951.7201232910156,54.5646943980262,13.14541984003472,1929.458251953125,1912.9825439453125,1896.075439453125
2021-03-31,1954.69924004448,1963.7035626938969,1903.3555995476936,1956.7108154296875,22628.0,1927.42763671875,1927.374951171875,1949.7971313476562,56.650877770360616,14.389892392719048,1941.9111328125,1929.458251953125,1912.9825439453125
2021-04-01,1963.6074113805653,1963.6074113805653,1901.966426306092,1935.7325439453125,43191.0,1935.3590576171875,1927.32705078125,1946.4085327148437,52.94025314383169,13.527438776921144,1956.7108154296875,1941.9111328125,1929.458251953125
2021-04-05,1926.057620984168,1936.8819834904773,1891.860493270867,1924.4771728515625,22228.0,1937.6579833984374,1923.7013671875,1941.5926574707032,51.00975915970216,11.799704047356727,1935.7325439453125,1956.7108154296875,1941.9111328125
2021-04-06,1941.671633995196,1942.629538106688,1892.1480382036975,1896.8416748046875,26345.0,1931.13466796875,1920.5594482421875,1936.3792602539063,46.52385215008163,8.107055009942997,1924.4771728515625,1935.7325439453125,1956.7108154296875
2021-04-07,1896.6502449350187,1911.018807396648,1887.0712032939327,1891.4775390625,107713.0,1921.04794921875,1918.4951538085938,1930.9647033691406,45.684046664726424,4.693657556638527,1896.8416748046875,1924.4771728515625,1935.7325439453125
2021-04-08,1911.0187094396424,1911.0187094396424,1879.4078736444,1898.230712890625,67005.0,1909.3519287109375,1918.3897827148437,1926.733154296875,46.98159210203331,2.5045690589242895,1891.4775390625,1896.8416748046875,1924.4771728515625
2021-04-09,1906.2293803019577,1925.387464526098,1880.3659665993684,1910.396240234375,139224.0,1904.28466796875,1919.8218627929687,1925.6339599609375,49.329897854665006,1.7313985532773586,1898.230712890625,1891.4775390625,1896.8416748046875
2021-04-12,1906.229290050672,1922.465718889243,1861.926222379896,1888.1248779296875,56128.0,1897.014208984375,1917.3360961914063,1922.8704040527343,45.36821102728357,-0.670725742441391,1910.396240234375,1898.230712890625,1891.4775390625
2021-04-13,1913.8445954086264,1913.8925373899344,1848.7550536349213,1888.9390869140625,76776.0,1895.43369140625,1913.2841796875,1918.4089660644531,45.54040507011936,-2.4801372147785514,1888.1248779296875,1910.396240234375,1898.230712890625
2021-04-15,1873.6604844787848,1896.6022416955225,1862.2135768600765,1873.9957275390625,78318.0,1891.9373291015625,1906.4926391601562,1916.5961303710938,42.869733297165496,-5.061566469860281,1888.9390869140625,1888.1248779296875,1910.396240234375
2021-04-16,1895.6923091886504,1908.0013541060448,1860.0103796700664,1899.52392578125,36664.0,1892.1959716796875,1900.7739501953124,1914.0744506835938,48.43325691192092,-4.989934642187109,1873.9957275390625,1888.9390869140625,1888.1248779296875
2021-04-19,1891.860838436337,1921.6516363539884,1863.3631878320427,1906.27734375,31219.0,1891.3721923828125,1897.8284301757812,1912.5777404785156,49.82531228531026,-4.338213290894146,1899.52392578125,1873.9957275390625,1888.9390869140625
2021-04-20,1918.681852955872,1919.5918150500656,1891.8605389854447,1905.9896240234373,73634.0,1894.9451416015625,1895.9796752929688,1909.8405212402345,49.76367692153351,-3.8011190674601494,1906.27734375,1899.52392578125,1873.9957275390625
2021-04-22,1901.4397541762487,1906.2772169482023,1867.9131086366167,1893.824462890625,44234.0,1895.922216796875,1895.6779541015626,1908.118701171875,47.11012782747758,-4.307441358071401,1905.9896240234373,1906.27734375,1899.52392578125
2021-04-23,1893.776554795008,1918.6341213743565,1870.3558444787816,1909.2945556640625,47383.0,1902.981982421875,1897.4596557617188,1907.9774047851563,50.70958395820123,-3.4209634857907076,1893.824462890625,1905.9896240234373,1906.27734375
2021-04-26,1918.6819788542127,1918.6819788542127,1896.266998750364,1908.959228515625,67053.0,1904.86904296875,1898.5325073242188,1908.4611450195312,50.629152580676326,-2.714193945437273,1909.2945556640625,1893.824462890625,1905.9896240234373
2021-04-27,1915.8082520682324,1976.1562120083815,1901.4396901777209,1964.038818359375,140856.0,1916.421337890625,1903.8967651367188,1911.8593139648438,61.446211302027926,2.2642872938904475,1908.959228515625,1909.2945556640625,1893.824462890625
2021-04-28,1973.2825047733347,2011.5986699145649,1949.3828435391551,1962.0750732421875,54009.0,1927.638427734375,1911.2917846679688,1914.3139404296876,60.9336159538322,5.982350907446744,1964.038818359375,1908.959228515625,1909.2945556640625
2021-04-29,1972.4205251745725,1988.7526038113133,1938.9417050347888,1962.9371337890625,44139.0,1941.4609619140624,1918.6915893554688,1915.9878845214844,61.087081429803625,8.895957133687943,1962.0750732421875,1964.038818359375,1908.959228515625
2021-04-30,1972.755618301024,2005.2287087008287,1923.7589154839616,1963.2724609375,60503.0,1952.25654296875,1927.6192626953125,1917.0559509277343,61.15101115309646,11.104068369693096,1962.9371337890625,1962.0750732421875,1964.038818359375
2021-05-03,1969.7865829090256,2083.4418335234827,1967.2000542319008,2020.507568359375,329067.0,1974.5662109375,1939.717626953125,1920.2457885742188,70.16175692708315,17.273291515662322,1963.2724609375,1962.9371337890625,1962.0750732421875
2021-05-04,2079.609834775821,2121.6140237863315,2022.135587845121,2043.0179443359373,539679.0,1990.3620361328126,1953.3916870117184,1925.61005859375,72.8308403777925,23.705581334530052,2020.507568359375,1963.2724609375,1962.9371337890625
2021-05-05,2088.2309545706044,2095.8941874314137,2035.5462286525385,2058.009033203125,145872.0,2009.548828125,1968.5936279296875,1932.2866516113281,74.46877183917813,29.67084590185732,2043.0179443359373,2020.507568359375,1963.2724609375
2021-05-06,2095.894574484724,2129.4212244422038,2060.739534016265,2085.884521484375,282391.0,2034.1383056640625,1987.7996337890625,1941.7387939453124,77.21898625296566,36.230042609214934,2058.009033203125,2043.0179443359373,2020.507568359375
2021-05-07,2088.230642957208,2111.172396138142,2088.230642957208,2095.223388671875,143495.0,2060.5284912109373,2006.3925170898438,1951.9260864257812,78.07123320219121,41.701117268293274,2085.884521484375,2058.009033203125,2043.0179443359373
2021-05-10,2107.388892984181,2115.052125322305,2054.704170659577,2058.966796875,106360.0,2068.2203369140625,2021.3932739257812,1959.962890625,67.51161181160168,42.620081632569054,2095.223388671875,2085.884521484375,2058.009033203125
2021-05-11,2058.5359689006505,2121.757641281964,2058.5359689006505,2116.15380859375,219533.0,2082.847509765625,2036.6047729492188,1970.2507690429688,73.58127135364047,47.416295882627765,2058.966796875,2095.223388671875,2085.884521484375
2021-05-12,2103.5576489882283,2126.547350070067,2054.752476172575,2063.708740234375,88086.0,2083.987451171875,2046.7681396484375,1979.029962158203,62.119403915802366,46.450004774858826,2116.15380859375,2058.966796875,2095.223388671875
2021-05-14,2066.1995213120526,2090.7696724220928,2025.967541759384,2033.1038818359373,113106.0,2073.4313232421873,2053.784814453125,1986.2382019042968,56.58048320852241,42.72218110280164,2063.708740234375,2116.15380859375,2058.966796875
2021-05-17,2073.862373754529,2080.567702445652,2046.226746960792,2065.480712890625,89949.0,2067.4827880859375,2064.0056396484374,1995.812451171875,60.584480468897134,41.89742621762866,2033.1038818359373,2063.708740234375,2116.15380859375
2021-05-18,2096.852033331093,2176.3580720549303,2090.7692488713583,2171.089599609375,294532.0,2089.9073486328125,2079.0638427734375,2009.3907348632813,70.22853740090977,49.19842772712127,2065.480712890625,2033.1038818359373,2063.708740234375
2021-05-19,2192.6425239430755,2241.447691934459,2136.174123015237,2147.525146484375,163785.0,2096.1816162109376,2089.5145629882813,2021.453125,66.32879261395222,52.47813432741191,2171.089599609375,2065.480712890625,2033.1038818359373
2021-05-20,2174.442611983276,2174.442611983276,2103.1266885082982,2124.631591796875,156943.0,2108.3661865234376,2096.1768188476562,2032.3852233886719,62.686798799068214,52.623397138011114,2147.525146484375,2171.089599609375,2065.480712890625
2021-05-21,2144.7475383829524,2144.7475383829524,2079.610051732644,2088.6142578125,93794.0,2119.46826171875,2096.4497924804687,2042.1247131347657,57.351430743400336,49.2643325590941,2124.631591796875,2147.525146484375,2171.089599609375
2021-05-24,2091.104300945773,2126.5467467245157,2072.904126086419,2093.35546875,102811.0,2125.043212890625,2096.2630004882812,2051.3277587890625,57.85987865925609,46.449386168243564,2088.6142578125,2124.631591796875,2147.525146484375
2021-05-25,2115.914462080938,2128.4631004579514,2092.062741404215,2117.351318359375,85833.0,2114.295556640625,2102.101452636719,2061.74736328125,60.43103359879059,45.628804934356594,2093.35546875,2088.6142578125,2124.631591796875
2021-05-26,2125.589671112736,2162.8520553530107,2114.094819353677,2136.174560546875,104611.0,2112.025439453125,2104.1035278320314,2070.354150390625,62.37059188730764,45.967482205563556,2117.351318359375,2093.35546875,2088.6142578125
2021-05-27,2140.9158379626247,2188.906930828727,2112.8491987728207,2172.2392578125,159744.0,2121.54697265625,2114.956579589844,2080.8623596191405,65.82684652255244,48.58593760213671,2136.174560546875,2117.351318359375,2093.35546875
2021-05-28,2187.853405500227,2187.853405500227,2138.0423822576645,2144.795654296875,45109.0,2132.783251953125,2126.1257568359374,2089.955285644531,61.21890035350014,47.89451476798149,2172.2392578125,2136.174560546875,2117.351318359375
2021-05-31,2155.284286993043,2187.853027329827,2112.2265432322224,2173.4365234375,95003.0,2148.799462890625,2136.921337890625,2100.463488769531,64.04744987696392,49.09173698300401,2144.795654296875,2172.2392578125,2136.174560546875
2021-06-01,2184.0217930940216,2192.642931750972,2136.222462308051,2148.96240234375,44280.0,2155.1216796875,2134.7086181640625,2106.88623046875,60.018999537553,47.517930061562765,2173.4365234375,2144.795654296875,2172.2392578125
2021-06-02,2162.229316752487,2182.009945497966,2147.333859247512,2168.26416015625,81628.0,2161.539599609375,2136.78251953125,2113.148541259766,62.04650657058889,47.283116942210654,2148.96240234375,2173.4365234375,2144.795654296875
2021-06-03,2178.2739467549154,2215.919625061204,2154.2304600418047,2172.191162109375,119603.0,2161.52998046875,2141.5384765625,2118.8576477050783,62.46357807887427,46.873572723113284,2168.26416015625,2148.96240234375,2173.4365234375
2021-06-04,2192.0677534045312,2192.0677534045312,2128.4630116774097,2134.976806640625,80181.0,2159.5662109375,2146.1747314453123,2121.3122619628907,56.16479031085878,43.04986644314431,2172.191162109375,2168.26416015625,2148.96240234375
2021-06-07,2159.8344510769925,2162.708163618618,2125.1104245323463,2135.6953125,55920.0,2152.01796875,2150.4087158203124,2123.335858154297,56.25650693753567,39.620805107811975,2134.976806640625,2172.191162109375,2168.26416015625
2021-06-08,2159.0677667084537,2205.621996652174,2131.384433465419,2171.137451171875,363669.0,2156.452978515625,2155.7873291015626,2128.9443908691405,60.63214169361015,39.309992558424256,2135.6953125,2134.976806640625,2172.191162109375
2021-06-09,2187.853083144213,2202.221645424057,2139.383039508213,2150.015869140625,83043.0,2152.8033203125,2157.1714599609377,2130.6374938964846,56.97451445247366,36.93358880289634,2171.137451171875,2135.6953125,2134.976806640625
2021-06-10,2151.4523261031704,2182.9672733097727,2139.9574784125034,2150.350830078125,71494.0,2148.43525390625,2154.9826171875,2134.969598388672,57.018796481148996,34.67755894041284,2150.015869140625,2171.137451171875,2135.6953125
2021-06-11,2179.23188469656,2182.9676172392865,2146.4716103893884,2154.853271484375,45444.0,2152.410546875,2155.98837890625,2141.0570678710938,57.64974846834653,32.873997434515786,2150.350830078125,2150.015869140625,2171.137451171875
2021-06-14,2179.231727987976,2191.636538743864,2151.452510356481,2178.704833984375,83986.0,2161.012451171875,2156.5152099609377,2146.7182739257814,60.92239518377892,32.98900696767896,2154.853271484375,2150.350830078125,2150.015869140625
2021-06-15,2187.85305401796,2188.810958157197,2152.41060086618,2175.4482421875,102007.0,2161.874609375,2159.1637939453126,2146.9362060546873,60.23794093621036,32.443385951828986,2178.704833984375,2154.853271484375,2150.350830078125
2021-06-16,2178.273861179213,2178.273861179213,2156.242067508535,2165.9169921875,53915.0,2165.054833984375,2158.9290771484375,2147.8557983398437,58.17780441741094,30.88585226759551,2175.4482421875,2178.704833984375,2154.853271484375
2021-06-17,2162.4686745348063,2179.2319975932155,2133.252597204436,2164.911376953125,190397.0,2167.966943359375,2158.2010986328123,2149.8697875976563,57.95260590469958,29.233366800937347,2165.9169921875,2175.4482421875,2178.704833984375
2021-06-18,2164.91136563063,2177.316177856311,2055.2313381935214,2092.206298828125,247795.0,2155.437548828125,2153.9240478515626,2150.0493896484377,44.531386104761005,21.80570538203483,2164.911376953125,2165.9169921875,2175.4482421875
2021-06-21,2083.372315687859,2114.169059624891,2045.6726907319855,2099.784423828125,122534.0,2139.653466796875,2150.332958984375,2150.3708374023436,45.936794408065346,16.34233725745844,2092.206298828125,2164.911376953125,2165.9169921875
2021-06-22,2099.7850659440774,2123.7274899275167,2048.666207685148,2085.496826171875,135381.0,2121.66318359375,2141.768896484375,2148.778112792969,43.68923208349967,10.735931794029966,2099.784423828125,2092.206298828125,2164.911376953125
2021-06-23,2094.909721199404,2094.9580392615403,2047.652535149183,2058.0791015625,58884.0,2100.09560546875,2132.5752197265624,2144.87333984375,39.67732954710997,4.033933165307644,2085.496826171875,2099.784423828125,2092.206298828125
2021-06-24,2075.6011322495665,2075.6011322495665,2017.724349367795,2024.144287109375,64180.0,2071.9421875,2119.9545654296876,2137.4685913085937,35.35049565878295,-3.9699419351118195,2058.0791015625,2085.496826171875,2099.784423828125
2021-06-25,2034.136437832292,2055.375641264807,2019.6551627646677,2036.6947021484373,78303.0,2060.8398681640624,2108.138708496094,2132.063543701172,38.04156874959209,-9.194370037052522,2024.144287109375,2058.0791015625,2085.496826171875
2021-06-28,2063.0989638770857,2123.4376092876228,2057.403090029464,2109.632080078125,61726.0,2062.8093994140627,2101.2314331054686,2128.873321533203,50.846832907286405,-7.364437461139005,2036.6947021484373,2024.144287109375,2058.0791015625
2021-06-29,2119.2863526413844,2133.4298731402614,2076.614907948629,2096.93701171875,36973.0,2065.0974365234374,2093.3803100585938,2126.272052001953,48.950498906743995,-6.859516395160426,2109.632080078125,2036.6947021484373,2024.144287109375
2021-06-30,2132.560688217356,2132.560688217356,2083.8553825427985,2089.503173828125,76707.0,2071.3822509765623,2085.7389282226563,2122.3340026855467,47.82569974652884,-6.978764549612606,2096.93701171875,2109.632080078125,2036.6947021484373
2021-07-01,2114.121323821061,2114.121323821061,2089.0685307891567,2099.44677734375,47355.0,2086.4427490234375,2079.1924682617187,2118.6967834472657,49.49735747394364,-6.19944057764269,2089.503173828125,2096.93701171875,2109.632080078125
2021-07-02,2103.646468083975,2141.104745127927,2068.215663741814,2127.63720703125,212522.0,2104.63125,2082.735559082031,2118.329803466797,53.99739119342281,-3.269401016809752,2099.44677734375,2089.503173828125,2096.93701171875
2021-07-05,2142.2632826650915,2142.2632826650915,2092.109847364617,2103.212158203125,52895.0,2103.347265625,2083.078332519531,2116.705645751953,49.85255373889294,-2.8849647885795093,2127.63720703125,2099.44677734375,2089.503173828125
2021-07-06,2104.612165228311,2132.754018020913,2079.125213102854,2089.020751953125,41073.0,2101.764013671875,2083.4307250976562,2112.5998107910154,47.567884981359725,-3.682969213315573,2103.212158203125,2127.63720703125,2099.44677734375
2021-07-07,2090.806625030195,2104.6121555756063,2073.7187661359644,2098.38525390625,71719.0,2103.5404296875,2087.4613403320313,2110.018280029297,49.221593029084836,-3.519189399245988,2089.020751953125,2103.212158203125,2127.63720703125
2021-07-08,2104.515379522601,2119.093290974271,2095.923250435145,2112.721435546875,33583.0,2106.195361328125,2096.319055175781,2108.1368103027344,51.731506234792306,-2.2071401331390916,2098.38525390625,2089.020751953125,2103.212158203125
2021-07-09,2112.335025381855,2112.335025381855,2080.476224724816,2090.80615234375,30283.0,2098.829150390625,2101.7302001953126,2104.934454345703,47.83874567640903,-2.9022564322149265,2112.721435546875,2098.38525390625,2089.020751953125
2021-07-12,2133.5747773124444,2133.5747773124444,2047.652535149183,2058.0791015625,69766.0,2089.8025390625,2096.57490234375,2098.9031677246094,42.67440897798167,-6.024493977491147,2090.80615234375,2112.721435546875,2098.38525390625
2021-07-13,2074.68434668943,2086.269368634648,2071.015709267203,2078.835693359375,37419.0,2087.76552734375,2094.7647705078125,2094.072540283203,46.61100094028762,-6.746239785834405,2058.0791015625,2090.80615234375,2112.721435546875
2021-07-14,2090.130573934357,2093.992247050171,2071.78762663424,2074.780517578125,44558.0,2083.044580078125,2093.2925048828124,2089.5157165527344,45.94715273136785,-7.558319728928382,2078.835693359375,2058.0791015625,2090.80615234375
2021-07-15,2074.780395563997,2085.1586414524218,2051.610358231702,2062.181640625,38136.0,2072.93662109375,2089.5659912109377,2084.379229736328,43.85723844866911,-9.113468618166735,2074.780517578125,2078.835693359375,2058.0791015625
2021-07-16,2065.995111110041,2072.5116844745235,2051.610473073497,2055.423828125,88414.0,2065.86015625,2082.3446533203123,2082.540106201172,42.73442722767543,-10.767117678189607,2062.181640625,2074.780517578125,2078.835693359375
2021-07-19,2048.617922778189,2055.1828152876446,1991.6099169486777,2036.0191650390625,117361.0,2061.4481689453123,2075.625354003906,2079.351843261719,39.599417371579506,-13.487959806963772,2055.423828125,2062.181640625,2074.780517578125
2021-07-20,2032.2056739321667,2054.6033330326104,2004.884286853272,2030.4195556640625,69491.0,2051.76494140625,2069.765234375,2076.597979736328,38.716751683010216,-15.912657267605027,2036.0191650390625,2055.423828125,2062.181640625
2021-07-22,2033.1712948197237,2071.739715499736,2021.924263939968,2027.089111328125,92802.0,2042.22666015625,2062.6356201171875,2075.048480224609,38.171773746218044,-17.896684657952846,2030.4195556640625,2036.0191650390625,2055.423828125
2021-07-23,2027.3783670994992,2047.9901414441388,2017.7241843990253,2028.7298583984373,44333.0,2035.5363037109375,2054.236462402344,2075.2777587890623,38.630084108724716,-19.116285443551533,2027.089111328125,2030.4195556640625,2036.0191650390625
2021-07-26,2028.3440243683929,2043.597681972037,2017.7244221465687,2023.130859375,63478.0,2029.0777099609375,2047.4689331054688,2074.5995666503904,37.605660570350295,-20.30060751455312,2028.7298583984373,2027.089111328125,2030.4195556640625
2021-07-27,2017.7725171978163,2032.205473300936,2017.7725171978163,2026.123291015625,59703.0,2027.09853515625,2044.2733520507813,2070.4241271972655,38.543695193485206,-20.758436726888704,2023.130859375,2028.7298583984373,2027.089111328125
2021-07-28,2026.123242051753,2026.123242051753,1998.41578530806,2012.2213134765625,54615.0,2023.45888671875,2037.6119140625,2066.188342285156,35.84739463262473,-21.989561107454392,2026.123291015625,2023.130859375,2028.7298583984373
2021-07-29,2012.2214353752556,2017.7242726155496,1975.4872214543395,2007.2493896484373,53087.0,2019.4909423828126,2030.8588012695313,2062.075653076172,34.90689476689185,-23.100144661337936,2012.2213134765625,2026.123291015625,2023.130859375
2021-07-30,2023.2753118893145,2075.64925232591,1998.850182850288,2027.4749755859373,56776.0,2019.2399658203126,2027.388134765625,2058.4770629882814,41.6172708727629,-22.093573414678986,2007.2493896484373,2012.2213134765625,2026.123291015625
2021-08-02,2065.995002668081,2092.930076881686,2037.0324559017056,2043.7420654296875,93939.0,2023.36220703125,2026.2199584960938,2054.282305908203,46.402976497992704,-19.755511015491493,2027.4749755859373,2007.2493896484373,2012.2213134765625
2021-08-03,2061.8437021593104,2061.8437021593104,2008.069952962334,2023.3236083984373,52906.0,2022.8022705078124,2024.9504028320312,2050.287878417969,41.77418793260087,-19.32738449992553,2043.7420654296875,2027.4749755859373,2007.2493896484373
2021-08-04,2019.655400158416,2027.2821116446871,1988.7620097162223,2003.8226318359373,104636.0,2021.1225341796871,2022.2907104492188,2046.0279724121094,37.887046207952174,-20.32733610667674,2023.3236083984373,2043.7420654296875,2027.4749755859373
2021-08-05,2017.724416604771,2120.0587650067355,1983.838137147246,2086.462158203125,253721.0,2036.965087890625,2028.2280151367188,2045.431817626953,56.40147441669272,-14.28679653160134,2003.8226318359373,2023.3236083984373,2043.7420654296875
2021-08-06,2061.2647140420454,2083.227980446245,2027.3784373107208,2042.9698486328125,88309.0,2040.0640625,2029.6520141601563,2041.94423828125,48.250022420023036,-12.86083954783112,2086.462158203125,2003.8226318359373,2023.3236083984373
2021-08-09,2051.5138752844123,2051.5138752844123,2008.070052043095,2022.696044921875,20342.0,2035.8548583984375,2029.6085327148437,2038.5387329101563,44.98616667077649,-13.214357995632326,2042.9698486328125,2086.462158203125,2003.8226318359373
2021-08-10,2017.7241437863183,2032.7847627750452,1980.6038591897168,2005.7530517578125,71834.0,2032.3407470703125,2027.5715087890626,2035.922430419922,42.40458518647856,-14.6923179664484,2022.696044921875,2042.9698486328125,2086.462158203125
2021-08-11,1988.7617117625457,1998.415894829354,1919.2999117364243,1953.86181640625,71311.0,2022.348583984375,2021.7355590820312,2029.6737365722656,35.65580016355912,-19.822301755486478,2005.7530517578125,2022.696044921875,2042.9698486328125
2021-08-12,1979.107772084134,1979.107772084134,1946.2835456202995,1970.274169921875,42847.0,1999.110986328125,2018.038037109375,2024.448419189453,38.96449601212961,-22.306377073224667,1953.86181640625,2005.7530517578125,2022.696044921875
2021-08-13,1979.1076135527403,1980.9418141349463,1946.862617157268,1969.30859375,35931.0,1984.3787353515625,2012.2213989257812,2019.8047668457032,38.837962884006565,-24.075412221081024,1970.274169921875,1953.86181640625,2005.7530517578125
2021-08-16,1930.9332144140385,1985.6725054592143,1893.185380574109,1969.30859375,193663.0,1973.7012451171875,2004.7780517578126,2015.499005126953,38.837962884006565,-25.187044747508935,1969.30859375,1970.274169921875,1953.86181640625
2021-08-17,1964.626305651129,1969.4533973112052,1914.4245523863333,1919.68603515625,236934.0,1956.487841796875,1994.4142944335938,2009.6823486328126,32.53982244593702,-29.729444765749804,1969.30859375,1969.30859375,1970.274169921875
2021-08-18,1921.182383895169,1929.919466499182,1906.9424642155443,1918.8653564453125,63643.0,1949.4885498046874,1985.9185668945313,2004.104638671875,32.44611000887019,-33.01497533515021,1919.68603515625,1969.30859375,1969.30859375
2021-08-20,1916.9346609023933,1917.3208518139324,1882.565791055976,1910.997314453125,124872.0,1937.6331787109375,1968.3720825195312,1998.300048828125,31.50920055195364,-35.8405200104371,1918.8653564453125,1919.68603515625,1969.30859375
2021-08-23,1924.07875439148,1924.07875439148,1839.8460041051492,1892.4613037109373,118160.0,1922.263720703125,1953.3212280273438,1991.48662109375,29.358392999573354,-39.12448299175753,1910.997314453125,1918.8653564453125,1919.68603515625
2021-08-24,1892.2199437828524,1962.019736807879,1882.6140784527056,1953.1378173828125,49749.0,1919.0295654296874,1946.3654052734375,1987.9869689941406,43.05997850578704,-36.4112337184913,1892.4613037109373,1910.997314453125,1918.8653564453125
2021-08-25,1963.8537534079776,1969.453226387269,1931.801914706336,1957.6751708984373,47309.0,1926.627392578125,1941.5576171875,1984.5645629882813,43.93569470137021,-33.508571657352604,1953.1378173828125,1892.4613037109373,1910.997314453125
2021-08-26,1964.626231580826,1979.107506015083,1945.3661837228296,1962.3092041015625,64661.0,1935.316162109375,1942.4023559570312,1982.0689575195313,44.868279871060956,-30.482875694019185,1957.6751708984373,1953.1378173828125,1892.4613037109373
2021-08-27,1962.3093279973884,2024.4822937303752,1954.0550717580545,2017.724365234375,69857.0,1956.661572265625,1947.1473754882813,1982.592706298828,54.59487941294491,-23.344350325325422,1962.3092041015625,1957.6751708984373,1953.1378173828125
2021-08-30,2027.3785832384372,2106.3498532870085,2017.7243995087304,2066.47802734375,144187.0,1991.4649169921875,1956.8643188476562,1984.5428588867187,61.09765286215837,-13.59627506391621,2017.724365234375,1962.3092041015625,1957.6751708984373
2021-08-31,2058.320211557567,2133.574523751216,2051.6586836167457,2109.680419921875,132336.0,2022.7734375,1970.9015014648437,1987.839776611328,65.77521682695037,-2.357606148444347,2066.47802734375,2017.724365234375,1962.3092041015625
2021-09-01,2078.5455258003094,2104.467100510342,2042.8733680265796,2067.6845703125,110458.0,2044.7753173828125,1985.7013549804688,1990.0578247070312,58.421605461848436,3.1243898267296117,2109.680419921875,2066.47802734375,2017.724365234375
2021-09-02,2073.718497899956,2087.3309901401617,2056.3409685879456,2078.97998046875,29441.0,2068.10947265625,2001.7128173828125,1993.815692138672,59.72580944764217,8.284853696361779,2067.6845703125,2109.680419921875,2066.47802734375
2021-09-03,2078.9799378055413,2103.6464218790243,2061.7473630101263,2080.0419921875,71380.0,2080.572998046875,2018.61728515625,1993.4946838378905,59.853318040060415,12.318256766129252,2078.97998046875,2067.6845703125,2109.680419921875
2021-09-06,2093.992335175989,2093.992335175989,2035.1018176814127,2065.609130859375,73020.0,2080.39921875,2035.9320678710938,1994.6266479492188,57.20275936123315,14.18661203659667,2080.0419921875,2078.97998046875,2067.6845703125
2021-09-07,2065.9950466900887,2075.9389017646554,2019.2688978571584,2039.446044921875,85628.0,2066.35234375,2044.562890625,1995.4641479492188,52.651021855386496,13.40166857500708,2065.609130859375,2080.0419921875,2078.97998046875
2021-09-08,2054.651388336326,2075.6492352510754,2030.7089686227043,2067.0087890625,58645.0,2066.2171875,2055.4962524414063,1998.5269348144532,56.57161750254451,14.832696237971277,2039.446044921875,2065.609130859375,2080.0419921875
2021-09-09,2062.13349378896,2086.268951347351,2033.2675808282545,2072.56005859375,44356.0,2064.933203125,2066.521337890625,2004.461846923828,57.33781214386898,16.227674497909675,2067.0087890625,2039.446044921875,2065.609130859375
2021-09-13,2075.649891449962,2093.027425424892,2037.033149283451,2066.237060546875,47672.0,2062.172216796875,2071.372607421875,2009.259991455078,56.12323920225504,16.631276714943397,2072.56005859375,2067.0087890625,2039.446044921875
2021-09-14,2084.1932518489507,2094.8609347922634,2058.271677948384,2072.80126953125,53226.0,2063.61064453125,2072.004931640625,2014.4346252441405,57.13830880397718,17.281599661914697,2066.237060546875,2072.56005859375,2067.0087890625
2021-09-15,2087.861696030774,2191.499440040448,2070.8221580998943,2180.783203125,240501.0,2091.878076171875,2079.1152099609376,2025.0083557128905,69.59819380765687,26.208114056200884,2072.80126953125,2066.237060546875,2072.56005859375
2021-09-16,2191.499494702326,2239.7704086825534,2180.879893626676,2223.116943359375,689900.0,2123.09970703125,2094.658447265625,2040.1799011230469,72.9216308737412,36.28020445154698,2180.783203125,2072.80126953125,2066.237060546875
2021-09-17,2244.5974743959864,2278.387113795496,2138.9324920419413,2170.8876953125,154575.0,2142.765234375,2103.84921875,2052.7810180664064,63.67341363127498,39.59155800026929,2223.116943359375,2180.783203125,2072.80126953125
2021-09-20,2167.8468233820563,2180.686934093647,2114.7488161293227,2162.923095703125,51421.0,2162.10244140625,2112.1373291015625,2065.377307128906,62.37431449562777,41.09938479467064,2170.8876953125,2223.116943359375,2180.783203125
2021-09-21,2144.1940336029515,2171.274063922419,2076.9044255682143,2151.676025390625,89728.0,2177.877392578125,2120.7440185546875,2078.3380432128906,60.4972468814429,40.915159326100365,2162.923095703125,2170.8876953125,2223.116943359375
2021-09-22,2170.357268078666,2170.357268078666,2096.5027581388663,2152.979736328125,144641.0,2172.31669921875,2132.0973876953126,2088.3301391601562,60.64508949872638,40.40855324373206,2151.676025390625,2162.923095703125,2170.8876953125
2021-09-23,2162.5851108462543,2184.3070205953227,2129.471219067002,2172.335693359375,45738.0,2162.16044921875,2142.630078125,2099.063165283203,62.86711478354805,41.095208261534935,2152.979736328125,2151.676025390625,2162.923095703125
2021-09-24,2191.499591479765,2195.3612647687164,2167.3641334238205,2183.486572265625,45795.0,2164.680224609375,2153.7227294921877,2110.122033691406,64.12382552888073,42.0543931795537,2172.335693359375,2152.979736328125,2151.676025390625
2021-09-27,2202.505167792204,2261.3956828208497,2177.5492466946603,2235.426025390625,72527.0,2179.180810546875,2170.6416259765624,2121.007116699219,69.3304575670534,46.46995718877588,2183.486572265625,2172.335693359375,2152.979736328125
2021-09-28,2249.231765285929,2255.555302748212,2203.4227107746933,2226.54443359375,52995.0,2194.1544921875,2186.0159423828127,2129.0104370117188,67.52578458043351,48.691369449370086,2235.426025390625,2183.486572265625,2172.335693359375
2021-09-29,2197.3403917807977,2247.300789327066,2186.6724723149277,2237.35693359375,32289.0,2211.029931640625,2191.6733154296876,2135.3942626953126,68.59745034540398,50.73944037206502,2226.54443359375,2235.426025390625,2183.486572265625
2021-09-30,2237.405029033594,2278.3869850790347,2220.4135741877803,2253.817138671875,629428.0,2227.326220703125,2194.7433349609373,2144.700891113281,70.20919674201309,53.078891894686876,2237.35693359375,2226.54443359375,2235.426025390625
2021-10-01,2260.1408421111933,2260.1408421111933,2220.413738250361,2241.315185546875,156197.0,2238.891943359375,2201.786083984375,2152.8176513671874,67.38045659453135,53.3096010503632,2253.817138671875,2237.35693359375,2226.54443359375
2021-10-04,2257.14781064531,2337.277523341444,2232.722682406806,2325.40283203125,160957.0,2256.8873046875,2218.0340576171875,2165.085693359375,74.74945970311705,59.590685708972615,2241.315185546875,2253.817138671875,2237.35693359375
2021-10-05,2344.71175521186,2481.1254300832466,2336.31266179045,2429.958251953125,186231.0,2297.570068359375,2245.8622802734376,2183.3031494140623,80.61383549672448,72.17327059813033,2325.40283203125,2241.315185546875,2253.817138671875
2021-10-06,2442.0259435326366,2461.817021549011,2374.639689293409,2441.01220703125,86430.0,2338.301123046875,2274.66552734375,2203.381457519531,81.11325339070112,82.09073072437923,2429.958251953125,2325.40283203125,2241.315185546875
2021-10-07,2441.543026075637,2470.9399679214403,2408.139456627573,2442.26708984375,61371.0,2375.99111328125,2301.6586669921876,2222.1443725585937,81.17255054538414,89.0254182758631,2441.01220703125,2429.958251953125,2325.40283203125
2021-10-08,2457.9552165427453,2583.942316212356,2443.0878676424823,2522.203857421875,102396.0,2432.16884765625,2335.5303955078125,2244.6265625,84.50899810319434,99.82076555717958,2442.26708984375,2441.01220703125,2429.958251953125
2021-10-11,2529.3962722336164,2552.8559870889426,2477.746386521976,2515.397705078125,43025.0,2470.167822265625,2363.5275634765626,2267.0845947265625,83.1577493509256,106.59815921674726,2522.203857421875,2442.26708984375,2441.01220703125
2021-10-12,2510.0878595618265,2548.7045958627778,2477.74634290978,2488.89697265625,39907.0,2481.95556640625,2389.7628173828125,2287.8893798828126,77.93267098188652,108.57927064609703,2515.397705078125,2522.203857421875,2442.26708984375
2021-10-13,2478.229035180016,2509.894805869997,2428.7996601921154,2463.651123046875,107537.0,2486.483349609375,2412.392236328125,2302.0327758789062,73.2131699010033,106.88013894075311,2488.89697265625,2515.397705078125,2522.203857421875
2021-10-14,2452.886874998047,2586.114618282404,2443.715399916877,2489.041748046875,154504.0,2495.83828125,2435.914697265625,2315.3290161132813,74.86199796162863,106.356366078267,2463.651123046875,2488.89697265625,2515.397705078125
2021-10-18,2543.877142625524,2562.5097623846978,2451.8244162593583,2506.225830078125,83696.0,2492.64267578125,2462.40576171875,2332.0959228515626,75.94134955802318,106.1047743272079,2489.041748046875,2463.651123046875,2488.89697265625
2021-10-19,2508.1569553300437,2600.74048384388,2472.484793270442,2502.2197265625,122318.0,2490.007080078125,2480.087451171875,2349.060754394531,75.13144390617343,104.3789118563027,2506.225830078125,2489.041748046875,2463.651123046875
2021-10-20,2504.294959208947,2504.294959208947,2326.6579998818665,2354.317138671875,107226.0,2463.09111328125,2472.52333984375,2359.1928100585938,52.75981262909794,90.0387400960135,2502.2197265625,2506.225830078125,2489.041748046875
2021-10-21,2331.485143100538,2345.966417281287,2187.2034284859096,2247.735107421875,343086.0,2419.90791015625,2453.1956298828127,2363.9305786132813,42.85640679807942,69.27520998358159,2354.317138671875,2502.2197265625,2506.225830078125
2021-10-22,2272.980626059202,2345.531948727222,2225.771768068304,2286.255126953125,145184.0,2379.3505859375,2437.59443359375,2369.6265502929687,46.74697308574613,55.29084794945584,2247.735107421875,2354.317138671875,2502.2197265625
2021-10-25,2360.4479421368083,2460.851453785981,2254.058883663504,2276.45654296875,63096.0,2333.396728515625,2413.0197021484373,2374.275048828125,45.8910499376359,42.92269039177836,2286.255126953125,2247.735107421875,2354.317138671875
2021-10-26,2261.0100533271234,2288.621115806593,2231.468153910568,2261.106689453125,68306.0,2285.17412109375,2387.5906005859374,2375.55908203125,44.515986058830386,31.51890125113414,2276.45654296875,2286.255126953125,2247.735107421875
2021-10-27,2268.6847657151484,2268.6847657151484,2196.423344869897,2206.415283203125,39503.0,2255.59375,2359.342431640625,2374.552624511719,39.92563168470349,17.862271639505707,2261.106689453125,2276.45654296875,2286.255126953125
2021-10-28,2205.981170063814,2234.895405656587,2167.3644318570077,2188.893310546875,35257.0,2243.825390625,2331.866650390625,2372.129443359375,38.55396723832594,5.56131020323528,2206.415283203125,2261.106689453125,2276.45654296875
2021-10-29,2154.239237009034,2298.9522300141343,2154.239237009034,2254.376708984375,80392.0,2237.44970703125,2308.400146484375,2372.157421875,46.018066661343774,1.084174933898339,2188.893310546875,2206.415283203125,2261.106689453125
2021-11-01,2287.820643760584,2322.183932465259,2206.2198855718766,2250.79541015625,56253.0,2232.31748046875,2282.8571044921873,2372.6314331054687,45.691170451917785,-2.7215950546792556,2254.376708984375,2188.893310546875,2206.415283203125
2021-11-02,2265.0727303651565,2291.595282336736,2228.289497991705,2257.861328125,89185.0,2231.668408203125,2258.4212646484375,2369.254357910156,46.49870026046579,-5.108645378084475,2250.79541015625,2254.376708984375,2188.893310546875
2021-11-03,2277.317749976369,2291.1599094023745,2236.0335029894204,2283.609619140625,181746.0,2247.107275390625,2251.3505126953123,2361.9369262695313,49.44846235729938,-4.866628594570557,2257.861328125,2250.79541015625,2254.376708984375
2021-11-04,2298.951959122685,2313.4716557066176,2284.432262538752,2299.1455078125,6734.0,2269.15771484375,2256.491552734375,2354.8435913085937,51.19687005119224,-3.3822240001054524,2283.609619140625,2257.861328125,2250.79541015625
2021-11-08,2323.151963743038,2323.151963743038,2274.9949594946142,2285.787841796875,44611.0,2275.43994140625,2256.44482421875,2347.01962890625,49.6081742563145,-3.2462538831800885,2299.1455078125,2283.609619140625,2257.861328125
2021-11-09,2302.291874813268,2390.9104868853447,2279.108802174714,2373.583740234375,112360.0,2299.997607421875,2266.1575439453127,2339.588623046875,58.68327671347422,3.90093117077231,2285.787841796875,2299.1455078125,2283.609619140625
2021-11-10,2386.4577799373205,2412.73857853818,2325.8139279121697,2350.013427734375,79916.0,2318.42802734375,2275.0482177734375,2331.3194091796877,55.779000183448424,7.575869675483773,2373.583740234375,2285.787841796875,2299.1455078125
2021-11-11,2351.1264070637853,2351.1264070637853,2237.969645388116,2263.2822265625,162036.0,2314.362548828125,2280.734912109375,2320.038671875,46.63334396587476,3.450032003920114,2350.013427734375,2373.583740234375,2285.787841796875
2021-11-12,2287.869141647353,2297.161607712805,2199.4440754559982,2225.385986328125,356527.0,2299.61064453125,2284.3841796875,2308.1254150390623,43.293170756557906,-2.844840401373858,2263.2822265625,2350.013427734375,2373.583740234375
2021-11-15,2238.502277349114,2255.345035429906,2173.115178715972,2223.256591796875,112950.0,2287.10439453125,2281.27216796875,2294.8361572265626,43.10633575937942,-7.914166887770989,2225.385986328125,2263.2822265625,2350.013427734375
2021-11-16,2221.5140892827712,2234.339824220896,2178.4874257549927,2202.396484375,286312.0,2252.866943359375,2276.432275390625,2279.6446899414063,41.229228318462575,-13.459725645664093,2223.256591796875,2225.385986328125,2263.2822265625
2021-11-17,2206.6075078621434,2215.803318717847,2176.019242486497,2186.763916015625,312917.0,2220.217041015625,2269.3225341796874,2263.8718994140627,39.82947630973769,-18.89819194167694,2202.396484375,2223.256591796875,2225.385986328125
2021-11-18,2188.602988690864,2196.782373206148,2129.556203060549,2162.031982421875,89949.0,2199.9669921875,2257.1647705078126,2254.2576416015627,37.651559528757346,-24.916652352679193,2186.763916015625,2202.396484375,2223.256591796875
2021-11-22,2177.9548289453246,2177.9548289453246,2047.422641667912,2110.002685546875,218493.0,2176.89033203125,2238.25048828125,2247.3710205078123,33.50131991340167,-33.49850510514352,2162.031982421875,2186.763916015625,2202.396484375
2021-11-23,2092.7724968204943,2121.279456970913,2060.054729670314,2081.15673828125,107464.0,2148.470361328125,2217.7873779296874,2237.116101074219,31.432643151114988,-42.14153077450146,2110.002685546875,2162.031982421875,2186.763916015625
2021-11-24,2104.6304992856976,2126.99093164804,2070.557650804752,2099.209716796875,225884.0,2127.8330078125,2190.3499755859375,2228.253759765625,34.17225138821664,-46.99276307517948,2081.15673828125,2110.002685546875,2162.031982421875
2021-11-25,2114.407057715295,2140.155182096995,2083.1412586659508,2116.343017578125,212717.0,2113.748828125,2166.9829345703124,2221.015576171875,36.75495413195097,-48.891297002559895,2099.209716796875,2081.15673828125,2110.002685546875
2021-11-26,2116.3433166375244,2116.3433166375244,2043.454370237442,2053.1826171875,31167.0,2091.978955078125,2145.9729736328127,2213.3539428710938,31.80156513374203,-54.86002307936042,2116.343017578125,2099.209716796875,2081.15673828125
2021-11-29,2052.117638221154,2119.876239483173,1987.5049720177285,2088.90087890625,113708.0,2087.75859375,2132.324462890625,2208.3543212890627,36.97445557110416,-56.061869947388004,2053.1826171875,2116.343017578125,2099.209716796875
2021-11-30,2088.900526921333,2110.147637472226,1984.3587025897743,2099.015869140625,150212.0,2091.330419921875,2119.900390625,2200.586279296875,38.399418352524975,-55.55771234726126,2088.90087890625,2053.1826171875,2116.343017578125
2021-12-01,2148.915709042117,2278.3830406116595,2099.451834002882,2241.40625,145675.0,2119.7697265625,2123.8013671875,2200.1168212890625,54.123817360140826,-43.17080393277001,2099.015869140625,2088.90087890625,2053.1826171875
2021-12-02,2274.752700316333,2386.070385650962,2231.1451597966907,2320.92529296875,229994.0,2160.686181640625,2137.2175048828126,2203.27001953125,60.229393273863,-26.63058674518834,2241.40625,2099.015869140625,2088.90087890625
2021-12-03,2304.7602918142884,2329.4922271326327,2241.3576042402287,2255.828857421875,55294.0,2201.2154296875,2146.5971923828124,2201.8809814453125,53.904735520627746,-18.561122704581067,2320.92529296875,2241.40625,2099.015869140625
2021-12-06,2273.8334272306506,2279.5928608671325,2193.491088609856,2229.98388671875,60461.0,2229.43203125,2158.5953125,2198.422900390625,51.58848855167373,-14.089077341908705,2255.828857421875,2320.92529296875,2241.40625
2021-12-07,2255.393279242859,2267.009038620934,2208.0107080444413,2255.29638671875,55087.0,2260.688134765625,2176.00927734375,2196.898327636719,53.687430842286524,-8.405548042471764,2229.98388671875,2255.828857421875,2320.92529296875
2021-12-08,2273.784704134611,2367.8238535417586,2258.732569960947,2314.5849609375,113714.0,2275.323876953125,2197.5468017578123,2193.948388671875,58.253027022897925,0.8727221217450278,2255.29638671875,2229.98388671875,2255.828857421875
2021-12-09,2316.376051369841,2326.733389708896,2242.809574184673,2255.828857421875,135341.0,2262.30458984375,2211.4953857421874,2189.23916015625,52.70755917575354,3.4449799799649554,2314.5849609375,2255.29638671875,2229.98388671875
2021-12-10,2267.4927969212017,2337.7197822505746,2248.859184822704,2298.0810546875,62783.0,2270.755029296875,2235.9852294921875,2190.9791015625,55.95469399251883,8.791568340443519,2255.828857421875,2314.5849609375,2255.29638671875
2021-12-13,2328.378693941612,2328.378693941612,2256.361085859175,2268.94482421875,102056.0,2278.547216796875,2253.9896240234375,2193.1570434570312,53.24003268420859,10.556044330885015,2298.0810546875,2255.828857421875,2314.5849609375
2021-12-14,2255.3932566221447,2327.8466495454986,2243.2450611297704,2265.7021484375,195503.0,2280.628369140625,2270.658251953125,2195.2793212890624,52.93224284982599,11.55949674733165,2268.94482421875,2298.0810546875,2255.828857421875
2021-12-15,2278.285961421219,2321.2159676117217,2236.0337302681723,2262.169189453125,192851.0,2270.14521484375,2272.7345458984373,2198.267956542969,52.575611071970485,11.932113772890261,2265.7021484375,2268.94482421875,2298.0810546875
2021-12-16,2288.7887734245323,2288.7887734245323,2211.834361292052,2239.56689453125,42552.0,2266.892822265625,2264.5987060546877,2200.90810546875,50.24335106485355,10.285039610851982,2262.169189453125,2265.7021484375,2268.94482421875
2021-12-17,2251.3281388523733,2251.3281388523733,2198.9603214944086,2211.931396484375,47884.0,2249.662890625,2260.2089599609376,2203.403076171875,47.470564300727766,6.672847307956545,2239.56689453125,2262.169189453125,2265.7021484375
2021-12-20,2209.9465596354003,2211.834073177188,2085.996686081768,2105.211181640625,144368.0,2216.916162109375,2247.731689453125,2203.1635009765623,38.60933002840296,-4.746555222394363,2211.931396484375,2239.56689453125,2262.169189453125
2021-12-21,2083.09322401342,2342.5118968924144,2083.09322401342,2127.8623046875,44931.0,2189.348193359375,2234.98828125,2205.498779296875,41.12152925436245,-11.832361574657625,2105.211181640625,2211.931396484375,2239.56689453125
2021-12-22,2146.7859926136966,2183.1336872080647,2131.975852029617,2156.804443359375,40632.0,2168.275244140625,2219.2102294921874,2208.378515625,44.26017889447221,-14.9403029358009,2127.8623046875,2105.211181640625,2211.931396484375
2021-12-23,2176.018918454404,2204.913214369755,2137.9772593146427,2164.258056640625,42799.0,2153.2134765625,2210.0531494140623,2210.774267578125,45.072259192295896,-16.6104496329408,2156.804443359375,2127.8623046875,2105.211181640625
2021-12-24,2165.3712561555026,2165.3712561555026,2131.0564124810758,2147.899169921875,16026.0,2140.40703125,2195.0349609375,2215.5100952148437,43.571845794342366,-19.034658668002976,2164.258056640625,2156.804443359375,2127.8623046875
2021-12-27,2159.1761980015813,2176.5998373194784,2129.652809157367,2140.05859375,16632.0,2147.376513671875,2182.146337890625,2218.067980957031,42.835829041283034,-21.34250762179954,2147.899169921875,2164.258056640625,2156.804443359375
2021-12-28,2144.317521598839,2157.8207942422423,2134.395727401169,2139.33251953125,35484.0,2149.670556640625,2169.509375,2220.0838134765627,42.76378872046052,-22.965352379440446,2140.05859375,2147.899169921875,2164.258056640625
2021-12-29,2139.2354842464715,2182.794577817101,2133.5244976187164,2156.030029296875,76664.0,2149.515673828125,2158.895458984375,2215.8150024414062,45.052402675788414,-22.643103448944657,2139.33251953125,2140.05859375,2147.899169921875
2021-12-30,2124.715759055762,2170.210811755362,2105.307715905441,2158.449951171875,60840.0,2148.354052734375,2150.7837646484377,2207.6912353515627,45.39318950136413,-21.93954594985007,2156.030029296875,2139.33251953125,2140.05859375
2021-12-31,2157.627524352721,2169.775721204912,2117.940342433268,2157.482421875,131320.0,2150.270703125,2145.3388671875,2202.7739135742186,45.272292913591926,-21.21548419561077,2158.449951171875,2156.030029296875,2139.33251953125
2022-01-03,2173.11507588541,2174.9541433357053,2116.972236508415,2158.740478515625,31251.0,2154.007080078125,2150.691796875,2199.2117431640627,45.47563847006431,-20.306069651064718,2157.482421875,2158.449951171875,2156.030029296875
2022-01-04,2186.66667492806,2196.3464742858646,2141.704054175703,2154.96533203125,24864.0,2157.133642578125,2153.402099609375,2194.1951904296875,44.936077053776636,-19.663308463623252,2158.740478515625,2157.482421875,2158.449951171875
2022-01-05,2182.7945458291897,2187.5375525303134,2153.7551505409965,2163.0478515625,222566.0,2158.53720703125,2154.0264404296877,2186.6183349609373,46.40231925931604,-18.290877958563215,2154.96533203125,2158.740478515625,2157.482421875
2022-01-06,2154.2391678025183,2168.274875703276,2121.811842652492,2130.862548828125,108125.0,2153.0197265625,2150.6868896484375,2180.37001953125,41.64662526759598,-19.574657376901996,2163.0478515625,2154.96533203125,2158.740478515625
2022-01-07,2119.876013199735,2141.994448779989,2107.292274308595,2125.87744140625,44125.0,2146.69873046875,2148.484716796875,2171.7598388671877,40.94663177424587,-20.75506683088497,2130.862548828125,2163.0478515625,2154.96533203125
2022-01-10,2137.10610316461,2153.5133154558607,2117.068966192852,2127.958740234375,22365.0,2140.5423828125,2147.2747314453127,2164.7105346679687,41.3895604199264,-21.277334538390278,2125.87744140625,2130.862548828125,2163.0478515625
2022-01-11,2139.138369147723,2205.154777593016,2129.555464088597,2182.939453125,69207.0,2146.13720703125,2151.6354248046873,2160.572399902344,51.69647213556078,-17.058116078198964,2127.958740234375,2125.87744140625,2130.862548828125
2022-01-12,2201.1866143656853,2219.7233376310646,2173.1636394289785,2194.7978515625,101260.0,2152.48720703125,2155.51220703125,2157.2038330078126,53.59206966101253,-12.612096998097968,2182.939453125,2127.958740234375,2125.87744140625
2022-01-13,2202.154064335541,2202.154064335541,2160.1438351759566,2176.212158203125,323250.0,2161.55712890625,2157.288427734375,2154.036096191406,50.26278274467352,-10.467640528133416,2194.7978515625,2182.939453125,2127.958740234375
2022-01-14,2177.954675674275,2177.954675674275,2144.0753807193423,2148.479736328125,111077.0,2166.077587890625,2156.3881591796876,2150.8635131835936,45.70066081152357,-10.880494434535194,2176.212158203125,2194.7978515625,2182.939453125
2022-01-17,2178.922721616255,2263.1369716298555,2158.7402464802617,2224.17578125,161024.0,2185.32099609375,2162.931689453125,2156.8117431640626,57.13670835610048,-5.041530299805345,2148.479736328125,2176.212158203125,2194.7978515625
2022-01-18,2234.630067932172,2250.4563976627524,2188.602575958623,2196.685302734375,82333.0,2188.070166015625,2167.1036865234373,2160.252893066406,52.78846135631282,-2.6023626080323083,2224.17578125,2148.479736328125,2176.212158203125
2022-01-19,2209.2691909261257,2227.273476670897,2175.970537985317,2193.007080078125,42436.0,2187.71201171875,2170.099609375,2162.063024902344,52.21587375773204,-0.955096706907625,2196.685302734375,2224.17578125,2148.479736328125
2022-01-20,2204.961449848673,2221.3688991808467,2178.9228835307963,2189.522216796875,25387.0,2190.3740234375,2175.965576171875,2163.3262329101562,51.64431892525065,0.06838573685854499,2193.007080078125,2196.685302734375,2224.17578125
2022-01-21,2192.4747059805504,2206.413523489275,2159.611832155557,2165.9521484375,37849.0,2193.868505859375,2179.973046875,2164.2288818359375,47.83082544540936,-1.010753251672213,2189.522216796875,2193.007080078125,2196.685302734375
2022-01-24,2177.373708490544,2195.668668848112,2013.398021819699,2061.845458984375,176153.0,2161.40244140625,2173.36171875,2160.318225097656,35.397749575146534,-10.149521096477656,2165.9521484375,2189.522216796875,2193.007080078125
2022-01-25,2013.398288875641,2018.2381886085152,1942.7357527756787,1982.2777099609373,342630.0,2118.5209228515623,2153.295544433594,2152.4654846191406,29.15913135356915,-23.541145157993014,2061.845458984375,2165.9521484375,2189.522216796875
2022-01-27,1984.3588072117436,2030.821842697677,1900.2897760117048,1987.020751953125,152471.0,2077.3236572265623,2132.5178344726564,2144.015020751953,29.9516603911389,-33.38652082894305,1982.2777099609373,2061.845458984375,2165.9521484375
2022-01-28,2060.8293643125307,2068.476311576599,1998.8786459865555,2022.7392578125,77406.0,2043.9670654296874,2117.170544433594,2137.2294860839843,35.778496114330466,-37.870321575760954,1987.020751953125,1982.2777099609373,2061.845458984375
2022-01-31,2005.0253026241096,2061.1681380065893,2005.0253026241096,2032.4189453125,49497.0,2017.2604248046875,2105.5644653320314,2130.9763122558593,37.300623115217,-40.179531459156806,2022.7392578125,1987.020751953125,1982.2777099609373
2022-02-01,2070.944645698493,2080.7697839324383,2017.7057487329305,2069.49267578125,29730.0,2018.7898681640625,2090.096154785156,2126.5139221191407,42.8842447041345,-38.57340649896378,2032.4189453125,2022.7392578125,1987.020751953125
2022-02-02,2090.836481948188,2094.127518918268,2009.8166155373367,2025.6429443359373,199459.0,2027.4629150390624,2072.9919189453126,2120.0478027343747,38.515346774287664,-40.373447782210405,2069.49267578125,2032.4189453125,2022.7392578125
2022-02-03,2036.3395256516403,2050.423682240781,1934.6048489400464,1950.092529296875,405647.0,2020.0772705078125,2048.7004638671874,2109.4000366210935,32.39226511716393,-47.350454001178605,2025.6429443359373,2069.49267578125,2032.4189453125
2022-02-04,1971.5814871282512,1973.662549362372,1940.7512331038472,1951.689453125,117900.0,2005.8673095703125,2024.9171875,2100.441381835937,32.636043871297886,-52.14977316648947,1950.092529296875,2025.6429443359373,2069.49267578125
2022-02-07,1964.9991865001084,2021.577564088141,1935.959789655279,1955.077392578125,37439.0,1990.3989990234375,2003.8297119140625,2091.901379394531,33.1864712144523,-55.04536112405958,1951.689453125,1950.092529296875,2025.6429443359373
2022-02-08,1965.3865738282009,1979.6642785245112,1906.9690057030768,1922.1177978515625,218271.0,1960.9240234375,1989.8569458007812,2081.6093322753904,30.5695404565856,-59.31594202485485,1955.077392578125,1951.689453125,1950.092529296875
2022-02-09,1931.652478430803,1983.294068090704,1889.4969034282965,1965.6768798828125,184656.0,1948.930810546875,1988.1968627929687,2070.746203613281,37.575502071648884,-58.51107502412651,1922.1177978515625,1955.077392578125,1951.689453125
2022-02-10,1959.481847604533,1959.481847604533,1935.863113342218,1950.3828125,56553.0,1948.9888671875,1984.5330688476563,2058.525451660156,36.194515532111616,-58.43372790567037,1965.6768798828125,1922.1177978515625,1955.077392578125
2022-02-11,1961.9985264287543,1961.9985264287543,1902.0805456583892,1913.7447509765625,81050.0,1941.3999267578124,1973.6336181640625,2045.4020812988279,33.05992584698137,-60.629911248855706,1950.3828125,1965.6768798828125,1922.1177978515625
2022-02-14,1885.6249506864044,1885.6249506864044,1812.639238511086,1849.8096923828125,147071.0,1920.34638671875,1955.3726928710937,2030.4685791015622,28.432456240733288,-66.75986114915668,1913.7447509765625,1950.3828125,1965.6768798828125
2022-02-15,1934.0239123039703,1934.0239123039703,1817.091888759886,1904.2100830078125,144639.0,1916.76484375,1938.84443359375,2014.4702941894527,36.56818518349267,-66.46210001094028,1849.8096923828125,1913.7447509765625,1950.3828125
2022-02-16,1978.5508553040863,1978.5508553040863,1921.101273622172,1935.6209716796875,69955.0,1910.753662109375,1929.842236328125,2001.4170776367184,40.756001364436244,-62.965696603915376,1904.2100830078125,1849.8096923828125,1913.7447509765625
2022-02-17,1941.719548130288,1942.9295232015725,1888.5290912612609,1903.3392333984373,77509.0,1901.3449462890626,1925.1669067382813,1986.933685302734,37.98073179362658,-62.083972810546356,1935.6209716796875,1904.2100830078125,1849.8096923828125
2022-02-18,1903.0487146628143,1907.8886147509704,1874.8805197820727,1902.6614990234373,49148.0,1899.1282958984375,1920.264111328125,1972.5906494140622,37.922347490048,-60.73971818969562,1903.3392333984373,1935.6209716796875,1904.2100830078125
2022-02-21,1895.3048800105275,1914.7129266848865,1870.1858457449048,1889.2550048828125,67587.0,1907.0173583984374,1913.6818725585938,1958.7557922363278,36.71987711019089,-60.063800646802974,1902.6614990234373,1903.3392333984373,1935.6209716796875
2022-02-22,1850.777662490811,1984.358895453014,1830.4500835617805,1975.1630859375,159109.0,1921.207958984375,1918.9864013671875,1954.421673583984,48.080736310920344,-51.99668156870075,1889.2550048828125,1902.6614990234373,1903.3392333984373
2022-02-23,1985.52038463776,2021.0452007949252,1953.5770469560223,1990.5538330078125,90362.0,1932.19453125,1921.4740966796876,1954.8354797363277,49.81891444358546,-43.855982449835665,1975.1630859375,1889.2550048828125,1902.6614990234373
2022-02-24,1916.6004410123933,1989.198942565893,1889.49700043242,1974.824462890625,284376.0,1946.4915771484375,1923.91826171875,1954.2256652832027,48.04847263036854,-38.23292312161334,1990.5538330078125,1975.1630859375,1889.2550048828125
2022-02-25,2008.558400127526,2027.3371166644863,1938.6218486050132,1980.6322021484373,172757.0,1962.0857177734374,1930.6070068359375,1952.1203124999997,48.77236198809331,-32.92839404193728,1974.824462890625,1990.5538330078125,1975.1630859375
2022-02-28,1979.519043631948,2022.110162419139,1932.7172355969835,1977.0023193359373,121304.0,1979.6351806640625,1943.32626953125,1949.3494812011716,48.31918934087012,-28.686734912796055,1980.6322021484373,1974.824462890625,1990.5538330078125
2022-03-02,1940.848238482448,1983.0520223447763,1933.830383872174,1952.0767822265625,125874.0,1975.017919921875,1948.112939453125,1943.4786865234375,45.21258568201524,-27.02494528002535,1977.0023193359373,1980.6322021484373,1974.824462890625
2022-03-03,1981.454987192046,1981.454987192046,1951.3023876676696,1964.3701171875,86337.0,1969.7811767578125,1950.9878540039062,1940.4150451660157,47.02173258938531,-24.43433186396146,1952.0767822265625,1977.0023193359373,1980.6322021484373
2022-03-04,1969.3067447266012,1969.3067447266012,1908.8564446443704,1920.1817626953125,68665.0,1958.85263671875,1952.6721069335938,1938.9195068359375,41.69240110138586,-25.65119200330014,1964.3701171875,1952.0767822265625,1977.0023193359373
2022-03-07,1889.49691081245,1956.2875290737509,1873.138025605982,1909.9212646484373,75629.0,1944.71044921875,1953.3980834960937,1936.8310974121093,40.54335079666303,-27.130752446654697,1920.1817626953125,1964.3701171875,1952.0767822265625
2022-03-08,1906.920500870265,1979.51899709629,1887.222132526593,1950.43115234375,48487.0,1939.3962158203126,1959.5156982421875,1936.5987854003906,46.77978108599386,-24.74921186735878,1909.9212646484373,1920.1817626953125,1964.3701171875
2022-03-09,1960.1110037312612,1997.9106690316084,1936.1051712406436,1950.189208984375,54376.0,1939.018701171875,1957.018310546875,1938.0023559570313,46.74824278572344,-22.620590520597034,1950.43115234375,1909.9212646484373,1920.1817626953125
2022-03-10,1976.808646104268,1983.584505889589,1926.280138969808,1928.74853515625,70201.0,1931.894384765625,1950.8377807617187,1936.155938720703,43.92223143738366,-22.40544987884664,1950.189208984375,1950.43115234375,1909.9212646484373
2022-03-11,1932.087941124829,1944.6716802203316,1919.552648290493,1928.07080078125,60252.0,1933.4721923828124,1946.1624145507812,1935.0403381347655,43.832031553632,-22.035623914468488,1928.74853515625,1950.189208984375,1950.43115234375
2022-03-14,1938.1863264954795,1940.9450457567327,1898.7411430171517,1901.451416015625,65965.0,1931.77822265625,1938.2443359375,1934.4256713867187,40.328865156890465,-23.61823969103716,1928.07080078125,1928.74853515625,1950.189208984375
2022-03-15,1920.4722351864168,1920.4722351864168,1888.5288965971265,1894.288330078125,30339.0,1920.549658203125,1929.9729370117188,1936.6496032714845,39.41595497552078,-25.160441360673303,1901.451416015625,1928.07080078125,1928.74853515625
2022-03-16,1906.7752572242612,1933.0559361731089,1906.7752572242612,1930.635986328125,70404.0,1916.639013671875,1927.828857421875,1937.9708984375,46.08525887925346,-23.182462211691245,1894.288330078125,1901.451416015625,1928.07080078125
2022-03-17,1964.0311627002063,2003.71833750095,1943.6551391049384,1987.2142333984373,117789.0,1928.3321533203125,1930.1132690429688,1940.5505615234374,54.484488066546184,-16.855211406034414,1930.635986328125,1894.288330078125,1901.451416015625
2022-03-21,1994.038680230234,2022.7876372388107,1959.2398485850365,1978.8897705078125,67352.0,1938.495947265625,1935.9840698242188,1944.3280883789062,53.17196768249353,-12.369941160329745,1987.2142333984373,1930.635986328125,1894.288330078125
2022-03-22,1986.923865660861,1989.295605496465,1940.7997175267333,1958.9493408203125,72807.0,1949.9955322265625,1940.8868774414063,1947.14248046875,50.06099880208,-10.305562097765232,1978.8897705078125,1987.2142333984373,1930.635986328125
2022-03-23,1960.256203278516,1974.6306821248972,1947.5756893707016,1953.0447998046875,19651.0,1961.746826171875,1941.1482421875,1950.3319702148438,49.1441015958394,-9.041746308139182,1958.9493408203125,1978.8897705078125,1987.2142333984373
2022-03-24,1935.9597652571,1990.989516113818,1935.9597652571,1957.932861328125,37970.0,1967.206201171875,1941.922607421875,1949.470458984375,49.96117938917836,-7.558606564446791,1953.0447998046875,1958.9493408203125,1978.8897705078125
2022-03-25,1958.7558475377136,1968.1936519174733,1918.536233916247,1939.009033203125,32688.0,1957.5651611328126,1942.9486572265625,1946.8932189941406,46.82462109784902,-7.820057651987554,1957.932861328125,1953.0447998046875,1958.9493408203125
2022-03-28,1939.0090115508783,1948.834031427802,1914.1803028275187,1933.491455078125,34245.0,1948.485498046875,1943.49072265625,1944.8265686035156,45.919427802348245,-8.375929463855755,1939.009033203125,1957.932861328125,1953.0447998046875
2022-03-29,1964.9992730113672,1982.858455592564,1912.7283563893895,1926.86083984375,46699.0,1942.0677978515625,1946.0316650390625,1942.1380004882812,44.79864375096877,-9.244927346963777,1933.491455078125,1939.009033203125,1957.932861328125
2022-03-30,1968.871166487894,1968.871166487894,1913.018772107332,1928.0224609375,147152.0,1937.063330078125,1949.405078125,1939.6890075683593,45.05167564932689,-9.72774591631378,1926.86083984375,1933.491455078125,1939.009033203125
2022-03-31,1935.9598327126264,1999.798060931681,1923.6665350395456,1981.6484375,162635.0,1941.8064453125,1954.5063232421876,1941.1675903320313,55.24971606082089,-5.717309389692673,1928.0224609375,1926.86083984375,1933.491455078125
2022-04-01,1963.644142087847,1987.2628769710689,1951.4476181070015,1974.0499267578125,82583.0,1948.8146240234375,1953.189892578125,1941.6515808105469,53.72811149673816,-3.1162239720333673,1981.6484375,1928.0224609375,1926.86083984375
2022-04-04,1984.3588559432528,1994.7646401878333,1946.9948542880584,1972.9366455078125,178406.0,1956.703662109375,1952.594580078125,1944.289324951172,53.495649846955,-1.1316327733313756,1974.0499267578125,1981.6484375,1928.0224609375
2022-04-05,1993.554456811039,2148.237680671165,1986.294608097233,2086.238525390625,312919.0,1988.57919921875,1965.3234985351562,1953.1051879882812,68.45463663530002,9.474469071270278,1972.9366455078125,1974.0499267578125,1981.6484375
2022-04-06,2097.2255420075367,2106.324459389205,2051.246492457451,2093.30517578125,111645.0,2021.6357421875,1979.3495361328125,1960.2488891601563,69.12178429819643,18.239843264768297,2086.238525390625,1972.9366455078125,1974.0499267578125
2022-04-07,2086.9648288059648,2086.9648288059648,2017.8027067671865,2030.72509765625,148485.0,2031.45107421875,1986.628759765625,1964.27568359375,57.52027334734397,19.907297232440214,2093.30517578125,2086.238525390625,1972.9366455078125
2022-04-08,2059.7642269246244,2059.7642269246244,2008.9452848332055,2029.8052978515625,70127.0,2042.6021484375,1995.7083862304687,1969.3285217285156,57.367864494945096,20.913468906653634,2030.72509765625,2093.30517578125,2086.238525390625
2022-04-11,2040.5015851077717,2056.860350534996,2002.7503698235196,2027.9178466796875,54104.0,2053.598388671875,2005.151025390625,1974.3208740234375,57.0339083181171,21.312884011979577,2029.8052978515625,2030.72509765625,2093.30517578125
2022-04-12,2009.5264051532129,2032.661031762244,1963.0633668837745,2016.7862548828125,107326.0,2039.7079345703125,2014.1435668945312,1980.0876159667969,55.00036874532347,20.494943976664217,2027.9178466796875,2029.8052978515625,2030.72509765625
2022-04-13,2027.4339806143096,2045.00272196382,1970.032723012864,1974.2435302734373,60955.0,2015.89560546875,2018.7656738281246,1984.0853759765625,47.96203567836413,16.22682553027971,2016.7862548828125,2027.9178466796875,2029.8052978515625
2022-04-18,1979.228647539404,1979.228647539404,1925.312209109043,1933.5400390625,51245.0,1996.45859375,2013.9548339843745,1984.2305786132813,42.37473262147243,9.450934849986425,1974.2435302734373,2016.7862548828125,2027.9178466796875
2022-04-19,1953.383425448009,1958.997756096001,1924.247254280536,1924.87646484375,48108.0,1975.4728271484375,2009.0374877929685,1981.1136901855468,41.272642724762115,3.343374295554213,1933.5400390625,1974.2435302734373,2016.7862548828125
2022-04-20,1924.8764822380624,1955.3194029047825,1921.4401063197984,1932.91064453125,17846.0,1956.47138671875,2005.0348876953121,1978.8147338867188,42.75941094131495,-0.8389494035943699,1924.87646484375,1933.5400390625,1974.2435302734373
2022-04-21,1943.1230443945108,1945.784989351717,1912.728449250813,1916.6971435546875,55907.0,1936.453564453125,1988.0807495117188,1976.7021240234376,40.52946845017119,-5.399522756856868,1932.91064453125,1924.87646484375,1933.5400390625
2022-04-22,1926.183276746898,1926.183276746898,1898.2086332768897,1900.7738037109373,64916.0,1921.759619140625,1968.8276123046876,1974.08857421875,38.410826131876924,-10.181326451286623,1916.6971435546875,1932.91064453125,1924.87646484375
2022-04-25,1900.77387239078,1919.5042609874563,1864.3778495212728,1884.656982421875,51712.0,1911.9830078125,1954.22080078125,1970.4247802734376,36.34018977483432,-15.097399688485439,1900.7738037109373,1916.6971435546875,1932.91064453125
2022-04-26,1900.6285092457836,1912.9702528123144,1868.2011830121528,1875.3642578125,29595.0,1902.08056640625,1938.7766967773437,1967.2425415039063,35.16316263550527,-19.518273849563002,1884.656982421875,1900.7738037109373,1916.6971435546875
2022-04-27,1883.2049494412904,1888.577285304958,1856.8274964100517,1862.6353759765625,20791.0,1888.0255126953125,1922.2484497070313,1963.6997375488281,33.55973388879062,-23.77490060256673,1875.3642578125,1884.656982421875,1900.7738037109373
2022-04-28,1872.4603733779616,1887.4640620778464,1869.749982348177,1873.0411376953125,15389.0,1879.2943115234375,1907.8739379882813,1961.0087524414062,36.12402645718208,-26.008836290717,1862.6353759765625,1875.3642578125,1884.656982421875
2022-04-29,1891.432814648939,1957.255450982679,1861.183441333801,1884.5601806640625,166017.0,1876.0515869140625,1898.9056030273437,1958.8356384277345,38.933756656734694,-26.543775794857993,1873.0411376953125,1862.6353759765625,1875.3642578125
2022-05-02,1867.4267533874809,1984.261878649642,1857.5534057907037,1951.25390625,107854.0,1889.3709716796875,1900.6769897460938,1957.3159118652343,52.07751772650824,-21.340097572786817,1884.5601806640625,1873.0411376953125,1862.6353759765625
2022-05-04,1960.159306137321,1971.7750649885047,1897.2406123600736,1930.8294677734373,54480.0,1900.464013671875,1901.2722900390625,1955.1548889160156,48.62580171498201,-18.649249641114693,1951.25390625,1884.5601806640625,1873.0411376953125
2022-05-05,1930.829518246476,1950.2375630989773,1899.8058324007595,1918.0037841796875,95893.0,1911.5376953125,1899.7816040039063,1952.4082458496093,46.53975534794055,-17.351639842968325,1930.8294677734373,1951.25390625,1884.5601806640625
2022-05-06,1890.4647653213672,1945.591173963048,1873.0411269313083,1917.0357666015625,39237.0,1920.33662109375,1899.8154663085938,1943.9481079101563,46.378037870367024,-16.21447527979285,1918.0037841796875,1930.8294677734373,1951.25390625
2022-05-09,1926.280057963348,1926.280057963348,1856.5855031023627,1863.893798828125,27126.0,1916.2033447265626,1896.1274658203124,1932.4775390625,38.4741470174425,-19.377999330117518,1917.0357666015625,1918.0037841796875,1930.8294677734373
2022-05-10,1873.718786812357,1873.718786812357,1821.7383095174464,1840.710693359375,68449.0,1894.0947021484376,1891.7328369140625,1922.9768188476562,35.622038808729386,-23.485076451609757,1863.893798828125,1917.0357666015625,1918.0037841796875
2022-05-11,1850.390513379872,1855.81117765677,1814.9624696054968,1836.1612548828125,41188.0,1875.1610595703125,1887.8125366210938,1913.2946166992188,35.072579450193075,-26.798153887358012,1840.710693359375,1863.893798828125,1917.0357666015625
2022-05-12,1829.3851812955236,1829.3851812955236,1760.3681692489424,1789.310791015625,119417.0,1849.4224609375,1880.480078125,1901.3642639160157,29.949338122568307,-32.82583670092663,1836.1612548828125,1840.710693359375,1863.893798828125
2022-05-13,1798.7002376485514,1829.482046327597,1786.8909299051552,1814.768798828125,52909.0,1828.9690673828125,1874.6528442382812,1891.2633911132812,35.465818944070634,-35.14345837664678,1789.310791015625,1836.1612548828125,1840.710693359375
2022-05-16,1824.3516338086697,1842.7916977998184,1786.8908596919057,1819.5601806640625,21369.0,1820.10234375,1868.1528442382812,1883.5292236328125,36.47969184657126,-36.17654508864143,1814.768798828125,1789.310791015625,1836.1612548828125
2022-05-17,1819.8021543264117,1848.841550406088,1790.8112045048426,1838.7745361328125,26372.0,1819.7151123046874,1856.9049072265625,1878.790948486328,40.51564565402328,-35.04090609239938,1819.5601806640625,1814.768798828125,1789.310791015625
2022-05-18,1839.307077491635,1842.114242905497,1805.3310057680849,1817.3338623046875,23075.0,1815.9496337890625,1845.5553466796875,1873.413818359375,37.64156743912328,-35.462201017901634,1838.7745361328125,1819.5601806640625,1814.768798828125
2022-05-19,1800.8298196927178,1823.4321266011452,1748.1716897898707,1768.499267578125,44636.0,1811.7873291015626,1830.6048950195313,1865.1932495117187,32.06265941409548,-39.28378492897059,1817.3338623046875,1838.7745361328125,1819.5601806640625
2022-05-20,1777.7919052614668,1786.019734617667,1733.6520443475858,1744.7838134765625,115794.0,1797.79033203125,1813.3796997070312,1856.5975830078125,29.756191648255353,-43.722056013505835,1768.499267578125,1817.3338623046875,1838.7745361328125
2022-05-23,1771.4033226011654,1777.2112023473987,1713.324525138832,1720.24560546875,57529.0,1777.9274169921875,1799.0148803710938,1847.5711730957032,27.548012986518643,-48.65854076681603,1744.7838134765625,1768.499267578125,1817.3338623046875
2022-05-24,1729.296214249115,1729.296214249115,1684.2851457002298,1692.2225341796875,73397.0,1748.6170166015625,1784.166064453125,1837.9494506835938,25.24405988340324,-54.20710241977008,1720.24560546875,1744.7838134765625,1768.499267578125
2022-05-25,1701.1277619249252,1708.0488412809234,1641.500228553248,1664.92529296875,189161.0,1718.135302734375,1767.0424682617188,1827.4275024414062,23.207921410378418,-60.114079054498234,1692.2225341796875,1720.24560546875,1744.7838134765625
2022-05-26,1664.925471518298,1693.964869277338,1646.5822991984824,1666.37744140625,20569.0,1697.7109375,1754.7491333007813,1817.6146057128906,23.56113651518747,-63.94115057040176,1664.92529296875,1692.2225341796875,1720.24560546875
2022-05-27,1675.1861510167068,1763.7079922081743,1662.0700930182124,1735.975341796875,117191.0,1695.9492431640624,1746.8697875976563,1810.7613159179687,38.22655542169005,-60.6589250822376,1666.37744140625,1664.92529296875,1692.2225341796875
2022-05-30,1756.8836516318463,1776.243251098864,1732.6841522980744,1763.1270751953125,31691.0,1704.525537109375,1741.2264770507813,1804.6896606445312,42.8344324171209,-55.230160852236395,1735.975341796875,1666.37744140625,1664.92529296875
2022-05-31,1765.6438119075503,1784.9065176942584,1763.7561801755992,1778.27587890625,50357.0,1721.7362060546875,1735.176611328125,1796.0407592773438,45.286643644601085,-49.139000423274865,1763.1270751953125,1735.975341796875,1666.37744140625
2022-06-01,1778.2757332591102,1843.1303822775228,1758.8193621859066,1831.8533935546875,58532.0,1755.121826171875,1736.628564453125,1791.0919555664063,52.97055154828686,-39.53274535258038,1778.27587890625,1763.1270751953125,1735.975341796875
2022-06-02,1839.1617465435525,1841.436475597746,1785.9228538804496,1825.7552490234373,53849.0,1786.9973876953125,1742.3541625976563,1786.4795288085938,52.07413332348636,-32.042423190254794,1831.8533935546875,1778.27587890625,1763.1270751953125
2022-06-03,1835.3867832288752,1835.3867832288752,1787.858990703356,1799.958740234375,13828.0,1799.7940673828125,1747.8716552734375,1780.6256774902345,48.34685108700717,-27.86662250277095,1825.7552490234373,1831.8533935546875,1778.27587890625
2022-06-06,1800.4425325990271,1829.4334820286551,1792.8922424557447,1816.462646484375,23282.0,1810.461181640625,1757.493359375,1778.2541198730469,50.77442000413601,-22.960864513970137,1799.958740234375,1825.7552490234373,1831.8533935546875
2022-06-07,1802.8142335837,1825.8522039518875,1783.164311245296,1808.767333984375,59772.0,1816.55947265625,1769.1478393554687,1776.6569519042969,49.60380534972676,-19.46953073910936,1816.462646484375,1799.958740234375,1825.7552490234373
2022-06-08,1818.253614561028,1837.12922413466,1805.9118698398072,1822.706298828125,97512.0,1814.7300537109375,1784.9259399414063,1775.9842041015625,51.77275936615364,-15.400340064840975,1808.767333984375,1816.462646484375,1799.958740234375
2022-06-09,1829.4821528779603,1829.4821528779603,1761.7720008866215,1780.744384765625,21355.0,1805.727880859375,1796.3626342773437,1775.5558837890626,45.43350353579432,-15.384114418308172,1822.706298828125,1808.767333984375,1816.462646484375
2022-06-10,1771.403271241045,1776.049622167962,1742.363873351848,1748.1717529296875,18891.0,1795.3704833984375,1797.582275390625,1772.2260314941407,41.21485815887704,-17.794471059152556,1780.744384765625,1822.706298828125,1808.767333984375
2022-06-13,1723.0042048126347,1723.0042048126347,1697.836727663686,1714.38916015625,25843.0,1774.9557861328126,1792.7084838867188,1766.96748046875,37.342100301645026,-22.17504880744832,1748.1717529296875,1780.744384765625,1822.706298828125
2022-06-14,1693.9648662875006,1721.5038478490726,1680.4615936180248,1692.36767578125,50142.0,1751.6758544921875,1784.1176635742188,1759.6471374511718,35.03130665069608,-27.111117890216292,1714.38916015625,1748.1717529296875,1780.744384765625
2022-06-15,1684.2850217577056,1753.0115944846004,1684.2850217577056,1722.8106689453125,24549.0,1731.696728515625,1773.2133911132812,1754.9209777832032,40.51178892561656,-28.2409489945087,1692.36767578125,1714.38916015625,1748.1717529296875
2022-06-16,1766.4666058217988,1766.4666058217988,1678.4287598959893,1701.6602783203125,36385.0,1715.8799072265624,1760.8038940429688,1751.5790283203125,38.10669701262705,-30.491520775711933,1722.8106689453125,1692.36767578125,1714.38916015625
2022-06-17,1686.2208479189574,1734.9586082663848,1682.2037080301145,1705.5804443359375,60266.0,1707.3616455078125,1751.366064453125,1749.6188598632812,38.8315476071939,-31.594587750898654,1701.6602783203125,1722.8106689453125,1692.36767578125
2022-06-20,1705.5807547218287,1740.766803980616,1695.1749697540308,1729.2962646484375,86408.0,1710.34306640625,1742.6494262695312,1750.0713928222656,43.16782904034345,-30.206901421619023,1705.5804443359375,1701.6602783203125,1722.8106689453125
2022-06-21,1730.6651650149422,1740.687944661649,1692.6274700926335,1701.3302001953125,35328.0,1712.1355712890625,1731.905712890625,1750.5267761230468,39.60256898120287,-31.006355719194516,1729.2962646484375,1705.5804443359375,1701.6602783203125
2022-06-22,1710.326169777614,1710.326169777614,1650.0917339118212,1655.2742919921875,28794.0,1698.6282958984375,1715.1625122070313,1750.0442260742188,34.5428352051769,-34.953335601371236,1701.3302001953125,1729.2962646484375,1705.5804443359375
2022-06-23,1663.976744440985,1673.6084855826505,1629.3126461662291,1650.824951171875,125610.0,1688.46123046875,1702.1705688476563,1749.2666015625,34.08970546925801,-38.002303316932284,1655.2742919921875,1701.3302001953125,1729.2962646484375
2022-06-24,1665.2480277742525,1675.9552412758317,1651.7050773754245,1667.5948486328125,28551.0,1680.864111328125,1694.1128784179687,1745.8475769042968,37.42172534831548,-38.62025140697574,1650.824951171875,1655.2742919921875,1701.3302001953125
2022-06-27,1674.0487271426102,1695.3655168577793,1654.0521063894523,1661.923583984375,125777.0,1667.3895751953125,1688.8663208007813,1740.78740234375,36.74519225460302,-39.116690521763076,1667.5948486328125,1650.824951171875,1655.2742919921875
2022-06-28,1659.967686050697,1694.582964949053,1659.967686050697,1677.862060546875,57632.0,1662.695947265625,1687.4157592773438,1735.7667114257813,40.026709519641464,-37.78841887141948,1661.923583984375,1667.5948486328125,1650.824951171875
2022-06-29,1672.0929679254166,1708.4194559844875,1667.3505058950914,1679.1822509765625,115445.0,1667.4775390625,1683.0529174804688,1728.133154296875,40.30296339673518,-36.21179861113069,1677.862060546875,1661.923583984375,1667.5948486328125
2022-06-30,1688.0315972617896,1734.5763812189568,1678.7910123240324,1727.6826171875,28749.0,1682.849072265625,1685.6551513671875,1723.2295227050781,49.50514419751784,-30.6949096654605,1679.1822509765625,1677.862060546875,1661.923583984375
2022-07-01,1721.033519372054,1740.5412229737176,1713.6018995578245,1730.5673828125,10943.0,1695.4435791015626,1688.1538452148438,1719.7599548339845,49.998849943966974,-25.79263748249423,1727.6826171875,1679.1822509765625,1677.862060546875
2022-07-04,1730.5673828125,1754.2308730420502,1721.522435445923,1730.5673828125,175444.0,1709.1723388671876,1688.28095703125,1715.4651916503906,49.99884994396698,-21.657892752449698,1730.5673828125,1727.6826171875,1679.1822509765625
2022-07-05,1730.8606356020684,1752.3241225505433,1706.3170729245471,1738.3900146484375,40880.0,1721.2779296875,1691.9869384765625,1711.9463256835938,51.490475404876285,-17.547579182140908,1730.5673828125,1730.5673828125,1727.6826171875
2022-07-06,1733.207411069059,1752.030679144139,1726.0203689496095,1732.6695556640625,81570.0,1731.975390625,1699.72646484375,1707.4444885253906,50.30856543494715,-14.583608535414442,1738.3900146484375,1730.5673828125,1730.5673828125
2022-07-07,1736.8743701133333,1823.1191186766985,1736.8743701133333,1804.0513916015625,42617.0,1747.2491455078125,1715.0491088867188,1708.6098388671876,62.02296576677782,-6.400936831023046,1732.6695556640625,1738.3900146484375,1730.5673828125
2022-07-08,1813.5852262088647,1838.764403867964,1795.8864883096935,1818.572265625,43554.0,1764.8501220703124,1730.1468505859375,1712.129864501953,63.887971367023404,1.2412937635294838,1804.0513916015625,1732.6695556640625,1738.3900146484375
2022-07-11,1837.3467292186492,1874.504353332704,1818.767917161622,1862.672607421875,19632.0,1791.2711669921875,1750.2217529296875,1719.5440368652344,68.88550506305094,10.73262655202052,1818.572265625,1804.0513916015625,1732.6695556640625
2022-07-12,1862.6723199037876,1868.001456899206,1828.545957046484,1861.8411865234373,19988.0,1815.9614013671876,1768.6196655273438,1728.0177124023437,68.69249639700882,17.980222635982273,1862.672607421875,1818.572265625,1804.0513916015625
2022-07-13,1871.1307347063664,1871.1307347063664,1785.8637006865215,1795.2998046875,129839.0,1828.487451171875,1780.2314208984376,1731.6421691894532,55.33055529391704,18.14549141415705,1861.8411865234373,1862.672607421875,1818.572265625
2022-07-14,1795.2997132958074,1810.7005686794723,1771.2938877933395,1780.7789306640625,14450.0,1823.832958984375,1785.5410522460938,1735.5981018066407,52.91176547588393,16.90982895172192,1795.2998046875,1861.8411865234373,1862.672607421875
2022-07-15,1781.7077879651886,1817.154200444816,1777.6987003575875,1784.8857421875,27303.0,1817.095654296875,1790.9728881835938,1739.5633666992187,53.5304907920597,16.07662162887209,1780.7789306640625,1795.2998046875,1861.8411865234373
2022-07-18,1793.7842440062432,1840.426911888853,1786.6461405152218,1828.3507080078125,128413.0,1810.2312744140625,1800.751220703125,1744.5160888671876,59.58340422917525,18.7079052262211,1784.8857421875,1780.7789306640625,1795.2998046875
2022-07-19,1828.3505780637925,1857.8810608644544,1814.6609281416331,1850.9384765625,26801.0,1808.050732421875,1812.0060668945312,1751.9965026855468,62.329504436536965,22.358129978065563,1828.3507080078125,1784.8857421875,1780.7789306640625
2022-07-20,1851.5739881393067,1872.2062212136184,1839.302147754409,1852.2584228515625,41233.0,1819.4424560546875,1823.9649536132813,1761.8457092285157,62.489892694496305,25.068494032021817,1850.9384765625,1828.3507080078125,1784.8857421875
2022-07-21,1854.8497655303704,1880.517858586678,1830.50172195839,1837.297607421875,77229.0,1830.74619140625,1827.2895751953124,1771.1693420410156,59.402717749073936,25.71286242711767,1852.2584228515625,1850.9384765625,1828.3507080078125
2022-07-22,1846.929320850689,1877.388695317564,1824.8302198678643,1853.040771484375,38116.0,1844.377197265625,1830.73642578125,1780.4416381835938,61.55506355765601,27.18055032652751,1837.297607421875,1852.2584228515625,1850.9384765625
2022-07-25,1889.171912803741,1889.171912803741,1770.854210190256,1782.2947998046875,105553.0,1835.166015625,1822.6986450195313,1786.4601989746093,48.98649467794568,22.377145095759488,1853.040771484375,1837.297607421875,1852.2584228515625
2022-07-26,1782.5881176083165,1787.575038003042,1737.510076631067,1742.741455078125,55990.0,1813.526611328125,1810.788671875,1789.704168701172,43.62348495302559,15.203530647930393,1782.2947998046875,1853.040771484375,1837.297607421875
2022-07-27,1732.718396022174,1806.4957765946813,1732.718396022174,1795.7396240234375,36363.0,1802.2228515625,1810.8326538085937,1795.5320373535155,51.31466101630794,13.637692000420657,1742.741455078125,1782.2947998046875,1853.040771484375
2022-07-28,1806.0560154822413,1839.302309216078,1792.4153044753932,1834.1197509765625,35530.0,1801.5872802734375,1816.1667358398438,1800.8538940429687,55.996456152335405,15.317142594781444,1795.7396240234375,1742.741455078125,1782.2947998046875
2022-07-29,1835.6353444070648,1869.663949875701,1824.0480576759912,1855.0452880859373,75094.0,1801.98818359375,1823.1826904296875,1807.0777893066406,58.3482658978424,18.127670749005347,1834.1197509765625,1795.7396240234375,1742.741455078125
2022-08-01,1855.9253961919003,1883.304696030348,1825.1236838736472,1854.6053466796875,160051.0,1816.45029296875,1825.808154296875,1813.2796875,58.27774461959851,20.08797331322353,1855.0452880859373,1834.1197509765625,1795.7396240234375
2022-08-02,1857.881121995415,1866.7305508748411,1815.8343387081504,1823.119140625,63635.0,1832.525830078125,1823.026220703125,1817.5161437988281,53.31155026555094,18.883179986659115,1854.6053466796875,1855.0452880859373,1834.1197509765625
2022-08-03,1832.750906486264,1832.750906486264,1789.4328930775273,1812.2164306640625,22192.0,1835.82119140625,1819.022021484375,1821.4934875488282,51.66961873871708,16.854328808145738,1823.119140625,1854.6053466796875,1855.0452880859373
2022-08-04,1819.0122520579775,1857.881079914075,1812.216366379792,1851.0362548828125,53285.0,1839.2044921875,1820.3958862304687,1823.8427307128907,56.774414843741134,18.169439032650644,1812.2164306640625,1823.119140625,1854.6053466796875
2022-08-05,1851.036183481964,1879.3933146605043,1813.87856331698,1828.05712890625,41525.0,1833.8068603515626,1817.8975219726562,1824.3169738769532,53.19282492369163,17.159644241381557,1851.0362548828125,1812.2164306640625,1823.119140625
2022-08-08,1830.5994983837825,1838.862251463309,1809.087191621512,1828.203857421875,23851.0,1828.5265625,1822.488427734375,1822.5935363769531,53.21312104122102,16.184647813669244,1828.05712890625,1851.0362548828125,1812.2164306640625
2022-08-10,1819.7456695788887,1856.9032920635736,1818.963356096658,1845.7559814453125,69707.0,1833.0539306640626,1832.7898803710937,1821.7892761230469,55.6883657653711,16.636490730423247,1828.203857421875,1828.05712890625,1851.0362548828125
2022-08-11,1853.6764459113133,1857.881172099145,1839.3023603781533,1853.334228515625,28122.0,1841.277490234375,1838.5493408203124,1824.6909973144532,56.75221886507383,17.40544160550712,1845.7559814453125,1828.203857421875,1828.05712890625
2022-08-12,1854.2630997110537,1867.6593520296408,1830.5017314133447,1852.0140380859373,38038.0,1841.473046875,1840.33876953125,1828.252752685547,56.49774247583888,17.704229047657236,1853.334228515625,1845.7559814453125,1828.203857421875
2022-08-16,1857.88112249182,1889.171751923261,1845.3160029836129,1857.9788818359373,84547.0,1847.4573974609375,1840.63212890625,1831.9074096679688,57.42660220763456,18.212392168456972,1852.0140380859373,1853.334228515625,1845.7559814453125
2022-08-17,1867.757241629364,1979.1323519064413,1861.7924891451896,1925.4493408203125,221274.0,1866.906494140625,1847.7165283203126,1836.7623413085937,66.21422653680493,23.78523587531913,1857.9788818359373,1852.0140380859373,1853.334228515625
2022-08-18,1931.2184856402985,1940.0189749419503,1884.6736994288608,1895.0386962890625,54553.0,1876.763037109375,1854.9084838867188,1838.967352294922,60.18428730442741,25.454446784181755,1925.4493408203125,1857.9788818359373,1852.0140380859373
2022-08-19,1911.661835123212,1920.8045417661635,1859.8367316646284,1865.65478515625,45523.0,1879.2271484375,1860.2523193359375,1839.6371704101562,54.974811398556895,24.12813824025511,1895.0386962890625,1925.4493408203125,1857.9788818359373
2022-08-22,1857.880999380994,1867.659320430368,1790.410584140316,1799.8955078125,44814.0,1868.8034423828126,1855.1382446289062,1837.7670654296876,45.48583806792171,17.568288758301378,1865.65478515625,1895.0386962890625,1925.4493408203125
2022-08-23,1796.277549922357,1845.16915443848,1779.654404386875,1796.08203125,130517.0,1856.424072265625,1851.9407348632812,1834.9191284179688,45.000746275081354,11.924388170493557,1799.8955078125,1865.65478515625,1895.0386962890625
2022-08-24,1805.567053574096,1848.102751830512,1783.565830338018,1814.318603515625,197887.0,1834.1979248046875,1850.5522094726562,1836.5203186035155,47.864202579513055,8.821407569662824,1796.08203125,1799.8955078125,1865.65478515625
2022-08-25,1823.852437107843,1874.5041890758412,1818.865517128696,1867.365966796875,65028.0,1828.66337890625,1852.7132080078125,1842.7515441894532,55.17492163528971,10.521467046494308,1814.318603515625,1796.08203125,1799.8955078125
2022-08-26,1875.335423796204,1892.105269567292,1853.9698145217496,1881.935791015625,59628.0,1831.919580078125,1855.5733642578125,1847.0613525390625,56.96005621582581,12.895784898538977,1867.365966796875,1814.318603515625,1796.08203125
2022-08-29,1864.8235099253552,1905.7457580306127,1839.1554181828128,1887.55810546875,36550.0,1849.452099609375,1859.1277709960937,1849.7332702636718,57.66076635447377,15.057548643284235,1881.935791015625,1867.365966796875,1814.318603515625
2022-08-30,1904.81715443143,1931.2186242310445,1881.3491812762168,1922.0269775390625,39351.0,1874.6410888671876,1865.5325805664063,1853.0823547363282,61.7700580310591,19.329295803399873,1887.55810546875,1881.935791015625,1867.365966796875
2022-09-01,1916.55108666285,1931.2185694689435,1897.9722751084653,1923.5914306640625,26074.0,1896.495654296875,1865.3467895507813,1856.5316589355468,61.95056433008613,22.580629060716774,1922.0269775390625,1887.55810546875,1881.935791015625
2022-09-02,1923.5914391024085,1950.0907869797545,1919.7290496922396,1938.307861328125,31215.0,1910.684033203125,1869.6737060546875,1862.2910949707032,63.68744563210042,26.04460110662285,1923.5914306640625,1922.0269775390625,1887.55810546875
2022-09-05,1970.331794960256,2037.8022137454957,1940.899070928246,2015.0186767578125,171710.0,1937.3006103515625,1884.6100952148438,1872.4312072753905,71.09444118344861,34.581116036049934,1938.307861328125,1923.5914306640625,1922.0269775390625
2022-09-06,2024.1126421605368,2054.425440183232,2015.312152412013,2033.744384765625,117606.0,1966.5378662109374,1907.9949829101563,1881.5666137695312,72.56555988515544,42.368970639089866,2015.0186767578125,1938.307861328125,1923.5914306640625
2022-09-07,2043.4736909757971,2087.573778052416,2016.5343672845468,2076.18212890625,72727.0,1997.368896484375,1936.0049926757813,1893.9728637695312,75.59674730686602,51.37307596449455,2033.744384765625,2015.0186767578125,1938.307861328125
2022-09-08,2092.5608089350285,2150.448424688829,2030.6150465062085,2057.798828125,157691.0,2024.2103759765625,1960.3530151367188,1905.4526123046876,71.8912328965179,56.37565214327901,2076.18212890625,2033.744384765625,2015.0186767578125
2022-09-09,2067.7723879262408,2112.1171655745025,2063.5189618715717,2090.01806640625,76195.0,2054.5524169921873,1982.6182250976562,1917.6657165527345,74.27155332083697,62.22278750643477,2057.798828125,2076.18212890625,2033.744384765625
2022-09-12,2090.018115503593,2126.784695852032,2064.203445031558,2069.483642578125,53219.0,2065.44541015625,2001.3730102539062,1928.4731872558593,70.19181742610981,64.45671117496613,2090.01806640625,2057.798828125,2076.18212890625
2022-09-13,2069.4837293017104,2078.968891509494,2017.8543861940664,2021.618896484375,58296.0,2063.0203125,2014.7790893554688,1936.9534301757812,61.68603413185176,61.654116512633664,2069.483642578125,2090.01806640625,2057.798828125
2022-09-14,1984.9992517013525,2021.3256203482104,1981.0879231265717,2005.09375,41456.0,2048.80263671875,2023.0857666015625,1944.3091735839844,59.02659649624977,57.43749514581168,2021.618896484375,2069.483642578125,2090.01806640625
2022-09-15,2015.605308881882,2037.7531099434848,1984.9991171136835,2011.742919921875,65171.0,2039.591455078125,2031.9009155273438,1948.6238525390625,59.77800034579585,54.00973418100625,2005.09375,2021.618896484375,2069.483642578125
2022-09-16,2014.3342275959149,2052.4696814193326,1934.983124805871,1977.0299072265625,143226.0,2016.9938232421875,2035.7731201171875,1952.7234130859374,54.1906571115256,47.939541709455625,2011.742919921875,2005.09375,2021.618896484375
2022-09-19,1986.9059093334804,2012.3784835596205,1951.5573740276768,1972.9718017578125,38867.0,1997.691455078125,2031.5684326171875,1958.0892639160156,53.56039177942764,42.31364983014123,1977.0299072265625,2011.742919921875,2005.09375
2022-09-20,1991.1106031297145,2051.4917349864413,1987.1015154137008,2043.718017578125,66076.0,2002.111279296875,2032.5657958984375,1970.2803894042968,61.88335911976291,43.06726571856484,1972.9718017578125,1977.0299072265625,2011.742919921875
2022-09-21,2053.4475152292557,2053.545393935687,2011.9385882028316,2030.8594970703125,34442.0,2007.2644287109374,2028.0335327148437,1982.0192626953126,59.78605219511406,42.141159542563855,2043.718017578125,1972.9718017578125,1977.0299072265625
2022-09-22,2011.6451987862008,2039.953391898364,2000.5468277113237,2031.4952392578125,24646.0,2011.214892578125,2025.403173828125,1992.8780944824218,59.8584885429355,40.98605112284713,2030.8594970703125,2043.718017578125,1972.9718017578125
2022-09-23,2030.9575361461843,2035.5043605118,1997.8579391242176,2015.752197265625,38390.0,2018.9593505859375,2017.9765869140624,2000.2974060058593,57.114884442301104,38.35811894138055,2031.4952392578125,2030.8594970703125,2043.718017578125
2022-09-26,2001.6223721048823,2033.7442530988149,1980.1100652234425,2021.472412109375,66754.0,2028.65947265625,2013.1754638671875,2007.274237060547,57.8704820202993,36.31838159082872,2015.752197265625,2031.4952392578125,2030.8594970703125
2022-09-27,2015.4101131519608,2032.9132146505483,2004.556079862253,2013.9920654296875,30483.0,2022.7142822265625,2012.4127807617188,2013.5959350585938,56.469312940923054,33.70968926947148,2021.472412109375,2015.752197265625,2031.4952392578125
2022-09-28,2006.022459493906,2092.56059630366,2005.533543466732,2067.136962890625,80799.0,2029.969775390625,2018.6171020507813,2020.8514343261718,63.27298812204918,35.521165005810644,2013.9920654296875,2021.472412109375,2015.752197265625
2022-09-29,2077.8930446322843,2085.3246634833185,2019.4186420305757,2070.46142578125,424581.0,2037.7630126953125,2024.4889526367188,2028.1949340820313,63.655662518247986,36.80081209529112,2067.136962890625,2013.9920654296875,2021.472412109375
2022-09-30,2070.4616197916675,2091.973926269531,2021.178976806525,2086.10693359375,53697.0,2051.8339599609376,2035.3966552734375,2035.5848876953125,65.47865299994982,38.63207682456709,2070.46142578125,2067.136962890625,2013.9920654296875
2022-10-03,2086.1070338466257,2086.1070338466257,2028.9038525087255,2045.6248779296875,75684.0,2056.664453125,2042.661962890625,2037.1151977539062,57.44914733094359,36.39723903157255,2086.10693359375,2070.46142578125,2067.136962890625
2022-10-04,2045.624853440125,2055.647632956264,2010.960751542216,2023.47705078125,52896.0,2058.5614501953123,2040.6378662109375,2036.6018310546874,53.57809043609589,32.464736155914125,2045.6248779296875,2086.10693359375,2070.46142578125
2022-10-06,2024.1125541796368,2046.456114339176,1982.6524470714112,2002.746826171875,51529.0,2045.6834228515625,2037.8265991210938,2032.9300659179687,50.1704664129208,27.360053749953522,2023.47705078125,2045.6248779296875,2086.10693359375
2022-10-07,1994.3373368777716,1996.1463022353355,1964.513460376324,1970.184814453125,83973.0,2025.6281005859375,2031.695556640625,2028.549365234375,45.29712353416902,20.45132382185102,2002.746826171875,2023.47705078125,2045.6248779296875
2022-10-10,1955.6641113831183,1969.8426761906464,1942.9522946591285,1953.4639892578125,43301.0,1999.09951171875,2025.4667358398438,2021.721661376953,42.98794921503069,13.471582707935568,1970.184814453125,2002.746826171875,2023.47705078125
2022-10-11,1962.948963318309,1978.056540588786,1890.6872680215936,1918.2620849609373,30633.0,1973.626953125,2015.145703125,2014.1605834960938,38.5342016763976,5.041473142491213,1953.4639892578125,1970.184814453125,2002.746826171875
2022-10-12,1927.8449132760743,1989.8883119141265,1921.7334626866573,1977.0787353515625,55537.0,1964.3472900390625,2011.4543701171874,2011.933575439453,48.19230696027773,3.071160287420753,1918.2620849609373,1953.4639892578125,1970.184814453125
2022-10-13,1984.0214282192223,1984.4125849512632,1921.440170749518,1931.75634765625,20382.0,1950.1491943359374,1997.91630859375,2008.2667053222656,42.63321713126949,-2.12299222472393,1977.0787353515625,1918.2620849609373,1953.4639892578125
2022-10-14,1946.863861033128,1958.84230518062,1887.3138576841711,1896.554443359375,20361.0,1935.4231201171874,1980.5256103515626,2002.5072814941407,38.88168151621196,-8.976420407782143,1931.75634765625,1977.0787353515625,1918.2620849609373
2022-10-17,1900.416761520495,1955.664277355796,1864.2369723894128,1950.62841796875,33857.0,1934.856005859375,1966.9777587890626,2001.18720703125,46.64805142233078,-9.930026617603517,1896.554443359375,1931.75634765625,1977.0787353515625
2022-10-18,1950.6285302197448,1998.8845251675864,1934.6899370606563,1976.88330078125,103171.0,1946.5802490234375,1960.1036010742187,2001.3827819824219,49.97208608009836,-8.469584687348743,1950.62841796875,1896.554443359375,1931.75634765625
2022-10-19,1980.1101903330984,2000.1557502846183,1919.0934376322,1987.2484130859373,18175.0,1948.6141845703125,1956.4807373046874,1998.5593017578126,51.26307348875419,-6.401997752588613,1976.88330078125,1950.62841796875,1896.554443359375
2022-10-20,1986.9548348424453,2044.6469289643471,1982.06567432364,2012.0361328125,66509.0,1964.6701416015626,1957.40966796875,1997.6181335449219,54.30025428021905,-2.731768264232187,1987.2484130859373,1976.88330078125,1950.62841796875
2022-10-21,1993.7020855495416,2072.9553133075465,1993.7020855495416,2045.3804931640625,69131.0,1994.4353515625,1964.9292358398438,1998.3123962402344,58.08432678905452,2.8348478958782835,2012.0361328125,1987.2484130859373,1976.88330078125
2022-10-24,2052.4697859308662,2073.004262112166,1991.5019721892447,2006.9027099609373,11490.0,2005.6902099609374,1970.2731079101563,1997.869921875,52.66505939417308,4.094398103169624,2045.3804931640625,2012.0361328125,1987.2484130859373
2022-10-25,2006.902474247244,2023.0367036375608,1986.0259024853783,2001.4267578125,24402.0,2010.5989013671874,1978.5895751953126,1996.8676391601562,51.92260062472408,4.5977372895974895,2006.9027099609373,2045.3804931640625,2012.0361328125
2022-10-27,2001.426628072252,2052.2738931577424,1999.6664826889732,2044.7933349609373,49410.0,2022.1078857421876,1985.36103515625,1998.4077026367188,57.08274532822285,8.399137538217474,2001.4267578125,2006.9027099609373,2045.3804931640625
2022-10-28,2026.166065402332,2073.00412924624,1975.2209156025492,1992.186279296875,34913.0,2018.1379150390626,1991.4040283203126,1994.6601684570312,50.06314230917531,7.085151668199842,2044.7933349609373,2001.4267578125,2006.9027099609373
2022-10-31,1990.3773845557291,2141.4524550120595,1908.9239169458608,2122.189208984375,370014.0,2033.499658203125,2013.9675048828126,1997.2465576171876,62.37616305090257,16.345537167693692,1992.186279296875,2044.7933349609373,2001.4267578125
2022-11-01,2112.1172315046506,2224.567917441241,2004.5557058261727,2213.17626953125,377065.0,2074.7543701171876,2040.2222900390625,2003.6000244140625,68.27259317783819,30.672778076533177,2122.189208984375,1992.186279296875,2044.7933349609373
2022-11-02,2191.566255629369,2293.016338851476,2189.2682546384617,2233.613037109375,257999.0,2121.1916259765626,2065.895263671875,2012.9994323730468,69.43142013724867,43.178560497650324,2213.17626953125,2122.189208984375,1992.186279296875
2022-11-03,2213.322827844556,2225.203391667619,2137.9808212362827,2151.9638671875,126820.0,2142.625732421875,2082.366809082031,2019.4237731933595,60.0022063132776,45.971150714186024,2233.613037109375,2213.17626953125,2122.189208984375
2022-11-04,2162.769186377953,2195.233165851065,2142.430230013222,2189.170654296875,38363.0,2182.022607421875,2100.0802612304688,2028.7449645996094,62.50134418012831,50.603252553938546,2151.9638671875,2233.613037109375,2213.17626953125
2022-11-07,2199.759580454609,2328.4937535253216,2196.2298296232643,2312.512451171875,184873.0,2220.087255859375,2126.79345703125,2045.861346435547,69.3403652396495,63.49494858874277,2189.170654296875,2151.9638671875,2233.613037109375
2022-11-09,2312.512823550669,2381.5371049913474,2300.208003890878,2353.88818359375,134366.0,2248.229638671875,2161.4920043945312,2065.8825561523436,71.23556173639275,76.1723193096218,2312.512451171875,2189.170654296875,2151.9638671875
2022-11-10,2366.241516214607,2402.1264395908047,2358.05482074661,2399.5771484375,105129.0,2281.4224609375,2201.3070434570313,2089.948309326172,73.2052068544749,88.88137539688205,2353.88818359375,2312.512451171875,2189.170654296875
2022-11-11,2382.5174946271813,2431.54048834379,2325.6508219159155,2373.399169921875,87290.0,2325.709521484375,2234.167626953125,2109.7643310546873,70.2375681600782,95.7374481147499,2399.5771484375,2353.88818359375,2312.512451171875
2022-11-14,2335.455180974511,2409.528964752228,2335.455180974511,2373.251953125,39021.0,2362.52578125,2272.2741943359374,2131.839111328125,70.22032813678996,100.00624621914312,2373.399169921875,2399.5771484375,2353.88818359375
2022-11-15,2363.986610495315,2382.321160035668,2325.944724135884,2368.153564453125,27438.0,2373.65400390625,2296.8706298828124,2155.4190673828125,69.58333626732986,101.80436476905516,2373.251953125,2373.399169921875,2399.5771484375
2022-11-16,2349.6721232072905,2391.194695240671,2309.522338640107,2323.003662109375,43682.0,2367.477099609375,2307.853369140625,2174.0378295898436,64.04282228636131,98.45128179619087,2368.153564453125,2373.251953125,2373.399169921875
2022-11-17,2310.453370978543,2352.0738389534777,2217.358766794666,2231.18310546875,60443.0,2333.798291015625,2307.6103759765624,2186.752819824219,54.53300772874981,87.3775537886122,2323.003662109375,2368.153564453125,2373.251953125
2022-11-18,2242.3608577834366,2255.0577655895854,2200.3971262714904,2244.664794921875,47334.0,2308.051416015625,2316.88046875,2199.623638916016,55.576063913581876,78.7812628696638,2231.18310546875,2323.003662109375,2368.153564453125
2022-11-21,2244.664490694337,2322.709183752054,2210.936770519578,2237.8994140625,61751.0,2280.980908203125,2321.7533447265623,2210.9168029785155,54.895481550129674,70.6087964358976,2244.664794921875,2231.18310546875,2323.003662109375
2022-11-22,2235.448040635311,2240.350338970037,2202.700783507352,2213.48583984375,23700.0,2250.04736328125,2311.85068359375,2219.3220703125,52.40167986556279,61.45368665483056,2237.8994140625,2244.664794921875,2231.18310546875
2022-11-23,2224.565265064436,2266.823180483241,2188.4354630979,2259.81298828125,53382.0,2237.409228515625,2302.4431640625,2231.9675842285155,56.445120044372715,57.2761659136263,2213.48583984375,2237.8994140625,2244.664794921875
2022-11-24,2269.71524733562,2271.725237694428,2227.9966371552223,2233.58544921875,17151.0,2237.889697265625,2285.843994140625,2243.575518798828,53.66564726411468,51.25823440013437,2259.81298828125,2213.48583984375,2237.8994140625
2022-11-25,2233.6343742826634,2302.0214446180853,2233.6343742826634,2297.46240234375,28138.0,2248.44921875,2278.2503173828127,2256.2089721679686,58.9654211200276,51.054788769619336,2233.58544921875,2259.81298828125,2213.48583984375
2022-11-28,2304.0803405509146,2367.810222310833,2294.128770147193,2359.18212890625,39795.0,2272.70576171875,2276.8433349609377,2274.5587646484373,63.32988581163122,55.237084041072194,2297.46240234375,2233.58544921875,2259.81298828125
2022-11-29,2353.054428538716,2353.054428538716,2304.0805098314186,2324.817138671875,19385.0,2294.972021484375,2272.5096923828123,2284.6901611328126,59.53309738497376,55.14296192404299,2359.18212890625,2297.46240234375,2233.58544921875
2022-11-30,2303.688505093427,2410.754670319734,2303.688505093427,2387.61572265625,112943.0,2320.532568359375,2278.9708984375,2293.4121337890624,63.8037089643773,59.45038335333993,2324.817138671875,2359.18212890625,2297.46240234375
2022-12-01,2400.116302272958,2423.6473353428846,2363.3490631011973,2383.64453125,45251.0,2350.544384765625,2294.217041015625,2300.913708496094,63.34842580277162,61.83085628857725,2387.61572265625,2324.817138671875,2359.18212890625
2022-12-02,2416.833395663932,2482.4751310920283,2390.410052051883,2459.09130859375,67225.0,2382.870166015625,2315.6596923828124,2316.2700805664062,68.01770501966641,69.00982038447728,2383.64453125,2387.61572265625,2324.817138671875
2022-12-05,2459.091126944923,2518.261727604514,2411.979989381901,2439.77587890625,49519.0,2398.988916015625,2335.8473388671873,2328.800341796875,65.70970867067163,72.30709620665584,2459.09130859375,2383.64453125,2387.61572265625
2022-12-06,2451.1495872576734,2451.1495872576734,2406.1465765836533,2416.392333984375,13805.0,2417.303955078125,2356.13798828125,2333.9943359375,62.92593771598571,72.20106546152738,2439.77587890625,2459.09130859375,2383.64453125
2022-12-07,2406.3917651617608,2411.146851884468,2339.72049434866,2397.714599609375,51395.0,2419.32373046875,2369.9281494140623,2336.185656738281,60.71341790687991,69.80522705908788,2416.392333984375,2439.77587890625,2459.09130859375
2022-12-08,2375.948554537885,2409.9704656376766,2345.2601113935407,2356.535400390625,26488.0,2413.901904296875,2382.22314453125,2334.0335693359375,56.03543525588285,63.84769416155996,2397.714599609375,2416.392333984375,2439.77587890625
2022-12-09,2368.986859040332,2397.2241484171727,2351.387653963797,2373.64404296875,51339.0,2396.812451171875,2389.84130859375,2334.0458129882813,57.500575877346336,59.81729435734678,2356.535400390625,2397.714599609375,2416.392333984375
2022-12-12,2358.4960448795973,2517.2323904809805,2358.4960448795973,2486.740234375,160756.0,2406.205322265625,2402.597119140625,2339.7202270507814,65.64990084744457,64.99981354762303,2373.64404296875,2356.535400390625,2397.714599609375
2022-12-13,2486.4458561952288,2507.819926019182,2455.463233217016,2466.05224609375,48168.0,2416.1373046875,2416.7206298828123,2344.6151611328123,63.26030297113772,66.66912936317976,2486.740234375,2373.64404296875,2356.535400390625
2022-12-14,2478.9942354775294,2556.695667509496,2467.1308166063486,2515.761474609375,87161.0,2439.7466796875,2429.535205078125,2354.2530517578125,66.42285687028638,71.18264426421365,2466.05224609375,2486.740234375,2373.64404296875
2022-12-15,2519.781652939196,2531.400197164782,2442.76648878566,2457.0322265625,31372.0,2459.846044921875,2436.873974609375,2365.5455078125,59.86614962814639,69.22272140214818,2515.761474609375,2466.05224609375,2486.740234375
2022-12-16,2433.010974253793,2500.0743282897515,2421.980801591953,2458.306884765625,93028.0,2476.77861328125,2436.7955322265625,2376.2276123046877,59.958534783044435,66.99998851613918,2457.0322265625,2515.761474609375,2466.05224609375
2022-12-19,2458.307103535353,2542.3324673273414,2446.2964700124994,2509.68310546875,72749.0,2481.3671875,2443.7862548828125,2389.816796875,63.59595973908092,68.59338647047116,2458.306884765625,2457.0322265625,2515.761474609375
2022-12-20,2494.2896719989367,2494.2896719989367,2440.3643842788338,2454.286865234375,333814.0,2479.014111328125,2447.5757080078124,2401.8568481445313,57.527703160195216,64.64101087217159,2509.68310546875,2458.306884765625,2457.0322265625
2022-12-21,2433.501220300776,2478.504229311736,2359.035346465747,2379.8701171875,38929.0,2451.83583984375,2445.791259765625,2407.8597045898437,50.54974360423187,54.87139184558055,2454.286865234375,2509.68310546875,2458.306884765625
2022-12-22,2379.870061975056,2420.019841925144,2282.314314270589,2320.69921875,75580.0,2424.56923828125,2442.2076416015625,2412.2153930664062,45.79336784649282,41.87163128733255,2379.8701171875,2454.286865234375,2509.68310546875
2022-12-23,2320.6995317668448,2325.405787200076,2234.0760425021613,2273.980712890625,198755.0,2387.70400390625,2432.24130859375,2411.04130859375,42.40103019235475,27.48263173539499,2320.69921875,2379.8701171875,2454.286865234375
2022-12-26,2273.9806372353823,2445.757159557593,2244.419628365521,2400.802978515625,77748.0,2365.927978515625,2423.6475830078125,2413.122351074219,52.654414313974854,26.01288254387282,2273.980712890625,2320.69921875,2379.8701171875
2022-12-27,2411.931014432715,2432.079510415098,2344.3283617192733,2396.782958984375,43728.0,2354.427197265625,2416.720654296875,2416.7206420898438,52.3363803270746,24.24424121988659,2400.802978515625,2273.980712890625,2320.69921875
2022-12-28,2397.224132321474,2419.5295920393937,2369.1340557214367,2398.44970703125,35323.0,2358.143115234375,2404.9894775390626,2417.262341308594,52.46457871663887,22.71522588181506,2396.782958984375,2400.802978515625,2273.980712890625
2022-12-29,2411.048756691769,2433.452119190899,2392.321879021892,2403.548095703125,51844.0,2374.712890625,2399.641064453125,2418.25751953125,52.88205285665961,21.665125486702436,2398.44970703125,2396.782958984375,2400.802978515625
2022-12-30,2416.24548250216,2435.462593886345,2334.4752157984653,2402.176025390625,66122.0,2400.351953125,2394.027978515625,2415.411755371094,52.74779347609677,20.486048337549164,2403.548095703125,2398.44970703125,2396.782958984375
2023-01-02,2402.175642452404,2435.3640639112677,2349.1817410297017,2360.2119140625,54376.0,2392.233740234375,2379.080859375,2411.433557128906,48.677281857448186,15.981246267592269,2402.176025390625,2403.548095703125,2398.44970703125
2023-01-03,2375.26210703928,2375.26210703928,2328.592122850126,2337.808349609375,55355.0,2380.438818359375,2367.4330078125,2407.504357910156,46.60932584430683,10.482541541107821,2360.2119140625,2402.176025390625,2403.548095703125
2023-01-04,2337.8081127818523,2355.0642999868974,2316.875440914826,2338.396484375,53642.0,2368.428173828125,2363.28564453125,2404.5384521484375,46.67337353896354,6.1018971180019435,2337.808349609375,2360.2119140625,2402.176025390625
2023-01-05,2341.28880175501,2404.234269551839,2328.591895922831,2339.376953125,95383.0,2355.5939453125,2365.15341796875,2403.680529785156,46.78797482020318,2.678445038724931,2338.396484375,2337.808349609375,2360.2119140625
2023-01-06,2351.2406973773504,2421.735659907607,2333.494279587087,2402.2734375,238849.0,2355.613427734375,2377.9826904296874,2405.1119995117188,53.666809439822565,4.983113017482992,2339.376953125,2338.396484375,2337.808349609375
2023-01-09,2488.406860509077,2488.406860509077,2353.201555916595,2421.78466796875,86302.0,2367.927978515625,2380.080859375,2401.864221191406,55.58494059286005,8.288428388461853,2402.2734375,2339.376953125,2338.396484375
2023-01-10,2411.980257754104,2470.758776812594,2382.5173919264303,2442.570556640625,53374.0,2388.880419921875,2384.659619140625,2400.69013671875,57.598816435855426,12.441741483270562,2421.78466796875,2402.2734375,2339.376953125
2023-01-11,2436.442468634696,2439.0896620746944,2344.279252517327,2366.241455078125,73745.0,2394.4494140625,2381.4387939453127,2393.2141357421874,48.841044606367156,9.465044307741664,2442.570556640625,2421.78466796875,2402.2734375
2023-01-12,2378.1052231980084,2435.462120974584,2322.464130055775,2404.773681640625,65109.0,2407.528759765625,2381.5613525390627,2390.601208496094,52.74700674239228,10.098806254318788,2366.241455078125,2442.570556640625,2421.78466796875
2023-01-13,2417.372594577379,2431.442048426576,2392.321799986298,2421.29443359375,14235.0,2411.332958984375,2383.473193359375,2388.7505859375,54.3560938436519,11.798152023489365,2404.773681640625,2366.241455078125,2442.570556640625
2023-01-16,2411.9801781356477,2421.784776132686,2372.7127152834914,2380.458251953125,17200.0,2403.06767578125,2385.4978271484374,2382.289343261719,49.83842361510478,9.737509267051792,2421.29443359375,2404.773681640625,2366.241455078125
2023-01-17,2379.5757115832803,2388.791937091497,2347.220541215646,2356.24072265625,26559.0,2385.801708984375,2387.341064453125,2377.3870361328127,47.32631525461477,6.080194123459478,2380.458251953125,2421.29443359375,2404.773681640625
2023-01-18,2353.1036694900063,2380.5565456340564,2333.788658076959,2343.25,18289.0,2381.20341796875,2387.826416015625,2375.5560302734375,45.987256199439685,2.109189350363522,2356.24072265625,2380.458251953125,2421.29443359375
2023-01-19,2352.5641902974767,2402.028338725013,2333.494295296066,2377.124755859375,115253.0,2375.6736328125,2391.6011962890625,2378.377307128906,49.962978438754874,1.6762266553764675,2343.25,2356.24072265625,2380.458251953125
2023-01-20,2365.261263564096,2377.7132952455645,2304.669035890253,2314.86572265625,33957.0,2354.387890625,2382.8604248046877,2380.4215576171873,43.60949713534243,-3.648623992573448,2377.124755859375,2343.25,2356.24072265625
2023-01-23,2314.8656364263284,2338.935972895966,2289.3736810908413,2305.502197265625,15009.0,2339.3966796875,2371.232177734375,2375.6565185546874,42.72943707670696,-8.525883659677675,2314.86572265625,2377.124755859375,2343.25
2023-01-24,2317.0225287085864,2384.6251833800075,2307.070957584442,2350.946533203125,101211.0,2338.337841796875,2362.069775390625,2373.364697265625,48.193782775790886,-8.624748239634755,2305.502197265625,2314.86572265625,2377.124755859375
2023-01-25,2347.269709027504,2436.344333566451,2339.376960177204,2366.6337890625,103598.0,2343.014599609375,2362.1090087890625,2371.7739013671876,49.96839335505344,-7.352513488828663,2350.946533203125,2305.502197265625,2314.86572265625
2023-01-27,2378.497349859897,2508.016186102096,2368.8399643837747,2489.33837890625,513556.0,2365.45732421875,2370.565478515625,2376.0634155273438,61.17213742068465,3.5164412862477548,2366.6337890625,2350.946533203125,2305.502197265625
2023-01-30,2495.760043019243,2593.3157783484176,2447.2763611241267,2499.24072265625,260622.0,2402.33232421875,2378.360107421875,2380.916650390625,61.91336774144154,12.781861294798546,2489.33837890625,2366.6337890625,2350.946533203125
2023-01-31,2511.2516627538607,2519.781614899157,2407.5680418295083,2479.435791015625,119559.0,2437.11904296875,2388.257861328125,2386.8778442382813,59.46816830522223,18.315550671535675,2499.24072265625,2489.33837890625,2366.6337890625
2023-02-01,2464.581705238759,2518.7030373113685,2461.934511702339,2482.426025390625,78256.0,2463.41494140625,2400.8763916015623,2394.1087280273437,59.72678864964775,22.68087528240858,2479.435791015625,2499.24072265625,2489.33837890625
2023-02-02,2454.0907395470545,2567.7259281432207,2454.0907395470545,2498.45654296875,137608.0,2489.7794921875,2416.3970458984377,2402.1117309570313,61.15765444176561,27.121317615878525,2482.426025390625,2479.435791015625,2499.24072265625
2023-02-03,2500.1725844101115,2594.2967287643746,2475.4159735252665,2578.315185546875,141312.0,2507.574853515625,2436.5160888671876,2414.058642578125,67.37604880628069,36.66171181367963,2498.45654296875,2482.426025390625,2479.435791015625
2023-02-06,2598.267567259304,2655.9674834534253,2598.267567259304,2623.95556640625,145410.0,2532.517822265625,2467.4250732421874,2425.1427490234373,70.30227574047588,47.359410449585994,2578.315185546875,2498.45654296875,2482.426025390625
2023-02-07,2622.729942960722,2634.4954604618542,2603.660047884983,2618.416015625,67435.0,2560.3138671875,2498.716455078125,2434.97431640625,69.48759268703033,54.75918840172562,2623.95556640625,2578.315185546875,2498.45654296875
2023-02-08,2617.876595601579,2625.9163176537363,2562.9217789029653,2605.4248046875,107359.0,2584.913623046875,2524.1642822265626,2443.1170288085937,67.51172316744794,58.89636298002051,2618.416015625,2623.95556640625,2578.315185546875
2023-02-09,2593.316254353448,2655.1833654699863,2582.5311962067985,2603.56201171875,71817.0,2605.934716796875,2547.8571044921873,2454.983056640625,67.21658384847731,61.31795658112014,2605.4248046875,2618.416015625,2623.95556640625
2023-02-10,2598.218623106957,2647.2416159957675,2576.64850623588,2611.356689453125,140939.0,2612.543017578125,2560.058935546875,2465.31220703125,67.8499399001357,63.13823404704726,2603.56201171875,2605.4248046875,2618.416015625
2023-02-13,2591.9925295183307,2620.8672629598427,2582.67816114883,2602.4345703125,31481.0,2608.238818359375,2570.3783203125,2474.3692138671877,66.27168811727256,63.13311732626153,2611.356689453125,2603.56201171875,2605.4248046875
2023-02-14,2588.4137803415874,2592.8258492853515,2470.709537645603,2504.33935546875,111366.0,2585.423486328125,2572.8686767578124,2480.563269042969,51.9607857477323,54.58438347114452,2602.4345703125,2611.356689453125,2603.56201171875
2023-02-15,2500.1723102076653,2614.395868693623,2500.1723102076653,2573.804931640625,95463.0,2579.09951171875,2582.0065673828126,2491.4414794921877,58.7533555699625,52.80602674399597,2504.33935546875,2602.4345703125,2611.356689453125
2023-02-16,2559.9806176894544,2664.595633740167,2559.9806176894544,2656.654052734375,236863.0,2589.717919921875,2597.826318359375,2507.111682128906,65.09286149269212,57.41999592827824,2573.804931640625,2504.33935546875,2602.4345703125
2023-02-17,2659.987602474172,2719.7956539857546,2655.477391366249,2692.8330078125,143401.0,2606.01318359375,2609.2781005859374,2522.8970947265625,67.44588102705687,63.2666406124722,2656.654052734375,2573.804931640625,2504.33935546875
2023-02-20,2708.226018947198,2734.502389531663,2595.2770975583767,2648.6630859375,168235.0,2615.25888671875,2611.7488525390627,2539.586962890625,61.95498947778265,63.60283124837906,2692.8330078125,2656.654052734375,2573.804931640625
2023-02-21,2662.4383581322086,2710.872972342477,2654.937937054703,2702.7841796875,110107.0,2654.9478515625,2620.1856689453125,2559.451062011719,65.64557086625604,67.4587620884954,2648.6630859375,2692.8330078125,2656.654052734375
2023-02-22,2691.36191910662,2696.264217684227,2620.1316165219987,2676.11572265625,85580.0,2675.410009765625,2627.2547607421875,2575.709521484375,62.43177161286545,67.58363142126791,2702.7841796875,2648.6630859375,2692.8330078125
2023-02-23,2667.8310639533165,2676.655201981828,2619.249233933443,2641.947021484375,103194.0,2672.468603515625,2631.09326171875,2589.4751831054687,58.481328513621534,64.18557133014156,2676.11572265625,2702.7841796875,2648.6630859375
2023-02-24,2655.869544527539,2682.538003117264,2627.632254515449,2673.46875,67943.0,2668.595751953125,2637.3044677734374,2598.6817016601562,60.93700912339193,63.30636787731373,2641.947021484375,2676.11572265625,2702.7841796875
2023-02-27,2666.8507699531765,2706.020092762848,2637.43697469634,2686.999267578125,75689.0,2676.26298828125,2645.7609375,2608.06962890625,61.97661395745189,62.97545070110482,2673.46875,2641.947021484375,2676.11572265625
2023-02-28,2686.9992101163225,2799.50697456773,2652.2419573384645,2707.392822265625,230556.0,2677.184716796875,2666.0662841796875,2619.46748046875,63.551140364183105,63.62535242471722,2686.999267578125,2673.46875,2641.947021484375
2023-03-01,2685.4303833811277,2729.5020045353604,2658.565879988468,2681.3125,65349.0,2678.224072265625,2676.817041015625,2629.4118041992188,60.122358371699654,61.32897789724393,2707.392822265625,2686.999267578125,2673.46875
2023-03-02,2676.655513197228,2694.7449503849275,2616.3572296581697,2649.349609375,78045.0,2679.70458984375,2676.0865966796873,2636.9564575195313,56.12570818744317,56.28117207347168,2681.3125,2707.392822265625,2686.999267578125
2023-03-03,2645.2803087279144,2682.8810345128923,2624.004380805261,2649.006103515625,37658.0,2674.812060546875,2671.70390625,2640.491003417969,56.08256018004078,51.65755539571137,2649.349609375,2681.3125,2707.392822265625
2023-03-06,2647.9272443494706,2696.2639514253924,2630.5731569724826,2647.53515625,72011.0,2666.91923828125,2671.59111328125,2641.6699829101562,55.884436028221174,47.32903308401865,2649.006103515625,2649.349609375,2681.3125
2023-03-08,2629.5931608693804,2723.717300855756,2629.5931608693804,2698.715576171875,94920.0,2665.1837890625,2671.1842529296873,2645.6849609375,61.041507577402975,47.48114701496115,2647.53515625,2649.006103515625,2649.349609375
2023-03-09,2684.2536896581337,2709.696572382836,2675.674666816564,2687.048095703125,68734.0,2666.330908203125,2672.277490234375,2649.7661254882814,59.33854107017613,46.128489721013466,2698.715576171875,2647.53515625,2649.006103515625
2023-03-10,2671.7529432546366,2695.2839783511918,2610.37606429643,2646.506103515625,64793.0,2665.76220703125,2672.7333984375,2651.913330078125,53.729292757957246,41.30891565842148,2687.048095703125,2698.715576171875,2647.53515625
2023-03-13,2622.828045926308,2667.781983092156,2568.853687313513,2614.39599609375,105626.0,2658.840185546875,2666.826123046875,2652.065295410156,49.72040569630081,34.500649169364806,2646.506103515625,2687.048095703125,2698.715576171875
2023-03-14,2628.1224755088947,2632.4854737143496,2464.7289467303194,2485.612548828125,96983.0,2626.4556640625,2646.687451171875,2646.2241943359377,37.60239828742293,18.5000440280387,2614.39599609375,2646.506103515625,2687.048095703125
2023-03-15,2490.416771523662,2519.7324215432945,2397.224026819709,2439.923095703125,140995.0,2574.69716796875,2619.940478515625,2643.003381347656,34.39918875775432,2.1083879668512964,2485.612548828125,2614.39599609375,2646.506103515625
2023-03-16,2433.5012276824145,2477.8670337068424,2387.4196170051086,2460.80712890625,106914.0,2529.448974609375,2597.88994140625,2637.3534912109376,37.03930129896272,-9.092142058809259,2439.923095703125,2485.612548828125,2614.39599609375
2023-03-17,2479.582677821942,2558.999916613392,2439.923129287136,2523.26220703125,1105513.0,2504.8001953125,2585.281201171875,2630.6838989257812,44.26351921975746,-12.781700467131486,2460.80712890625,2439.923095703125,2485.612548828125
2023-03-20,2472.7195979020107,2618.808107056412,2472.0333239209363,2538.70458984375,156651.0,2489.6619140625,2574.2510498046877,2622.9774780273438,45.915944352811664,-14.294848733997696,2523.26220703125,2460.80712890625,2439.923095703125
2023-03-21,2522.7231356085367,2572.187286021133,2507.0848492373298,2521.74267578125,35042.0,2496.887939453125,2561.6718017578123,2616.631457519531,44.36025974008194,-16.670546660499895,2538.70458984375,2523.26220703125,2460.80712890625
2023-03-22,2520.321095314117,2547.970014990941,2510.908585080693,2525.7626953125,29770.0,2514.055859375,2544.376513671875,2607.780383300781,44.837285304376834,-18.02118539631556,2521.74267578125,2538.70458984375,2523.26220703125
2023-03-23,2529.096081879933,2532.0865321767947,2451.3946418764504,2490.514892578125,100625.0,2519.997412109375,2524.723193359375,2598.500341796875,41.47931604381668,-21.685799035422406,2525.7626953125,2521.74267578125,2538.70458984375
2023-03-24,2490.514832545164,2514.8793540035167,2439.3839503940544,2457.0322265625,47004.0,2506.751416015625,2505.7758056640623,2589.254602050781,38.52755295886743,-26.980785368898523,2490.514892578125,2525.7626953125,2521.74267578125
2023-03-27,2457.0323102158504,2465.8564486005043,2383.644796902116,2412.8134765625,103351.0,2481.573193359375,2485.6175537109375,2576.2218383789063,34.98658069748343,-34.34922724989701,2457.0322265625,2490.514892578125,2525.7626953125
2023-03-28,2398.7438795640714,2451.590565009195,2384.478142147197,2423.843505859375,68340.0,2461.993359375,2479.4406494140626,2563.0640502929687,36.55303186307713,-38.85089046346502,2412.8134765625,2457.0322265625,2490.514892578125
2023-03-29,2421.7356055597124,2496.2996181312205,2400.9499065358027,2475.955078125,64393.0,2452.0318359375,2483.04384765625,2551.4921630859376,43.48163428935813,-37.77804088637049,2423.843505859375,2412.8134765625,2457.0322265625
2023-03-31,2475.954971990864,2535.174643168223,2431.540098922821,2464.4345703125,125574.0,2446.815771484375,2483.406591796875,2540.6482666015627,42.37980119530234,-37.425985107177894,2475.955078125,2423.843505859375,2412.8134765625
2023-04-03,2446.247240065011,2472.621513358164,2415.852985779634,2464.8759765625,99199.0,2448.384521484375,2477.56796875,2531.4245849609374,42.439985380857735,-36.6884390823725,2464.4345703125,2475.955078125,2423.843505859375
2023-04-05,2464.826610627515,2490.3676336418266,2451.14924571046,2485.906494140625,28610.0,2463.003125,2472.2881591796877,2523.2696044921877,45.367857053318346,-34.01483963696455,2464.8759765625,2464.4345703125,2475.955078125
2023-04-06,2498.995945784716,2572.726473680824,2487.7697291299005,2563.117919921875,121978.0,2490.8580078125,2476.42568359375,2519.0487426757813,54.51552905574281,-25.373189699898376,2485.906494140625,2464.8759765625,2464.4345703125
2023-04-10,2554.0979775708533,2559.0002769519874,2501.251285990263,2535.861328125,145917.0,2502.8392578125,2477.435546875,2510.9060302734374,51.25298649335871,-20.487828101094692,2563.117919921875,2485.906494140625,2464.8759765625
2023-04-11,2535.469035265208,2557.0882216649748,2519.38959034102,2540.0771484375,65630.0,2517.9677734375,2482.3917724609373,2503.557482910156,51.7341263691547,-16.090481318115962,2535.861328125,2563.117919921875,2485.906494140625
2023-04-12,2539.390645319808,2608.022824923046,2538.45925647063,2568.069091796875,145136.0,2538.606396484375,2493.495458984375,2499.635632324219,54.9159896914271,-10.22892375499896,2540.0771484375,2535.861328125,2563.117919921875
2023-04-13,2568.069248970938,2597.237927087531,2552.1367777307823,2585.227294921875,86205.0,2558.470556640625,2510.7368408203124,2498.177197265625,56.796118287269465,-4.151220870733596,2568.069091796875,2540.0771484375,2535.861328125
2023-04-17,2584.4921266753736,2615.62172645608,2565.0299031904283,2604.444580078125,68322.0,2566.735888671875,2528.7969482421877,2504.118798828125,58.865207599122826,2.1908223230871045,2585.227294921875,2568.069091796875,2540.0771484375
2023-04-18,2588.855084799385,2629.495096479353,2530.5667963529118,2573.60888671875,99247.0,2574.285400390625,2538.5623291015627,2510.803088378906,54.36605564367162,4.674865556550685,2604.444580078125,2585.227294921875,2568.069091796875
2023-04-19,2560.568483092382,2586.1583359896204,2453.4532677771067,2547.92041015625,203247.0,2575.854052734375,2546.9109130859374,2515.1587524414062,50.87733909374197,4.518555252352144,2573.60888671875,2604.444580078125,2585.227294921875
2023-04-20,2547.920486225736,2602.826227523148,2521.252031183857,2582.481689453125,271781.0,2578.736572265625,2558.671484375,2518.1197265625,55.0560756690368,7.101621536251059,2547.92041015625,2573.60888671875,2604.444580078125
2023-04-21,2596.0613765600424,2645.280408186008,2574.148005377269,2633.4658203125,99984.0,2588.38427734375,2573.4274169921873,2522.8577880859375,60.40681119386744,13.111571410865508,2582.481689453125,2547.92041015625,2573.60888671875
2023-04-24,2633.465820025152,2654.3987314546457,2599.394843681774,2633.122802734375,47823.0,2594.119921875,2580.4279052734373,2528.426794433594,60.35474929737654,17.64343875470604,2633.4658203125,2582.481689453125,2547.92041015625
2023-04-25,2622.730010305182,2691.3621974907383,2622.680939440321,2679.5966796875,138838.0,2615.31748046875,2594.8014404296873,2536.1184936523437,64.78328479409303,24.700300063038867,2633.122802734375,2633.4658203125,2582.481689453125
2023-04-26,2693.078011940137,2693.078011940137,2607.042662691845,2626.946044921875,65973.0,2631.122607421875,2603.488330078125,2542.940051269531,57.01323130352668,25.747644467887767,2679.5966796875,2633.122802734375,2633.4658203125
2023-04-27,2637.436874004037,2637.436874004037,2579.687887269225,2595.375244140625,95619.0,2633.701318359375,2606.2189453125,2549.8572021484374,52.91491200056178,23.756324557878543,2626.946044921875,2679.5966796875,2633.122802734375
2023-04-28,2598.2186560999767,2686.4600444203534,2558.019801420694,2668.61572265625,163319.0,2640.731298828125,2614.5577880859373,2562.647314453125,60.08348919027262,27.76799158053791,2595.375244140625,2626.946044921875,2679.5966796875
2023-05-02,2680.577036055084,2696.2643925206585,2653.614392129877,2695.185791015625,109190.0,2653.143896484375,2623.6319091796877,2576.2144287109377,62.324455362298785,32.71414080837758,2668.61572265625,2595.375244140625,2626.946044921875
2023-05-03,2695.185876510976,2722.7368929256263,2676.753423575271,2704.353271484375,157966.0,2658.09521484375,2636.70634765625,2587.6343383789062,63.094326206682965,36.947827211646654,2695.185791015625,2668.61572265625,2595.375244140625
2023-05-04,2706.0690113449027,2784.0155643890766,2688.4698060473065,2750.679931640625,309368.0,2682.8419921875,2656.9822998046875,2601.9466064453127,66.78769773571616,43.53933415303527,2704.353271484375,2695.185791015625,2668.61572265625
2023-05-05,2751.219364629017,2769.7499597406186,2693.4213052979912,2711.314697265625,80613.0,2706.0298828125,2669.8656005859375,2614.2685424804686,61.184478039095254,45.067198853234004,2750.679931640625,2704.353271484375,2695.185791015625
2023-05-08,2724.697810618323,2745.2874666179578,2673.419714707123,2731.021728515625,46029.0,2718.511083984375,2679.62119140625,2626.524304199219,62.864161550552375,47.32272840349515,2711.314697265625,2750.679931640625,2704.353271484375
2023-05-09,2730.5804561413206,2769.7988468937992,2725.7762990221663,2745.09130859375,71820.0,2728.4921875,2690.8180419921873,2635.6229736328123,64.05992592434512,49.67295049721406,2731.021728515625,2711.314697265625,2750.679931640625
2023-05-10,2758.81808744313,2764.8478200209697,2661.94860239894,2701.706298828125,37397.0,2727.96279296875,2693.02900390625,2643.9152221679688,57.87175531614371,47.48730662355683,2745.09130859375,2731.021728515625,2711.314697265625
2023-05-11,2706.0689630034435,2747.9345472744485,2706.0689630034435,2718.765869140625,77330.0,2721.57998046875,2702.210986328125,2652.849658203125,59.52733731635554,46.59461909364245,2701.706298828125,2745.09130859375,2731.021728515625
2023-05-12,2710.971116640239,2745.5323216534644,2703.225580626429,2729.354736328125,34192.0,2725.18798828125,2715.608935546875,2660.9139404296875,60.56329972779512,46.20892317953712,2718.765869140625,2701.706298828125,2745.09130859375
2023-05-15,2715.873448334389,2746.708858926125,2712.7360250767497,2733.178466796875,27972.0,2725.6193359375,2722.0652099609374,2668.3114990234376,60.95198991899693,45.68516928787858,2729.354736328125,2718.765869140625,2701.706298828125
2023-05-16,2733.1783995070477,2763.915906991204,2697.3427888035344,2725.677978515625,173475.0,2721.736669921875,2725.1144287109373,2674.3731689453125,59.70882573301325,44.15586253792844,2733.178466796875,2729.354736328125,2718.765869140625
2023-05-17,2725.6781469824696,2764.896537586534,2706.0689516804377,2744.061767578125,27511.0,2730.207763671875,2729.0852783203127,2682.8958129882812,61.767121463798695,43.92100010876038,2725.677978515625,2733.178466796875,2729.354736328125
2023-05-18,2764.8965429610157,2773.7697517264446,2715.8735546106427,2744.748046875,95593.0,2735.40419921875,2728.49208984375,2692.737194824219,61.845481455063535,43.29121279211131,2744.061767578125,2725.677978515625,2733.178466796875
2023-05-19,2743.424321802272,2755.0426253689634,2723.128614963929,2744.110595703125,31294.0,2738.35537109375,2731.7716796875,2700.818640136719,61.71894763961444,42.25359172071694,2744.748046875,2744.061767578125,2725.677978515625
2023-05-22,2701.166541014926,2730.384288679225,2671.7527492797367,2678.468994140625,49395.0,2727.4134765625,2726.51640625,2703.068798828125,50.30519633254054,35.72275124987209,2744.110595703125,2744.748046875,2744.061767578125
2023-05-23,2674.6941110059515,2745.287210709921,2674.6941110059515,2729.991943359375,64634.0,2728.27626953125,2725.0064697265625,2707.912255859375,57.02333325611235,34.30899183005249,2678.468994140625,2744.110595703125,2744.748046875
2023-05-24,2713.6183869488914,2744.061709889293,2691.411069484232,2737.884765625,46415.0,2727.040869140625,2728.62431640625,2710.82666015625,57.96091136039048,33.439986746482646,2729.991943359375,2678.468994140625,2744.110595703125
2023-05-25,2745.238292471726,2759.99425992366,2721.21702804255,2746.4638671875,75419.0,2727.384033203125,2731.3941162109377,2716.8025512695312,59.00772863352142,33.06243261195914,2737.884765625,2729.991943359375,2678.468994140625
2023-05-26,2746.4637963482623,2791.368900650012,2740.9733653852445,2765.337646484375,67598.0,2731.629443359375,2734.9924072265626,2725.300671386719,61.291366194530376,33.89544885945406,2746.4638671875,2737.884765625,2729.991943359375
2023-05-29,2764.896677971618,2772.2010557184863,2711.0204590177814,2759.455078125,46163.0,2747.82666015625,2737.620068359375,2729.842639160156,60.16631724715307,33.692559282704224,2765.337646484375,2746.4638671875,2737.884765625
2023-05-30,2746.2677556490016,2822.596642820542,2745.238225039028,2792.30029296875,82208.0,2760.288330078125,2744.2822998046877,2734.6983642578125,64.12584674308661,35.76977052170105,2759.455078125,2765.337646484375,2746.4638671875
2023-05-31,2807.987864937955,2807.987864937955,2674.498355654699,2708.520263671875,181064.0,2754.4154296875,2740.7281494140625,2734.9067138671876,50.37172086567798,30.30627533174402,2792.30029296875,2759.455078125,2765.337646484375
2023-06-01,2715.873676777419,2768.818506577412,2709.598829734337,2731.511962890625,37962.0,2751.425048828125,2739.404541015625,2733.9483154296877,53.330088253740875,27.51448416239873,2708.520263671875,2792.30029296875,2759.455078125
2023-06-02,2745.875902940516,2821.7633982360826,2731.512022770813,2765.043701171875,75600.0,2751.366259765625,2741.4978515625,2736.634765625,57.325495551785544,27.688524514693654,2731.511962890625,2708.520263671875,2792.30029296875
2023-06-05,2765.828264977963,2787.0553651122714,2735.4830794083646,2754.307861328125,33149.0,2750.33681640625,2749.08173828125,2737.799072265625,55.681871299531814,26.652921902719754,2765.043701171875,2731.511962890625,2708.520263671875
2023-06-06,2766.0732805862403,2792.153608340881,2737.7871575394674,2770.09326171875,16882.0,2745.89541015625,2753.0918701171877,2739.049169921875,57.606547903103134,26.79704955238867,2754.307861328125,2765.043701171875,2731.511962890625
2023-06-07,2754.111425591279,2816.958991036845,2754.111425591279,2791.515869140625,39667.0,2762.49453125,2758.45498046875,2743.5396484375,60.136724006715845,28.313516541738863,2770.09326171875,2754.307861328125,2765.043701171875
2023-06-08,2805.095733126268,2833.5290698129725,2774.1131049885817,2781.515625,58249.0,2772.495263671875,2761.96015625,2746.677136230469,58.384958776972255,28.381230273838355,2791.515869140625,2770.09326171875,2754.307861328125
2023-06-09,2784.5059268419486,2791.418216541399,2742.3461540059616,2765.288818359375,27829.0,2772.544287109375,2761.9552734375,2748.473840332031,55.55694429749805,26.816403405731762,2781.515625,2791.515869140625,2770.09326171875
2023-06-12,2781.6624255189813,2859.0206032963656,2759.9941695059224,2842.843017578125,65589.0,2790.251318359375,2770.2940673828125,2753.957067871094,64.42588409169325,31.47145917716398,2765.288818359375,2781.515625,2791.515869140625
2023-06-13,2843.333452791015,2995.3047235436384,2843.333452791015,2945.595458984375,302069.0,2825.3517578125,2785.623583984375,2764.9529418945312,72.31013092893406,42.95670949001351,2842.843017578125,2765.288818359375,2781.515625
2023-06-14,2960.939405664695,3014.864692488857,2881.0810060509248,2928.927490234375,85156.0,2852.83408203125,2807.664306640625,2774.1962280273438,69.6148550097942,50.13595129364194,2945.595458984375,2842.843017578125,2765.288818359375
2023-06-15,2939.3201311994385,2980.5975816138885,2907.1121726648853,2945.84033203125,38008.0,2885.6990234375,2829.0971435546876,2784.250842285156,70.80402951952574,56.538536083202416,2928.927490234375,2945.595458984375,2842.843017578125
2023-06-16,2960.5960954520515,2985.254560239392,2924.711176022369,2950.4482421875,63514.0,2922.730908203125,2847.63759765625,2794.567724609375,71.13548155805645,61.278074992522306,2945.84033203125,2928.927490234375,2945.595458984375
2023-06-19,2979.862152164006,2997.2162410320566,2916.867616250035,2936.77099609375,41708.0,2941.51650390625,2865.8839111328125,2807.4828247070313,68.64443162082598,63.20200094542179,2950.4482421875,2945.84033203125,2928.927490234375
2023-06-20,2919.3191519282527,2988.8336583201763,2919.3191519282527,2979.617431640625,146181.0,2948.3208984375,2886.836328125,2819.9640991210936,71.9573854327285,67.4070488900893,2936.77099609375,2950.4482421875,2945.84033203125
2023-06-21,2994.322907269373,3019.5396576403414,2973.0542181563565,3010.607666015625,67944.0,2964.65693359375,2908.7455078125,2833.600244140625,74.08977583806691,72.40558607448611,2979.617431640625,2936.77099609375,2950.4482421875
2023-06-22,3019.983796542645,3148.337354742274,3001.034306924027,3133.03955078125,275583.0,3002.09677734375,2943.897900390625,2852.9290283203127,80.42326285252618,85.26333010539429,3010.607666015625,2979.617431640625,2936.77099609375
2023-06-23,3147.399555286689,3153.2718894580084,3065.5810806018258,3083.296875,64216.0,3028.66650390625,2975.6987060546876,2868.8269897460937,72.65285700088985,90.39732260169922,3133.03955078125,3010.607666015625,2979.617431640625
2023-06-26,3082.803277942846,3102.492981615284,3020.082240732549,3065.18603515625,130733.0,3054.34951171875,2997.9330078125,2884.1135375976564,70.00093947966809,91.94477311580795,3083.296875,3133.03955078125,3010.607666015625
2023-06-27,3046.8782342366976,3069.0355682230024,3020.674770010952,3036.021728515625,68681.0,3065.63037109375,3006.975634765625,2896.299609375,65.83365605263651,89.78286204167443,3065.18603515625,3083.296875,3133.03955078125
2023-06-28,3039.821656139184,3101.358401956672,3030.7417175652595,3061.53466796875,169456.0,3075.815771484375,3020.2363525390624,2913.950329589844,67.64809577202304,89.10111079134367,3036.021728515625,3065.18603515625,3083.296875
2023-06-30,3054.6752454860643,3290.064022583311,3054.6752454860643,3155.986083984375,264385.0,3080.405078125,3041.250927734375,2935.174035644531,73.30100066280535,95.08616381536422,3061.53466796875,3036.021728515625,3065.18603515625
2023-07-03,3148.3867580535075,3187.815565970252,3112.70842769489,3130.029296875,62732.0,3089.7515625,3059.209033203125,2953.4233154296876,69.69677749395106,96.62107802414403,3155.986083984375,3061.53466796875,3036.021728515625
2023-07-04,3133.5822269050764,3247.0326596533578,3132.9899575034915,3204.84033203125,119988.0,3117.682421875,3086.015966796875,2975.9499389648436,73.70918658703158,102.69038309449388,3130.029296875,3155.986083984375,3061.53466796875
2023-07-05,3185.8906210618866,3240.1731440353697,3145.27752071041,3155.837890625,38390.0,3141.645654296875,3103.6380126953127,2995.237170410156,67.41274551009967,102.36624919874839,3204.84033203125,3130.029296875,3155.986083984375
2023-07-06,3133.58218161656,3201.28739222216,3129.6837574872866,3156.33154296875,66346.0,3160.605029296875,3118.210400390625,3013.4779541015623,67.44291772349165,100.98511087253746,3155.837890625,3204.84033203125,3130.029296875
2023-07-07,3143.451861575227,3186.236459746972,3099.038883939156,3111.7705078125,146810.0,3151.7619140625,3116.08349609375,3029.9906982421876,61.873817173651865,95.1974685147793,3156.33154296875,3155.837890625,3204.84033203125
2023-07-10,3108.908493256339,3191.812719743175,3104.615142288082,3154.111083984375,92437.0,3156.578271484375,3123.1649169921875,3049.4318115234373,64.84432263246481,92.95571526797039,3111.7705078125,3156.33154296875,3155.837890625
2023-07-11,3138.517001480473,3161.216967214451,3136.099009843452,3148.189208984375,89889.0,3145.248046875,3131.465234375,3064.69912109375,64.09218167348915,89.66763121114855,3154.111083984375,3111.7705078125,3156.33154296875
2023-07-12,3140.046917397124,3237.212594803019,3140.046917397124,3195.168212890625,83685.0,3153.114111328125,3147.3798828125,3077.1777587890624,67.32968250187824,89.81725647868188,3148.189208984375,3154.111083984375,3111.7705078125
2023-07-13,3182.930146446773,3369.464657354817,3182.930146446773,3331.861572265625,217440.0,3188.2201171875,3174.4125732421876,3097.324462890625,74.5264650547577,99.81523934237703,3195.168212890625,3148.189208984375,3154.111083984375
2023-07-14,3321.005066658154,3445.608146046505,3259.962039269915,3305.115234375,275977.0,3226.8890625,3189.32548828125,3115.2882080078125,71.22054816593965,104.37731019482544,3331.861572265625,3195.168212890625,3148.189208984375
2023-07-17,3277.776461791243,3350.7123424658303,3269.5352908700083,3311.67822265625,85725.0,3258.402490234375,3207.490380859375,3133.34970703125,71.55399354139561,107.28564043846927,3305.115234375,3331.861572265625,3195.168212890625
2023-07-18,3336.5494466216574,3479.016502474094,3336.5494466216574,3435.047607421875,231104.0,3315.774169921875,3230.5111083984375,3158.263537597656,76.95837241358315,118.18305077660534,3311.67822265625,3305.115234375,3331.861572265625
2023-07-19,3435.0475570023373,3469.443035890085,3408.9426448701606,3439.587646484375,81364.0,3364.658056640625,3258.886083984375,3181.2620483398437,77.13056592205004,125.73626084392981,3435.047607421875,3311.67822265625,3305.115234375
2023-07-20,3417.825545374238,3466.186345756374,3398.481128839049,3422.118896484375,122306.0,3382.709521484375,3285.4648193359376,3201.837609863281,74.81385120840179,128.82760763919623,3439.587646484375,3435.047607421875,3311.67822265625
2023-07-21,3434.554201026271,3454.342698102279,3416.344928423154,3447.927490234375,62873.0,3411.27197265625,3319.080517578125,3217.5820068359376,75.96258903712214,131.84028730626596,3422.118896484375,3439.587646484375,3435.047607421875
2023-07-24,3465.692512806293,3669.4493261469142,3416.542105185328,3590.64111328125,342679.0,3467.06455078125,3362.7335205078125,3242.94921875,81.09686090701751,144.08275797444685,3447.927490234375,3422.118896484375,3439.587646484375
2023-07-25,3585.6572345771565,3765.233664844291,3585.6572345771565,3699.40380859375,379972.0,3519.935791015625,3417.85498046875,3274.660107421875,83.91637530607625,160.70869492772863,3590.64111328125,3447.927490234375,3422.118896484375
2023-07-26,3711.790038203434,3747.369575394143,3627.750670170863,3645.2197265625,148975.0,3561.06220703125,3462.8601318359374,3305.120007324219,77.6986662983602,167.58089887521282,3699.40380859375,3590.64111328125,3447.927490234375
2023-07-27,3676.2102703219753,3730.6901416598103,3583.73262902279,3598.931640625,139595.0,3596.424755859375,3489.567138671875,3331.989855957031,72.74027495634493,167.362853529934,3645.2197265625,3699.40380859375,3590.64111328125
2023-07-28,3615.019064753096,3617.881138062812,3140.737759488425,3315.9716796875,909746.0,3570.03359375,3490.652783203125,3339.9891357421875,51.22141512007357,142.7124467199019,3598.931640625,3645.2197265625,3699.40380859375
2023-07-31,3352.488964124263,3551.705696517649,3337.9313771276743,3503.6904296875,547206.0,3552.64345703125,3509.85400390625,3358.6721923828127,59.7321993227903,136.74781236195713,3315.9716796875,3598.931640625,3645.2197265625
2023-08-01,3534.4337625778794,3534.4337625778794,3444.4729117102347,3514.6455078125,310044.0,3515.691796875,3517.8137939453127,3374.162451171875,60.168970948757,131.39019552326,3503.6904296875,3315.9716796875,3598.931640625
2023-08-02,3515.5339413065185,3553.334368484781,3405.09376592237,3479.16455078125,335252.0,3482.48076171875,3521.771484375,3390.3287841796873,57.975628213760075,122.86491857280453,3514.6455078125,3503.6904296875,3315.9716796875
2023-08-03,3479.509975323213,3528.3148536048147,3420.292673232902,3508.082275390625,204862.0,3464.310888671875,3530.367822265625,3407.9163208007812,59.27852755665962,117.09222755683959,3479.16455078125,3514.6455078125,3503.6904296875
2023-08-04,3537.246953988918,3582.646886992124,3515.040465019959,3532.509521484375,128417.0,3507.61845703125,3538.826025390625,3428.953271484375,60.39551697101293,113.18369180472291,3508.082275390625,3479.16455078125,3514.6455078125
2023-08-07,3532.5093359260877,3748.4551410587046,3532.5093359260877,3711.148193359375,338583.0,3549.110009765625,3550.8767333984374,3456.805126953125,67.43128969674254,123.08198443563197,3532.509521484375,3508.082275390625,3479.16455078125
2023-08-08,3688.251264160556,3834.221829263194,3671.47302720826,3803.626220703125,349062.0,3606.90615234375,3561.298974609375,3489.5769775390627,70.36624750320328,136.8115778868646,3711.148193359375,3532.509521484375,3508.082275390625
2023-08-09,3715.886063935741,3829.28711197471,3710.951288286424,3725.755615234375,121025.0,3656.224365234375,3569.3525634765624,3516.10634765625,65.0504176943274,139.7973754208142,3803.626220703125,3711.148193359375,3532.509521484375
2023-08-10,3730.9370878345862,3829.385860934646,3730.9370878345862,3800.912109375,269583.0,3714.79033203125,3589.5506103515627,3539.558874511719,67.59489050710312,146.53893284557398,3725.755615234375,3803.626220703125,3711.148193359375
2023-08-11,4181.876709044545,4428.467537366015,3947.820403268121,4018.23974609375,3256078.0,3811.936376953125,3659.7774169921877,3575.2151000976564,73.58392980440252,167.48749805512216,3800.912109375,3725.755615234375,3803.626220703125
2023-08-14,4134.355029264443,4145.211535667381,4026.826316310144,4086.240966796875,605849.0,3886.954931640625,3718.032470703125,3613.9432373046875,75.13260518366818,187.41610096136947,4018.23974609375,3800.912109375,3725.755615234375
2023-08-16,4108.3977947502935,4268.2845056642855,4086.438045874761,4181.97509765625,539281.0,3962.62470703125,3784.7654296875,3651.2896118164062,77.16250851278316,208.53079343839227,4086.240966796875,4018.23974609375,3800.912109375
2023-08-17,4218.245751606429,4338.65426393586,4195.84167990835,4297.498046875,845546.0,4076.973193359375,3866.598779296875,3694.1851318359377,79.35275653660482,231.91273029181866,4181.97509765625,4086.240966796875,4018.23974609375
2023-08-18,4291.330186159672,4363.180810879118,4260.290735557339,4295.771484375,411866.0,4175.945068359375,3945.3677001953124,3737.8677612304687,79.2304539160927,247.45129998847187,4297.498046875,4181.97509765625,4086.240966796875
2023-08-21,4307.071939933449,4348.228159255222,4220.269048470998,4247.16357421875,392433.0,4221.729833984375,4016.83310546875,3777.8295654296876,75.69340461414356,252.92788113448523,4295.771484375,4297.498046875,4181.97509765625
2023-08-22,4320.888996815369,4396.884531935238,4259.895370483812,4354.05078125,499592.0,4275.291796875,4081.1233642578127,3816.000048828125,78.01738174684769,262.86289562876027,4247.16357421875,4295.771484375,4297.498046875
2023-08-23,4354.445488304383,4406.606156775757,4314.6217574132,4374.9248046875,417786.0,4313.88173828125,4138.25322265625,3849.7760986328126,78.45069904475164,269.3163146021525,4354.05078125,4247.16357421875,4295.771484375
2023-08-24,4426.986593280717,4480.775640061187,4354.544193632095,4391.357421875,370820.0,4332.65361328125,4204.813403320312,3887.0829833984376,78.8048980786008,272.6141443472361,4374.9248046875,4354.05078125,4247.16357421875
2023-08-25,4463.010331389051,4506.831035253011,4412.724783386845,4439.52099609375,520398.0,4361.403515625,4268.674291992187,3929.112451171875,79.8502911438645,275.9333086795259,4391.357421875,4374.9248046875,4354.05078125
2023-08-28,4439.521240191235,4491.731064090103,4367.967001620601,4396.39111328125,528678.0,4391.2490234375,4306.489428710937,3983.1334228515625,76.22465812162346,271.94869397272214,4439.52099609375,4391.357421875,4374.9248046875
2023-08-29,4426.1480760216655,4473.8182963176105,4372.211076393858,4397.82275390625,510991.0,4400.00341796875,4337.647607421875,4027.8400390625,76.2631855652227,265.8419193779587,4396.39111328125,4439.52099609375,4391.357421875
2023-08-30,4441.150267778296,4442.285169828594,4322.912750605179,4349.11669921875,702240.0,4394.841796875,4354.361767578125,4069.5635986328125,71.98909464617454,254.1424885451329,4397.82275390625,4396.39111328125,4439.52099609375
2023-08-31,4425.506039080463,4642.636130203947,4196.285749701239,4399.54931640625,9680689.0,4396.48017578125,4364.56689453125,4115.582836914063,73.63665939937043,246.1031718728891,4349.11669921875,4397.82275390625,4396.39111328125
2023-09-01,4465.527334095668,4515.220617861808,4268.827382955794,4338.40771484375,384228.0,4376.25751953125,4368.830517578125,4157.099108886719,68.38511641579274,232.1225746759992,4399.54931640625,4349.11669921875,4397.82275390625
2023-09-04,4342.601963298965,4377.342971770004,4244.942574109675,4272.47900390625,143718.0,4351.47509765625,4371.362060546875,4194.097583007812,63.15487001623498,213.2645734392504,4338.40771484375,4399.54931640625,4349.11669921875
2023-09-05,4286.296645882308,4490.645497112631,4258.809851237432,4443.46923828125,245715.0,4360.60439453125,4380.30390625,4230.713635253906,69.64030819371007,209.69966725303038,4272.47900390625,4338.40771484375,4399.54931640625
2023-09-06,4451.166645442843,4484.130843064472,4362.38985849693,4397.4267578125,203647.0,4370.26640625,4382.5541015625,4260.403662109375,66.2583225787407,200.84400536315115,4443.46923828125,4272.47900390625,4338.40771484375
2023-09-07,4429.454553369179,4548.77733031624,4404.879467403276,4494.6923828125,436253.0,4389.29501953125,4392.88759765625,4298.850500488281,69.61532058093323,199.3760693484237,4397.4267578125,4443.46923828125,4272.47900390625
2023-09-08,4494.69222285558,4617.025015783278,4423.335081477844,4568.26953125,195041.0,4435.2673828125,4405.762451171875,4337.218371582031,71.8933617651486,201.82328722536477,4494.6923828125,4397.4267578125,4443.46923828125
2023-09-11,4568.269631069979,4574.388945459788,4513.345676091178,4525.53466796875,100555.0,4485.878515625,4418.676806640625,4362.583117675781,68.67291272813262,198.03159376491567,4568.26953125,4494.6923828125,4397.4267578125
2023-09-12,4604.145136719816,4636.714652156419,4445.245379589721,4522.474609375,194240.0,4501.67958984375,4431.1419921875,4384.394799804688,68.43651264942562,192.56001622272743,4525.53466796875,4568.26953125,4494.6923828125
2023-09-13,4510.384439453919,4510.384439453919,4274.354242905084,4357.45556640625,319237.0,4493.6853515625,4431.97587890625,4393.1688232421875,57.034340848070464,172.91483932210667,4522.474609375,4525.53466796875,4568.26953125
2023-09-14,4379.168607507744,4400.388140577206,4219.331530115219,4238.873046875,245695.0,4442.521484375,4415.908251953125,4390.237573242188,50.520480081845946,146.09320527129785,4357.45556640625,4522.474609375,4525.53466796875
2023-09-15,4224.167442614523,4261.326202357066,4041.580765772541,4066.402587890625,471210.0,4342.148095703125,4388.707739257812,4378.769128417969,42.85435746471878,109.65589747465856,4238.873046875,4357.45556640625,4522.474609375
2023-09-18,4096.801482448316,4120.5375599391045,3962.674139217156,4058.8037109375,238348.0,4248.801904296875,4367.3402099609375,4369.351135253906,42.54801516083944,79.25233112519527,4066.402587890625,4238.873046875,4357.45556640625
2023-09-20,4080.121143744031,4134.255722125243,4058.852456160895,4115.40478515625,118891.0,4167.387939453125,4334.533764648438,4357.418835449219,45.66375748476064,59.043898098191676,4058.8037109375,4066.402587890625,4238.873046875
2023-09-21,4114.221011587937,4114.270166576899,3982.3637175201793,4023.569091796875,189007.0,4100.61064453125,4297.147998046875,4339.851049804687,41.71117917503572,35.21229100736127,4115.40478515625,4058.8037109375,4066.402587890625
2023-09-22,4022.8289659914376,4081.9971166832847,4000.5730804148175,4053.868896484375,183993.0,4063.609814453125,4253.065649414062,4322.976623535156,43.45038699116929,18.556602737397043,4023.569091796875,4115.40478515625,4058.8037109375
2023-09-25,4053.5238108572494,4162.779462688614,4021.842452456781,4135.9345703125,115250.0,4077.5162109375,4209.8321533203125,4307.797302246094,47.97790743866522,11.842352543657398,4053.868896484375,4023.569091796875,4115.40478515625
2023-09-26,4139.289028623881,4143.088901534622,4050.512238786112,4118.11865234375,89102.0,4089.37919921875,4169.090551757812,4293.883679199219,47.096352456756975,5.025731698706295,4135.9345703125,4053.868896484375,4023.569091796875
2023-09-27,4128.432863212472,4180.050418175768,4076.1242469680874,4091.91552734375,103845.0,4084.68134765625,4126.034643554687,4278.588317871094,45.76446937990737,-2.4624767319382954,4118.11865234375,4135.9345703125,4053.868896484375
2023-09-28,4113.431171178394,4113.431171178394,4009.110308838086,4063.985107421875,100821.0,4092.76455078125,4096.68759765625,4264.33173828125,44.32553216091217,-10.52931197214366,4091.91552734375,4118.11865234375,4135.9345703125
2023-09-29,4056.385124712825,4113.87525452171,4042.616909444585,4067.735107421875,91685.0,4095.53779296875,4079.5738037109377,4247.741027832031,44.57749590017801,-16.43034457376143,4063.985107421875,4091.91552734375,4118.11865234375
2023-10-03,4047.996139324308,4083.0330436144486,3951.175752495138,3963.216796875,201015.0,4060.99423828125,4069.255224609375,4228.981481933593,39.24628006084111,-29.204063327216318,4067.735107421875,4063.985107421875,4091.91552734375
2023-10-04,3967.559054330664,3984.041154449781,3882.434186560509,3903.259033203125,127114.0,4018.022314453125,4053.7007568359377,4210.520483398437,36.546119467424425,-43.662108303580226,3963.216796875,4067.735107421875,4063.985107421875
2023-10-05,3922.751843977405,3932.868133770805,3776.139615414566,3811.47265625,168713.0,3961.933740234375,4023.3075439453123,4178.920654296875,32.82315489711684,-61.81405271945778,3903.259033203125,3963.216796875,4067.735107421875
2023-10-06,3848.138019918131,3975.45523063099,3830.9157012338,3861.4619140625,257858.0,3921.4291015625,4007.096826171875,4152.122412109375,36.61060882865007,-71.34348088110619,3811.47265625,3903.259033203125,3963.216796875
2023-10-09,3849.1246860686174,3995.194033129684,3831.40889115339,3959.46630859375,205823.0,3899.775341796875,3997.6565673828127,4125.361108398438,43.35361419974907,-70.17851157641644,3861.4619140625,3811.47265625,3903.259033203125
2023-10-10,3949.695282691062,4080.812356286689,3947.573425734974,3975.109375,162193.0,3902.153857421875,3981.5740478515627,4095.7031005859376,44.37080108780395,-67.21815127877971,3959.46630859375,3861.4619140625,3811.47265625
2023-10-11,4002.1029145590633,4094.679109805652,3930.15398443798,4070.9921875,217384.0,3935.70048828125,3976.8614013671877,4072.9759765625,50.265842639494814,-56.48399048970532,3975.109375,3959.46630859375,3861.4619140625
2023-10-12,4047.008978282812,4167.910965806198,4047.008978282812,4114.66455078125,161266.0,3996.3388671875,3979.1363037109377,4052.5854736328124,52.72327762747275,-43.946508008710225,4070.9921875,3975.109375,3959.46630859375
2023-10-13,4089.990823113564,4120.537274234521,4073.2125875059023,4107.361328125,90134.0,4045.51875,3983.47392578125,4040.08076171875,52.258254339855306,-34.2054724533441,4114.66455078125,4070.9921875,3975.109375
2023-10-16,4143.23760382707,4337.667762939489,4125.077725957282,4282.34912109375,538584.0,4110.0953125,4004.9353271484374,4042.2545654296873,61.10932284132887,-12.22466085601036,4107.361328125,4114.66455078125,4070.9921875
2023-10-17,4293.254375039387,4637.701680071283,4283.335669765157,4565.25927734375,469250.0,4228.12529296875,4065.1395751953123,4067.197399902344,70.59955405208751,27.704416658778428,4282.34912109375,4107.361328125,4114.66455078125
2023-10-18,4542.95433040646,4754.11356705348,4451.118351012901,4645.8935546875,335904.0,4343.10556640625,4139.40302734375,4096.551892089844,72.64822692021265,65.10452610480934,4565.25927734375,4282.34912109375,4107.361328125
2023-10-19,4589.340554665218,4611.991363715787,4468.98120477339,4585.14599609375,256324.0,4437.20185546875,4216.770361328125,4120.038952636719,68.76087459746734,88.81871514359682,4645.8935546875,4565.25927734375,4282.34912109375
2023-10-20,4576.510000707473,4824.235687612278,4498.589716384536,4652.40673828125,1371567.0,4546.2109375,4295.86484375,4151.4808349609375,70.63450417147709,111.75155818160783,4585.14599609375,4645.8935546875,4565.25927734375
2023-10-23,4641.649670035489,4799.51332542447,4095.863519168038,4265.6689453125,281863.0,4542.87490234375,4326.485107421875,4162.070837402343,51.50595752552861,97.59448524599975,4652.40673828125,4585.14599609375,4645.8935546875
2023-10-25,4271.541331075884,4396.884618748398,4136.377648179337,4331.00537109375,202808.0,4496.02412109375,4362.07470703125,4171.824377441406,53.7830956167086,90.60259613944436,4265.6689453125,4652.40673828125,4585.14599609375
2023-10-26,4279.486419352424,4292.859949950555,4066.4029120964033,4123.0048828125,215575.0,4391.44638671875,4367.2759765625,4172.068688964844,46.32526438467586,67.49948058179325,4331.00537109375,4265.6689453125,4652.40673828125
2023-10-27,4129.814695237267,4257.428274833646,4096.899647296645,4152.958984375,118955.0,4305.008984375,4371.105419921875,4175.120861816406,47.455249484759065,51.01902514894118,4123.0048828125,4331.00537109375,4265.6689453125
2023-10-30,4145.21106790965,4579.471275023995,4074.0023598753855,4463.109375,311575.0,4267.14951171875,4406.680224609375,4195.077075195312,57.444990191620064,62.26691572691743,4152.958984375,4123.0048828125,4331.00537109375
2023-10-31,4464.98438718095,4465.971342173695,4205.464379073856,4272.77490234375,240451.0,4268.570703125,4405.722802734375,4205.329064941407,51.03283033314036,55.18639439261733,4463.109375,4152.958984375,4123.0048828125
2023-11-01,4294.093667613768,4454.868556062813,4194.7070968716935,4417.66015625,234568.0,4285.90166015625,4390.962890625,4228.051232910157,55.137923078440906,60.567870645814764,4272.77490234375,4463.109375,4152.958984375
2023-11-02,4391.950106902962,4480.677272230872,4391.45662936286,4454.96728515625,107152.0,4352.294140625,4371.870263671875,4255.636645507812,56.15714584258152,67.06996208860983,4417.66015625,4272.77490234375,4463.109375
2023-11-03,4457.138988396344,4461.086809329381,4299.176996077874,4322.3212890625,133753.0,4386.1666015625,4345.58779296875,4281.1790771484375,51.6629124164878,60.81841624185472,4454.96728515625,4417.66015625,4272.77490234375
2023-11-06,4345.069613227545,4389.976068060448,4260.191478818103,4343.095703125,93111.0,4362.1638671875,4314.656689453125,4305.260766601563,52.306677617602844,56.88461231286601,4322.3212890625,4454.96728515625,4417.66015625
2023-11-07,4351.005528124678,4417.894540526621,4273.388454165403,4294.74560546875,97300.0,4366.5580078125,4317.56435546875,4322.024731445313,50.61702701973936,49.29732666016389,4343.095703125,4322.3212890625,4454.96728515625
2023-11-08,4301.073688946613,4388.973696054803,4286.242400364039,4337.21240234375,68395.0,4350.46845703125,4318.18505859375,4340.1298828125,52.08116777329821,46.17874390052384,4294.74560546875,4343.095703125,4322.3212890625
2023-11-09,4311.94959476874,4342.947081786587,4147.816681966261,4177.9736328125,148406.0,4295.0697265625,4323.68193359375,4345.478955078125,46.51240881181312,30.50634851198265,4337.21240234375,4294.74560546875,4343.095703125
2023-11-10,4178.023430134531,4270.422555363904,4144.999189264954,4200.171875,75980.0,4270.63984375,4328.40322265625,4349.754321289062,47.357433154127406,19.650555507289937,4177.9736328125,4337.21240234375,4294.74560546875
2023-11-13,4246.69241880822,4265.923850002151,4160.720187085872,4223.2587890625,66927.0,4246.6724609375,4304.4181640625,4355.5491943359375,48.27274192176092,12.76305777347352,4200.171875,4177.9736328125,4337.21240234375
2023-11-15,4244.368508740812,4261.42449011395,4055.8629329051223,4105.15234375,251597.0,4208.75380859375,4287.655908203125,4346.68935546875,44.052888634333065,-2.200174638615863,4223.2587890625,4200.171875,4177.9736328125
2023-11-16,4122.109488511737,4125.669094342487,4003.162505364018,4024.766845703125,203402.0,4146.264697265625,4248.3665771484375,4319.664733886719,41.40019805706896,-20.31095002346683,4105.15234375,4223.2587890625,4200.171875
2023-11-17,4043.998283664144,4181.434900150529,4029.166994115253,4140.599609375,193822.0,4138.789892578125,4216.9298095703125,4294.400036621094,46.408036053124434,-25.02861967568242,4024.766845703125,4105.15234375,4223.2587890625
2023-11-20,4153.749829108548,4197.007756988457,4086.7125934184032,4149.3994140625,104134.0,4128.635400390625,4199.637622070312,4272.612707519531,46.780131382699714,-27.737594446071853,4140.599609375,4024.766845703125,4105.15234375
2023-11-21,4168.432601597368,4168.432601597368,4053.885520277512,4078.010986328125,162464.0,4099.58583984375,4173.129150390625,4243.892919921875,44.10478671869933,-35.23871598634287,4149.3994140625,4140.599609375,4024.766845703125
2023-11-22,4091.4584620717137,4091.4584620717137,4004.4482289488737,4033.7646484375,104117.0,4085.30830078125,4147.0310546875,4232.297705078125,42.48309373998088,-44.243704648925814,4078.010986328125,4149.3994140625,4140.599609375
2023-11-23,4053.885755924095,4083.5483346259775,4034.160189366279,4064.811279296875,56111.0,4093.3171875,4119.790942382812,4218.988000488282,44.03797824585896,-48.31803912058422,4033.7646484375,4078.010986328125,4149.3994140625
2023-11-24,4009.4414863291527,4118.352735690259,3990.6057000457854,4082.806884765625,143208.0,4081.758642578125,4110.274267578125,4216.978100585938,44.966656308706106,-49.52400171345835,4064.811279296875,4033.7646484375,4078.010986328125
2023-11-28,4103.274155823767,4144.060201670513,4028.227686628943,4076.874267578125,235636.0,4067.25361328125,4097.944506835937,4213.173864746093,44.70328059104934,-50.37772532438794,4082.806884765625,4064.811279296875,4033.7646484375
2023-11-29,4093.436157576008,4189.3451689974745,4053.886049773341,4074.9462890625,180837.0,4066.640673828125,4083.1132568359376,4193.765710449219,44.61183226808178,-50.62629082337844,4076.874267578125,4082.806884765625,4064.811279296875
2023-11-30,4063.575287091132,4542.230522577455,4043.00942590051,4381.31103515625,1282443.0,4136.149951171875,4110.7291259765625,4199.192517089844,58.973921948414656,-25.804745120540247,4074.9462890625,4076.874267578125,4082.806884765625
2023-12-01,4370.48447174606,4456.901353142193,4276.800162122011,4410.62744140625,173440.0,4205.31318359375,4149.315185546875,4198.840881347656,60.041659949833054,-3.72496328645866,4381.31103515625,4074.9462890625,4076.874267578125
2023-12-04,4420.614382474474,4728.017502613714,4405.535903688269,4660.189453125,257944.0,4320.789697265625,4201.274169921875,4209.101989746094,67.73891814771613,33.52454151594338,4410.62744140625,4381.31103515625,4074.9462890625
2023-12-05,4696.574765141015,4790.259072298301,4537.434843930656,4574.76025390625,458965.0,4420.36689453125,4243.81025390625,4221.723937988281,63.247490037984484,55.51171552298547,4660.189453125,4410.62744140625,4381.31103515625
2023-12-06,4617.474578172665,4627.263132219488,4486.909992263201,4527.20166015625,112367.0,4510.81796875,4288.729321289063,4230.929235839843,60.82942884284332,68.31167382738658,4574.76025390625,4660.189453125,4410.62744140625
2023-12-07,4481.0265638710725,4549.794110719426,4453.341492426151,4475.2919921875,127828.0,4529.61416015625,4332.882055664062,4239.956555175781,58.213351810933865,73.42070840082124,4527.20166015625,4574.76025390625,4660.189453125
2023-12-08,4476.082805093047,4518.648409361731,4430.74840400381,4471.38623046875,68948.0,4541.76591796875,4373.53955078125,4246.665246582032,58.011193886721124,76.2752393010096,4475.2919921875,4527.20166015625,4574.76025390625
2023-12-11,4471.38669748727,4498.775339167432,4459.274477454273,4474.3037109375,64837.0,4504.58876953125,4412.689233398438,4261.481750488281,58.12816457844974,77.87519512287054,4471.38623046875,4475.2919921875,4527.20166015625
2023-12-12,4496.846488723056,4507.673521999628,4361.486364457221,4390.50634765625,108755.0,4467.73798828125,4444.05244140625,4270.998474121094,53.51668963633386,71.55656520448065,4474.3037109375,4471.38623046875,4475.2919921875
2023-12-13,4380.173876537741,4407.809703930956,4338.646268678918,4381.5087890625,72369.0,4438.5994140625,4474.70869140625,4278.910974121094,53.030220059108665,65.0728582842521,4390.50634765625,4474.3037109375,4471.38623046875
2023-12-14,4408.8475897217095,4414.780104980361,4385.315472311453,4399.35546875,105703.0,4423.412109375,4476.513134765625,4293.621130371093,53.92486455304454,60.675126646218814,4381.5087890625,4390.50634765625,4474.3037109375
2023-12-15,4443.45442160465,4443.45442160465,4353.576902024595,4392.1875,160020.0,4407.57236328125,4474.669140625,4311.992163085937,53.4842274607397,55.966352195950094,4399.35546875,4381.5087890625,4390.50634765625
2023-12-18,4392.187649485636,4444.443325521562,4361.882476204309,4420.96044921875,52263.0,4396.9037109375,4450.746240234375,4326.010205078125,55.07127184924492,53.93462625725351,4392.1875,4399.35546875,4381.5087890625
2023-12-19,4420.96029373671,4443.059012059197,4344.8263395588565,4381.75634765625,95062.0,4395.1537109375,4431.445849609375,4337.6280517578125,52.445661860212844,48.600785852921035,4420.96044921875,4392.1875,4399.35546875
2023-12-20,4399.948844118163,4627.361930443371,4382.151298231843,4585.7353515625,203060.0,4435.9990234375,4437.29921875,4363.014270019531,62.47121345039565,60.13982532520549,4381.75634765625,4420.96044921875,4392.1875
2023-12-21,4533.43033469396,4533.43033469396,4359.409890003418,4404.84326171875,164534.0,4437.09658203125,4430.254345703125,4381.568200683594,52.00113872119162,54.06489096039786,4585.7353515625,4381.75634765625,4420.96044921875
2023-12-22,4493.880728940712,4557.012681283596,4446.519574251885,4489.2333984375,91596.0,4456.50576171875,4432.0390625,4402.789306640625,55.72889095380759,55.42117960416181,4404.84326171875,4585.7353515625,4381.75634765625
2023-12-26,4537.385814078052,4572.931664203194,4452.353087991604,4537.43505859375,61344.0,4479.80068359375,4438.352197265625,4425.520715332032,57.74737264037451,59.69736519673552,4489.2333984375,4404.84326171875,4585.7353515625
2023-12-27,4589.34477221303,4693.608934604981,4474.303785042122,4574.71142578125,124661.0,4518.39169921875,4456.772705078125,4450.412573242187,59.29308565319711,65.34095453696682,4537.43505859375,4489.2333984375,4404.84326171875
2023-12-28,4598.639186821487,4614.557717757168,4430.600486093254,4446.17333984375,86028.0,4490.479296875,4463.23916015625,4468.97392578125,52.20153300314281,58.764193409233485,4574.71142578125,4537.43505859375,4489.2333984375
2023-12-29,4463.030993039159,4511.529594485737,4372.312948081537,4491.853515625,81387.0,4507.88134765625,4472.48896484375,4474.501049804688,54.29368903569037,56.585785540604775,4446.17333984375,4574.71142578125,4537.43505859375
2024-01-01,4488.936635193798,4513.655449264248,4405.881419917085,4425.8046875,78967.0,4495.19560546875,4475.85068359375,4475.259912109375,50.82937759392013,48.96535108608896,4491.853515625,4446.17333984375,4574.71142578125
2024-01-02,4425.804412845924,4447.408751560655,4360.84366317368,4433.76416015625,50198.0,4474.46142578125,4477.1310546875,4463.938647460937,51.23320487446623,43.07185922010194,4425.8046875,4491.853515625,4446.17333984375
2024-01-03,4399.9489838976615,4437.966713739436,4370.286406478126,4387.73779296875,35101.0,4437.06669921875,4477.72919921875,4454.5875244140625,48.740411802660596,34.291984629569015,4433.76416015625,4425.8046875,4491.853515625
2024-01-04,4388.0839755569095,4445.431625530388,4292.224219252742,4348.97900390625,98876.0,4417.62783203125,4454.053564453125,4445.6763916015625,46.680637348557624,23.930504445339466,4387.73779296875,4433.76416015625,4425.8046875
2024-01-05,4354.91149035529,4399.850005404074,4310.961245096311,4330.39013671875,53534.0,4385.33515625,4446.608251953125,4438.431298828125,45.683494904947516,14.05695074250616,4348.97900390625,4387.73779296875,4433.76416015625
2024-01-08,4353.131250460293,4419.7238302320575,4294.251230132998,4314.61962890625,57436.0,4363.09814453125,4429.146875,4430.59296875,44.808988484083144,4.903021141369209,4330.39013671875,4348.97900390625,4387.73779296875
2024-01-09,4334.39527196434,4340.624220668678,4219.996394946224,4236.16259765625,88741.0,4323.57783203125,4399.01962890625,4418.6859130859375,40.64089177824874,-8.583416465121445,4314.61962890625,4330.39013671875,4348.97900390625
2024-01-10,4257.272076003983,4315.163345076304,4241.748467749864,4257.66748046875,38046.0,4297.56376953125,4367.315234375,4412.043969726563,42.2271942428893,-17.33640779610323,4236.16259765625,4314.61962890625,4330.39013671875
2024-01-11,4261.325929417919,4296.130215418068,4164.3296817869295,4181.3359375,68146.0,4264.03515625,4340.831494140625,4402.035327148437,38.31337563873184,-30.08572457091941,4257.66748046875,4236.16259765625,4314.61962890625
2024-01-12,4187.169055824508,4187.169055824508,4137.929372535869,4169.322265625,61056.0,4231.82158203125,4308.578369140625,4390.533666992187,37.720797344187254,-40.690003850949324,4181.3359375,4257.66748046875,4236.16259765625
2024-01-15,4152.711676736435,4152.760921250707,3995.944662285607,4111.82666015625,275531.0,4191.26298828125,4277.18056640625,4376.515625,34.93589028385472,-53.121040146475025,4169.322265625,4181.3359375,4257.66748046875
2024-01-16,4134.023888232485,4192.162831111222,4093.435786891251,4116.078125,105065.0,4167.24609375,4245.411962890625,4361.271508789063,35.31617960326844,-61.91593987598753,4111.82666015625,4169.322265625,4181.3359375
2024-01-17,4088.491838842913,4089.431346891393,4004.4478711762513,4016.90625,77970.0,4119.09384765625,4208.32880859375,4343.02900390625,30.794675909359484,-76.01208279938328,4116.078125,4111.82666015625,4169.322265625
2024-01-18,4013.3468452266015,4013.3468452266015,3867.011458901512,3880.359619140625,170956.0,4058.898583984375,4161.466870117188,4307.760217285157,25.881372112724463,-97.08244358798311,4016.90625,4116.078125,4111.82666015625
2024-01-19,3925.347814096224,4147.520715984617,3881.05164942648,4077.121337890625,664795.0,4040.4583984375,4136.139990234375,4291.37412109375,40.590805565364484,-96.78811685725123,3880.359619140625,4016.90625,4116.078125
2024-01-23,4083.547893299169,4186.378155019052,4029.215990794374,4115.83056640625,437848.0,4041.2591796875,4116.261083984375,4272.7039794921875,42.98794799570537,-92.36660484352524,4077.121337890625,3880.359619140625,4016.90625
2024-01-24,4103.323258849581,4103.323258849581,4005.436752192688,4057.3955078125,172155.0,4029.52265625,4098.384375,4248.702001953125,40.341657226019905,-92.51133252864292,4115.83056640625,4077.121337890625,3880.359619140625
2024-01-25,4057.2969337927134,4057.2969337927134,3940.277970364499,3969.693359375,152664.0,4020.080078125,4069.586962890625,4218.451098632812,36.69099411152842,-98.56664574671322,4057.3955078125,4115.83056640625,4077.121337890625
2024-01-29,3987.639514824148,4128.042393848455,3959.95444008696,4121.46728515625,129389.0,4068.301611328125,4063.60009765625,4202.215795898437,45.82729084877101,-90.08024868149278,3969.693359375,4057.3955078125,4115.83056640625
2024-01-30,4112.2714015880765,4191.273122359148,4095.907738801069,4163.0439453125,148586.0,4085.4861328125,4062.972265625,4185.775317382812,48.03944603580342,-79.08814990076098,4121.46728515625,3969.693359375,4057.3955078125
2024-01-31,4162.648725405048,4176.442018216622,4037.4232967675457,4083.499267578125,239012.0,4079.019873046875,4060.1395263671875,4168.660046386719,44.311277659357565,-75.92026161659669,4163.0439453125,4121.46728515625,3969.693359375
2024-02-01,4082.559385479722,4093.682851957477,3994.5604062334896,4024.766845703125,121930.0,4072.494140625,4051.0083984375,4148.210180664062,41.735800282096996,-77.25831713764637,4083.499267578125,4163.0439453125,4121.46728515625
2024-02-02,4024.7667424945407,4102.828708073273,3979.7290155428186,4091.16162109375,64558.0,4096.78779296875,4058.433935546875,4133.381372070313,45.58609555622679,-72.12976525388694,4024.766845703125,4083.499267578125,4163.0439453125
2024-02-05,4088.986734790886,4150.9319940387495,4070.151189229879,4128.68505859375,86647.0,4098.23134765625,4083.2664794921875,4122.366674804687,47.69002027745063,-64.29635477226475,4091.16162109375,4024.766845703125,4083.499267578125
2024-02-06,4127.498537608391,4128.684751070131,4079.593280402606,4102.08740234375,64070.0,4086.0400390625,4085.7630859375,4110.9515380859375,46.322793719001325,-59.54809572230715,4128.68505859375,4091.16162109375,4024.766845703125
2024-02-07,4079.593164716253,4149.942814563997,4079.593164716253,4136.54541015625,161758.0,4096.649267578125,4087.8345703125,4102.047827148437,48.387230655655095,-52.40055201752875,4102.08740234375,4128.68505859375,4091.16162109375
2024-02-08,4157.210578866388,4165.56573199913,4042.5152697574567,4063.130859375,63542.0,4104.3220703125,4088.40810546875,4093.396240234375,44.463559453114044,-52.059898726904066,4136.54541015625,4102.08740234375,4128.68505859375
2024-02-09,4068.667793233005,4103.274134987852,3978.345144694984,4008.600830078125,118865.0,4087.809912109375,4092.2988525390624,4080.942907714844,41.75517438575395,-55.54970377101563,4063.130859375,4136.54541015625,4102.08740234375
2024-02-12,4013.791631229648,4037.6701509842687,3866.0226057418017,3891.532470703125,75400.0,4040.37939453125,4069.30537109375,4066.452734375,36.60070338811938,-66.989622957758,4008.600830078125,4063.130859375,4136.54541015625
2024-02-13,3911.505445760606,3918.179526083883,3797.7988921047754,3870.175537109375,164605.0,3993.997021484375,4040.0185302734376,4051.495397949219,35.7340604259155,-76.89279510917731,3891.532470703125,4008.600830078125,4063.130859375
2024-02-14,3865.62754102968,3865.62754102968,3742.428861603685,3754.09619140625,114859.0,3917.507177734375,4007.07822265625,4033.6088745117186,31.384312058075793,-93.03531032539149,3870.175537109375,3891.532470703125,4008.600830078125
2024-02-15,3777.578597425465,3818.067966007337,3741.489129405455,3761.11572265625,105379.0,3857.104150390625,3980.7131103515626,4015.8607543945313,31.923964154269527,-104.06238601814766,3754.09619140625,3870.175537109375,3891.532470703125
2024-02-16,3757.259890427857,3935.235358921808,3757.259890427857,3911.455810546875,198581.0,3837.675146484375,3962.742529296875,4010.588232421875,42.37690308710258,-99.52299516486437,3761.11572265625,3754.09619140625,3870.175537109375
2024-02-19,3967.81479788241,4049.485861258441,3906.561621047728,4010.726806640625,111700.0,3861.514013671875,3950.9467041015623,4017.106591796875,48.049314247042986,-86.91327335307733,3911.455810546875,3761.11572265625,3754.09619140625
2024-02-20,4031.836558664953,4044.294938384288,3938.547892685579,4021.009765625,75726.0,3891.680859375,3942.8389404296877,4014.3010131835936,48.61360079995524,-75.22310399918479,4010.726806640625,3911.455810546875,3761.11572265625
2024-02-21,4023.135533386562,4023.135533386562,3881.842877230176,3913.6806640625,89096.0,3923.59775390625,3920.5524658203126,4004.1935180664063,43.32402019172589,-73.76876170697005,4021.009765625,4010.726806640625,3911.455810546875
2024-02-22,3912.4941329328976,3955.9992483862834,3588.2327581905192,3787.86181640625,232309.0,3928.94697265625,3893.0255615234373,3990.716833496094,38.091568810901734,-81.82548124311916,3913.6806640625,4021.009765625,4010.726806640625
2024-02-23,3866.912326712652,4029.166719892446,3856.135020265163,4006.17822265625,192111.0,3947.891455078125,3892.78330078125,3992.5410766601562,49.490730060926246,-69.78968800228813,3787.86181640625,3913.6806640625,4021.009765625
2024-02-26,4006.1783951355696,4065.207119179825,3942.403851670093,4041.97119140625,129468.0,3954.14033203125,3907.8271728515624,3988.566271972656,51.08109167940495,-56.709331824973106,4006.17822265625,3787.86181640625,3913.6806640625
2024-02-27,4042.0206337205823,4172.535977079466,4005.9311637766486,4127.794921875,136720.0,3975.49736328125,3933.589111328125,3986.803820800781,54.759395075542294,-38.96859185578069,4041.97119140625,4006.17822265625,3787.86181640625
2024-02-28,4127.795143062246,4151.475962245749,4024.2727884479286,4072.22705078125,335337.0,4007.206640625,3965.402197265625,3986.2402099609376,52.03143715446543,-29.05782983775771,4127.794921875,4041.97119140625,4006.17822265625
2024-02-29,4046.6180994943543,4172.5358355443,3938.498151057041,4103.91650390625,287549.0,4070.417578125,3999.682275390625,3990.1976928710938,53.45548061794049,-18.43391085824942,4072.22705078125,4127.794921875,4041.97119140625
2024-03-01,4092.4470165189623,4107.278305537514,4050.62297460239,4080.87841796875,83612.0,4085.3576171875,4016.6245361328124,3989.6835327148438,52.24126297697967,-11.738050583185213,4103.91650390625,4072.22705078125,4127.794921875
2024-03-04,4114.3975893351735,4142.873471633039,3983.684300050003,4002.0751953125,89374.0,4077.37841796875,4015.759375,3983.3530395507814,48.20757883684344,-12.64453621395296,4080.87841796875,4103.91650390625,4072.22705078125
2024-03-05,3994.8570819089327,4001.481675890553,3872.3012483675966,3906.660400390625,117797.0,4033.151513671875,4004.3244384765626,3973.581689453125,43.7979832696791,-20.82208510688133,4002.0751953125,4080.87841796875,4103.91650390625
2024-03-06,3906.660639278468,3968.210490910762,3866.02280935373,3922.134521484375,90322.0,4003.1330078125,4005.16982421875,3962.8611450195312,44.6817283219118,-25.757305091219223,3906.660400390625,4002.0751953125,4080.87841796875
2024-03-07,3921.491728573508,3921.887133050107,3834.4320150821536,3850.6474609375,113516.0,3952.47919921875,4011.448388671875,3952.2369750976563,41.43983136376365,-35.033071389340876,3922.134521484375,3906.660400390625,4002.0751953125
2024-03-11,3837.348849466948,3999.356059909169,3837.348849466948,3982.64599609375,117377.0,3932.83271484375,4009.095166015625,3950.9392333984374,48.82341057374425,-31.3713747000279,3850.6474609375,3922.134521484375,3906.660400390625
2024-03-12,3958.7675599630634,3958.7675599630634,3832.454420041576,3876.651611328125,77655.0,3907.747998046875,3992.5632080078126,3950.1951904296875,44.023355787503775,-36.60040799084345,3982.64599609375,3850.6474609375,3922.134521484375
2024-03-13,3856.2341440139207,3881.694523676492,3560.4981423269232,3677.36865234375,244268.0,3861.8896484375,3947.5205810546877,3940.5548461914063,36.714804647649785,-56.177346379941355,3876.651611328125,3982.64599609375,3850.6474609375
2024-03-14,3677.3687884626383,3999.50444843506,3613.347054708332,3943.986083984375,278942.0,3866.2599609375,3934.696484375,3950.0493408203124,48.93037785973039,-49.60657881739098,3677.36865234375,3876.651611328125,3982.64599609375
2024-03-15,3936.5704382032895,3959.904855779435,3777.03510243648,3856.827392578125,335277.0,3867.495947265625,3909.9875732421874,3954.834924316406,45.816910140617864,-50.8460544994532,3943.986083984375,3677.36865234375,3876.651611328125
2024-03-18,3830.4769882342007,3852.5754636031247,3735.5072544626414,3768.531494140625,92109.0,3824.673046875,3878.752880859375,3947.6887084960936,42.84279290085309,-58.28125891774198,3856.827392578125,3943.986083984375,3677.36865234375
2024-03-19,3777.03498641326,3845.258916796117,3727.8940297642544,3787.021484375,80539.0,3806.747021484375,3857.247509765625,3936.5034423828124,43.66744837389087,-61.9674026579014,3768.531494140625,3856.827392578125,3943.986083984375
2024-03-20,3806.697721178476,3826.4727742755063,3690.1238797293545,3801.95166015625,109814.0,3831.663623046875,3846.7766357421874,3925.550537109375,44.36545414902981,-62.95821461242349,3787.021484375,3768.531494140625,3856.827392578125
2024-03-21,3844.270248617111,3979.136011604343,3799.7763799988575,3913.334716796875,152508.0,3825.533349609375,3845.8966552734373,3925.533239746094,49.40241183659293,-54.13176117398007,3801.95166015625,3787.021484375,3768.531494140625
2024-03-22,3885.797808356041,3917.388406381678,3833.443405247586,3886.094482421875,85415.0,3831.386767578125,3849.441357421875,3930.444873046875,48.25183925836934,-48.77257263333104,3913.334716796875,3801.95166015625,3787.021484375
2024-03-26,3875.2677315132287,3923.370450585645,3791.866350301398,3905.671875,125739.0,3858.81484375,3841.7439453125,3925.4195556640625,49.168124505694784,-42.456236076638106,3886.094482421875,3913.334716796875,3801.95166015625
2024-03-27,3915.460078602317,4158.693204697309,3895.833244024184,4122.751953125,290934.0,3925.9609375,3866.3539794921876,3929.45859375,58.040094766034656,-19.706778284908523,3905.671875,3886.094482421875,3913.334716796875
2024-03-28,4103.521404517454,4217.030014608517,4004.448196756037,4184.59912109375,184571.0,4002.4904296875,3917.0770263671875,3932.2988037109376,60.17288117841985,3.275126868909865,4122.751953125,3905.671875,3886.094482421875
2024-04-01,4202.099940914445,4259.0029476300215,4104.312396891131,4125.42236328125,113371.0,4044.907958984375,3935.220654296875,3934.9585693359377,57.17814243162334,16.522916587070995,4184.59912109375,4122.751953125,3905.671875
2024-04-02,4147.124771273643,4152.760854119973,4029.166781080689,4043.849853515625,114387.0,4076.459033203125,3953.922900390625,3931.9552368164063,53.24437054050596,20.206734913875607,4125.42236328125,4184.59912109375,4122.751953125
2024-04-03,4072.5730396197846,4202.198603693958,4029.16689648303,4149.00390625,186608.0,4125.125439453125,3991.9701416015623,3935.3615112304688,57.320648722542145,31.25099866538085,4043.849853515625,4125.42236328125,4184.59912109375
2024-04-04,4160.670865370429,4209.564873669763,4078.851589203746,4145.98779296875,104727.0,4129.772607421875,4027.8667724609377,3942.5571411132814,57.1666988487106,39.30717349480392,4149.00390625,4043.849853515625,4125.42236328125
2024-04-05,4145.98791962271,4336.619712943852,4114.19961969579,4307.3525390625,195289.0,4154.323291015625,4078.4068603515625,3962.591748046875,62.906670541656716,58.04344778180439,4145.98779296875,4149.00390625,4043.849853515625
2024-04-08,4330.736427705639,4330.736427705639,4224.93989853566,4261.07861328125,109371.0,4181.454541015625,4113.18125,3979.538952636719,60.406750887429894,68.37003386705419,4307.3525390625,4145.98779296875,4149.00390625
2024-04-09,4261.523868156185,4264.836286050097,4060.411678221492,4136.69384765625,92265.0,4200.02333984375,4138.241186523437,3993.841271972656,54.17456609208135,65.75908685986224,4261.07861328125,4307.3525390625,4145.98779296875
2024-04-10,4105.300740674784,4108.217753921784,4056.308243111229,4077.417724609375,270169.0,4185.706103515625,4155.415771484375,3998.5798583984374,51.45035651040204,58.235502188267674,4136.69384765625,4261.07861328125,4307.3525390625
2024-04-12,4073.660461824168,4223.752904170794,4034.1103602530593,4104.16357421875,189469.0,4177.341259765625,4153.55693359375,4009.955456542969,52.60835540612159,53.81087539516375,4077.417724609375,4136.69384765625,4261.07861328125
2024-04-15,4091.458128300142,4100.851277700541,3975.774077789964,3997.37841796875,85829.0,4115.346435546875,4134.83486328125,4025.955944824219,47.71490351866934,41.212584099768264,4104.16357421875,4077.417724609375,4136.69384765625
2024-04-16,3998.46593237332,4111.233211971481,3992.138012443305,4049.040771484375,53861.0,4072.9388671875,4127.196704101562,4031.2086791992188,50.13166318361524,34.99368226445358,3997.37841796875,4104.16357421875,4077.417724609375
2024-04-18,4053.88565510373,4192.60745160044,4032.2320697477535,4151.57421875,108680.0,4075.91494140625,4137.969140625,4045.9460205078126,54.61540004868292,37.901841209376926,4049.040771484375,3997.37841796875,4104.16357421875
2024-04-19,4088.541341929181,4088.541341929181,3992.533607041958,4021.80078125,167579.0,4064.791552734375,4125.248828125,4058.609484863281,48.652893852878535,29.39608649432421,4151.57421875,4049.040771484375,3997.37841796875
2024-04-22,4055.3691294606624,4201.21015020806,4032.67730366399,4158.00146484375,96681.0,4075.559130859375,4126.4501953125,4077.158483886719,54.29285348507632,33.26204731486041,4021.80078125,4151.57421875,4049.040771484375
2024-04-23,4166.999125840956,4167.296041313449,4060.856430923997,4138.720703125,88694.0,4103.827587890625,4109.58701171875,4093.996936035156,53.398683360282746,34.37381286546679,4158.00146484375,4021.80078125,4151.57421875
2024-04-24,4147.817031559846,4213.074701186295,4094.473637287339,4202.6435546875,107095.0,4134.54814453125,4103.743505859375,4108.462377929687,55.98676186541059,39.95238870223284,4138.720703125,4158.00146484375,4021.80078125
2024-04-25,4202.247661771184,4276.552803545474,4164.032471546218,4255.0966796875,96264.0,4155.25263671875,4115.5837890625,4126.912487792969,58.045755815554536,48.052064771468395,4202.6435546875,4138.720703125,4158.00146484375
2024-04-26,4273.388635594733,4399.9489653856,4054.87431619019,4289.65380859375,584275.0,4208.8232421875,4136.807397460938,4146.111584472656,59.393532467858634,56.607056991780155,4255.0966796875,4202.6435546875,4138.720703125
2024-04-29,4417.053974881641,4943.762639622781,4417.053974881641,4899.4169921875,2767650.0,4357.10634765625,4216.332739257812,4184.944836425781,74.785642572306,111.30666888136147,4289.65380859375,4255.0966796875,4202.6435546875
2024-04-30,4879.543245341639,5067.25801992529,4800.245577798141,5005.16455078125,900529.0,4530.3951171875,4317.111352539063,4225.973107910157,76.45265462007174,161.32974077519248,4899.4169921875,4289.65380859375,4255.0966796875
2024-05-02,4844.887742136592,4943.763002180196,4737.608084989281,4757.9267578125,402887.0,4641.4517578125,4387.999951171875,4257.598327636719,65.54223891378376,178.96041771131058,5005.16455078125,4899.4169921875,4289.65380859375
2024-05-03,4757.927016168501,5091.087416091816,4747.9902451102935,4901.79052734375,943433.0,4770.79052734375,4463.02158203125,4300.495361328125,68.37075596644219,202.2105032767313,4757.9267578125,5005.16455078125,4899.4169921875
2024-05-06,4922.851115201391,5240.339680398897,4873.1165683724485,5213.8408203125,796893.0,4955.6279296875,4582.2255859375,4353.73720703125,73.45977611648809,243.0148899448468,4901.79052734375,4757.9267578125,5005.16455078125
2024-05-07,5228.523259275306,5475.711386132119,5141.513038621708,5188.33056640625,783297.0,5013.41064453125,4685.25849609375,4405.854345703125,72.43374351751271,270.17973229407016,5213.8408203125,4901.79052734375,4757.9267578125
2024-05-08,5140.524453714079,5408.476391963072,4921.070634419883,5272.1767578125,440695.0,5066.8130859375,4798.6041015625,4454.095556640625,73.7323740930684,295.0723421978737,5188.33056640625,5213.8408203125,4901.79052734375
2024-05-09,5283.102854566111,5412.332524065209,5182.250093773339,5340.00537109375,293594.0,5183.22880859375,4912.340283203125,4508.04189453125,74.76793330573226,316.6232810201791,5272.1767578125,5188.33056640625,5213.8408203125
2024-05-10,5332.39208032047,5332.39208032047,5126.68229253702,5217.69677734375,227711.0,5246.41005859375,5008.60029296875,4562.092041015625,69.45099860425377,320.1428662824401,5340.00537109375,5272.1767578125,5188.33056640625
2024-05-13,5217.696568368006,5287.848756486116,5045.6043762806,5235.1484375,188791.0,5250.67158203125,5103.149755859375,4619.978576660156,69.78120655667523,320.6441795769333,5217.69677734375,5340.00537109375,5272.1767578125
2024-05-14,5203.359837621861,5223.43180521283,5098.008440486662,5129.05517578125,153757.0,5238.81650390625,5126.11357421875,4671.223156738281,65.16941103092216,308.9196015414718,5235.1484375,5217.69677734375,5340.00537109375
2024-05-15,5141.513180764774,5388.701314455388,5111.899849232909,5333.083984375,205820.0,5250.99794921875,5158.905517578125,4738.008435058594,69.36283285084136,312.48902967453887,5129.05517578125,5235.1484375,5217.69677734375
2024-05-16,5329.030614701765,5537.014830843189,5294.770431993799,5476.20654296875,312637.0,5278.23818359375,5230.73349609375,4809.366723632813,71.91701724462239,323.14164579568023,5333.083984375,5129.05517578125,5235.1484375
2024-05-17,5463.847287391151,5602.964982015403,5388.751328535735,5549.62158203125,216871.0,5344.62314453125,5295.5166015625,4879.269091796875,73.15340440931055,333.6616570318092,5476.20654296875,5333.083984375,5129.05517578125
2024-05-21,5522.183086025614,5537.014374528816,5340.252613719667,5519.56298828125,219451.0,5401.5060546875,5326.088818359375,4954.157202148437,71.76036248662938,335.7035824928025,5549.62158203125,5476.20654296875,5333.083984375
2024-05-22,5519.563287329706,5557.234858726743,5362.005460703047,5404.4228515625,132429.0,5456.57958984375,5347.698046875,5016.478271484375,66.53381572161048,324.29273162008667,5519.56298828125,5549.62158203125,5476.20654296875
2024-05-23,5422.31878992204,5528.906117877357,5406.498749688862,5450.30029296875,144355.0,5480.0228515625,5365.510400390625,5082.0572509765625,67.54802704265177,315.31670154287167,5404.4228515625,5519.56298828125,5549.62158203125
2024-05-24,5431.267135647225,5473.536308202474,5375.600558824703,5411.0966796875,74545.0,5467.00087890625,5372.61953125,5142.479907226562,65.71528951734881,301.56349285546275,5450.30029296875,5404.4228515625,5519.56298828125
2024-05-27,5459.842636151121,5774.11726518033,5416.782170562442,5541.859375,542046.0,5465.4484375,5405.035791015625,5206.818041992187,68.75996855109257,297.7827780642674,5411.0966796875,5450.30029296875,5404.4228515625
2024-05-28,5517.140594204087,5630.599956247302,5469.581497086053,5578.0478515625,116779.0,5477.14541015625,5439.325732421875,5271.237744140625,69.56549244943051,294.3139736879548,5541.859375,5411.0966796875,5450.30029296875
2024-05-29,5502.75425631928,5514.223882781509,5351.870516364394,5453.46484375,194650.0,5486.95380859375,5471.76669921875,5298.94013671875,63.49556431908952,278.3039984258821,5578.0478515625,5541.859375,5411.0966796875
2024-05-30,5417.375423608824,5537.904267393702,5408.476650326751,5442.09423828125,136948.0,5485.31259765625,5482.667724609375,5320.78662109375,62.9556388887263,261.68195812987415,5453.46484375,5578.0478515625,5541.859375
2024-05-31,5476.7010634661065,5523.123194644642,5143.491412195466,5218.2412109375,882534.0,5446.74150390625,5456.87119140625,5343.80234375,53.33944984859803,227.8196399545277,5442.09423828125,5453.46484375,5578.0478515625
2024-06-03,5339.264486490327,5522.183732786754,5339.264486490327,5504.6826171875,138837.0,5439.30615234375,5452.377294921875,5373.946948242187,61.45308525666059,221.54312518803636,5218.2412109375,5442.09423828125,5453.46484375
2024-06-04,5527.126814169759,5563.858875240944,5137.607549776354,5228.9189453125,150767.0,5369.48037109375,5423.312890625,5374.700854492187,52.066457363137886,192.10267825345818,5504.6826171875,5218.2412109375,5442.09423828125
2024-06-05,5372.881607060241,5662.23995774311,5290.914113403666,5464.9345703125,239205.0,5371.77431640625,5429.3640625,5388.5310546875,57.98194130140969,185.67505397988862,5228.9189453125,5504.6826171875,5218.2412109375
2024-06-06,5487.577484128196,5784.203294081071,5436.6567200862855,5665.05859375,211647.0,5416.3671875,5450.839892578125,5408.175146484375,62.23748289995226,194.48752054712168,5464.9345703125,5228.9189453125,5504.6826171875
2024-06-07,5625.95303867037,5744.603350442276,5525.001301846569,5683.8935546875,249263.0,5509.49765625,5478.119580078125,5425.369555664062,62.62118534210342,200.67799670111162,5665.05859375,5464.9345703125,5228.9189453125
2024-06-10,5861.276278358158,5937.459474503106,5734.864159516318,5931.92236328125,328433.0,5594.94560546875,5517.12587890625,5461.080834960938,67.32898849737639,223.0269300235268,5683.8935546875,5665.05859375,5464.9345703125
2024-06-11,5878.035466373794,6184.301596269685,5790.926262329792,6086.11865234375,258046.0,5766.385546875,5567.932958984375,5503.629345703125,69.86968570707278,250.2957193036409,5931.92236328125,5683.8935546875,5665.05859375
2024-06-12,6090.419450546558,6387.341656737032,6082.805862576814,6091.408203125,298038.0,5891.6802734375,5631.727294921875,5551.746997070312,69.95599899295414,269.22974094663823,6086.11865234375,5931.92236328125,5683.8935546875
2024-06-13,6110.8376494279,6288.466969710994,5949.423776345303,5987.8369140625,221110.0,5956.2359375,5686.3015625,5584.484643554688,65.97096440383096,272.7338460585688,6091.408203125,6086.11865234375,5931.92236328125
2024-06-14,6051.066479101701,6165.8114992619485,5874.326965318935,5971.6201171875,188087.0,6013.78125,5761.639453125,5609.255322265625,65.34331277558888,271.0775019247985,5987.8369140625,6091.408203125,6086.11865234375
2024-06-18,6010.874567636242,6184.351413775275,5955.455174533956,6087.15673828125,176022.0,6044.828125,5819.886865234375,5636.132080078125,67.70104038443404,275.9071906602376,5971.6201171875,5987.8369140625,6091.408203125
2024-06-19,6120.378792698268,6178.517254349992,6021.50352948828,6116.72021484375,105079.0,6050.9484375,5908.6669921875,5665.98994140625,68.29540012453556,278.90523334785667,6087.15673828125,5971.6201171875,5987.8369140625
2024-06-20,6105.547737631327,6130.167582557988,6001.728707274844,6080.3837890625,94694.0,6048.7435546875,5970.2119140625,5699.78798828125,66.67145201051783,275.1770877177405,6116.72021484375,6087.15673828125,5971.6201171875
2024-06-21,6182.044874868013,6261.131581763297,5785.123855614849,5819.40771484375,299096.0,6015.05771484375,5985.646826171875,5718.243359375,56.31425555272536,248.30165046053753,6080.3837890625,6116.72021484375,6087.15673828125
2024-06-24,5839.799808289959,5974.157476065978,5779.418101482812,5912.18798828125,155150.0,6003.1712890625,6008.47626953125,5743.297924804688,58.76665124987764,231.8170231348313,5819.40771484375,6080.3837890625,6116.72021484375
2024-06-25,5953.765814081624,5972.520235168588,5810.526845638759,5842.6279296875,112013.0,5954.26552734375,5999.546826171875,5758.336352539062,56.21853463151942,210.71097684499273,5912.18798828125,5819.40771484375,6080.3837890625
2024-06-26,5856.222030912492,5903.207651823394,5705.739451669948,5723.4521484375,143838.0,5875.6119140625,5963.28017578125,5765.6065673828125,52.05409999064414,182.26673606982058,5842.6279296875,5912.18798828125,5819.40771484375
2024-06-27,5740.569614628143,5948.85382426457,5668.975082104718,5709.51025390625,232493.0,5801.43720703125,5925.090380859375,5778.408837890625,51.572800158637115,156.7920745190322,5723.4521484375,5842.6279296875,5912.18798828125
2024-06-28,5772.968186499026,5933.969275968231,5716.754343690595,5910.0546875,134124.0,5819.5666015625,5917.312158203125,5801.806860351562,57.640023485972755,151.04433638821138,5709.51025390625,5723.4521484375,5842.6279296875
2024-07-01,5914.3217527310535,5974.157401679422,5826.849896803261,5920.42431640625,107551.0,5821.2138671875,5912.192578125,5836.916015625,57.9335006287705,145.64702663848675,5910.0546875,5709.51025390625,5723.4521484375
2024-07-02,5921.069194535965,6023.325776409286,5822.8312440987165,5976.19140625,207560.0,5847.9265625,5901.096044921875,5860.491455078125,59.55631462705125,144.20722671796375,5920.42431640625,5910.0546875,5709.51025390625
2024-07-03,5958.776954905234,6068.227734972248,5934.961693137087,6042.13037109375,88034.0,5911.66220703125,5893.637060546875,5901.152026367187,61.449990675625315,146.69587951172252,5976.19140625,5920.42431640625,5910.0546875
2024-07-04,6068.87292879056,6271.699471578983,5953.815255175209,5967.95556640625,118265.0,5963.35126953125,5882.39423828125,5926.303076171875,58.15150291954089,141.0568523578395,6042.13037109375,5976.19140625,5920.42431640625
2024-07-05,6018.662319320525,6062.919109593096,5934.0186217841865,5993.25927734375,79914.0,5979.9921875,5899.77939453125,5942.713110351562,58.96079352575089,137.04985529089026,5967.95556640625,6042.13037109375,5976.19140625
2024-07-08,5993.25927304528,6015.288583268395,5824.815916681286,5833.25048828125,57878.0,5962.557421875,5891.88564453125,5950.18095703125,52.09954893727562,119.58441452643274,5993.25927734375,5967.95556640625,6042.13037109375
2024-07-09,5884.353774063978,6038.656811478303,5868.179437263068,5982.39306640625,156814.0,5963.79775390625,5905.862158203125,5952.7044921875,57.109600172696915,116.4352929286215,5833.25048828125,5993.25927734375,5967.95556640625
2024-07-10,6202.337454280647,6221.786195974005,5836.2272472323575,5872.4462890625,266304.0,5929.8609375,5920.761572265625,5942.0208740234375,52.731010954761196,103.8704513994544,5982.39306640625,5833.25048828125,5993.25927734375
2024-07-11,5912.138155866517,5959.818096060358,5712.685358060346,5786.810546875,154612.0,5893.63193359375,5928.4916015625,5926.790991210937,49.54475945439058,86.01115223316174,5872.4462890625,5982.39306640625,5833.25048828125
2024-07-12,5953.814943756656,5953.814943756656,5711.097657644969,5746.47314453125,154608.0,5844.27470703125,5912.133447265625,5914.722802734375,48.0713027095472,67.82084127792405,5786.810546875,5872.4462890625,5982.39306640625
2024-07-15,5828.735440521489,5894.276826576955,5717.150831030829,5802.6875,267850.0,5838.162109375,5900.359765625,5906.276171875,50.2900458193077,57.28062211930137,5746.47314453125,5786.810546875,5872.4462890625
2024-07-16,5839.601086499163,5869.9656409496565,5715.662596884459,5755.25537109375,88215.0,5792.7345703125,5878.266162109375,5889.681103515625,48.410515371989874,44.586085462681694,5802.6875,5746.47314453125,5786.810546875
2024-07-18,5756.198317013242,5804.969890211929,5566.81727933144,5677.2109375,229785.0,5753.6875,5841.77421875,5867.705639648438,45.40366223043259,27.906353089330878,5755.25537109375,5802.6875,5746.47314453125
2024-07-19,5680.932100723819,5844.066543095953,5661.879697948108,5739.279296875,396724.0,5744.18125,5818.906591796875,5850.650415039063,48.16131453296307,19.471487697511293,5677.2109375,5755.25537109375,5802.6875
2024-07-22,5680.932144055793,5818.762872445456,5568.355225051394,5650.46826171875,250921.0,5724.9802734375,5784.627490234375,5842.203442382813,44.68351403844451,5.556436649319039,5739.279296875,5677.2109375,5755.25537109375
2024-07-23,5730.29942401763,5730.29942401763,5428.143283126099,5466.6943359375,281648.0,5657.781640625,5747.971875,5819.928759765625,38.48976952209723,-20.06901835559711,5650.46826171875,5739.279296875,5677.2109375
2024-07-24,5467.686085123462,5537.047932752869,5305.841450973045,5317.2529296875,133587.0,5570.18115234375,5681.457861328125,5793.660009765625,34.32331257159403,-51.83848681123618,5466.6943359375,5650.46826171875,5739.279296875
2024-07-25,5260.195448465837,5306.833665043444,5197.680392202236,5234.59423828125,241048.0,5481.6578125,5617.67265625,5769.217114257813,32.244211452546324,-82.73219973838968,5317.2529296875,5466.6943359375,5650.46826171875
2024-07-26,5296.811336430158,5507.278790349683,5256.523758644862,5397.87744140625,245224.0,5413.37744140625,5578.779345703125,5753.635473632812,39.978666598964686,-92.96841788230267,5234.59423828125,5317.2529296875,5466.6943359375
2024-07-29,5447.740836800769,5447.740836800769,5267.141778094441,5311.1005859375,121553.0,5345.50390625,5535.24208984375,5723.687768554688,37.52693196695018,-106.85114799960138,5397.87744140625,5234.59423828125,5317.2529296875
2024-07-30,5357.143978507887,5443.771797443382,5279.645052332409,5285.25146484375,59442.0,5309.21533203125,5483.498486328125,5691.929125976562,36.802906518864276,-118.57229210468358,5311.1005859375,5397.87744140625,5234.59423828125
2024-07-31,5321.71836766183,5385.275149696255,5288.9723847916375,5313.234375,182296.0,5308.41162109375,5439.29638671875,5658.781274414063,38.193113353599664,-124.1720185323311,5285.25146484375,5311.1005859375,5397.87744140625
2024-08-01,5347.3692235965145,5371.134576867105,5187.757275549636,5204.1796875,91327.0,5302.3287109375,5391.99326171875,5616.883740234375,34.96497813308849,-135.84372207499018,5313.234375,5285.25146484375,5311.1005859375
2024-08-02,5202.642012577474,5242.43343977085,5110.407301303377,5123.2578125,79847.0,5247.40478515625,5330.39111328125,5574.648852539062,32.7527939051196,-149.89544881553502,5204.1796875,5313.234375,5285.25146484375
2024-08-05,4887.090127964482,5098.499995427029,4882.178036463322,4932.63671875,116960.0,5171.71201171875,5258.607958984375,5521.617724609375,28.22297782904417,-174.40266728672486,5123.2578125,5204.1796875,5313.234375
2024-08-06,4962.604454249997,5153.970100796437,4952.582101439911,4986.51904296875,146863.0,5111.96552734375,5210.5904296875,5479.28115234375,31.122776813060668,-187.3176796294756,4932.63671875,5123.2578125,5204.1796875
2024-08-07,5134.123942688676,5285.846904801649,5048.8847665184685,5163.4462890625,137200.0,5082.00791015625,5195.209765625,5438.333813476563,39.732665225373104,-181.187750242334,4986.51904296875,4932.63671875,5123.2578125
2024-08-08,5169.896490380877,5179.868937594489,5022.390807382333,5046.900390625,76747.0,5050.55205078125,5176.440380859375,5397.0565185546875,36.49629887438087,-183.61739005377785,5163.4462890625,4986.51904296875,4932.63671875
2024-08-09,5109.316706995337,5120.281457004043,5011.673742755193,5093.2412109375,75002.0,5044.54873046875,5145.9767578125,5362.3780517578125,38.63658057301892,-179.7317445243816,5046.900390625,5163.4462890625,4986.51904296875
2024-08-12,5089.519874038036,5119.437699574948,4983.442826365734,5072.25390625,60418.0,5072.47216796875,5122.09208984375,5328.66708984375,38.01174274329236,-176.3134112838361,5093.2412109375,5046.900390625,5163.4462890625
2024-08-13,5147.321623679261,5179.819533588268,5030.974144692053,5056.02978515625,52221.0,5086.37431640625,5099.169921875,5291.334204101562,37.5067705103529,-172.92019220788097,5072.25390625,5093.2412109375,5046.900390625
2024-08-14,5062.231329504822,5158.980825658251,5034.347531657598,5142.4091796875,53013.0,5082.16689453125,5082.08740234375,5260.69189453125,41.92995959047742,-161.40042280162925,5056.02978515625,5072.25390625,5093.2412109375
2024-08-16,5169.499104987681,5239.357102786968,5150.09930075901,5219.3623046875,25333.0,5116.65927734375,5083.6056640625,5237.799462890625,45.6224785452507,-144.3969305568271,5142.4091796875,5056.02978515625,5072.25390625
2024-08-19,5238.116810321055,5266.496758662996,5181.853064886076,5227.052734375,43523.0,5143.42158203125,5093.98515625,5212.188134765625,45.99208288502388,-128.81607551181878,5219.3623046875,5142.4091796875,5056.02978515625
2024-08-20,5229.434369242152,5452.702440035223,5219.958073824247,5389.54248046875,86914.0,5206.879296875,5139.675732421875,5199.141845703125,53.22612512985315,-102.17871844615001,5227.052734375,5219.3623046875,5142.4091796875
2024-08-21,5427.895004670505,5675.970644737713,5427.895004670505,5543.39892578125,320465.0,5304.353125,5195.363720703125,5202.977075195313,58.846950040535695,-67.87111578064196,5389.54248046875,5227.052734375,5219.3623046875
2024-08-22,5606.013101333227,5606.509252594518,5438.26455369964,5502.26806640625,94700.0,5376.32490234375,5229.2458984375,5212.22783203125,56.87912541819507,-43.49957408936825,5543.39892578125,5389.54248046875,5227.052734375
2024-08-23,5502.268231306227,5555.901990450132,5430.375717581415,5463.7666015625,40755.0,5425.20576171875,5270.93251953125,5223.686450195312,55.02426664924273,-26.980681651096347,5502.26806640625,5543.39892578125,5389.54248046875
2024-08-26,5451.710388649536,5451.710388649536,5333.626381323491,5371.38330078125,75627.0,5454.071875,5298.746728515625,5222.361743164062,50.747881978515935,-21.10066533983172,5463.7666015625,5502.26806640625,5543.39892578125
2024-08-27,5381.256816169028,5415.094430578898,5284.011164687457,5330.8974609375,62770.0,5442.34287109375,5324.611083984375,5223.351586914063,48.952360915566516,-19.48299117649185,5371.38330078125,5463.7666015625,5502.26806640625
2024-08-28,5351.140186638439,5392.965641726206,5284.7058224081775,5334.7177734375,65931.0,5400.606640625,5352.4798828125,5225.82490234375,49.135242502380216,-17.688799980981457,5330.8974609375,5371.38330078125,5463.7666015625
2024-08-29,5306.933509735796,5378.279968128001,5281.729121180852,5321.966796875,56448.0,5364.54638671875,5370.43564453125,5226.2615234375,48.51055927808605,-17.098684781723932,5334.7177734375,5330.8974609375,5371.38330078125
2024-08-30,5343.549627059286,5387.161521167232,5184.880534480686,5244.0712890625,258816.0,5320.60732421875,5372.90654296875,5228.256103515625,44.76625485416988,-22.655373670121662,5321.966796875,5334.7177734375,5330.8974609375
2024-09-02,5259.253224932898,5334.966204366472,5187.758016091014,5262.62744140625,85612.0,5298.85615234375,5376.464013671875,5235.224584960937,45.83872194173827,-25.270461088935917,5244.0712890625,5321.966796875,5334.7177734375
2024-09-03,5287.186677253242,5308.769257864877,5147.9663378126,5174.6591796875,72628.0,5267.60849609375,5354.97568359375,5247.325708007813,41.70457468272518,-34.04874748193561,5262.62744140625,5244.0712890625,5321.966796875
2024-09-04,5159.526724327662,5226.656381981142,5114.774265255672,5190.98291015625,160931.0,5238.8615234375,5319.73408203125,5257.548901367188,42.73664273991841,-39.23612444781156,5174.6591796875,5262.62744140625,5244.0712890625
2024-09-05,5199.367734444424,5247.295752596458,5173.86536574091,5190.43701171875,79915.0,5212.55556640625,5288.5509765625,5258.8984375,42.70941105185908,-42.896720812696,5190.98291015625,5174.6591796875,5262.62744140625
2024-09-06,5184.780376547474,5437.817504972279,5183.788074083062,5274.93115234375,372769.0,5218.7275390625,5269.667431640625,5270.299975585937,48.2101179961174,-38.535584572219705,5190.43701171875,5190.98291015625,5174.6591796875
2024-09-09,5316.012896275877,5398.125933219613,5159.973318518748,5345.4345703125,101534.0,5235.28896484375,5267.07255859375,5282.909643554687,52.323576775898026,-29.055383696022545,5274.93115234375,5190.43701171875,5190.98291015625
2024-09-10,5336.6032528097285,5448.733443878434,5301.0790144041375,5332.9814453125,258937.0,5266.95341796875,5267.28095703125,5295.946020507812,51.54482304543495,-22.290172084233745,5345.4345703125,5274.93115234375,5190.43701171875
2024-09-11,5313.779987689994,5373.318138812571,5240.845752564838,5264.01611328125,75721.0,5281.56005859375,5260.210791015625,5306.3453369140625,47.34248545807065,-22.23728152952117,5332.9814453125,5345.4345703125,5274.93115234375
2024-09-12,5315.169393824726,5373.913899830666,5264.016390104307,5293.63671875,90431.0,5302.2,5257.377783203125,5313.906713867187,49.25602802162805,-19.579529444651598,5264.01611328125,5332.9814453125,5345.4345703125
2024-09-13,5298.895687498523,5374.062606661072,5209.588456810346,5228.29345703125,69950.0,5292.8724609375,5255.8,5314.353271484375,45.34161774662139,-22.486684393390533,5293.63671875,5264.01611328125,5332.9814453125
2024-09-16,5229.434463676365,5369.349123899964,5228.442161121588,5352.47998046875,140698.0,5294.28154296875,5264.78525390625,5320.6246337890625,52.98827290073255,-14.601494128660306,5228.29345703125,5293.63671875,5264.01611328125
2024-09-17,5308.917700051571,5364.734715654461,5276.0723904100405,5355.9033203125,105056.0,5298.86591796875,5282.90966796875,5318.94267578125,53.182710935428226,-7.984152775553412,5352.47998046875,5228.29345703125,5293.63671875
2024-09-18,5348.4111124122655,5359.425766993834,5284.010777493458,5316.55810546875,85560.0,5309.37431640625,5295.4671875,5307.600634765625,50.59276884201837,-5.847288195548572,5355.9033203125,5352.47998046875,5228.29345703125
2024-09-19,5350.495067939849,5432.856175254205,5228.987433279648,5366.91748046875,110225.0,5324.03046875,5313.115234375,5300.83310546875,53.700671238693396,-0.08919870186400658,5316.55810546875,5355.9033203125,5352.47998046875
2024-09-20,5429.830220860238,5571.778909144303,5286.739997006867,5490.90625,197096.0,5376.55302734375,5334.712744140625,5302.190087890625,60.31897164117076,14.313983498836024,5366.91748046875,5316.55810546875,5355.9033203125
2024-09-23,5490.906300013154,5502.764509596202,5378.279957725001,5403.732421875,53605.0,5386.803515625,5340.542529296875,5303.807543945312,54.42805292140074,18.481368067774383,5490.90625,5366.91748046875,5316.55810546875
2024-09-24,5388.202906139571,5405.617622275735,5326.183996078112,5353.869140625,150496.0,5386.3966796875,5342.631298828125,5304.956127929688,51.33946573078752,17.558101427282054,5403.732421875,5490.90625,5366.91748046875
2024-09-25,5353.521875343349,5382.00115338423,5180.960552460202,5189.345703125,147623.0,5360.95419921875,5335.1642578125,5297.687524414063,42.72463030110026,3.510275268179612,5353.869140625,5403.732421875,5490.90625
2024-09-26,5240.349812163532,5259.203560777641,5189.444884714532,5230.1787109375,108862.0,5333.6064453125,5328.81845703125,5293.098120117187,45.18317331919245,-4.278525518360766,5189.345703125,5353.869140625,5403.732421875
2024-09-27,5222.587665241207,5265.802247628854,5160.965579775982,5226.20947265625,132376.0,5280.66708984375,5328.61005859375,5292.205029296875,44.98104835010553,-10.64873858417377,5230.1787109375,5189.345703125,5353.869140625
2024-09-30,5221.4957759792205,5355.456614017457,5164.934533251966,5280.6865234375,160721.0,5256.05791015625,5321.430712890625,5293.107983398438,48.39329538746044,-11.172545469890792,5226.20947265625,5230.1787109375,5189.345703125
2024-10-01,5295.621440916059,5390.038935718412,5259.203741950435,5356.59814453125,87884.0,5256.6037109375,5321.5001953125,5302.204931640625,52.787354098661964,-5.399985131052745,5280.6865234375,5226.20947265625,5230.1787109375
2024-10-03,5356.598041353426,5366.223570127483,5082.077631241854,5138.53955078125,104867.0,5246.44248046875,5303.69833984375,5299.582763671875,41.78210918618468,-18.210773140441233,5356.59814453125,5280.6865234375,5226.20947265625
2024-10-04,5165.629215135907,5279.54534605709,5105.495587929506,5243.02880859375,93027.0,5249.0125,5291.30947265625,5302.212353515625,47.43710414840758,-19.70485972525512,5138.53955078125,5356.59814453125,5280.6865234375
2024-10-07,5307.776778035897,5457.663880434003,5189.791620347978,5390.98095703125,123479.0,5281.966796875,5281.316943359375,5308.01484375,54.218241488296414,-8.84843298928081,5243.02880859375,5138.53955078125,5356.59814453125
2024-10-08,5405.072205115568,5481.9756558033705,5255.135186934544,5395.49658203125,210649.0,5304.92880859375,5280.493359375,5310.5179443359375,54.411553715176446,0.11837209433815588,5390.98095703125,5243.02880859375,5138.53955078125
2024-10-09,5409.090312303598,5537.047912623943,5362.30334664896,5406.7587890625,118801.0,5314.9609375,5285.78232421875,5314.206811523438,54.92278130838039,8.040707440471124,5395.49658203125,5390.98095703125,5243.02880859375
2024-10-10,5409.040974806572,5417.22747050317,5251.761027181028,5270.36669921875,63017.0,5341.3263671875,5293.884423828125,5314.524340820312,47.914988623639935,3.275752667821507,5406.7587890625,5395.49658203125,5390.98095703125
2024-10-11,5303.856836409609,5304.253660503116,5178.826722024649,5184.18505859375,40325.0,5329.5576171875,5289.28505859375,5309.0517578125,44.08717120653275,-7.369693231466954,5270.36669921875,5406.7587890625,5395.49658203125
2024-10-14,5159.9730386715,5319.733742368829,5110.357913299658,5241.78857421875,67151.0,5299.719140625,5290.84296875,5309.726513671875,47.12755318510242,-11.031004946219582,5184.18505859375,5270.36669921875,5406.7587890625
2024-10-15,5259.004826595071,5355.456827639016,5191.726907950219,5307.52880859375,101187.0,5282.1255859375,5293.527197265625,5307.478955078125,50.43975700201678,-8.529609331611027,5241.78857421875,5184.18505859375,5270.36669921875
2024-10-16,5269.126471360392,5289.964824636959,5179.32309176376,5191.578125,56803.0,5239.089453125,5277.0251953125,5299.2626953125,45.076102990112844,-15.722250098793666,5307.52880859375,5241.78857421875,5184.18505859375
2024-10-17,5218.518992564166,5230.525950052475,5122.464301703124,5203.783203125,41864.0,5225.77275390625,5283.549560546875,5293.623950195312,45.73028298708615,-20.204714552012774,5191.578125,5307.52880859375,5241.78857421875
2024-10-18,5169.995748259961,5206.611616410788,4897.06263401024,5021.3984375,127453.0,5193.2154296875,5261.3865234375,5276.347998046875,38.37474989822353,-38.0355758167625,5203.783203125,5191.578125,5307.52880859375
2024-10-21,5030.973836687703,5096.713879425485,4932.735886030487,4941.6171875,98142.0,5133.18115234375,5216.450146484375,5248.883544921875,35.67183324418632,-57.93648620006479,5021.3984375,5203.783203125,5191.578125
2024-10-22,4941.616963253659,5009.8871805406325,4371.092454623717,4451.36962890625,558667.0,4961.94931640625,5122.037451171875,5201.265405273438,24.330975478708766,-111.97619004973149,4941.6171875,5021.3984375,5203.783203125
2024-10-23,4563.5993229762,4757.793121374642,4147.82456404447,4557.6455078125,500122.0,4835.16279296875,5037.126123046875,5161.4542236328125,29.559138067096455,-144.56105953430142,4451.36962890625,4941.6171875,5021.3984375
2024-10-24,4581.610075516749,4622.294484095477,4317.508822586465,4337.404296875,192310.0,4661.88701171875,4943.8298828125,5118.857153320312,25.610104190192672,-186.0121956493149,4557.6455078125,4451.36962890625,4941.6171875
2024-10-25,4366.131280592623,4383.992726740502,4180.2232983655695,4257.22607421875,218791.0,4509.0525390625,4851.133984375,5070.209521484375,24.335481741092536,-222.76434346528822,4337.404296875,4557.6455078125,4451.36962890625
2024-10-28,4201.45827397695,4354.719591379179,4151.893054017366,4288.4833984375,164249.0,4378.42578125,4755.803466796875,5023.323217773437,25.88416037526055,-246.5266745120307,4257.22607421875,4337.404296875,4557.6455078125
2024-10-29,4350.403552399086,4365.586073609963,4247.055328631453,4302.9716796875,313114.0,4348.74619140625,4655.34775390625,4974.437475585937,26.633735552625325,-261.178704326293,4288.4833984375,4257.22607421875,4337.404296875
2024-10-30,4330.471847899223,4427.892739791048,4291.682596161035,4365.28271484375,132713.0,4310.2736328125,4572.718212890625,4924.8717041015625,29.916593912763844,-264.71113850646907,4302.9716796875,4288.4833984375,4257.22607421875
2024-10-31,4346.484912323504,4351.308800979393,4232.404534934959,4271.5419921875,194224.0,4297.101171875,4479.494091796875,4881.521826171875,27.894408776340924,-271.939956397915,4365.28271484375,4302.9716796875,4288.4833984375
2024-11-01,4271.591277168376,4341.412119952505,4271.591277168376,4315.80126953125,7408.0,4308.8162109375,4408.934375,4835.16044921875,30.290276475947167,-270.97387471395814,4271.5419921875,4365.28271484375,4302.9716796875
2024-11-04,4315.503114518749,4315.503114518749,4140.105988157767,4191.42724609375,262620.0,4289.40498046875,4333.915380859375,4775.182763671875,27.52272695536776,-277.0505262646875,4315.80126953125,4271.5419921875,4365.28271484375
2024-11-05,4191.427524709083,4425.953115777953,4162.434656796079,4338.77685546875,298250.0,4296.566015625,4322.656103515625,4722.34677734375,35.08950621145128,-266.8997798512737,4191.42724609375,4315.80126953125,4271.5419921875
2024-11-06,4386.169331358226,4698.72119357576,4386.169331358226,4658.63916015625,658009.0,4355.2373046875,4332.75546875,4684.9407958984375,47.82393099030365,-230.38924163376942,4338.77685546875,4191.42724609375,4315.80126953125
2024-11-07,4659.682957290386,4724.331706964639,4590.06122687196,4651.4775390625,200187.0,4431.2244140625,4364.16279296875,4653.996337890625,47.59877002034025,-199.72989808469902,4658.63916015625,4338.77685546875,4191.42724609375
2024-11-08,4614.92652869245,4614.92652869245,4527.799801410149,4573.00439453125,65633.0,4482.6650390625,4395.740625,4623.4373046875,45.093491021240126,-179.69288662755298,4651.4775390625,4658.63916015625,4338.77685546875
2024-11-11,4559.228923139055,4755.164372061044,4537.347807015788,4608.013671875,148460.0,4565.98232421875,4427.69365234375,4591.748559570313,46.44769872339625,-159.1538283288346,4573.00439453125,4651.4775390625,4658.63916015625
2024-11-12,4624.872399608998,4649.140450125722,4575.1425888605145,4589.61376953125,171018.0,4616.14970703125,4456.357861328125,4555.852807617188,45.80822606973492,-142.71605317260128,4608.013671875,4573.00439453125,4651.4775390625
2024-11-13,4565.196413129902,4599.95774347387,4440.871892075166,4491.79541015625,200789.0,4582.78095703125,4469.009130859375,4520.863671875,42.461339413872196,-136.01423460236037,4589.61376953125,4608.013671875,4573.00439453125
2024-11-14,4475.682932784901,4642.526446557049,4396.1152362020575,4518.69921875,116213.0,4556.22529296875,4493.724853515625,4486.60947265625,43.680152406887956,-127.0673295144652,4491.79541015625,4589.61376953125,4608.013671875
2024-11-18,4590.757881701857,4658.6886080099175,4454.995500191747,4610.0029296875,164487.0,4563.625,4523.14501953125,4466.039697265625,47.72697623382948,-111.32609839344332,4518.69921875,4491.79541015625,4589.61376953125
2024-11-19,4598.813829350526,4656.997708493449,4488.164999356508,4625.12109375,109097.0,4567.046484375,4566.514404296875,4450.214892578125,48.38827319244236,-96.51854413246019,4610.0029296875,4518.69921875,4491.79541015625
2024-11-21,4588.072012364299,4600.952226686417,4476.677244234058,4527.00390625,104722.0,4554.52451171875,4585.337109375,4453.996606445313,44.457361339742945,-91.64426963587994,4625.12109375,4610.0029296875,4518.69921875
2024-11-22,4540.331821639114,4547.293995297707,4476.677662474842,4525.01513671875,101349.0,4561.16845703125,4571.97470703125,4452.365087890625,44.3786655549481,-86.93966274634022,4527.00390625,4625.12109375,4610.0029296875
2024-11-25,4528.396630313114,4668.634698592083,4510.593454943824,4584.1435546875,289620.0,4574.25732421875,4565.24130859375,4464.70205078125,47.36201111827565,-77.54615491518962,4525.01513671875,4527.00390625,4625.12109375
2024-11-26,4584.044260565522,4654.262362397645,4525.462157017473,4546.89599609375,58113.0,4561.6359375,4562.63046875,4479.185546875,45.69914801695636,-72.27416735791849,4584.1435546875,4525.01513671875,4527.00390625
2024-11-27,4560.223383691348,4617.2635704719405,4475.682710275042,4554.15625,107057.0,4547.44296875,4557.2447265625,4492.469189453125,46.096415199223685,-66.74088998738898,4546.89599609375,4584.1435546875,4525.01513671875
2024-11-28,4560.223565116226,4568.926281843547,4480.655869323577,4495.77392578125,71782.0,4541.19697265625,4547.8607421875,4502.109301757812,43.34992144507294,-66.3024006463047,4554.15625,4546.89599609375,4584.1435546875
2024-11-29,4457.829535935296,4755.1642529756855,4430.925903996377,4625.96630859375,289339.0,4561.38720703125,4561.27783203125,4515.143481445312,50.44115112192239,-54.817554805469626,4495.77392578125,4554.15625,4546.89599609375
2024-12-02,4570.169460243389,4779.034658644066,4570.169460243389,4746.859375,384423.0,4593.93037109375,4584.09384765625,4538.909350585937,55.9545858175024,-35.55086339570698,4625.96630859375,4495.77392578125,4554.15625
2024-12-03,4795.49513222604,4823.7420529284045,4718.264834128681,4737.26171875,368050.0,4632.003515625,4596.8197265625,4559.982373046875,55.42738762112538,-20.816364204061756,4746.859375,4625.96630859375,4495.77392578125
2024-12-04,4780.9742467951255,4784.007570852219,4668.18665276444,4689.869140625,633495.0,4659.14609375,4603.29453125,4584.904467773437,52.78278537923303,-12.815621904863292,4737.26171875,4746.859375,4625.96630859375
2024-12-05,4719.159658040397,4738.554283128872,4629.745560530262,4732.18896484375,138757.0,4706.4291015625,4623.813037109375,4604.5750732421875,54.854220391524436,-3.025246696817703,4689.869140625,4737.26171875,4746.859375
2024-12-06,4679.7741318635335,4795.9427712187335,4664.705611249865,4712.79443359375,468988.0,4723.7947265625,4642.590966796875,4607.2828369140625,53.691706184259886,3.1326088416435596,4732.18896484375,4689.869140625,4737.26171875
2024-12-09,4714.883243730925,5022.561672564587,4712.943586901284,4985.5625,619707.0,4771.5353515625,4682.732861328125,4623.987084960938,64.94416553042137,29.680716240746733,4712.79443359375,4732.18896484375,4689.869140625
2024-12-10,5022.7108242313525,5040.762648183966,4851.689812899712,4895.25341796875,212532.0,4803.13369140625,4717.568603515625,4640.099536132812,59.76611499521277,42.93813040859641,4985.5625,4712.79443359375,4732.18896484375
2024-12-11,4918.626089439336,4948.066232140453,4874.515653758635,4930.958984375,171218.0,4851.35166015625,4755.248876953125,4656.246801757812,61.087132467167514,55.68397722882219,4895.25341796875,4985.5625,4712.79443359375
2024-12-12,4923.997065417189,4928.1745636534015,4786.4941427703325,4821.4541015625,177752.0,4869.2046875,4787.81689453125,4667.838818359375,55.110790086067425,56.30003206613583,4930.958984375,4895.25341796875,4985.5625
2024-12-13,4799.672400195483,4814.690899280799,4716.971826946093,4777.8408203125,63547.0,4882.21396484375,4803.004345703125,4682.141088867187,52.89136511606963,52.66197815444502,4821.4541015625,4930.958984375,4895.25341796875
2024-12-16,4797.931927730708,4910.619479620386,4768.889525287545,4874.91357421875,445853.0,4860.0841796875,4815.809765625,4699.951806640625,57.038485873593984,56.95520998077609,4777.8408203125,4821.4541015625,4930.958984375
2024-12-17,4857.905722597473,4969.002305469614,4849.352584324753,4942.6455078125,290439.0,4869.56259765625,4836.34814453125,4716.583935546875,59.70404558369332,65.07290813730924,4874.91357421875,4777.8408203125,4821.4541015625
2024-12-18,4956.421146997265,5128.884033614048,4942.645892285841,5077.61279296875,546131.0,4898.893359375,4875.122509765625,4739.208520507813,64.43887223440098,81.4579774959202,4942.6455078125,4874.91357421875,4777.8408203125
2024-12-19,5012.764785448712,5067.716224813006,4939.910614707816,5001.37646484375,131940.0,4934.87783203125,4902.041259765625,4762.9271484375,60.14028023452172,87.28545606040461,5077.61279296875,4942.6455078125,4874.91357421875
2024-12-20,5061.997349249539,5066.4234965872965,4794.948270111411,4813.646484375,143686.0,4942.03896484375,4912.12646484375,4777.358715820313,51.10046604609479,75.88082736486831,5001.37646484375,5077.61279296875,4942.6455078125
2024-12-23,4818.818715992035,4835.18001817028,4696.483380168089,4739.7978515625,106460.0,4915.0158203125,4887.55,4785.141430664063,48.04130486923498,60.18977916121639,4813.646484375,5001.37646484375,5077.61279296875
2024-12-24,4739.797606749398,4777.2940767979135,4631.536201632247,4736.06787109375,158708.0,4873.70029296875,4871.6314453125,4794.600024414062,47.88537505087027,46.91275116755696,4739.7978515625,4813.646484375,5001.37646484375
2024-12-26,4724.33178078665,4757.153454211062,4691.310993872298,4730.84619140625,37776.0,4804.34697265625,4851.620166015625,4803.434521484375,47.65219807287295,35.55935876249623,4736.06787109375,4739.7978515625,4813.646484375
2024-12-27,4729.255322280712,4800.816226377987,4716.872405525218,4751.5341796875,101992.0,4754.378515625,4844.628173828125,4816.2225341796875,48.71767295905358,27.90933974663585,4730.84619140625,4736.06787109375,4739.7978515625
2024-12-30,4708.318630259915,4738.0569580978845,4551.818828499987,4617.95947265625,239616.0,4715.24111328125,4828.6400390625,4815.822192382812,42.67768256238798,10.942147765943446,4751.5341796875,4730.84619140625,4736.06787109375
2024-12-31,4604.930823294397,4711.153502109648,4593.04520456903,4675.14892578125,105787.0,4702.311328125,4808.66357421875,4812.236669921875,45.77729428157318,2.0861885116582926,4617.95947265625,4751.5341796875,4730.84619140625
2025-01-01,4674.552307338904,4718.960927717817,4630.889148419934,4674.2041015625,244103.0,4689.93857421875,4781.81943359375,4809.0837890625,45.73329599001844,-4.951385924524402,4675.14892578125,4617.95947265625,4751.5341796875
2025-01-02,4697.278444863137,4710.357772587982,4623.42968163906,4676.54150390625,89529.0,4679.07763671875,4741.7123046875,4808.417407226562,45.87189994358356,-10.222269573035192,4674.2041015625,4675.14892578125,4617.95947265625
2025-01-03,4774.061649668366,4791.914845302837,4551.769404105682,4590.21044921875,340152.0,4646.812890625,4700.595703125,4801.3184814453125,41.64145255100035,-21.122193949952816,4676.54150390625,4674.2041015625,4675.14892578125
2025-01-06,4625.021151098456,4675.89464661679,4479.66102212065,4494.82861328125,152044.0,4622.18671875,4668.713916015625,4790.420190429688,37.52397087570361,-37.03011940323631,4590.21044921875,4676.54150390625,4674.2041015625
2025-01-07,4509.101484348691,4575.043018954486,4487.120810932533,4505.22265625,69323.0,4588.20146484375,4645.256396484375,4766.4031982421875,38.24062925119211,-48.24244367365009,4494.82861328125,4590.21044921875,4676.54150390625
2025-01-08,4498.061168642448,4647.747891888592,4416.006984803199,4582.2041015625,223288.0,4569.80146484375,4629.87001953125,4750.750732421875,43.417497906115166,-50.33628678168134,4505.22265625,4494.82861328125,4590.21044921875
2025-01-09,4600.007210738821,4651.676675179208,4537.5467665452015,4645.46044921875,335334.0,4563.58525390625,4621.3314453125,4736.475805664062,47.324768361494705,-46.35703884210034,4582.2041015625,4505.22265625,4494.82861328125
2025-01-10,4595.034332837014,4641.233519466435,4491.248124749272,4520.29052734375,89914.0,4549.60126953125,4598.207080078125,4721.417626953125,41.25406970780969,-52.69617409494094,4645.46044921875,4582.2041015625,4505.22265625
2025-01-13,4376.223082374996,4479.56152575982,4228.674645639572,4266.12109375,180135.0,4503.859765625,4563.0232421875,4695.831640625,32.216745411636424,-77.33783118547035,4520.29052734375,4645.46044921875,4582.2041015625
2025-01-14,4242.947387456706,4371.598503002382,4242.947387456706,4342.45654296875,134638.0,4471.30654296875,4529.75400390625,4669.2087890625,36.70164882096864,-89.67319243056681,4266.12109375,4520.29052734375,4645.46044921875
2025-01-15,4365.282810893591,4414.813508407422,4326.543093855859,4353.34765625,120336.0,4425.53525390625,4497.668359375,4639.743896484375,37.3386803192629,-97.44692576619218,4342.45654296875,4266.12109375,4520.29052734375
2025-01-16,4445.84489446748,4445.84489446748,4265.822987107611,4295.16357421875,80126.0,4355.47587890625,4459.53056640625,4600.621435546875,35.2950652638401,-107.06841653857646,4353.34765625,4342.45654296875,4266.12109375
2025-01-17,4291.682282646466,4332.012961288904,4162.185672815698,4181.53076171875,145192.0,4287.72392578125,4418.66259765625,4559.629150390625,31.65155924710622,-122.45119444812462,4295.16357421875,4353.34765625,4342.45654296875
2025-01-20,4177.303935690958,4235.438276386389,3979.37929683322,4000.166259765625,889323.0,4234.532958984375,4369.196362304688,4518.955139160156,26.881794368106142,-147.57559673308424,4181.53076171875,4295.16357421875,4353.34765625
2025-01-21,3979.5283588220937,4032.0928634077295,3909.757534794224,3937.656005859375,581392.0,4153.5728515625,4312.439697265625,4478.848046875,25.457805839970234,-170.56475727669294,4000.166259765625,4181.53076171875,4295.16357421875
2025-01-22,3941.733833237784,3984.7005833385206,3798.362888124087,3862.862548828125,295796.0,4055.475830078125,4240.505541992187,4435.187780761718,23.831168978479567,-192.59887954809074,3937.656005859375,4000.166259765625,4181.53076171875
2025-01-23,3868.9791756991694,4033.037768531195,3855.154385798856,3946.20947265625,293011.0,3985.685009765625,4170.5804443359375,4395.955944824219,29.255810766001147,-201.018464275312,3862.862548828125,3937.656005859375,4000.166259765625
2025-01-24,3950.1878735372297,3980.5728358033184,3766.883989390185,3782.648193359375,176404.0,3905.90849609375,4096.8162109375,4347.511645507812,25.428527601158166,-218.37181972601593,3946.20947265625,3862.862548828125,3937.656005859375
2025-01-27,3763.40284525779,3763.40284525779,3508.985094360856,3527.136474609375,646293.0,3811.3025390625,4022.9177490234374,4292.970495605468,20.841577181791266,-249.86188694834982,3782.648193359375,3946.20947265625,3862.862548828125
2025-01-28,3527.1364095230915,3624.606833168571,3433.395721476291,3597.85205078125,371615.0,3743.341748046875,3948.4572998046874,4239.105651855469,24.880313882610054,-266.0450345424697,3527.136474609375,3782.648193359375,3946.20947265625
2025-01-29,3618.340950977438,3814.2266226701818,3610.3841814315833,3798.959716796875,177677.0,3730.561181640625,3893.018505859375,4195.343432617187,35.03216070997834,-259.64950976120326,3597.85205078125,3527.136474609375,3782.648193359375
2025-01-30,3769.7183600223298,3887.379135655298,3719.8892375313417,3752.6611328125,211347.0,3691.851513671875,3838.76826171875,4149.1494140625,33.89644606959135,-255.37313653519095,3798.959716796875,3597.85205078125,3527.136474609375
2025-01-31,3776.481603363147,3956.503507552962,3776.481603363147,3947.353271484375,284772.0,3724.792529296875,3815.3505126953123,4117.006555175782,42.358961730252766,-233.58146968018582,3752.6611328125,3798.959716796875,3597.85205078125
2025-02-01,3947.5025782439848,4028.6119477158513,3568.6112006923777,3725.906494140625,524100.0,3764.546533203125,3787.9245361328126,4078.56044921875,36.61696828715236,-231.51159931488064,3947.353271484375,3752.6611328125,3798.959716796875
2025-02-03,3735.056778774823,3897.9218996342847,3673.3420386115977,3845.3076171875,420339.0,3814.037646484375,3778.689697265625,4045.564697265625,41.241934903643674,-217.72672127205715,3725.906494140625,3947.353271484375,3752.6611328125
2025-02-04,3860.922815609608,4024.633444033821,3860.922815609608,3970.378173828125,695882.0,3848.321337890625,3789.441259765625,4014.9734008789064,45.71063976379983,-194.46824852903137,3845.3076171875,3725.906494140625,3947.353271484375
2025-02-05,3954.265776730977,4051.984851764321,3926.715511011033,3984.849609375,145710.0,3894.759033203125,3793.3052734375,3981.9428588867186,46.22029189220554,-172.87521948697758,3970.378173828125,3845.3076171875,3725.906494140625
2025-02-06,3988.1817123229257,4052.979558316929,3920.6982623031495,3947.3037109375,93710.0,3894.74912109375,3809.7708251953127,3953.2935180664062,45.03893054336257,-156.98263057454824,3984.849609375,3970.378173828125,3845.3076171875
2025-02-07,3957.448389904401,4008.222573047847,3900.756408101988,3998.276611328125,86749.0,3949.22314453125,3856.8848388671877,3939.9012939453123,47.018786099767645,-138.67598190174522,3947.3037109375,3984.849609375,3970.378173828125
2025-02-10,4008.222568696424,4013.1955495508864,3884.6439944630415,3906.9228515625,83830.0,3961.54619140625,3887.7919189453123,3918.124609375,43.962246858081144,-130.04029233140318,3998.276611328125,3947.3037109375,3984.849609375
2025-02-11,3904.784549153646,3943.922005428687,3808.955111395732,3878.925048828125,223172.0,3943.25556640625,3895.7884521484375,3894.4034790039063,43.038822864739146,-124.02594097924612,3906.9228515625,3998.276611328125,3947.3037109375
2025-02-12,3841.130482910471,3913.7360047262314,3748.036182467483,3866.045166015625,77011.0,3919.494677734375,3907.12685546875,3872.94755859375,42.595563128285725,-118.92789634388919,3878.925048828125,3906.9228515625,3998.276611328125
2025-02-13,3908.812839921258,3935.617158916455,3845.257997120859,3856.79541015625,61870.0,3901.393017578125,3898.0710693359374,3856.710791015625,42.25895877127376,-114.31627042925629,3866.045166015625,3878.925048828125,3906.9228515625
2025-02-14,3876.239796324418,3889.7661588731007,3668.319413357036,3744.9033203125,113727.0,3850.718359375,3899.970751953125,3843.947644042969,38.31462426642388,-118.32628839901054,3856.79541015625,3866.045166015625,3878.925048828125
2025-02-17,3680.0556184200937,3711.086970452982,3509.631467050457,3608.196044921875,330073.0,3790.972998046875,3876.2595947265627,3827.474645996094,34.123887571794825,-131.02501631645737,3744.9033203125,3856.79541015625,3866.045166015625
2025-02-18,3611.378768711659,3655.141001105852,3540.762439166485,3642.80810546875,91844.0,3743.749609375,3843.502587890625,3816.471923828125,36.03159527932197,-136.71992348659887,3608.196044921875,3744.9033203125,3856.79541015625
2025-02-19,3580.596025914334,3710.838347104374,3580.596025914334,3693.532470703125,168985.0,3709.2470703125,3814.3708740234374,3803.8380737304688,38.827448188710015,-135.5772954275676,3642.80810546875,3608.196044921875,3744.9033203125
2025-02-20,3688.0124588766566,3746.047000995974,3591.53662823783,3720.1875,292962.0,3681.92548828125,3791.6592529296877,3800.7150390625,40.303975337990686,-131.0107064866661,3693.532470703125,3642.80810546875,3608.196044921875
2025-02-21,3670.0599187428593,3805.275221385392,3620.877186011236,3650.2177734375,168663.0,3662.98837890625,3756.853369140625,3806.869104003906,37.72953968120486,-131.52152574323463,3720.1875,3693.532470703125,3642.80810546875
2025-02-24,3614.362498346226,3754.600558959,3574.429559066228,3674.386474609375,343931.0,3676.22646484375,3733.5997314453125,3810.6958251953124,39.1747981893387,-128.49493189642772,3650.2177734375,3720.1875,3693.532470703125
2025-02-25,3665.136762881807,3713.0264726200417,3540.762459931464,3556.626220703125,162102.0,3658.990087890625,3701.3698486328126,3798.579150390625,34.92184376830606,-134.05331957140652,3674.386474609375,3650.2177734375,3720.1875
2025-02-27,3556.6260733005606,3582.038053635026,3457.7135342113475,3470.593505859375,198567.0,3614.402294921875,3661.8246826171876,3784.4757690429688,32.17372858245977,-143.74351714393788,3556.626220703125,3674.386474609375,3650.2177734375
2025-02-28,3429.7654310659304,3472.5828459417544,3298.0809916172275,3311.0107421875,347300.0,3532.566943359375,3607.2462158203125,3752.658642578125,27.803151094755293,-162.42769847351838,3470.593505859375,3556.626220703125,3674.386474609375
2025-03-03,3331.201071580367,3549.6640278377604,3266.7014114558056,3513.70947265625,436195.0,3505.265283203125,3584.1268310546875,3742.048791503906,39.11640312981984,-159.04557487983084,3311.0107421875,3470.593505859375,3556.626220703125
2025-03-04,3401.519040633309,3476.063978061867,3339.8540755691965,3359.099609375,273251.0,3442.20791015625,3559.2171875,3717.738391113281,34.655596033279934,-166.91682811086093,3513.70947265625,3311.0107421875,3470.593505859375
2025-03-05,3341.8431361586745,3445.2811379921573,3318.321033831804,3387.74365234375,460298.0,3408.431396484375,3533.7107421875,3688.6066650390626,36.10929346870333,-168.89658344694317,3359.099609375,3513.70947265625,3311.0107421875
2025-03-06,3381.62691043121,3459.205410141102,3360.7403912785467,3381.079833984375,185155.0,3390.528662109375,3502.465478515625,3658.418176269531,35.90914869676688,-169.05451307001204,3387.74365234375,3359.099609375,3513.70947265625
2025-03-07,3381.080027974102,3429.8650205011304,3351.7394398619417,3372.128662109375,196395.0,3402.75224609375,3467.6595947265623,3629.659423828125,35.62351890367479,-167.965753544554,3381.079833984375,3387.74365234375,3359.099609375
2025-03-10,3389.5837464247143,3459.006607635825,3286.6928212308712,3301.51220703125,217312.0,3360.31279296875,3432.7890380859376,3594.8212036132813,33.368521434671436,-170.83181866850873,3372.128662109375,3381.079833984375,3387.74365234375
2025-03-11,3299.0754814471943,3375.1620881191,3267.248404146528,3315.933837890625,218791.0,3351.679638671875,3396.9437744140623,3565.2717529296874,34.28342913196403,-169.9800664472864,3301.51220703125,3372.128662109375,3381.079833984375
2025-03-12,3331.897124277564,3363.226903207338,3263.269989479011,3338.710205078125,181396.0,3341.87294921875,3375.1521728515627,3538.2610107421874,35.78312016660445,-165.5587262539093,3315.933837890625,3301.51220703125,3372.128662109375
2025-03-13,3341.8430957943924,3368.697192099883,3310.314446103693,3325.680908203125,101656.0,3330.7931640625,3360.6609130859374,3511.2427978515625,35.287027074514185,-161.2473782604784,3338.710205078125,3315.933837890625,3301.51220703125
2025-03-17,3282.2170764764764,3345.1750613952945,3282.2170764764764,3327.023681640625,110944.0,3321.77216796875,3362.26220703125,3484.7542114257812,35.38644736745259,-155.92484872348268,3325.680908203125,3338.710205078125,3315.933837890625
2025-03-18,3327.023681640625,3327.023681640625,3327.023681640625,3327.023681640625,0.0,3326.874462890625,3343.5936279296875,3463.8602294921875,35.38644736745259,-149.9778543714374,3327.023681640625,3325.680908203125,3338.710205078125
2025-03-19,3403.458435941615,3456.122256444571,3401.170816105305,3411.26611328125,247244.0,3345.94091796875,3348.8102783203126,3454.0137329101562,41.88301927573028,-136.8891849975471,3327.023681640625,3327.023681640625,3325.680908203125
2025-03-20,3441.302740664132,3530.8163957681127,3411.4648556294724,3474.870361328125,190485.0,3373.17294921875,3357.52294921875,3445.616845703125,46.27515462944043,-120.00069564392106,3411.26611328125,3327.023681640625,3327.023681640625
2025-03-21,3463.1839469237293,3529.821891910487,3382.621655223321,3409.32666015625,368671.0,3389.902099609375,3360.3476318359376,3431.4065551757812,42.694411055267906,-110.63000127921941,3474.870361328125,3411.26611328125,3327.023681640625
2025-03-24,3461.194823792184,3574.57879215779,3433.843427914516,3484.965576171875,224293.0,3421.490478515625,3371.6313232421876,3419.645458984375,47.721826407413914,-95.99367477253236,3409.32666015625,3474.870361328125,3411.26611328125
2025-03-25,3508.338431223381,3531.3136998677405,3410.4702652715064,3439.462646484375,105228.0,3443.978271484375,3385.4263671875,3409.107702636719,45.15535855663432,-87.06238572073971,3484.965576171875,3409.32666015625,3474.870361328125
2025-03-26,3443.789391511771,3466.366677008822,3381.6271281270824,3397.341796875,168022.0,3441.193408203125,3393.5671630859374,3395.25546875,42.85767696190203,-82.43284086870699,3439.462646484375,3484.965576171875,3409.32666015625
2025-03-27,3381.6270924021023,3486.9051976867445,3354.0768261253297,3441.551513671875,160654.0,3434.529638671875,3403.8512939453126,3389.5017333984374,45.965504731534516,-74.33959793965778,3397.341796875,3439.462646484375,3484.965576171875
2025-03-28,3449.2097189027,3485.164515929551,3375.65938112801,3407.735107421875,132706.0,3434.211328125,3412.0567138671877,3386.3588134765623,43.99448187282171,-69.84916824664651,3441.551513671875,3397.341796875,3439.462646484375
2025-04-01,3407.735189382193,3441.253032355957,3307.032325339888,3313.745849609375,120051.0,3399.9673828125,3410.7289306640623,3386.495568847656,38.99011035735305,-73.03274197936798,3407.735107421875,3441.551513671875,3397.341796875
2025-04-02,3313.994482595625,3359.696128651787,3282.1674047315614,3337.019287109375,554232.0,3379.4787109375,3411.7284912109376,3377.6610595703123,40.7862532125188,-72.83814243116512,3313.745849609375,3407.735107421875,3441.551513671875
2025-04-03,3320.310163535521,3417.5814730137195,3303.5511212337888,3405.795654296875,246697.0,3381.169482421875,3411.1814453125,3379.9958618164064,45.85886230043397,-66.36918024674833,3337.019287109375,3313.745849609375,3407.735107421875
2025-04-04,3398.0875478996663,3413.304917662167,3238.4050863696025,3260.883056640625,92962.0,3345.035791015625,3389.78271484375,3373.65283203125,38.39541009042883,-72.10454039681463,3405.795654296875,3337.019287109375,3313.745849609375
2025-04-07,3097.570247048261,3155.6548096752776,3078.275178277414,3095.5810546875,202784.0,3282.60498046875,3358.408154296875,3359.377893066406,31.99810093127188,-88.96283650612668,3260.883056640625,3405.795654296875,3337.019287109375
2025-04-08,3170.8224316713995,3219.20943917992,3097.570276594856,3190.71435546875,127568.0,3257.998681640625,3328.9830322265625,3350.307177734375,38.363094787854,-93.56810050088825,3095.5810546875,3260.883056640625,3405.795654296875
2025-04-09,3177.734750248668,3182.657952705913,3088.618836649938,3116.467529296875,129669.0,3213.888330078125,3296.6835205078123,3341.0549438476564,35.5651950123528,-102.03273391789253,3190.71435546875,3095.5810546875,3260.883056640625
2025-04-11,3142.973640708493,3182.657930322752,3129.0492944829525,3151.3779296875,156605.0,3163.00478515625,3272.0871337890626,3332.8271484375,37.860028546438144,-104.71692777278395,3116.467529296875,3190.71435546875,3095.5810546875
2025-04-15,3239.300172528166,3373.6702123723544,3188.7748812933337,3360.2431640625,181024.0,3182.876806640625,3263.956298828125,3333.9037963867186,49.45793631974514,-88.96495921581527,3151.3779296875,3116.467529296875,3190.71435546875
2025-04-16,3341.843144639349,3398.236699140871,3245.3673157613675,3379.836669921875,256805.0,3239.7279296875,3261.166455078125,3336.6115844726564,50.39329812536743,-74.04681290786039,3360.2431640625,3151.3779296875,3116.467529296875
2025-04-17,3383.616116183801,3418.4269815766384,3324.736072426467,3379.239990234375,134499.0,3277.433056640625,3267.715869140625,3339.2223999023436,50.3627313431538,-61.56256659712244,3379.836669921875,3360.2431640625,3151.3779296875
2025-04-21,3376.6539717896303,3513.6098148057567,3371.68099097698,3495.806640625,283157.0,3353.30087890625,3283.5946044921875,3347.6615478515623,55.980224015915134,-41.78113009347908,3379.239990234375,3379.836669921875,3360.2431640625
2025-04-22,3504.9570698023026,3558.665265537071,3477.307246396801,3503.166748046875,274955.0,3423.658642578125,3293.3317138671873,3352.2565795898436,56.31638532450798,-25.219584319438127,3495.806640625,3379.239990234375,3379.836669921875
2025-04-23,3510.9244295445883,3518.881198790016,3447.3698323252725,3506.946044921875,168446.0,3452.99921875,3317.9380126953124,3353.8603637695314,56.50008140106554,-11.65512922644939,3503.166748046875,3495.806640625,3379.239990234375
2025-04-24,3500.97858560561,3605.709612881317,3417.43250572184,3492.723388671875,1473276.0,3475.5765625,3357.65224609375,3358.0302001953123,55.55330890437897,-2.0294560285069565,3506.946044921875,3503.166748046875,3495.806640625
2025-04-25,3525.8434055321177,3598.946223672205,3381.626961582285,3459.006591796875,239037.0,3491.5298828125,3384.4814697265624,3356.7322509765627,53.274206552055006,2.8454945157895963,3492.723388671875,3506.946044921875,3503.166748046875
2025-04-28,3481.086741749315,3656.434102476556,3459.205625086891,3615.456787109375,588862.0,3515.459912109375,3434.3803955078124,3365.5319580078126,61.223628485236624,19.112830385784946,3459.006591796875,3492.723388671875,3506.946044921875
2025-04-29,3610.3842546630895,3610.881552769792,3531.9107105539074,3565.130126953125,225836.0,3527.852587890625,3475.755615234375,3373.9213745117186,57.816138190875556,27.625421720060785,3615.456787109375,3459.006591796875,3492.723388671875
2025-04-30,3550.708458979408,3551.802611935641,3472.2349153758782,3519.8759765625,291426.0,3530.43857421875,3491.718896484375,3377.83759765625,54.85940817814365,30.369993569371218,3565.130126953125,3615.456787109375,3459.006591796875
2025-05-02,3451.845631506246,3524.053169152297,3407.188116916551,3412.55908203125,129685.0,3514.405712890625,3494.9911376953123,3378.0787963867188,48.522206918291985,23.61331048506372,3519.8759765625,3565.130126953125,3615.456787109375
2025-05-05,3431.555759750762,3492.0272572587296,3413.4541574799086,3483.4736328125,104551.0,3519.29912109375,3505.414501953125,3386.565185546875,52.432494522943735,23.707516558425596,3412.55908203125,3519.8759765625,3565.130126953125
2025-05-06,3486.0596053219106,3500.9785479980383,3390.5783721946914,3429.26806640625,134893.0,3482.061376953125,3498.76064453125,3391.177624511719,49.34687983466625,19.187062839239843,3483.4736328125,3412.55908203125,3519.8759765625
2025-05-07,3361.834539377917,3455.724318687463,3361.734982634516,3436.528564453125,216529.0,3456.341064453125,3492.096826171875,3392.7142700195313,49.773246740750615,16.00592586254288,3429.26806640625,3483.4736328125,3412.55908203125
2025-05-08,3436.329882858233,3515.599151707511,3420.11791617802,3461.592529296875,257778.0,3444.684375,3487.561474609375,3402.7497436523436,51.29729395390989,15.330582966768361,3436.528564453125,3429.26806640625,3483.4736328125
2025-05-09,3351.7890304909474,3475.1189532745907,3333.3890016885493,3464.97412109375,132159.0,3455.1673828125,3484.7865478515623,3421.2193969726563,51.51107145453376,14.896517274766666,3461.592529296875,3436.528564453125,3429.26806640625
2025-05-12,3530.816463892407,3583.53006180404,3492.325640019312,3560.75390625,195016.0,3470.6234375,3494.961279296875,3439.7213745117188,57.23663379522629,22.027229098058797,3464.97412109375,3461.592529296875,3436.528564453125
2025-05-13,3560.753975016173,3602.327902179091,3513.5106552207308,3568.81005859375,179740.0,3498.5318359375,3490.2966064453126,3462.3385009765625,57.68918264989105,28.005602604150226,3560.75390625,3464.97412109375,3461.592529296875
2025-05-14,3560.7538065462063,3565.6272305975717,3511.023998588081,3550.310546875,232376.0,3521.288232421875,3488.8146484375,3482.2851318359376,56.217935093897665,30.89461677974441,3568.81005859375,3560.75390625,3464.97412109375
2025-05-15,3555.681269440117,3645.1949237756726,3528.92672988391,3623.015380859375,257763.0,3553.572802734375,3499.1285888671873,3495.4237426757813,60.48333148609378,38.60582983596032,3550.310546875,3568.81005859375,3560.75390625
2025-05-16,3640.2221023957063,3699.897874566128,3596.459869470731,3662.003662109375,341068.0,3592.9787109375,3524.073046875,3509.532092285156,62.58821044178089,47.31760233201612,3623.015380859375,3550.310546875,3568.81005859375
2025-05-19,3695.422214718106,3845.10894417984,3648.775749642287,3818.652587890625,540336.0,3644.558447265625,3557.5909423828125,3531.502722167969,69.59566546220613,66.10004378205167,3662.003662109375,3623.015380859375,3550.310546875
2025-05-20,3872.9574647348977,3872.9574647348977,3689.951770458775,3703.67724609375,531681.0,3671.531884765625,3585.0318603515625,3541.8962524414064,60.62066456381334,70.89053282284613,3818.652587890625,3662.003662109375,3623.015380859375
2025-05-21,3563.3396541444317,3833.571385306615,3563.3396541444317,3805.324951171875,316823.0,3722.534765625,3621.9114990234375,3557.0041625976564,64.92695514132876,81.94454449553723,3703.67724609375,3818.652587890625,3662.003662109375
2025-05-22,3779.266692592672,3816.8624775494536,3730.630792677808,3801.3466796875,356914.0,3758.201025390625,3655.8869140625,3571.7241943359377,64.62907304730857,89.35389899823076,3805.324951171875,3703.67724609375,3818.652587890625
2025-05-23,3782.946590697944,3906.773815764828,3768.027647918801,3893.04833984375,744447.0,3804.4099609375,3698.6943359375,3591.740441894531,68.24559275970473,101.45590292023326,3801.3466796875,3805.324951171875,3703.67724609375
2025-05-26,3896.827937110894,4027.0204834146734,3881.9089940132258,4014.38916015625,709810.0,3843.557275390625,3744.057861328125,3619.5095703125,72.2838315750446,119.46094689635811,3893.04833984375,3801.3466796875,3805.324951171875
2025-05-27,4015.184742919405,4197.693140324832,3986.3414539561486,4177.70166015625,791753.0,3938.362158203125,3804.947021484375,3647.6218139648436,76.5975055934318,145.23386229763673,4014.38916015625,3893.04833984375,3801.3466796875
2025-05-28,4177.701649999667,4250.80446840123,4147.466023598846,4230.81298828125,656796.0,4023.459765625,3872.997265625,3680.90595703125,77.80720786010126,168.00803173826625,4177.70166015625,4014.38916015625,3893.04833984375
2025-05-29,4227.033801124884,4268.806841041883,4157.909366024136,4224.44775390625,376234.0,4108.07998046875,3933.1405029296875,3716.1345458984374,77.29155160395354,183.42865255513289,4230.81298828125,4177.70166015625,4014.38916015625
2025-05-30,4224.447765030648,4244.240132105384,4067.102696159877,4123.794921875,1135941.0,4154.229296875,3979.31962890625,3751.696337890625,69.45313086409324,185.39069477035446,4224.44775390625,4230.81298828125,4177.70166015625
2025-06-02,4125.187269060594,4207.14189827192,4097.83587374086,4183.470703125,178670.0,4188.04560546875,4015.8014404296873,3786.69619140625,71.31081372198577,189.57565404415664,4123.794921875,4224.44775390625,4230.81298828125
2025-06-03,4226.039025813327,4246.925544886539,4152.936209057083,4170.04345703125,158694.0,4186.51396484375,4062.4380615234377,3823.7349609375,70.27524069580556,189.62294262960904,4183.470703125,4123.794921875,4224.44775390625
2025-06-04,4227.033666060962,4283.725646994015,4172.131763952943,4263.33642578125,283143.0,4193.01865234375,4108.239208984375,3865.0753540039063,73.18858443800885,194.94122102129313,4170.04345703125,4183.470703125,4123.794921875
2025-06-05,4271.790525879041,4336.638390051659,4244.041390022235,4329.57666015625,205473.0,4214.04443359375,4161.06220703125,3908.474560546875,75.05782555624575,202.17053223533276,4263.33642578125,4170.04345703125,4183.470703125
2025-06-06,4309.684787927201,4327.487962351435,4233.001325618871,4322.216796875,224313.0,4253.72880859375,4203.979052734375,3951.3366943359374,74.43686186470012,204.94347321266832,4329.57666015625,4263.33642578125,4170.04345703125
2025-06-09,4344.395893271392,4401.187429389343,4319.730103519032,4376.81982421875,78815.0,4292.3986328125,4240.222119140625,3992.139990234375,76.02182105321926,209.13626421421122,4322.216796875,4329.57666015625,4263.33642578125
2025-06-10,4364.287906871962,4406.060945178394,4331.86397524844,4382.58837890625,198635.0,4334.9076171875,4260.710791015625,4032.82890625,76.18977967679488,210.49806478349137,4376.81982421875,4322.216796875,4329.57666015625
2025-06-11,4382.58865912635,4408.647274183594,4309.088096058981,4327.18994140625,122884.0,4347.6783203125,4270.348486328125,4071.6728759765624,71.04314354236094,204.7469156308366,4382.58837890625,4376.81982421875,4322.216796875
2025-06-12,4308.590755290854,4358.917420336683,4202.566702826675,4259.06005859375,176893.0,4333.575,4273.809716796875,4103.475109863281,65.20922210765781,192.47286891216572,4327.18994140625,4382.58837890625,4376.81982421875
2025-06-13,4207.142000967628,4342.407086577934,4189.139712298307,4326.29443359375,218524.0,4334.39052734375,4294.05966796875,4136.6896484375,68.0017826880518,186.026453461217,4259.06005859375,4327.18994140625,4382.58837890625
2025-06-16,4325.399110508599,4592.945475532947,4229.818323124158,4532.6728515625,468588.0,4365.5611328125,4328.9798828125,4172.390661621093,74.71168193955356,195.31911910300914,4326.29443359375,4259.06005859375,4327.18994140625
2025-06-17,4532.672824597237,4713.391138689687,4525.41246698419,4619.30224609375,1090766.0,4412.90390625,4373.90576171875,4218.171911621093,76.90127730119133,207.28444566128837,4532.6728515625,4326.29443359375,4259.06005859375
2025-06-18,4595.034361922313,4697.775953290046,4556.245110815177,4591.65283203125,279483.0,4465.796484375,4406.73740234375,4257.488305664063,74.67875401859408,212.09112209186242,4619.30224609375,4532.6728515625,4326.29443359375
2025-06-19,4585.088373929806,4585.088373929806,4395.717359041802,4417.2998046875,256502.0,4497.44443359375,4415.509716796875,4288.285961914063,62.42664140880887,199.53154022409944,4591.65283203125,4619.30224609375,4532.6728515625
2025-06-20,4435.0,4502.60009765625,4372.2001953125,4465.7998046875,397703.0,4525.3455078125,4429.868017578125,4316.92353515625,64.18680839899318,191.28649414281426,4417.2998046875,4591.65283203125,4619.30224609375
2025-06-23,4388.0,4511.60009765625,4265.89990234375,4482.0,876039.0,4515.2109375,4440.38603515625,4340.3040771484375,64.78031091954797,183.939120410123,4465.7998046875,4417.2998046875,4591.65283203125
2025-06-24,4482.89990234375,4583.7998046875,4457.7998046875,4472.89990234375,202444.0,4485.93046875,4449.4171875,4355.063989257813,64.13732586873502,175.3605249898792,4482.0,4465.7998046875,4417.2998046875
2025-06-25,4472.10009765625,4483.5,4382.60009765625,4412.0,246940.0,4449.99990234375,4457.898193359375,4364.12333984375,59.85560916211931,161.7828808128088,4472.89990234375,4482.0,4465.7998046875
2025-06-26,4458.0,4475.7998046875,4332.0,4374.5,251092.0,4441.43994140625,4469.4421875,4371.625952148437,57.31815257927559,146.30999285854796,4412.0,4472.89990234375,4482.0
2025-06-27,4396.0,4414.2001953125,4300.0,4342.0,137916.0,4416.67998046875,4471.012744140625,4382.536206054688,55.13657661939973,129.9274169073915,4374.5,4412.0,4472.89990234375
2025-06-30,4379.0,4398.89990234375,4316.39990234375,4391.39990234375,271888.0,4398.5599609375,4456.88544921875,4392.932666015625,57.76775183000587,119.55214400547538,4342.0,4374.5,4412.0
2025-07-01,4400.0,4441.0,4357.2998046875,4375.7998046875,365171.0,4379.13994140625,4432.535205078125,4403.220483398438,56.638081295042724,108.81649910968099,4391.39990234375,4342.0,4374.5
2025-07-02,4375.7998046875,4388.7001953125,4270.0,4302.39990234375,139098.0,4357.219921875,4403.609912109375,4405.173657226563,51.53190953768176,93.31004438487435,4375.7998046875,4391.39990234375,4342.0
2025-07-03,4302.39990234375,4325.5,4252.2001953125,4261.60009765625,140745.0,4334.63994140625,4388.03994140625,4401.774829101562,48.893251608874266,76.84306501703577,4302.39990234375,4375.7998046875,4391.39990234375
2025-07-04,4299.0,4316.7001953125,4240.0,4265.2001953125,58985.0,4319.27998046875,4367.97998046875,4398.923999023437,49.14071898535083,63.353068288121904,4261.60009765625,4302.39990234375,4375.7998046875
2025-07-07,4270.0,4292.89990234375,4239.2001953125,4273.60009765625,67070.0,4295.72001953125,4347.139990234375,4393.763012695313,49.752086523496665,52.732087923510335,4265.2001953125,4261.60009765625,4302.39990234375
2025-07-08,4270.0,4284.2998046875,4176.5,4196.10009765625,178168.0,4259.780078125,4319.460009765625,4384.4385986328125,44.44378759986126,37.62753535381671,4273.60009765625,4265.2001953125,4261.60009765625
2025-07-09,4225.0,4225.0,4184.0,4194.7001953125,131005.0,4238.24013671875,4297.730029296875,4377.814111328125,44.35173513783874,25.253007252090356,4196.10009765625,4273.60009765625,4265.2001953125
2025-07-10,4200.0,4239.0,4140.10009765625,4149.2001953125,59546.0,4215.76015625,4275.200048828125,4372.321118164063,41.353697819265356,11.640450964388947,4194.7001953125,4196.10009765625,4273.60009765625
2025-07-11,4153.2998046875,4178.89990234375,4077.0,4114.2001953125,106582.0,4185.56015625,4252.420068359375,4361.71640625,39.160795648375306,-1.9493347420939244,4149.2001953125,4194.7001953125,4196.10009765625
2025-07-14,4080.0,4129.89990234375,4060.800048828125,4112.0,263406.0,4153.24013671875,4224.480078125,4340.682763671875,39.02071504455228,-12.749902260795352,4114.2001953125,4149.2001953125,4194.7001953125
2025-07-15,4135.0,4250.39990234375,4125.7001953125,4240.5,140399.0,4162.1201171875,4210.95009765625,4321.742651367187,50.22037200947812,-10.815875077319106,4112.0,4114.2001953125,4149.2001953125
2025-07-16,4240.0,4247.7001953125,4182.60009765625,4235.89990234375,88762.0,4170.36005859375,4204.30009765625,4303.955004882812,49.8672809757457,-9.54431313603618,4240.5,4112.0,4114.2001953125
2025-07-17,4249.7998046875,4274.89990234375,4222.5,4265.7998046875,64849.0,4193.67998046875,4204.720068359375,4296.3800048828125,52.218814045655506,-6.054130651642481,4235.89990234375,4240.5,4112.0
2025-07-18,4270.0,4270.0,4194.2001953125,4216.60009765625,178120.0,4214.1599609375,4199.86005859375,4283.92001953125,48.21146144054993,-7.175427207370376,4265.7998046875,4235.89990234375,4240.5
2025-07-21,4218.10009765625,4348.89990234375,4172.0,4200.2001953125,226221.0,4231.8,4192.520068359375,4269.830029296875,46.9189272043153,-9.280418972671214,4216.60009765625,4265.7998046875,4235.89990234375
2025-07-22,4245.0,4245.0,4052.39990234375,4088.10009765625,429794.0,4201.32001953125,4181.720068359375,4250.5900390625,39.185580872215965,-19.766327217519574,4200.2001953125,4216.60009765625,4265.7998046875
2025-07-23,4092.199951171875,4192.2998046875,4057.300048828125,4133.39990234375,249937.0,4180.82001953125,4175.5900390625,4236.6600341796875,43.25578334407301,-24.14286547168922,4088.10009765625,4200.2001953125,4216.60009765625
2025-07-24,4120.0,4260.0,4019.5,4242.7001953125,562779.0,4176.20009765625,4184.9400390625,4230.070043945312,51.66211919703792,-18.57753314942329,4133.39990234375,4088.10009765625,4200.2001953125
2025-07-25,4201.2001953125,4342.2998046875,4152.5,4311.7001953125,441380.0,4195.2201171875,4204.6900390625,4228.5550537109375,56.085048407752964,-8.501246764179086,4242.7001953125,4133.39990234375,4088.10009765625
2025-07-28,4277.7998046875,4361.7001953125,4239.2001953125,4295.60009765625,209022.0,4214.30009765625,4223.050048828125,4223.765063476562,54.82449535701188,-1.794178363541505,4311.7001953125,4242.7001953125,4133.39990234375
2025-07-29,4311.0,4375.0,4300.2001953125,4325.39990234375,242347.0,4261.76005859375,4231.5400390625,4221.245068359375,56.7616006501868,5.858286180275172,4295.60009765625,4311.7001953125,4242.7001953125
2025-07-30,4338.0,4338.0,4245.7998046875,4279.2001953125,121793.0,4290.9201171875,4235.870068359375,4220.0850830078125,52.969445242631004,8.101599023447307,4325.39990234375,4295.60009765625,4311.7001953125
2025-07-31,4260.0,4329.7998046875,4237.2998046875,4306.89990234375,158166.0,4303.76005859375,4239.980078125,4222.350073242187,54.9143162020377,11.976517634996526,4279.2001953125,4325.39990234375,4295.60009765625
2025-08-01,4314.89990234375,4340.7998046875,4235.0,4249.10009765625,86273.0,4291.2400390625,4243.230078125,4221.545068359375,50.245136401500034,10.26512736828954,4306.89990234375,4279.2001953125,4325.39990234375
2025-08-04,4230.0,4302.7001953125,4195.2001953125,4291.0,101812.0,4290.32001953125,4252.31005859375,4222.415063476563,53.34220317397103,12.149755381985415,4249.10009765625,4306.89990234375,4279.2001953125
2025-08-05,4291.0,4302.60009765625,4243.7998046875,4268.39990234375,41508.0,4278.92001953125,4270.3400390625,4226.030053710938,51.480792330046604,11.685000247694006,4291.0,4249.10009765625,4306.89990234375
2025-08-06,4268.0,4272.60009765625,4152.2998046875,4183.7998046875,232677.0,4259.83994140625,4275.380029296875,4225.485034179687,45.13187209239364,4.4389877197845635,4268.39990234375,4291.0,4249.10009765625
2025-08-07,4180.0,4193.7001953125,4103.7998046875,4176.7998046875,146642.0,4233.819921875,4268.789990234375,4226.865014648438,44.64129943872471,-1.8470789356406385,4183.7998046875,4268.39990234375,4291.0
2025-08-08,4156.0,4175.0,4116.5,4150.5,144702.0,4214.09990234375,4252.669970703125,4228.680004882813,42.76066823880694,-8.84900071840184,4176.7998046875,4183.7998046875,4268.39990234375
2025-08-11,4151.0,4359.5,4139.5,4354.7001953125,201475.0,4226.83994140625,4258.57998046875,4240.815014648438,57.67114787035743,2.0554807099861137,4150.5,4176.7998046875,4183.7998046875
2025-08-12,4329.0,4347.2001953125,4205.89990234375,4219.7998046875,126898.0,4217.119921875,4248.019970703125,4239.780004882812,48.65420747141179,-0.18583116332774807,4354.7001953125,4150.5,4176.7998046875
2025-08-13,4220.0,4340.0,4220.0,4300.0,283201.0,4240.3599609375,4250.099951171875,4242.985009765625,53.326381173686954,4.45800937297372,4219.7998046875,4354.7001953125,4150.5
2025-08-14,4300.0,4340.0,4265.2998046875,4297.7001953125,211708.0,4264.5400390625,4249.17998046875,4244.580029296875,53.176951184375845,7.862082246881073,4300.0,4219.7998046875,4354.7001953125
2025-08-18,4319.89990234375,4517.0,4319.89990234375,4496.0,269556.0,4333.6400390625,4273.869970703125,4258.550024414062,62.8448250970835,26.25828236821053,4297.7001953125,4300.0,4219.7998046875
2025-08-19,4530.0,4615.89990234375,4473.2998046875,4598.10009765625,289685.0,4382.32001953125,4304.57998046875,4278.44501953125,66.66166346864209,48.51675712111046,4496.0,4297.7001953125,4300.0
2025-08-20,4564.60009765625,4615.7998046875,4533.10009765625,4541.60009765625,139786.0,4446.680078125,4331.9,4301.12001953125,62.816079815136035,60.89571304294259,4598.10009765625,4496.0,4297.7001953125
2025-08-21,4552.2001953125,4648.39990234375,4522.5,4576.39990234375,301906.0,4501.96005859375,4371.160009765625,4323.27001953125,64.18647622636274,72.67640978818963,4541.60009765625,4598.10009765625,4496.0
2025-08-22,4550.10009765625,4658.7998046875,4550.10009765625,4637.7998046875,136020.0,4569.97998046875,4417.260009765625,4343.025,66.53026701653354,85.97607711415912,4576.39990234375,4541.60009765625,4598.10009765625
2025-08-25,4640.0,4664.89990234375,4586.10009765625,4631.2001953125,107201.0,4597.02001953125,4465.330029296875,4359.0,66.0300612170306,94.88979547223607,4637.7998046875,4576.39990234375,4541.60009765625
2025-08-26,4631.0,4659.60009765625,4555.2001953125,4574.39990234375,168139.0,4592.27998046875,4487.3,4372.939990234375,61.72844351260429,96.26103525416602,4631.2001953125,4637.7998046875,4576.39990234375
2025-08-27,4574.39990234375,4574.39990234375,4574.39990234375,4574.39990234375,0.0,4598.83994140625,4522.760009765625,4385.389990234375,61.72844351260428,96.2383765618979,4574.39990234375,4631.2001953125,4637.7998046875
2025-08-28,4573.0,4608.89990234375,4484.0,4506.5,111504.0,4584.8599609375,4543.410009765625,4396.75498046875,56.61504210881354,89.70737396290497,4574.39990234375,4574.39990234375,4631.2001953125
2025-08-29,4506.5,4520.89990234375,4451.5,4471.2001953125,105834.0,4551.5400390625,4560.760009765625,4404.969995117188,54.10572461731645,80.75224649331994,4506.5,4574.39990234375,4574.39990234375
2025-09-01,4473.0,4584.0,4473.0,4574.7998046875,54770.0,4540.2599609375,4568.639990234375,4421.25498046875,59.74489528716174,81.0802237650887,4471.2001953125,4506.5,4574.39990234375
2025-09-02,4574.7998046875,4627.5,4545.0,4591.2998046875,84896.0,4543.63994140625,4567.9599609375,4436.269970703125,60.57576046179288,81.72943417727129,4574.7998046875,4471.2001953125,4506.5
2025-09-03,4590.0,4641.0,4551.0,4631.0,119399.0,4554.9599609375,4576.899951171875,4454.399975585938,62.57718592080814,84.47365239775809,4591.2998046875,4574.7998046875,4471.2001953125
2025-09-04,4635.0,4642.7001953125,4548.39990234375,4589.89990234375,74360.0,4571.63994140625,4578.249951171875,4474.70498046875,59.22508795006657,82.38237794382076,4631.0,4591.2998046875,4574.7998046875
2025-09-05,4596.89990234375,4630.0,4544.2001953125,4577.7001953125,47524.0,4592.93994140625,4572.239990234375,4494.75,58.22802187094434,78.8318885321878,4589.89990234375,4631.0,4591.2998046875
2025-09-08,4577.7001953125,4588.7001953125,4444.89990234375,4462.0,213671.0,4570.37998046875,4555.319970703125,4510.325,49.68497688515612,65.92215174849025,4577.7001953125,4589.89990234375,4631.0
2025-09-09,4457.0,4474.89990234375,4292.0,4378.5,212205.0,4527.82001953125,4535.72998046875,4511.514990234375,44.59933151531282,48.395467353872846,4462.0,4577.7001953125,4589.89990234375
2025-09-10,4305.0,4386.7998046875,4251.2998046875,4282.5,581572.0,4458.12001953125,4506.539990234375,4514.65,39.582867776879596,26.454099610466983,4378.5,4462.0,4577.7001953125
2025-09-11,4290.0,4381.7001953125,4275.5,4353.2998046875,116333.0,4410.8,4491.219970703125,4517.314990234375,44.5375299199369,14.609945773919208,4282.5,4378.5,4462.0
2025-09-12,4356.10009765625,4548.5,4356.10009765625,4532.7001953125,307480.0,4401.8,4497.369970703125,4529.064990234375,54.67954415713006,19.474985230766833,4353.2998046875,4282.5,4378.5
2025-09-15,4530.10009765625,4538.7998046875,4455.0,4496.0,65475.0,4408.6,4489.489990234375,4529.064990234375,52.56202770267555,20.137037769114613,4532.7001953125,4353.2998046875,4282.5
2025-09-16,4490.0,4632.0,4473.39990234375,4593.89990234375,214415.0,4451.67998046875,4489.75,4528.85498046875,57.311165516743046,28.235936807845064,4496.0,4532.7001953125,4353.2998046875
2025-09-17,4591.7001953125,4628.39990234375,4501.0,4508.5,149641.0,4496.87998046875,4477.5,4527.199975585938,52.38451887970536,27.446923197572687,4593.89990234375,4496.0,4532.7001953125
2025-09-18,4548.7001953125,4548.7001953125,4460.0,4475.2998046875,58444.0,4521.27998046875,4466.039990234375,4522.144970703125,50.56470246898442,23.867516062628965,4508.5,4593.89990234375,4496.0
2025-09-19,4476.0,4492.7001953125,4402.0,4411.39990234375,174009.0,4497.019921875,4449.4099609375,4510.824975585938,47.16830048954271,15.693714660962542,4475.2998046875,4508.5,4593.89990234375
2025-09-22,4411.39990234375,4445.2998046875,4362.0,4371.89990234375,47757.0,4472.19990234375,4440.399951171875,4497.8599609375,45.149443234496935,5.959896301697881,4411.39990234375,4475.2998046875,4508.5
2025-09-23,4390.0,4397.39990234375,4320.5,4326.2998046875,92703.0,4418.6798828125,4435.179931640625,4485.4549560546875,42.86833765087258,-5.37184833756146,4371.89990234375,4411.39990234375,4475.2998046875
2025-09-24,4330.0,4382.5,4305.0,4348.89990234375,89655.0,4386.75986328125,4441.819921875,4474.179956054688,44.36851588771093,-12.385921408987997,4326.2998046875,4371.89990234375,4411.39990234375
2025-09-25,4348.89990234375,4383.89990234375,4256.39990234375,4271.10009765625,123469.0,4345.919921875,4433.599951171875,4462.4099609375,40.4325608952046,-23.946379928237548,4348.89990234375,4326.2998046875,4371.89990234375
2025-09-26,4271.10009765625,4341.7998046875,4221.0,4234.2001953125,198687.0,4310.47998046875,4403.749951171875,4450.5599609375,38.67992292929542,-35.6744079587379,4271.10009765625,4348.89990234375,4326.2998046875
