Date,Open,High,Low,Close,Volume,Stock
,GMDCLTD.BO,GMDCLTD.BO,GMDCLTD.BO,GMDCLTD.BO,GMDCLTD.BO,
2020-01-01,53.168548714452555,53.722833215477934,52.273168811452834,53.509647369384766,19009,GMDCLTD.BO
2020-01-02,54.27711453530578,59.13774893898049,53.85074286810921,57.091163635253906,173107,GMDCLTD.BO
2020-01-03,58.83929152177865,58.83929152177865,55.93996281227602,56.15314865112305,45541,GMDCLTD.BO
2020-01-06,55.59886257471077,55.59886257471077,52.443714852610874,52.528987884521484,29248,GMDCLTD.BO
2020-01-07,53.25382401429838,54.44766277844347,53.25382401429838,54.1065673828125,21634,GMDCLTD.BO
2020-01-08,53.21118581017718,53.76546703037125,52.05998034739067,53.253822326660156,18419,GMDCLTD.BO
2020-01-09,54.36239060178112,57.51753851277312,54.063931719268204,56.622161865234375,67755,GMDCLTD.BO
2020-01-10,56.622157016310055,57.560173354986055,55.42831508257917,55.85468673706055,24442,GMDCLTD.BO
2020-01-13,56.57952877691129,58.71138748369707,55.93997116487555,57.304359436035156,40228,GMDCLTD.BO
2020-01-14,57.730725917130286,58.327650204190114,56.877982512115565,57.13380813598633,11793,GMDCLTD.BO
2020-01-15,56.963257546048325,57.77336111428844,56.45160633882788,57.04853057861328,21483,GMDCLTD.BO
2020-01-16,58.8392909101124,61.6959798197826,57.43226308716576,59.521488189697266,106929,GMDCLTD.BO
2020-01-17,61.73861922174729,61.73861922174729,58.83929055965374,59.2230224609375,61254,GMDCLTD.BO
2020-01-20,59.905221237567226,60.203680113368435,58.88193180455863,59.00983810424805,18692,GMDCLTD.BO
2020-01-21,58.83929196035947,58.881931730812894,56.28106187512645,57.17644500732422,13161,GMDCLTD.BO
2020-01-22,59.436208823909794,59.436208823909794,56.36633406864248,56.75007247924805,21255,GMDCLTD.BO
2020-01-23,56.835346293926705,58.4981932449866,56.835346293926705,57.560176849365234,14334,GMDCLTD.BO
2020-01-24,57.47490757442357,59.393580261586635,55.470961846792,56.11051940917969,34940,GMDCLTD.BO
2020-01-27,56.28106089064039,57.560175910882215,56.11051482364098,56.408973693847656,31300,GMDCLTD.BO
2020-01-28,56.92062109708786,56.92062109708786,54.31975441665145,54.57557678222656,11809,GMDCLTD.BO
2020-01-29,54.57557373584891,55.428317075471554,54.149202066037596,54.27711486816406,9398,GMDCLTD.BO
2020-01-30,54.447662570880524,54.61821514748253,52.78481561098326,53.0406379699707,73608,GMDCLTD.BO
2020-01-31,53.25382705319706,53.46701290749091,51.88943563394158,52.3158073425293,49900,GMDCLTD.BO
2020-02-03,53.8081037060903,53.8081037060903,50.18394449403147,50.48240661621094,14677,GMDCLTD.BO
2020-02-04,50.73822968611118,52.059981237426726,50.56768036430581,51.932071685791016,16232,GMDCLTD.BO
2020-02-05,52.87008879614658,52.95536183173144,51.46306093829182,52.0173454284668,36258,GMDCLTD.BO
2020-02-06,52.4863564434005,52.91272815009419,52.18789754989812,52.6142692565918,7543,GMDCLTD.BO
2020-02-07,52.443719804072664,52.87009150979683,52.05998461832932,52.273170471191406,5080,GMDCLTD.BO
2020-02-10,53.7228288452655,53.7228288452655,50.65295421243336,51.377784729003906,33751,GMDCLTD.BO
2020-02-11,51.54833666305213,52.18789418181715,50.73822982202489,50.90877914428711,6875,GMDCLTD.BO
2020-02-12,51.249876391287884,51.590975048161354,50.52504581162909,50.73823165893555,70829,GMDCLTD.BO
2020-02-13,50.90878319587338,51.761526622092504,50.397135188367095,50.610321044921875,15914,GMDCLTD.BO
2020-02-14,49.54439161356801,50.18394918131437,47.11407415731505,48.81956100463867,27554,GMDCLTD.BO
2020-02-17,49.928121755389434,49.928121755389434,47.9668127299134,49.07537841796875,23727,GMDCLTD.BO
2020-02-18,50.31185565078468,50.31185565078468,47.327254044382194,48.60636901855469,10277,GMDCLTD.BO
2020-02-19,49.45911652784378,50.22658687859692,48.26527448288509,50.01340103149414,12175,GMDCLTD.BO
2020-02-20,49.50174947103058,50.35449279784577,49.07537780762298,49.714935302734375,4594,GMDCLTD.BO
2020-02-24,49.459113839439354,49.544386872462205,48.179998826350406,48.393184661865234,6659,GMDCLTD.BO
2020-02-25,48.478463012787536,48.478463012787536,47.36989719709661,47.45517349243164,21667,GMDCLTD.BO
2020-02-26,47.199343715296386,47.284620003144184,45.79231912186434,46.04814147949219,68461,GMDCLTD.BO
2020-02-27,46.0055074437123,46.21869329539497,44.17210781805814,44.513206481933594,12333,GMDCLTD.BO
2020-02-28,43.66045908660161,44.34265309907274,43.063538105830254,43.44727325439453,14304,GMDCLTD.BO
2020-03-02,44.68375355044016,44.68375355044016,42.296069530174705,42.55189514160156,56168,GMDCLTD.BO
2020-03-03,43.063541599042196,43.31936396785086,40.889046584731645,42.04024887084961,14340,GMDCLTD.BO
2020-03-04,41.869704552788335,41.869704552788335,40.377403427646776,41.059600830078125,63304,GMDCLTD.BO
2020-03-05,41.14486608455318,41.4433249518591,40.50530858064821,40.7184944152832,13644,GMDCLTD.BO
2020-03-06,39.951023867943384,39.99366363697881,34.791927351550605,39.652565002441406,22112,GMDCLTD.BO
2020-03-09,39.86575196751999,39.86575196751999,37.861806378357166,38.032352447509766,52970,GMDCLTD.BO
2020-03-11,38.373451014927454,38.62927337110209,36.96642317653035,37.30752182006836,25295,GMDCLTD.BO
2020-03-12,36.07104464051117,36.07104464051117,29.931291599944657,31.466232299804688,156881,GMDCLTD.BO
2020-03-13,28.993275054513592,33.17171893708252,27.159877104303373,31.125133514404297,68836,GMDCLTD.BO
2020-03-16,31.125133514404297,32.95853309109344,29.760745401257388,31.125133514404297,25887,GMDCLTD.BO
2020-03-17,31.12513392960944,33.470178266771796,30.698762231943558,31.338319778442383,70093,GMDCLTD.BO
2020-03-18,31.80732484692888,32.48951884507775,30.4855733655859,31.4235897064209,27091,GMDCLTD.BO
2020-03-19,29.846017997084953,31.253045860987793,26.435044511703815,28.268444061279297,295569,GMDCLTD.BO
2020-03-20,28.39635373556615,30.741398016705304,28.14053137366981,29.71810531616211,140977,GMDCLTD.BO
2020-03-23,28.14053149866069,29.334373530090033,25.582301362418807,26.733505249023438,39701,GMDCLTD.BO
2020-03-24,28.524267321146343,28.652176879105028,26.86141704402018,27.330425262451172,35803,GMDCLTD.BO
2020-03-25,27.969984459057823,28.396356183290283,26.605596242697185,27.45833969116211,9185,GMDCLTD.BO
2020-03-26,28.097894964497826,29.50491958686411,27.159876923108058,27.415700912475586,37793,GMDCLTD.BO
2020-03-27,27.969982586393588,28.183168434236464,25.15593004545922,25.53966522216797,62895,GMDCLTD.BO
2020-03-30,25.582301741144967,26.64823098035934,25.15593004545922,25.53966522216797,21324,GMDCLTD.BO
2020-03-31,26.13658457786952,27.586247364963594,26.13658457786952,26.776142120361328,73023,GMDCLTD.BO
2020-04-01,26.946691604553287,27.373061675530945,26.43504524230957,26.43504524230957,21392,GMDCLTD.BO
2020-04-03,26.605592215235195,26.648228730612654,26.051307756455408,26.22185707092285,11774,GMDCLTD.BO
2020-04-07,27.45833917923189,31.08249876763938,27.287789842126987,29.334375381469727,33804,GMDCLTD.BO
2020-04-08,29.462281140285352,31.84996179257242,28.90799993246311,29.888652801513672,25951,GMDCLTD.BO
2020-04-09,33.256989548112315,35.644670198410914,30.05920209156306,34.02445983886719,104781,GMDCLTD.BO
2020-04-13,37.350158875849296,37.350158875849296,31.380955298564228,32.48952102661133,51239,GMDCLTD.BO
2020-04-15,32.83061563855203,34.962473796899566,32.40424400688253,32.78797912597656,33925,GMDCLTD.BO
2020-04-16,32.44688180311103,35.94313127289291,32.3189722603243,35.00511169433594,55843,GMDCLTD.BO
2020-04-17,36.49741643981341,39.52465482358954,35.90049541624793,37.094337463378906,196727,GMDCLTD.BO
2020-04-20,38.330814267175874,38.79982245950138,36.07104308648336,36.24159240722656,42248,GMDCLTD.BO
2020-04-21,35.2183039323535,35.2183039323535,33.29963116451751,34.195011138916016,40243,GMDCLTD.BO
2020-04-22,34.19500590085039,34.450831499740424,33.1290767486673,34.02445983886719,13043,GMDCLTD.BO
2020-04-23,34.10973706170133,35.43148872225065,34.10973706170133,34.79193115234375,34335,GMDCLTD.BO
2020-04-24,35.90049523247423,36.19895736920809,33.47017788470432,33.939186096191406,67423,GMDCLTD.BO
2020-04-27,34.365555215791204,34.70665384567284,33.939183554917975,34.02445983886719,20865,GMDCLTD.BO
2020-04-28,34.02446269527307,34.10973573342348,33.08644301082919,33.25699234008789,19523,GMDCLTD.BO
2020-04-29,33.29962815192108,33.55545051389683,33.12907882628463,33.17171859741211,14370,GMDCLTD.BO
2020-04-30,33.6833610534668,34.62137740187397,33.2996259098611,33.6833610534668,18911,GMDCLTD.BO
2020-05-04,33.256994548596836,33.256994548596836,32.02051589555738,32.40425109863281,25700,GMDCLTD.BO
2020-05-05,32.745345777491075,32.87325532757703,31.97787546514452,32.063148498535156,16003,GMDCLTD.BO
2020-05-06,32.40425109863281,32.787986301708244,31.935242851744224,32.40425109863281,12090,GMDCLTD.BO
2020-05-07,32.574797176900354,32.66007021217355,31.466231453559935,31.594141006469727,9374,GMDCLTD.BO
2020-05-08,31.551504710278234,32.06314943142395,30.698761339730172,30.741397857666016,12114,GMDCLTD.BO
2020-05-11,31.295685165577854,31.807329932759515,30.52821476184727,30.61349105834961,9134,GMDCLTD.BO
2020-05-12,31.16776910926811,31.16776910926811,29.33437283987455,29.97393035888672,29727,GMDCLTD.BO
2020-05-13,31.380955454607793,31.423591972637425,30.400302528095,30.91194725036621,26914,GMDCLTD.BO
2020-05-14,30.869307948518188,31.253043082094965,30.40029978657213,30.485572814941406,27134,GMDCLTD.BO
2020-05-15,30.187116622924805,30.40030246559247,29.846017973473415,30.187116622924805,12412,GMDCLTD.BO
2020-05-18,30.698765176019556,31.935243868423097,29.419649960352075,30.016571044921875,53470,GMDCLTD.BO
2020-05-19,30.613487441372,30.613487441372,29.590194774952415,29.760744094848633,28437,GMDCLTD.BO
2020-05-20,29.931290161787135,30.059202964948728,29.760744094848633,29.760744094848633,4591,GMDCLTD.BO
2020-05-21,30.016569079721062,30.698763166155132,29.846019744873047,29.846019744873047,7565,GMDCLTD.BO
2020-05-22,30.144480614713697,30.27239343746373,29.590199306366046,30.016571044921875,6580,GMDCLTD.BO
2020-05-26,30.18711957794013,31.125136076317126,29.632835031562195,30.31502914428711,13396,GMDCLTD.BO
2020-05-27,30.656125650761176,31.807327930947395,30.400303283270674,31.167770385742188,20722,GMDCLTD.BO
2020-05-28,31.466234159045772,33.427543415583806,31.29568482087767,32.02051544189453,95918,GMDCLTD.BO
2020-05-29,31.977873999082863,32.660067993805114,31.636775375242955,32.27633285522461,21004,GMDCLTD.BO
2020-06-01,32.574798052958585,33.640727287329234,30.698761949874672,31.466232299804688,71291,GMDCLTD.BO
2020-06-02,31.892606329837644,32.61743696112382,31.892606329837644,32.40425109863281,39988,GMDCLTD.BO
2020-06-03,33.59808758288609,33.59808758288609,32.06314702856406,32.27633285522461,46848,GMDCLTD.BO
2020-06-04,32.40424713801311,32.57479645775209,31.764689628710226,32.063148498535156,17444,GMDCLTD.BO
2020-06-05,32.404251447604956,33.51281729390507,32.27633862754957,32.4468879699707,69314,GMDCLTD.BO
2020-06-08,32.83062281980469,34.450836675731544,32.83062281980469,33.12908172607422,127434,GMDCLTD.BO
2020-06-09,33.51281418543536,35.09039139030548,33.299628340422466,34.237648010253906,317015,GMDCLTD.BO
2020-06-10,34.70665743974753,36.15632188742917,34.40819529445422,35.431488037109375,159809,GMDCLTD.BO
2020-06-11,35.64467565853928,35.77258847757826,34.067101572835156,34.195011138916016,96659,GMDCLTD.BO
2020-06-12,32.91589235295039,33.93918503424039,32.70270651322154,33.811275482177734,75329,GMDCLTD.BO
2020-06-15,33.555446351083745,37.30751803778065,33.51280983820348,36.28422546386719,154390,GMDCLTD.BO
2020-06-16,37.90444471738201,37.90444471738201,34.32292179276299,35.047752380371094,137098,GMDCLTD.BO
2020-06-17,35.047750465295195,35.474122141286415,34.36555643430079,34.49346923828125,37480,GMDCLTD.BO
2020-06-18,34.536105971739225,36.66796436505646,34.536105971739225,35.55939865112305,117751,GMDCLTD.BO
2020-06-22,37.81916688394028,39.14092170021724,36.71060116157444,38.71455001831055,249754,GMDCLTD.BO
2020-06-23,39.78048230730491,39.78048230730491,37.64862373248595,38.28818130493164,131656,GMDCLTD.BO
2020-06-24,38.58663745082299,38.58663745082299,35.772584983453974,35.94313430786133,111049,GMDCLTD.BO
2020-06-25,35.943135715086214,37.35016037737884,35.43148772183241,36.11368179321289,99888,GMDCLTD.BO
2020-06-26,36.113680599054504,36.838514418956755,35.38885003211008,35.64467239379883,70704,GMDCLTD.BO
2020-06-29,34.96247942738065,35.98577215877362,34.53610772704674,34.66402053833008,84724,GMDCLTD.BO
2020-06-30,34.664021573792255,35.09039328686248,33.17172057804648,34.067100524902344,64748,GMDCLTD.BO
2020-07-01,34.28028743592804,34.450836776993974,33.726002890703285,34.195011138916016,44739,GMDCLTD.BO
2020-07-02,34.5361087749726,35.64467457888628,34.5361087749726,34.79193115234375,31529,GMDCLTD.BO
2020-07-06,34.74929658378043,35.38885418961688,34.621383761429854,34.96248245239258,81247,GMDCLTD.BO
2020-07-07,35.30357307808757,35.30357307808757,34.74928864514159,34.919837951660156,117985,GMDCLTD.BO
2020-07-08,35.21830070666497,36.96642397332222,35.0903911522995,35.64467239379883,143982,GMDCLTD.BO
2020-07-09,35.474128459083644,36.241598913734286,35.474128459083644,35.77259063720703,122470,GMDCLTD.BO
2020-07-10,35.47412571112738,36.07104676817614,35.04775399222942,35.17566680908203,50258,GMDCLTD.BO
2020-07-13,35.516759207210725,36.58268831603509,35.218297104965416,35.98576736450195,129761,GMDCLTD.BO
2020-07-14,35.68731355140695,36.4547839892051,35.13303223784896,35.34621810913086,68810,GMDCLTD.BO
2020-07-15,36.15631667250535,37.861803246624326,35.77258154273708,35.98576736450195,407104,GMDCLTD.BO
2020-07-16,36.15632342309339,36.49741884982712,34.962481297130104,35.21830368041992,121625,GMDCLTD.BO
2020-07-17,36.582688805951385,37.43543210443083,36.36950298133152,36.75323486328125,351500,GMDCLTD.BO
2020-07-20,37.3075221032615,37.3075221032615,36.497415258427694,36.625328063964844,63583,GMDCLTD.BO
2020-07-21,36.96642374838984,36.96642374838984,35.64467217690901,35.94313430786133,259196,GMDCLTD.BO
2020-07-22,35.60204050407749,36.028412246641295,35.17566876151369,35.34621810913086,114714,GMDCLTD.BO
2020-07-23,35.17566403677297,37.17960965647267,35.17566403677297,36.667964935302734,260878,GMDCLTD.BO
2020-07-24,36.15632165343904,36.58269335570621,35.474124327445224,35.729949951171875,84534,GMDCLTD.BO
2020-07-27,35.47412452627572,35.815223191184465,34.49347155733949,34.70665740966797,91461,GMDCLTD.BO
2020-07-28,34.53610807721359,35.13302911432493,34.32292222488511,34.70665740966797,132772,GMDCLTD.BO
2020-07-29,34.74929194980198,35.34621295290547,34.28028375199129,34.53610610961914,59607,GMDCLTD.BO
2020-07-30,34.152367698805335,35.133023771569,34.152367698805335,34.919837951660156,32070,GMDCLTD.BO
2020-07-31,34.664023537518844,35.13303179787394,34.664023537518844,34.96248245239258,51611,GMDCLTD.BO
2020-08-03,35.38885112771456,35.38885112771456,34.493471207604934,34.66402053833008,44698,GMDCLTD.BO
2020-08-04,34.62137837354883,35.09038981387318,34.62137837354883,34.834564208984375,40268,GMDCLTD.BO
2020-08-05,36.02840561141484,36.02840561141484,34.791927135106114,35.090389251708984,32622,GMDCLTD.BO
2020-08-06,35.81522438742898,35.94313720428159,35.09039376648566,35.17566680908203,44333,GMDCLTD.BO
2020-08-07,35.30357160776514,35.687303465253436,34.962473008934076,35.13302230834961,38526,GMDCLTD.BO
2020-08-10,35.00511381871494,35.90049368439067,35.00511381871494,35.516761779785156,75723,GMDCLTD.BO
2020-08-11,35.85786368640896,36.58269761645864,35.55940476124389,35.77259063720703,92456,GMDCLTD.BO
2020-08-12,36.2415954248558,37.691259892441636,35.81522371397514,36.54005432128906,377904,GMDCLTD.BO
2020-08-13,36.71060145324059,37.30752246324406,36.497415610593485,36.667964935302734,78545,GMDCLTD.BO
2020-08-14,36.667965768397536,38.75718772439781,36.45477992090686,37.094337463378906,584497,GMDCLTD.BO
2020-08-17,37.56334377746568,39.99366426771848,37.56334377746568,39.01300811767578,619399,GMDCLTD.BO
2020-08-18,39.43938276199912,41.059596544215786,39.22619690923156,40.67586135864258,649800,GMDCLTD.BO
2020-08-19,40.9743225630845,42.168164707122,40.9743225630845,41.6138801574707,293895,GMDCLTD.BO
2020-08-20,41.31542032644584,45.49386123146534,40.633226224907766,44.00156021118164,597563,GMDCLTD.BO
2020-08-21,44.76902665763066,45.024849016511276,42.80771756893554,43.27672576904297,405137,GMDCLTD.BO
2020-08-24,43.489911032312605,43.95891922618717,41.82706084225028,42.16815948486328,97930,GMDCLTD.BO
2020-08-25,41.95497428335747,42.93562720308038,41.31541675846775,41.528602600097656,208606,GMDCLTD.BO
2020-08-26,41.69914765837835,43.617820036776905,41.69914765837835,42.89298629760742,328196,GMDCLTD.BO
2020-08-27,44.172108350353646,44.34265768434658,42.55189780981577,42.80772018432617,139089,GMDCLTD.BO
2020-08-28,42.637168530878775,43.788370780029375,42.38134617028506,42.59453201293945,103325,GMDCLTD.BO
2020-08-31,42.040247259366744,43.31936230733707,38.373451439110006,39.43938064575195,369198,GMDCLTD.BO
2020-09-01,39.39674713939187,40.37740013268459,38.586640229831424,39.73784255981445,75916,GMDCLTD.BO
2020-09-02,39.78047660769395,41.10222808411405,39.60992729555255,40.931678771972656,97529,GMDCLTD.BO
2020-09-03,40.078940550176846,41.230142860541285,40.078940550176846,40.37739944458008,77996,GMDCLTD.BO
2020-09-04,39.99366945928489,40.37740141280635,39.01301318194349,39.8231201171875,54571,GMDCLTD.BO
2020-09-07,39.69520136618354,39.73783788209767,39.01300735268441,39.311466217041016,21689,GMDCLTD.BO
2020-09-08,39.22619648024349,39.22619648024349,38.032354416618126,38.202903747558594,31830,GMDCLTD.BO
2020-09-09,37.98971599733428,38.03235251469775,36.92378679845869,37.64862060546875,37269,GMDCLTD.BO
2020-09-10,38.37344777594678,38.799819417901745,37.989712647595816,38.41608428955078,26772,GMDCLTD.BO
2020-09-11,39.82311200918515,39.82311200918515,38.288174748738776,38.41608428955078,27853,GMDCLTD.BO
2020-09-14,39.86575502366137,40.50531259088588,39.18356093588015,39.69520568847656,69072,GMDCLTD.BO
2020-09-15,40.761138614809916,40.761138614809916,39.69520924071468,39.99367141723633,10979,GMDCLTD.BO
2020-09-16,39.43938331217836,40.718498446627386,39.43938331217836,39.69520568847656,48780,GMDCLTD.BO
2020-09-17,39.60993062197212,39.78047994843615,38.71455072423323,38.79982376098633,21354,GMDCLTD.BO
2020-09-18,39.013009250535795,39.14092205745838,37.77653071112944,38.75718688964844,57811,GMDCLTD.BO
2020-09-21,38.41608819441746,38.75718684383596,36.326866285884236,36.667964935302734,113448,GMDCLTD.BO
2020-09-22,36.66797066566057,36.66797066566057,35.175669533918565,35.77259063720703,23932,GMDCLTD.BO
2020-09-23,36.32686880088829,36.49741813740511,35.72995100251645,35.85786056518555,11125,GMDCLTD.BO
2020-09-24,35.47412407966007,35.47412407966007,34.96247934169646,35.047752380371094,38114,GMDCLTD.BO
2020-09-25,35.47412209036102,36.326865441119295,35.00511389803552,36.24159240722656,25689,GMDCLTD.BO
2020-09-28,36.75323911434546,37.43543643440141,36.11368156651144,36.41214370727539,29019,GMDCLTD.BO
2020-09-29,36.41214485585973,36.92378960908311,35.81522380846046,36.15632247924805,18324,GMDCLTD.BO
2020-09-30,36.2415957591089,36.36950857473602,35.815224044295846,35.85786056518555,16109,GMDCLTD.BO
2020-10-01,35.388853463145274,36.838517990540446,35.388853463145274,36.32686996459961,22552,GMDCLTD.BO
2020-10-05,35.943131867734195,39.05564300179385,35.943131867734195,38.885093688964844,68538,GMDCLTD.BO
2020-10-06,39.22619690923156,42.33871166082116,39.22619690923156,40.67586135864258,437873,GMDCLTD.BO
2020-10-07,40.078935949426324,40.3773948095688,39.48201497618377,39.567291259765625,32582,GMDCLTD.BO
2020-10-08,39.69520293492127,39.69520293492127,38.58663721255543,38.71455001831055,22799,GMDCLTD.BO
2020-10-09,38.71455301989543,39.055648440091645,38.202905010164066,38.28818130493164,41575,GMDCLTD.BO
2020-10-12,37.77653433566209,38.79982713035088,37.52071195022942,37.691261291503906,35797,GMDCLTD.BO
2020-10-13,37.69125719491664,38.757186395830814,37.009063156923126,38.373451232910156,24259,GMDCLTD.BO
2020-10-14,37.98971706525033,38.07499335533221,37.350159527946595,37.77653121948242,28377,GMDCLTD.BO
2020-10-15,37.86180666156445,38.20290205537881,36.753237686033906,37.35015869140625,33514,GMDCLTD.BO
2020-10-16,37.52070617675781,37.81916503834443,37.09433451565829,37.52070617675781,14098,GMDCLTD.BO
2020-10-19,38.54400033669646,38.54400033669646,36.96642317653035,37.30752182006836,15102,GMDCLTD.BO
2020-10-20,37.09433759044265,37.861807945221166,37.00906455233743,37.4354362487793,22263,GMDCLTD.BO
2020-10-21,36.88114944034504,37.90444209852997,36.88114944034504,37.22224807739258,17935,GMDCLTD.BO
2020-10-22,37.1369782385529,37.989721726248526,37.00906866717351,37.47807693481445,21552,GMDCLTD.BO
2020-10-23,37.73389470092041,38.58663808399206,37.691258182358396,37.77653121948242,33279,GMDCLTD.BO
2020-10-26,37.86180709442478,37.86180709442478,36.79587787727271,37.009063720703125,31883,GMDCLTD.BO
2020-10-27,36.92378126754966,37.222243350302065,36.710595459708195,36.79587173461914,18667,GMDCLTD.BO
2020-10-28,36.667966075817425,36.92378844435945,36.36950718801137,36.41214370727539,34381,GMDCLTD.BO
2020-10-29,36.24158895098692,36.88114640306316,35.7299442905089,36.28422546386719,37070,GMDCLTD.BO
2020-10-30,36.24159692008854,36.838517990540446,36.15632387557746,36.32686996459961,39145,GMDCLTD.BO
2020-11-02,36.41214393585042,36.41214393585042,36.07104527368122,36.11368179321289,5541,GMDCLTD.BO
2020-11-03,36.49742012649786,36.49742012649786,35.94313881880764,36.028411865234375,24168,GMDCLTD.BO
2020-11-04,36.071048736572266,36.284234607654795,35.81522634186488,36.071048736572266,11632,GMDCLTD.BO
2020-11-05,36.11368294348177,37.00906614695559,35.687311228668726,35.85786056518555,46935,GMDCLTD.BO
2020-11-06,35.857862865489736,36.412147431487604,35.857862865489736,36.071048736572266,46775,GMDCLTD.BO
2020-11-09,36.454781394473386,37.051702442167475,36.24159553836536,36.88115310668945,59806,GMDCLTD.BO
2020-11-10,37.30751637225574,37.30751637225574,36.58268592677768,36.79587173461914,40434,GMDCLTD.BO
2020-11-11,36.83851362492191,37.56334417624299,36.45477846418108,37.30752182006836,56322,GMDCLTD.BO
2020-11-12,36.241595520465935,36.71060375308036,36.0284096644632,36.15632247924805,88119,GMDCLTD.BO
2020-11-13,36.156321687924766,36.79587924193553,35.985772356263645,36.45478057861328,58837,GMDCLTD.BO
2020-11-14,36.667961834616314,37.009060455191104,36.54004903866139,36.75323486328125,17527,GMDCLTD.BO
2020-11-17,37.22224993632772,39.48201794751139,36.7532384737248,39.14092254638672,256378,GMDCLTD.BO
2020-11-18,39.183558286749445,39.82311581073461,38.67191031578664,39.43938064575195,116635,GMDCLTD.BO
2020-11-19,39.60992947067152,40.505309342385324,38.970371954739115,39.05564498901367,156363,GMDCLTD.BO
2020-11-20,39.39674162745186,39.60992745524872,38.501361801296554,38.885093688964844,32573,GMDCLTD.BO
2020-11-23,38.799823407636694,39.2261950934349,38.58663756473759,38.75718688964844,37114,GMDCLTD.BO
2020-11-24,39.140921417708064,40.377396683946685,38.75718625617019,39.39674377441406,169873,GMDCLTD.BO
2020-11-25,39.90839152465475,39.951028045190554,38.71455268486236,38.970375061035156,61951,GMDCLTD.BO
2020-11-26,39.1409219683295,41.1448675858347,38.50136444108855,40.50531005859375,196166,GMDCLTD.BO
2020-11-27,40.54794572336826,40.63322201031421,39.86575169258929,40.07893753051758,92399,GMDCLTD.BO
2020-12-01,39.993670599143364,41.016960174976184,39.482022558268724,40.29212951660156,130537,GMDCLTD.BO
2020-12-02,40.24948622967776,41.4433249518591,40.164209944049155,40.7184944152832,189842,GMDCLTD.BO
2020-12-03,40.7184962285335,42.381346463326956,40.7184962285335,41.91233825683594,264130,GMDCLTD.BO
2020-12-04,41.57124061196719,42.42398400913575,40.4200383269728,41.3154182434082,153624,GMDCLTD.BO
2020-12-07,41.14486860865869,42.80771887141368,41.14486860865869,41.99761199951172,233549,GMDCLTD.BO
2020-12-08,42.55189464456347,43.91628270909998,41.5712384867694,42.16815948486328,202386,GMDCLTD.BO
2020-12-09,42.55189873304388,45.19540208193617,42.46662243771822,44.30002212524414,458946,GMDCLTD.BO
2020-12-10,44.17210399032708,44.17210399032708,42.42398080860427,43.14881134033203,230513,GMDCLTD.BO
2020-12-11,43.44727663350946,44.98221409418878,43.27672730388778,43.78837203979492,294808,GMDCLTD.BO
2020-12-14,43.532548763006396,48.606372508816534,43.532548763006396,47.199344635009766,658145,GMDCLTD.BO
2020-12-15,47.24199175063874,47.24199175063874,45.493864952940235,46.431884765625,286460,GMDCLTD.BO
2020-12-16,46.85825151330542,47.41253278374653,46.517152844604745,46.68770217895508,276120,GMDCLTD.BO
2020-12-17,47.11406839431004,47.8815386829117,46.43187438941833,46.559783935546875,179776,GMDCLTD.BO
2020-12-18,47.2419831222948,47.2419831222948,44.85429912824787,46.0055046081543,150940,GMDCLTD.BO
2020-12-21,46.04814015392361,46.431875305797845,41.05959293843163,41.74178695678711,343790,GMDCLTD.BO
2020-12-22,42.23077396621309,43.47547181867089,40.230368883603,42.586402893066406,227441,GMDCLTD.BO
2020-12-23,42.58640217872266,44.54235106902043,42.497493252736284,44.408992767333984,123451,GMDCLTD.BO
2020-12-24,45.29806545477718,45.47587993004657,43.92000920661526,44.275634765625,142008,GMDCLTD.BO
2020-12-28,45.12025099643767,45.209156538341205,44.36454371567052,44.631263732910156,75048,GMDCLTD.BO
2020-12-29,45.60923413086992,46.67611749477042,44.54235076696943,45.29806137084961,168286,GMDCLTD.BO
2020-12-30,45.164699333674854,46.453849913897365,44.053363211332815,45.83150100708008,113132,GMDCLTD.BO
2020-12-31,45.43142635407528,47.07620610454606,45.43142635407528,46.76502990722656,223621,GMDCLTD.BO
2021-01-01,47.74300724055773,49.12106354868561,47.254019955935476,48.80989074707031,634176,GMDCLTD.BO
2021-01-04,49.74341083592937,52.45507058623395,49.43223465346647,52.054988861083984,902494,GMDCLTD.BO
2021-01-05,52.54397519592348,55.077823815861606,51.61045344816901,54.455474853515625,623207,GMDCLTD.BO
2021-01-06,54.455475518745764,55.12227725979163,52.01053580157758,52.7217903137207,514958,GMDCLTD.BO
2021-01-07,54.233208287515964,54.27766105862615,52.89960480503606,53.07741928100586,190277,GMDCLTD.BO
2021-01-08,53.2107777888511,53.966488466603,52.455070502628246,52.63288497924805,190941,GMDCLTD.BO
2021-01-11,53.07741928100586,54.499928305706135,50.276850611186454,53.07741928100586,256159,GMDCLTD.BO
2021-01-12,55.033373841365034,59.967702845688045,54.14430481899422,56.500335693359375,1031396,GMDCLTD.BO
2021-01-13,59.56761596650549,59.56761596650549,55.70016762976922,57.6561164855957,456331,GMDCLTD.BO
2021-01-14,57.656124959947356,57.656124959947356,55.92244307305828,56.41143035888672,194234,GMDCLTD.BO
2021-01-15,55.56680702487467,56.455875937272666,54.32210919090598,54.90000534057617,149717,GMDCLTD.BO
2021-01-18,55.12227768896967,55.12227768896967,52.05498897797119,52.36616516113281,233091,GMDCLTD.BO
2021-01-19,52.455069818127114,54.188755007371014,52.410617047434506,53.655311584472656,113096,GMDCLTD.BO
2021-01-20,53.788673382819034,54.18875510281522,53.16632441743929,53.43304443359375,44351,GMDCLTD.BO
2021-01-21,54.14430262296259,54.5443809535794,52.499522963369486,52.76624298095703,187429,GMDCLTD.BO
2021-01-22,53.077423690327606,53.2107820147367,51.210376624836385,51.43264389038086,69228,GMDCLTD.BO
2021-01-25,51.9216318905669,52.054990208048274,49.34333038757733,49.69895935058594,68651,GMDCLTD.BO
2021-01-27,49.69895913463551,50.988106488999584,49.16551569244049,49.43223571777344,59236,GMDCLTD.BO
2021-01-28,48.89879977541272,49.8767744143092,48.58762695163549,49.12106704711914,87133,GMDCLTD.BO
2021-01-29,49.38777940830899,50.899197298986415,48.80988662673128,48.94324493408203,58157,GMDCLTD.BO
2021-02-01,49.29887720960905,50.85474797479896,48.49871374518545,50.410213470458984,91087,GMDCLTD.BO
2021-02-02,50.45466623165971,51.83272251650934,49.698958931057064,49.87677001953125,77050,GMDCLTD.BO
2021-02-03,50.588027748981126,51.25482950283485,49.69895874384282,50.8547477722168,148274,GMDCLTD.BO
2021-02-04,51.69935903908475,54.900005793511994,51.121462884646796,53.388587951660156,287486,GMDCLTD.BO
2021-02-05,53.78867389125617,54.49992840490085,52.588432111451326,52.85515213012695,84083,GMDCLTD.BO
2021-02-08,53.25522877046748,57.078220992445715,52.72178539250662,56.23360824584961,483787,GMDCLTD.BO
2021-02-09,56.85596177026211,56.90041454081633,54.055393135469714,54.455474853515625,380650,GMDCLTD.BO
2021-02-10,50.676929762031584,51.343731469426736,47.43182676276363,50.36575698852539,535564,GMDCLTD.BO
2021-02-11,49.787860701569414,51.299278579744254,49.787860701569414,50.23239517211914,67437,GMDCLTD.BO
2021-02-12,50.232398979537855,50.67693348378155,49.78786447529416,49.87677001953125,127481,GMDCLTD.BO
2021-02-15,50.23239566069091,50.32130119905403,48.2764432929423,48.54316329956055,70741,GMDCLTD.BO
2021-02-16,48.5431672208177,49.4766924066839,48.365356129728106,48.67652893066406,127821,GMDCLTD.BO
2021-02-17,48.85434309855754,49.254424833990086,48.45426136312499,48.987701416015625,54292,GMDCLTD.BO
2021-02-18,49.29887643811526,52.72179071135515,49.03215641799108,52.010536193847656,294400,GMDCLTD.BO
2021-02-19,52.32170573957234,52.32170573957234,49.83231338696367,50.45466232299805,103761,GMDCLTD.BO
2021-02-22,50.321300896849564,51.29927877061507,49.521140881800186,49.965675354003906,87328,GMDCLTD.BO
2021-02-23,50.58802327191785,53.61085558694857,49.78785988149656,52.277252197265625,588267,GMDCLTD.BO
2021-02-24,52.721786599752896,53.566402757218114,52.366161064497774,52.67733383178711,372945,GMDCLTD.BO
2021-02-25,53.43304383363676,57.25604312453162,52.499522091813425,55.700172424316406,968759,GMDCLTD.BO
2021-02-26,55.255641939103334,56.63369826647507,53.78867667322196,55.07782745361328,398945,GMDCLTD.BO
2021-03-01,56.366973466975324,57.745026286274104,55.388995575253546,56.54478454589844,415885,GMDCLTD.BO
2021-03-02,57.47831354677588,58.27847702204412,55.9224427604992,56.72260284423828,244181,GMDCLTD.BO
2021-03-03,58.05620617796308,58.63409557926684,56.100250383435714,56.58924102783203,205276,GMDCLTD.BO
2021-03-04,55.566814105776565,57.07822873623034,55.03337404697278,56.05580139160156,334576,GMDCLTD.BO
2021-03-05,55.8335348898074,56.90041841336382,54.23321130023739,54.6777458190918,140427,GMDCLTD.BO
2021-03-08,55.12227668136847,55.744625644786495,53.966487687322996,54.23320770263672,271006,GMDCLTD.BO
2021-03-09,54.23320807559939,55.03337151857231,52.81069905645758,53.166324615478516,117473,GMDCLTD.BO
2021-03-10,53.43304749754205,57.38940876206901,53.16632746609338,54.98891830444336,333687,GMDCLTD.BO
2021-03-12,55.122276864404846,55.56681135524682,53.210777197172746,53.61085891723633,179435,GMDCLTD.BO
2021-03-15,53.78867357468249,54.188755296105775,52.0105356052715,52.98851013183594,186990,GMDCLTD.BO
2021-03-16,53.032966894440904,53.25523414313256,51.74381617372348,52.010536193847656,117466,GMDCLTD.BO
2021-03-17,52.010540729982104,52.72179530952214,49.96568254198099,50.32130813598633,81324,GMDCLTD.BO
2021-03-18,51.16592129869576,51.29928300798423,48.89879598149587,49.47669219970703,83773,GMDCLTD.BO
2021-03-19,49.61004904465665,53.166325010460405,47.47628550009182,52.45507049560547,324606,GMDCLTD.BO
2021-03-22,51.56600198576372,52.81069994203172,50.89920023594781,51.16592025756836,180851,GMDCLTD.BO
2021-03-23,51.61045847425063,52.18835472232079,50.85475112664749,51.74382019042969,77905,GMDCLTD.BO
2021-03-24,50.67693369729178,51.43264100107834,49.38778295124783,49.787864685058594,45440,GMDCLTD.BO
2021-03-25,48.89879273816919,50.01012893676395,47.743003769936436,48.14308547973633,184978,GMDCLTD.BO
2021-03-26,48.67652892860136,49.52114517735781,48.00972716245613,48.320899963378906,119835,GMDCLTD.BO
2021-03-30,49.121063133579234,51.38818844605398,48.58762308059546,49.69895935058594,106502,GMDCLTD.BO
2021-03-31,49.12106302210871,50.41021377067802,49.07661024971579,49.20996856689453,45126,GMDCLTD.BO
2021-04-01,49.38778548950497,53.0774234365112,49.38778548950497,52.410621643066406,195890,GMDCLTD.BO
2021-04-05,52.89960980228949,52.89960980228949,49.87677359983263,50.32130813598633,90135,GMDCLTD.BO
2021-04-06,50.676929762031584,51.343731469426736,50.05458082349033,50.36575698852539,78759,GMDCLTD.BO
2021-04-07,51.299286150442065,51.299286150442065,49.83232082452314,50.32130813598633,91246,GMDCLTD.BO
2021-04-08,50.81029801710477,54.54438534717215,50.81029801710477,52.410621643066406,224822,GMDCLTD.BO
2021-04-09,52.85515194642784,54.85555716683616,51.832721254940864,53.477500915527344,254871,GMDCLTD.BO
2021-04-12,50.099033800894404,51.47709338180401,48.89879207919836,49.16551208496094,268548,GMDCLTD.BO
2021-04-13,50.05458090825924,50.543568149538025,48.765430260139624,50.143489837646484,130802,GMDCLTD.BO
2021-04-15,50.276848388675695,50.67693009403968,48.676524958748644,49.29887390136719,162117,GMDCLTD.BO
2021-04-16,49.78786468215812,50.543571985900655,49.38778294837066,49.610050201416016,116038,GMDCLTD.BO
2021-04-19,48.009724140336644,48.009724140336644,46.80948239343981,47.2540168762207,126588,GMDCLTD.BO
2021-04-20,48.632072870068356,48.632072870068356,46.85393494715199,47.16510772705078,48217,GMDCLTD.BO
2021-04-22,47.25401648047953,48.0097237382666,46.2315858220345,47.609642028808594,34985,GMDCLTD.BO
2021-04-23,47.56518906943627,49.298874209151414,47.56518906943627,47.87636184692383,59648,GMDCLTD.BO
2021-04-26,48.36535571933093,50.01013203865734,48.18754123822099,49.38778305053711,74246,GMDCLTD.BO
2021-04-27,49.56559723390721,50.85474797479896,49.52114446177904,50.410213470458984,42288,GMDCLTD.BO
2021-04-28,51.07701501478456,51.12146778672806,50.3213043256285,50.49911880493164,81427,GMDCLTD.BO
2021-04-29,50.01013134326463,52.188351075632646,50.01013134326463,51.29928207397461,126334,GMDCLTD.BO
2021-04-30,50.7658344419361,53.166321226302784,50.543567209893425,52.2327995300293,120203,GMDCLTD.BO
2021-05-03,54.67774208784601,55.43344936171684,52.499522415796754,54.27766036987305,472349,GMDCLTD.BO
2021-05-04,55.12227667158876,56.455880139449775,53.61085872970714,54.05539321899414,192945,GMDCLTD.BO
2021-05-05,54.411022366467606,55.033371332056305,53.56640615542073,53.788673400878906,78168,GMDCLTD.BO
2021-05-06,54.41101871108663,55.922436556969636,53.43304086185467,53.699764251708984,85735,GMDCLTD.BO
2021-05-07,54.233205315250316,61.52356790670023,53.87757638280107,60.10105895996094,1707269,GMDCLTD.BO
2021-05-10,62.23482323467075,70.68097781651892,61.70138324927077,68.36940002441406,2091163,GMDCLTD.BO
2021-05-11,66.0578282663399,71.8367766660069,64.59086308519743,70.41426086425781,1115884,GMDCLTD.BO
2021-05-12,72.41465898926407,74.05944187611023,66.32453839790702,68.19158172607422,1100151,GMDCLTD.BO
2021-05-14,69.3473835651146,70.01418533016377,63.612891098914986,64.41304779052734,361233,GMDCLTD.BO
2021-05-17,65.61330131113297,71.65896703080695,63.8351631377479,69.88082885742188,771246,GMDCLTD.BO
2021-05-18,71.0810723007813,71.65896857620614,66.99135577040845,67.213623046875,532442,GMDCLTD.BO
2021-05-19,67.92487312331544,68.81394212549742,66.50236407643588,67.30252075195312,137701,GMDCLTD.BO
2021-05-20,67.56924509397192,67.74705618362748,65.16876146833044,65.30211639404297,302294,GMDCLTD.BO
2021-05-21,66.19117801407778,68.85838475930144,65.79109971551723,66.28009033203125,334253,GMDCLTD.BO
2021-05-24,66.50236531676087,67.16916708083377,65.34657287914452,65.70220184326172,121373,GMDCLTD.BO
2021-05-25,66.5023726857352,67.39144180301477,65.39103628913574,66.01338195800781,148264,GMDCLTD.BO
2021-05-26,66.94690014521633,66.94690014521633,64.36859862190107,64.67977142333984,100891,GMDCLTD.BO
2021-05-27,64.72422758771324,66.72463288946602,64.45750416758953,64.67977142333984,245405,GMDCLTD.BO
2021-05-28,65.34655754878239,68.90283278953245,65.34655754878239,66.36898803710938,357877,GMDCLTD.BO
2021-05-31,65.39102168533135,66.59126336899647,64.90203106681045,65.03539276123047,194351,GMDCLTD.BO
2021-06-01,65.79110791659336,66.36900414003998,63.43507364134692,63.879608154296875,120939,GMDCLTD.BO
2021-06-02,63.968513490250665,65.25766764340794,63.968513490250665,64.32414245605469,255961,GMDCLTD.BO
2021-06-03,65.47993448545871,67.12471081097016,64.32414204966238,65.92446899414062,308172,GMDCLTD.BO
2021-06-04,66.68017588331548,66.94689930007205,64.94649402357258,66.4579086303711,282662,GMDCLTD.BO
2021-06-07,67.34697828079922,67.34697828079922,64.45750396512136,65.83556365966797,318533,GMDCLTD.BO
2021-06-08,65.83556323405527,66.54681437578905,64.81313251081355,65.65774536132812,103587,GMDCLTD.BO
2021-06-09,66.3245479761655,66.9913497455969,64.10187541139415,64.59086608886719,172480,GMDCLTD.BO
2021-06-10,64.590858223872,65.74664374698226,64.590858223872,65.25765991210938,79683,GMDCLTD.BO
2021-06-11,66.01337276860929,70.68098498457157,65.61329443475005,69.56964874267578,1028500,GMDCLTD.BO
2021-06-14,70.2364581388988,72.45913086481332,68.01378541298428,70.28091430664062,833245,GMDCLTD.BO
2021-06-15,71.03661405147623,71.03661405147623,68.9473032700036,69.70301055908203,279933,GMDCLTD.BO
2021-06-16,69.83637216720403,71.57005399166714,67.65814906284017,69.92527770996094,270109,GMDCLTD.BO
2021-06-17,70.59208823092473,70.59208823092473,66.8579939234053,67.4358901977539,298476,GMDCLTD.BO
2021-06-18,67.79151278277065,67.83596894699907,62.81272762681162,64.7686767578125,364245,GMDCLTD.BO
2021-06-21,63.92407088901265,66.54682207176374,62.457105488889546,66.01338195800781,349851,GMDCLTD.BO
2021-06-22,65.65773738093631,67.25806412567704,65.65773738093631,66.19117736816406,280660,GMDCLTD.BO
2021-06-23,66.68017546284825,69.16957139335122,66.32454650376809,66.6357192993164,316332,GMDCLTD.BO
2021-06-24,66.50235714240243,66.90243543844589,65.34656484685414,65.52437591552734,109334,GMDCLTD.BO
2021-06-25,66.10227200459455,67.25806429911637,66.0133664703369,66.68016815185547,148731,GMDCLTD.BO
2021-06-28,67.96932251343542,68.76948597212674,66.9913479675052,67.65814971923828,124113,GMDCLTD.BO
2021-06-29,68.01378048134313,68.23604773781811,62.90163358241865,63.879608154296875,392390,GMDCLTD.BO
2021-06-30,63.257256320637566,63.83515248718047,60.18996441347491,60.323326110839844,424973,GMDCLTD.BO
2021-07-01,62.145920426491,62.145920426491,60.63449915467075,60.9456787109375,367717,GMDCLTD.BO
2021-07-02,61.16794924606928,61.74583866331975,60.6789585881794,60.99013137817383,126220,GMDCLTD.BO
2021-07-05,61.07903321983801,61.96810215627267,60.90122214577415,61.12348937988281,53213,GMDCLTD.BO
2021-07-06,61.34576073814841,61.61248415023318,60.234424492892096,60.45669174194336,128029,GMDCLTD.BO
2021-07-07,60.4566874262609,63.25725592100069,59.83434188656657,62.72381591796875,314963,GMDCLTD.BO
2021-07-08,62.94609148025807,62.94609148025807,61.16795337949438,61.390220642089844,160885,GMDCLTD.BO
2021-07-09,61.43466601277107,62.72382012147141,60.99013151661055,61.83475112915039,96777,GMDCLTD.BO
2021-07-12,63.034988949828865,63.034988949828865,60.90122214577415,61.12348937988281,106600,GMDCLTD.BO
2021-07-13,62.1014595784525,62.23482126634898,61.212390703218944,61.30129623413086,58720,GMDCLTD.BO
2021-07-14,61.70138595531876,62.10146426615069,60.812317012974276,60.9456787109375,58724,GMDCLTD.BO
2021-07-15,60.990131572987444,61.30130436397581,60.3677859910107,60.545597076416016,44523,GMDCLTD.BO
2021-07-16,60.32332962096892,61.523571400978284,60.23442407857158,60.63450241088867,81225,GMDCLTD.BO
2021-07-19,60.45669174194336,61.434666281157284,60.01215724384084,60.45669174194336,76959,GMDCLTD.BO
2021-07-20,60.4566884997505,60.72341189753133,58.10065442954572,58.545188903808594,89156,GMDCLTD.BO
2021-07-22,60.678963393307804,60.678963393307804,59.12309253706914,59.345359802246094,32323,GMDCLTD.BO
2021-07-23,59.92325293252215,59.92325293252215,58.32292599323595,58.5007438659668,61416,GMDCLTD.BO
2021-07-26,59.21199500771534,59.523167806171465,58.411831538072235,58.5007438659668,36510,GMDCLTD.BO
2021-07-27,59.07862929950586,60.41223273094444,57.878387567822706,58.011749267578125,53449,GMDCLTD.BO
2021-07-28,58.05620945249432,58.50074396045199,57.033778727580035,57.56721878051758,46262,GMDCLTD.BO
2021-07-29,57.78948396731935,65.07984692381949,57.389405637691894,63.16835403442383,893472,GMDCLTD.BO
2021-07-30,63.74624349304383,64.36859585220064,61.523571031179564,61.87919998168945,209617,GMDCLTD.BO
2021-08-02,61.879204549964726,62.32373907515565,61.07904104800936,61.390220642089844,59656,GMDCLTD.BO
2021-08-03,61.70138949431763,62.23482953370923,60.723414958256676,60.90122604370117,35842,GMDCLTD.BO
2021-08-04,61.745838294009445,65.1687593126495,60.67895822525025,62.23482894897461,192885,GMDCLTD.BO
2021-08-05,62.412632328172805,62.50154464214193,60.72340689167482,61.30129623413086,50364,GMDCLTD.BO
2021-08-06,62.14591931594636,63.3461610100516,61.079032534363556,62.545997619628906,77866,GMDCLTD.BO
2021-08-09,63.21280016049669,63.21280016049669,59.87879164166187,60.323326110839844,93856,GMDCLTD.BO
2021-08-10,60.45669744132149,60.767870262716535,56.144713759838986,57.25605010986328,189382,GMDCLTD.BO
2021-08-11,56.90041002186736,57.78947892845903,55.122272208684,56.94486618041992,301710,GMDCLTD.BO
2021-08-12,58.100657713869566,60.01215741786505,57.07822700865727,59.300899505615234,129887,GMDCLTD.BO
2021-08-13,59.656529410580816,60.14552008091226,58.27847651038376,58.7230110168457,75968,GMDCLTD.BO
2021-08-16,57.96729765590644,58.32292662214468,56.94487370467676,57.16714096069336,83552,GMDCLTD.BO
2021-08-17,56.94487424581149,58.01175437160617,54.010943725288506,54.98891830444336,80445,GMDCLTD.BO
2021-08-18,55.61126730550973,55.744629016998665,54.144305436777444,54.98891830444336,39548,GMDCLTD.BO
2021-08-20,54.23320715332031,58.278473678799344,54.010939910888666,55.566810607910156,86019,GMDCLTD.BO
2021-08-23,56.455880647922655,56.455880647922655,52.54397575035262,53.12187194824219,48763,GMDCLTD.BO
2021-08-24,54.055393238112316,54.58883666036279,53.121871488585235,54.4110221862793,84984,GMDCLTD.BO
2021-08-25,55.3445505083462,57.033783125453674,54.944468742028185,56.100257873535156,46652,GMDCLTD.BO
2021-08-26,56.05579777096354,56.189159472815255,55.56681051672217,55.78907775878906,22549,GMDCLTD.BO
2021-08-27,56.633704988254735,63.168365212781985,55.87799418311001,62.768280029296875,384997,GMDCLTD.BO
2021-08-30,63.34616560365232,63.61288901415409,61.434665916544525,62.0570182800293,320897,GMDCLTD.BO
2021-08-31,62.23482874185622,65.34657017894902,61.8347504131675,62.323734283447266,333702,GMDCLTD.BO
2021-09-01,62.23483365076001,62.857179274044185,60.456695546452586,60.81232452392578,98554,GMDCLTD.BO
2021-09-02,61.61248426245939,61.87920089197184,60.32333014577901,60.59005355834961,60703,GMDCLTD.BO
2021-09-03,60.67895899099462,61.61248415023318,60.189968329858594,60.45669174194336,41496,GMDCLTD.BO
2021-09-06,60.50114300526437,65.0798425384658,59.47871238581894,63.92405700683594,462874,GMDCLTD.BO
2021-09-07,64.45750548166784,64.45750548166784,61.21240212494459,61.65693664550781,155511,GMDCLTD.BO
2021-09-08,61.83475098879653,62.54600211120407,60.76786413059808,60.99013137817383,86610,GMDCLTD.BO
2021-09-09,61.12349308333089,61.9681059108955,60.90122583575514,60.99013137817383,93013,GMDCLTD.BO
2021-09-13,61.52357515264486,62.501556527826565,60.85677336941652,61.21240234375,110723,GMDCLTD.BO
2021-09-14,61.96810219265955,63.123894523926346,61.212394952857885,61.47911834716797,142765,GMDCLTD.BO
2021-09-15,62.10146339531653,63.34616125375625,61.34575616153237,62.812721252441406,165874,GMDCLTD.BO
2021-09-16,63.70178993724587,64.59085886370273,62.23482485198053,62.545997619628906,159344,GMDCLTD.BO
2021-09-17,63.12389415419551,63.2127996907589,60.18996396619998,61.07903289794922,82956,GMDCLTD.BO
2021-09-20,60.18996501362933,60.76786118593444,58.67855051657697,58.7674560546875,73554,GMDCLTD.BO
2021-09-21,58.98972733113712,59.25645074679183,57.83394169043591,58.67855453491211,60925,GMDCLTD.BO
2021-09-22,59.92325134518939,62.50155277549353,59.256449601993054,62.0570182800293,211767,GMDCLTD.BO
2021-09-23,62.9905361159496,63.87960509933085,61.96810542844957,62.10146713256836,109159,GMDCLTD.BO
2021-09-24,61.790295037039876,62.990536821435505,60.76786433808874,60.90122604370117,59848,GMDCLTD.BO
2021-09-27,61.83475452356819,62.81272911219559,60.545600344099746,61.65693664550781,150475,GMDCLTD.BO
2021-09-28,62.145923087854904,64.05742275236598,61.87919968050619,62.190372467041016,149553,GMDCLTD.BO
2021-09-29,62.05701259499739,67.56923712055665,61.701383674593494,65.52437591552734,829734,GMDCLTD.BO
2021-09-30,66.41345309635689,68.01378004595564,64.85758231099189,65.83556365966797,411533,GMDCLTD.BO
2021-10-01,65.83555513050581,68.23603846085696,65.21320282715213,66.99134063720703,138323,GMDCLTD.BO
2021-10-04,67.56924420437458,70.14754566878473,67.56924420437458,68.72503662109375,174907,GMDCLTD.BO
2021-10-05,68.72503522003235,72.14794945399274,68.23604456529885,70.41426086425781,574120,GMDCLTD.BO
2021-10-06,71.2144329054099,73.9705457337203,69.34738916900986,70.05864715576172,627849,GMDCLTD.BO
2021-10-07,71.16998285847139,72.50358648392887,69.92528478476596,70.32536315917969,269131,GMDCLTD.BO
2021-10-08,70.14755291272718,71.12552756006632,68.50277644451242,68.76949310302734,324182,GMDCLTD.BO
2021-10-11,69.34738130115328,71.74786486373918,68.68057955787296,70.0141830444336,391318,GMDCLTD.BO
2021-10-12,70.54761579562654,70.94770087010505,69.03620138019413,69.83636474609375,136470,GMDCLTD.BO
2021-10-13,69.88082947115338,70.59208745997759,68.45832027656382,68.76949310302734,290386,GMDCLTD.BO
2021-10-14,68.769485595508,70.94770870907517,68.5916745092429,69.25847625732422,305865,GMDCLTD.BO
2021-10-18,69.61411281263847,70.63653684486731,68.63613138224044,68.76949310302734,162346,GMDCLTD.BO
2021-10-19,68.9917542873551,70.41426335639225,65.83556335028182,66.50236511230469,209244,GMDCLTD.BO
2021-10-20,66.4134497488044,66.54681145172529,62.946086171209174,63.4350700378418,260314,GMDCLTD.BO
2021-10-21,63.61289020119959,68.01377907519479,63.61289020119959,66.4134521484375,385287,GMDCLTD.BO
2021-10-22,66.9469003641365,67.25807316659281,63.523979187941926,64.59086608886719,194684,GMDCLTD.BO
2021-10-25,64.59085803677809,70.59207321353135,62.72381467173302,66.28009033203125,491208,GMDCLTD.BO
2021-10-26,66.81354610032103,67.0358133815709,65.25767513157199,65.6133041381836,125730,GMDCLTD.BO
2021-10-27,66.23563352670699,67.12470243310574,65.61328800545084,66.19117736816406,92331,GMDCLTD.BO
2021-10-28,67.03579770236145,67.03579770236145,64.41304032722239,64.90203094482422,76761,GMDCLTD.BO
2021-10-29,64.81313250596104,66.85798716923311,63.25726173077089,65.30211639404297,161998,GMDCLTD.BO
2021-11-01,66.23563360273391,66.45790082958872,64.94648640019899,65.96891021728516,67812,GMDCLTD.BO
2021-11-02,67.08025463531149,67.08025463531149,64.54640929287314,64.85758209228516,45178,GMDCLTD.BO
2021-11-03,65.34656584727782,65.43547138297552,64.01296246263949,64.14632415771484,68585,GMDCLTD.BO
2021-11-04,64.19078033310713,65.39102893285774,64.19078033310713,65.21321105957031,11439,GMDCLTD.BO
2021-11-08,65.30210924427477,65.52437647353787,64.23522925703493,64.90203094482422,88313,GMDCLTD.BO
2021-11-09,64.90203889132351,65.52438449623614,64.27969328641088,64.59086608886719,51347,GMDCLTD.BO
2021-11-10,64.90204343007328,65.21321625429063,62.59046515766873,63.61289596557617,89247,GMDCLTD.BO
2021-11-11,63.390617210000045,63.790695513937585,62.590453819067356,62.90162658691406,83574,GMDCLTD.BO
2021-11-12,63.12389381866995,63.568428282181706,61.79029042813467,62.90162658691406,60186,GMDCLTD.BO
2021-11-15,63.16835819774793,63.92406552743948,61.34576394696964,61.434669494628906,37871,GMDCLTD.BO
2021-11-16,61.34576405700737,62.101471388054456,60.59005672596029,61.21240234375,52764,GMDCLTD.BO
2021-11-17,60.36532677104734,61.56907216624924,60.27616220917091,60.58824157714844,54399,GMDCLTD.BO
2021-11-18,60.58823548810628,61.21240096415349,59.42908269456603,59.87491226196289,35053,GMDCLTD.BO
2021-11-22,61.8811460648215,61.8811460648215,57.69034399883575,58.09159469604492,48997,GMDCLTD.BO
2021-11-23,61.970313114906425,61.970313114906425,58.13617591328794,59.74116516113281,56783,GMDCLTD.BO
2021-11-24,61.30156621445705,63.174049058262035,60.053242050980586,61.078651428222656,67780,GMDCLTD.BO
2021-11-25,61.07864903041295,63.174046578191756,60.18698992047992,62.4161376953125,139061,GMDCLTD.BO
2021-11-26,61.52448188450893,61.97031146338219,58.938668966480165,60.2315788269043,78444,GMDCLTD.BO
2021-11-29,58.84950342671806,59.78574824781632,57.37826448048622,58.0024299621582,77174,GMDCLTD.BO
2021-11-30,59.65199285611218,59.874907622538,57.46742406344791,57.82408905029297,38554,GMDCLTD.BO
2021-12-01,57.33368391617283,59.47366035367033,57.33368391617283,58.6265869140625,39451,GMDCLTD.BO
2021-12-02,58.80491824962575,59.51824829109625,58.626589140667846,59.11700439453125,36921,GMDCLTD.BO
2021-12-03,59.69657824313306,61.07865266694354,59.117005229425,60.409908294677734,56587,GMDCLTD.BO
2021-12-06,59.56283840179232,61.61365051868609,59.56283840179232,60.32074737548828,49867,GMDCLTD.BO
2021-12-07,60.85573543726494,60.98948566692169,59.74116152815753,59.830326080322266,22230,GMDCLTD.BO
2021-12-08,60.32074449022089,62.86197177591746,60.32074449022089,62.54989242553711,44564,GMDCLTD.BO
2021-12-09,62.5498814083591,65.98276726353329,62.14863076898439,64.55611419677734,81951,GMDCLTD.BO
2021-12-10,63.396965882867875,65.04653399347623,62.817386059459636,63.61988067626953,74185,GMDCLTD.BO
2021-12-13,64.33320979228952,66.07194243418132,63.798215656539696,65.31403350830078,85946,GMDCLTD.BO
2021-12-14,65.09111295739393,65.09111295739393,63.75362433498172,63.93195343017578,51776,GMDCLTD.BO
2021-12-15,64.15487397775141,68.21192588553524,63.575300964770456,67.32026672363281,135693,GMDCLTD.BO
2021-12-16,68.4794310333118,68.4794310333118,65.26945238892219,66.60694122314453,100513,GMDCLTD.BO
2021-12-17,66.87443764715267,66.87443764715267,62.86197138832352,63.441551208496094,111147,GMDCLTD.BO
2021-12-20,61.65823123299595,62.46072582400363,59.518247924581935,61.078651428222656,111071,GMDCLTD.BO
2021-12-21,62.37155304588351,62.861968285550965,61.3461504948285,61.65822982788086,60313,GMDCLTD.BO
2021-12-22,62.28238883639172,63.53071297828325,61.6582301668556,62.68363952636719,42106,GMDCLTD.BO
2021-12-23,63.48612590610449,64.1102913647491,62.104058367399766,62.4161376953125,87885,GMDCLTD.BO
2021-12-24,62.772811097963405,62.817389977732596,59.69658267544711,60.543663024902344,61116,GMDCLTD.BO
2021-12-27,60.63282748569488,61.970316327291094,59.69658257544952,61.613651275634766,39947,GMDCLTD.BO
2021-12-28,61.47989259122192,63.57529693099745,61.47989259122192,63.307796478271484,88754,GMDCLTD.BO
2021-12-29,63.530714348570946,65.67069766613933,62.99572021988371,65.09111785888672,89236,GMDCLTD.BO
2021-12-30,65.3140370756837,66.16111060331887,63.79821914113026,64.28862762451172,80337,GMDCLTD.BO
2021-12-31,64.77904039683868,66.38402282946618,64.11029601587232,65.62611389160156,84372,GMDCLTD.BO
2022-01-03,65.75985717773438,66.16110104277604,65.44777786016654,65.75985717773438,39888,GMDCLTD.BO
2022-01-04,66.16110141686222,67.36484662443122,65.1802777834666,65.93818664550781,58610,GMDCLTD.BO
2022-01-05,66.25028093627849,66.87443965190165,65.3586217409198,65.98278045654297,108340,GMDCLTD.BO
2022-01-06,65.1802788842235,68.65775073664327,65.1802788842235,68.1673355102539,119637,GMDCLTD.BO
2022-01-07,69.81691258897763,69.95065601620084,66.29485494434854,66.74068450927734,133389,GMDCLTD.BO
2022-01-10,65.22486528338341,73.11604704950383,65.22486528338341,72.13522338867188,594779,GMDCLTD.BO
2022-01-11,72.3581410387903,79.17933486439955,70.21815772840826,76.81643676757812,1250522,GMDCLTD.BO
2022-01-12,77.48518729180032,79.17934116409445,74.85478852084313,76.45977783203125,427588,GMDCLTD.BO
2022-01-13,77.44059680360331,84.44011985972004,75.25603457939768,83.147216796875,883089,GMDCLTD.BO
2022-01-14,81.94347640791861,99.77665922562367,81.54222571282862,98.48374938964844,2896791,GMDCLTD.BO
2022-01-17,97.54751536749757,102.80830587468772,93.22296971769927,97.5029296875,1694064,GMDCLTD.BO
2022-01-18,97.6366760244396,97.68126170265613,90.10215899756264,90.59256744384766,345739,GMDCLTD.BO
2022-01-19,89.1659166253925,94.60503617897753,89.1659166253925,93.17838287353516,409901,GMDCLTD.BO
2022-01-20,93.49046950863713,100.71290795771097,92.28673090092818,99.10792541503906,448658,GMDCLTD.BO
2022-01-21,96.34377521872567,99.73207595416372,93.62421205227001,95.14002990722656,298988,GMDCLTD.BO
2022-01-24,95.27377412761018,95.80876823071416,85.64385986328125,85.64385986328125,361594,GMDCLTD.BO
2022-01-25,83.41471269005902,92.77713337069802,82.16638857207666,89.74549102783203,443725,GMDCLTD.BO
2022-01-27,87.5163535691256,98.70667266845703,86.49094410830845,98.70667266845703,539123,GMDCLTD.BO
2022-01-28,103.87829383044514,108.559504496624,102.27330459519882,107.40034484863281,1036136,GMDCLTD.BO
2022-01-31,108.96075672215237,109.58492227365049,98.528346305094,101.33707427978516,615540,GMDCLTD.BO
2022-02-01,102.80829897828058,105.03744677223446,98.88499750035791,101.64913940429688,255045,GMDCLTD.BO
2022-02-02,105.21577957901619,107.44492745145297,101.91664344893752,104.54703521728516,279675,GMDCLTD.BO
2022-02-03,105.66161256348835,111.63572633329188,103.03122071025088,109.36199951171875,419929,GMDCLTD.BO
2022-02-04,111.45739285451062,120.28481292633235,109.3619952294097,118.14483642578125,454177,GMDCLTD.BO
2022-02-07,121.35482106352288,126.4818614002039,117.65442726583899,119.57150268554688,637317,GMDCLTD.BO
2022-02-08,119.92814555846303,121.66687803316451,109.27282233592045,117.87732696533203,670132,GMDCLTD.BO
2022-02-09,119.88356881696156,120.7306422800003,115.38068743263298,119.97274017333984,159438,GMDCLTD.BO
2022-02-10,119.61607015931155,127.50725912056727,119.61607015931155,124.56478118896484,402336,GMDCLTD.BO
2022-02-11,124.38645756222124,124.38645756222124,117.2531840102659,117.92192840576172,238911,GMDCLTD.BO
2022-02-15,110.56573694266208,125.36728458853219,108.78241860487721,123.18270874023438,570552,GMDCLTD.BO
2022-02-16,124.83229062259721,135.48761556532665,124.83229062259721,126.8385238647461,875046,GMDCLTD.BO
2022-02-17,128.04225414645677,130.89556058865392,123.40561587154326,124.87686157226562,303589,GMDCLTD.BO
2022-02-18,123.9852168138881,126.97226702670514,119.79442121616695,120.64149475097656,316134,GMDCLTD.BO
2022-02-21,120.95356173445094,127.3735186836309,117.92192597950206,121.2656478881836,381724,GMDCLTD.BO
2022-02-22,115.91568531649463,119.0364922288618,114.08778140383761,115.4252700805664,325522,GMDCLTD.BO
2022-02-23,116.49525727049581,126.3035074797592,116.49525727049581,124.832275390625,537986,GMDCLTD.BO
2022-02-24,116.89651378081638,121.26563794084143,111.90321736452647,112.97320556640625,535491,GMDCLTD.BO
2022-02-25,119.03650275113266,122.69231089960306,117.03026955869784,118.10025787353516,383314,GMDCLTD.BO
2022-02-28,120.32939962918591,120.32939962918591,116.40610480955648,118.2340087890625,231186,GMDCLTD.BO
2022-03-02,118.14484668244444,124.38646122415848,117.47610226726079,122.69231414794922,357568,GMDCLTD.BO
2022-03-03,124.74312507318598,144.58254361477702,124.74312507318598,138.78675842285156,1992574,GMDCLTD.BO
2022-03-04,139.72299401844856,150.69040490739263,134.1055383333172,144.359619140625,1485665,GMDCLTD.BO
2022-03-07,143.557120541604,153.90037193592534,139.8567405785945,149.17457580566406,2625721,GMDCLTD.BO
2022-03-08,148.86249530419136,155.14869515666692,141.06047758797968,142.71005249023438,659674,GMDCLTD.BO
2022-03-09,142.7991923587663,152.7857846692609,142.041290324641,146.14291381835938,717439,GMDCLTD.BO
2022-03-10,147.48042701916108,152.91955361023585,145.51877948989534,148.28292846679688,516809,GMDCLTD.BO
2022-03-11,147.12377129299807,151.71581083352353,147.12377129299807,148.95167541503906,350156,GMDCLTD.BO
2022-03-14,149.3528974031195,156.75367056273,147.74790832183896,151.31454467773438,448452,GMDCLTD.BO
2022-03-15,152.38453748295942,154.5245275247539,145.38502158570503,148.32749938964844,285363,GMDCLTD.BO
2022-03-16,151.31456995438444,152.87497362074947,144.58253998693866,145.78628540039062,261406,GMDCLTD.BO
2022-03-17,147.123761460117,149.30832368188186,145.0729426701512,146.45501708984375,197353,GMDCLTD.BO
2022-03-21,148.90709444371666,150.19999763242922,144.76088438200105,146.23211669921875,162349,GMDCLTD.BO
2022-03-22,146.85625415403433,151.49287885094455,143.60170381247463,144.53794860839844,197636,GMDCLTD.BO
2022-03-23,147.52501202400882,149.26374474412003,142.97755826415178,144.359619140625,197963,GMDCLTD.BO
2022-03-24,148.0600057479276,160.49864826753364,145.11752780856168,158.09117126464844,845920,GMDCLTD.BO
2022-03-25,160.23114210192762,171.64438162736866,160.18655642453308,168.65731811523438,1849711,GMDCLTD.BO
2022-03-28,168.61275460877465,174.80978312353952,162.50488384768948,170.886474609375,895960,GMDCLTD.BO
2022-03-29,171.51066188740697,176.32561638694344,167.2752804571264,170.70816040039062,780189,GMDCLTD.BO
2022-03-30,171.7335726178996,173.78437795614963,160.58783227680124,169.4598388671875,569049,GMDCLTD.BO
2022-03-31,171.19857129193755,173.0264754252972,167.81026351398995,169.28150939941406,309207,GMDCLTD.BO
2022-04-01,165.93779578419975,177.2172801206946,165.93779578419975,171.68899536132812,916108,GMDCLTD.BO
2022-04-04,171.68897164906224,181.00680702347805,171.68897164906224,177.30642700195312,824100,GMDCLTD.BO
2022-04-05,182.74554890166294,190.5921525219397,181.85388970857784,187.7388458251953,813019,GMDCLTD.BO
2022-04-06,187.73884691151628,194.9612782539133,185.42052755382463,192.2863006591797,718005,GMDCLTD.BO
2022-04-07,193.44545168798587,203.74411768832667,184.97468968343836,190.05714416503906,726410,GMDCLTD.BO
2022-04-08,194.56002736488816,197.99292059738747,191.08256205858532,194.203369140625,313138,GMDCLTD.BO
2022-04-11,196.1650237313944,196.6554390118508,184.43971070970554,188.1400909423828,310740,GMDCLTD.BO
2022-04-12,187.24841846209537,188.00633416955455,180.2934744838041,184.61802673339844,298877,GMDCLTD.BO
2022-04-13,181.94304797541184,188.76423486932535,181.94304797541184,184.35052490234375,301521,GMDCLTD.BO
2022-04-18,182.16596786400058,183.54804227368172,172.3577171710412,174.0072784423828,421524,GMDCLTD.BO
2022-04-19,174.18562732722836,191.5283957638313,174.18562732722836,183.59262084960938,877449,GMDCLTD.BO
2022-04-20,186.17843699571935,189.65590230859254,176.37018614791998,178.68849182128906,372513,GMDCLTD.BO
2022-04-21,181.6309504208644,185.95550236650024,180.11513271812652,181.58636474609375,378022,GMDCLTD.BO
2022-04-22,181.6309734167797,184.5288657704773,178.24266578979004,179.4464111328125,216689,GMDCLTD.BO
2022-04-25,179.22350407218687,188.80884073276403,176.86061257020756,181.31890869140625,426039,GMDCLTD.BO
2022-04-26,189.477565584136,194.2033617057151,177.79682551057616,180.42723083496094,1020817,GMDCLTD.BO
2022-04-27,180.56097559921588,181.80929295122658,170.61898164427998,173.1602020263672,484236,GMDCLTD.BO
2022-04-28,175.2110126745938,177.3509890665321,164.5556891796329,167.31982421875,457977,GMDCLTD.BO
2022-04-29,169.14774193193136,172.58063518079894,164.68944607918863,166.74026489257812,329380,GMDCLTD.BO
2022-05-04,152.51828070060324,170.79729092322384,152.51828070060324,168.2114715576172,1290758,GMDCLTD.BO
2022-05-05,171.5106491481365,181.27431447265144,168.65732888042345,179.08975219726562,915949,GMDCLTD.BO
2022-05-06,176.10269511280714,176.10269511280714,167.72110392690922,168.96942138671875,618851,GMDCLTD.BO
2022-05-09,165.09069075327506,167.18609525607354,154.25703722293719,155.10411071777344,463970,GMDCLTD.BO
2022-05-10,155.1041034256722,165.6702695913515,148.86248949622353,153.1424560546875,577680,GMDCLTD.BO
2022-05-11,154.8811934956096,160.49864892926155,145.87544413574003,154.30162048339844,692697,GMDCLTD.BO
2022-05-12,154.9703774081356,166.116117820032,154.2570473006462,161.65782165527344,537656,GMDCLTD.BO
2022-05-13,165.8485908638256,166.74024995449133,153.58827836717182,155.0149383544922,355895,GMDCLTD.BO
2022-05-16,156.8428400356508,158.4924149158491,149.12999378157954,150.37831115722656,377983,GMDCLTD.BO
2022-05-17,150.69040435535993,161.3011433617951,150.69040435535993,160.05282592773438,574497,GMDCLTD.BO
2022-05-18,161.12282033169132,163.75321234219481,158.00201302297594,161.4794921875,308980,GMDCLTD.BO
2022-05-19,158.00201761477473,158.00201761477473,147.56960702929976,150.69041442871094,196589,GMDCLTD.BO
2022-05-20,154.25702465486705,157.77907538684187,153.8111951038414,155.77284240722656,289451,GMDCLTD.BO
2022-05-23,153.36537506709425,155.1486933818279,149.35290885894355,150.11082458496094,149517,GMDCLTD.BO
2022-05-24,149.6649901919044,153.05328399639365,144.4487788468462,145.11752319335938,188275,GMDCLTD.BO
2022-05-25,144.35960659883435,146.67792576132962,116.40610125086374,117.47608947753906,814688,GMDCLTD.BO
2022-05-26,118.50150077424969,122.8260532830973,109.31741520936511,119.57150268554688,1497654,GMDCLTD.BO
2022-05-27,121.53315456466719,128.08684167677853,118.63526209591075,127.01685333251953,783903,GMDCLTD.BO
2022-05-30,127.77475970649839,130.49432285194845,123.8960369377504,126.57101440429688,458618,GMDCLTD.BO
2022-05-31,125.81311180684415,139.58924298602037,125.63476909190837,138.20716857910156,634449,GMDCLTD.BO
2022-06-01,139.09882084555153,143.82461683899598,132.67887798919216,136.29010009765625,578612,GMDCLTD.BO
2022-06-02,137.49383232996342,138.16257666386952,134.4176111151231,136.78050231933594,196024,GMDCLTD.BO
2022-06-03,138.20717881989958,139.0988380380925,132.0101499745869,132.8572235107422,276268,GMDCLTD.BO
2022-06-06,131.87638135606682,134.5959444540362,128.48808750877504,133.61512756347656,369728,GMDCLTD.BO
2022-06-07,132.05473581018703,135.39845788229871,131.11849090886778,132.72348022460938,173623,GMDCLTD.BO
2022-06-08,134.99718555094285,135.6213578204948,128.3989134941912,129.24598693847656,184219,GMDCLTD.BO
2022-06-09,128.39891642722185,132.23305345832915,125.54560989441134,130.0930633544922,166403,GMDCLTD.BO
2022-06-10,126.0360378378623,129.69183252429772,126.0360378378623,127.1506118774414,129162,GMDCLTD.BO
2022-06-13,121.26564145363838,124.07436226564003,118.50149271354267,119.52690887451172,194102,GMDCLTD.BO
2022-06-14,117.92191517441438,128.39890952828483,117.1194274321178,126.03601837158203,404944,GMDCLTD.BO
2022-06-15,126.16977707930214,129.2014129237574,124.74311691388809,128.04226684570312,154672,GMDCLTD.BO
2022-06-16,131.07389782718812,133.3030457494192,121.84521998689573,123.18270874023438,416748,GMDCLTD.BO
2022-06-17,125.09978023540019,125.09978023540019,118.72440921223756,119.97274017333984,225546,GMDCLTD.BO
2022-06-20,122.15731543245509,122.15731543245509,107.97993220783242,111.4128189086914,279493,GMDCLTD.BO
2022-06-21,110.25364695306675,123.8068690938446,110.25364695306675,121.93437957763672,344215,GMDCLTD.BO
2022-06-22,122.78145710101138,122.78145710101138,116.27234285699618,117.20858764648438,145221,GMDCLTD.BO
2022-06-23,117.07485907705943,122.3802287498217,117.07485907705943,119.03650665283203,218052,GMDCLTD.BO
2022-06-24,118.3677522193712,122.55854750525694,117.7881792138483,118.2340087890625,99272,GMDCLTD.BO
2022-06-27,120.41857875425033,122.24648285166782,119.1702476997419,120.24024963378906,178494,GMDCLTD.BO
2022-06-28,120.37398941281627,123.6731256607804,117.96651234568782,121.62230682373047,155801,GMDCLTD.BO
2022-06-29,120.37398671335053,127.5072600000676,119.259412762301,124.7876968383789,615176,GMDCLTD.BO
2022-06-30,126.2589489672339,126.70477857007634,119.7052483631942,120.50773620605469,141160,GMDCLTD.BO
2022-07-01,120.86440574721702,120.86440574721702,116.49526755928271,117.56526947021484,102484,GMDCLTD.BO
2022-07-04,117.78817413957,123.76228746894961,117.78817413957,122.8706283569336,244354,GMDCLTD.BO
2022-07-05,121.8898101672938,126.30352049516138,121.8898101672938,124.02980041503906,239326,GMDCLTD.BO
2022-07-06,123.94063674055892,127.41810240109537,119.57151182289614,126.34811401367188,277858,GMDCLTD.BO
2022-07-07,127.95307767075678,132.81261692388443,126.48184563456765,131.3413848876953,287840,GMDCLTD.BO
2022-07-08,132.85721575325476,132.85721575325476,124.1635388834948,126.70477294921875,224529,GMDCLTD.BO
2022-07-11,126.57101991543851,133.0801347552486,124.56478672817346,132.09930419921875,309953,GMDCLTD.BO
2022-07-12,131.51972632395925,134.1055324501069,129.73640800092252,130.49432373046875,193192,GMDCLTD.BO
2022-07-13,131.51971967530818,131.51971967530818,127.41808229741609,128.8893280029297,186037,GMDCLTD.BO
2022-07-14,129.29058463205513,129.69182855288875,124.43104468942653,126.21436309814453,129556,GMDCLTD.BO
2022-07-15,125.72395570984676,128.08684730752736,123.53939324310875,124.52021026611328,72860,GMDCLTD.BO
2022-07-18,125.01061679910568,132.72347702276062,123.53938456512482,132.14389038085938,364855,GMDCLTD.BO
2022-07-19,130.62807526928066,138.0734351722772,130.40516046506687,137.00343322753906,321288,GMDCLTD.BO
2022-07-20,138.65299203695324,140.21339548431445,134.8188551308809,136.64675903320312,258738,GMDCLTD.BO
2022-07-21,135.8888660695481,136.82511101565913,133.34764533655027,134.7742919921875,101471,GMDCLTD.BO
2022-07-22,135.48759672589745,137.62758671667652,133.61512079030857,136.11175537109375,161937,GMDCLTD.BO
2022-07-25,136.55759345876712,143.2450370876125,134.32844558248533,142.175048828125,243845,GMDCLTD.BO
2022-07-26,142.66545131922152,143.91376857600963,137.62758301176657,138.8759002685547,317202,GMDCLTD.BO
2022-07-27,139.09882358970347,141.95213007041585,135.75510186879714,141.23880004882812,175970,GMDCLTD.BO
2022-07-28,142.53171754000866,142.53171754000866,139.09882444322488,141.4617156982422,165919,GMDCLTD.BO
2022-07-29,143.42336972041963,148.41665244890956,141.4617088426736,143.5125274658203,302227,GMDCLTD.BO
2022-08-01,144.35960273139946,152.9195355267559,143.0666997585691,151.7603759765625,349188,GMDCLTD.BO
2022-08-02,152.29538410925616,158.6261558513513,149.9770648987973,157.55616760253906,231773,GMDCLTD.BO
2022-08-03,158.58157316294955,159.7407190849442,152.4291173342714,154.8811798095703,202882,GMDCLTD.BO
2022-08-04,155.86201953901707,155.86201953901707,148.32750256843332,149.4866485595703,70085,GMDCLTD.BO
2022-08-05,149.13000022136123,151.35914820673284,142.66547106378354,143.8246307373047,188071,GMDCLTD.BO
2022-08-08,145.1621044674154,149.1745704247759,144.67168924038813,147.9708251953125,179279,GMDCLTD.BO
2022-08-10,149.21917203852027,157.77909216509252,147.391267963808,152.02789306640625,431075,GMDCLTD.BO
2022-08-11,153.72203236247677,156.12952295738683,151.58205583993328,154.16786193847656,192220,GMDCLTD.BO
2022-08-12,155.862030421228,166.56194078965595,152.96413802977878,160.05282592773438,840331,GMDCLTD.BO
2022-08-16,163.619448007894,165.75942444694078,158.71532286324322,160.27572631835938,432537,GMDCLTD.BO
2022-08-17,161.30113112945534,161.30113112945534,155.86201860136563,156.9320068359375,323075,GMDCLTD.BO
2022-08-18,156.84285172907136,158.89367066108085,154.34621679164067,157.0211944580078,192247,GMDCLTD.BO
2022-08-19,157.82365737726658,164.60027183685068,156.1295105651895,162.50486755371094,301140,GMDCLTD.BO
2022-08-22,162.28196384516542,163.61945255817503,152.91954285409818,153.72203063964844,299435,GMDCLTD.BO
2022-08-23,151.8495555988027,156.1740943024583,150.9133107724397,153.8112030029297,228181,GMDCLTD.BO
2022-08-24,155.54993908879848,159.60699102308288,153.94494986576257,154.70286560058594,195623,GMDCLTD.BO
2022-08-25,158.40324926137694,158.40324926137694,150.3337444967589,151.4483184814453,108718,GMDCLTD.BO
2022-08-26,152.6966395239624,153.14246912841193,148.01542867724237,148.63958740234375,197309,GMDCLTD.BO
2022-08-29,146.05376883736832,151.58205274579305,144.58252310321714,149.17457580566406,111053,GMDCLTD.BO
2022-08-30,149.26373057694275,151.8495501767396,147.61416937571695,148.32749938964844,118976,GMDCLTD.BO
2022-09-01,147.30209874070155,154.3907867376217,147.03459825662839,148.50584411621094,251648,GMDCLTD.BO
2022-09-02,148.90708137385738,150.69039971366405,145.96460339204853,147.0345916748047,145258,GMDCLTD.BO
2022-09-05,148.10458899365497,151.4928828502356,142.84379189015579,145.60794067382812,170785,GMDCLTD.BO
2022-09-06,145.6525357600004,157.82367839755608,145.6525357600004,156.08494567871094,377695,GMDCLTD.BO
2022-09-07,155.505363083233,159.1611713405951,154.2124599307259,157.33326721191406,333010,GMDCLTD.BO
2022-09-08,157.82368119699316,158.58159697268098,152.4737259021798,153.0532989501953,115260,GMDCLTD.BO
2022-09-09,154.92577562181614,154.92577562181614,149.0408198537823,149.70956420898438,138275,GMDCLTD.BO
2022-09-12,149.8879035799785,151.71579389226926,148.23832876499984,148.6841583251953,145201,GMDCLTD.BO
2022-09-13,148.72875500026544,150.69040248905424,146.6779361505883,147.56959533691406,82082,GMDCLTD.BO
2022-09-14,145.34044778505015,148.23834014886248,143.06671413231564,143.60171508789062,211330,GMDCLTD.BO
2022-09-15,141.46171992234346,143.24503823768666,135.88885018689595,138.43008422851562,279018,GMDCLTD.BO
2022-09-16,136.15636874881832,137.04802802498037,133.97180624334942,135.26470947265625,292920,GMDCLTD.BO
2022-09-19,134.64052998860677,136.91426351417786,131.6088943582711,133.74887084960938,254307,GMDCLTD.BO
2022-09-20,133.74887034587846,137.0925921045254,132.05472343041944,133.70428466796875,216598,GMDCLTD.BO
2022-09-21,133.97177651922235,137.62758418263428,133.74886174963962,135.30926513671875,219667,GMDCLTD.BO
2022-09-22,137.5575474428199,138.4293376667088,134.2998580890101,135.58457946777344,151600,GMDCLTD.BO
2022-09-23,136.73165975193282,137.64932189791895,133.06101116798834,133.65748596191406,135513,GMDCLTD.BO
2022-09-26,131.82216245042682,133.15278377191544,124.93969631478156,126.13265991210938,245126,GMDCLTD.BO
2022-09-27,129.4362387020308,130.30801487429898,125.12322974258923,127.4632568359375,124541,GMDCLTD.BO
2022-09-28,127.32562148052713,131.1339137472678,124.84793651165893,126.63737487792969,176846,GMDCLTD.BO
2022-09-29,126.91267244374698,129.89507429725828,121.45258569703194,122.46200561523438,142841,GMDCLTD.BO
2022-09-30,123.83851179800936,126.17855322187975,119.89256151495141,124.6185302734375,174115,GMDCLTD.BO
2022-10-03,125.1232405873379,128.15151450058903,122.46201193315447,123.4255599975586,224310,GMDCLTD.BO
2022-10-04,128.01385968285007,128.19738929768357,126.22442143400231,127.4632568359375,79436,GMDCLTD.BO
2022-10-06,127.78445353634727,131.91393318384144,127.78445353634727,130.85862731933594,209286,GMDCLTD.BO
2022-10-07,131.54685781278016,132.60216354801085,129.4362323399074,130.3997802734375,76764,GMDCLTD.BO
2022-10-10,129.3903649874435,132.05157965926952,128.42681691577772,130.812744140625,69907,GMDCLTD.BO
2022-10-11,130.95038705067876,133.74925943102156,127.96798503935237,128.4727020263672,133558,GMDCLTD.BO
2022-10-12,128.74801294973204,130.44567966429278,126.49974329928361,128.33506774902344,85096,GMDCLTD.BO
2022-10-13,128.83975819123893,131.08804162458597,127.37150717625133,128.28916931152344,98672,GMDCLTD.BO
2022-10-14,128.65623439186513,131.59275055725627,127.73857221502956,128.42681884765625,56809,GMDCLTD.BO
2022-10-17,129.57389013042894,130.7209677944774,126.45384448518236,129.7115478515625,73340,GMDCLTD.BO
2022-10-18,130.7668636937539,136.4563665417011,129.895087402945,130.72097778320312,484228,GMDCLTD.BO
2022-10-19,131.2256833091758,133.51983861178377,129.71154641041963,131.3633270263672,163784,GMDCLTD.BO
2022-10-20,131.08805139968322,131.08805139968322,128.01387741631856,129.06918334960938,62644,GMDCLTD.BO
2022-10-21,129.02329280732957,130.58331552783451,125.49028823236404,127.00442504882812,123710,GMDCLTD.BO
2022-10-24,128.10564786762734,129.4362552482811,127.87623231915553,128.15151977539062,12963,GMDCLTD.BO
2022-10-25,128.83976169179704,128.83976169179704,127.00443737138731,127.41739654541016,50885,GMDCLTD.BO
2022-10-27,127.78445161742613,129.3444744381258,126.40795842226535,127.83033752441406,110674,GMDCLTD.BO
2022-10-28,128.6562139259545,128.93151533569446,125.39851091592263,125.81147003173828,52086,GMDCLTD.BO
2022-10-31,125.76560583118956,132.0515834258036,125.76560583118956,129.5738983154297,171575,GMDCLTD.BO
2022-11-01,132.0057052299751,132.0057052299751,128.3809285533516,129.2068328857422,51412,GMDCLTD.BO
2022-11-02,130.21626077197251,131.6386399845628,129.0233111121361,130.72097778320312,67023,GMDCLTD.BO
2022-11-03,131.04216038574336,133.33631580565338,130.03272640001757,131.27157592773438,69047,GMDCLTD.BO
2022-11-04,132.1433542355407,139.57642351225533,131.59275132526048,138.9799346923828,455462,GMDCLTD.BO
2022-11-07,139.43875559788324,143.43059139978868,138.42933567265626,142.19174194335938,151406,GMDCLTD.BO
2022-11-09,143.522356606847,144.0270735966794,139.3928768758038,140.6776123046875,116631,GMDCLTD.BO
2022-11-10,139.8975897212588,143.79765379615156,138.5669824256015,139.8058319091797,121143,GMDCLTD.BO
2022-11-11,139.2552272260829,142.46704465798598,139.2552272260829,141.2281951904297,67598,GMDCLTD.BO
2022-11-14,141.2281808229442,141.68701183796665,138.9799116498165,139.34698486328125,32642,GMDCLTD.BO
2022-11-15,140.76935961489076,140.76935961489076,135.17162924308707,135.90576171875,75496,GMDCLTD.BO
2022-11-16,135.0339732997478,136.96106932335294,132.4186446990408,133.51983642578125,99341,GMDCLTD.BO
2022-11-17,133.42806176298288,134.16219423259295,128.47269209733622,130.03271484375,121226,GMDCLTD.BO
2022-11-18,130.3080270570368,130.58332850623154,127.69268429330698,128.93153381347656,89274,GMDCLTD.BO
2022-11-21,129.3903567429436,132.73981782362216,128.70211016452367,131.6386260986328,82239,GMDCLTD.BO
2022-11-22,132.00571257093762,132.96924667535666,129.61978525900975,130.26214599609375,64362,GMDCLTD.BO
2022-11-23,130.9503722086456,131.91392016511662,129.98682425217459,130.58331298828125,53281,GMDCLTD.BO
2022-11-24,133.74925302652306,133.74925302652306,129.8491890446176,130.67507934570312,37545,GMDCLTD.BO
2022-11-25,129.3903611918502,134.57514665992014,129.3903611918502,132.7398223876953,76602,GMDCLTD.BO
2022-11-28,130.12449692218644,138.75051561419724,130.12449692218644,136.68577575683594,140409,GMDCLTD.BO
2022-11-29,136.68576163071899,140.35640988667606,135.03396711505593,137.37400817871094,267672,GMDCLTD.BO
2022-11-30,135.90578232430383,145.03651874324845,135.90578232430383,144.25650024414062,299812,GMDCLTD.BO
2022-12-01,145.6329746988633,146.78005234142276,141.77879662034613,143.84353637695312,117390,GMDCLTD.BO
2022-12-02,144.89884829338098,148.66126871997525,143.24706762064514,147.7436065673828,223755,GMDCLTD.BO
2022-12-05,148.20244919265969,149.67071435219046,145.49534843203824,147.10125732421875,75209,GMDCLTD.BO
2022-12-06,146.82594140022118,146.82594140022118,143.2929365843132,144.02706909179688,127503,GMDCLTD.BO
2022-12-07,145.1741440096725,145.67886097416,141.0446644859955,144.0729522705078,110958,GMDCLTD.BO
2022-12-08,143.247053266858,147.74359176302895,143.247053266858,146.3212127685547,121223,GMDCLTD.BO
2022-12-09,146.3212057564358,147.19298187178345,139.2552110286128,140.53993225097656,119127,GMDCLTD.BO
2022-12-12,141.27408508398975,143.29293901196334,139.4846466933407,141.1823272705078,114797,GMDCLTD.BO
2022-12-13,143.3847045501831,143.70589188934053,139.48464058641812,139.85169982910156,66526,GMDCLTD.BO
2022-12-14,139.71406363166062,145.40356621387943,139.71406363166062,142.09999084472656,127241,GMDCLTD.BO
2022-12-15,141.41173186068258,144.990608364928,139.48463589537377,140.4022979736328,120222,GMDCLTD.BO
2022-12-16,141.77878995247076,142.46703650563808,138.93403193174765,139.71405029296875,140969,GMDCLTD.BO
2022-12-19,140.2187807715609,141.0905570226,137.37402247615614,138.56698608398438,77794,GMDCLTD.BO
2022-12-20,138.52109875184485,138.93404391889152,135.8598841176213,137.64932250976562,57806,GMDCLTD.BO
2022-12-21,138.93403015611364,140.17287953694662,128.3809164757543,129.39035034179688,85470,GMDCLTD.BO
2022-12-22,129.5280063386614,131.86804761201722,124.38910672125057,125.673828125,64486,GMDCLTD.BO
2022-12-23,124.43499857635467,124.89382967139667,117.64428996828487,118.19489288330078,107500,GMDCLTD.BO
2022-12-26,118.37842447725447,125.94913767056725,118.37842447725447,124.6185302734375,88010,GMDCLTD.BO
2022-12-27,128.88564445924922,129.52800515525516,124.98558037342609,128.51858520507812,63195,GMDCLTD.BO
2022-12-28,128.65622763163066,133.42806789995686,128.65622763163066,132.05157470703125,116791,GMDCLTD.BO
2022-12-29,132.14333945968082,133.7033621944863,126.82089659762792,132.87747192382812,51599,GMDCLTD.BO
2022-12-30,135.21751876563482,138.38345027406376,133.70336786862083,134.6669158935547,71693,GMDCLTD.BO
2023-01-02,135.40106111819804,142.19175583272613,134.66692855387808,141.2740936279297,134015,GMDCLTD.BO
2023-01-03,142.19174674575592,143.98118513026952,138.24579671682008,139.0717010498047,121958,GMDCLTD.BO
2023-01-04,138.6587580593259,139.3470046797347,134.11631916269712,135.0339813232422,53035,GMDCLTD.BO
2023-01-05,135.49280529363492,136.135179974239,133.33630773096252,135.85987854003906,65176,GMDCLTD.BO
2023-01-06,136.63990203591706,139.80584796818616,133.24455454589312,136.50225830078125,106174,GMDCLTD.BO
2023-01-09,137.6493080749575,139.0258011557071,135.90575577363938,136.4563446044922,43422,GMDCLTD.BO
2023-01-10,137.00696899545875,143.75177775096333,136.27283643639606,142.46705627441406,126079,GMDCLTD.BO
2023-01-11,143.15529379517713,147.51418895881233,142.19174574799624,142.8341064453125,169730,GMDCLTD.BO
2023-01-12,143.20118361012365,144.16473168359656,139.62229276614053,140.9070281982422,80140,GMDCLTD.BO
2023-01-13,140.9070313696521,146.4588903918442,140.4940861867019,144.8529815673828,122204,GMDCLTD.BO
2023-01-16,145.6788617088681,145.7247476154007,142.60468800255055,144.5317840576172,79820,GMDCLTD.BO
2023-01-17,144.80710255300733,144.99063219834514,140.17290549555202,141.9164581298828,96981,GMDCLTD.BO
2023-01-18,141.91644607301828,144.6235606208153,141.3658571837815,143.98118591308594,89505,GMDCLTD.BO
2023-01-19,143.568245069066,145.4494553360401,142.6505828902897,144.16473388671875,43613,GMDCLTD.BO
2023-01-20,143.29293643060723,146.78005533560454,141.68702769826493,142.14585876464844,63199,GMDCLTD.BO
2023-01-23,142.4670517880616,144.16473240228248,140.1728963647434,141.36585998535156,49918,GMDCLTD.BO
2023-01-24,139.71405066818488,141.73290442908183,138.7046167865304,139.94346618652344,68378,GMDCLTD.BO
2023-01-25,137.87872358841577,140.40229423645664,135.49279664748514,136.4563446044922,47047,GMDCLTD.BO
2023-01-27,135.67634097204447,138.38344124457316,129.61976578400416,131.04214477539062,93352,GMDCLTD.BO
2023-01-30,129.29858420723116,134.5751412788928,129.1609404932832,131.17979431152344,88507,GMDCLTD.BO
2023-01-31,130.35390453991977,133.65747970948232,128.93152547969686,129.75741577148438,114979,GMDCLTD.BO
2023-02-01,131.68452692779107,133.10690615153572,126.08678185463363,129.52801513671875,160719,GMDCLTD.BO
2023-02-02,128.0597476889758,133.10688919300097,128.0138617839113,130.49154663085938,110029,GMDCLTD.BO
2023-02-03,128.5185839536927,131.13391261962556,124.02203112060822,127.23384857177734,89765,GMDCLTD.BO
2023-02-06,127.55504001803934,127.55504001803934,124.52675209482624,124.939697265625,43516,GMDCLTD.BO
2023-02-07,124.98557771664763,126.63737233013188,124.25144522149766,125.03146362304688,59994,GMDCLTD.BO
2023-02-08,125.03145712135482,126.13264880561097,124.02202324271305,125.7197036743164,47839,GMDCLTD.BO
2023-02-09,124.80205354282985,126.49973413684103,124.29733655522546,124.939697265625,56989,GMDCLTD.BO
2023-02-10,123.1502588572215,125.62794388442738,123.1502588572215,124.939697265625,47785,GMDCLTD.BO
2023-02-13,123.93027077200125,128.380923604629,122.64553541638766,123.0584945678711,110171,GMDCLTD.BO
2023-02-14,126.13265495250369,126.13265495250369,116.45132383642861,118.69960021972656,212535,GMDCLTD.BO
2023-02-15,127.83035335568795,132.51042239739456,125.76561330723703,127.69269561767578,640383,GMDCLTD.BO
2023-02-16,130.85862551561092,131.36332848586193,128.6562279991902,129.7115478515625,132165,GMDCLTD.BO
2023-02-17,129.94095716020763,133.978664743287,127.32561461048678,133.5657196044922,197980,GMDCLTD.BO
2023-02-20,134.80456541867946,134.80456541867946,129.43625019545132,130.35391235351562,122624,GMDCLTD.BO
2023-02-21,129.43625019545132,131.2715745115799,128.88564729964742,130.35391235351562,85268,GMDCLTD.BO
2023-02-22,130.30801518988912,130.30801518988912,125.76559070030146,126.40795135498047,90715,GMDCLTD.BO
2023-02-23,126.45385389889566,128.38093611650874,125.44441987842171,127.32563018798828,53443,GMDCLTD.BO
2023-02-24,128.42681641967945,128.51858823659344,124.8938255071037,125.53618621826172,62941,GMDCLTD.BO
2023-02-27,125.5361849971939,125.5361849971939,122.27848156222058,124.25144958496094,74704,GMDCLTD.BO
2023-02-28,123.7008495575699,125.44440188567386,122.14082684256972,122.55377197265625,42158,GMDCLTD.BO
2023-03-01,121.03963492496264,127.64681376742934,121.03963492496264,126.68326568603516,84601,GMDCLTD.BO
2023-03-02,127.09620652740706,128.88564490185905,124.89382298999122,125.21499633789062,63495,GMDCLTD.BO
2023-03-03,125.53619169934258,127.69268946684394,125.53619169934258,127.32563018798828,79986,GMDCLTD.BO
2023-03-06,128.79389416560818,129.71155635701996,127.5091586961834,127.92210388183594,43324,GMDCLTD.BO
2023-03-08,127.41739684652563,130.67508632102087,126.17854732635607,128.93153381347656,104543,GMDCLTD.BO
2023-03-09,127.69269137997084,134.25398460652673,127.69269137997084,131.86805725097656,245384,GMDCLTD.BO
2023-03-10,129.43625630226515,131.50099625532442,129.29859857061282,130.72097778320312,79199,GMDCLTD.BO
2023-03-13,128.977419013382,131.13391668166233,126.1785466330392,128.4727020263672,167025,GMDCLTD.BO
2023-03-14,128.47269510571346,130.17037560628967,126.22442574184598,127.64680480957031,53498,GMDCLTD.BO
2023-03-15,127.64680276772359,129.75741438019736,125.26087572438934,125.90323638916016,68330,GMDCLTD.BO
2023-03-16,125.90324425645292,125.9491301644636,122.87495635911979,124.25144958496094,56347,GMDCLTD.BO
2023-03-17,124.8938248007756,126.72914910936944,124.38910781542965,125.07735443115234,43576,GMDCLTD.BO
2023-03-20,125.03147546531721,127.0503295163845,123.88439770875468,124.6185302734375,45990,GMDCLTD.BO
2023-03-21,124.98557226727287,126.17853576957674,124.52674122811077,125.12322998046875,38335,GMDCLTD.BO
2023-03-22,125.12323652393502,126.17854236823148,123.88438705244545,124.43498992919922,65191,GMDCLTD.BO
2023-03-23,124.43498773304901,124.84793288211988,122.416119888858,123.0584945678711,108046,GMDCLTD.BO
2023-03-24,123.0585056830208,123.28792123127221,119.57138654911664,120.3055191040039,65486,GMDCLTD.BO
2023-03-27,119.5713829046193,120.07609989587155,117.0936908582992,117.41487121582031,92264,GMDCLTD.BO
2023-03-28,120.53492538973529,120.53492538973529,112.64302553537527,113.9736328125,132680,GMDCLTD.BO
2023-03-29,116.45132554694297,117.64428211367942,113.05597146960135,117.13957214355469,94530,GMDCLTD.BO
2023-03-31,117.8737023547452,119.06666597034503,115.5795469410584,116.1301498413086,81990,GMDCLTD.BO
2023-04-03,116.91016478915891,120.53493465225532,116.72662814983364,120.3055191040039,50070,GMDCLTD.BO
2023-04-05,119.34196774374641,121.77376688787638,119.34196774374641,120.81021881103516,53019,GMDCLTD.BO
2023-04-06,119.8925560868558,122.18671149611377,119.8925560868558,120.9478759765625,18252,GMDCLTD.BO
2023-04-10,120.71845683235793,122.78319663906048,119.38784953518777,119.93843841552734,50223,GMDCLTD.BO
2023-04-11,120.03021037518687,122.50789534574174,120.03021037518687,121.81964874267578,42933,GMDCLTD.BO
2023-04-12,122.9208364836073,124.11380002368904,122.23258990306928,122.8290786743164,25285,GMDCLTD.BO
2023-04-13,122.96672366115331,124.11380130724616,120.85609799185994,121.86553192138672,54704,GMDCLTD.BO
2023-04-17,120.2596244787592,122.87495313784635,120.2596244787592,122.18670654296875,33005,GMDCLTD.BO
2023-04-18,122.92084879466985,123.88439690440914,121.72788513510757,123.5632095336914,107195,GMDCLTD.BO
2023-04-19,123.65497478806172,127.1879796686859,123.65497478806172,124.25144958496094,77136,GMDCLTD.BO
2023-04-20,124.80205047273893,126.22442958375642,123.28791354958632,123.47144317626953,25272,GMDCLTD.BO
2023-04-21,123.60908987993241,123.60908987993241,121.36082039335481,121.77376556396484,27401,GMDCLTD.BO
2023-04-24,122.41612662932795,123.15025915832813,121.17729111390267,122.00318145751953,18588,GMDCLTD.BO
2023-04-25,122.3702501701997,123.56319973272393,121.91141910694797,122.18670654296875,21859,GMDCLTD.BO
2023-04-26,129.80330711025132,146.59652709960938,129.4362478546291,146.59652709960938,2194473,GMDCLTD.BO
2023-04-27,148.7530206712414,148.7530206712414,138.1081355217561,139.34698486328125,963645,GMDCLTD.BO
2023-04-28,139.4846531478964,147.92714251162843,139.4846531478964,143.66001892089844,402734,GMDCLTD.BO
2023-05-02,145.81650926068085,147.42241801466375,143.7976553418707,145.1741485595703,247822,GMDCLTD.BO
2023-05-03,144.07295133834253,145.0364993547821,140.81524804581468,141.73291015625,122770,GMDCLTD.BO
2023-05-04,142.6964587133477,143.66000673343805,139.7599427493112,140.31053161621094,127192,GMDCLTD.BO
2023-05-05,139.94345842031166,139.98934432191533,135.81397931938443,137.00694274902344,104578,GMDCLTD.BO
2023-05-08,137.05285357356954,145.44945700473878,137.05285357356954,141.5493927001953,189223,GMDCLTD.BO
2023-05-09,139.62228993604796,142.51293409787434,138.15403890365278,139.0717010498047,100664,GMDCLTD.BO
2023-05-10,139.07170082254166,142.23763242110954,138.2457964909067,140.72349548339844,75490,GMDCLTD.BO
2023-05-11,140.90702518566675,146.82594322129248,140.90702518566675,145.1741485595703,194708,GMDCLTD.BO
2023-05-12,145.12825625298325,146.18357607480408,142.3752699389659,142.92587280273438,89921,GMDCLTD.BO
2023-05-15,141.45761988920657,144.30237825708434,141.45761988920657,142.7423553466797,98561,GMDCLTD.BO
2023-05-16,142.83411416425588,145.54122882463471,140.952917878113,141.5493927001953,93269,GMDCLTD.BO
2023-05-17,142.14585627009953,154.35076522219703,140.26466013287097,153.70840454101562,445560,GMDCLTD.BO
2023-05-19,151.73543567264852,153.61663179848955,147.56007026662527,151.3683624267578,139412,GMDCLTD.BO
2023-05-22,152.01072252896313,152.3319098676008,148.43184591014716,149.2577362060547,158830,GMDCLTD.BO
2023-05-23,151.36837425894362,153.02016898853802,149.21187653071829,150.95542907714844,78257,GMDCLTD.BO
2023-05-24,150.95540996257313,153.15779332154864,149.57891686261044,150.31304931640625,83650,GMDCLTD.BO
2023-05-25,150.3130659810346,151.873088866797,148.29421201108255,151.23072814941406,108233,GMDCLTD.BO
2023-05-26,151.46011973800267,155.68135664350893,149.85421119731404,153.47897338867188,195457,GMDCLTD.BO
2023-05-30,152.56131098870046,153.06602790072427,149.12007841000798,149.9459686279297,80980,GMDCLTD.BO
2023-05-31,156.46139680953408,158.11319148249274,152.83663411208323,153.84605407714844,276175,GMDCLTD.BO
2023-06-01,155.40607038988958,156.59901982702516,154.21310695034262,155.8190155029297,126915,GMDCLTD.BO
2023-06-02,156.27786681786856,156.27786681786856,152.3319167756081,153.61663818359375,130358,GMDCLTD.BO
2023-06-05,154.16723381038952,160.2238093110484,153.93781828388595,156.09432983398438,284105,GMDCLTD.BO
2023-06-06,157.70022546501394,158.15905648003883,154.9472393748647,155.8190155029297,98745,GMDCLTD.BO
2023-06-07,156.87433941139992,156.87433941139992,151.91896947598508,152.24014282226562,80723,GMDCLTD.BO
2023-06-08,153.06605008294878,153.70841079024626,150.58836506770805,151.5060272216797,173322,GMDCLTD.BO
2023-06-09,151.414240995894,152.05660164206088,149.71656057164193,150.31304931640625,65799,GMDCLTD.BO
2023-06-12,150.49658602144999,151.41424813133688,148.89067732914793,149.48715209960938,46034,GMDCLTD.BO
2023-06-13,150.35895308186494,151.46014489216697,145.58709856653354,146.5047607421875,75866,GMDCLTD.BO
2023-06-14,147.56007993910538,149.16598873881054,145.35768232663307,146.04592895507812,131374,GMDCLTD.BO
2023-06-15,146.0459252792872,149.12009907660084,146.0459252792872,147.28477478027344,68417,GMDCLTD.BO
2023-06-16,146.36711639077004,150.0377650776859,146.36711639077004,147.92713928222656,28239,GMDCLTD.BO
2023-06-19,147.65183439542008,148.84479799139868,146.82594406104198,147.51419067382812,63122,GMDCLTD.BO
2023-06-20,146.82593000193498,148.8906696425872,146.32121306707097,148.20242309570312,76283,GMDCLTD.BO
2023-06-21,151.04720017115775,159.1226161394437,151.04720017115775,156.82846069335938,684663,GMDCLTD.BO
2023-06-22,157.88376679253184,159.90262060804767,152.0107209627257,153.52487182617188,296767,GMDCLTD.BO
2023-06-23,153.5248807256149,154.80960213657542,151.230725347176,153.84605407714844,118141,GMDCLTD.BO
2023-06-26,151.96485156708886,154.2590068503939,150.2671710564781,151.5977783203125,39091,GMDCLTD.BO
2023-06-27,150.909530482493,154.0754619466883,150.909530482493,152.5613250732422,75609,GMDCLTD.BO
2023-06-28,153.249575682765,153.29546158973943,150.7260048257135,151.55189514160156,78988,GMDCLTD.BO
2023-06-30,153.06603504852689,154.02958301603832,150.95540950121895,151.7354278564453,57522,GMDCLTD.BO
2023-07-07,154.48842698564536,155.2684314037816,151.46013912089518,152.698974609375,103247,GMDCLTD.BO
2023-07-10,153.47897883779783,154.44252679690314,151.46012511545115,153.38720703125,77537,GMDCLTD.BO
2023-07-14,155.2684312446529,160.54498854819622,154.6719564547828,159.76498413085938,191252,GMDCLTD.BO
2023-07-17,160.9579357864658,164.49094067102067,160.40734689696473,163.71092224121094,228146,GMDCLTD.BO
2023-07-19,164.6744695833383,165.63801763878337,162.47208603010364,163.25209045410156,75929,GMDCLTD.BO
2023-07-20,163.38975321762177,166.50979901468088,163.38975321762177,163.89447021484375,82916,GMDCLTD.BO
2023-07-21,162.47208901446533,169.72161451257062,161.14148167651098,168.84983825683594,363735,GMDCLTD.BO
2023-07-24,169.07926132561846,172.1534353143226,167.97806947974715,170.1345672607422,169656,GMDCLTD.BO
2023-07-26,166.23449566149512,168.71219471000958,164.81213050705372,165.31683349609375,246755,GMDCLTD.BO
2023-07-28,164.35330059969826,165.82155167339238,161.82972962679756,163.43563842773438,109319,GMDCLTD.BO
2023-08-03,154.12135273054147,158.52613377781725,153.84605128963432,157.42494201660156,137185,GMDCLTD.BO
2023-08-04,156.00255441450932,159.62731684895223,156.00255441450932,156.36961364746094,82838,GMDCLTD.BO
2023-08-07,156.92021954105238,157.56258021237537,152.9742696994791,153.98370361328125,107174,GMDCLTD.BO
2023-08-08,154.21312043930214,157.97552669015548,153.8919330997261,156.55316162109375,65168,GMDCLTD.BO
2023-08-09,156.59903934182077,159.1226102389357,156.14020826961806,156.69081115722656,84775,GMDCLTD.BO
2023-08-10,156.1402068364356,158.9390791516644,154.90137135430714,155.7731475830078,88079,GMDCLTD.BO
2023-08-11,157.42493226197212,163.80268090280333,157.42493226197212,162.51795959472656,111918,GMDCLTD.BO
2023-08-14,162.56384096986693,163.8485763552219,159.53556713830164,161.41676330566406,45698,GMDCLTD.BO
2023-08-16,158.8014321236792,161.50853256794346,156.92022198362687,159.81085205078125,65399,GMDCLTD.BO
2023-08-17,160.5908797487349,164.90388914721822,160.5908797487349,163.2062225341797,212051,GMDCLTD.BO
2023-08-18,164.26152699919743,168.52865045156318,162.0591434113467,166.7392120361328,384499,GMDCLTD.BO
2023-08-21,167.97805367836145,168.75805807804028,165.8674280042426,167.1062774658203,62619,GMDCLTD.BO
2023-08-22,168.62042394177666,180.36650253248925,166.73921369051496,179.6323699951172,945214,GMDCLTD.BO
2023-08-23,180.27473022592653,206.24457239850076,179.8617850505279,202.89511108398438,1851548,GMDCLTD.BO
2023-08-24,203.07862941796063,205.37278471187702,195.41614513531485,195.78321838378906,745082,GMDCLTD.BO
2023-08-25,195.7832331281445,213.63175985849668,191.79139701514137,208.21754455566406,998066,GMDCLTD.BO
2023-08-28,209.7775763100775,243.13460157541832,209.73169040139072,232.0308837890625,2768380,GMDCLTD.BO
2023-08-29,231.93908807031963,237.1238731621236,224.68956332210328,226.75430297851562,849469,GMDCLTD.BO
2023-08-30,228.03903169094858,239.739223457788,227.07548368613814,231.34262084960938,780016,GMDCLTD.BO
2023-08-31,231.80146770611577,233.26971876376612,225.19428893824258,228.03904724121094,188987,GMDCLTD.BO
2023-09-01,229.41554737266773,233.9120865002065,227.80963854105906,228.8649444580078,198033,GMDCLTD.BO
2023-09-04,229.46142971306247,232.58147550782897,216.20121408168444,218.3577117919922,435681,GMDCLTD.BO
2023-09-05,219.7800766230644,243.54751980931172,219.4130173778949,237.39920043945312,1433562,GMDCLTD.BO
2023-09-06,237.3533012980132,247.03465344900133,235.05914600225663,242.99691772460938,491310,GMDCLTD.BO
2023-09-07,244.05224637812952,244.05224637812952,238.45450197447676,239.78509521484375,136779,GMDCLTD.BO
2023-09-08,240.4274882483053,241.39102232370553,234.92151523498535,236.48155212402344,242585,GMDCLTD.BO
2023-09-11,238.91335117813563,271.1691708010517,238.59216381818422,266.3055725097656,1243284,GMDCLTD.BO
2023-09-12,266.53497909286534,268.14088783381607,237.67449366070633,240.10629272460938,1199547,GMDCLTD.BO
2023-09-13,240.8404083144142,269.83850573815977,235.47207989726363,266.9478759765625,1034575,GMDCLTD.BO
2023-09-14,270.0220486380504,276.9962855717224,252.72411400793644,257.5418395996094,1063017,GMDCLTD.BO
2023-09-15,260.4784115144718,270.7103390681148,258.00071246344305,264.8831787109375,466197,GMDCLTD.BO
2023-09-18,265.9843677605501,275.4821761848779,263.827856204522,267.4985046386719,710982,GMDCLTD.BO
2023-09-20,267.86556271908773,269.47147140206164,260.2948503564963,264.2408142089844,237844,GMDCLTD.BO
2023-09-21,261.6713383387167,271.21501843641107,258.7807083674915,260.0654296875,404737,GMDCLTD.BO
2023-09-22,262.50399953992223,262.50399953992223,253.84950776782105,255.3795623779297,271948,GMDCLTD.BO
2023-09-25,256.431494418733,258.583166526042,252.36722488270487,256.5271301269531,166162,GMDCLTD.BO
2023-09-26,256.5749340568862,265.5641653423988,256.5749340568862,262.2649230957031,198211,GMDCLTD.BO
2023-09-27,261.78680419921875,275.46186576783657,260.4001592248678,273.0233154296875,263960,GMDCLTD.BO
2023-09-28,273.6448858530513,277.1353705096021,269.19810243120304,270.5847473144531,250383,GMDCLTD.BO
2023-09-29,270.6803500557998,309.5539176682573,270.6803500557998,303.0032653808594,1840020,GMDCLTD.BO
2023-10-03,300.1821671947299,324.3287102627316,295.54411249141856,314.6222839355469,1151394,GMDCLTD.BO
2023-10-04,312.66190069433054,322.5595698119876,299.1780819344913,310.36676025390625,448908,GMDCLTD.BO
2023-10-05,315.10042668597487,326.57601126937914,310.79708246719827,312.6140441894531,346643,GMDCLTD.BO
2023-10-06,318.87782505184543,321.2685718907889,307.92819285591594,315.3395080566406,292911,GMDCLTD.BO
2023-10-09,308.8844726912074,311.4664907928441,302.33382091654494,305.72869873046875,334587,GMDCLTD.BO
2023-10-10,308.93229363021766,366.8361993502725,308.07163060839366,366.1667785644531,2652122,GMDCLTD.BO
2023-10-11,379.74624550435635,386.39250441225937,360.90714815601746,367.0752868652344,1632565,GMDCLTD.BO
2023-10-12,372.6217798645365,405.4228425424884,368.8444175378034,386.67938232421875,1531789,GMDCLTD.BO
2023-10-13,387.2532045195834,400.2588446437522,380.6069162926625,391.0783996582031,743716,GMDCLTD.BO
2023-10-16,391.69995830796734,415.5595936642068,388.9266978796967,398.01153564453125,599814,GMDCLTD.BO
2023-10-17,403.9405817663183,408.3395618052197,396.86397693013157,398.4418640136719,278304,GMDCLTD.BO
2023-10-18,401.597672444833,404.4187362519587,377.21205427679575,381.8022766113281,313349,GMDCLTD.BO
2023-10-19,374.1996963312803,394.61668086958156,374.1996963312803,385.4840393066406,523786,GMDCLTD.BO
2023-10-20,387.3487788766771,391.07836717417996,364.92359174956914,375.777587890625,296767,GMDCLTD.BO
2023-10-23,376.73390100379453,378.50303032897847,329.54055225941624,338.0516052246094,461522,GMDCLTD.BO
2023-10-25,340.4901734813851,356.0778613133954,328.48863530607167,344.31536865234375,784802,GMDCLTD.BO
2023-10-26,344.5544320060346,352.2526545444778,330.401222013053,345.3194885253906,522337,GMDCLTD.BO
2023-10-27,349.0968326861985,360.52461395324497,345.5107125208811,352.4438781738281,402873,GMDCLTD.BO
2023-10-30,353.83053508446386,353.83053508446386,340.9683053112032,344.7456970214844,214107,GMDCLTD.BO
2023-10-31,346.22793527719,352.82641970417785,339.72511574162917,342.1636657714844,289022,GMDCLTD.BO
2023-11-01,343.4068968265558,345.3672976468019,327.3410598546924,335.6130676269531,508240,GMDCLTD.BO
2023-11-02,306.9718999301958,319.30814801583983,299.3215099007828,310.1755065917969,891150,GMDCLTD.BO
2023-11-03,312.7574717921917,319.30812359057313,311.2752205109456,312.90093994140625,274673,GMDCLTD.BO
2023-11-06,313.8094162638211,318.11276046449984,299.94308495052303,301.8556823730469,159426,GMDCLTD.BO
2023-11-07,301.76007726255716,313.8572805337715,293.6793698433906,306.1590576171875,610883,GMDCLTD.BO
2023-11-08,306.2068693519351,351.7266661968348,306.01559792966043,344.9847717285156,1295355,GMDCLTD.BO
2023-11-09,348.7143314339836,360.4289910570932,341.637726559665,350.0053405761719,587128,GMDCLTD.BO
2023-11-10,345.2716632835919,365.7842838141922,343.4068981705791,362.3894348144531,599270,GMDCLTD.BO
2023-11-13,375.29943797925614,387.25317177673634,369.70508472525137,371.4742431640625,276220,GMDCLTD.BO
2023-11-15,378.59866237418737,379.65059681676115,366.7405639275262,369.0356750488281,216115,GMDCLTD.BO
2023-11-16,372.8130671218548,387.0619124153707,368.1750124272211,373.0999450683594,259139,GMDCLTD.BO
2023-11-17,372.95649923975003,374.9168999339804,367.2187069437539,368.9400329589844,276972,GMDCLTD.BO
2023-11-20,369.2747502506501,384.6711657028887,369.2747502506501,374.2953186035156,191881,GMDCLTD.BO
2023-11-21,378.12052006078227,386.34469515077626,374.39096077111117,375.3472595214844,355695,GMDCLTD.BO
2023-11-22,375.87319214771964,419.95856802943786,373.8171557806727,406.28350830078125,1394510,GMDCLTD.BO
2023-11-23,410.7302897757165,415.4639799926834,392.4171755910687,394.56884765625,652737,GMDCLTD.BO
2023-11-24,395.9076890849374,400.92825760594206,368.4140995651501,371.1395568847656,690415,GMDCLTD.BO
2023-11-28,371.18734919817103,394.18635135000443,367.2665185368516,390.0742492675781,850244,GMDCLTD.BO
2023-11-29,393.4691146352552,398.53748610835595,376.9251294952099,381.0372314453125,307328,GMDCLTD.BO
2023-11-30,382.5194954061277,395.90767774534214,377.0207776596646,393.6603698730469,515669,GMDCLTD.BO
2023-12-01,394.4732301249286,412.2125600727356,390.21768905970924,398.9200134277344,564392,GMDCLTD.BO
2023-12-04,410.15651840363284,430.2387916818999,402.6495675556869,411.2562561035156,412990,GMDCLTD.BO
2023-12-05,413.93391612290907,419.0501202270626,404.6578066561664,407.5267028808594,418845,GMDCLTD.BO
2023-12-06,408.4352115436278,420.77145987125044,403.6537176814545,414.6511535644531,225282,GMDCLTD.BO
2023-12-07,415.84651981871366,416.89845428693445,401.6932807217615,403.7971496582031,253568,GMDCLTD.BO
2023-12-08,405.42285580417223,420.67580294503585,392.9909723893878,398.1071472167969,333381,GMDCLTD.BO
2023-12-11,398.1549982002598,404.5143791755736,386.7272162402887,388.8310852050781,276997,GMDCLTD.BO
2023-12-12,388.83106037720137,397.62899097745367,379.0768018853541,383.427978515625,387180,GMDCLTD.BO
2023-12-13,387.25316879454084,405.6619187008965,386.87062596883106,396.9595947265625,413186,GMDCLTD.BO
2023-12-14,401.6454701306648,404.51436634588384,390.45676321774204,393.1822204589844,351190,GMDCLTD.BO
2023-12-15,395.90767071156193,396.76833372415075,385.6752627176706,388.0660095214844,231189,GMDCLTD.BO
2023-12-18,387.44441590993404,391.9390315134284,383.6192210759544,386.05780029296875,128722,GMDCLTD.BO
2023-12-19,386.8706555968498,405.3272393618543,386.8706555968498,395.0470275878906,228862,GMDCLTD.BO
2023-12-20,397.82028665005186,403.5580792459661,360.18992437173006,371.6177062988281,664991,GMDCLTD.BO
2023-12-21,371.0917193038327,388.63980725229163,365.87990861208084,386.8228454589844,263805,GMDCLTD.BO
2023-12-22,391.7477962984799,397.29434683064403,384.19304164004035,389.73956298828125,242971,GMDCLTD.BO
2023-12-26,390.60022004954476,398.1549740271081,387.1097064084376,393.23004150390625,120462,GMDCLTD.BO
2023-12-27,395.1904470737773,408.6742648978338,389.4526547387679,391.6521301269531,186171,GMDCLTD.BO
2023-12-28,393.5647161496243,401.6454517938059,390.12206419567065,391.93902587890625,141354,GMDCLTD.BO
2023-12-29,393.2778557842286,396.0989487333315,387.77913804378045,389.1179504394531,82471,GMDCLTD.BO
2024-01-01,391.4609022289536,420.72365004595144,390.02645409266864,413.3601379394531,690812,GMDCLTD.BO
2024-01-02,416.8984371934203,427.4177230764766,403.7971331018638,414.26861572265625,416609,GMDCLTD.BO
2024-01-03,416.03774494526186,425.55292884813105,411.7344007209549,413.79046630859375,217452,GMDCLTD.BO
2024-01-04,416.70719037871214,425.36168260170615,414.4598824251405,419.6717224121094,356635,GMDCLTD.BO
2024-01-05,430.9560241084285,441.18843236562924,422.30153212948596,430.2388000488281,476765,GMDCLTD.BO
2024-01-08,434.781219278464,444.0573287934885,428.756548848819,432.3904724121094,282995,GMDCLTD.BO
2024-01-09,442.86194644503564,480.205400072163,442.86194644503564,458.019287109375,1705790,GMDCLTD.BO
2024-01-10,464.2830502195487,465.3349846974073,453.9072027867146,459.5015563964844,398307,GMDCLTD.BO
2024-01-11,459.5971912105249,463.7092642167461,442.9575985756009,446.3524475097656,213894,GMDCLTD.BO
2024-01-12,449.4604121455591,452.8074577679196,445.3961424612641,447.2131042480469,105063,GMDCLTD.BO
2024-01-15,452.23366051732575,452.23366051732575,434.1596204795219,441.52313232421875,111968,GMDCLTD.BO
2024-01-16,441.47531161579235,456.4892136478696,434.1596320231124,445.5395812988281,479790,GMDCLTD.BO
2024-01-17,444.53547271130356,448.50410662396376,434.15962560187535,443.2922668457031,229632,GMDCLTD.BO
2024-01-19,439.80179552983503,456.1545102236953,437.5544875986571,452.0902404785156,158707,GMDCLTD.BO
2024-01-23,459.6449855736609,459.97969597092305,404.70564022844314,420.4367370605469,257283,GMDCLTD.BO
2024-01-24,424.2619459007244,441.95347324692955,414.50771590127835,438.5586242675781,227121,GMDCLTD.BO
2024-01-25,438.98892197732636,442.7185103854339,434.35089646658986,437.5544738769531,161386,GMDCLTD.BO
2024-01-29,441.61873908369773,451.6120724233844,437.5066662439352,443.6748046875,87295,GMDCLTD.BO
2024-01-30,444.6789053063655,445.73083973634755,429.47376147783524,431.48199462890625,106263,GMDCLTD.BO
2024-01-31,435.5462648858484,440.5190007330628,432.34265832832403,437.69793701171875,150971,GMDCLTD.BO
2024-02-01,436.7416493014501,443.0531976826771,429.3303340143555,433.3467712402344,112813,GMDCLTD.BO
2024-02-02,435.25937029980435,462.8963983427243,435.25937029980435,452.4727478027344,235343,GMDCLTD.BO
2024-02-05,456.91954481511624,482.9308832707955,455.77200379096496,467.7257385253906,1129142,GMDCLTD.BO
2024-02-06,475.471745615213,482.02236864277467,463.5658146182867,473.8938293457031,188932,GMDCLTD.BO
2024-02-07,477.8146852250095,480.4445069010225,457.78024305810004,461.3663635253906,176950,GMDCLTD.BO
2024-02-08,466.6737971471984,472.0290760659999,452.80746505983285,459.7406311035156,112231,GMDCLTD.BO
2024-02-09,460.696919208305,460.7447224718623,396.4336320374907,412.0691223144531,606881,GMDCLTD.BO
2024-02-12,393.0865881758779,406.9529200036774,346.70609895875555,358.6120300292969,915649,GMDCLTD.BO
2024-02-13,365.68863673521025,383.9061454615584,357.17758368368203,380.8459777832031,488256,GMDCLTD.BO
2024-02-14,379.50715966834,390.07424904010014,370.5179573760664,387.6835021972656,182334,GMDCLTD.BO
2024-02-15,389.7873957436408,404.5143913900887,388.97453592888553,399.30255126953125,130043,GMDCLTD.BO
2024-02-16,402.6017567704933,402.6017567704933,388.2572761254639,389.88299560546875,82037,GMDCLTD.BO
2024-02-19,393.8038149841969,401.0716913469624,380.60690386058945,390.6480407714844,178724,GMDCLTD.BO
2024-02-20,392.0824713189018,399.54158958749804,386.34467905569835,392.75189208984375,150696,GMDCLTD.BO
2024-02-21,396.1467448967657,396.1467448967657,381.08504005156584,383.7626647949219,75373,GMDCLTD.BO
2024-02-22,386.67940727261345,401.64547694583456,374.58223386329115,397.1030578613281,263577,GMDCLTD.BO
2024-02-23,399.7328550762645,401.16730312079653,393.37347458228976,396.72052001953125,74753,GMDCLTD.BO
2024-02-26,393.5169302379775,396.4336297119808,385.38839097425256,386.7272033691406,111377,GMDCLTD.BO
2024-02-27,390.83930526291283,395.09481712978675,381.4197568720423,384.8146057128906,189104,GMDCLTD.BO
2024-02-28,387.2531839579309,388.9745100053448,372.95650621286904,374.2953186035156,152632,GMDCLTD.BO
2024-02-29,373.9128112010467,378.2161555754833,366.2624212020483,372.9565124511719,113793,GMDCLTD.BO
2024-03-01,378.3117919094819,386.15342416099963,375.7776060549299,380.6069030761719,97016,GMDCLTD.BO
2024-03-04,377.2120541059166,386.8706481464498,375.8254092430288,379.6506042480469,153984,GMDCLTD.BO
2024-03-05,380.8937936293915,383.18893405593496,376.3513744097353,377.4511413574219,84410,GMDCLTD.BO
2024-03-06,377.0685619766594,390.16986570959364,363.3935023765823,379.7462158203125,262464,GMDCLTD.BO
2024-03-07,379.69842025189894,386.3447084696867,377.73801941961943,379.6028137207031,142049,GMDCLTD.BO
2024-03-11,378.07272266522705,380.55910529157507,364.39763281227414,367.0752868652344,131015,GMDCLTD.BO
2024-03-12,368.17502320673174,368.17502320673174,343.5503300961516,346.9930114746094,143948,GMDCLTD.BO
2024-03-13,346.2757972643631,353.3045991988906,303.05108033664715,309.88861083984375,451326,GMDCLTD.BO
2024-03-14,312.99654315078493,341.1117474078989,309.2669841729798,331.453125,408148,GMDCLTD.BO
2024-03-15,332.45727544061975,340.01203020240115,320.2166623468923,335.08709716796875,209425,GMDCLTD.BO
2024-03-18,339.8685538847405,347.13642987876597,334.27420062429036,335.7086486816406,87482,GMDCLTD.BO
2024-03-19,337.6212515607798,340.44234445950417,325.3806396133323,327.4366760253906,165625,GMDCLTD.BO
2024-03-20,341.63773125929185,341.63773125929185,325.81099848963805,328.8233337402344,82197,GMDCLTD.BO
2024-03-21,335.6608714325968,348.9056153586733,328.8233409994581,346.1323547363281,91406,GMDCLTD.BO
2024-03-22,346.13232890594975,346.9451594603122,341.11176069080955,343.3590393066406,49948,GMDCLTD.BO
2024-03-26,342.06805347983453,346.4192008507689,335.8042795427812,337.0474853515625,50669,GMDCLTD.BO
2024-03-27,338.05158660659123,344.26752808592033,330.4490003544592,332.2659912109375,202745,GMDCLTD.BO
2024-03-28,336.28243935425684,343.0721661091596,327.0541625347249,328.8711242675781,230482,GMDCLTD.BO
2024-04-01,330.1621364170383,361.6243587862514,330.1621364170383,358.2773132324219,218466,GMDCLTD.BO
2024-04-02,359.0423773328829,375.7297730087198,355.0259109096295,373.1955871582031,229770,GMDCLTD.BO
2024-04-03,372.95649988192025,377.83362917869874,369.89633231188486,374.4387512207031,232769,GMDCLTD.BO
2024-04-04,373.9127983219842,378.64648864438584,366.5492865280085,372.0480041503906,141979,GMDCLTD.BO
2024-04-05,372.86087021886743,374.53439300188205,366.7883674265731,371.4264221191406,107684,GMDCLTD.BO
2024-04-08,374.6300594469612,376.4948538031639,366.3580805633472,368.796630859375,44051,GMDCLTD.BO
2024-04-09,370.1354260217957,382.5195067256061,363.8716807727328,376.6382751464844,230651,GMDCLTD.BO
2024-04-10,382.4238831052761,405.3750542345821,382.4238831052761,392.13031005859375,598632,GMDCLTD.BO
2024-04-12,392.130291747641,397.82028099798384,382.4238652475756,385.3883972167969,297039,GMDCLTD.BO
2024-04-15,374.00843403046196,381.5153847951939,363.15443775645394,372.0480041503906,129871,GMDCLTD.BO
2024-04-16,373.76937849100614,380.9894225000249,369.32259506632937,371.1395568847656,165452,GMDCLTD.BO
2024-04-18,373.91280422683167,384.0973798862514,365.21047992850225,367.1230773925781,175743,GMDCLTD.BO
2024-04-19,360.1899119585044,373.91280461425157,357.0819410761609,370.9482727050781,191304,GMDCLTD.BO
2024-04-22,373.38684085121514,379.45931427774525,371.42641099660835,373.62591552734375,45414,GMDCLTD.BO
2024-04-23,377.16421579877124,389.6917350823755,372.09584416942795,384.5755310058594,296604,GMDCLTD.BO
2024-04-24,385.8665537463762,405.279407106392,384.9102549762489,398.1549987792969,223302,GMDCLTD.BO
2024-04-25,399.4938113221016,407.9092288277893,393.94729012752407,399.8285217285156,124984,GMDCLTD.BO
2024-04-26,404.51438699826247,426.12674542644356,395.7164264821779,415.7030944824219,300866,GMDCLTD.BO
2024-04-29,419.57607986335466,424.35757365097123,411.5909794012506,413.3601379394531,109979,GMDCLTD.BO
2024-04-30,416.22905174773587,416.22905174773587,399.6850942191551,401.932373046875,78284,GMDCLTD.BO
2024-05-02,404.0362242200854,409.2958673756131,398.77658106455766,402.1236267089844,120477,GMDCLTD.BO
2024-05-03,404.56217278170936,433.15552863141806,401.5498375688917,429.0434265136719,397911,GMDCLTD.BO
2024-05-06,432.1992095358033,432.3904517656269,406.8094615171153,410.825927734375,339289,GMDCLTD.BO
2024-05-07,410.443455295747,414.0295757840582,385.4840508603164,389.9786376953125,309579,GMDCLTD.BO
2024-05-08,389.9786193813624,403.4624376209779,376.68607256571045,383.2367248535156,272377,GMDCLTD.BO
2024-05-09,384.0495901113101,392.130297170478,365.40176418164566,369.4660339355469,197730,GMDCLTD.BO
2024-05-10,372.95653031101887,377.881463271931,359.66398288800053,375.39508056640625,219195,GMDCLTD.BO
2024-05-13,374.6300353027031,378.2161556151093,363.1544503030032,373.4346618652344,198511,GMDCLTD.BO
2024-05-14,374.43873608338083,393.7081778120834,373.62590555337846,391.365234375,107267,GMDCLTD.BO
2024-05-15,394.5688652807197,399.7328726310349,390.88710930128116,392.9431457519531,59757,GMDCLTD.BO
2024-05-16,392.990990820177,397.82028793037824,389.2614022736918,390.9827575683594,32179,GMDCLTD.BO
2024-05-17,392.13027043901815,415.2727106630669,391.60431782734804,409.3914794921875,185890,GMDCLTD.BO
2024-05-21,418.8110340565934,418.8110340565934,405.8531689533879,409.48712158203125,94225,GMDCLTD.BO
2024-05-22,413.2166851289183,413.2166851289183,398.63312956491677,403.1277160644531,160187,GMDCLTD.BO
2024-05-23,411.01719990548474,414.50771376510187,399.8763250654522,401.0238952636719,68696,GMDCLTD.BO
2024-05-24,403.0321148132937,405.13595452659104,390.2176883766505,391.5086975097656,59520,GMDCLTD.BO
2024-05-27,392.3693483914835,394.99916983964073,382.1847729835862,385.8187255859375,99067,GMDCLTD.BO
2024-05-28,378.69430489071533,380.8459770775944,369.70510248009384,372.2392883300781,249547,GMDCLTD.BO
2024-05-29,373.1477903161805,379.5549745405926,367.6012399608062,374.0084533691406,48900,GMDCLTD.BO
2024-05-30,374.8691095323668,376.5904356066508,365.8320746825714,367.9359436035156,132573,GMDCLTD.BO
2024-05-31,368.22283463183027,381.7066533056649,366.0233591050295,374.8213195800781,167941,GMDCLTD.BO
2024-06-03,386.6315741288491,394.0428894639189,381.8979128122867,388.0182189941406,105452,GMDCLTD.BO
2024-06-04,389.30920827805045,389.30920827805045,310.41456518936343,333.5569763183594,247055,GMDCLTD.BO
2024-06-05,348.66655203601096,348.9056267385611,314.0963558840353,339.86859130859375,300947,GMDCLTD.BO
2024-06-06,345.7497937013241,362.77192858319694,345.7497937013241,354.9302673339844,188704,GMDCLTD.BO
2024-06-07,357.8947937154961,365.30610874901674,351.9657300151113,362.4850158691406,81280,GMDCLTD.BO
2024-06-10,369.5616450982153,369.5616450982153,362.9153574450863,366.45367431640625,42187,GMDCLTD.BO
2024-06-11,366.5014895503466,376.6382619604738,366.26241486701304,372.1436462402344,65060,GMDCLTD.BO
2024-06-12,374.7256708568372,377.2120534425105,370.7092044350632,371.5220642089844,31545,GMDCLTD.BO
2024-06-13,373.33899501218116,374.8690787212969,367.7446419546841,369.60943603515625,32850,GMDCLTD.BO
2024-06-14,370.0876170872307,387.3487978902111,368.94004691106585,384.1930236816406,105934,GMDCLTD.BO
2024-06-18,387.30099485419726,396.00331934079196,377.92927875104715,387.0619201660156,273699,GMDCLTD.BO
2024-06-19,387.8269288245996,390.7436573903567,378.55084888005797,380.32000732421875,72482,GMDCLTD.BO
2024-06-20,380.32001298789254,394.1385119949953,376.92513501823436,385.9143371582031,227383,GMDCLTD.BO
2024-06-21,385.9143559996986,390.7914855513478,381.18069461033036,381.6588439941406,44528,GMDCLTD.BO
2024-06-24,384.3843076374072,386.3925117352846,374.9169263351949,379.6028137207031,45991,GMDCLTD.BO
2024-06-25,379.65060442003073,396.5292715505349,379.65060442003073,381.8022766113281,317249,GMDCLTD.BO
2024-06-26,387.157562030099,391.22183179376844,381.9457220713539,383.5714416503906,75180,GMDCLTD.BO
2024-06-27,387.2531975599597,387.2531975599597,376.78171438261006,380.7025451660156,54413,GMDCLTD.BO
2024-06-28,377.7379885318567,383.42797750103125,374.53438203284037,375.53851318359375,99182,GMDCLTD.BO
2024-07-01,376.16009542251084,380.511242786988,375.9210207500908,377.59454345703125,33585,GMDCLTD.BO
2024-07-02,377.73801915960894,380.5112797926038,370.5179750239248,374.1040954589844,70330,GMDCLTD.BO
2024-07-03,374.15187965375543,378.07271029969087,371.56986139855076,374.5343933105469,89100,GMDCLTD.BO
2024-07-04,374.9168962543371,391.36524568166107,374.9168962543371,380.0809326171875,119074,GMDCLTD.BO
2024-07-05,381.5631843920392,386.8706305464806,379.17243762266554,383.66705322265625,131103,GMDCLTD.BO
2024-07-08,389.73951678356747,417.37657208362003,384.52770646888837,403.55804443359375,495331,GMDCLTD.BO
2024-07-09,410.2043623590803,420.6758162090403,393.516937421816,395.6686096191406,404281,GMDCLTD.BO
2024-07-10,411.1606372431339,413.4079158382898,396.19453925903133,404.37091064453125,404822,GMDCLTD.BO
2024-07-11,405.66193118853045,413.02541386739324,401.31075447545953,404.5621643066406,117796,GMDCLTD.BO
2024-07-12,405.04032603749374,407.6701476139438,397.62901068568,399.4938049316406,149098,GMDCLTD.BO
2024-07-15,396.86398988845855,407.9570614667036,390.4567764504253,402.9364929199219,216337,GMDCLTD.BO
2024-07-16,408.19611634737356,413.07324567860314,396.9117738890885,398.8243713378906,95038,GMDCLTD.BO
2024-07-18,396.86396487157134,397.0552362872464,388.49635115439963,392.75189208984375,158189,GMDCLTD.BO
2024-07-19,390.16990361455044,391.2696413786402,378.21616882243796,379.8418884277344,197148,GMDCLTD.BO
2024-07-22,381.89789920244135,383.85829990247913,371.61768797499474,378.5030212402344,74748,GMDCLTD.BO
2024-07-23,374.43876441800086,392.03468479000077,363.4413287774619,380.1287536621094,325511,GMDCLTD.BO
2024-07-24,380.12876700532564,405.7575627675872,376.7817212581089,393.4691467285156,211621,GMDCLTD.BO
2024-07-25,387.34879207321893,396.86397618791955,386.29688680877365,390.5523986816406,137877,GMDCLTD.BO
2024-07-26,391.1739748842902,395.5729547784417,383.8582956039306,384.8624267578125,114455,GMDCLTD.BO
2024-07-29,385.3884031664009,385.86655254998203,378.6943117962649,378.7899475097656,85056,GMDCLTD.BO
2024-07-30,382.47169748745824,390.88711483042215,379.45933307190285,382.7585754394531,54719,GMDCLTD.BO
2024-07-31,384.5277161926665,386.72719154674945,382.5194830697661,383.427978515625,77816,GMDCLTD.BO
2024-08-01,385.8187252241346,393.9950674998968,381.32410962520345,382.9498291015625,179237,GMDCLTD.BO
2024-08-02,374.5822387257361,383.1410951804501,374.5822387257361,378.0727233886719,34927,GMDCLTD.BO
2024-08-05,371.952395770985,371.952395770985,355.74312092618334,356.7472229003906,221669,GMDCLTD.BO
2024-08-06,361.38528980183685,368.31845570122823,347.13644434194094,350.0053405761719,177554,GMDCLTD.BO
2024-08-07,356.699426189748,361.4331165754861,353.1133059532559,358.5163879394531,47525,GMDCLTD.BO
2024-08-08,359.95082891995816,365.4495465072357,351.6788509080552,352.6829528808594,81101,GMDCLTD.BO
2024-08-09,355.743133255067,357.7513664570009,349.9575375195143,352.3960876464844,44506,GMDCLTD.BO
2024-08-12,349.0968692552261,357.56011956871225,348.0449639103457,354.21307373046875,45613,GMDCLTD.BO
2024-08-13,354.5477411267482,357.8469832976521,345.94105287282844,346.6104736328125,50915,GMDCLTD.BO
2024-08-14,347.1842404062421,351.6788560869035,340.44234606917104,341.7811584472656,132282,GMDCLTD.BO
2024-08-16,344.2675298571537,347.42330387394287,340.1076247012624,344.45880126953125,60595,GMDCLTD.BO
2024-08-19,345.6541628641073,353.6870657837228,345.6541628641073,350.244384765625,62393,GMDCLTD.BO
2024-08-20,357.2732041139028,357.2732041139028,350.2922060162299,351.9657287597656,81748,GMDCLTD.BO
2024-08-21,350.9616335445223,357.65572464755127,350.24440949776914,355.8865661621094,73084,GMDCLTD.BO
2024-08-22,358.1816900123987,359.8074095830872,353.9261780273507,354.6434020996094,64000,GMDCLTD.BO
2024-08-23,355.6953429936488,362.53287343576886,353.92618441337146,355.2171936035156,56928,GMDCLTD.BO
2024-08-26,357.0341425025464,357.56009513905184,351.3919857403539,353.5914611816406,22492,GMDCLTD.BO
2024-08-28,354.73902492393097,360.1899101646959,352.20480994688853,353.2567443847656,38302,GMDCLTD.BO
2024-08-29,355.55185524283945,355.55185524283945,347.2798770860063,350.8659973144531,31249,GMDCLTD.BO
2024-08-30,353.7349128637945,353.7349128637945,349.0490546788628,352.8264465332031,50221,GMDCLTD.BO
2024-09-02,357.41665576255485,357.41665576255485,347.8536683174029,349.0490417480469,39658,GMDCLTD.BO
2024-09-03,350.3400574387807,357.2732234661165,349.76627234456157,351.2963562011719,80060,GMDCLTD.BO
2024-09-04,349.09683855446906,352.15700615388255,347.7580261736961,348.2361755371094,43797,GMDCLTD.BO
2024-09-05,349.0490174655927,352.5873342477159,347.66237270894237,348.1883544921875,21086,GMDCLTD.BO
2024-09-06,355.1693355422676,362.96316420262747,351.77448679069954,354.1174011230469,164414,GMDCLTD.BO
2024-09-09,354.78682760098263,354.78682760098263,343.7893922440789,347.7580261230469,28309,GMDCLTD.BO
2024-09-10,348.1405294998833,358.612011921561,346.8495496041019,356.1734619140625,39813,GMDCLTD.BO
2024-09-11,358.0382310775403,358.0382310775403,348.0927303333709,349.3359069824219,49016,GMDCLTD.BO
2024-09-12,349.3837395463704,352.9698597089842,346.13232976905135,350.2922058105469,27536,GMDCLTD.BO
2024-09-13,350.2922060162299,356.31690540331095,350.2922060162299,351.9657287597656,30715,GMDCLTD.BO
2024-09-16,353.16112171549173,361.3852969190401,352.1092164226946,357.7513732910156,96844,GMDCLTD.BO
2024-09-17,358.65981560360603,361.3852727341908,355.16933118692606,359.28143310546875,58313,GMDCLTD.BO
2024-09-18,361.43312918691106,361.43312918691106,350.9616460574059,355.1215515136719,35387,GMDCLTD.BO
2024-09-19,355.1215323387667,357.6557180873609,348.09273097272563,354.5955505371094,77361,GMDCLTD.BO
2024-09-20,356.31332607039866,360.9267612826818,355.57714151240197,357.1476745605469,67799,GMDCLTD.BO
2024-09-23,357.19673114889025,359.3071208292834,356.2151517668073,356.5096435546875,39516,GMDCLTD.BO
2024-09-24,356.95134878599913,364.26412742041583,356.853184853273,357.9820251464844,67991,GMDCLTD.BO
2024-09-25,358.27648716732256,362.5463636219089,355.47897983808144,357.442138671875,37434,GMDCLTD.BO
2024-09-26,356.3133170890985,358.7181985667737,351.6017480188509,357.88385009765625,31950,GMDCLTD.BO
2024-09-27,356.16610168284313,360.2396503207251,352.19068702348636,353.1231994628906,61372,GMDCLTD.BO
2024-09-30,354.39923846300644,365.7364987645876,349.5404382955517,352.8287353515625,107782,GMDCLTD.BO
2024-10-01,352.82872087159734,354.64461876410894,349.4913270081777,349.98211669921875,43929,GMDCLTD.BO
2024-10-03,345.6141125548806,348.46068682234414,339.6264722268481,340.5098876953125,79380,GMDCLTD.BO
2024-10-04,340.60806381693504,343.0620124035124,327.3567414494174,328.0929260253906,140335,GMDCLTD.BO
2024-10-07,329.02542677726086,331.77383711438114,303.30803452172717,305.12396240234375,166668,GMDCLTD.BO
2024-10-08,304.3386880736173,319.60226607224826,303.79883137321843,317.982666015625,134141,GMDCLTD.BO
2024-10-09,323.2831846344876,326.32608679619545,319.16053913082845,322.3016052246094,70365,GMDCLTD.BO
2024-10-10,323.13596676844975,327.1113515568876,318.9151571622011,320.24029541015625,25853,GMDCLTD.BO
2024-10-11,320.4856872384831,337.4669995724707,317.4918819279208,334.9149169921875,117635,GMDCLTD.BO
2024-10-14,337.4669857712299,340.804379695901,329.8106784326425,331.5284423828125,81766,GMDCLTD.BO
2024-10-15,336.04373188751043,337.8105629215905,327.94570139635954,335.50384521484375,44001,GMDCLTD.BO
2024-10-16,334.0314742472265,351.40544246289835,333.2462226708212,346.10491943359375,68629,GMDCLTD.BO
2024-10-17,351.3563520025509,355.8225262114486,345.1723839185863,346.9883117675781,133357,GMDCLTD.BO
2024-10-18,346.49752901386285,353.270420898686,335.89648345113324,351.4054260253906,111033,GMDCLTD.BO
2024-10-21,353.36860674467476,354.84097593944426,344.3871606476666,346.15399169921875,29939,GMDCLTD.BO
2024-10-22,344.5343752922106,347.3318826211386,320.33844865949817,322.5960693359375,111768,GMDCLTD.BO
2024-10-23,333.73699921105293,366.32544758677335,327.0131742652744,348.7060852050781,858087,GMDCLTD.BO
2024-10-24,346.0067582236548,359.69980361637903,342.32583526382865,351.84716796875,157972,GMDCLTD.BO
2024-10-25,355.57713141594735,355.57713141594735,332.21555408769785,338.0068664550781,150930,GMDCLTD.BO
2024-10-28,337.6633239714102,353.8593845688761,332.5590989524623,349.5895080566406,150417,GMDCLTD.BO
2024-10-29,345.12332938661103,362.2028052700483,345.12332938661103,359.8960876464844,167710,GMDCLTD.BO
2024-10-31,361.1230584449071,367.1597658169133,355.920699561324,363.6751708984375,958140,GMDCLTD.BO
2024-11-01,366.1291370217121,368.8775475158434,364.6567678379787,365.73651123046875,56918,GMDCLTD.BO
2024-11-04,363.6751747824929,363.87150264848674,345.27056067406716,350.9146423339844,69911,GMDCLTD.BO
2024-11-06,361.5647888726745,369.0738655177888,359.25807122210296,367.0125427246094,78587,GMDCLTD.BO
2024-11-07,363.8224064954556,370.05544181148235,360.4850424542888,361.8101806640625,60341,GMDCLTD.BO
2024-11-08,368.3867593989476,368.3867593989476,350.76742606314207,352.6814880371094,72791,GMDCLTD.BO
2024-11-11,352.38701806726567,352.38701806726567,339.33202353051,341.4424133300781,49380,GMDCLTD.BO
2024-11-12,341.4423942948457,354.79187989188495,336.6326613102562,338.0068664550781,81794,GMDCLTD.BO
2024-11-13,339.92094462827185,339.92094462827185,321.9580530413664,323.7248840332031,52373,GMDCLTD.BO
2024-11-14,322.39978663048254,330.6941151202437,322.39978663048254,324.3629455566406,52731,GMDCLTD.BO
2024-11-18,325.39359189570933,327.0622889645252,318.03174592521816,321.3691101074219,58225,GMDCLTD.BO
2024-11-19,326.71871481628574,340.70622150325914,325.19724874725375,328.5837097167969,93364,GMDCLTD.BO
2024-11-21,331.7247885883657,331.7247885883657,313.1729129363269,315.6268615722656,66388,GMDCLTD.BO
2024-11-22,318.57160169074433,324.4610784494487,314.7434477886721,322.4488525390625,41499,GMDCLTD.BO
2024-11-25,325.39357117962044,342.5712106838236,325.39357117962044,337.5160827636719,65619,GMDCLTD.BO
2024-11-26,337.66330715912824,339.6264659216813,334.5222411568731,335.55291748046875,18540,GMDCLTD.BO
2024-11-27,334.5713434300851,344.0926456069199,334.4731794993083,341.5896301269531,32057,GMDCLTD.BO
2024-11-28,348.06808397800853,350.4238687008784,335.11122306908214,340.1663513183594,49272,GMDCLTD.BO
2024-11-29,342.27675556291763,343.55279682610103,336.58357695654337,338.9393615722656,44637,GMDCLTD.BO
2024-12-02,340.75529780539915,346.4975435407146,335.25844693094825,342.2767639160156,73473,GMDCLTD.BO
2024-12-03,345.5650373856331,355.9697856670148,345.5650373856331,349.68768310546875,47955,GMDCLTD.BO
2024-12-04,350.6692342488464,358.1292435437558,347.47910125707944,349.98211669921875,40886,GMDCLTD.BO
2024-12-05,352.2397775225482,354.3992342528432,347.38094745738823,351.1600341796875,33714,GMDCLTD.BO
2024-12-06,356.2642501019728,359.6506810101427,350.7673995497335,357.88385009765625,46929,GMDCLTD.BO
2024-12-09,359.89609727710047,361.9574201013052,354.35017940765067,355.626220703125,24821,GMDCLTD.BO
2024-12-10,354.5464897969817,361.22121770722754,353.3685825396791,359.5525207519531,60046,GMDCLTD.BO
2024-12-11,358.3255600439356,367.5033337338132,355.1845238315089,362.9389953613281,68947,GMDCLTD.BO
2024-12-12,359.0617502879312,363.2825598898412,351.4054425716145,354.5465087890625,59136,GMDCLTD.BO
2024-12-13,354.64463956949555,355.5280850295376,345.5159627627639,351.7980651855469,29491,GMDCLTD.BO
2024-12-16,351.8962213220731,355.9697699153297,347.47911394146126,348.460693359375,40295,GMDCLTD.BO
2024-12-17,347.577273513509,352.38700660985637,345.41778683902186,347.3318786621094,65770,GMDCLTD.BO
2024-12-18,347.1355450710266,347.1355450710266,336.73079755227747,338.30133056640625,46655,GMDCLTD.BO
2024-12-19,332.6572725030157,336.73082126480864,330.25242080288626,333.8842468261719,27955,GMDCLTD.BO
2024-12-20,333.1480536916403,336.73081263232257,319.01331584232724,320.19122314453125,51429,GMDCLTD.BO
2024-12-23,322.8905494828043,324.8046113032145,313.36921750137543,320.0439453125,102338,GMDCLTD.BO
2024-12-24,320.04395892990016,327.11134275861866,317.9335691612525,323.430419921875,37543,GMDCLTD.BO
2024-12-26,329.12358365649914,329.12358365649914,316.8047733145865,319.74951171875,23000,GMDCLTD.BO
2024-12-27,320.3875053227487,323.9211971003835,318.52251048204374,321.9580383300781,29826,GMDCLTD.BO
2024-12-30,319.06237950808656,319.70043009746615,307.7742161420261,311.9950256347656,51971,GMDCLTD.BO
2024-12-31,309.29568394323303,317.05015543809486,308.21594058068666,315.82318115234375,35483,GMDCLTD.BO
2025-01-01,314.105404329868,319.79855280117664,314.105404329868,317.8844909667969,38081,GMDCLTD.BO
2025-01-02,317.0992070117234,322.84145238096755,317.0992070117234,320.5838317871094,37212,GMDCLTD.BO
2025-01-03,323.675815107701,329.025434951394,316.6575282162388,320.4366149902344,35000,GMDCLTD.BO
2025-01-06,316.3630388946812,320.28935662197694,297.7130296900266,303.30804443359375,58946,GMDCLTD.BO
2025-01-07,305.7619898950867,311.99502521469145,304.2896207623656,309.54107666015625,50524,GMDCLTD.BO
2025-01-08,310.9643581390733,311.3570138838715,303.30805040235003,308.2650146484375,39203,GMDCLTD.BO
2025-01-09,308.5595122047807,310.62083508165847,304.28963552169705,305.3202819824219,39133,GMDCLTD.BO
2025-01-10,309.6882982811573,309.6882982811573,290.00764344704487,292.3143310546875,66924,GMDCLTD.BO
2025-01-13,291.57814731763955,293.0014494226334,274.10604606790747,276.8053894042969,98260,GMDCLTD.BO
2025-01-14,276.90355161684664,288.2407815771703,276.90355161684664,287.40643310546875,25917,GMDCLTD.BO
2025-01-15,289.81131229237616,294.32658343687336,286.2285535421668,287.1119689941406,33863,GMDCLTD.BO
2025-01-16,287.6518402923905,330.6941043358202,287.6518402923905,320.7310791015625,855990,GMDCLTD.BO
2025-01-17,315.9213508853927,328.8781816075063,312.24042796057165,321.3200378417969,248608,GMDCLTD.BO
2025-01-20,319.94580977657137,324.01935819826974,317.14830256224946,319.2096252441406,68251,GMDCLTD.BO
2025-01-21,316.80475271367743,325.7861982712526,311.0134402198341,312.4858093261719,71218,GMDCLTD.BO
2025-01-22,312.4367208070587,312.4367208070587,300.85409550706515,306.3018493652344,37949,GMDCLTD.BO
2025-01-23,306.301850114233,309.9827729883285,304.3386912480487,305.7619934082031,17522,GMDCLTD.BO
2025-01-24,309.0502739539914,309.19750486998726,295.89711624584527,296.63330078125,64366,GMDCLTD.BO
2025-01-27,290.64567772711933,292.5597396589129,282.7439452740418,284.2654113769531,48229,GMDCLTD.BO
2025-01-28,284.70708825411907,288.78066666073016,270.2287923448439,280.0445861816406,74929,GMDCLTD.BO
2025-01-29,285.44327580613964,322.35066701331993,281.5660551729171,315.7250061035156,183989,GMDCLTD.BO
2025-01-30,316.01950162257987,316.01950162257987,305.22212816072397,308.9521179199219,84667,GMDCLTD.BO
2025-01-31,310.2281795535985,326.37517381946986,305.9092358760957,316.2158203125,109237,GMDCLTD.BO
2025-02-01,316.2157913927634,330.3996254211748,311.3078944909498,314.59619140625,168723,GMDCLTD.BO
2025-02-03,313.9581858775215,313.9581858775215,298.3019820266978,301.933837890625,54875,GMDCLTD.BO
2025-02-04,301.3448701144308,312.8293608599197,301.3448701144308,311.0625,116415,GMDCLTD.BO
2025-02-05,312.73121892510613,314.3017520370154,307.77422472674976,308.8049011230469,28519,GMDCLTD.BO
2025-02-06,306.30185725964145,312.04410306827094,305.173046876338,307.185302734375,30894,GMDCLTD.BO
2025-02-07,309.19752198053635,309.19752198053635,301.0504246533788,302.2283020019531,24642,GMDCLTD.BO
2025-02-10,300.41238457137405,303.3080559877324,288.1426412061745,288.97698974609375,22124,GMDCLTD.BO
2025-02-11,290.5474953939511,291.67630568564664,275.8238047489874,276.7563171386719,57625,GMDCLTD.BO
2025-02-12,282.30223694768387,282.30223694768387,263.0632750221435,277.05078125,102340,GMDCLTD.BO
2025-02-13,277.3452616122457,282.9893434496829,271.65211278448,272.5846252441406,58175,GMDCLTD.BO
2025-02-14,278.03236961044144,278.03236961044144,260.7565658959889,264.87921142578125,66029,GMDCLTD.BO
2025-02-17,264.73196700009385,264.73196700009385,252.364060997048,257.95904541015625,98284,GMDCLTD.BO
2025-02-18,257.9590539563626,261.39458185128217,246.67090585076838,250.5481414794922,54227,GMDCLTD.BO
2025-02-19,249.026709731554,263.45592501385244,249.026709731554,260.1185607910156,1047046,GMDCLTD.BO
2025-02-20,261.1001319216009,268.70737260728663,259.3333009058061,265.76263427734375,65895,GMDCLTD.BO
2025-02-21,265.615409852153,273.8116043954925,261.44369711597585,262.2780456542969,53136,GMDCLTD.BO
2025-02-24,260.1676057719598,261.19828210643703,254.52352427003092,256.92840576171875,74089,GMDCLTD.BO
2025-02-25,258.40077620588124,260.8547246978649,250.54814103153348,251.0880126953125,59770,GMDCLTD.BO
2025-02-27,251.4315566731049,252.41313607058368,243.6770854241077,246.3273468017578,38241,GMDCLTD.BO
2025-02-28,245.3948526681971,245.8856423735335,233.81221262671556,237.1005096435547,74369,GMDCLTD.BO
2025-03-03,237.78761836460657,241.66485414115962,222.03326542168747,233.61590576171875,119139,GMDCLTD.BO
2025-03-04,233.2232739669398,242.94090414151515,229.64050013135622,237.1005096435547,67069,GMDCLTD.BO
2025-03-05,237.49313424215956,246.03287207723488,237.29682135653854,244.16787719726562,83725,GMDCLTD.BO
2025-03-06,250.30275809780989,257.2719781378932,248.33959921076823,253.1002655029297,94672,GMDCLTD.BO
2025-03-07,255.16158587683955,259.9713191128512,253.34565793266648,257.0265808105469,80266,GMDCLTD.BO
2025-03-10,257.124746646788,258.9406446489648,248.1432857717031,249.41934204101562,77816,GMDCLTD.BO
2025-03-11,247.99603434268965,250.9898545676723,244.21696256428683,249.37025451660156,52027,GMDCLTD.BO
2025-03-12,251.77512066453707,253.2474897912303,245.8856441577643,246.9163055419922,612664,GMDCLTD.BO
2025-03-13,247.3580216995716,250.30276005313794,244.70776017690466,245.49302673339844,70219,GMDCLTD.BO
2025-03-17,246.13104493857153,249.0267012952473,240.97775287106407,242.20472717285156,32219,GMDCLTD.BO
2025-03-18,243.33352983587963,248.97761144541997,243.33352983587963,247.30892944335938,80287,GMDCLTD.BO
2025-03-19,247.50524165363433,260.0203791014637,247.50524165363433,258.59710693359375,113963,GMDCLTD.BO
2025-03-20,260.1185610762266,268.95277635806076,259.72593527700855,262.572509765625,77401,GMDCLTD.BO
2025-03-21,263.01421712946905,274.4496113621793,261.4927510577682,266.79327392578125,183155,GMDCLTD.BO
2025-03-24,266.7932793903242,274.0569911992446,264.1920998694997,269.836181640625,140287,GMDCLTD.BO
2025-03-25,271.84843254538936,273.075406821266,259.87315163066313,260.8056640625,98455,GMDCLTD.BO
2025-03-26,262.376166304158,265.02644271346327,253.00209484961167,255.89776611328125,151555,GMDCLTD.BO
2025-03-27,254.22905912217615,263.0142065450547,254.0818282064337,260.7074890136719,86931,GMDCLTD.BO
2025-03-28,263.9466920208387,267.13682503883336,259.3332868603789,260.46209716796875,58168,GMDCLTD.BO
2025-04-01,258.3026239600119,270.4251360498853,258.3026239600119,269.29632568359375,113451,GMDCLTD.BO
2025-04-02,268.5110260422516,277.24710644386965,262.719713720984,273.7624816894531,87076,GMDCLTD.BO
2025-04-03,270.7686928341554,284.7071028223695,270.7686928341554,282.8912048339844,225630,GMDCLTD.BO
2025-04-04,284.65802171736436,284.65802171736436,266.498803090567,267.5294494628906,44836,GMDCLTD.BO
2025-04-07,247.01445588206747,260.1185471741923,247.01445588206747,256.7320861816406,44343,GMDCLTD.BO
2025-04-08,259.5786823633124,266.5478720866485,256.83024209069146,262.37615966796875,18977,GMDCLTD.BO
2025-04-09,264.9773844119497,268.9037022105017,256.4866982082389,264.1430358886719,38578,GMDCLTD.BO
2025-04-11,270.71958509287623,271.4557696389469,266.8423644568264,270.8177490234375,37726,GMDCLTD.BO
2025-04-15,273.0754194407781,282.3513274218125,273.0754194407781,281.6151428222656,22837,GMDCLTD.BO
2025-04-16,280.7317148029454,319.70042985391655,280.7317148029454,309.0011901855469,634827,GMDCLTD.BO
2025-04-17,305.3202789737026,316.5103087792182,305.3202789737026,314.00726318359375,100771,GMDCLTD.BO
2025-04-21,315.08700143552005,324.6574010118326,310.6698939387604,322.3997802734375,143077,GMDCLTD.BO
2025-04-22,324.85373150605074,329.81069575471696,317.19739380991683,325.148193359375,148232,GMDCLTD.BO
2025-04-23,325.8353044851796,326.91501789620577,313.6146285727107,317.7372741699219,90612,GMDCLTD.BO
2025-04-24,321.2218765856378,322.9396406315503,317.540953630111,318.6206970214844,55265,GMDCLTD.BO
2025-04-25,318.62068718057293,319.11147689281796,298.25291412240324,303.0135803222656,106930,GMDCLTD.BO
2025-04-28,305.3202783311967,311.3570159603105,301.8847502292941,309.099365234375,56943,GMDCLTD.BO
2025-04-29,310.17908777160864,314.10540533833785,306.59632898305335,307.82330322265625,18000,GMDCLTD.BO
2025-04-30,307.2343667790479,308.41227409711297,295.94620314339596,298.44921875,48382,GMDCLTD.BO
2025-05-02,299.62711909463883,308.7557957531893,296.8296117459131,300.0197448730469,53788,GMDCLTD.BO
2025-05-05,300.068852495997,304.2896321860845,299.62712975742676,303.1117248535156,27183,GMDCLTD.BO
2025-05-06,303.11171842945623,303.3080462991994,289.271472319951,290.2530517578125,53938,GMDCLTD.BO
2025-05-07,285.6886870046055,302.1792397415722,285.6886870046055,300.3633117675781,39001,GMDCLTD.BO
2025-05-08,304.5350029748696,306.9889514275277,292.5597225437279,296.0934143066406,17407,GMDCLTD.BO
2025-05-09,290.5475145525648,290.5475145525648,283.676458465173,289.1733093261719,55034,GMDCLTD.BO
2025-05-12,301.2958245096835,310.22817355071805,300.8541017744993,308.2650146484375,51439,GMDCLTD.BO
2025-05-13,306.74356168760056,312.28947929182715,303.111705935049,305.663818359375,56983,GMDCLTD.BO
2025-05-14,309.83553222694275,313.86001376592566,306.98895795244175,313.0256652832031,49177,GMDCLTD.BO
2025-05-15,314.15449537354584,327.3567511424203,314.15449537354584,323.82305908203125,177966,GMDCLTD.BO
2025-05-16,326.5714795358447,350.42384705939793,322.7432958977456,347.8717346191406,215389,GMDCLTD.BO
2025-05-19,349.4913469459734,360.288720764846,347.47912108008165,349.8840026855469,133772,GMDCLTD.BO
2025-05-20,351.2581902137344,355.8715953670584,345.02515510482385,347.8226623535156,85580,GMDCLTD.BO
2025-05-21,347.87173717838806,356.31332610191544,339.7737070397082,345.1723937988281,123099,GMDCLTD.BO
2025-05-22,341.14791416397355,348.1171340110152,336.1418831050222,340.5589904785156,20944,GMDCLTD.BO
2025-05-23,336.63266041132823,352.1906696226757,336.63266041132823,348.06805419921875,108423,GMDCLTD.BO
2025-05-26,349.0987241317846,356.5096669255884,348.55886741841897,355.08636474609375,138177,GMDCLTD.BO
2025-05-27,355.0372869480128,356.2642612186993,348.5097598636195,351.994384765625,54227,GMDCLTD.BO
2025-05-28,351.4544886229218,353.4176474030089,344.976088612975,350.276611328125,66186,GMDCLTD.BO
2025-05-29,350.66926351330943,362.44821708128626,348.6570375942846,357.0495300292969,143718,GMDCLTD.BO
2025-05-30,356.75505798677875,358.276494130367,347.9699100526441,350.4238586425781,39372,GMDCLTD.BO
2025-06-02,346.7919917650182,362.6935901063861,346.7919917650182,356.3133239746094,68386,GMDCLTD.BO
2025-06-03,359.0126751647795,368.4358436482282,354.05571104419664,359.65069580078125,108358,GMDCLTD.BO
2025-06-04,362.8408323652518,367.3561037599329,353.4667607377837,361.8592529296875,81966,GMDCLTD.BO
2025-06-05,365.98190759691494,378.693343628742,364.1659796051031,375.0124206542969,192020,GMDCLTD.BO
2025-06-06,380.85280488463906,405.98124336295814,378.4479233870889,393.56427001953125,623027,GMDCLTD.BO
2025-06-09,398.0795208945075,412.0670275977319,394.59492594359415,406.7174377441406,247126,GMDCLTD.BO
2025-06-10,409.2695619985013,414.2265262187106,398.52125508245615,403.28192138671875,274395,GMDCLTD.BO
2025-06-11,403.77270640377327,412.9504801081409,398.57031742726616,405.14691162109375,303447,GMDCLTD.BO
2025-06-12,403.96898664972485,406.22663722376603,393.80966391052976,397.0979309082031,81214,GMDCLTD.BO
2025-06-13,381.8834526650339,409.6621675911641,381.8834526650339,400.9261169433594,263508,GMDCLTD.BO
2025-06-16,403.33097097952316,408.23886799790483,387.72386445215454,406.6683349609375,108778,GMDCLTD.BO
2025-06-17,405.83401210810615,408.3370275786415,385.12268092012357,390.5704345703125,126002,GMDCLTD.BO
2025-06-18,393.71150315962694,397.19609804593904,385.9570318940892,387.87109375,54548,GMDCLTD.BO
2025-06-19,385.8588761766446,393.3679527521315,373.88359526477717,376.2393798828125,193537,GMDCLTD.BO
2025-06-20,375.9449068679619,385.7607007809635,375.9449068679619,382.6687316894531,25482,GMDCLTD.BO
2025-06-23,381.83440722784104,389.0980891891617,378.64427400550045,386.1533508300781,65926,GMDCLTD.BO
2025-06-24,388.99989928198585,400.4843900978443,387.72385806041297,390.2759704589844,97080,GMDCLTD.BO
2025-06-25,392.1900516200602,403.82177392621617,392.1900516200602,396.16546630859375,145207,GMDCLTD.BO
2025-06-26,398.4721913506888,400.77887910334636,393.0244074074968,397.04888916015625,56411,GMDCLTD.BO
2025-06-27,393.9569048939123,410.39836012406636,393.9569048939123,404.26348876953125,125551,GMDCLTD.BO
2025-06-30,405.63768810219045,418.1528254846537,402.69294989455204,404.2143859863281,143103,GMDCLTD.BO
2025-07-01,404.6561069624753,420.11598248620845,401.367809986977,412.36151123046875,387844,GMDCLTD.BO
2025-07-02,415.3062550339813,417.1712499249133,403.28190724202796,409.4167785644531,72458,GMDCLTD.BO
2025-07-03,411.3799377086141,411.3799377086141,397.9322877771948,400.4353332519531,54388,GMDCLTD.BO
2025-07-04,400.58255906159104,404.60704059197803,395.03664144363836,399.84637451171875,72370,GMDCLTD.BO
2025-07-07,396.9998098080181,399.40466142228416,388.36189290815196,389.5888671875,85675,GMDCLTD.BO
2025-07-08,389.5397987439062,396.41085468259774,380.9018818762951,382.76690673828125,84104,GMDCLTD.BO
2025-07-09,382.76690807978076,388.2146618966657,380.5092574330422,384.14111328125,77841,GMDCLTD.BO
2025-07-10,384.1411033096773,386.1533290929422,377.90806814273145,379.9693908691406,86924,GMDCLTD.BO
2025-07-11,381.44176156712973,381.5399254984044,371.0860809038914,372.3621520996094,66228,GMDCLTD.BO
2025-07-14,372.2639907210681,375.94491350341224,367.6505555183596,369.6628112792969,49725,GMDCLTD.BO
2025-07-15,370.889780654496,376.77925702866685,368.6812270141819,374.5216064453125,93748,GMDCLTD.BO
2025-07-16,374.5216148628902,375.5522912247907,370.4480662702853,371.8713684082031,32196,GMDCLTD.BO
2025-07-17,372.4603271484375,375.79769122340906,370.1045125492322,372.4603271484375,32271,GMDCLTD.BO
2025-07-18,371.08608402610355,434.3488889926234,368.092278807308,427.3796691894531,3497515,GMDCLTD.BO
2025-07-21,421.5883616876165,434.20166324956534,415.1590284566233,427.9686279296875,1469381,GMDCLTD.BO
2025-07-22,426.93796970752413,459.37915672023354,422.520862431368,449.3670349121094,2003754,GMDCLTD.BO
2025-07-23,453.48970582588066,463.6981261131267,441.02363483074714,449.3179931640625,817476,GMDCLTD.BO
2025-07-24,448.97443442439084,452.85168523393645,442.986793788499,443.8702392578125,191589,GMDCLTD.BO
2025-07-25,446.3732469880149,446.6186418461721,424.2877097538635,426.1036376953125,130289,GMDCLTD.BO
2025-07-28,406.7174422140796,434.49612806009935,396.9998118624411,401.8586120605469,234953,GMDCLTD.BO
2025-07-29,401.80953814547485,407.60085068305915,390.86493369678624,403.42913818359375,113498,GMDCLTD.BO
2025-07-30,403.9690019678361,409.46585276057385,393.9078128219545,395.8709716796875,48568,GMDCLTD.BO
2025-07-31,388.99990782164406,399.6991473445558,383.99387679986484,387.0858459472656,138934,GMDCLTD.BO
2025-08-01,387.0858636537436,392.19005884099374,372.95112550804134,374.71795654296875,136937,GMDCLTD.BO
2025-08-04,375.3069115900965,416.1406230157808,375.3069115900965,401.41693115234375,2021160,GMDCLTD.BO
2025-08-05,400.92613595668126,410.20204373090706,397.98139762414723,403.82177734375,250287,GMDCLTD.BO
2025-08-06,405.39231131119436,406.61928561903693,387.72388127826093,388.8526916503906,143596,GMDCLTD.BO
2025-08-07,385.0245371408745,412.8523203861188,382.914147326089,406.81561279296875,514767,GMDCLTD.BO
2025-08-08,406.7665070022847,411.23271135131256,392.72993323202974,395.5765075683594,141668,GMDCLTD.BO
2025-08-11,395.5274400869156,413.63756245001036,392.1409790987606,410.54559326171875,190227,GMDCLTD.BO
2025-08-12,410.3492645463003,419.8215299135832,401.4659827775257,405.6376953125,131373,GMDCLTD.BO
2025-08-13,406.9137347374378,411.9197957478694,404.16532435604574,407.79718017578125,97087,GMDCLTD.BO
2025-08-14,410.9873290922473,432.2385182657979,406.6192885427492,416.9258728027344,554129,GMDCLTD.BO
2025-08-18,425.3183485190942,431.5513837951622,418.152830772072,428.2140197753906,161153,GMDCLTD.BO
2025-08-19,427.96862451817873,438.2261413769891,417.95650251287645,419.7724304199219,311663,GMDCLTD.BO
2025-08-20,418.8399383677796,422.52086108619073,410.25111869148697,412.0670166015625,124463,GMDCLTD.BO
2025-08-21,412.50875079979556,443.67389735040473,412.50875079979556,420.6067810058594,426968,GMDCLTD.BO
2025-08-22,420.7540105751506,428.55757891262635,417.36757956402874,419.2325744628906,180161,GMDCLTD.BO
2025-08-25,422.4717677104191,422.4717677104191,411.5271633930197,414.27557373046875,62474,GMDCLTD.BO
2025-08-26,412.6559940887555,415.2081066455108,399.7972973244875,402.2021789550781,168140,GMDCLTD.BO
2025-08-28,402.9383472873243,413.2449310790829,396.2636192900702,407.502685546875,145277,GMDCLTD.BO
2025-08-29,406.0303077752677,410.8400407844367,392.8280829825194,396.26361083984375,83370,GMDCLTD.BO
2025-09-01,396.5580750662375,427.6250568866534,393.6624038725687,423.50244140625,411994,GMDCLTD.BO
2025-09-02,424.9748082725652,436.6555970057108,420.55770102390653,431.6495361328125,301358,GMDCLTD.BO
2025-09-03,431.9440046963003,456.4344228053378,431.0115222358677,451.0357360839844,381570,GMDCLTD.BO
2025-09-04,455.7473035439103,466.1520511774173,444.70453529133994,446.6676940917969,220621,GMDCLTD.BO
2025-09-05,447.15849190171843,505.51340028581467,443.4775690841033,499.2803649902344,2028547,GMDCLTD.BO
2025-09-08,505.2679889516176,536.9239241506261,503.55022502609,529.0712890625,935754,GMDCLTD.BO
2025-09-09,527.991613969243,527.991613969243,505.4152864546256,513.0715942382812,369391,GMDCLTD.BO
2025-09-10,513.0715772842997,540.948396999889,509.0470656964278,512.92431640625,573299,GMDCLTD.BO
2025-09-11,515.2801335587424,558.3223675830334,480.09050501594714,504.7772216796875,3885109,GMDCLTD.BO
2025-09-12,510.27401579680617,566.4203682124429,507.1330097152229,558.4205322265625,2850595,GMDCLTD.BO
2025-09-15,555.5248746244723,570.101304781941,542.7152754086887,549.8317260742188,867386,GMDCLTD.BO
2025-09-16,550.8623839588403,552.0893582371205,533.9792059075343,537.4147338867188,309721,GMDCLTD.BO
2025-09-17,538.1018782242301,549.5863700222205,534.4209552063393,538.2000122070312,253388,GMDCLTD.BO
2025-09-18,548.25,559.7000122070312,537.0,551.8499755859375,414605,GMDCLTD.BO
2025-09-19,552.0499877929688,587.0,547.2999877929688,571.9500122070312,945470,GMDCLTD.BO
2025-09-22,572.0499877929688,588.2999877929688,560.6500244140625,565.5999755859375,263931,GMDCLTD.BO
2025-09-23,573.2000122070312,642.5,566.0,627.2999877929688,4046984,GMDCLTD.BO
2025-09-24,628.0,631.0999755859375,602.8499755859375,606.0,917036,GMDCLTD.BO
2025-09-25,605.9500122070312,619.7000122070312,594.7000122070312,602.6500244140625,431983,GMDCLTD.BO
2025-09-26,605.9000244140625,615.0499877929688,580.5,588.7000122070312,512252,GMDCLTD.BO
2025-09-29,591.0,622.75,587.0999755859375,603.1500244140625,513482,GMDCLTD.BO
