Date,Open,High,Low,Close,Volume,Stock
,PAGEIND.BO,PAGEIND.BO,PAGEIND.BO,PAGEIND.BO,PAGEIND.BO,
2020-01-01,21994.636011972943,22393.286421692555,21884.61393770492,22212.330078125,387,PAGEIND.BO
2020-01-02,22274.46934341579,22431.671302494604,22013.970327058116,22191.962890625,570,PAGEIND.BO
2020-01-03,22095.81805014475,22223.76249834246,21849.47831645158,21921.2578125,671,PAGEIND.BO
2020-01-06,21825.81818026506,21843.9757381228,21304.867886414984,21510.23828125,768,PAGEIND.BO
2020-01-07,21581.218491179916,21807.943585180543,21308.254281268,21498.853515625,826,PAGEIND.BO
2020-01-08,21324.569663575574,21637.657900696093,21158.854897037872,21461.640625,572,PAGEIND.BO
2020-01-09,21673.036864719194,22250.10433286977,21600.974402224972,22136.083984375,849,PAGEIND.BO
2020-01-10,22128.887388786326,22455.61502763769,22035.703579157842,22315.67578125,719,PAGEIND.BO
2020-01-13,22388.018829607234,22388.018829607234,21668.61431867427,21772.333984375,772,PAGEIND.BO
2020-01-14,21755.496559589676,22808.87382043187,21755.496559589676,22504.724609375,2198,PAGEIND.BO
2020-01-15,22326.72804924655,22927.69136277371,22326.72804924655,22852.712890625,17781,PAGEIND.BO
2020-01-16,22922.74826202773,24081.58677543013,22919.925958621916,23973.4921875,1738,PAGEIND.BO
2020-01-17,23924.811773195514,24422.336547587518,23798.794800912194,24302.294921875,2944,PAGEIND.BO
2020-01-20,24302.858370853046,24777.89841063759,23718.64147586215,23842.3046875,1587,PAGEIND.BO
2020-01-21,23919.021551601636,24098.566720520237,23697.51850587542,23792.48828125,449,PAGEIND.BO
2020-01-22,23850.440311749462,24201.581912781534,23813.79813886045,23913.51953125,489,PAGEIND.BO
2020-01-23,23956.658529590466,24441.38927011163,23857.971593096307,24314.150390625,406,PAGEIND.BO
2020-01-24,24289.82990279018,25298.19169236108,24274.11797509761,24620.697265625,3260,PAGEIND.BO
2020-01-27,24554.985111330032,25151.4320122374,24531.37220245668,24737.400390625,1372,PAGEIND.BO
2020-01-28,24831.28468128432,24964.59258941158,23566.234875838454,23656.265625,2149,PAGEIND.BO
2020-01-29,23622.68253889281,23823.771682369046,23237.908458510203,23562.05078125,1378,PAGEIND.BO
2020-01-30,23632.089208892397,23632.089208892397,22816.208262777272,22960.568359375,1130,PAGEIND.BO
2020-01-31,23001.774761114983,23261.239278466805,22688.875730420565,22984.982421875,1084,PAGEIND.BO
2020-02-03,22391.925884990145,23056.108126833835,22229.595623343535,22989.455078125,622,PAGEIND.BO
2020-02-04,23236.967042415214,23507.90819659398,22803.884908770047,23089.125,1797,PAGEIND.BO
2020-02-05,23283.82252169632,23556.974165771488,23081.36812876259,23226.716796875,995,PAGEIND.BO
2020-02-06,23660.314115129833,23660.314115129833,22484.35416904982,22616.296875,1032,PAGEIND.BO
2020-02-07,22689.11262550754,22782.577554300344,22296.200521820134,22344.1796875,520,PAGEIND.BO
2020-02-10,22390.275729236662,22968.84798022324,22185.00091109731,22515.916015625,1078,PAGEIND.BO
2020-02-11,22718.17881020407,22766.58057815262,22426.49302116906,22686.802734375,406,PAGEIND.BO
2020-02-12,23142.890191080118,23142.890191080118,22202.122297133774,22336.369140625,694,PAGEIND.BO
2020-02-13,22368.643099203542,22614.042090441966,22042.1028593927,22134.814453125,1323,PAGEIND.BO
2020-02-14,21167.279557474747,21406.98797383838,20367.62677419237,21094.322265625,9914,PAGEIND.BO
2020-02-17,21093.903772562127,21891.439983568707,21054.391509675337,21185.345703125,1769,PAGEIND.BO
2020-02-18,21457.686969498794,21599.214436774968,20976.7043263701,21525.880859375,1442,PAGEIND.BO
2020-02-19,21794.644053598386,21827.46805069776,21542.622516547264,21627.2265625,672,PAGEIND.BO
2020-02-20,21648.734758478982,22369.431404701256,21566.39290214572,21744.705078125,940,PAGEIND.BO
2020-02-24,21744.938768765263,22030.82145746795,21646.374666254433,21724.236328125,1140,PAGEIND.BO
2020-02-25,21886.235384125033,21966.123464179225,21318.94822284368,21391.48046875,384,PAGEIND.BO
2020-02-26,21034.336483017298,21105.218127013537,20623.809867083768,20885.97265625,31170,PAGEIND.BO
2020-02-27,20986.136330857335,21032.259039364682,20750.572845525578,20870.642578125,799,PAGEIND.BO
2020-02-28,20750.340918366644,21096.542229516206,19786.816964895675,20898.375,1095,PAGEIND.BO
2020-03-02,20898.418161937137,21356.67010491374,20213.704963500117,20370.0859375,1132,PAGEIND.BO
2020-03-03,20645.83506381132,21019.153318451506,20545.856142933782,20925.021484375,954,PAGEIND.BO
2020-03-04,20809.947379958794,20987.080548044698,20540.38272999267,20890.119140625,745,PAGEIND.BO
2020-03-05,21004.999759521073,21221.32164949719,20803.815077937692,20913.0859375,376,PAGEIND.BO
2020-03-06,20284.777606494106,21130.96738362392,20284.777606494106,20929.546875,788,PAGEIND.BO
2020-03-09,20547.413100122893,20689.50615402833,19981.352823394373,20379.759765625,789,PAGEIND.BO
2020-03-11,20401.358978637036,20544.960777273074,19618.505166696734,19830.205078125,751,PAGEIND.BO
2020-03-12,19448.726076526145,19448.726076526145,17905.467569635028,18312.880859375,1434,PAGEIND.BO
2020-03-13,17920.751820854344,19989.32570802279,16483.50678794881,18830.513671875,2576,PAGEIND.BO
2020-03-16,18821.5013847034,18821.5013847034,17461.976481267644,17807.140625,1194,PAGEIND.BO
2020-03-17,17949.704717261764,18580.987428021734,17578.038914144134,17832.654296875,1528,PAGEIND.BO
2020-03-18,18282.55909550576,18315.335202182127,16638.991720558995,17713.009765625,1777,PAGEIND.BO
2020-03-19,16788.911968579523,18392.20553327734,16444.457050906054,17090.876953125,6793,PAGEIND.BO
2020-03-20,17265.037203352524,17920.747173589123,16936.804570909942,17068.9921875,1991,PAGEIND.BO
2020-03-23,16977.550674298538,17816.430685497253,15555.257103432039,15772.0966796875,4883,PAGEIND.BO
2020-03-24,15941.919882184882,16462.564762966213,15267.298050701464,15947.0595703125,1445,PAGEIND.BO
2020-03-25,15845.712989267677,16050.622581346153,15537.994902199309,15687.255859375,1295,PAGEIND.BO
2020-03-26,15751.490739941491,17255.796661563414,15426.182505027315,16741.140625,2273,PAGEIND.BO
2020-03-27,17068.099048143828,17179.254486118934,16125.42120446484,16368.482421875,794,PAGEIND.BO
2020-03-30,16317.314219659776,16485.391251222878,15769.364453878874,15885.4716796875,398,PAGEIND.BO
2020-03-31,16171.114607084732,16247.513573732376,15780.724951050084,15966.2529296875,594,PAGEIND.BO
2020-04-01,15919.283162145419,15951.871363957962,15581.948297741385,15677.5888671875,513,PAGEIND.BO
2020-04-03,15562.753905900989,15792.752176249669,15430.140747114994,15566.8564453125,1230,PAGEIND.BO
2020-04-07,15845.712744577015,16120.748675921486,15374.538773940843,15751.1572265625,1868,PAGEIND.BO
2020-04-08,15853.590419549864,16643.14053338105,15709.281228548849,15791.5751953125,1687,PAGEIND.BO
2020-04-09,16141.072875871203,16340.275354862935,15902.302175540546,16225.630859375,14042,PAGEIND.BO
2020-04-13,16571.97478881216,16571.97478881216,15512.198784299828,15567.421875,949,PAGEIND.BO
2020-04-15,15656.650703136214,16098.584670867629,15600.05886793732,15862.69140625,6789,PAGEIND.BO
2020-04-16,16364.425982271758,16364.425982271758,15744.133724229012,15939.5634765625,580,PAGEIND.BO
2020-04-17,16505.9498695919,16694.58929667295,16017.751400742523,16137.8671875,1614,PAGEIND.BO
2020-04-20,16385.081169897363,16385.081169897363,15774.974382615137,16035.3447265625,21715,PAGEIND.BO
2020-04-21,16039.069470151797,16694.59156846144,15799.073663262228,16619.087890625,2033,PAGEIND.BO
2020-04-22,16515.38417994389,16553.112070703326,16179.370152867647,16476.619140625,362,PAGEIND.BO
2020-04-23,16610.268807404336,17385.482980914036,16609.751154235928,16655.919921875,2108,PAGEIND.BO
2020-04-24,16577.308124343526,16952.65280123693,16477.281300952323,16848.5234375,51001,PAGEIND.BO
2020-04-27,17119.02888262833,17824.39852795907,17018.436534559296,17404.67578125,1019,PAGEIND.BO
2020-04-28,17636.891288023115,17731.163105669828,16977.54858780025,16978.6796875,51158,PAGEIND.BO
2020-04-29,17155.8576283469,17316.24716820057,16883.367654574024,16950.994140625,372,PAGEIND.BO
2020-04-30,17232.211998527786,17543.46705925653,16952.977744295178,17147.84375,648,PAGEIND.BO
2020-05-04,17146.383671081312,17146.383671081312,16295.619708744807,16357.021484375,913,PAGEIND.BO
2020-05-05,16606.683533036707,16805.744176831944,16154.136824971049,16258.501953125,457,PAGEIND.BO
2020-05-06,16355.793427792958,16355.793427792958,15958.895341066724,16112.7783203125,392,PAGEIND.BO
2020-05-07,16264.49387351738,16266.238420046497,15991.01455943767,16072.26953125,174,PAGEIND.BO
2020-05-08,16170.506442742842,16179.324970250756,15896.837340801509,16005.1650390625,497,PAGEIND.BO
2020-05-11,16162.535035400986,16616.590585571495,16149.046577093117,16392.95703125,1794,PAGEIND.BO
2020-05-12,16348.854889079184,16423.50928904375,15915.975426710926,16049.8154296875,704,PAGEIND.BO
2020-05-13,16502.932746716986,16766.366607250115,16345.984371420023,16497.697265625,617,PAGEIND.BO
2020-05-14,16111.50708867611,16647.61891741408,16105.092610675747,16601.498046875,464,PAGEIND.BO
2020-05-15,16641.396979572666,16714.023178069387,16472.94229539208,16632.908203125,277,PAGEIND.BO
2020-05-18,16632.343934495726,17030.75090823625,16181.353702597775,16704.21484375,932,PAGEIND.BO
2020-05-19,16704.212632530212,17187.79100938327,16421.065530672066,16505.33984375,552,PAGEIND.BO
2020-05-20,16779.477856909656,17760.40292555418,16779.477856909656,17604.775390625,1095,PAGEIND.BO
2020-05-21,17646.418881432197,17855.854721724998,17090.35621580596,17316.251953125,1030,PAGEIND.BO
2020-05-22,17449.716856710213,17635.244884291682,16954.91588593001,17069.13671875,594,PAGEIND.BO
2020-05-26,17236.309266386284,17831.32464040475,17236.309266386284,17597.6015625,803,PAGEIND.BO
2020-05-27,17247.352965620732,17656.746630362275,17247.352965620732,17526.349609375,312,PAGEIND.BO
2020-05-28,17650.992320148645,17716.968227114372,17260.50868113285,17362.421875,564,PAGEIND.BO
2020-05-29,17237.63543302735,18180.125191666673,16933.73804607367,17783.462890625,979,PAGEIND.BO
2020-06-01,18052.750928299396,18610.748002092194,17946.547266030564,18385.51171875,1313,PAGEIND.BO
2020-06-02,18364.047710297396,19306.44347009194,18364.047710297396,19246.220703125,1008,PAGEIND.BO
2020-06-03,19241.22010608124,19806.99649649944,18722.46172086827,18871.72265625,1355,PAGEIND.BO
2020-06-04,18754.864866826738,18906.201978945344,18221.298891004048,18467.615234375,722,PAGEIND.BO
2020-06-05,18597.863116059147,18760.1869392896,18230.675814306433,18598.4765625,747,PAGEIND.BO
2020-06-08,18787.968897772615,18974.110340613646,18143.011751916747,18355.890625,917,PAGEIND.BO
2020-06-09,18512.83947379985,18618.099916474028,18109.386857737492,18152.490234375,394,PAGEIND.BO
2020-06-10,18188.612024146078,18383.098520180392,18051.37685252643,18266.42578125,245,PAGEIND.BO
2020-06-11,18185.739218667175,18380.03786219051,17473.201556269658,17675.611328125,347,PAGEIND.BO
2020-06-12,17332.190852039053,17662.12195243181,17232.211954002694,17527.384765625,873,PAGEIND.BO
2020-06-15,17592.985658615817,17592.985658615817,16671.575951490133,16754.53125,967,PAGEIND.BO
2020-06-16,17035.271943505435,17051.306295351736,16637.196684300983,16934.775390625,1024,PAGEIND.BO
2020-06-17,16809.517189778242,17213.347404305205,16707.038454466372,17083.845703125,1310,PAGEIND.BO
2020-06-18,17067.911541304653,17240.892463558557,16870.40564548349,17068.712890625,691,PAGEIND.BO
2020-06-22,17071.87059062909,18359.286967716398,17027.776118247217,18270.390625,1889,PAGEIND.BO
2020-06-23,18299.48483924823,18420.63775932308,17742.055401677317,18080.615234375,3509,PAGEIND.BO
2020-06-24,17919.803231822796,19973.756940318086,17919.803231822796,19592.611328125,7242,PAGEIND.BO
2020-06-25,19594.92283978117,19704.993221820594,19023.53320970305,19124.880859375,1840,PAGEIND.BO
2020-06-26,19171.147098112702,19495.135412479125,18845.697933052066,18974.396484375,1028,PAGEIND.BO
2020-06-29,19033.722018284967,19052.585964784754,18718.694111738525,18956.427734375,659,PAGEIND.BO
2020-06-30,18958.259634883663,19176.657636356184,18701.61610050149,18778.81640625,596,PAGEIND.BO
2020-07-01,18858.619864967677,19184.82433978553,18813.346386649882,19093.240234375,485,PAGEIND.BO
2020-07-02,19199.961565981703,19260.090398641514,18967.699212374187,19121.48828125,418,PAGEIND.BO
2020-07-06,19759.932791903273,19765.216169794738,19324.7891464637,19378.26953125,731,PAGEIND.BO
2020-07-07,19580.774319217202,19580.774319217202,19169.210580033654,19408.546875,940,PAGEIND.BO
2020-07-08,19499.66085508449,19611.61763700325,18863.945878963423,18918.69921875,861,PAGEIND.BO
2020-07-09,19138.889882865173,19194.0669303061,18769.628103837415,18851.828125,18327,PAGEIND.BO
2020-07-10,18920.29777152364,19078.80277891342,18719.58469447817,18755.23828125,746,PAGEIND.BO
2020-07-13,18762.07705829731,18964.01519268526,18580.983211766386,18782.685546875,341,PAGEIND.BO
2020-07-14,18758.3075500784,18785.70816800165,18186.400246401503,18390.130859375,666,PAGEIND.BO
2020-07-15,18581.9312849791,19064.093041019274,18238.937194813647,18358.44140625,534,PAGEIND.BO
2020-07-16,18693.2295378644,18693.2295378644,18068.173348820696,18158.908203125,536,PAGEIND.BO
2020-07-17,17939.61537249304,18539.818697131508,17939.61537249304,18294.3515625,521,PAGEIND.BO
2020-07-20,18203.704790299496,18446.058558393957,17967.905505451057,18058.830078125,549,PAGEIND.BO
2020-07-21,18356.458466064625,18360.562848179485,18076.800458841764,18120.70703125,687,PAGEIND.BO
2020-07-22,18183.90349344239,18203.71063973433,17807.755616511047,18074.3046875,496,PAGEIND.BO
2020-07-23,17736.827161324734,18731.900421372466,17736.827161324734,18503.033203125,1507,PAGEIND.BO
2020-07-24,18287.17840171966,18750.75981257894,18244.168979036658,18332.07421875,1010,PAGEIND.BO
2020-07-27,18310.286438774798,18439.504449495045,18017.093970478425,18058.123046875,1331,PAGEIND.BO
2020-07-28,18132.401570140857,18236.86066551386,17975.45317940134,18143.05859375,173,PAGEIND.BO
2020-07-29,18274.44534519826,18302.74126057147,17942.439938152595,18012.142578125,237,PAGEIND.BO
2020-07-30,18208.235439889242,18958.265173978965,18062.227765258565,18490.015625,1251,PAGEIND.BO
2020-07-31,18491.379048500658,18932.74739225766,18487.60626012045,18682.66015625,1144,PAGEIND.BO
2020-08-03,18705.4858534694,19052.58240419937,18467.80017199127,18529.86328125,877,PAGEIND.BO
2020-08-04,18675.209372118105,18769.57514042036,18063.875778981786,18412.19921875,690,PAGEIND.BO
2020-08-05,18625.312777564617,18690.535224218864,18406.303152005043,18484.728515625,318,PAGEIND.BO
2020-08-06,18722.41737254266,18722.41737254266,18163.197201041265,18263.505859375,333,PAGEIND.BO
2020-08-07,18206.528624157923,18373.474465036335,17909.279771242385,17939.416015625,1043,PAGEIND.BO
2020-08-10,18015.0672655918,18101.889308317925,17658.06711061659,17693.720703125,1486,PAGEIND.BO
2020-08-11,17858.684911942575,17911.31605618432,17590.62898619471,17825.626953125,748,PAGEIND.BO
2020-08-12,17850.008082799926,18034.968696399803,17769.836315981538,17931.123046875,430,PAGEIND.BO
2020-08-13,18032.895136913638,18234.833309393824,17810.772173878297,17929.708984375,746,PAGEIND.BO
2020-08-14,18062.224747472665,18239.16815776349,17687.255997630844,17878.537109375,3348,PAGEIND.BO
2020-08-17,17975.218370745602,18359.00572112149,17723.100995208635,18222.759765625,1608,PAGEIND.BO
2020-08-18,18241.716150954613,18542.500241318794,17750.875997122548,18008.0390625,1423,PAGEIND.BO
2020-08-19,18118.252146368828,18170.83538877201,17732.106855244292,17856.892578125,1531,PAGEIND.BO
2020-08-20,18014.123431854423,18047.46508463986,17751.06536274551,17915.701171875,883,PAGEIND.BO
2020-08-21,18152.773687680467,19340.0710845373,17912.588147282717,19151.431640625,13608,PAGEIND.BO
2020-08-24,19194.063975550143,20020.72846577169,19194.063975550143,19666.935546875,2056,PAGEIND.BO
2020-08-25,19722.25356236973,19854.301171108695,19095.027420859642,19231.791015625,1458,PAGEIND.BO
2020-08-26,19335.496616297143,19449.577434233375,18975.762642371137,19049.33203125,3025,PAGEIND.BO
2020-08-27,19175.197927603414,19196.84356517425,18846.729522375284,18945.953125,770,PAGEIND.BO
2020-08-28,19474.573650032482,19474.573650032482,18836.830383005818,18967.79296875,15879,PAGEIND.BO
2020-08-31,19401.56675423489,19401.56675423489,17791.293305466414,17901.17578125,1439,PAGEIND.BO
2020-09-01,18043.64318695823,18310.096352467877,17766.247461969,18066.419921875,1495,PAGEIND.BO
2020-09-02,18314.010172195416,18956.752940535247,18184.840066376746,18543.7265625,1886,PAGEIND.BO
2020-09-03,18854.511713894295,18854.511713894295,17858.165736709274,18057.83984375,4140,PAGEIND.BO
2020-09-04,18020.112473695266,18170.506374356475,17354.828689096135,17420.900390625,3253,PAGEIND.BO
2020-09-07,17420.89924775032,17554.973248804312,16896.99928575875,17283.6640625,1987,PAGEIND.BO
2020-09-08,17195.479250601253,17519.89125105264,17016.69545119064,17102.478515625,2590,PAGEIND.BO
2020-09-09,17260.510666001024,17518.75882475103,16899.73769716248,17476.03125,1368,PAGEIND.BO
2020-09-10,17524.6062342501,17671.55711381925,17275.9318919891,17432.125,3891,PAGEIND.BO
2020-09-11,17434.008445431955,17698.623146100115,17346.48085410876,17395.1015625,700,PAGEIND.BO
2020-09-14,17395.101395546906,18607.817134932062,17395.101395546906,18040.154296875,4564,PAGEIND.BO
2020-09-15,18203.663446851137,18286.570873686735,17760.408528494947,17804.974609375,480,PAGEIND.BO
2020-09-16,17901.882560170743,18011.57712959085,17695.32237678416,17777.05078125,2190,PAGEIND.BO
2020-09-17,17756.441068954227,18147.064682245218,17639.106978853386,17930.4609375,1481,PAGEIND.BO
2020-09-18,17938.669024598195,18085.619897336906,17516.11664418808,17600.720703125,855,PAGEIND.BO
2020-09-21,17920.748915265944,17920.748915265944,17139.49784541858,17240.939453125,556,PAGEIND.BO
2020-09-22,17315.590606576814,17449.146952109008,16694.58924607186,17342.423828125,1886,PAGEIND.BO
2020-09-23,17443.913679405814,18382.914440454908,17407.742433230058,18241.8125,3840,PAGEIND.BO
2020-09-24,18296.802012919878,18391.31149433332,17584.358250715843,17823.552734375,1023,PAGEIND.BO
2020-09-25,17919.802174890847,18654.740637695704,17919.802174890847,18577.91796875,5430,PAGEIND.BO
2020-09-28,18769.624330548948,19542.29074199702,18651.72468023143,19444.765625,1284,PAGEIND.BO
2020-09-29,19524.185312413803,20368.346947902228,19350.259351145978,20283.365234375,1856,PAGEIND.BO
2020-09-30,20278.7412079913,21009.389338137986,19958.195985751645,20165.0859375,10219,PAGEIND.BO
2020-10-01,20608.860970382066,20608.860970382066,20125.66025753084,20207.388671875,3660,PAGEIND.BO
2020-10-05,20184.41895879398,20241.482386224216,19348.22679071005,19436.60546875,1214,PAGEIND.BO
2020-10-06,19797.711298410308,19797.711298410308,19282.206077966854,19471.458984375,7562,PAGEIND.BO
2020-10-07,19335.58980279716,20204.60414339267,19279.84537653215,20043.26953125,1056,PAGEIND.BO
2020-10-08,20043.88221156864,20223.74916740428,19507.015141993474,19662.546875,1790,PAGEIND.BO
2020-10-09,19761.7266874357,19910.987650386072,19618.644403268598,19747.296875,1078,PAGEIND.BO
2020-10-12,19825.34869590166,19844.6842414793,19434.345499555042,19702.873046875,360,PAGEIND.BO
2020-10-13,19573.794797627248,20131.74386533503,19353.086642077636,19516.259765625,4022,PAGEIND.BO
2020-10-14,19599.63693622446,19692.63580753358,18929.873003004785,19508.4765625,692,PAGEIND.BO
2020-10-15,19508.14440840401,19646.79437349782,18882.710818651853,18975.33203125,1179,PAGEIND.BO
2020-10-16,19212.831526283593,19558.419322063022,19045.791683523315,19480.509765625,777,PAGEIND.BO
2020-10-19,19477.026979182414,19777.906960119904,19287.492192013437,19667.9765625,493,PAGEIND.BO
2020-10-20,19382.704142571445,19572.098893645212,19354.973774047823,19439.767578125,462,PAGEIND.BO
2020-10-21,19464.89978688843,19712.818768369096,18971.513767873403,19030.0859375,752,PAGEIND.BO
2020-10-22,19227.072806131502,19439.00845677595,19116.011348053406,19359.498046875,370,PAGEIND.BO
2020-10-23,19663.30554186587,19663.30554186587,19183.831566989804,19273.009765625,263,PAGEIND.BO
2020-10-26,19325.07347050899,19385.390194548065,18939.777414488577,19022.54296875,388,PAGEIND.BO
2020-10-27,19056.920374576435,19307.245261448992,18958.262323161933,19117.8984375,275,PAGEIND.BO
2020-10-28,19134.40267903098,19440.51801728041,19005.420482949427,19033.904296875,754,PAGEIND.BO
2020-10-29,19023.24844999962,19099.74136674067,18613.145612077064,18799.8046875,2140,PAGEIND.BO
2020-10-30,18944.6350287551,19116.720618945976,18628.144475240922,18924.40234375,1570,PAGEIND.BO
2020-11-02,19331.489196803366,19331.489196803366,18349.90445116158,18514.3984375,688,PAGEIND.BO
2020-11-03,18722.466465543464,18722.466465543464,18493.269520902304,18560.142578125,267,PAGEIND.BO
2020-11-04,18722.986364822376,19205.667595070565,18660.639548000046,19170.34375,727,PAGEIND.BO
2020-11-05,19289.139823423444,20217.57570490613,19244.337952268714,19845.484375,3171,PAGEIND.BO
2020-11-06,19870.711722765747,20543.682879686585,19870.711722765747,20359.4296875,2397,PAGEIND.BO
2020-11-09,20279.779045990243,20938.980005686797,20225.545201380915,20738.64453125,2556,PAGEIND.BO
2020-11-10,20823.53397598595,21023.86946666195,20458.32868964259,20821.08203125,2905,PAGEIND.BO
2020-11-11,21033.29752873712,21033.29752873712,20271.90159016882,20503.220703125,758,PAGEIND.BO
2020-11-12,20749.396326280574,21080.45856140601,20517.086106469273,20929.970703125,2267,PAGEIND.BO
2020-11-13,20656.018456615133,21023.299810759567,20529.582136449666,20679.740234375,5596,PAGEIND.BO
2020-11-14,20938.973955229012,20938.973955229012,20386.49629782922,20572.0703125,268,PAGEIND.BO
2020-11-17,20938.980597255253,21499.805357788526,20642.297142055017,21417.181640625,3797,PAGEIND.BO
2020-11-18,21417.185796947306,21608.135395415426,21078.71973990999,21155.306640625,2552,PAGEIND.BO
2020-11-19,21260.133005403433,21485.713636590914,20533.412790106035,20777.421875,2368,PAGEIND.BO
2020-11-20,20948.337413615685,21146.442831887118,20797.412464521687,20966.1015625,703,PAGEIND.BO
2020-11-23,20972.966991301495,21080.119950039818,20722.70533201049,20775.4296875,1423,PAGEIND.BO
2020-11-24,21127.493673431592,21896.751609857078,20795.896239095222,21421.66796875,1079,PAGEIND.BO
2020-11-25,21436.210182903054,21542.369471482358,20872.163325914145,21108.544921875,863,PAGEIND.BO
2020-11-26,21128.439198734737,21695.944471145936,21128.439198734737,21591.017578125,916,PAGEIND.BO
2020-11-27,21585.57392774112,21780.931466318187,21433.74965921695,21565.015625,554,PAGEIND.BO
2020-12-01,21695.94749495209,22205.66014789027,21651.844293823317,21728.681640625,780,PAGEIND.BO
2020-12-02,22018.066125505233,22018.066125505233,21478.367331649762,21884.431640625,880,PAGEIND.BO
2020-12-03,22034.506455786377,22122.2854015668,21817.073286636074,22025.6484375,790,PAGEIND.BO
2020-12-04,22068.663768898405,22826.50643992459,22068.663768898405,22747.96484375,1521,PAGEIND.BO
2020-12-07,22747.582377659157,22897.038067791425,22499.546774243085,22853.978515625,527,PAGEIND.BO
2020-12-08,22851.800483658255,23077.808562362476,22770.227884356496,23030.4375,951,PAGEIND.BO
2020-12-09,22972.414097725574,23087.052099328386,22829.636567287955,22997.47265625,780,PAGEIND.BO
2020-12-10,22833.797433341162,23177.805687297183,22833.797433341162,23049.05078125,523,PAGEIND.BO
2020-12-11,23211.770591563934,23311.771636393052,22190.261824579422,22324.984375,689,PAGEIND.BO
2020-12-14,22415.985145412178,22851.798888729576,22378.08829816719,22739.955078125,882,PAGEIND.BO
2020-12-15,22747.582433493193,23421.198889562067,22654.82953028564,23349.57421875,1486,PAGEIND.BO
2020-12-16,23496.047337021475,24656.02219101094,23261.891801638878,24575.16015625,2683,PAGEIND.BO
2020-12-17,24680.323659883874,26453.70750280416,24545.410503265106,25814.8125,6829,PAGEIND.BO
2020-12-18,25862.70484143081,26926.5645149989,25542.950175008988,26733.669921875,6220,PAGEIND.BO
2020-12-21,26717.23129053188,26717.23129053188,25575.068706365604,26131.0625,4305,PAGEIND.BO
2020-12-22,25864.601214977058,26856.645677572025,25005.6213323793,26498.994140625,3264,PAGEIND.BO
2020-12-23,26498.99168362171,26906.762139083523,26017.322374397623,26159.294921875,1616,PAGEIND.BO
2020-12-24,26349.678738120456,26541.057822871655,25873.410835202052,26021.728515625,1380,PAGEIND.BO
2020-12-28,26231.77626021885,26292.884936177645,25896.152253111817,26092.8828125,755,PAGEIND.BO
2020-12-29,26237.695481902327,26545.32242311085,25936.604267005107,26168.296875,1023,PAGEIND.BO
2020-12-30,26054.087801158093,26224.623648583856,25580.37711386431,25895.6796875,740,PAGEIND.BO
2020-12-31,26044.08905449801,26259.153684142846,25458.53644514502,26159.580078125,1329,PAGEIND.BO
2021-01-01,26314.91403125773,26763.612430749174,26185.63727254198,26661.1484375,2060,PAGEIND.BO
2021-01-04,26777.395189088948,27171.664953603988,26770.90572293407,27017.708984375,1160,PAGEIND.BO
2021-01-05,26383.31119249616,27225.094907175495,26383.31119249616,27095.392578125,1289,PAGEIND.BO
2021-01-06,27143.620637419317,27875.740457578682,26923.202698701258,27258.58984375,2788,PAGEIND.BO
2021-01-07,27759.205247041253,27759.205247041253,26978.62452377649,27153.140625,1091,PAGEIND.BO
2021-01-08,27522.587951269874,28420.600833837867,27190.61116747862,28262.287109375,1698,PAGEIND.BO
2021-01-11,28422.63879959862,28509.042881376514,27704.68220334787,28144.048828125,1599,PAGEIND.BO
2021-01-12,28298.85194927635,28896.34343367241,28221.305902639895,28467.541015625,2087,PAGEIND.BO
2021-01-13,28517.378452962384,28663.37569150061,27352.38159069374,27472.087890625,1077,PAGEIND.BO
2021-01-14,27465.74247840559,27925.2417920319,27005.532598830374,27497.38671875,2498,PAGEIND.BO
2021-01-15,27662.048421244413,27759.58655427196,26803.73283527007,26960.24609375,580,PAGEIND.BO
2021-01-18,27001.504544749885,27266.782484136904,26481.370299308914,26761.28515625,790,PAGEIND.BO
2021-01-19,26943.71292295573,27285.731994132177,26665.17107551563,26849.11328125,475,PAGEIND.BO
2021-01-20,27095.30205817634,27574.412274708913,26771.61519736728,26915.908203125,888,PAGEIND.BO
2021-01-21,26908.656901052844,27684.59486323728,26908.656901052844,27269.71875,1302,PAGEIND.BO
2021-01-22,27257.308045962018,28177.539001812376,27257.308045962018,27807.759765625,1710,PAGEIND.BO
2021-01-25,27948.92529108854,28316.524715256077,27506.385220379438,27736.27734375,2283,PAGEIND.BO
2021-01-27,27664.70328586968,27979.768994457536,27235.521416400537,27328.748046875,738,PAGEIND.BO
2021-01-28,27048.874246801257,27690.135891914422,26935.420562351013,27391.08203125,468,PAGEIND.BO
2021-01-29,27569.95975505048,27759.444014535366,25630.636470460464,25758.490234375,971,PAGEIND.BO
2021-02-01,26414.10483441317,26836.65471806268,25654.084236775194,26348.0703125,1230,PAGEIND.BO
2021-02-02,26717.279977007933,28108.89934785157,26717.279977007933,27814.345703125,1776,PAGEIND.BO
2021-02-03,28394.213123209505,28394.213123209505,27352.760377941304,27520.78515625,950,PAGEIND.BO
2021-02-04,27538.27085215922,28397.24894100999,27511.22123237391,28035.333984375,1113,PAGEIND.BO
2021-02-05,28327.895306971473,28760.81870594647,27706.67193501117,27847.552734375,1206,PAGEIND.BO
2021-02-08,28070.717701493435,28392.082238841107,27302.12223749431,27700.322265625,1690,PAGEIND.BO
2021-02-09,28045.567148100396,28962.671026195156,27816.291178576703,28740.548828125,1745,PAGEIND.BO
2021-02-10,28749.92370674323,30669.92099954252,28244.948175643633,30263.525390625,5741,PAGEIND.BO
2021-02-11,29655.330269187365,29926.198405255487,28735.289759438976,29127.5703125,2981,PAGEIND.BO
2021-02-12,29559.49396066088,29559.49396066088,28922.543784544006,29057.314453125,1439,PAGEIND.BO
2021-02-15,29369.113684336582,29369.113684336582,28407.86037707448,28524.298828125,1189,PAGEIND.BO
2021-02-16,29559.53995545754,29559.53995545754,27616.521655106426,27814.76953125,1806,PAGEIND.BO
2021-02-17,27425.859776867565,28060.558927606533,26425.434137456414,26941.716796875,3357,PAGEIND.BO
2021-02-18,27140.17082379296,27998.608921542072,27135.4093903151,27674.546875,1063,PAGEIND.BO
2021-02-19,27616.314559110666,27822.103344924493,26759.2565210693,26946.380859375,1842,PAGEIND.BO
2021-02-22,27125.837405834005,27179.165459293436,25985.903764766143,26244.49609375,1082,PAGEIND.BO
2021-02-23,26378.341271970658,27844.100198964814,26365.961545019913,27617.98046875,2419,PAGEIND.BO
2021-02-24,27759.15863854243,27925.808819048263,26049.993643300626,27558.607421875,4549,PAGEIND.BO
2021-02-25,27558.60464126615,27884.33317382272,27282.060226216825,27418.76171875,1302,PAGEIND.BO
2021-02-26,27140.171205017792,27379.861025686012,26288.73203053439,26746.2109375,2948,PAGEIND.BO
2021-03-01,27140.16652375146,27239.870181006958,26616.408924170293,26733.4453125,1847,PAGEIND.BO
2021-03-02,27026.370631537164,28138.165269134093,27002.32539419299,28065.83984375,2059,PAGEIND.BO
2021-03-03,27616.314495116138,28134.025535215886,27428.808870574372,27609.220703125,1346,PAGEIND.BO
2021-03-04,27616.21972222805,28711.254581604386,27373.48146795951,27820.580078125,3220,PAGEIND.BO
2021-03-05,27996.282946022508,28057.800308594877,26686.079369192106,26812.638671875,1626,PAGEIND.BO
2021-03-08,26813.533843312598,27155.453091617273,26092.65288584598,26236.115234375,1354,PAGEIND.BO
2021-03-09,26475.472397410955,27030.655492428963,26204.403641209803,26426.857421875,1600,PAGEIND.BO
2021-03-10,26806.867692003434,27030.655042185346,26435.048134366585,26972.470703125,1789,PAGEIND.BO
2021-03-12,27044.93979371801,27389.905619079786,26711.63947935881,26846.53125,944,PAGEIND.BO
2021-03-15,26883.053296321505,26965.377736813236,26292.68390600379,26614.365234375,2511,PAGEIND.BO
2021-03-16,26776.77718936378,27298.248984541213,26776.77718936378,27211.923828125,1859,PAGEIND.BO
2021-03-17,27347.106904556807,27528.041399460948,26903.76903372682,27307.0625,1000,PAGEIND.BO
2021-03-18,27521.085831475306,27538.98956554036,26745.210236970306,26835.8671875,961,PAGEIND.BO
2021-03-19,27216.35068927485,27426.806025255595,26421.286244842988,27106.171875,1511,PAGEIND.BO
2021-03-22,26902.097667592476,28473.370628708497,26567.988270847593,28286.484375,3161,PAGEIND.BO
2021-03-23,28516.224300185702,29424.657424008106,28167.92545103583,29325.66796875,1631,PAGEIND.BO
2021-03-24,28854.337533992755,29241.39374828456,28268.870882916133,28339.150390625,2433,PAGEIND.BO
2021-03-25,28663.832057769017,28663.832057769017,27410.194871096883,27839.294921875,1529,PAGEIND.BO
2021-03-26,28282.911987864543,28725.297471365804,27936.566095811973,28578.310546875,1491,PAGEIND.BO
2021-03-30,28663.83438300955,29663.735582416863,28663.83438300955,29515.94140625,1009,PAGEIND.BO
2021-03-31,29473.277701695242,29473.277701695242,28586.985083570216,28888.716796875,1909,PAGEIND.BO
2021-04-01,29054.269608636907,29249.012254817382,28554.032619975318,28726.826171875,829,PAGEIND.BO
2021-04-05,29235.2045803392,29235.2045803392,27945.142404281156,28239.68359375,1056,PAGEIND.BO
2021-04-06,28355.19832213008,28355.19832213008,27935.14496557129,28106.126953125,620,PAGEIND.BO
2021-04-07,27966.615958225524,28528.513537195755,27962.901667661274,28415.19140625,973,PAGEIND.BO
2021-04-08,28425.75953061504,28670.35401073652,28275.34658219842,28390.4765625,3847,PAGEIND.BO
2021-04-09,28192.444158800845,28294.38718101151,27979.513251817756,28069.123046875,754,PAGEIND.BO
2021-04-12,27616.312416308992,27825.290974395713,26706.4973931999,26846.388671875,1071,PAGEIND.BO
2021-04-13,26854.57822757141,28056.412331057287,26854.57822757141,27861.431640625,735,PAGEIND.BO
2021-04-15,27806.77179095457,28700.969007108895,27406.811374783305,28462.9921875,711,PAGEIND.BO
2021-04-16,28362.76043417516,28939.989319690587,27911.7578794821,28788.099609375,960,PAGEIND.BO
2021-04-19,27268.729708173585,28741.39273431327,27246.82711403047,28501.46484375,1261,PAGEIND.BO
2021-04-20,28901.90290548395,28997.131580625577,28352.76637829274,28786.294921875,808,PAGEIND.BO
2021-04-22,28569.552996580187,28676.01939253302,28241.252160089036,28465.087890625,2839,PAGEIND.BO
2021-04-23,28312.628877364747,28411.47699227221,27618.603365808907,27734.6875,525,PAGEIND.BO
2021-04-26,27760.11019550722,28949.516309677867,27760.11019550722,28845.52734375,13408,PAGEIND.BO
2021-04-27,28660.44666414962,29332.522964121315,28528.984608716844,28751.10546875,872,PAGEIND.BO
2021-04-28,29020.838090250734,29501.837660232268,28518.601785984694,28630.638671875,808,PAGEIND.BO
2021-04-29,28663.830013732746,28991.465000770684,28349.623757273814,28513.75,648,PAGEIND.BO
2021-04-30,28351.480903513482,28530.510811140128,28092.45890950046,28239.30078125,915,PAGEIND.BO
2021-05-03,27985.46361900988,28509.64899554324,27923.421779585322,28275.1484375,630,PAGEIND.BO
2021-05-04,28425.707085172744,28425.707085172744,27591.21944082812,27792.533203125,628,PAGEIND.BO
2021-05-05,28274.054773509517,28287.102215780946,27887.523133759198,28236.439453125,497,PAGEIND.BO
2021-05-06,28242.682656604964,28344.00633985675,28033.704071095406,28113.791015625,334,PAGEIND.BO
2021-05-07,28172.355971667923,28315.913197275495,28073.41300770329,28216.921875,332,PAGEIND.BO
2021-05-10,28282.91077776623,28444.7994926558,27591.21780822352,27745.916015625,945,PAGEIND.BO
2021-05-11,27745.91612122692,27935.945648607667,27235.395667433746,27597.7890625,1434,PAGEIND.BO
2021-05-12,27621.264696779184,27685.305975615072,26769.87391172565,26895.099609375,877,PAGEIND.BO
2021-05-14,26855.250258415028,27016.376440550983,26473.57296606688,26714.8828125,1081,PAGEIND.BO
2021-05-17,26949.712882717104,27121.124484091277,26621.888195089,26846.294921875,783,PAGEIND.BO
2021-05-18,26854.48628704976,27949.616046982643,26854.48628704976,27542.275390625,1459,PAGEIND.BO
2021-05-19,27108.26955564579,28901.901568996884,27108.26955564579,28628.119140625,1774,PAGEIND.BO
2021-05-20,28568.603987079405,28787.53509428742,28084.890651212234,28222.49609375,595,PAGEIND.BO
2021-05-21,28504.268824317776,28568.596524799985,27775.674756267228,27885.42578125,1050,PAGEIND.BO
2021-05-24,28092.459984147677,29268.152869666716,27853.38764427464,29078.791015625,3094,PAGEIND.BO
2021-05-25,29200.873961959176,30268.29260386514,29200.873961959176,30016.26953125,2428,PAGEIND.BO
2021-05-26,30092.16605965211,30594.259242188175,29880.090687169926,30324.80859375,2209,PAGEIND.BO
2021-05-27,30368.42794967424,30901.70859099809,29359.81295044048,30320.71875,7384,PAGEIND.BO
2021-05-28,30319.853770099166,30596.874320537772,29525.64672703052,29900.84765625,2506,PAGEIND.BO
2021-05-31,29816.195372853705,30021.50804051162,29017.7977261063,29179.783203125,2036,PAGEIND.BO
2021-06-01,29423.229263979458,29669.015943425486,29151.399775821963,29566.072265625,950,PAGEIND.BO
2021-06-02,29378.044673902434,29598.309331428238,29159.018733059725,29288.1484375,787,PAGEIND.BO
2021-06-03,29359.00208127017,29500.0837428563,28730.0166490717,29016.94140625,1051,PAGEIND.BO
2021-06-04,28759.059694890962,29675.064686762595,28759.059694890962,29561.7890625,2418,PAGEIND.BO
2021-06-07,29996.985345388428,29996.985345388428,29216.1585406212,29393.5703125,1275,PAGEIND.BO
2021-06-08,29487.36549723089,29657.966157384955,29323.999983472528,29512.552734375,1369,PAGEIND.BO
2021-06-09,29475.13146410599,29538.793322018148,28673.73565645771,28743.109375,1761,PAGEIND.BO
2021-06-10,28977.84799335477,29039.365345975115,28729.063077663257,28800.72265625,724,PAGEIND.BO
2021-06-11,29035.226029096848,29035.226029096848,28549.70295106963,28685.35546875,763,PAGEIND.BO
2021-06-14,28687.63327144192,28816.335174935433,28282.91147425145,28722.296875,1597,PAGEIND.BO
2021-06-15,28869.379212065105,28869.379212065105,28591.503080229046,28637.640625,17615,PAGEIND.BO
2021-06-16,28652.972934044006,28695.1116200843,28382.90480069707,28539.26953125,511,PAGEIND.BO
2021-06-17,28520.98629219512,28674.16123390094,28318.86344276212,28486.798828125,875,PAGEIND.BO
2021-06-18,28446.803787176526,28624.976260693507,28027.702773239944,28310.818359375,1169,PAGEIND.BO
2021-06-21,28297.250470479972,28552.604686599745,28056.60648143309,28267.205078125,753,PAGEIND.BO
2021-06-22,28268.628603228495,28512.41398043673,27994.894555489504,28056.173828125,1041,PAGEIND.BO
2021-06-23,28092.457420763054,28385.095865259085,27947.328556880326,28017.46484375,18299,PAGEIND.BO
2021-06-24,28473.36867386471,28872.852893218762,27847.716392301863,28112.9765625,573,PAGEIND.BO
2021-06-25,28209.68394710712,28309.054692886242,27925.80765204975,28052.556640625,638,PAGEIND.BO
2021-06-28,28052.463274823862,28224.97039276221,27970.23368538169,28177.640625,744,PAGEIND.BO
2021-06-29,28197.161632499545,28582.17190025891,28126.97884468285,28220.541015625,827,PAGEIND.BO
2021-06-30,28092.45670580912,28378.142706207178,27740.49192530569,28109.8359375,774,PAGEIND.BO
2021-07-01,28263.48708769366,28282.865749447177,28079.88733362177,28219.4921875,493,PAGEIND.BO
2021-07-02,28281.152776368413,28497.17863574379,28227.538292805737,28343.765625,636,PAGEIND.BO
2021-07-05,28339.098033241742,28840.000804352505,28339.04967493595,28765.484375,1060,PAGEIND.BO
2021-07-06,29037.032750499653,29463.703713260922,28620.978297062415,28828.43359375,897,PAGEIND.BO
2021-07-07,28704.160015992456,29458.990476925148,28501.133225792226,29415.375,1973,PAGEIND.BO
2021-07-08,29414.091018419185,29617.166175447084,28787.201743423804,28954.755859375,1341,PAGEIND.BO
2021-07-09,28806.667936072285,29949.41178808176,28806.667936072285,29860.80078125,1460,PAGEIND.BO
2021-07-12,29854.85652706112,31748.385799774267,29854.85652706112,31620.5859375,5865,PAGEIND.BO
2021-07-13,31663.534206141765,31787.331482737205,31096.923594031858,31323.947265625,1822,PAGEIND.BO
2021-07-14,31311.185998527177,31389.93936288892,31026.452281569767,31308.232421875,991,PAGEIND.BO
2021-07-15,31390.132131925686,31806.32980937845,31361.135743707924,31490.45703125,688,PAGEIND.BO
2021-07-16,31489.261887149518,31882.556264002356,31416.31524359167,31560.4453125,951,PAGEIND.BO
2021-07-19,31519.450715999974,31795.90028602544,31150.58283868953,31332.564453125,3269,PAGEIND.BO
2021-07-20,31187.435958829912,31417.60289678106,30698.721337018964,30900.462890625,859,PAGEIND.BO
2021-07-22,30901.70263768614,31689.05400541477,30492.029653625203,31554.3984375,1033,PAGEIND.BO
2021-07-23,31415.22199704339,32145.625848956734,31092.158754850952,31734.427734375,895,PAGEIND.BO
2021-07-26,31824.466215477758,32358.699003618727,31157.722373585457,31347.322265625,1427,PAGEIND.BO
2021-07-27,31260.909375796524,31685.104798807497,30801.24126848834,30968.84375,811,PAGEIND.BO
2021-07-28,30968.359932961113,31300.707953151872,30039.07143531153,30288.80859375,1281,PAGEIND.BO
2021-07-29,30594.87887037529,30594.87887037529,29877.18759207156,30038.884765625,905,PAGEIND.BO
2021-07-30,30044.648943388143,30482.129877168918,29947.467330169293,30000.84375,726,PAGEIND.BO
2021-08-02,30092.261551733434,30969.460870821058,30092.261551733434,30908.609375,995,PAGEIND.BO
2021-08-03,30964.030622815077,31532.545797169823,30898.322838844426,31344.9453125,959,PAGEIND.BO
2021-08-04,31615.9204466541,31615.9204466541,31106.44702981796,31197.15234375,672,PAGEIND.BO
2021-08-05,31119.68517617802,31357.516942217033,30931.84660671495,31166.728515625,440,PAGEIND.BO
2021-08-06,31092.158117067334,31159.19946704638,30779.045532698565,31017.1171875,452,PAGEIND.BO
2021-08-09,31044.547156259025,31414.034404621863,30755.29006427394,30923.3203125,289,PAGEIND.BO
2021-08-10,31020.83818945631,31246.86309544412,30473.178408237804,30646.54296875,531,PAGEIND.BO
2021-08-11,30579.829738944594,31464.79049090315,30328.615769848133,31409.69921875,1439,PAGEIND.BO
2021-08-12,31337.03786635302,31362.22882391602,30378.230293296958,30905.177734375,991,PAGEIND.BO
2021-08-13,30568.40245366258,30711.2454557825,29550.21827852577,29646.921875,2429,PAGEIND.BO
2021-08-16,29698.014327502744,29711.346341886925,28790.77149263331,28878.28515625,1034,PAGEIND.BO
2021-08-17,28878.092126725034,29281.671945498834,28535.745082386777,29174.396484375,1442,PAGEIND.BO
2021-08-18,29348.75766156543,29511.864874764295,28997.886757112523,29389.439453125,775,PAGEIND.BO
2021-08-20,28996.79199995316,29854.489134884283,28901.456093771314,29647.93359375,930,PAGEIND.BO
2021-08-23,29647.93022448103,29691.28352148018,29097.372601303225,29484.39453125,753,PAGEIND.BO
2021-08-24,29406.897586503543,29845.23521177784,29234.872298537666,29791.248046875,882,PAGEIND.BO
2021-08-25,29802.839318379723,29974.48270618175,29495.273235654702,29594.51953125,923,PAGEIND.BO
2021-08-26,29594.515252046236,29694.240317933945,28957.586364950836,29051.396484375,413,PAGEIND.BO
2021-08-27,29049.347947487255,29534.900791797987,28897.25650604782,29446.193359375,563,PAGEIND.BO
2021-08-30,29473.762369561573,30044.06573635605,29473.762369561573,29977.53515625,900,PAGEIND.BO
2021-08-31,29945.673966399474,30153.516808110504,29663.00285793664,30075.158203125,2463,PAGEIND.BO
2021-09-01,29953.401325580126,30761.498584916033,29931.606376132677,30613.986328125,1427,PAGEIND.BO
2021-09-02,30663.10886428139,30863.17751805924,30257.820429754443,30579.791015625,655,PAGEIND.BO
2021-09-03,30601.82446538407,31424.229366298277,30601.82446538407,30947.974609375,1258,PAGEIND.BO
2021-09-06,30723.19979737087,31208.372597927904,30412.15184841202,30530.5234375,767,PAGEIND.BO
2021-09-07,30689.958208505785,30999.908859745647,30438.095126872104,30610.025390625,826,PAGEIND.BO
2021-09-08,30700.357757367856,30757.254893447574,30046.069568571977,30423.6015625,1210,PAGEIND.BO
2021-09-09,30497.282473815543,30952.455784303555,30414.965045882276,30617.990234375,632,PAGEIND.BO
2021-09-13,30522.989877782387,30830.65282250628,30302.79549371229,30566.533203125,1048,PAGEIND.BO
2021-09-14,30332.222296407384,31307.00188378993,30332.222296407384,31111.607421875,698,PAGEIND.BO
2021-09-15,31268.274485283862,31689.109430062315,30988.988404593285,31195.16015625,962,PAGEIND.BO
2021-09-16,31133.5899613886,31715.290947724978,31133.5899613886,31631.255859375,788,PAGEIND.BO
2021-09-17,31791.604027290537,31846.450028837768,31112.324002489146,31532.20703125,937,PAGEIND.BO
2021-09-20,31476.83177875824,31476.83177875824,31105.309779430165,31213.666015625,312,PAGEIND.BO
2021-09-21,31095.299529515145,31319.832809356933,30586.710897124507,30978.263671875,352,PAGEIND.BO
2021-09-22,30969.009065671893,32006.792663941585,30951.02948816564,31853.65234375,1054,PAGEIND.BO
2021-09-23,31953.755496295835,32131.073502833697,31333.75725532293,31571.599609375,5799,PAGEIND.BO
2021-09-24,31629.349650712367,33180.39586349926,31629.349650712367,32119.103515625,1456,PAGEIND.BO
2021-09-27,32685.06427521872,32685.06427521872,30684.808128632154,31414.01953125,1474,PAGEIND.BO
2021-09-28,31582.9444323745,31582.9444323745,30682.706367382983,31246.953125,703,PAGEIND.BO
2021-09-29,30924.985687548044,31354.263659514116,30527.90179365278,30858.98046875,892,PAGEIND.BO
2021-09-30,30828.36354740101,31321.78564300821,30156.47585310929,30234.642578125,1300,PAGEIND.BO
2021-10-01,30322.10744103666,31263.07202042955,30173.11599552936,30815.291015625,1125,PAGEIND.BO
2021-10-04,30799.60682056792,31715.676633701638,30763.88612644474,31535.638671875,6472,PAGEIND.BO
2021-10-05,31581.038443293164,32566.071741471245,31581.038443293164,32273.71875,1087,PAGEIND.BO
2021-10-06,32273.295218875504,33146.06203209469,32033.306700947534,32304.58203125,945,PAGEIND.BO
2021-10-07,32688.405690763113,35535.00993651518,32597.790561250724,35478.3046875,2871,PAGEIND.BO
2021-10-08,35482.026554773685,35557.044860315946,34779.569210868474,35015.26171875,1274,PAGEIND.BO
2021-10-11,35022.2766790867,36319.79091847759,34823.877203387434,35589.43359375,6637,PAGEIND.BO
2021-10-12,35769.12934440941,35913.44660346118,35292.20761981729,35648.1328125,778,PAGEIND.BO
2021-10-13,36244.421984191125,36547.69569425148,35680.987532915045,35770.171875,487,PAGEIND.BO
2021-10-14,35683.27756124629,36007.58428059469,35292.29868615317,35615.5546875,773,PAGEIND.BO
2021-10-18,35721.43295884933,36341.43112769451,35494.75358026637,35770.984375,448,PAGEIND.BO
2021-10-19,36162.91519327881,38371.967578893506,35845.66545863378,37299.609375,2435,PAGEIND.BO
2021-10-20,36913.59322811964,36913.59322811964,35530.662062793446,35704.5,6482,PAGEIND.BO
2021-10-21,35864.51117886857,36553.94992086951,35185.087792383,35740.75,933,PAGEIND.BO
2021-10-22,35755.63148559856,36885.55212205413,35702.07094404783,36085.0390625,886,PAGEIND.BO
2021-10-25,36484.511241346925,36484.511241346925,34934.135618742046,35033.0,1393,PAGEIND.BO
2021-10-26,34958.36739008839,36482.79946243804,34853.82464279227,36037.73828125,592,PAGEIND.BO
2021-10-27,35673.748351098824,36484.515359078345,35673.748351098824,35883.35546875,564,PAGEIND.BO
2021-10-28,35933.714163289136,36141.12666681098,35445.87169829876,35801.796875,389,PAGEIND.BO
2021-10-29,36007.58583277193,36343.1002252667,35471.47744209019,35911.19921875,494,PAGEIND.BO
2021-11-01,36096.91335566138,36937.584704777764,35821.6363931479,36803.234375,620,PAGEIND.BO
2021-11-02,36919.79640760416,37061.91906816674,36341.43199620298,36637.171875,376,PAGEIND.BO
2021-11-03,36976.69134060295,37774.245968069416,36581.94177945687,37117.95703125,788,PAGEIND.BO
2021-11-04,37658.35605488869,37658.35605488869,37350.12304961725,37465.6796875,47,PAGEIND.BO
2021-11-08,37739.23749603238,37742.289049309096,36881.11388777932,37419.796875,626,PAGEIND.BO
2021-11-09,37533.87440040679,38289.22512430329,37533.73281429587,37912.45703125,650,PAGEIND.BO
2021-11-10,37833.19025281938,38487.575160055414,37622.0108475257,37928.09765625,455,PAGEIND.BO
2021-11-11,38153.729198473855,38630.650813454784,37274.334177800556,38288.26953125,1266,PAGEIND.BO
2021-11-12,38630.55619940797,38685.16372751891,37760.12948972909,38573.7578125,642,PAGEIND.BO
2021-11-15,38578.200812685536,39058.50945796795,38172.9589065486,38828.15625,856,PAGEIND.BO
2021-11-16,38858.433671177285,39822.9593080789,38706.008760779245,39271.2578125,720,PAGEIND.BO
2021-11-17,39614.364950571995,39614.364950571995,39033.9829121166,39218.69921875,445,PAGEIND.BO
2021-11-18,39132.05998414718,39277.334990534524,38611.79910292738,38787.1328125,525,PAGEIND.BO
2021-11-22,39134.88519350536,39134.88519350536,37688.11838183589,37837.75,362,PAGEIND.BO
2021-11-23,37814.58843065212,38764.78841266455,37779.59722179674,38581.6015625,404,PAGEIND.BO
2021-11-24,38676.56959609241,38978.46554578549,37943.971749831144,38061.91796875,202,PAGEIND.BO
2021-11-25,38292.28919391137,38538.32330283497,37863.98072735835,38474.32421875,250,PAGEIND.BO
2021-11-26,38131.93272833155,38367.81760947125,37148.32366286447,37341.03515625,590,PAGEIND.BO
2021-11-29,36857.250548294905,37151.72711603801,36186.400721756785,36391.796875,768,PAGEIND.BO
2021-11-30,36544.7851143155,37335.922237382016,36544.68788535134,36809.7265625,308,PAGEIND.BO
2021-12-01,37282.30814012436,37282.30814012436,36187.121191883234,36256.09765625,220,PAGEIND.BO
2021-12-02,36570.05478420257,36721.79179161869,36213.63960183309,36590.828125,387,PAGEIND.BO
2021-12-03,36728.25014519172,37157.515951545465,36489.77745182837,36760.41796875,213,PAGEIND.BO
2021-12-06,36627.499130167904,37103.24421844556,36391.03827587748,36650.6171875,336,PAGEIND.BO
2021-12-07,36963.653263158725,37346.54082885616,36689.71446429948,37255.2578125,218,PAGEIND.BO
2021-12-08,37506.94153150423,38673.9768479271,37413.938303712894,38389.41015625,348,PAGEIND.BO
2021-12-09,38579.48671573574,38580.44404685352,37651.54491534896,37777.00390625,451,PAGEIND.BO
2021-12-10,37990.491481798716,38410.90197662567,37990.491481798716,38293.62890625,206,PAGEIND.BO
2021-12-13,38344.46174887453,38771.910090988764,38197.511422974116,38339.484375,280,PAGEIND.BO
2021-12-14,38236.76824488252,38638.36871254053,34942.5913456902,38505.01171875,292,PAGEIND.BO
2021-12-15,38567.76412935801,38611.56203335667,38053.72587067015,38123.03515625,195,PAGEIND.BO
2021-12-16,38344.18411295556,38676.187380263655,38145.82580084123,38526.31640625,312,PAGEIND.BO
2021-12-17,38197.506851400736,38366.28505440084,36952.97655298417,37137.0234375,469,PAGEIND.BO
2021-12-20,37218.1676581005,37218.1676581005,35613.87117333732,36577.234375,7968,PAGEIND.BO
2021-12-21,36713.652541727846,37225.24885341539,36522.664962012735,37045.03125,389,PAGEIND.BO
2021-12-22,37192.31567773934,37569.694874230154,37091.844520110455,37523.41015625,195,PAGEIND.BO
2021-12-23,37431.7578743834,38173.16248674528,37337.79354643452,38048.32421875,435,PAGEIND.BO
2021-12-24,38095.4720269816,38168.2292175643,37501.9751393475,37557.0703125,169,PAGEIND.BO
2021-12-27,37766.71739547949,37766.71739547949,37058.722329444645,37423.65625,222,PAGEIND.BO
2021-12-28,37718.906684168105,38496.59262196842,37199.50577265633,38134.8671875,589,PAGEIND.BO
2021-12-29,38465.569260888544,38465.569260888544,38076.795548113565,38217.95703125,271,PAGEIND.BO
2021-12-30,38341.06951023406,38341.06951023406,37531.503801515784,37716.6015625,199,PAGEIND.BO
2021-12-31,37929.50943134366,38973.66978673409,37900.598778030224,38704.5625,435,PAGEIND.BO
2022-01-03,38580.44567559167,39270.25138955,38580.44567559167,39148.28515625,240,PAGEIND.BO
2022-01-04,39340.18903190139,39501.92939900716,39022.306441768764,39225.5,429,PAGEIND.BO
2022-01-05,39154.847206757724,39803.917779036005,39012.20485385291,39443.00390625,337,PAGEIND.BO
2022-01-06,39314.339005087706,40374.29536319683,39115.453448028,40242.7109375,552,PAGEIND.BO
2022-01-07,40255.0147371022,42499.09654357868,40217.82465967147,42219.84375,1509,PAGEIND.BO
2022-01-10,42122.577555823904,42334.005671045066,41568.52206126861,41710.734375,847,PAGEIND.BO
2022-01-11,41576.47551430221,42131.439817189384,41576.47551430221,41733.33203125,258,PAGEIND.BO
2022-01-12,41916.22010381351,42602.81730550982,41700.24842475834,42524.22265625,386,PAGEIND.BO
2022-01-13,42443.47257110265,43235.85491531644,42209.31158622063,42495.79296875,544,PAGEIND.BO
2022-01-14,42218.3538921344,42785.572619504324,41978.97248130152,42685.625,249,PAGEIND.BO
2022-01-17,42792.70599140939,42925.393595749716,42420.68557951085,42528.00390625,434,PAGEIND.BO
2022-01-18,42601.23885636575,42765.85121005416,41660.27950563572,41841.30859375,311,PAGEIND.BO
2022-01-19,42026.84755661217,42026.84755661217,41441.248699735064,41518.6953125,434,PAGEIND.BO
2022-01-20,41538.98539986752,41942.02186606946,41334.40445460596,41797.46484375,748,PAGEIND.BO
2022-01-21,41579.58426167471,41671.82089894889,40506.557858829474,40741.7734375,405,PAGEIND.BO
2022-01-24,40519.04584901191,41095.11993854866,37997.816730075894,38224.9921875,1011,PAGEIND.BO
2022-01-25,38465.57260489018,39681.38338657785,37736.46757257705,39562.81640625,898,PAGEIND.BO
2022-01-27,39250.580196304334,39510.01695808966,38366.772757945495,39070.171875,1104,PAGEIND.BO
2022-01-28,39298.44947217244,41260.97861755499,39298.44947217244,40125.0078125,855,PAGEIND.BO
2022-01-31,40590.84853753563,41169.98537978048,40303.6491375059,40598.84375,458,PAGEIND.BO
2022-02-01,41165.25312208055,41507.2597890076,40686.58738810287,41361.5546875,284,PAGEIND.BO
2022-02-02,41529.74373877031,41979.928716972776,41308.36090791583,41359.578125,433,PAGEIND.BO
2022-02-03,41260.979646442975,41851.17440171054,40418.3859859897,40698.2109375,331,PAGEIND.BO
2022-02-04,41040.78935009509,41040.78935009509,39766.00560330666,39892.94921875,382,PAGEIND.BO
2022-02-07,40049.19370255861,40156.082000307695,38772.020087404555,38957.30859375,282,PAGEIND.BO
2022-02-08,39422.897738965316,39556.01538660354,38696.331992490115,39214.8203125,324,PAGEIND.BO
2022-02-09,39419.40730964961,40679.87597848364,39378.81422173049,40584.71875,641,PAGEIND.BO
2022-02-10,40533.40659321789,40744.25880866797,38606.29871716339,39199.4140625,882,PAGEIND.BO
2022-02-11,39250.439131242834,39674.4396458768,37998.534064432904,38138.2109375,854,PAGEIND.BO
2022-02-15,37731.58851134428,39681.38452740924,37731.58851134428,39518.49609375,784,PAGEIND.BO
2022-02-16,39585.65123991538,39831.73401083461,39307.35576496608,39455.21484375,297,PAGEIND.BO
2022-02-17,39893.056557841446,41366.614131682334,39893.056557841446,40532.52734375,677,PAGEIND.BO
2022-02-18,40166.512604699456,40486.27050357662,39741.7206893785,39837.109375,301,PAGEIND.BO
2022-02-21,39743.350071078654,40184.50492156841,39185.35664254395,39362.31640625,834,PAGEIND.BO
2022-02-22,38184.08545216599,39461.20114559049,38088.790508031256,39129.6875,623,PAGEIND.BO
2022-02-23,39537.940926339405,40689.58159088849,39314.43762504113,39451.04296875,508,PAGEIND.BO
2022-02-24,38667.99926551198,39256.17694296252,38194.50467051521,38541.23046875,844,PAGEIND.BO
2022-02-25,38923.698218103775,40152.3024938397,38923.698218103775,39860.18359375,624,PAGEIND.BO
2022-02-28,39759.08944730045,40782.04185041187,38867.37427568859,40542.171875,679,PAGEIND.BO
2022-03-02,40497.639962611705,40497.639962611705,39487.45566334439,39952.890625,503,PAGEIND.BO
2022-03-03,40593.61127265644,40593.61127265644,39889.07849988332,40241.46484375,1112,PAGEIND.BO
2022-03-04,39546.52386781249,39838.35791714737,38758.45197713139,39511.59375,616,PAGEIND.BO
2022-03-07,38919.00322918214,38919.00322918214,38036.1162122706,38283.27734375,1699,PAGEIND.BO
2022-03-08,38386.39575469014,38605.966688141256,37457.58742694213,37942.79296875,714,PAGEIND.BO
2022-03-09,38290.374767560024,38530.33843449333,37888.663450917484,38375.2109375,518,PAGEIND.BO
2022-03-10,38962.186943556844,39631.692087467076,38914.2039547101,39343.171875,500,PAGEIND.BO
2022-03-11,39042.31530032884,39846.558859492856,39025.041425775125,39780.7734375,245,PAGEIND.BO
2022-03-14,39698.14060705768,40050.38440764157,39278.24455436782,39987.046875,160,PAGEIND.BO
2022-03-15,40005.044302169415,40005.044302169415,39261.116870391554,39566.0,245,PAGEIND.BO
2022-03-16,39824.488207550145,40773.06312196998,39824.488207550145,40603.39453125,339,PAGEIND.BO
2022-03-17,40807.27073726306,41297.56311151044,40392.31539572626,40989.9921875,441,PAGEIND.BO
2022-03-21,41236.047445495584,41236.047445495584,39959.31772036277,40117.23046875,625,PAGEIND.BO
2022-03-22,40027.6946485591,40182.19985992682,39173.35760247147,40066.80078125,238,PAGEIND.BO
2022-03-23,40196.11571761512,40575.56367018784,40082.92460374725,40288.9140625,395,PAGEIND.BO
2022-03-24,40137.66386939283,40416.062608866414,39578.328540734845,39742.91015625,153,PAGEIND.BO
2022-03-25,40016.17755117684,40016.17755117684,38758.637270913016,38829.3671875,224,PAGEIND.BO
2022-03-28,38951.62438923367,38967.12139265758,38356.253059337214,38555.1875,297,PAGEIND.BO
2022-03-29,38853.41893697208,39396.68398897165,38723.291283820305,39131.38671875,243,PAGEIND.BO
2022-03-30,39489.23196771088,40553.73459210761,39489.23196771088,40241.4140625,222,PAGEIND.BO
2022-03-31,40440.06176000365,41841.1649913659,40240.69244745878,41450.24609375,498,PAGEIND.BO
2022-04-01,41548.472422475,41548.472422475,41000.21801077148,41391.328125,466,PAGEIND.BO
2022-04-04,41482.11212402582,42081.85076715067,41179.29072397289,41939.00390625,376,PAGEIND.BO
2022-04-05,42129.069091570884,42608.899035666225,42034.11149536871,42514.03515625,169,PAGEIND.BO
2022-04-06,42226.94723300719,42944.772707537646,42226.94723300719,42652.31640625,161,PAGEIND.BO
2022-04-07,42704.856754977205,42704.856754977205,41759.40076594722,42358.1796875,354,PAGEIND.BO
2022-04-08,42461.58764465484,43328.54281471237,42312.982824092636,43124.47265625,499,PAGEIND.BO
2022-04-11,43165.48704307736,43924.28910803789,43024.65700253553,43853.9453125,210,PAGEIND.BO
2022-04-12,43664.51412070617,44098.71138006907,42743.24085574182,42834.6484375,341,PAGEIND.BO
2022-04-13,43101.00231805285,43280.649853297415,42560.76267233432,43022.0703125,116,PAGEIND.BO
2022-04-18,42436.15403529048,43568.552537362906,42436.15403529048,43405.6015625,289,PAGEIND.BO
2022-04-19,43280.65318799329,44646.87124309453,42992.897722706366,43620.1328125,513,PAGEIND.BO
2022-04-20,43665.53096227955,43948.48441592694,43175.47841746745,43256.08984375,225,PAGEIND.BO
2022-04-21,43459.0990915633,44134.699499377944,43459.00537479864,43967.625,105,PAGEIND.BO
2022-04-22,43814.31916757092,44130.47829473729,43676.60800552744,44002.74609375,172,PAGEIND.BO
2022-04-25,42416.9659161876,43790.3366446755,42416.9659161876,43026.58984375,139,PAGEIND.BO
2022-04-26,43443.79184867402,44820.903430358296,43418.023487903934,44639.81640625,203,PAGEIND.BO
2022-04-27,44240.31688998244,44654.02773025937,43808.469978908855,43956.06640625,233,PAGEIND.BO
2022-04-28,44432.238130192876,44432.238130192876,43568.54451643102,44046.40625,313,PAGEIND.BO
2022-04-29,44115.18095577633,44336.28508582675,43635.73339507667,43811.0625,190,PAGEIND.BO
2022-05-04,43963.452831899514,44224.52901777786,43281.47212700894,43533.3828125,7455,PAGEIND.BO
2022-05-05,44144.347044095295,44384.26197368277,43724.7358322468,43885.71875,253,PAGEIND.BO
2022-05-06,43424.601117819584,43616.533056461885,42811.32984113866,43192.4609375,404,PAGEIND.BO
2022-05-09,43003.78947395431,43005.13149802944,40785.53613789001,40905.0625,513,PAGEIND.BO
2022-05-10,40775.94266347494,40785.5392609481,38800.96290349773,39178.01171875,910,PAGEIND.BO
2022-05-11,39029.36016080139,40401.673537490504,38962.18398152291,40099.23828125,699,PAGEIND.BO
2022-05-12,39984.27320670416,40042.8611856268,39011.17819610493,39241.87890625,213,PAGEIND.BO
2022-05-13,40161.75879618231,41197.85390087884,39585.96297114743,40102.40234375,644,PAGEIND.BO
2022-05-16,40102.250853985315,40851.50500240709,40102.250853985315,40724.6875,271,PAGEIND.BO
2022-05-17,40459.25715838753,41073.43943024161,40140.31272446487,40413.3359375,190,PAGEIND.BO
2022-05-18,40877.71020659813,41346.69511660408,40631.17139920637,41208.6953125,452,PAGEIND.BO
2022-05-19,40401.67983654447,40895.8071956944,39924.20032665171,40275.58203125,438,PAGEIND.BO
2022-05-20,40705.83145739399,41148.28325415279,40554.39642673488,40813.890625,267,PAGEIND.BO
2022-05-23,41198.19209528684,41279.714439391355,40382.383861595285,40570.86328125,139,PAGEIND.BO
2022-05-24,40438.09455186844,41600.81982568801,40348.55754582278,41214.69921875,428,PAGEIND.BO
2022-05-25,41237.01032901972,41745.19889658578,39497.675774383395,39716.23828125,382,PAGEIND.BO
2022-05-26,39927.312262630636,40774.02075363121,38962.18326580275,39984.36328125,639,PAGEIND.BO
2022-05-27,41295.69745229293,43353.49292777122,41295.69745229293,42690.9453125,1304,PAGEIND.BO
2022-05-30,42783.6508884019,43544.51491553022,42783.6508884019,43212.37890625,501,PAGEIND.BO
2022-05-31,43082.39153996246,44144.35261784191,43082.39153996246,43366.2109375,426,PAGEIND.BO
2022-06-01,43376.670637298375,44134.895577626856,42225.03017259546,42425.16796875,295,PAGEIND.BO
2022-06-02,42370.817220066936,42385.907023799846,41613.50356180985,41852.69140625,333,PAGEIND.BO
2022-06-03,42686.07867835955,42802.33285236649,40602.23678296023,40785.19921875,328,PAGEIND.BO
2022-06-06,40859.26098336411,41069.087725727455,40129.38982065073,40416.734375,377,PAGEIND.BO
2022-06-07,40532.79573099862,40541.87814797789,39188.200028733365,39799.31640625,436,PAGEIND.BO
2022-06-08,39696.804771039875,40148.462556406805,39359.91058042851,39726.984375,436,PAGEIND.BO
2022-06-09,39408.45162069872,39989.966577540734,39396.0050680003,39929.4609375,224,PAGEIND.BO
2022-06-10,39509.80460026425,39813.63563010533,39395.95338158613,39725.30078125,272,PAGEIND.BO
2022-06-13,38927.95337660875,39345.391552054236,38692.55774421484,38972.7421875,242,PAGEIND.BO
2022-06-14,38639.50403913957,39484.62304228418,38312.2216728379,38439.09765625,366,PAGEIND.BO
2022-06-15,38878.592955885026,40090.883208750936,38821.451462579884,39350.67578125,3202,PAGEIND.BO
2022-06-16,39648.74013570808,39744.90710361489,38447.26316189874,38495.66015625,384,PAGEIND.BO
2022-06-17,38314.13838133717,38565.149441443915,37244.87271623681,38276.94140625,877,PAGEIND.BO
2022-06-20,38206.96916204497,38595.81593496823,37822.49651638917,38312.890625,299,PAGEIND.BO
2022-06-21,38760.27684036281,38760.27684036281,37462.10703815043,37701.53515625,296,PAGEIND.BO
2022-06-22,37538.95125524608,37625.50641816608,36339.013524035276,37469.5546875,337,PAGEIND.BO
2022-06-23,37774.43465930966,37774.43465930966,37197.72573321334,37447.15234375,282,PAGEIND.BO
2022-06-24,37572.58731763162,38543.380696777385,37537.31270517388,38489.9375,560,PAGEIND.BO
2022-06-27,38591.444482355946,39507.59329952221,38507.00316985515,38602.16015625,414,PAGEIND.BO
2022-06-28,38510.70878615806,38695.87895225077,38122.729266651484,38488.3125,194,PAGEIND.BO
2022-06-29,38533.62959555042,39889.038394723844,37876.08372826239,39422.625,1311,PAGEIND.BO
2022-06-30,39460.7352482289,39460.7352482289,38489.84789619966,38627.296875,338,PAGEIND.BO
2022-07-01,38640.514220677935,39985.158605106015,38620.32940503594,39798.83203125,562,PAGEIND.BO
2022-07-04,39755.43604195799,40543.02682010435,39346.79114663705,40406.828125,379,PAGEIND.BO
2022-07-05,40539.226649257536,40920.52663629723,40306.66951374229,40692.82421875,190,PAGEIND.BO
2022-07-06,40704.41593612309,42051.70371307684,40387.17713238836,41926.55859375,491,PAGEIND.BO
2022-07-07,41907.57358578296,42514.70254321665,41907.524775771664,42286.421875,429,PAGEIND.BO
2022-07-08,42336.44300980396,42413.337534100225,41733.30158485514,41845.51953125,158,PAGEIND.BO
2022-07-11,41755.17745004077,41983.360498143964,41307.0264541939,41733.359375,198,PAGEIND.BO
2022-07-12,41426.93095389228,41667.22637705871,41254.97705092078,41375.69921875,145,PAGEIND.BO
2022-07-13,41737.77609235941,41921.69971321657,41241.520982411006,41827.50390625,142,PAGEIND.BO
2022-07-14,41811.40724387493,42195.879954163436,41662.04109777437,41946.0703125,169,PAGEIND.BO
2022-07-15,42053.093082629275,42778.40230814656,42017.81846453749,42686.41796875,208,PAGEIND.BO
2022-07-18,42695.694522465375,42961.17217827568,42123.79136530944,42368.4609375,7517,PAGEIND.BO
2022-07-19,42249.986198622806,42582.69769725028,41864.26328363763,42057.84375,235,PAGEIND.BO
2022-07-20,42328.13086187903,42752.05698816289,42003.63446312775,42273.91796875,729,PAGEIND.BO
2022-07-21,42170.690849450155,43589.48878390946,42170.690849450155,43426.13671875,210,PAGEIND.BO
2022-07-22,43205.12107466811,44572.74007420299,43205.12107466811,43504.671875,510,PAGEIND.BO
2022-07-25,43571.42672405659,44416.39933209647,43571.42672405659,43805.51953125,258,PAGEIND.BO
2022-07-26,43940.90282424768,44455.03742330116,43887.940209745444,44346.18359375,156,PAGEIND.BO
2022-07-27,44685.91192063189,45492.868949550015,44521.932833694314,45417.08203125,315,PAGEIND.BO
2022-07-28,45751.29328755299,46439.4994682267,45117.87447042453,45911.28125,301,PAGEIND.BO
2022-07-29,46232.69625898853,47234.96845854862,46232.69625898853,46920.90234375,768,PAGEIND.BO
2022-08-01,47097.89947962939,47440.752213285516,46782.489232205466,47332.1875,7498,PAGEIND.BO
2022-08-02,47333.38666361977,47866.842437775704,46899.89377326963,47056.46875,400,PAGEIND.BO
2022-08-03,47030.47192725374,47030.47192725374,45658.18998491027,46148.828125,361,PAGEIND.BO
2022-08-04,46648.4522084905,47254.477257001745,46089.142091417445,47128.8515625,238,PAGEIND.BO
2022-08-05,47330.83774787043,47330.83774787043,46225.33258331162,46376.91015625,334,PAGEIND.BO
2022-08-08,46828.76869259768,46828.76869259768,46300.06998971716,46701.4609375,264,PAGEIND.BO
2022-08-10,46828.62906439667,46905.617464672214,46084.33652402983,46589.4375,231,PAGEIND.BO
2022-08-11,46924.893051387866,47422.78519806175,46435.651540467006,47215.21875,630,PAGEIND.BO
2022-08-12,47866.798783468344,48384.01214656068,46809.547747033226,47283.02734375,1040,PAGEIND.BO
2022-08-16,47674.5680925622,47962.971440292284,47204.45633067377,47775.87890625,601,PAGEIND.BO
2022-08-17,47962.96376238969,48155.20009009466,46317.80376804426,47575.17578125,779,PAGEIND.BO
2022-08-18,47617.85294558885,48282.93328189598,47256.49120104305,48156.52734375,549,PAGEIND.BO
2022-08-19,47937.35247982326,48694.8182411526,47809.50677873913,48110.0,333,PAGEIND.BO
2022-08-22,47857.48116050754,48586.79829193879,47036.79357293192,47149.62890625,275,PAGEIND.BO
2022-08-23,46962.59175655174,48441.048035345084,46785.13625366529,48249.68359375,353,PAGEIND.BO
2022-08-24,47492.89643475994,48117.41156766207,47345.12711200109,47932.54296875,319,PAGEIND.BO
2022-08-25,48346.405688906816,48346.405688906816,47630.32456456425,47780.59375,271,PAGEIND.BO
2022-08-26,48154.314920122466,48406.111809194554,47924.93773554451,48070.01171875,183,PAGEIND.BO
2022-08-29,47251.28872183118,47887.592493476914,47058.81911400295,47476.71875,355,PAGEIND.BO
2022-08-30,48106.73311281844,49560.939183481074,47993.80379136736,49125.4765625,458,PAGEIND.BO
2022-09-01,48791.05763673498,49508.00710299469,48502.35315367737,48762.37890625,412,PAGEIND.BO
2022-09-02,48791.052543242215,48791.052543242215,47974.451246327466,48042.39453125,271,PAGEIND.BO
2022-09-05,48117.412237911194,48225.195241324116,47342.00013969726,47905.50390625,364,PAGEIND.BO
2022-09-06,47909.881844675474,48737.162983747454,47894.097078451254,47950.4921875,339,PAGEIND.BO
2022-09-07,47799.84069893244,48167.11942885989,47395.654407538204,47859.16796875,210,PAGEIND.BO
2022-09-08,48116.45079621875,48426.13521905122,47564.68691602182,47713.03515625,148,PAGEIND.BO
2022-09-09,48035.56651833809,48035.56651833809,46963.70223011773,47086.8828125,373,PAGEIND.BO
2022-09-12,47491.978094967046,47756.2366367461,47076.09709384953,47189.80078125,342,PAGEIND.BO
2022-09-13,47345.12571643507,48026.611092710984,46374.935879263154,46547.91796875,426,PAGEIND.BO
2022-09-14,46219.27730878155,46872.997453431206,45661.25818450274,46461.7890625,495,PAGEIND.BO
2022-09-15,46577.65200242569,47511.56204368526,46577.65200242569,47322.65234375,2389,PAGEIND.BO
2022-09-16,47636.14359677523,47732.4761662558,46481.423363511196,46975.97265625,275,PAGEIND.BO
2022-09-19,47299.31868583118,47299.31868583118,46095.13532955282,46794.18359375,5430,PAGEIND.BO
2022-09-20,47196.25115456466,48597.430136726674,47196.25115456466,48466.55078125,1461,PAGEIND.BO
2022-09-21,48097.3471471188,49710.242851401905,48097.3471471188,49276.8515625,773,PAGEIND.BO
2022-09-22,49079.75367617172,51383.27672911002,48996.848890052366,50958.640625,1801,PAGEIND.BO
2022-09-23,50860.102757899396,51528.885892755534,50524.24323353787,51075.08984375,745,PAGEIND.BO
2022-09-26,50908.222697450954,50908.222697450954,48504.709060965746,48930.98046875,1127,PAGEIND.BO
2022-09-27,49079.70758524017,49440.34756036404,47395.647164378155,47885.53125,641,PAGEIND.BO
2022-09-28,47996.01115220091,48312.1876451425,47547.16969739598,48093.640625,279,PAGEIND.BO
2022-09-29,48473.10517941897,48756.51678150651,47122.64092602423,47845.796875,310,PAGEIND.BO
2022-09-30,48128.57269582635,48956.477809736476,47164.44268899282,48769.109375,554,PAGEIND.BO
2022-10-03,48839.17412010778,49203.56578452885,47386.028249736104,47634.5546875,520,PAGEIND.BO
2022-10-04,48463.426441453084,50565.003339639035,48463.426441453084,50262.87109375,573,PAGEIND.BO
2022-10-06,49879.52376881935,51966.80836906016,49879.52376881935,50957.11328125,883,PAGEIND.BO
2022-10-07,50816.891781731836,51575.222123670654,49164.682857304404,51427.64453125,384,PAGEIND.BO
2022-10-10,50577.21998428962,51036.40291622345,50256.61143156068,50436.4765625,467,PAGEIND.BO
2022-10-11,50412.6150422162,50580.25536206919,49175.997492741204,49501.4140625,7954,PAGEIND.BO
2022-10-12,49512.80565786056,49770.57207883659,48628.35895772963,49064.44921875,786,PAGEIND.BO
2022-10-13,48998.01213431115,49156.17182052615,48582.03708528193,48893.7890625,236,PAGEIND.BO
2022-10-14,49714.04766819092,49805.951929177114,48727.25348373172,48875.40625,340,PAGEIND.BO
2022-10-17,48887.28803130315,49522.34009794625,48266.95688462273,49424.90234375,8014,PAGEIND.BO
2022-10-18,49718.56866612852,50475.11724522181,49512.675008235914,50369.88671875,428,PAGEIND.BO
2022-10-19,50513.5574114316,51100.589791722115,50336.58308766548,50890.125,786,PAGEIND.BO
2022-10-20,50524.24658020061,51966.80663855608,50002.65381727288,51758.98828125,310,PAGEIND.BO
2022-10-21,51582.777622077185,52219.228115504586,50793.50923998185,50992.328125,290,PAGEIND.BO
2022-10-24,51678.05136460365,51678.05136460365,51071.771976385295,51308.65625,43,PAGEIND.BO
2022-10-25,51581.867514684134,51581.867514684134,49764.23221116996,49941.59375,5284,PAGEIND.BO
2022-10-27,50277.8247676214,50667.2862697986,48511.00262533026,48947.5703125,441,PAGEIND.BO
2022-10-28,49521.66639014461,49521.66639014461,47222.42488528612,47382.9453125,622,PAGEIND.BO
2022-10-31,47382.9521944568,48426.13776630148,47198.37303609098,47825.921875,787,PAGEIND.BO
2022-11-01,48021.17872179179,48791.05733857402,47443.76975920512,48392.26171875,393,PAGEIND.BO
2022-11-02,48406.115918594194,48406.115918594194,47546.20890673857,48267.10546875,186,PAGEIND.BO
2022-11-03,47928.10959759292,48546.8016579437,47539.993875515676,47704.07421875,381,PAGEIND.BO
2022-11-04,48172.403172244914,48172.403172244914,47539.99760254319,47792.1328125,314,PAGEIND.BO
2022-11-07,48357.567987429335,48357.567987429335,47395.65202779013,48096.625,638,PAGEIND.BO
2022-11-09,48550.37365947261,48550.37365947261,47486.01644706119,47699.99609375,209,PAGEIND.BO
2022-11-10,47658.61342881116,47715.73030166549,46387.88142174817,47052.28515625,486,PAGEIND.BO
2022-11-11,46780.70803411647,47304.36829993919,45182.2476847168,45776.73828125,1592,PAGEIND.BO
2022-11-14,45230.41926606219,45635.229577444436,44941.808753494435,45072.3046875,934,PAGEIND.BO
2022-11-15,44941.66438067248,45278.869712099404,44316.186872031314,44906.828125,996,PAGEIND.BO
2022-11-16,45134.08245357722,45134.08245357722,44087.86709439755,44486.328125,484,PAGEIND.BO
2022-11-17,44624.25106983747,44624.25106983747,43926.503183621,44233.66796875,676,PAGEIND.BO
2022-11-18,44450.80965417787,44647.47536183464,43712.916997507695,44476.01171875,315,PAGEIND.BO
2022-11-21,44422.6229778147,45142.53843868493,44233.95760682579,44991.89453125,427,PAGEIND.BO
2022-11-22,45025.7185463951,45378.280125721765,44867.17219337461,45219.92578125,204,PAGEIND.BO
2022-11-23,45275.006542250914,45779.273706809596,45182.33794445752,45325.3203125,391,PAGEIND.BO
2022-11-24,45636.29289805595,45636.29289805595,44706.31638885581,44897.82421875,129,PAGEIND.BO
2022-11-25,45250.767238829154,45588.09990195142,44945.19128344614,45486.3203125,162,PAGEIND.BO
2022-11-28,45260.59505113594,45789.194554735244,45260.59505113594,45607.1328125,202,PAGEIND.BO
2022-11-29,45606.2766321098,45770.846808219154,45312.36044185302,45371.05859375,179,PAGEIND.BO
2022-11-30,45547.234652524756,45747.12683890426,45014.20011679951,45695.99609375,187,PAGEIND.BO
2022-12-01,45636.29691350044,46086.15418032993,45521.603791373585,45834.984375,177,PAGEIND.BO
2022-12-02,45844.521851004894,45974.34598346644,45526.03237834925,45828.66796875,149,PAGEIND.BO
2022-12-05,45781.824925889705,46118.193779158806,45525.403160272486,45789.4375,434,PAGEIND.BO
2022-12-06,45780.857680319954,45780.857680319954,45173.6589363494,45317.69921875,137,PAGEIND.BO
2022-12-07,45277.570843893234,45548.06199715739,44374.67494339823,44472.01953125,2229,PAGEIND.BO
2022-12-08,44525.447421633435,44742.93283992209,44028.79667078285,44224.35546875,1796,PAGEIND.BO
2022-12-09,44335.19446496528,44874.4937109099,44046.00326821326,44763.125,152,PAGEIND.BO
2022-12-12,44720.6721602735,44812.2338812913,44318.23354823584,44733.05859375,240,PAGEIND.BO
2022-12-13,44528.8746974222,45138.5808879799,44367.052908168065,45076.65625,296,PAGEIND.BO
2022-12-14,45009.81851124446,45231.110259810266,43371.345460513934,43673.7890625,421,PAGEIND.BO
2022-12-15,43585.88669128789,43585.88669128789,42393.076910153664,42466.27734375,671,PAGEIND.BO
2022-12-16,42259.11129196486,42286.146850206664,41348.313039652065,41412.40625,909,PAGEIND.BO
2022-12-19,41337.705480555705,42527.5258912749,41202.77242466208,42407.33984375,387,PAGEIND.BO
2022-12-20,42337.899934812034,42337.899934812034,41604.29927503744,42079.6484375,5552,PAGEIND.BO
2022-12-21,42214.72396216669,42407.53442563794,41608.680989945606,41690.89453125,655,PAGEIND.BO
2022-12-22,41636.54489961055,42096.08920054691,41367.78559510998,41794.609375,406,PAGEIND.BO
2022-12-23,41450.09954513837,41828.68025084952,41257.77093867776,41475.01171875,283,PAGEIND.BO
2022-12-26,41353.757117701,42267.785633233834,41042.73713361397,41981.00390625,451,PAGEIND.BO
2022-12-27,41782.082494077484,42311.16405333676,41754.516083983646,42059.3203125,265,PAGEIND.BO
2022-12-28,42214.72162453871,43060.12767349976,41782.98478673969,42985.09375,484,PAGEIND.BO
2022-12-29,42985.10195033907,42985.10195033907,41463.00859103206,41657.5546875,1982,PAGEIND.BO
2022-12-30,41817.20775348991,42201.28513268359,41202.78032755272,41310.62890625,253,PAGEIND.BO
2023-01-02,41719.3269838304,41719.3269838304,40313.470528864265,40403.39453125,570,PAGEIND.BO
2023-01-03,40961.83416895976,40961.83416895976,40324.41833294782,40643.6796875,192,PAGEIND.BO
2023-01-04,40850.93757515043,40850.93757515043,40238.968671644645,40688.24609375,418,PAGEIND.BO
2023-01-05,40769.20813118089,40846.16968075967,40420.16668408917,40733.453125,390,PAGEIND.BO
2023-01-06,40736.914345215584,40736.914345215584,39918.88269783695,40220.65234375,327,PAGEIND.BO
2023-01-09,40479.92568183134,40479.92568183134,39614.37737508109,39874.60546875,353,PAGEIND.BO
2023-01-10,40248.50656465496,40248.50656465496,39323.34917661813,39553.07421875,4100,PAGEIND.BO
2023-01-11,39516.11818370001,39674.13371307197,39258.54055968553,39540.0703125,3299,PAGEIND.BO
2023-01-12,39612.49377133893,39998.01682507459,39133.19148180736,39167.9375,289,PAGEIND.BO
2023-01-13,39178.823206168716,39178.823206168716,38626.51257394913,38770.50390625,192,PAGEIND.BO
2023-01-16,38924.337477448214,39186.59105658185,38535.63308200688,38595.24609375,136,PAGEIND.BO
2023-01-17,38537.37050877074,38957.0598354029,38533.082317310465,38864.19921875,112,PAGEIND.BO
2023-01-18,38882.35734676103,39399.827881998106,38871.996415544105,39178.875,11386,PAGEIND.BO
2023-01-19,39213.48010064355,39617.31552713349,38959.03486772388,39215.55078125,416,PAGEIND.BO
2023-01-20,39199.75089407701,39281.91551113234,38614.5275358965,38710.859375,340,PAGEIND.BO
2023-01-23,38937.83136833449,39226.97368047559,38854.80084031418,39126.9296875,180,PAGEIND.BO
2023-01-24,39067.758495858565,39271.69797436437,38586.18965325199,38672.69140625,153,PAGEIND.BO
2023-01-25,38456.02590961587,38630.13626826119,38040.95985612863,38401.375,320,PAGEIND.BO
2023-01-27,38202.630238240716,38657.114422030514,37748.48489302826,38480.3046875,520,PAGEIND.BO
2023-01-30,38455.927151855096,38995.46745419348,38121.05292014535,38790.609375,322,PAGEIND.BO
2023-01-31,38605.30954299027,38922.402211562076,38530.132557736164,38593.1640625,266,PAGEIND.BO
2023-02-01,38370.19520814047,39482.96008083099,38370.19520814047,38943.46875,430,PAGEIND.BO
2023-02-02,38937.87776497243,39173.912751062926,38533.029611093756,38585.4140625,179,PAGEIND.BO
2023-02-03,38820.048244701706,38887.08181235465,38289.18229654651,38374.86328125,153,PAGEIND.BO
2023-02-06,38374.86634108116,38409.66130213965,37684.877971335445,38108.23046875,626,PAGEIND.BO
2023-02-07,38451.972399539256,38451.972399539256,37847.570876718164,37989.05859375,484,PAGEIND.BO
2023-02-08,38015.02942549858,38027.942941123954,37593.60456105495,37944.140625,318,PAGEIND.BO
2023-02-09,38066.53923657516,38066.53923657516,36288.07353052163,36615.625,1721,PAGEIND.BO
2023-02-10,36480.0689302871,38216.80129230341,35794.8017226739,37385.6640625,1675,PAGEIND.BO
2023-02-13,37443.73616048218,38005.29719630083,36673.36393297678,37071.2734375,674,PAGEIND.BO
2023-02-14,37395.68546714504,37395.68546714504,36703.818449095445,37013.34375,368,PAGEIND.BO
2023-02-15,37013.34647332567,37202.9756301972,36490.04785794766,36998.0234375,518,PAGEIND.BO
2023-02-16,36726.90690072666,37522.43230807178,36726.90690072666,37317.57421875,285,PAGEIND.BO
2023-02-17,37375.48527512613,37839.894261194895,37028.99036485474,37540.69921875,369,PAGEIND.BO
2023-02-20,37936.373908485846,37936.373908485846,37038.400437020595,37195.16796875,455,PAGEIND.BO
2023-02-21,37305.60284520217,37704.224183484395,36975.22771229828,37305.3125,341,PAGEIND.BO
2023-02-22,37270.12558239142,37270.12558239142,36585.00144581705,36760.01171875,392,PAGEIND.BO
2023-02-23,37067.652715940545,37067.652715940545,36334.9383734109,36757.93359375,240,PAGEIND.BO
2023-02-24,36732.748756183566,37070.74832042338,36536.74309620957,36729.5625,296,PAGEIND.BO
2023-02-27,36681.57481239483,36719.27066080699,36265.48006632768,36461.1953125,458,PAGEIND.BO
2023-02-28,36643.499424336565,37104.91447056534,36607.9755034543,36645.765625,245,PAGEIND.BO
2023-03-01,36874.492668684,37244.10961126651,36698.713178030084,36858.421875,172,PAGEIND.BO
2023-03-02,36804.7536985734,37000.084376533836,35996.0254161472,36130.296875,368,PAGEIND.BO
2023-03-03,36262.586568120845,36536.589439271695,35619.69452067453,35991.23828125,640,PAGEIND.BO
2023-03-06,36044.48642772181,36218.192061142385,35772.60639892628,36033.67578125,212,PAGEIND.BO
2023-03-08,35830.47470975161,36101.336609665246,35456.85323559707,35993.65625,571,PAGEIND.BO
2023-03-09,36198.93175766942,36198.93175766942,35285.705589802965,35390.5390625,613,PAGEIND.BO
2023-03-10,35281.84645909472,35808.27628383761,34850.64609659581,35762.7109375,724,PAGEIND.BO
2023-03-13,35716.23169169276,35766.1371315618,34875.5955788462,34987.91015625,619,PAGEIND.BO
2023-03-14,34651.448097658526,35135.59678558509,34364.8019991711,35055.04296875,429,PAGEIND.BO
2023-03-15,35426.635787436535,36198.87852939701,35213.25471065528,36146.703125,1000,PAGEIND.BO
2023-03-16,36145.745500000354,36174.753628300736,35562.41176073129,35745.578125,526,PAGEIND.BO
2023-03-17,36198.88277909068,36198.88277909068,35764.49618574159,35941.96875,551,PAGEIND.BO
2023-03-20,35941.96784009863,36681.533620854454,35879.41541809654,36608.89453125,1127,PAGEIND.BO
2023-03-21,36565.069453933,36971.12284973883,36488.471115408036,36887.81640625,400,PAGEIND.BO
2023-03-22,36972.94927725049,37382.33591860201,36888.19866335147,37285.61328125,290,PAGEIND.BO
2023-03-23,36681.62862716347,37143.861915320886,36102.348526608985,36185.9453125,1065,PAGEIND.BO
2023-03-24,36185.36652346731,36464.82188302938,35627.277820594034,35737.70703125,443,PAGEIND.BO
2023-03-27,35737.70726810868,36410.23345799739,35667.77178413645,36202.30859375,344,PAGEIND.BO
2023-03-28,36691.193798923036,36952.742083448764,36391.94965060243,36551.609375,2147,PAGEIND.BO
2023-03-29,36590.9889544484,37128.66303593601,36280.30826692029,36730.33203125,776,PAGEIND.BO
2023-03-31,36806.78889047931,37260.722957074235,36458.55557942323,36617.25,733,PAGEIND.BO
2023-04-03,36613.43605716373,36833.95892357217,36218.193228750926,36472.984375,459,PAGEIND.BO
2023-04-05,36968.66391096137,36968.66391096137,35987.09725262239,36063.16015625,291,PAGEIND.BO
2023-04-06,36005.82090441504,36034.780009700095,35116.67833352625,35187.82421875,521,PAGEIND.BO
2023-04-10,35197.5192074093,35556.419772786714,35043.41002483111,35360.8515625,186,PAGEIND.BO
2023-04-11,35506.32547066881,35712.22546404477,35098.579004526335,35196.84765625,511,PAGEIND.BO
2023-04-12,35422.679218681755,36680.46967993873,35281.842946233715,36535.62890625,386,PAGEIND.BO
2023-04-13,36488.47471053926,36819.57383291267,36221.32694926567,36394.30859375,439,PAGEIND.BO
2023-04-17,36489.82473865264,37017.461176507604,36391.944465274246,36909.0078125,565,PAGEIND.BO
2023-04-18,36681.58492568324,37619.86000202489,36646.49463239123,37219.8359375,449,PAGEIND.BO
2023-04-19,37167.612532310726,37167.612532310726,36633.26802285637,36706.1484375,329,PAGEIND.BO
2023-04-20,36699.9240123281,38549.686906022085,36699.9240123281,37885.65234375,1162,PAGEIND.BO
2023-04-21,37980.540488049046,38787.19860585942,37815.76393768282,38676.765625,620,PAGEIND.BO
2023-04-24,38674.88060651967,39335.970146339365,38400.877728954176,39133.109375,636,PAGEIND.BO
2023-04-25,39177.80225265028,39336.93402017271,38942.89417120598,39237.94140625,588,PAGEIND.BO
2023-04-26,39062.02236069411,39722.24096766454,39061.97334137335,39620.59375,221,PAGEIND.BO
2023-04-27,39394.036041225074,39770.50440819586,39184.22581611502,39279.40625,582,PAGEIND.BO
2023-04-28,39235.39325487621,39316.478762430044,37942.082425966415,38800.4296875,578,PAGEIND.BO
2023-05-02,38940.43970080979,39202.47057146065,38043.71803309419,38822.04296875,486,PAGEIND.BO
2023-05-03,38833.29895535382,39157.35063969343,38603.941297577476,39061.25390625,204,PAGEIND.BO
2023-05-04,39274.28988537676,39616.056349818704,39025.822268311575,39458.0859375,539,PAGEIND.BO
2023-05-05,39573.57945087155,39997.39667632681,39360.29641196992,39685.98828125,223,PAGEIND.BO
2023-05-08,39756.991967648275,40156.62763691954,39675.71416296887,40027.375,538,PAGEIND.BO
2023-05-09,39994.93308566698,40452.87150994158,39673.969705446514,39899.609375,634,PAGEIND.BO
2023-05-10,40041.46344366802,40291.767391019115,39714.27458216245,39946.33203125,139,PAGEIND.BO
2023-05-11,39942.469847078806,40372.80288360358,39867.03288998163,40279.5078125,291,PAGEIND.BO
2023-05-12,39091.22014776647,40832.28826458895,39091.22014776647,40797.0546875,299,PAGEIND.BO
2023-05-15,40822.69203356172,41263.88482823345,40680.64910740229,40784.12890625,642,PAGEIND.BO
2023-05-16,41194.28003947917,42086.26954035448,40963.331164790994,41517.99609375,858,PAGEIND.BO
2023-05-17,41556.362529733946,41869.93909294532,40840.05835072638,40930.796875,288,PAGEIND.BO
2023-05-19,40446.36098693348,40759.941345333486,40060.09628967057,40174.38671875,309,PAGEIND.BO
2023-05-22,40249.29091170739,40586.13278188395,40156.62178451236,40325.7421875,190,PAGEIND.BO
2023-05-23,40299.5905577792,40431.739105204535,39915.92764607935,40352.1015625,274,PAGEIND.BO
2023-05-24,40432.656474802585,40432.656474802585,39673.97688508153,39826.3515625,579,PAGEIND.BO
2023-05-25,39654.715026134436,40011.82828584754,39587.434129336296,39712.1015625,559,PAGEIND.BO
2023-05-26,35740.892983212674,36560.86926935591,33755.31274610581,36156.6484375,9985,PAGEIND.BO
2023-05-30,36585.10521534747,38110.76758586916,36585.10521534747,37551.1328125,3812,PAGEIND.BO
2023-05-31,37617.931657198336,38273.85547686564,37262.02496128833,37398.56640625,2255,PAGEIND.BO
2023-06-01,37656.878623116914,37875.23331733881,37352.47239064748,37765.765625,725,PAGEIND.BO
2023-06-02,38091.13327263878,38091.13327263878,37187.4789978975,37250.99609375,1114,PAGEIND.BO
2023-06-05,37559.59699230367,37703.64814460614,37002.96980479934,37616.54296875,506,PAGEIND.BO
2023-06-06,37616.67933473954,37752.99617110641,37358.54745310868,37537.3046875,813,PAGEIND.BO
2023-06-07,37444.695324216606,38062.230023036034,37444.695324216606,37933.1640625,1227,PAGEIND.BO
2023-06-08,37801.33874788453,37975.36025618682,37559.64220857581,37638.484375,406,PAGEIND.BO
2023-06-09,37607.99041294741,37905.1790373807,36987.120951200566,37059.7734375,699,PAGEIND.BO
2023-06-12,37221.368159374135,37270.57606802988,36689.537542002385,36866.07421875,636,PAGEIND.BO
2023-06-13,36931.231183280164,37193.76271941483,36853.88829074974,37131.9375,348,PAGEIND.BO
2023-06-14,37184.53176145261,37269.608949196554,36979.57308188763,37206.71875,1069,PAGEIND.BO
2023-06-15,37172.926847067116,37649.55241106202,36953.03209622143,37156.92578125,317,PAGEIND.BO
2023-06-16,37459.0496956211,37753.00180040847,37124.5907589164,37271.9765625,1364,PAGEIND.BO
2023-06-19,37508.64331711265,37607.9805923276,37221.26613893606,37535.328125,305,PAGEIND.BO
2023-06-20,37506.46893516136,37577.96201612093,37172.104432388245,37366.9609375,567,PAGEIND.BO
2023-06-21,37405.0000889671,37452.32350919341,36899.37100212159,36978.1640625,724,PAGEIND.BO
2023-06-22,37014.376170549076,37067.54941114303,36564.82059098199,36698.4296875,330,PAGEIND.BO
2023-06-23,36821.02052594981,36821.02052594981,36109.46585738133,36447.6484375,1100,PAGEIND.BO
2023-06-26,36447.64741136097,36757.694992724115,36366.92076305565,36616.01171875,485,PAGEIND.BO
2023-06-27,36592.908167504516,36881.05956076334,36570.1886909335,36674.26171875,437,PAGEIND.BO
2023-06-28,36821.021031974116,36960.23825165075,36125.176630152884,36222.53125,946,PAGEIND.BO
2023-06-30,36540.65110534095,36698.18816085559,36333.37365528756,36408.4921875,334,PAGEIND.BO
2023-07-07,35950.856263735644,36191.00817980475,35239.350839333325,35372.81640625,1347,PAGEIND.BO
2023-07-10,35626.06396428439,35718.342932331296,35150.45434869776,35188.01171875,1182,PAGEIND.BO
2023-07-14,35094.38789563554,35738.16931086137,35094.38789563554,35461.91015625,1032,PAGEIND.BO
2023-07-17,35732.421263873526,35735.07992616995,35310.17735188769,35409.03125,989,PAGEIND.BO
2023-07-19,35293.0602558583,35515.37197173302,34985.18796725425,35262.75,885,PAGEIND.BO
2023-07-20,35479.06718596259,35674.40707267435,35194.83207270063,35377.89453125,1038,PAGEIND.BO
2023-07-21,35423.09394289658,35670.44391564967,35238.97027430754,35440.49609375,672,PAGEIND.BO
2023-07-24,35626.024576224096,36687.41238206591,35324.870656319996,36218.90625,539,PAGEIND.BO
2023-07-26,35964.54459378789,36617.02708529309,35964.54459378789,36392.68359375,1237,PAGEIND.BO
2023-07-28,35849.45430448213,36196.481514987034,35849.45430448213,36068.140625,469,PAGEIND.BO
2023-08-03,37027.9650860468,37753.00573016464,37027.9650860468,37493.1328125,1342,PAGEIND.BO
2023-08-04,37493.80213316286,37752.99900956556,37345.01525586424,37599.8125,976,PAGEIND.BO
2023-08-07,37801.29323519226,38048.88870412476,37463.20883927321,38023.36328125,514,PAGEIND.BO
2023-08-08,38023.36530782191,38051.30769780805,37753.1032187601,37835.47265625,246,PAGEIND.BO
2023-08-09,37959.845660126455,38328.72370362276,37599.865071204695,37669.6171875,395,PAGEIND.BO
2023-08-10,37846.05213547722,38961.48165047053,37279.37194708744,38735.9296875,1607,PAGEIND.BO
2023-08-11,38672.41718827742,39690.82832401102,37278.843889029486,39575.5390625,1259,PAGEIND.BO
2023-08-14,39262.250658103636,39751.24807320141,39090.064533609744,39625.6640625,2030,PAGEIND.BO
2023-08-16,39831.54490420543,40034.135720731785,39209.65964110492,39939.05078125,303,PAGEIND.BO
2023-08-17,39754.29941031801,40075.17425379481,39609.37588657413,39875.921875,291,PAGEIND.BO
2023-08-18,39855.67431948248,39855.67431948248,38410.507086730075,39016.13671875,787,PAGEIND.BO
2023-08-21,39016.14050604426,39412.13264239292,39006.21289473038,39321.4296875,148,PAGEIND.BO
2023-08-22,39345.198227569854,39371.398188464555,39032.45582071387,39112.41015625,111,PAGEIND.BO
2023-08-23,39032.45996227428,39308.39760135699,38548.18626547187,38680.5859375,472,PAGEIND.BO
2023-08-24,38728.32751653828,38862.955574478525,38645.081643144076,38725.421875,137,PAGEIND.BO
2023-08-25,38451.371458804904,38635.92887692966,37886.803048874186,38065.5,421,PAGEIND.BO
2023-08-28,38050.345666674795,38488.855415709746,37792.71210898668,38313.11328125,912,PAGEIND.BO
2023-08-29,38209.243219352145,38594.675891479324,38188.952908474916,38322.70703125,250,PAGEIND.BO
2023-08-30,38433.75547217044,38671.533867000544,38291.57195231125,38456.41796875,634,PAGEIND.BO
2023-08-31,38582.278538569815,39398.62022604247,38454.57783422137,38879.1875,551,PAGEIND.BO
2023-09-01,38181.83219418558,38920.64088297493,38181.83219418558,38567.12109375,281,PAGEIND.BO
2023-09-04,39032.411738309085,39032.411738309085,38231.03711848431,38356.55859375,389,PAGEIND.BO
2023-09-05,38451.37770995831,38550.26412109671,38189.77156600238,38266.578125,188,PAGEIND.BO
2023-09-06,38732.10981801261,39934.273804977856,38193.93800107006,39521.81640625,2162,PAGEIND.BO
2023-09-07,39522.92845624981,41361.087529272496,39520.07199828926,41103.83984375,1247,PAGEIND.BO
2023-09-08,41076.04844622349,41502.25851113515,40485.33286585798,40560.5390625,450,PAGEIND.BO
2023-09-11,40581.160269252796,40858.30854493918,40211.41736529835,40346.72265625,764,PAGEIND.BO
2023-09-12,40388.42931443293,40574.29205972115,39495.57231993818,39546.03515625,317,PAGEIND.BO
2023-09-13,39619.40365022233,39661.05119231786,38622.817466453766,38934.3984375,442,PAGEIND.BO
2023-09-14,38844.61108511331,39506.079773165446,38752.64826645296,38819.5234375,257,PAGEIND.BO
2023-09-15,39018.8484838494,40001.0046587896,38774.72537307379,39343.65234375,785,PAGEIND.BO
2023-09-18,39168.10629905414,39577.851036011314,38935.60573746903,39045.4375,506,PAGEIND.BO
2023-09-20,39057.301349452144,40059.11985065871,38548.52643473257,38622.95703125,870,PAGEIND.BO
2023-09-21,38589.20256551614,38924.9479783521,38094.07815219418,38291.953125,930,PAGEIND.BO
2023-09-22,38669.25629904349,38669.25629904349,37987.05840061032,38165.3203125,576,PAGEIND.BO
2023-09-25,38165.36441365372,38470.69895153061,38009.284528820586,38200.5234375,478,PAGEIND.BO
2023-09-26,38112.435738624496,38257.32814891272,37777.80263667989,37861.33984375,506,PAGEIND.BO
2023-09-27,38015.43278558018,38015.43278558018,37095.36202386175,37477.83984375,654,PAGEIND.BO
2023-09-28,37477.93722426439,37921.53188116355,37107.27493466399,37573.4375,1435,PAGEIND.BO
2023-09-29,37967.00588112685,38299.55811786537,37445.9766053476,37774.60546875,2091,PAGEIND.BO
2023-10-03,37821.724898823944,38185.84951900816,37539.54089794659,37877.3671875,770,PAGEIND.BO
2023-10-04,37550.57665477479,38066.08592546099,37504.95656622138,37983.80859375,455,PAGEIND.BO
2023-10-05,38063.90855948054,38306.045382378,37773.34437200359,37824.7265625,168,PAGEIND.BO
2023-10-06,38243.81273557988,38294.177190155264,37926.32220563675,38181.390625,403,PAGEIND.BO
2023-10-09,37385.97524475195,38402.90073334487,37385.97524475195,38133.88671875,715,PAGEIND.BO
2023-10-10,37976.74099745073,38287.93601279911,37976.74099745073,38064.39453125,176,PAGEIND.BO
2023-10-11,38064.44217752041,38530.94146912471,38064.44217752041,38251.2734375,453,PAGEIND.BO
2023-10-12,38515.20281047815,38530.748751346044,38183.28240690521,38226.140625,302,PAGEIND.BO
2023-10-13,38136.74111077336,38346.14027058495,37831.0698671891,38064.53515625,300,PAGEIND.BO
2023-10-16,37937.71176351845,38228.56731535195,37639.64128996133,37691.265625,462,PAGEIND.BO
2023-10-17,37691.31121080615,38220.47478214195,37691.31121080615,38047.4453125,287,PAGEIND.BO
2023-10-18,38047.44479517509,38332.00475763693,37367.52456896495,37402.68359375,318,PAGEIND.BO
2023-10-19,37434.35244234464,37676.19794193755,37200.69041060556,37468.30078125,624,PAGEIND.BO
2023-10-20,37289.124546777224,37465.1088548634,36360.28757865106,36472.83203125,447,PAGEIND.BO
2023-10-23,36461.93368130052,36700.87355680632,35828.88961749907,36160.1328125,895,PAGEIND.BO
2023-10-25,36160.229237833824,36279.31137190854,35711.74265307286,35885.453125,484,PAGEIND.BO
2023-10-26,35836.30412945982,36058.05230709975,35266.991192865586,35912.4296875,419,PAGEIND.BO
2023-10-27,36417.33504475683,36432.1545774638,36159.89437509995,36360.53125,598,PAGEIND.BO
2023-10-30,36334.18530917668,36978.314726891265,36216.06792775943,36372.73046875,628,PAGEIND.BO
2023-10-31,36475.54455866076,36908.92033956596,36256.94416541675,36655.3046875,387,PAGEIND.BO
2023-11-01,36514.28687818165,36744.653611744114,36188.03016675552,36238.87890625,396,PAGEIND.BO
2023-11-02,36326.38738327341,36543.341997378535,35870.201565222014,36393.16796875,244,PAGEIND.BO
2023-11-03,36671.47797784182,36671.47797784182,36130.97940628993,36230.3046875,284,PAGEIND.BO
2023-11-06,36243.09338669341,36585.425713217905,36225.61034920714,36342.3203125,281,PAGEIND.BO
2023-11-07,36223.72459014122,36339.901102580094,35997.66334043478,36083.52734375,463,PAGEIND.BO
2023-11-08,36171.37128250669,36733.03040768631,36059.45487350499,36672.98046875,644,PAGEIND.BO
2023-11-09,36897.73410297638,37506.99962699719,36108.41712315255,36474.4296875,936,PAGEIND.BO
2023-11-10,36422.9531062511,37192.221915000824,36259.31777197725,37136.14453125,724,PAGEIND.BO
2023-11-13,37192.17183261716,37192.17183261716,35759.49724221535,35884.6328125,1239,PAGEIND.BO
2023-11-15,36126.81813064098,36126.81813064098,35642.54442915785,35821.09765625,972,PAGEIND.BO
2023-11-16,35884.72685393484,36301.15301126994,35767.627214663495,36267.01171875,362,PAGEIND.BO
2023-11-17,36626.28884802771,36661.08247417085,36182.09578103955,36381.67578125,902,PAGEIND.BO
2023-11-20,36258.57624671126,36577.382651991014,36248.871333308525,36402.015625,186,PAGEIND.BO
2023-11-21,36296.41966127503,36927.18964980389,36296.41966127503,36561.5078125,290,PAGEIND.BO
2023-11-22,36749.29948506533,37146.47302077229,36522.64050019987,36658.171875,224,PAGEIND.BO
2023-11-23,36674.720646242546,36825.29084879025,36514.540305635055,36607.46484375,319,PAGEIND.BO
2023-11-24,36633.612792288724,36674.1800784594,36316.74744818164,36383.08203125,357,PAGEIND.BO
2023-11-28,36490.419600852845,36783.79984690853,36382.55102106414,36540.0625,255,PAGEIND.BO
2023-11-29,36635.9903078177,36733.0394193159,36201.25957105771,36242.94140625,186,PAGEIND.BO
2023-11-30,36446.74713934144,36446.74713934144,35976.108197766785,36118.28515625,310,PAGEIND.BO
2023-12-01,36262.018087349265,36811.410897434675,36064.86051961159,36700.4375,464,PAGEIND.BO
2023-12-04,36878.618420600746,37087.323323260396,36296.95676129466,36363.23828125,1096,PAGEIND.BO
2023-12-05,36635.94442878675,36635.94442878675,35714.07634941011,35721.59765625,15805,PAGEIND.BO
2023-12-06,35908.17366625346,36470.13734232656,35597.61648859938,35685.98046875,582,PAGEIND.BO
2023-12-07,35812.09923413124,36596.49882238051,35614.119010187096,36329.37109375,1441,PAGEIND.BO
2023-12-08,36393.37115746677,36587.51868257148,36005.273238284746,36245.76171875,452,PAGEIND.BO
2023-12-11,36248.716269550336,36286.66398979408,35811.12332771868,36179.1328125,1153,PAGEIND.BO
2023-12-12,36010.123552028475,36544.81489513011,36010.123552028475,36334.4609375,1318,PAGEIND.BO
2023-12-13,36243.3770324545,36587.51469502338,36057.62655116442,36523.12109375,812,PAGEIND.BO
2023-12-14,36514.73230016499,36670.98138721686,36322.624320585375,36579.02734375,1163,PAGEIND.BO
2023-12-15,36684.46868844901,36951.45233318977,36595.86587493012,36688.44921875,1073,PAGEIND.BO
2023-12-18,36688.502054195254,37453.39324893916,36491.00707644192,36843.6328125,594,PAGEIND.BO
2023-12-19,36722.12825583915,36947.67270769271,36587.52187123599,36629.3515625,1374,PAGEIND.BO
2023-12-20,36629.390946187596,37030.40091574206,35762.59830581371,35980.375,681,PAGEIND.BO
2023-12-21,36053.754989338,36193.11906875821,35666.14224616843,36130.23046875,843,PAGEIND.BO
2023-12-22,36282.78113457054,36587.46606452495,35904.43365377137,36465.33203125,1164,PAGEIND.BO
2023-12-26,36878.569811749316,36878.569811749316,36325.537634370165,36430.8359375,201,PAGEIND.BO
2023-12-27,36430.83288954903,36878.616009094956,36296.37057671631,36817.42578125,251,PAGEIND.BO
2023-12-28,36817.424619746955,37494.584827525956,36723.38554261193,37404.234375,2124,PAGEIND.BO
2023-12-29,37270.794864719326,37725.614067964976,37242.65061875857,37359.88671875,543,PAGEIND.BO
2024-01-01,37499.779716153826,37839.45163387261,37364.88144025979,37626.9140625,249,PAGEIND.BO
2024-01-02,37461.0130084109,38072.37323723461,37027.783422756394,38032.875,382,PAGEIND.BO
2024-01-03,38035.73620395574,38188.83120070061,37558.011879723344,37617.11328125,941,PAGEIND.BO
2024-01-04,37616.232783083804,38014.27816751667,37476.626130317796,37921.55078125,244,PAGEIND.BO
2024-01-05,37946.30842400086,38043.258988550966,37558.0133381868,37742.1640625,692,PAGEIND.BO
2024-01-08,37673.15483343847,37742.30232800424,36490.46730768952,36593.1953125,508,PAGEIND.BO
2024-01-09,36729.21462382088,36839.12276619122,35112.18273903751,35403.91015625,2474,PAGEIND.BO
2024-01-10,34695.787995363215,36102.27235589496,34695.787995363215,36052.390625,1643,PAGEIND.BO
2024-01-11,36102.22018995797,36199.31858419567,35707.279588962774,35730.86328125,803,PAGEIND.BO
2024-01-12,35734.16521212729,36283.705864007774,35587.91294385399,35792.78515625,650,PAGEIND.BO
2024-01-15,35721.88798046352,36682.624948272445,35548.50745975049,36487.9921875,2024,PAGEIND.BO
2024-01-16,36767.012148840244,38600.90323520747,36524.34005077404,37124.30078125,2506,PAGEIND.BO
2024-01-17,37124.19602243509,37217.799130768704,36296.36711471185,36602.12109375,627,PAGEIND.BO
2024-01-19,36684.56726892313,36880.750548123564,36417.68218958573,36527.734375,274,PAGEIND.BO
2024-01-23,36341.06467955484,36547.87409062151,35481.16014812961,35556.95703125,441,PAGEIND.BO
2024-01-24,35626.727484338655,35747.9895863759,35132.74752548471,35523.46875,13841,PAGEIND.BO
2024-01-25,35422.97559100965,35731.349148117835,35139.78552057375,35610.765625,766,PAGEIND.BO
2024-01-29,35907.15764672986,36752.50483580086,35384.984054445806,36504.203125,449,PAGEIND.BO
2024-01-30,36296.42007457386,36584.84930031687,35792.7844257537,35894.63671875,146,PAGEIND.BO
2024-01-31,35894.638399646385,36296.323208768335,35799.96622068677,36188.50390625,408,PAGEIND.BO
2024-02-01,36188.504763019504,36188.504763019504,35845.82278057917,35908.46875,320,PAGEIND.BO
2024-02-02,35878.82106267199,36099.26664706809,35790.79825916221,35893.234375,236,PAGEIND.BO
2024-02-05,35893.27389938048,36254.44445448494,35498.57590791718,35629.15625,910,PAGEIND.BO
2024-02-06,35739.36207542429,35905.94539151032,35181.378857893105,35286.72265625,419,PAGEIND.BO
2024-02-07,35286.72078070488,35375.42595584299,35015.324418119446,35186.32421875,1221,PAGEIND.BO
2024-02-08,35228.830568013655,36247.846328245454,34840.68337068161,35635.90234375,1089,PAGEIND.BO
2024-02-09,35655.84529271459,35812.09436980025,34830.927804995285,35238.2421875,953,PAGEIND.BO
2024-02-12,35422.9294556153,35422.9294556153,34646.58576400282,35017.21484375,2092,PAGEIND.BO
2024-02-13,35223.979829265285,35275.60920543784,34879.59949368509,34934.7734375,246,PAGEIND.BO
2024-02-14,35044.33754610755,35092.573989990415,34644.49518449065,34977.71484375,294,PAGEIND.BO
2024-02-15,35172.11069254916,35360.821972793085,34986.212320759434,35220.97265625,209,PAGEIND.BO
2024-02-16,35228.95055552905,35523.867500912485,35131.53444773844,35350.01171875,228,PAGEIND.BO
2024-02-19,35618.07568855926,35910.027533702625,35342.08615849084,35674.66796875,370,PAGEIND.BO
2024-02-20,35618.02372539959,35683.13126308966,35260.86932701939,35437.6484375,365,PAGEIND.BO
2024-02-21,35520.80666136941,35647.12524918519,35228.85482579651,35316.828125,214,PAGEIND.BO
2024-02-22,35408.29965807066,35495.44802476858,35043.02160321194,35110.12109375,186,PAGEIND.BO
2024-02-23,35223.93508108615,35423.484895714275,35034.21583092621,35122.53125,167,PAGEIND.BO
2024-02-26,35423.14455791196,35453.41174981372,34707.087118150186,35110.26953125,639,PAGEIND.BO
2024-02-27,35304.80983091136,35304.80983091136,34556.73271125626,34633.7578125,1161,PAGEIND.BO
2024-02-28,35277.462659493765,35277.462659493765,33350.58062045166,33548.76953125,894,PAGEIND.BO
2024-02-29,33527.74576526528,33670.46002073299,33087.87170611342,33383.765625,1210,PAGEIND.BO
2024-03-01,33380.02541974933,34825.96652144698,33379.9760008114,34656.9765625,815,PAGEIND.BO
2024-03-04,34728.646740955846,34728.646740955846,34183.084514130474,34520.0,342,PAGEIND.BO
2024-03-05,34547.682937528356,34780.807236111985,34344.677576045055,34719.54296875,1292,PAGEIND.BO
2024-03-06,34648.50226430829,34798.37087561284,34465.986746705974,34735.1640625,228,PAGEIND.BO
2024-03-07,34769.08154264703,34948.58251002266,34515.37614732561,34894.328125,245,PAGEIND.BO
2024-03-11,35032.27338297263,35147.69319410512,34716.28494476807,34885.46875,253,PAGEIND.BO
2024-03-12,34839.82690439772,34920.113654339766,34062.018602686425,34143.1796875,217,PAGEIND.BO
2024-03-13,34397.71224918835,34397.76166811368,32990.55396789039,33092.8359375,492,PAGEIND.BO
2024-03-14,33092.88206235574,33696.73572167537,32782.002804162374,33449.94140625,473,PAGEIND.BO
2024-03-15,33560.396640778556,34131.21184954742,33224.116053240825,33680.77734375,523,PAGEIND.BO
2024-03-18,34352.75613366833,34523.93570654719,33668.47120816015,33866.80078125,456,PAGEIND.BO
2024-03-19,33810.21065316557,33810.21065316557,33023.157199064364,33103.39453125,275,PAGEIND.BO
2024-03-20,32991.28554027012,33238.228121358836,32212.01747403644,32332.10546875,349,PAGEIND.BO
2024-03-21,32698.603758357756,33296.56898257022,32390.450133699553,33104.515625,325,PAGEIND.BO
2024-03-22,33074.24765023766,33574.458422091426,33068.11590188679,33522.9296875,201,PAGEIND.BO
2024-03-26,33185.42812855104,33819.69335484067,33185.42812855104,33651.140625,401,PAGEIND.BO
2024-03-27,33769.09515706845,33801.20985851465,33422.69506948767,33515.92578125,223,PAGEIND.BO
2024-03-28,33721.11799126814,33721.11799126814,33192.977872833384,33504.34375,558,PAGEIND.BO
2024-04-01,33504.34316118626,33889.38125373428,32946.57070107587,33797.21875,424,PAGEIND.BO
2024-04-02,33769.730556225084,34353.29596458681,33633.97293713971,34047.328125,12664,PAGEIND.BO
2024-04-03,34060.69963515745,34157.38585572446,33762.4716454703,33870.8359375,415,PAGEIND.BO
2024-04-04,33827.482008421866,34000.90061792073,33525.79848072881,33551.9296875,521,PAGEIND.BO
2024-04-05,33449.89283513637,33449.89283513637,33185.189854478944,33259.1015625,1645,PAGEIND.BO
2024-04-08,33195.9464865989,34146.63746536867,32922.48493237842,34068.4453125,1566,PAGEIND.BO
2024-04-09,34061.82164907343,35433.45906424384,33960.8055688966,35348.9375,1055,PAGEIND.BO
2024-04-10,35228.8536492666,36494.95140058416,35228.8536492666,36357.296875,927,PAGEIND.BO
2024-04-12,36356.51692732605,36356.51692732605,34703.82632949204,34872.52734375,993,PAGEIND.BO
2024-04-15,34255.73413932381,34868.783623055504,33885.34302770201,34332.953125,1556,PAGEIND.BO
2024-04-16,34184.83723073984,34985.56462734205,34184.83723073984,34741.34765625,249,PAGEIND.BO
2024-04-18,34659.50010649535,34772.92415745594,34114.572753442146,34435.33203125,596,PAGEIND.BO
2024-04-19,34128.195436398986,34535.71152864547,33900.765723238255,34407.3515625,753,PAGEIND.BO
2024-04-22,34547.39034251403,34893.35326526035,34438.052860270385,34527.68359375,165,PAGEIND.BO
2024-04-23,34667.38264327979,35100.3951024865,34659.0612558918,35009.16015625,177,PAGEIND.BO
2024-04-24,34833.45150592418,35466.54977700041,34833.45150592418,35286.26953125,349,PAGEIND.BO
2024-04-25,35292.74166692203,35409.86453077605,34457.80884632558,34587.19140625,548,PAGEIND.BO
2024-04-26,34839.57873501629,34839.57873501629,34224.58307682711,34280.734375,1779,PAGEIND.BO
2024-04-29,34523.984333025684,34523.984333025684,34061.04680855041,34165.76171875,581,PAGEIND.BO
2024-04-30,34449.292436831696,34601.10738441492,33730.16720022147,33848.6015625,638,PAGEIND.BO
2024-05-02,33868.06702850921,34079.34436369124,33848.60357253505,33983.29296875,180,PAGEIND.BO
2024-05-03,33978.32557639548,34177.240560118276,33593.33692712852,33789.62890625,237,PAGEIND.BO
2024-05-06,34124.30978101046,34170.242784348455,33456.17712623305,33480.45703125,314,PAGEIND.BO
2024-05-07,33665.35708155709,33870.30881002938,32990.5605292494,33422.11328125,220,PAGEIND.BO
2024-05-08,33525.701786257814,33739.60591308544,33350.24178380786,33546.625,123,PAGEIND.BO
2024-05-09,33501.4717988623,33846.94812387599,33258.71461753474,33395.58984375,136,PAGEIND.BO
2024-05-10,33418.45483969189,33774.54097988936,33258.36794475113,33620.58203125,132,PAGEIND.BO
2024-05-13,33355.45375608488,34270.529049869336,33152.8893252196,34166.15625,657,PAGEIND.BO
2024-05-14,34052.480506949396,34382.19218465242,33887.09056353887,34308.9609375,171,PAGEIND.BO
2024-05-15,34228.48222425182,34337.28370067051,33828.9948005459,34077.4921875,349,PAGEIND.BO
2024-05-16,34352.95108317788,34790.82943268618,34206.29469968252,34705.2890625,821,PAGEIND.BO
2024-05-17,34705.28865236655,35032.22529667298,34387.791023999256,34598.2890625,669,PAGEIND.BO
2024-05-21,34844.39876171165,34844.39876171165,34119.533364122704,34238.35546875,684,PAGEIND.BO
2024-05-22,34236.21453987797,35472.972548464924,33871.27478852907,35330.984375,592,PAGEIND.BO
2024-05-23,35520.85598355364,35520.85598355364,34232.08250727527,34706.94140625,3898,PAGEIND.BO
2024-05-24,34061.099234894624,34889.21991291452,33642.68432751813,34600.33203125,2492,PAGEIND.BO
2024-05-27,34086.35369699996,36023.35549962033,34086.35369699996,35532.92578125,1097,PAGEIND.BO
2024-05-28,35676.51542867843,35812.07916221615,35072.36898431397,35363.34765625,139,PAGEIND.BO
2024-05-29,35236.884448478275,35857.137660408414,35112.124454347686,35550.24609375,215,PAGEIND.BO
2024-05-30,35277.55964540116,37441.79688323698,35247.63458500215,36951.51171875,4139,PAGEIND.BO
2024-05-31,37000.07917438636,37000.07917438636,34907.56929548687,35118.5859375,1883,PAGEIND.BO
2024-06-03,35404.00252000872,35851.37282622116,35101.3624874373,35489.71875,1260,PAGEIND.BO
2024-06-04,35486.98017478266,36121.54790830697,34935.1503111294,35820.421875,2968,PAGEIND.BO
2024-06-05,35852.099610927165,37706.94027769354,35852.099610927165,37578.07421875,1238,PAGEIND.BO
2024-06-06,37769.42661442942,38562.19782636918,36609.68148073023,37864.7109375,469,PAGEIND.BO
2024-06-07,37830.24750148934,37834.297447421806,37197.3881536699,37447.69921875,341,PAGEIND.BO
2024-06-10,37616.93109132781,37856.35837791999,36950.146843652146,37720.26953125,1351,PAGEIND.BO
2024-06-11,37621.57098323712,38185.21513335134,37547.32579062421,38015.9296875,319,PAGEIND.BO
2024-06-12,38074.06504859495,38330.82092315343,37606.292515843474,37698.79296875,338,PAGEIND.BO
2024-06-13,37781.67219460868,38022.220637003185,37758.3869162349,37895.40625,127,PAGEIND.BO
2024-06-14,37988.29693552795,38135.71189634612,37407.472990025766,37581.44140625,285,PAGEIND.BO
2024-06-18,37581.44269666629,37771.42403902463,37372.23364688952,37509.0546875,195,PAGEIND.BO
2024-06-19,37508.81109478486,38269.31612700259,37435.59173995003,38014.07421875,404,PAGEIND.BO
2024-06-20,37995.96439897504,38659.81989207122,37698.25526076538,38592.01953125,489,PAGEIND.BO
2024-06-21,38424.04968368033,38939.025767833475,38380.80069248971,38831.34375,150,PAGEIND.BO
2024-06-24,38831.3474163441,39520.82967942058,38332.82275747831,39384.203125,312,PAGEIND.BO
2024-06-25,39262.02690369728,39710.274282731916,39253.72870988758,39471.140625,723,PAGEIND.BO
2024-06-26,39148.000655699856,39831.33177226278,38501.81311024044,38613.79296875,318,PAGEIND.BO
2024-06-27,38645.07454560807,39245.572378726516,38332.7215550118,39108.1640625,280,PAGEIND.BO
2024-06-28,38318.18157812772,39267.054914785236,37982.688180145866,38246.62109375,183,PAGEIND.BO
2024-07-01,38074.06578661896,38324.62090183455,37694.69036468542,38124.63671875,637,PAGEIND.BO
2024-07-02,38220.45751642803,38638.97862832038,37811.45492162757,37868.7109375,550,PAGEIND.BO
2024-07-03,37927.62526162478,38265.70418721186,37419.3837951353,37473.71484375,199,PAGEIND.BO
2024-07-04,37794.611989107376,37830.0013452045,37410.21036253514,37789.09765625,255,PAGEIND.BO
2024-07-05,37920.35460670454,38610.95805726828,37800.713414536185,38452.46484375,710,PAGEIND.BO
2024-07-08,39308.987486372745,39308.987486372745,37949.01021605401,38525.58984375,120,PAGEIND.BO
2024-07-09,38269.45866753459,38980.5177101035,38269.45866753459,38483.796875,533,PAGEIND.BO
2024-07-10,38318.865172415666,38606.17871309592,38055.22589223824,38514.26171875,815,PAGEIND.BO
2024-07-11,38367.48422827993,38801.81996771978,38259.75261257431,38464.81640625,74,PAGEIND.BO
2024-07-12,38416.489030952325,38900.125775872555,38171.69230853887,38809.7265625,541,PAGEIND.BO
2024-07-15,38605.20225818094,39733.707115634475,38415.75859951392,39582.2421875,265,PAGEIND.BO
2024-07-16,39528.6860903335,40343.86151353499,39415.440163277955,39916.2109375,1195,PAGEIND.BO
2024-07-18,39682.89284985821,39917.438877158915,38779.36590597976,39180.0703125,225,PAGEIND.BO
2024-07-19,39176.549276027996,39731.69683899934,38971.68001793283,39519.8984375,254,PAGEIND.BO
2024-07-22,38729.626695571664,39866.4793552138,38653.722621473615,39296.5390625,210,PAGEIND.BO
2024-07-23,39331.97392981278,40026.58155856693,39157.85677462975,39889.7109375,1632,PAGEIND.BO
2024-07-24,39831.33077733772,40418.06189981762,39724.33136337569,40081.69140625,377,PAGEIND.BO
2024-07-25,39733.75260780393,40465.896577018735,39733.75260780393,40342.30078125,472,PAGEIND.BO
2024-07-26,40539.06518015236,40616.5327803507,40228.56555054968,40441.1953125,518,PAGEIND.BO
2024-07-29,40588.907313643824,40734.369772507904,40012.47647341732,40141.29296875,238,PAGEIND.BO
2024-07-30,40036.48737263868,41587.27327843369,40036.48737263868,41492.8203125,547,PAGEIND.BO
2024-07-31,41588.54354012822,41832.65762932253,41198.08989398858,41376.0625,242,PAGEIND.BO
2024-08-01,41299.377716128925,41394.31881432692,40807.587708753694,41003.62109375,146,PAGEIND.BO
2024-08-02,41003.576602157234,41883.528456313245,41003.576602157234,41748.16796875,226,PAGEIND.BO
2024-08-05,41100.51485153791,41295.7168924449,40188.983442549805,40406.58984375,304,PAGEIND.BO
2024-08-06,40017.011578711055,41224.93641521638,39907.23212473179,40020.37890625,259,PAGEIND.BO
2024-08-07,40459.066117783106,40838.24325415972,39857.885592146056,40292.80859375,177,PAGEIND.BO
2024-08-08,40319.40859029101,40858.108554347134,39431.0633249525,39690.50390625,370,PAGEIND.BO
2024-08-09,39690.798741758925,39690.798741758925,38659.820616382276,39201.9375,474,PAGEIND.BO
2024-08-12,39085.56921826799,40026.582894124345,38660.11516714537,39847.68359375,233,PAGEIND.BO
2024-08-13,39990.41231217393,40514.712505015814,39636.08018562992,40096.19140625,119,PAGEIND.BO
2024-08-14,39886.245064101335,40047.08358634238,39453.90763839792,39684.94140625,50,PAGEIND.BO
2024-08-16,39865.56291491183,40505.04458971329,39818.60000094452,40224.0546875,300,PAGEIND.BO
2024-08-19,40411.563443225474,40584.66234707751,39897.33030489551,40483.40625,145,PAGEIND.BO
2024-08-20,40256.06879014721,40533.22451378084,40152.60362064336,40214.95703125,289,PAGEIND.BO
2024-08-21,40494.42544660824,40998.32782902328,40240.0865385438,40866.390625,124,PAGEIND.BO
2024-08-22,40866.388680259086,41656.79015486172,40866.388680259086,41489.7421875,127,PAGEIND.BO
2024-08-23,41308.03701289908,41762.27178401299,40691.71411923652,40894.91015625,295,PAGEIND.BO
2024-08-26,40904.74402945181,41651.87074660984,40904.74402945181,41212.04296875,588,PAGEIND.BO
2024-08-28,40944.47833942411,40944.47833942411,40451.048894795334,40617.1171875,87,PAGEIND.BO
2024-08-29,41036.43649270047,41169.99879562708,40844.45484910647,41086.25390625,134,PAGEIND.BO
2024-08-30,38612.95564524096,42167.62996819565,38612.95564524096,41855.609375,966,PAGEIND.BO
2024-09-02,41652.36682559101,41835.10496508824,41017.5568501926,41126.53125,431,PAGEIND.BO
2024-09-03,41062.35296954651,41535.52042252849,41061.81126713365,41318.1171875,125,PAGEIND.BO
2024-09-04,40838.11429736074,41184.949858434076,40422.52862700933,40580.62890625,430,PAGEIND.BO
2024-09-05,40580.631802971286,40909.176285497684,40324.17985426398,40373.6015625,182,PAGEIND.BO
2024-09-06,40711.43126357263,40711.43126357263,39635.7102200689,39755.69921875,214,PAGEIND.BO
2024-09-09,39537.36205942673,39818.05612297479,39426.666512452786,39644.26953125,326,PAGEIND.BO
2024-09-10,39899.738646666374,40098.408976980645,39682.82331715149,39731.015625,134,PAGEIND.BO
2024-09-11,39833.451541933464,41851.923214703995,39611.6685721231,41132.97265625,1488,PAGEIND.BO
2024-09-12,41215.537290347354,42888.25293786931,41151.70476590139,42527.3984375,750,PAGEIND.BO
2024-09-13,42193.35085582087,42972.395835250165,42193.35085582087,42622.1640625,709,PAGEIND.BO
2024-09-16,42870.501695087194,43097.302141898224,42102.867049350534,42339.89453125,398,PAGEIND.BO
2024-09-17,42323.6659198785,42787.739721264006,42323.6659198785,42709.74609375,173,PAGEIND.BO
2024-09-18,42880.831712235864,43332.069893642154,41995.17501991443,42278.08203125,840,PAGEIND.BO
2024-09-19,42277.24564309687,42983.31062356413,41732.819299292605,42275.8203125,280,PAGEIND.BO
2024-09-20,42518.402305321244,42782.96824689399,42187.940757483164,42359.91015625,182,PAGEIND.BO
2024-09-23,42291.25573017464,42635.43653075138,42071.289979150264,42285.3046875,351,PAGEIND.BO
2024-09-24,42522.28137072808,42522.28137072808,41199.50176435754,41248.0859375,506,PAGEIND.BO
2024-09-25,41372.60424526465,41406.0438055827,40570.05479763151,41345.26171875,281,PAGEIND.BO
2024-09-26,41352.00375757403,41494.12190065959,40671.36035306079,41332.18359375,238,PAGEIND.BO
2024-09-27,41145.26456016685,41897.75068847877,41145.26456016685,41367.78515625,282,PAGEIND.BO
2024-09-30,41121.06992936416,42242.032838028725,41108.726029161466,42167.77734375,494,PAGEIND.BO
2024-10-01,42124.01615838295,42208.30276299153,41602.75235815079,41975.11328125,131,PAGEIND.BO
2024-10-03,41406.099991230454,41799.50664250861,40763.713800407524,40998.82421875,246,PAGEIND.BO
2024-10-04,41258.518750027186,41517.32959013765,40457.93628846527,40632.90234375,512,PAGEIND.BO
2024-10-07,40889.108398075965,41066.04532828122,40157.47198260686,40700.02734375,277,PAGEIND.BO
2024-10-08,40648.73783621811,41670.315678793806,40648.73783621811,41611.3046875,102,PAGEIND.BO
2024-10-09,40714.24082802386,43373.07780700391,40714.24082802386,43179.375,1404,PAGEIND.BO
2024-10-10,43274.62643478866,43520.11369176654,43059.14027314617,43407.796875,617,PAGEIND.BO
2024-10-11,43735.25495272635,45042.398246269244,43735.25495272635,44596.51953125,986,PAGEIND.BO
2024-10-14,44359.59487626111,45241.75923718876,44144.25470582941,44871.95703125,314,PAGEIND.BO
2024-10-15,44750.05232816594,45731.99370087525,44750.05232816594,45526.046875,830,PAGEIND.BO
2024-10-16,45242.79316294368,46045.930444192956,45239.596734269064,45875.83203125,5101,PAGEIND.BO
2024-10-17,45733.46065267718,45957.31051225691,44601.38338167011,44687.88671875,901,PAGEIND.BO
2024-10-18,44946.65356797026,45060.29966655763,44292.910926615215,44772.62109375,191,PAGEIND.BO
2024-10-21,44706.08897219416,45021.64794102339,43691.14603070244,43782.3671875,273,PAGEIND.BO
2024-10-22,43823.47359772609,44197.89752104582,43166.09277584983,43312.63671875,369,PAGEIND.BO
2024-10-23,43274.72488064925,43445.464877377395,42143.581046513056,42424.375,206,PAGEIND.BO
2024-10-24,42389.559334199,42924.54234308518,42204.06659350025,42800.27734375,116,PAGEIND.BO
2024-10-25,43128.134174281324,43503.00381142621,41929.08151230649,42318.75,464,PAGEIND.BO
2024-10-28,42350.1147584484,42700.346472520534,41660.32786146191,41788.03515625,165,PAGEIND.BO
2024-10-29,42177.5146599995,43036.174533211015,41923.27563749112,42632.8828125,250,PAGEIND.BO
2024-10-31,42445.47632602163,42794.770680228605,42124.01241575178,42456.8828125,92,PAGEIND.BO
2024-11-01,42476.65227586313,42800.720962395055,42414.149033957925,42694.10546875,120,PAGEIND.BO
2024-11-04,42646.11497599201,42803.42767921004,41946.98070226718,42323.17578125,339,PAGEIND.BO
2024-11-06,42684.61637595414,43506.098537889986,42625.99725543064,43434.59765625,122,PAGEIND.BO
2024-11-07,43373.0780562376,44760.57397160806,43185.57217050093,44362.00390625,737,PAGEIND.BO
2024-11-08,43668.18171303698,47504.829562314706,43668.18171303698,47196.79296875,4119,PAGEIND.BO
2024-11-11,47196.44783076909,47614.93409913581,46505.577437650856,46554.015625,407,PAGEIND.BO
2024-11-12,47012.09076709509,47154.75061006503,46226.898798051116,46298.0078125,255,PAGEIND.BO
2024-11-13,45931.25573143105,46329.82580798777,44930.96946925981,45124.23046875,445,PAGEIND.BO
2024-11-14,45371.95213193713,45582.14467073272,44716.3080905371,44874.6796875,531,PAGEIND.BO
2024-11-18,45192.213776748766,45192.213776748766,43537.28137073797,43594.04296875,494,PAGEIND.BO
2024-11-19,44498.690897267414,44724.508868353114,43808.48551932534,44119.1484375,545,PAGEIND.BO
2024-11-21,44429.96736112677,44705.37739920371,43585.63951310457,43955.29296875,606,PAGEIND.BO
2024-11-22,44097.50084048829,44643.673867536134,43886.763630963025,44428.68359375,2708,PAGEIND.BO
2024-11-25,44116.43421086844,45649.287152260185,44116.43421086844,44963.92578125,577,PAGEIND.BO
2024-11-26,45341.29635679462,45423.572484035576,44815.54653427959,44979.8515625,439,PAGEIND.BO
2024-11-27,44797.39527136518,44797.39527136518,44316.640663964645,44458.34765625,78,PAGEIND.BO
2024-11-28,44513.72649787306,44856.729734136854,44194.460843955385,44346.94921875,410,PAGEIND.BO
2024-11-29,44049.78361291096,44797.39578091025,44049.78361291096,44173.94140625,316,PAGEIND.BO
2024-12-02,44120.787079958944,45870.35697819336,44120.787079958944,45377.140625,471,PAGEIND.BO
2024-12-03,45766.07555121989,45936.217415615945,44552.34155015348,45611.609375,458,PAGEIND.BO
2024-12-04,45717.077686497985,45900.41912647511,45092.48374966636,45429.453125,318,PAGEIND.BO
2024-12-05,45885.08967911687,46309.7780042464,45291.84713915469,45409.1328125,4076,PAGEIND.BO
2024-12-06,46379.29215681456,46379.29215681456,45440.2303813444,45593.06640625,227,PAGEIND.BO
2024-12-09,45691.071676490035,45975.53253305405,45431.28709135463,45628.87109375,157,PAGEIND.BO
2024-12-10,45779.72374719158,46478.53187326685,45489.62693979309,46359.86328125,413,PAGEIND.BO
2024-12-11,46583.90392851136,46726.25603168219,46138.35200504046,46534.60546875,262,PAGEIND.BO
2024-12-12,46481.10393370368,47029.30105830962,46339.09564204073,46915.82421875,162,PAGEIND.BO
2024-12-13,47022.43259468506,48268.40267273759,46798.7932748378,48162.9375,1132,PAGEIND.BO
2024-12-16,48201.20501748033,48840.03761444583,48046.9358454577,48702.03515625,185,PAGEIND.BO
2024-12-17,45769.53721508684,49379.136791960795,45769.53721508684,48646.953125,711,PAGEIND.BO
2024-12-18,45985.120285983096,48749.453479624135,45985.120285983096,48610.21875,258,PAGEIND.BO
2024-12-19,44670.96282809734,48892.254415269854,44670.96282809734,48666.33984375,560,PAGEIND.BO
2024-12-20,48666.98051056812,49051.66454565257,48123.43043649264,48288.1796875,350,PAGEIND.BO
2024-12-23,48210.302974099446,48553.7002233166,47902.95053828723,48051.38671875,111,PAGEIND.BO
2024-12-24,47961.89401874208,48498.572006654285,47961.89401874208,48288.4296875,213,PAGEIND.BO
2024-12-26,48320.864948871145,48365.86012630957,46377.3189646169,46582.6171875,248,PAGEIND.BO
2024-12-27,46813.33004412687,46951.42908364,45983.88596680494,46389.43359375,302,PAGEIND.BO
2024-12-30,49196.04469945763,49196.04469945763,46050.97921685049,46448.125,600,PAGEIND.BO
2024-12-31,46499.79359693104,47269.65609207073,46332.17420974263,46902.328125,155,PAGEIND.BO
2025-01-01,47170.717996343716,47367.363299566234,46594.1361670054,47240.98046875,111,PAGEIND.BO
2025-01-02,47467.39019517015,47704.77761506763,46972.9879087005,47658.84375,133,PAGEIND.BO
2025-01-03,47708.387534070425,48037.051672352696,47229.46390904708,47368.99609375,128,PAGEIND.BO
2025-01-06,47665.172589061425,47665.172589061425,47031.3346778659,47368.9453125,127,PAGEIND.BO
2025-01-07,47456.36161481269,48654.122491867915,47456.31139698428,48372.58203125,205,PAGEIND.BO
2025-01-08,45375.90813276203,48179.45394416838,45375.90813276203,47412.1640625,194,PAGEIND.BO
2025-01-09,47297.59413100075,47473.12476317425,46708.600785709736,47031.28125,73,PAGEIND.BO
2025-01-10,46836.07786828155,47440.101859910596,46030.367459443136,46202.0390625,333,PAGEIND.BO
2025-01-13,45985.12021631717,46127.47231413111,45089.51611271429,45385.15234375,169,PAGEIND.BO
2025-01-14,45736.85671923428,46031.0559597526,45553.51527551737,45843.85546875,61,PAGEIND.BO
2025-01-15,46151.2041317514,46151.2041317514,44770.94007709216,45505.796875,182,PAGEIND.BO
2025-01-16,45587.532087595064,45884.203590800746,45348.66130968192,45432.32421875,588,PAGEIND.BO
2025-01-17,45681.4262547932,45860.07425649775,44569.452826837434,45606.9609375,242,PAGEIND.BO
2025-01-20,45909.7688020002,45984.083469152385,44896.2879462262,45802.81640625,162,PAGEIND.BO
2025-01-21,46164.45968736811,46326.98777794479,45452.15446823088,45486.8125,71,PAGEIND.BO
2025-01-22,45984.03284291148,46188.094937313945,45390.74005350872,45540.26171875,158,PAGEIND.BO
2025-01-23,45531.05811009225,46355.9052167653,45312.06589670583,46178.25,125,PAGEIND.BO
2025-01-24,46152.09483981021,46577.32397990991,45798.16729371451,45850.33203125,52,PAGEIND.BO
2025-01-27,45279.68346946601,45513.312269387905,43907.38081071842,44038.4609375,148,PAGEIND.BO
2025-01-28,43867.82539571164,44253.498342157254,43867.82539571164,44152.73046875,96,PAGEIND.BO
2025-01-29,44298.78934170858,45449.22960299664,44267.785626215176,44588.8359375,1503,PAGEIND.BO
2025-01-30,44366.23179586968,44366.23179586968,43144.93417934197,43816.9453125,587,PAGEIND.BO
2025-01-31,43681.21621370337,44659.93463032521,43681.21621370337,44156.58203125,1605,PAGEIND.BO
2025-02-01,44419.58493930271,46577.37566713718,43264.594107588564,46198.28125,886,PAGEIND.BO
2025-02-03,46164.361153746475,46968.5881537011,44909.290041666,46742.12890625,215,PAGEIND.BO
2025-02-04,46611.046540544216,46665.436313526145,45192.956823161,46439.37109375,450,PAGEIND.BO
2025-02-05,46993.26000935338,47871.95231887864,44975.49979437004,45289.1796875,1869,PAGEIND.BO
2025-02-06,45291.79476211543,45291.79476211543,43043.32243576952,43498.91015625,1695,PAGEIND.BO
2025-02-07,43264.73633318455,43732.291344297875,42232.17282301316,42436.28125,348,PAGEIND.BO
2025-02-10,42700.719231702664,43412.92781243537,42473.71532519482,43130.3984375,416,PAGEIND.BO
2025-02-11,43239.87225943507,43239.87225943507,41435.12058708586,41593.83984375,299,PAGEIND.BO
2025-02-12,41731.790029160074,42906.80615024271,41147.24675209471,42179.26953125,335,PAGEIND.BO
2025-02-13,42404.98774615743,42404.98774615743,41113.734548882196,41370.6640625,254,PAGEIND.BO
2025-02-14,41415.62245083358,41415.62245083358,40360.70651703452,40751.609375,219,PAGEIND.BO
2025-02-17,40390.527834191,40972.020922652875,40213.33492751244,40640.36328125,111,PAGEIND.BO
2025-02-18,40688.19587948645,40688.19587948645,39761.29892945132,40304.4375,362,PAGEIND.BO
2025-02-19,40022.74242446924,41300.253240729864,39894.277671306394,41243.5859375,213,PAGEIND.BO
2025-02-20,41180.072358418925,41213.46877473816,40638.57359928152,41048.828125,331,PAGEIND.BO
2025-02-21,40985.91454610112,41978.30957143044,40588.95653596939,40791.2578125,210,PAGEIND.BO
2025-02-24,40624.28608533243,41283.63176902634,40624.28608533243,40875.70703125,151,PAGEIND.BO
2025-02-25,40882.405813190526,41740.13358462832,40882.405813190526,41605.6640625,535,PAGEIND.BO
2025-02-27,42044.305681753554,42044.305681753554,41184.39535464984,41441.921875,308,PAGEIND.BO
2025-02-28,41779.58231719258,41779.58231719258,39701.25904287906,40085.76171875,399,PAGEIND.BO
2025-03-03,40207.82470982159,40569.05648339687,39847.83342997424,40274.6640625,149,PAGEIND.BO
2025-03-04,39827.341725452636,40274.36526659025,39124.52837953313,40040.65625,350,PAGEIND.BO
2025-03-05,39879.29666260787,40837.058732862795,39847.838512963164,40718.81640625,567,PAGEIND.BO
2025-03-06,41233.962329441456,41233.962329441456,40043.18910585582,40289.6015625,176,PAGEIND.BO
2025-03-07,40269.30535878616,40489.71784896851,39695.80181271423,39825.41015625,204,PAGEIND.BO
2025-03-10,39695.999179497085,39917.60176654435,39339.48126249257,39576.61328125,194,PAGEIND.BO
2025-03-11,39401.659637353885,39541.633864954216,38613.69792806634,39491.81640625,252,PAGEIND.BO
2025-03-12,39398.13263450124,39993.271151862486,39366.674487719414,39821.19140625,251,PAGEIND.BO
2025-03-13,39894.28122056472,39943.900973326614,39497.32319846955,39817.81640625,149,PAGEIND.BO
2025-03-17,39817.86563260674,40561.46800097949,39782.984498056205,40008.3046875,166,PAGEIND.BO
2025-03-18,40261.26711176905,40447.39156778109,39933.97446817999,40330.78515625,306,PAGEIND.BO
2025-03-19,40412.062914000424,41109.96472922867,40379.860470106556,40933.0703125,472,PAGEIND.BO
2025-03-20,41549.54495972457,41901.945987519706,40886.67547093582,41661.4375,453,PAGEIND.BO
2025-03-21,41382.923346894226,42003.11984859396,41382.923346894226,41826.078125,319,PAGEIND.BO
2025-03-24,41971.90627468345,42848.78412786897,41887.85119760324,42780.85546875,294,PAGEIND.BO
2025-03-25,42328.12897552132,43913.48003438998,42235.5377440046,42568.734375,335,PAGEIND.BO
2025-03-26,42608.52775342907,42871.46202123454,41834.2619854745,41924.51953125,156,PAGEIND.BO
2025-03-27,42155.4524224449,43903.505878559605,41667.63986851291,43421.55078125,252,PAGEIND.BO
2025-03-28,43421.05254948132,43421.05254948132,42236.33063891117,42441.0625,271,PAGEIND.BO
2025-04-01,42742.50127815864,42742.50127815864,41603.231865254034,41665.6015625,205,PAGEIND.BO
2025-04-02,41922.339737469665,42781.95152684427,41700.83406819403,42690.5,297,PAGEIND.BO
2025-04-03,41805.97899924212,43297.9944274531,41805.97899924212,43199.3984375,782,PAGEIND.BO
2025-04-04,42672.98546178462,42970.703965006374,41775.364174571034,42056.85546875,501,PAGEIND.BO
2025-04-07,40191.99734432339,41775.4643508073,40191.99734432339,41000.6015625,1186,PAGEIND.BO
2025-04-08,41111.50313488652,42056.460907822686,41111.50313488652,41440.18359375,466,PAGEIND.BO
2025-04-09,41150.30388034671,42540.89743151831,40965.07489656527,42439.328125,617,PAGEIND.BO
2025-04-11,43069.895396390915,44360.05937506772,41680.64309646777,44186.33984375,1740,PAGEIND.BO
2025-04-15,44129.823969330595,45114.27987869409,44129.823969330595,44900.51953125,570,PAGEIND.BO
2025-04-16,46146.31999887621,46146.31999887621,44063.085059540674,44569.65234375,322,PAGEIND.BO
2025-04-17,44592.62661659771,44836.40690209158,44211.19804090704,44446.54296875,347,PAGEIND.BO
2025-04-21,44717.01988255692,45565.81609522244,44717.01988255692,45070.3125,223,PAGEIND.BO
2025-04-22,45071.059244316275,45501.31289213054,44841.37018606147,44950.3359375,289,PAGEIND.BO
2025-04-23,45352.45247143121,45947.88948418523,44948.745401475375,45635.78125,253,PAGEIND.BO
2025-04-24,45451.69147196008,45451.69147196008,44591.234602966695,44672.3125,223,PAGEIND.BO
2025-04-25,44842.362997756536,45168.86097116117,43589.71233839483,44259.18359375,280,PAGEIND.BO
2025-04-28,44360.058430457895,44943.23782696947,44161.5794218205,44809.1171875,432,PAGEIND.BO
2025-04-29,41184.39592210299,45064.66069452281,41184.39592210299,44617.6875,61,PAGEIND.BO
2025-04-30,44608.15926124311,45489.40610048636,44449.426442028176,45232.4765625,189,PAGEIND.BO
2025-05-02,45451.193609538146,45451.193609538146,44737.16542577931,44857.640625,127,PAGEIND.BO
2025-05-05,45104.35204614857,45799.02853530817,45104.35204614857,45578.46875,175,PAGEIND.BO
2025-05-06,45551.12702967397,45650.1688234299,45152.036941327155,45349.02734375,239,PAGEIND.BO
2025-05-07,44713.00324408541,46741.80764966208,44713.00324408541,46003.0703125,421,PAGEIND.BO
2025-05-08,45949.23461997827,46146.32196179574,44558.540189741885,44775.328125,837,PAGEIND.BO
2025-05-09,43433.85655674991,45262.64296797622,43433.85655674991,45131.9453125,285,PAGEIND.BO
2025-05-12,45931.96267424549,46752.67339087148,45931.96267424549,46676.41015625,633,PAGEIND.BO
2025-05-13,46642.5630783301,46766.46513959254,46081.85992643103,46116.59375,208,PAGEIND.BO
2025-05-14,46050.652792341454,46295.227770172365,45541.0075535522,46057.84765625,635,PAGEIND.BO
2025-05-15,45947.942223327496,46964.65097447346,45709.71701101291,46593.890625,1009,PAGEIND.BO
2025-05-16,47019.43037900228,48051.7693519128,46249.87839627828,47484.9140625,1232,PAGEIND.BO
2025-05-19,47582.36431522735,48428.87727246949,47525.84819380098,47711.97265625,642,PAGEIND.BO
2025-05-20,48273.76347825895,48273.76347825895,46935.22033826158,47032.27734375,378,PAGEIND.BO
2025-05-21,47061.53038942739,47936.49522375819,46964.86011839403,47458.67578125,329,PAGEIND.BO
2025-05-22,47831.602001406296,47926.52821918291,47206.931896802766,47735.53125,327,PAGEIND.BO
2025-05-23,47735.53301372615,47852.2832342111,47285.26801701023,47360.41015625,191,PAGEIND.BO
2025-05-26,47724.52008041396,47724.52008041396,46989.72556566762,47065.01953125,238,PAGEIND.BO
2025-05-27,47177.88535019982,47338.53661586816,46476.47694907393,46631.19921875,166,PAGEIND.BO
2025-05-28,46695.727122978395,46695.727122978395,45865.807866513554,45914.83984375,396,PAGEIND.BO
2025-05-29,45644.31343372097,46406.712992166315,45589.50039357131,46212.625,134,PAGEIND.BO
2025-05-30,46292.10483180628,46720.64315425357,45943.294569349186,46241.52734375,540,PAGEIND.BO
2025-06-02,46241.52674384272,46341.93426809024,45423.118997255195,45737.4453125,580,PAGEIND.BO
2025-06-03,45959.24080391019,45959.24080391019,45498.81125122985,45748.109375,53,PAGEIND.BO
2025-06-04,45805.51505003784,46297.08837564949,45512.315884597825,46187.859375,137,PAGEIND.BO
2025-06-05,46421.61393691606,46491.37599183638,45495.82241667855,45660.2109375,405,PAGEIND.BO
2025-06-06,45788.67305353535,46241.227113659435,45634.24665453834,45986.0,179,PAGEIND.BO
2025-06-09,46286.125287513205,46341.93492957893,45743.97447887469,46263.3046875,298,PAGEIND.BO
2025-06-10,46386.73116931157,47218.943401846635,46149.73873303553,46526.65625,617,PAGEIND.BO
2025-06-11,46341.9865098627,47268.82522788729,46341.9865098627,46517.8359375,381,PAGEIND.BO
2025-06-12,46720.692793076014,46757.51641142528,45969.55560207954,46129.01171875,261,PAGEIND.BO
2025-06-13,45102.01507771777,46140.620979905514,45102.01507771777,46030.64453125,274,PAGEIND.BO
2025-06-16,45202.967347262886,46217.409568440795,45202.967347262886,45453.36328125,394,PAGEIND.BO
2025-06-17,45445.44017211556,45993.072263518494,45445.44017211556,45757.7265625,387,PAGEIND.BO
2025-06-18,45743.972352295656,45770.33166234445,44647.71157696831,45031.55078125,381,PAGEIND.BO
2025-06-19,45031.70509928676,45269.5929221037,44575.31255984048,44734.51953125,458,PAGEIND.BO
2025-06-20,44747.37460672576,45100.17127957166,44073.2754025784,44862.9296875,352,PAGEIND.BO
2025-06-23,44349.378421437934,45345.332911485755,44349.378421437934,45292.91015625,104,PAGEIND.BO
2025-06-24,45793.80282083581,47199.00982796048,45689.15974583716,46128.80859375,924,PAGEIND.BO
2025-06-25,46187.409150213505,48878.28166733115,46150.53492406015,48177.5234375,1181,PAGEIND.BO
2025-06-26,48025.292705822176,48753.70660566713,47737.17388412624,48523.390625,562,PAGEIND.BO
2025-06-27,48155.79714563582,50299.03759134846,47680.81568779454,49327.44921875,826,PAGEIND.BO
2025-06-30,49327.45018135116,49327.45018135116,48320.186597885404,49236.11328125,413,PAGEIND.BO
2025-07-01,49057.56948619438,49535.98844297445,47880.08572923891,48062.1171875,298,PAGEIND.BO
2025-07-02,47338.53706880586,47701.94598618851,47139.216912726675,47357.421875,610,PAGEIND.BO
2025-07-03,47637.46636964629,48323.976369732234,47537.85690091891,47973.47265625,543,PAGEIND.BO
2025-07-04,48300.30572727449,48953.02860678302,47942.07836798795,48512.48046875,294,PAGEIND.BO
2025-07-07,48733.328775690316,48922.830850307015,48334.13956838372,48720.921875,133,PAGEIND.BO
2025-07-08,48808.32133307339,48855.36010808975,48165.71241532327,48745.6328125,105,PAGEIND.BO
2025-07-09,48833.685272527895,48833.685272527895,48235.425071398,48490.60546875,164,PAGEIND.BO
2025-07-10,48833.38703948951,48833.38703948951,47886.6669182097,48079.90625,115,PAGEIND.BO
2025-07-11,48235.4255485635,48424.72908187121,47507.95761184906,47736.03125,155,PAGEIND.BO
2025-07-14,47935.44947082491,48681.954050631706,47871.7176306521,48578.0078125,2073,PAGEIND.BO
2025-07-15,48335.13456199385,49065.6934929731,48335.13456199385,48886.50390625,124,PAGEIND.BO
2025-07-16,48834.18538567881,49192.16360517195,46939.896464145386,46967.94921875,558,PAGEIND.BO
2025-07-17,46968.197608064525,47314.317829926455,46843.32664745937,47138.3671875,218,PAGEIND.BO
2025-07-18,47218.94436781024,47268.774406189106,46341.93569234226,46504.03125,241,PAGEIND.BO
2025-07-21,47034.37296104987,47034.37296104987,46341.933994511746,46568.80859375,101,PAGEIND.BO
2025-07-22,46568.809304147835,46606.0338992096,46083.067657605614,46176.19921875,85,PAGEIND.BO
2025-07-23,46237.29051780168,47617.58251838699,45994.11994152528,47276.4453125,391,PAGEIND.BO
2025-07-24,47276.44498220269,47276.44498220269,46466.50835932518,46880.09765625,251,PAGEIND.BO
2025-07-25,46591.93503664522,47089.386757766326,45999.10550669762,46216.71484375,195,PAGEIND.BO
2025-07-28,46231.01362433792,46745.508774784335,46092.78587534502,46315.17578125,177,PAGEIND.BO
2025-07-29,46252.242474957005,47238.87725302655,46252.242474957005,47118.140625,278,PAGEIND.BO
2025-07-30,46989.726722245876,48534.457929445896,46890.117252995304,48078.91015625,707,PAGEIND.BO
2025-07-31,47956.42958581974,48876.29210676138,47435.15676867877,48665.3125,384,PAGEIND.BO
2025-08-01,48335.03557807991,48335.03557807991,46421.464797146626,46605.8359375,426,PAGEIND.BO
2025-08-04,47537.80620836929,47537.80620836929,46003.09162836107,46106.6875,151,PAGEIND.BO
2025-08-05,46102.74961264094,46147.4487124177,45270.58800592768,45551.77734375,187,PAGEIND.BO
2025-08-06,45545.299989852276,46203.508062074674,45545.299989852276,46103.9453125,67,PAGEIND.BO
2025-08-07,45246.71957893414,46594.968517715126,45245.6723695912,45569.91796875,378,PAGEIND.BO
2025-08-08,45444.99387246177,45444.99387246177,43725.8575911022,44564.796875,1257,PAGEIND.BO
2025-08-11,44492.24374729009,45046.30315396827,43491.65659734207,44910.71484375,553,PAGEIND.BO
2025-08-12,44747.42400603493,45073.7095323721,43755.75565730505,43977.30078125,446,PAGEIND.BO
2025-08-13,43900.6484375,44195.94921875,43420.0,43523.8984375,477,PAGEIND.BO
2025-08-14,43551.05078125,43783.69921875,43420.0,43519.44921875,121,PAGEIND.BO
2025-08-18,43801.44921875,44900.0,43801.44921875,44695.6484375,526,PAGEIND.BO
2025-08-19,44543.0,45827.1484375,44543.0,45671.6484375,632,PAGEIND.BO
2025-08-20,45600.0,45810.05078125,45189.6015625,45380.3515625,475,PAGEIND.BO
2025-08-21,45463.25,46699.94921875,45455.05078125,45887.69921875,478,PAGEIND.BO
2025-08-22,45775.0,46020.05078125,45425.0,45688.6484375,88,PAGEIND.BO
2025-08-25,45600.0,47299.94921875,45600.0,46875.19921875,1036,PAGEIND.BO
2025-08-26,46502.6484375,46829.0,45273.5,45485.1015625,299,PAGEIND.BO
2025-08-28,45486.0,45486.0,43867.75,44123.55078125,1039,PAGEIND.BO
2025-08-29,44150.0,44595.3515625,43675.0,44180.3515625,177,PAGEIND.BO
2025-09-01,44400.0,44925.94921875,44350.0,44816.0,274,PAGEIND.BO
2025-09-02,42000.05078125,45240.0,42000.05078125,45002.6484375,268,PAGEIND.BO
2025-09-03,45169.3515625,45659.8515625,45096.0,45225.3984375,152,PAGEIND.BO
2025-09-04,45590.0,45792.8984375,44563.1015625,44732.0,565,PAGEIND.BO
2025-09-05,44754.94921875,44900.0,44159.6015625,44246.0,117,PAGEIND.BO
2025-09-08,44394.3984375,44604.75,44235.0,44308.8515625,43,PAGEIND.BO
2025-09-09,44140.0,44562.0,43918.8984375,44358.69921875,187,PAGEIND.BO
2025-09-10,44400.55078125,44608.6484375,44232.44921875,44448.69921875,113,PAGEIND.BO
2025-09-11,44397.5,44400.0,44027.5,44234.30078125,239,PAGEIND.BO
2025-09-12,44600.0,44600.0,44070.6015625,44125.69921875,391,PAGEIND.BO
2025-09-15,44165.05078125,44435.3515625,44130.0,44383.3984375,36,PAGEIND.BO
2025-09-16,44575.0,45402.55078125,44575.0,45307.5,434,PAGEIND.BO
2025-09-17,45420.94921875,45825.0,45240.0,45302.44921875,194,PAGEIND.BO
2025-09-18,45305.0,45305.0,44095.0,44268.1484375,311,PAGEIND.BO
2025-09-19,44330.05078125,44425.0,42542.0,43543.25,616,PAGEIND.BO
2025-09-22,43540.0,43780.0,43376.3984375,43405.25,303,PAGEIND.BO
2025-09-23,43525.0,43540.0,42600.0,42784.8515625,907,PAGEIND.BO
2025-09-24,42800.0,42929.94921875,42300.0,42392.55078125,256,PAGEIND.BO
2025-09-25,42420.0,42900.0,42372.94921875,42720.94921875,209,PAGEIND.BO
2025-09-26,42549.55078125,42549.55078125,41065.25,41221.55078125,426,PAGEIND.BO
2025-09-29,41364.8984375,41521.0,40703.6484375,41124.44921875,626,PAGEIND.BO
