Date,Open,High,Low,Close,Volume,Stock
,RKFORGE.BO,RKFORGE.BO,RKFORGE.BO,RKFORGE.BO,RKFORGE.BO,
2020-01-01,76.31102360080675,76.31102360080675,72.45534770506245,72.88593292236328,4350,RKFORGE.BO
2020-01-02,73.59050809597716,76.65352217864522,73.39479163805073,76.3697280883789,9445,RKFORGE.BO
2020-01-03,77.59296774892503,77.59296774892503,73.98194193074497,75.46941375732422,2360,RKFORGE.BO
2020-01-06,73.64922431889023,73.64922431889023,68.96174302867202,70.17520141601562,6085,RKFORGE.BO
2020-01-07,71.33974113498466,72.4259846815509,69.48040486372054,70.70365142822266,4330,RKFORGE.BO
2020-01-08,69.83270450372822,69.84249256731867,67.09262905458962,67.66021728515625,1815,RKFORGE.BO
2020-01-09,69.04981116198354,70.99722482792339,68.96174100393885,69.94033813476562,675,RKFORGE.BO
2020-01-10,71.43759681114192,71.43759681114192,67.32749148790147,67.87550354003906,2830,RKFORGE.BO
2020-01-13,69.34340252194616,72.25961817913645,67.89507529036715,70.35135650634766,5470,RKFORGE.BO
2020-01-14,71.77031491783987,71.83882388916005,69.80333992544799,69.87184143066406,335,RKFORGE.BO
2020-01-15,71.09509539130927,78.23885120698074,70.75258782927449,77.26025390625,41595,RKFORGE.BO
2020-01-16,78.48349395846652,80.83212877672204,76.23272483497087,79.50123596191406,27045,RKFORGE.BO
2020-01-17,79.89268529334227,81.38015741353014,79.31531645331633,79.71653747558594,9195,RKFORGE.BO
2020-01-20,79.81439379083513,79.81439379083513,76.5263062493981,76.71224212646484,3585,RKFORGE.BO
2020-01-21,77.28962030971472,77.29940090740654,74.60825825334565,76.01744079589844,1265,RKFORGE.BO
2020-01-22,77.01560247235915,77.30918464098197,75.07798405098355,75.17584228515625,4125,RKFORGE.BO
2020-01-23,76.83946916419187,77.11348272412901,74.91163844227883,75.8902359008789,3105,RKFORGE.BO
2020-01-24,76.4284331885487,76.4284331885487,73.590500061818,74.69631958007812,925,RKFORGE.BO
2020-01-27,73.83515644483361,74.33424311201541,71.57459928082265,72.47490692138672,4655,RKFORGE.BO
2020-01-28,74.33423789649049,76.05657095428052,72.35747495776496,72.53362274169922,3560,RKFORGE.BO
2020-01-29,74.45168949188292,74.49083428250538,71.56482277884622,72.38684844970703,710,RKFORGE.BO
2020-01-30,71.43761434407868,71.43761434407868,68.51161003885146,69.39234924316406,2360,RKFORGE.BO
2020-01-31,69.55870901894919,69.93057336472292,69.39234924316406,69.39234924316406,1660,RKFORGE.BO
2020-02-03,63.84368141839784,63.84368141839784,59.8901514324644,63.197811126708984,27855,RKFORGE.BO
2020-02-04,64.97885930015549,69.32382604041509,64.97885930015549,68.8638916015625,8695,RKFORGE.BO
2020-02-05,68.89325614728575,73.10122034677703,68.50181570716657,72.38684844970703,279500,RKFORGE.BO
2020-02-06,72.76848436705268,74.17766664631426,69.81311680539059,73.83515167236328,6390,RKFORGE.BO
2020-02-07,72.1128184021069,73.60028262061356,71.05593180505845,71.8094482421875,1450,RKFORGE.BO
2020-02-10,70.83086404996973,71.85839411674655,69.55869214445549,69.72505187988281,4785,RKFORGE.BO
2020-02-11,70.04799923041524,70.04799923041524,69.55870056152344,69.55870056152344,210,RKFORGE.BO
2020-02-12,73.3165037726967,73.3165037726967,65.76173184989767,66.63268280029297,11580,RKFORGE.BO
2020-02-13,66.57398245793976,66.57398245793976,64.05898734298754,64.72443389892578,3705,RKFORGE.BO
2020-02-14,65.9672369488066,66.85775646596124,63.60881425203967,64.06875610351562,4770,RKFORGE.BO
2020-02-17,64.19597488147869,64.50912568710136,63.21737768064486,63.60881805419922,1180,RKFORGE.BO
2020-02-18,62.36600863117241,66.13361066630736,61.88649802046145,65.50730895996094,2685,RKFORGE.BO
2020-02-19,67.25899185113498,67.26877244797772,64.58741809048793,66.26081848144531,1335,RKFORGE.BO
2020-02-20,67.12197506312314,67.36662435109098,66.21188687934244,66.84796905517578,4200,RKFORGE.BO
2020-02-24,66.90669204470584,67.42534735677191,64.27426323504527,64.49934387207031,5120,RKFORGE.BO
2020-02-25,65.96725173501571,66.26082646385844,62.14093246709103,64.0491943359375,3830,RKFORGE.BO
2020-02-26,63.64796278202344,64.40147934091502,62.043063971359906,62.77701187133789,229420,RKFORGE.BO
2020-02-27,61.700559510231095,64.3329849243164,61.700559510231095,64.3329849243164,575,RKFORGE.BO
2020-02-28,59.84122295695456,60.86874931642621,56.210624345011446,57.03264617919922,3020,RKFORGE.BO
2020-03-02,59.47912902592198,59.47912902592198,51.78735541887528,52.384300231933594,8605,RKFORGE.BO
2020-03-03,54.25342788914398,55.39838856414528,51.865652044575484,54.40021896362305,6810,RKFORGE.BO
2020-03-04,54.01856449095568,54.28278617462795,51.47420961099231,53.97941970825195,2435,RKFORGE.BO
2020-03-05,53.87178300997559,54.47851231765607,52.40388699480975,53.010616302490234,77345,RKFORGE.BO
2020-03-06,51.78736743301597,57.89381624039764,50.5249797504817,53.509700775146484,4035,RKFORGE.BO
2020-03-09,50.554340340720955,53.52927726239366,48.79286580893279,52.58982467651367,11150,RKFORGE.BO
2020-03-11,50.887052882817194,53.62712421451234,50.18246172524772,52.13965606689453,4435,RKFORGE.BO
2020-03-12,50.10416917104243,50.10416917104243,41.7175928408314,42.696189880371094,23890,RKFORGE.BO
2020-03-13,42.069892184194345,44.3402372229922,39.457035910692696,41.042362213134766,9785,RKFORGE.BO
2020-03-16,40.67050131878844,40.67050131878844,35.4056472931463,36.05152130126953,3675,RKFORGE.BO
2020-03-17,36.208096384616674,36.208096384616674,35.249071576990374,35.76772689819336,145,RKFORGE.BO
2020-03-18,36.65825569705821,36.65825569705821,32.19585418701172,32.19585418701172,16685,RKFORGE.BO
2020-03-19,32.16649806750895,35.38608466715308,30.01358473509509,34.808712005615234,20620,RKFORGE.BO
2020-03-20,35.75794055944774,35.8949435624028,31.921837811446878,34.15304183959961,85410,RKFORGE.BO
2020-03-23,30.74752385154412,31.315110148321406,30.73773765563965,30.73773765563965,1830,RKFORGE.BO
2020-03-24,29.896147482188887,30.336517024313626,27.6649467794936,28.526111602783203,5795,RKFORGE.BO
2020-03-25,27.126716388605633,29.641713008638682,26.51020091304637,29.015409469604492,3830,RKFORGE.BO
2020-03-26,30.33651392890381,31.912056056048126,30.33651392890381,30.34630012512207,645,RKFORGE.BO
2020-03-27,31.91205521605275,31.91205521605275,28.05638173427392,28.89797592163086,3700,RKFORGE.BO
2020-03-30,27.400721258472473,29.269841737853337,26.617844254840804,29.260055541992188,1315,RKFORGE.BO
2020-03-31,27.410512056603274,30.727956482970054,27.410512056603274,29.749359130859375,1020,RKFORGE.BO
2020-04-01,29.357916415439174,29.749354927673153,26.813563286129234,27.01906967163086,9230,RKFORGE.BO
2020-04-03,26.774422663419244,27.439869124525757,26.598274851182083,27.028858184814453,8790,RKFORGE.BO
2020-04-07,27.792159760288307,29.69063882725261,27.224573466023845,29.260055541992188,5000,RKFORGE.BO
2020-04-08,32.07841923641441,32.07841923641441,29.788503204731473,31.119394302368164,11160,RKFORGE.BO
2020-04-09,33.85947042311456,34.23133850097656,33.85947042311456,34.23133850097656,6480,RKFORGE.BO
2020-04-13,36.20809237279533,37.6466312913721,35.2294952816387,37.50962829589844,13490,RKFORGE.BO
2020-04-15,37.77385837331628,39.37876125470558,37.77385837331628,38.17508316040039,13625,RKFORGE.BO
2020-04-16,39.731047889414626,40.083343505859375,37.57813686990088,40.083343505859375,6650,RKFORGE.BO
2020-04-17,41.101072976755546,42.07966995239258,40.70963269328025,42.07966995239258,270,RKFORGE.BO
2020-04-20,42.079686754870316,43.841161267765976,39.97570092390572,40.72922134399414,4130,RKFORGE.BO
2020-04-21,38.752450477194614,38.752450477194614,38.6937370300293,38.6937370300293,1920,RKFORGE.BO
2020-04-22,36.79525903328193,38.55673725769494,36.765902307225936,37.94021987915039,1945,RKFORGE.BO
2020-04-23,36.92246961581051,38.752445220947266,36.79525094245393,38.752445220947266,4305,RKFORGE.BO
2020-04-24,37.28454950486469,40.435633487205976,37.18669128417969,37.18669128417969,1090,RKFORGE.BO
2020-04-27,37.18669734857021,38.1652946472168,35.53286925775636,38.1652946472168,4775,RKFORGE.BO
2020-04-28,36.4038215804179,36.4038215804179,36.25703048706055,36.25703048706055,180,RKFORGE.BO
2020-04-29,34.838060765559405,36.94204635586958,34.44662410360672,35.81665802001953,1680,RKFORGE.BO
2020-04-30,36.413604736328125,36.413604736328125,36.413604736328125,36.413604736328125,90,RKFORGE.BO
2020-05-04,38.175076194550584,38.175076194550584,34.59341049194336,34.59341049194336,4090,RKFORGE.BO
2020-05-05,33.291879428825446,35.816658433276594,32.8710823059082,32.8710823059082,5660,RKFORGE.BO
2020-05-06,32.87108520296831,32.87108520296831,32.2937126159668,32.2937126159668,60,RKFORGE.BO
2020-05-07,33.8105348335681,33.8105348335681,31.530405142285954,31.579334259033203,1820,RKFORGE.BO
2020-05-08,32.48942941282281,33.076586268991285,31.706552360247418,31.980558395385742,770,RKFORGE.BO
2020-05-11,32.2937126159668,32.2937126159668,32.2937126159668,32.2937126159668,10,RKFORGE.BO
2020-05-12,32.685154698146604,32.685154698146604,31.70655729680153,32.51879119873047,365,RKFORGE.BO
2020-05-13,34.14325328720565,34.14325328720565,31.589114179211457,32.117557525634766,905,RKFORGE.BO
2020-05-14,33.66374454351744,33.71267365599177,32.34263610839844,32.34263610839844,18295,RKFORGE.BO
2020-05-15,33.07658231527776,33.90839211731609,32.2937053562813,32.303489685058594,1015,RKFORGE.BO
2020-05-18,33.546312749624896,33.546312749624896,32.303493786222916,33.23316192626953,105,RKFORGE.BO
2020-05-19,32.685150146484375,33.27230701230411,32.049060430969405,32.685150146484375,11240,RKFORGE.BO
2020-05-21,33.653957047264655,33.653957047264655,32.792790467633615,33.37016296386719,75,RKFORGE.BO
2020-05-22,31.706552903562994,32.8710823059082,31.706552903562994,32.8710823059082,7505,RKFORGE.BO
2020-05-26,31.51083578348146,31.51083578348146,31.236827850341797,31.236827850341797,880,RKFORGE.BO
2020-05-27,30.140796180155977,30.923675142325386,29.680856119781385,29.759143829345703,2825,RKFORGE.BO
2020-05-28,29.35791914758439,31.11939354982896,28.98605299298653,30.776885986328125,8265,RKFORGE.BO
2020-05-29,30.150581372653978,31.921841909113283,29.60256742396168,29.82764434814453,6215,RKFORGE.BO
2020-06-01,31.24661132155288,31.315112832229193,30.923674295131562,31.217252731323242,485,RKFORGE.BO
2020-06-02,32.685153778684814,32.77322769165039,32.685153778684814,32.77322769165039,1705,RKFORGE.BO
2020-06-03,34.4074821472168,34.4074821472168,34.4074821472168,34.4074821472168,8850,RKFORGE.BO
2020-06-04,36.01238147835558,36.11024345249412,34.162833097242206,34.8772087097168,12375,RKFORGE.BO
2020-06-05,36.8344023434445,37.636851843190335,35.04357119798087,36.60932540893555,28705,RKFORGE.BO
2020-06-08,39.92676559738894,39.92676559738894,37.18669414392098,37.44112777709961,46450,RKFORGE.BO
2020-06-09,36.795258274283206,39.53533379660324,35.22950403271682,36.25703048706055,42740,RKFORGE.BO
2020-06-10,35.32736250981297,35.57201184501404,35.033784054182206,35.33715057373047,2060,RKFORGE.BO
2020-06-11,35.014209079753535,35.31757557695149,34.64234480544262,34.72063064575195,560,RKFORGE.BO
2020-06-12,33.6637507987088,35.620945525772036,33.49738730572103,35.54265594482422,1560,RKFORGE.BO
2020-06-15,35.425225125931206,35.92430813624587,35.22950490761172,35.63072967529297,44795,RKFORGE.BO
2020-06-16,36.1983116328563,36.1983116328563,33.663744766180564,34.00625228881836,44585,RKFORGE.BO
2020-06-17,34.25090475869355,34.26068908893871,33.46802768224817,33.712677001953125,39720,RKFORGE.BO
2020-06-18,34.05518009183829,35.89494378008946,33.84967558615941,34.25090026855469,64515,RKFORGE.BO
2020-06-19,35.22950405788966,36.002596848425966,34.23133432828315,34.4074821472168,60090,RKFORGE.BO
2020-06-22,35.22949556640746,35.22949556640746,33.46802153469742,34.299827575683594,60465,RKFORGE.BO
2020-06-23,34.250901123262096,36.22766786462803,33.30166066898363,35.37628936767578,130370,RKFORGE.BO
2020-06-24,36.79525655710842,38.54694659958593,35.81665926853582,36.677825927734375,161005,RKFORGE.BO
2020-06-25,36.20809770359534,36.5212485202255,34.055183039473825,34.6912727355957,130535,RKFORGE.BO
2020-06-26,35.141428439361874,35.268647131971846,33.810535531279555,33.9964714050293,95315,RKFORGE.BO
2020-06-29,33.07658462624181,33.07658462624181,31.334682804141636,32.26435089111328,114100,RKFORGE.BO
2020-06-30,32.78301315368939,33.10595209005379,31.81420007764904,31.921846389770508,46295,RKFORGE.BO
2020-07-01,31.980557602355827,32.07841583160654,30.91388647809354,31.50104331970215,87475,RKFORGE.BO
2020-07-02,31.197677742321215,32.00012900976851,30.747523928741387,30.92367172241211,60895,RKFORGE.BO
2020-07-03,31.70655394643259,33.0080864115037,31.285754943148564,31.510833740234375,75780,RKFORGE.BO
2020-07-06,30.336516747751382,32.0294896537725,30.336516747751382,31.246612548828125,91280,RKFORGE.BO
2020-07-07,31.11939139113341,34.838060145259654,31.050889883185068,33.77138900756836,98285,RKFORGE.BO
2020-07-08,33.722458455215914,34.44662202230466,32.03927381771989,32.35242462158203,107555,RKFORGE.BO
2020-07-09,33.10595030579617,33.26252573324702,32.626435959385844,32.66558074951172,78765,RKFORGE.BO
2020-07-10,32.47964558805277,32.67536580999897,31.980562568490054,32.12735366821289,82560,RKFORGE.BO
2020-07-13,32.46985364054142,32.46985364054142,31.452111711589897,31.716333389282227,53085,RKFORGE.BO
2020-07-14,31.471683710877425,31.990338997827763,31.138960535670158,31.569541931152344,68930,RKFORGE.BO
2020-07-15,31.68698374662267,32.92980284902807,31.442334405197656,31.471691131591797,67415,RKFORGE.BO
2020-07-16,31.902269862161344,31.902269862161344,30.630094143679884,30.943246841430664,71705,RKFORGE.BO
2020-07-17,31.070464406972732,31.941415410383733,30.238656325134357,31.099822998046875,84200,RKFORGE.BO
2020-07-20,30.845386105536637,31.021533911108573,30.365873671772015,30.512662887573242,74665,RKFORGE.BO
2020-07-21,30.571380063625284,30.63009538021869,29.35791961037942,29.494922637939453,125460,RKFORGE.BO
2020-07-22,29.905932919343044,30.14079604699841,28.77076020241234,29.201343536376953,93670,RKFORGE.BO
2020-07-23,29.220915833923822,30.54202068931162,29.044768022131795,29.152414321899414,115395,RKFORGE.BO
2020-07-24,28.966481313146677,29.39706466055546,28.77076110072643,29.269845962524414,70850,RKFORGE.BO
2020-07-27,29.494919982870407,29.52427857178744,27.938950234263235,28.04659652709961,88070,RKFORGE.BO
2020-07-28,28.036812941100727,29.299204384174125,27.527941884984646,28.526111602783203,88690,RKFORGE.BO
2020-07-29,28.60439583321158,28.790329824652545,27.987880415785053,28.672897338867188,75830,RKFORGE.BO
2020-07-30,28.32060921431907,31.217256615808903,28.32060921431907,28.809907913208008,129745,RKFORGE.BO
2020-07-31,29.064339660019535,29.357918094352595,28.29124692093569,28.34996223449707,76045,RKFORGE.BO
2020-08-03,28.858838575413586,31.902275375559213,28.800123251043253,31.67719841003418,198820,RKFORGE.BO
2020-08-04,32.381776673621545,33.13529685334084,31.78483187325616,32.79278564453125,1384470,RKFORGE.BO
2020-08-05,33.477817470517365,35.914526734588314,33.477817470517365,34.309627532958984,1457970,RKFORGE.BO
2020-08-06,35.09249393517706,35.77751267778637,33.64417062017409,34.97506332397461,160240,RKFORGE.BO
2020-08-07,35.18057003666127,36.853970350352895,33.7616033520655,35.58179473876953,176185,RKFORGE.BO
2020-08-10,35.45458441530269,36.09067423756402,34.46620265426051,35.043575286865234,79945,RKFORGE.BO
2020-08-11,35.34693259328224,37.47049062515676,35.033781763345814,35.83623123168945,130755,RKFORGE.BO
2020-08-12,35.542646728105886,36.91268417500086,35.21971162306956,36.42338562011719,135495,RKFORGE.BO
2020-08-13,36.40381563164046,40.02462592326729,36.40381563164046,39.79954528808594,159650,RKFORGE.BO
2020-08-14,40.122483055246455,41.29680037908356,38.184861150788585,39.03623962402344,195680,RKFORGE.BO
2020-08-17,38.55673701535913,40.31821149564831,37.80321660921905,39.69190979003906,109535,RKFORGE.BO
2020-08-18,39.91699065444025,41.825256417699286,39.91699065444025,40.993446350097656,91065,RKFORGE.BO
2020-08-19,41.36530908447785,43.019137208184915,40.92493954471782,42.34390640258789,88475,RKFORGE.BO
2020-08-20,42.11883001082655,43.63565512685743,40.122490560191714,42.26561737060547,75770,RKFORGE.BO
2020-08-21,43.56714517439816,46.70844110173272,42.32432635710201,45.74941635131836,119165,RKFORGE.BO
2020-08-24,46.97266991399878,48.929864493748724,46.84545122106036,48.59714126586914,141885,RKFORGE.BO
2020-08-25,49.742100647818006,49.8986760605056,48.244844297624795,49.48766326904297,94745,RKFORGE.BO
2020-08-26,47.559829923899194,50.348834623376725,47.559829923899194,49.693172454833984,66895,RKFORGE.BO
2020-08-27,49.908458537047345,50.44668626485605,48.264414898359256,49.35065841674805,46675,RKFORGE.BO
2020-08-28,49.32130692390319,49.605097312475664,47.75554895611349,48.460140228271484,40110,RKFORGE.BO
2020-08-31,49.87910787577036,49.87910787577036,44.49682247756427,45.42648696899414,87560,RKFORGE.BO
2020-09-01,45.24055277643038,46.62037482149287,42.236259361059915,46.02342987060547,22890,RKFORGE.BO
2020-09-02,46.62038223412782,46.688883757444096,45.132913652161605,46.385520935058594,22165,RKFORGE.BO
2020-09-03,47.99041309263622,48.67543195787829,46.58123057372623,47.42282485961914,15495,RKFORGE.BO
2020-09-04,45.24054952730498,46.953094681030365,45.24054952730498,46.40507888793945,13380,RKFORGE.BO
2020-09-07,46.385503097400814,47.95125693259132,45.925561275103526,47.794681549072266,47290,RKFORGE.BO
2020-09-08,46.83566287656516,47.95126309411961,44.88825279407739,45.91577911376953,79245,RKFORGE.BO
2020-09-09,40.318209016389574,45.78856800619869,40.318209016389574,45.2699089050293,71960,RKFORGE.BO
2020-09-10,46.091940418936744,46.41487938343523,44.72190616881067,45.035057067871094,125205,RKFORGE.BO
2020-09-11,45.79835197641949,45.84728109382935,43.91944698990391,44.42831802368164,105595,RKFORGE.BO
2020-09-14,45.22098003723285,53.31398010253906,45.22098003723285,53.31398010253906,199715,RKFORGE.BO
2020-09-15,54.527442818300536,58.549478323584346,53.392270098212734,54.155574798583984,201480,RKFORGE.BO
2020-09-16,53.24548005660955,53.24548005660955,51.26871302132507,51.777584075927734,111965,RKFORGE.BO
2020-09-17,51.89500972874832,53.68584444517841,50.78919755055762,52.58002853393555,161350,RKFORGE.BO
2020-09-18,53.108472530464276,58.34396625820091,51.78736401992405,57.02286148071289,125725,RKFORGE.BO
2020-09-21,56.259557319433135,60.47730906086583,52.237522040773776,55.92683410644531,161560,RKFORGE.BO
2020-09-22,54.713373783387475,56.29870033196199,49.90846128721495,54.31214904785156,89420,RKFORGE.BO
2020-09-23,55.388604334310784,56.602066599223775,53.62712998393262,54.860164642333984,87120,RKFORGE.BO
2020-09-24,55.388600644840224,55.388600644840224,52.12008581104598,53.0203971862793,78235,RKFORGE.BO
2020-09-25,55.095022922429386,59.0779133224174,52.56045596488682,58.75497817993164,118585,RKFORGE.BO
2020-09-28,56.75864555895388,63.02167001040431,56.75864555895388,62.620445251464844,143360,RKFORGE.BO
2020-09-29,62.043068419054805,64.861425869213,61.85713254857784,64.08833312988281,75630,RKFORGE.BO
2020-09-30,63.72624975034296,66.93604724073487,63.0901601030888,65.20392608642578,112605,RKFORGE.BO
2020-10-01,65.37029147305613,66.91646926900977,64.58741078018816,66.44674682617188,30605,RKFORGE.BO
2020-10-05,68.68774567549883,69.87184749186827,66.54461523680696,68.54095458984375,80270,RKFORGE.BO
2020-10-06,69.28469441084756,70.26329174735046,66.54461888219737,69.37276458740234,27125,RKFORGE.BO
2020-10-07,68.92259795106357,70.87000419973262,67.87549929346622,69.24553680419922,24120,RKFORGE.BO
2020-10-08,69.52933800931953,69.86205749255316,67.6210688808938,67.75807189941406,21595,RKFORGE.BO
2020-10-09,68.50180303498944,69.48040022120357,66.77946989674344,68.74645233154297,23380,RKFORGE.BO
2020-10-12,69.27490815883522,69.27490815883522,67.53300604887801,68.49202728271484,21920,RKFORGE.BO
2020-10-13,66.54460869607487,68.26694183518829,63.98068137910512,64.50912475585938,18705,RKFORGE.BO
2020-10-14,64.18619000071637,64.61677517958098,61.680983431550196,62.669368743896484,17525,RKFORGE.BO
2020-10-15,62.659575114464374,65.14521280291541,62.659575114464374,64.28404998779297,13455,RKFORGE.BO
2020-10-16,65.53665555502194,67.30791409452931,65.37029582320056,66.74032592773438,17420,RKFORGE.BO
2020-10-19,67.56237030029297,69.15748149037869,65.5464618989924,67.56237030029297,35230,RKFORGE.BO
2020-10-20,68.56052349921048,69.27490280340172,66.5544035416603,68.17887115478516,26450,RKFORGE.BO
2020-10-21,67.74828795690208,69.14768226220083,65.80087413848005,67.30791473388672,36050,RKFORGE.BO
2020-10-22,68.50180160339643,68.79538373956682,67.8950686728261,68.34522247314453,37290,RKFORGE.BO
2020-10-23,68.5018196558036,69.05961988864233,67.54279089553579,67.85594177246094,25910,RKFORGE.BO
2020-10-26,67.66021485724201,69.02046446940976,66.84797732879517,68.89324951171875,27765,RKFORGE.BO
2020-10-27,68.89324878611977,73.30672453133039,67.71892759123715,72.2009048461914,53590,RKFORGE.BO
2020-10-28,72.41619954551055,73.39479683666609,70.45900496319945,71.1440200805664,40820,RKFORGE.BO
2020-10-29,68.83454071088168,75.93916025346539,67.91466418935586,74.19725799560547,44475,RKFORGE.BO
2020-10-30,74.45168718686425,74.461467784638,71.48653845048882,73.25779724121094,33830,RKFORGE.BO
2020-11-02,74.28531516207862,74.28531516207862,71.13423106297975,73.15013885498047,31075,RKFORGE.BO
2020-11-03,73.35564653854046,73.38500326049305,72.76848970117588,73.04249572753906,28535,RKFORGE.BO
2020-11-04,72.77827680931834,72.77827680931834,70.8993645018491,71.17337799072266,26055,RKFORGE.BO
2020-11-05,73.34586861592035,74.08960469465926,73.01314909965352,73.65901947021484,28670,RKFORGE.BO
2020-11-06,72.58256281187553,73.15015106012704,71.14402352956108,71.59418487548828,31245,RKFORGE.BO
2020-11-09,70.09691028624047,70.25348941200353,65.8106575108759,67.37641143798828,44025,RKFORGE.BO
2020-11-10,68.35502131630386,68.50181240754104,66.72076558358917,67.86572265625,45810,RKFORGE.BO
2020-11-11,68.73666037876312,70.51770685822369,67.75806324793635,69.94033813476562,44520,RKFORGE.BO
2020-11-12,67.71892260660384,70.4589977268681,67.71892260660384,69.49018859863281,32275,RKFORGE.BO
2020-11-13,70.03820433650456,70.60579252893392,68.89324735481753,69.76419830322266,30485,RKFORGE.BO
2020-11-14,73.98195615805113,73.98195615805113,70.20456989232476,70.83087158203125,150,RKFORGE.BO
2020-11-17,71.6039500817856,73.15013533627678,71.36908886151592,71.40823364257812,30470,RKFORGE.BO
2020-11-18,71.89753875649397,72.2106895674158,70.58621460281216,71.75074768066406,29230,RKFORGE.BO
2020-11-19,71.47674311258098,74.56910650025883,70.78193996998912,72.52384185791016,29205,RKFORGE.BO
2020-11-20,72.5238472413518,73.98195514274167,70.95809303857358,73.02293395996094,34075,RKFORGE.BO
2020-11-23,73.52200514731317,74.19723960629514,71.04615541918479,73.38500213623047,31320,RKFORGE.BO
2020-11-24,74.56910205631628,75.52813057686006,71.54524035681624,74.07980346679688,37965,RKFORGE.BO
2020-11-25,75.4106967322677,77.49511351587697,74.76482647215362,76.30122375488281,33105,RKFORGE.BO
2020-11-26,77.7984783467077,82.18259714114262,77.15260060311822,80.03946685791016,538330,RKFORGE.BO
2020-11-27,81.360578612586,91.36184417479467,81.360578612586,88.52391052246094,65320,RKFORGE.BO
2020-12-01,89.48292886263549,92.9667324472967,88.09331518760528,89.38506317138672,47115,RKFORGE.BO
2020-12-02,89.05235028620609,92.03707490311966,89.05235028620609,89.91351318359375,30535,RKFORGE.BO
2020-12-03,91.98814721936998,97.85973108443613,91.9490024310036,92.43830108642578,32940,RKFORGE.BO
2020-12-04,93.19181405198498,95.70680854144258,88.30860867925861,91.61627197265625,36645,RKFORGE.BO
2020-12-07,90.98020421504924,92.64381685875429,90.98020421504924,91.78265380859375,28570,RKFORGE.BO
2020-12-08,90.3636830953734,93.35819630789025,90.3636830953734,92.71231842041016,29445,RKFORGE.BO
2020-12-09,92.71230212919934,93.74962029959453,92.69273346912604,93.2407455444336,27385,RKFORGE.BO
2020-12-10,92.8884641897505,92.8884641897505,91.21506351774636,91.9196548461914,32365,RKFORGE.BO
2020-12-11,93.02544656087639,99.37654770425685,91.79241947616164,95.48172760009766,48650,RKFORGE.BO
2020-12-14,96.40161835510384,96.69519305399531,95.20772850107318,95.83403015136719,12705,RKFORGE.BO
2020-12-15,95.9416619421381,96.47988587511793,95.37407382421452,95.66765594482422,1975,RKFORGE.BO
2020-12-16,96.4603383677105,100.44322919590067,96.29397861373744,97.84016418457031,8855,RKFORGE.BO
2020-12-17,99.91477531040331,101.57839507474917,98.93617808411904,99.9930648803711,5020,RKFORGE.BO
2020-12-18,98.85788884436747,99.73862784418611,94.92393126664994,97.2334213256836,7470,RKFORGE.BO
2020-12-21,94.845640344502,98.09458280166405,85.2749607704688,91.85113525390625,12695,RKFORGE.BO
2020-12-22,92.96674049055515,92.96674049055515,84.15936507566046,89.57100677490234,25260,RKFORGE.BO
2020-12-23,90.69639297749211,95.13922536632461,88.34775809595405,91.54777526855469,1745,RKFORGE.BO
2020-12-24,94.12148785256922,94.92393733344487,91.2444094246494,91.84135437011719,3855,RKFORGE.BO
2020-12-28,92.38936544240805,95.70680936054096,92.36978931734595,95.13922119140625,4010,RKFORGE.BO
2020-12-29,95.90252725644011,96.15696462334394,94.96307482414628,96.0982437133789,5065,RKFORGE.BO
2020-12-30,96.62669421431676,96.62669421431676,94.92393702216054,94.97286987304688,3075,RKFORGE.BO
2020-12-31,94.55206951188055,95.3642995596861,92.59487500092872,93.60282897949219,3290,RKFORGE.BO
2021-01-01,94.30742942832768,94.30742942832768,91.87071664810472,93.08418273925781,3145,RKFORGE.BO
2021-01-04,94.47378563231706,94.96308428953887,92.96674487214133,93.73983764648438,12815,RKFORGE.BO
2021-01-05,94.33677274323716,96.40161345813478,94.33677274323716,95.5306625366211,17570,RKFORGE.BO
2021-01-06,96.88112847169407,101.04016681517588,96.88112847169407,99.88542175292969,8610,RKFORGE.BO
2021-01-07,101.14781929293255,112.96927667538776,101.14781929293255,103.73131561279297,105680,RKFORGE.BO
2021-01-08,105.70806272980172,106.37350910222966,101.77410540222452,102.977783203125,19220,RKFORGE.BO
2021-01-11,101.1771721470511,106.42245416333222,100.53130182484809,104.00531768798828,8745,RKFORGE.BO
2021-01-12,104.9349852917383,113.32156333681334,104.9349852917383,112.39189147949219,44275,RKFORGE.BO
2021-01-13,111.30565451429256,117.23595921340933,109.65183015865978,116.24757385253906,37430,RKFORGE.BO
2021-01-14,119.33014163930878,119.33014163930878,113.97721390956444,114.4175796508789,5125,RKFORGE.BO
2021-01-15,117.23595541208572,118.41026914443162,115.25918475444108,115.78762817382812,6355,RKFORGE.BO
2021-01-18,115.67019410418337,116.50200775496074,111.65794679815248,114.13379669189453,12775,RKFORGE.BO
2021-01-19,120.36745938676036,120.36745938676036,113.9478639419532,114.21208190917969,2485,RKFORGE.BO
2021-01-20,114.03594019409839,114.60352841010693,114.00658347018496,114.35887908935547,630,RKFORGE.BO
2021-01-21,114.0359361162729,117.33381152987128,113.74236142153197,115.73869323730469,8440,RKFORGE.BO
2021-01-22,117.18702726861154,119.19315473021555,112.02982275657385,113.31178283691406,14100,RKFORGE.BO
2021-01-25,115.46467166807851,117.37294052463056,104.31845111009676,105.42427062988281,20845,RKFORGE.BO
2021-01-27,106.61816240311803,106.61816240311803,95.36429455566565,97.90865325927734,18750,RKFORGE.BO
2021-01-28,97.89887145177458,108.70258617154256,95.20772896848224,104.70990753173828,18350,RKFORGE.BO
2021-01-29,104.70989935263952,108.08605667242787,99.11232223005261,99.71905517578125,11910,RKFORGE.BO
2021-02-01,99.16125730010575,100.9912293085395,97.27256438199149,98.30008697509766,10040,RKFORGE.BO
2021-02-02,100.20836257070279,103.27136935724609,98.5349621244235,101.04016876220703,19175,RKFORGE.BO
2021-02-03,105.6884989835778,110.08239837858959,104.23039122699873,107.89034271240234,30920,RKFORGE.BO
2021-02-04,110.72826843332773,111.96130292635144,108.98636671006614,110.10196685791016,4740,RKFORGE.BO
2021-02-05,110.13134042963826,110.13134042963826,105.39492564142462,105.70807647705078,10485,RKFORGE.BO
2021-02-08,116.25735554917975,116.25735554917975,106.02122180892164,106.12886810302734,4910,RKFORGE.BO
2021-02-09,107.35211105146112,108.67322325908623,102.62549219695765,106.0407943725586,73660,RKFORGE.BO
2021-02-10,105.31663546908388,109.21144822236691,103.046290218085,105.14048767089844,7670,RKFORGE.BO
2021-02-11,104.66099038195208,105.98210286299313,102.44936560315297,104.71971130371094,18805,RKFORGE.BO
2021-02-12,104.70992108141057,106.56925762187169,103.80961327145444,104.11297607421875,1595,RKFORGE.BO
2021-02-15,105.92336774009263,105.92336774009263,101.77411735386737,101.97962188720703,2125,RKFORGE.BO
2021-02-16,103.8193762849149,104.39675253153179,102.75270889063741,104.05424499511719,3765,RKFORGE.BO
2021-02-17,103.65302572177137,109.99433960248035,102.8799329476687,109.45610809326172,55535,RKFORGE.BO
2021-02-18,109.5637477082629,110.37598522129163,99.31783325997121,100.43343353271484,22915,RKFORGE.BO
2021-02-19,102.18513038142396,103.73131593917498,97.52701251295852,99.48420715332031,12620,RKFORGE.BO
2021-02-22,97.80100795124045,101.70560874438873,97.80100795124045,98.8578872680664,3200,RKFORGE.BO
2021-02-23,98.92639507192143,107.42061972837605,98.92639507192143,106.95089721679688,42460,RKFORGE.BO
2021-02-24,107.25426264920301,109.21145725034214,104.40654838692014,106.08973693847656,33580,RKFORGE.BO
2021-02-25,108.05670630435564,110.58148899540791,104.05424714480068,107.43040466308594,61535,RKFORGE.BO
2021-02-26,104.7294732267851,109.70074899248968,104.2988955186004,108.3307113647461,889475,RKFORGE.BO
2021-03-01,108.33070398287946,109.40716684524998,107.27382471107627,107.7826919555664,10390,RKFORGE.BO
2021-03-02,107.74356541162028,112.43104755618316,107.74356541162028,110.44449615478516,37085,RKFORGE.BO
2021-03-03,113.90871999301244,117.81332088200637,112.8029003357987,115.70933532714844,30510,RKFORGE.BO
2021-03-04,117.43166769440035,118.30261863251214,112.75397412581677,114.21208190917969,6525,RKFORGE.BO
2021-03-05,113.17477209065028,115.3766158765925,111.07078653530685,111.83409118652344,20540,RKFORGE.BO
2021-03-08,113.44878225136826,116.35521734915893,110.51299042994005,111.74602508544922,12485,RKFORGE.BO
2021-03-09,111.99067793668891,111.99067793668891,107.64570351475784,108.50686645507812,38390,RKFORGE.BO
2021-03-10,107.42061654742022,108.47750336633374,105.20899214419188,107.05854034423828,45095,RKFORGE.BO
2021-03-12,108.91787642382718,109.50503327797763,106.78453412973377,107.79248809814453,3740,RKFORGE.BO
2021-03-15,109.83776314055258,109.83776314055258,103.81938801786761,105.08177947998047,5810,RKFORGE.BO
2021-03-16,104.80776368530367,105.02305627427138,99.62120275463788,100.41386413574219,26510,RKFORGE.BO
2021-03-17,102.25362079504696,102.25362079504696,98.10437069841136,98.8578872680664,17755,RKFORGE.BO
2021-03-18,99.78756668888124,101.50990000690825,94.89458024706971,99.77777862548828,17910,RKFORGE.BO
2021-03-19,97.66400989740119,101.78390348137985,97.1844918626238,100.82487487792969,7595,RKFORGE.BO
2021-03-22,99.70929266796632,101.27504708037286,98.6915504333756,99.41571044921875,4280,RKFORGE.BO
2021-03-23,99.42547871066402,110.2389812665244,99.42547871066402,108.16435241699219,46835,RKFORGE.BO
2021-03-24,106.87260539058072,107.54783988611358,101.17716966150302,102.2829818725586,25750,RKFORGE.BO
2021-03-25,101.67625042831098,101.78389671744588,97.93800942828291,99.924560546875,11390,RKFORGE.BO
2021-03-26,101.6762631344624,103.33987559354598,95.98082702548365,96.90070343017578,7300,RKFORGE.BO
2021-03-30,98.78938023749178,100.50192526613847,98.2511562795794,99.82669830322266,8000,RKFORGE.BO
2021-03-31,107.25425144193633,107.25425144193633,98.83831702966124,102.3221206665039,1715,RKFORGE.BO
2021-04-01,102.5569982388875,104.44569129361203,101.28481878461946,103.82917022705078,6485,RKFORGE.BO
2021-04-05,104.62184446878186,105.09156700766593,98.98512173943699,100.44322967529297,7325,RKFORGE.BO
2021-04-06,100.32578834910943,108.95701593003609,99.27868957392812,105.81571960449219,23940,RKFORGE.BO
2021-04-07,106.4713800292428,109.87689415804931,106.07993964983518,108.63407897949219,9005,RKFORGE.BO
2021-04-08,108.232863173689,112.7344093971749,105.8157265747065,107.8316421508789,7275,RKFORGE.BO
2021-04-09,107.36190867213743,110.18026620269754,106.88239808660674,108.48729705810547,2120,RKFORGE.BO
2021-04-12,104.24017332171402,104.33803901728506,99.81691714132174,100.36492919921875,12195,RKFORGE.BO
2021-04-13,100.03221230570101,103.62366242909542,97.06706382637138,100.79551696777344,6205,RKFORGE.BO
2021-04-15,100.89338341898956,103.21266178323685,98.6523946331543,99.51356506347656,2085,RKFORGE.BO
2021-04-16,100.02241829886577,102.3025515526609,100.02241829886577,100.83465576171875,5715,RKFORGE.BO
2021-04-19,96.80284469913899,99.79735756281171,96.09825343709835,97.99673461914062,13190,RKFORGE.BO
2021-04-20,100.66829815934302,101.20652214774066,99.13190083097906,99.96370697021484,6430,RKFORGE.BO
2021-04-22,100.28665961526582,103.73131899881955,98.6328277062253,100.48237609863281,9910,RKFORGE.BO
2021-04-23,101.53924395760718,101.62731411875049,99.22975405031164,99.66033172607422,3945,RKFORGE.BO
2021-04-26,104.70990600031858,105.85486299369063,101.42181863516976,102.4591293334961,16665,RKFORGE.BO
2021-04-27,102.56678779672343,114.3001756198784,102.36128324528431,113.67387390136719,84225,RKFORGE.BO
2021-04-28,113.8793451538844,117.81330213960477,111.15883899359149,115.81696319580078,48375,RKFORGE.BO
2021-04-29,119.36928505839461,119.38885371654115,113.53683940502172,115.1221694946289,9690,RKFORGE.BO
2021-04-30,116.01271270298837,116.14971572746562,111.16865159661178,113.85000610351562,6090,RKFORGE.BO
2021-05-03,112.91054045787138,115.12217218531248,112.03958956096967,113.52706146240234,5235,RKFORGE.BO
2021-05-04,113.34113434215142,114.5448122569057,110.5032007952411,112.07874298095703,14940,RKFORGE.BO
2021-05-05,114.26101325958344,114.26101325958344,110.6206304141935,112.1472396850586,1805,RKFORGE.BO
2021-05-06,112.65611725739316,113.81086230232054,111.16864526760308,112.21574401855469,2045,RKFORGE.BO
2021-05-07,114.69160200722972,114.69160200722972,111.36437711852254,112.03960418701172,4390,RKFORGE.BO
2021-05-10,114.17293546925607,126.10203792880513,112.63653813783287,124.68307495117188,199500,RKFORGE.BO
2021-05-11,124.86901981304814,128.94977641869204,121.5124306187887,124.71244812011719,191865,RKFORGE.BO
2021-05-12,124.46779674686634,127.6775947935294,122.87267832123561,125.40724182128906,207760,RKFORGE.BO
2021-05-14,127.69715688716701,130.15343053903797,120.46531654704663,126.91427612304688,623815,RKFORGE.BO
2021-05-17,131.49409648113127,132.11061747431788,125.36808359458361,128.9497528076172,800345,RKFORGE.BO
2021-05-18,127.41334904301642,128.1962297685023,123.19559761306857,124.1839828491211,177560,RKFORGE.BO
2021-05-19,125.06473978683677,125.36810256519585,121.93322390059112,123.5087661743164,178425,RKFORGE.BO
2021-05-20,126.63048029288674,126.74792211875112,123.34240034676492,124.46778869628906,30870,RKFORGE.BO
2021-05-21,125.4855262048588,125.66168148165222,122.324661141969,123.24454498291016,20140,RKFORGE.BO
2021-05-24,124.00784126644463,125.05493999618507,122.62801559858157,123.78276062011719,51785,RKFORGE.BO
2021-05-25,125.2604510503351,125.76932581374572,120.9154767653731,122.08979797363281,22785,RKFORGE.BO
2021-05-26,125.84760387488255,131.52345559810212,123.72404231069531,130.84823608398438,1492145,RKFORGE.BO
2021-05-27,131.91493596401102,132.3063689613862,129.37057668443734,130.89718627929688,336205,RKFORGE.BO
2021-05-28,130.66230213570265,131.13202461000375,127.85371802187036,130.1632080078125,197680,RKFORGE.BO
2021-05-31,129.56626968635513,129.75220555266304,125.46595975952992,127.17850494384766,639590,RKFORGE.BO
2021-06-01,128.0005179010333,128.0005179010333,118.4004742054881,120.78825378417969,83230,RKFORGE.BO
2021-06-02,121.93321980761543,134.459260533817,121.6885704871884,127.1002197265625,113200,RKFORGE.BO
2021-06-03,125.28004859857208,128.77363369877003,124.67331549725353,125.93570709228516,65290,RKFORGE.BO
2021-06-04,127.21766333547852,131.98342794519994,126.21948979598095,131.58221435546875,44890,RKFORGE.BO
2021-06-07,132.0812618871581,132.0812618871581,128.5974583337642,129.35096740722656,78605,RKFORGE.BO
2021-06-08,129.46842083146726,130.15343592886154,125.29958693607931,126.8555679321289,18080,RKFORGE.BO
2021-06-09,126.14116554850993,129.59561226293658,125.51486397532739,127.95157623291016,65345,RKFORGE.BO
2021-06-10,128.5681164576737,129.6837167685485,126.47391885893649,126.9338607788086,25095,RKFORGE.BO
2021-06-11,128.44089122086856,128.51918079404925,124.96686793854796,127.23722076416016,11700,RKFORGE.BO
2021-06-14,127.23722403106812,127.23722403106812,122.3148733829384,124.73200988769531,17675,RKFORGE.BO
2021-06-15,126.69899844488302,127.20787324125804,124.54607982332855,125.24089050292969,7400,RKFORGE.BO
2021-06-16,126.03353905043954,126.03353905043954,122.85310530785593,123.26411437988281,16350,RKFORGE.BO
2021-06-17,122.32465621501268,127.21764246361319,122.21700992025511,122.75524139404297,31125,RKFORGE.BO
2021-06-18,124.08613411223412,124.56564467355166,118.16561777160427,120.90569305419922,32595,RKFORGE.BO
2021-06-21,119.04636733869042,122.64760583142692,118.19498496913704,120.61212158203125,11875,RKFORGE.BO
2021-06-22,123.9980616705926,126.93386100552841,123.09775395601625,125.0940933227539,9760,RKFORGE.BO
2021-06-23,125.05492285585804,125.52465274350052,119.4084134732691,120.98395538330078,13040,RKFORGE.BO
2021-06-24,122.1485005228383,123.40110372700784,120.62189130101969,121.09161376953125,7365,RKFORGE.BO
2021-06-25,121.30693009309911,123.68492202052154,120.17176101688024,121.2971420288086,12580,RKFORGE.BO
2021-06-28,121.81579604289192,128.07882030001036,121.74729453005598,126.63048553466797,22000,RKFORGE.BO
2021-06-29,125.45616194383176,128.22559389757416,125.38766790245613,126.19990539550781,92140,RKFORGE.BO
2021-06-30,127.521003703066,131.53325835201508,127.521003703066,129.5467071533203,138540,RKFORGE.BO
2021-07-01,130.87761050800322,138.56938601437434,130.87761050800322,135.34979248046875,230800,RKFORGE.BO
2021-07-02,136.80790895508028,137.08191501137054,132.8739435294697,135.74124145507812,228780,RKFORGE.BO
2021-07-05,139.93942809844526,142.70886053030083,137.4929346002207,141.1822509765625,263515,RKFORGE.BO
2021-07-06,142.46418538387383,142.5914078010524,138.18772030164288,139.08802795410156,145060,RKFORGE.BO
2021-07-07,138.373645122863,142.33696697025087,138.373645122863,141.39752197265625,143495,RKFORGE.BO
2021-07-08,141.74980942911188,142.51311404534545,137.1503906746172,140.09597778320312,90140,RKFORGE.BO
2021-07-09,137.00363732487443,143.06115767860663,137.00363732487443,141.2213897705078,163020,RKFORGE.BO
2021-07-12,144.71496838901388,145.14555357495334,142.19018565235822,144.03973388671875,99115,RKFORGE.BO
2021-07-13,144.7638838412181,146.7895873136062,141.57366218586432,145.4586944580078,156585,RKFORGE.BO
2021-07-14,146.3198566376098,146.3198566376098,143.2764187667795,144.1571502685547,65530,RKFORGE.BO
2021-07-15,144.24524908431846,149.5981779937047,144.1082460472242,146.7015380859375,115655,RKFORGE.BO
2021-07-16,146.51558716541157,147.8660562012644,145.6054839227513,145.9675750732422,2019715,RKFORGE.BO
2021-07-19,153.83546697551046,153.83546697551046,145.9871137544488,148.7369842529297,101630,RKFORGE.BO
2021-07-20,149.49050986000321,152.5926613366433,146.2024225175485,150.98776245117188,118565,RKFORGE.BO
2021-07-22,152.837319577113,153.99207215911525,150.12661579966743,151.56515502929688,62690,RKFORGE.BO
2021-07-23,155.47953140975795,158.9339784088433,151.0954051040052,155.3229522705078,67675,RKFORGE.BO
2021-07-26,158.1315154736546,162.8385655423639,156.94742124234102,159.97128295898438,142185,RKFORGE.BO
2021-07-27,163.60189148561815,166.09731761816226,160.4899592002928,161.21412658691406,128220,RKFORGE.BO
2021-07-28,164.60003255038845,171.52850194986777,159.7657603898207,161.1847381591797,87205,RKFORGE.BO
2021-07-29,164.0129012578864,164.9229895117571,161.85019481551973,163.46487426757812,147385,RKFORGE.BO
2021-07-30,166.55724467204038,166.55724467204038,159.51134764002694,162.71136474609375,119780,RKFORGE.BO
2021-08-02,164.68812846451627,174.21967127690445,162.89730859568894,170.6673583984375,236795,RKFORGE.BO
2021-08-03,173.94564768684356,178.0949050803974,173.40741625467615,176.88143920898438,129930,RKFORGE.BO
2021-08-04,177.12611436731208,186.38365155579817,176.3530290570968,177.5077667236328,228140,RKFORGE.BO
2021-08-05,178.20449389452702,182.52221778829747,173.76900354924666,182.02175903320312,96105,RKFORGE.BO
2021-08-06,183.49369137446698,215.88646941805945,181.4329509042653,182.39462280273438,119525,RKFORGE.BO
2021-08-09,181.6586431912608,189.44037676886842,181.11893900544766,184.43572998046875,98255,RKFORGE.BO
2021-08-10,186.34928083345795,195.35764276939946,180.68717794944826,182.3455810546875,270620,RKFORGE.BO
2021-08-11,181.73719825977884,186.03530748701039,174.27930913623538,181.77645874023438,230695,RKFORGE.BO
2021-08-12,186.44741246183884,190.62775431921364,182.26707060446407,184.84788513183594,164630,RKFORGE.BO
2021-08-13,188.6062870787772,189.56795907908418,183.02267495087585,183.7194061279297,139140,RKFORGE.BO
2021-08-16,182.38483032463338,188.76329472373493,180.4614713944177,182.3553924560547,112975,RKFORGE.BO
2021-08-17,182.3554137527772,182.71849082330627,179.70590045688022,181.4427947998047,101215,RKFORGE.BO
2021-08-18,181.95304206816755,182.91471397842759,173.2783346933724,174.43626403808594,102505,RKFORGE.BO
2021-08-20,175.16246117791903,177.4292671032875,169.1765111370668,171.33538818359375,116140,RKFORGE.BO
2021-08-23,170.6877024829151,177.056344006967,165.2709102917133,170.0792999267578,195850,RKFORGE.BO
2021-08-24,167.01763560044057,177.45869066925835,167.01763560044057,176.13394165039062,39210,RKFORGE.BO
2021-08-25,176.6343931594598,180.5596018963367,176.51664168886808,180.098388671875,56240,RKFORGE.BO
2021-08-26,181.1582087557185,183.30726307641686,179.68625538247127,182.1002655029297,96845,RKFORGE.BO
2021-08-27,182.50258606603805,183.95492415946794,180.8049373865445,183.10118103027344,70525,RKFORGE.BO
2021-08-30,190.3726308874737,204.71926456799432,187.33058801276493,200.72537231445312,245890,RKFORGE.BO
2021-08-31,201.3632075486736,204.01272048217922,191.94271545471113,194.6805419921875,105685,RKFORGE.BO
2021-09-01,192.57073934214512,196.652944907055,190.205797566571,191.2557830810547,97190,RKFORGE.BO
2021-09-02,192.08010948509423,192.92403002641322,189.5189099912585,190.30393981933594,49470,RKFORGE.BO
2021-09-03,197.24174934604358,198.22305158159602,191.05954226736634,192.1095428466797,99140,RKFORGE.BO
2021-09-06,191.95254143138388,196.2604578829758,189.77404915100408,193.2969207763672,91355,RKFORGE.BO
2021-09-07,192.9141912495733,195.0730530427859,190.95158689692863,192.08009338378906,72130,RKFORGE.BO
2021-09-08,192.63944721302795,200.96088631260503,192.63944721302795,194.75906372070312,157435,RKFORGE.BO
2021-09-09,196.27023971511744,197.34967808097232,193.5716587739629,194.12120056152344,94215,RKFORGE.BO
2021-09-13,193.7090494039791,198.5665073006847,193.7090494039791,194.99456787109375,102760,RKFORGE.BO
2021-09-14,197.4380102375275,202.92348623617826,196.05437046766153,199.89126586914062,174530,RKFORGE.BO
2021-09-15,204.1010421961415,208.41876572232619,199.43985692364274,205.14122009277344,149730,RKFORGE.BO
2021-09-16,209.0173810580797,210.5874706610552,203.30619472640342,203.9931182861328,73500,RKFORGE.BO
2021-09-17,213.5313461929478,213.5313461929478,199.41040935838913,205.38653564453125,50375,RKFORGE.BO
2021-09-20,200.18563878108333,204.9842056999847,192.973061982666,195.1221160888672,117120,RKFORGE.BO
2021-09-21,191.94272040781104,201.00013571463234,190.3726308648927,199.41043090820312,184655,RKFORGE.BO
2021-09-22,202.93329243197823,206.8585011251558,200.22488885065664,204.25804138183594,146420,RKFORGE.BO
2021-09-23,209.80240268238114,209.80240268238114,203.12954506712217,203.43374633789062,129245,RKFORGE.BO
2021-09-24,204.06178446267128,204.8860746967064,200.57815874388885,203.06085205078125,104385,RKFORGE.BO
2021-09-27,204.80758308812958,204.80758308812958,202.15805524259298,202.94309997558594,113065,RKFORGE.BO
2021-09-28,202.85479117274727,213.60985485669767,201.16695019760093,206.3580322265625,381575,RKFORGE.BO
2021-09-29,207.9771943575698,209.39027194642432,202.73704411013725,208.37953186035156,138295,RKFORGE.BO
2021-09-30,210.78374165822012,215.4939957962361,209.97906656729694,212.88372802734375,125555,RKFORGE.BO
2021-10-01,211.96126597698435,215.23881158873337,209.0173595050818,213.3350830078125,121180,RKFORGE.BO
2021-10-04,215.69023382481117,224.718211374414,215.30752655285085,221.342529296875,166185,RKFORGE.BO
2021-10-05,226.5630378809793,226.5630378809793,216.14159920191292,219.57615661621094,130145,RKFORGE.BO
2021-10-06,214.12015637426592,226.48457119981435,214.12015637426592,216.9266815185547,218045,RKFORGE.BO
2021-10-07,218.6341317072125,232.9611347482695,218.6341317072125,225.6504364013672,180365,RKFORGE.BO
2021-10-08,231.58731098804176,237.29849677679826,228.22145174866526,234.21719360351562,215035,RKFORGE.BO
2021-10-11,235.29664999616742,247.20965859522505,227.77006360940746,232.7158203125,342540,RKFORGE.BO
2021-10-12,242.1265242006461,242.1265242006461,234.23684567188656,237.2886962890625,179115,RKFORGE.BO
2021-10-13,242.97041858020435,242.97041858020435,232.10739658121918,232.970947265625,134565,RKFORGE.BO
2021-10-14,235.49290062111763,237.39662930797658,227.26959826729694,228.3293914794922,146385,RKFORGE.BO
2021-10-18,234.13871037832965,237.18073820733989,226.87706513071026,235.5125274658203,180590,RKFORGE.BO
2021-10-19,237.39662908239393,240.6545596101049,232.62749973811327,235.4045867919922,140785,RKFORGE.BO
2021-10-20,235.51254111140017,238.0148648554056,230.80228729447532,237.21018981933594,110145,RKFORGE.BO
2021-10-21,239.34401147130873,239.34401147130873,232.6573376950668,238.08534240722656,90255,RKFORGE.BO
2021-10-22,239.71765512948866,239.71765512948866,232.85397387180538,236.2071533203125,62665,RKFORGE.BO
2021-10-25,234.04380770911405,238.9506599971005,228.4781370731086,236.9053192138672,136645,RKFORGE.BO
2021-10-26,238.55737032180008,238.55737032180008,233.25718875510225,234.3585205078125,135900,RKFORGE.BO
2021-10-27,235.99084488320764,235.99084488320764,227.34731183780414,229.15664672851562,200235,RKFORGE.BO
2021-10-28,231.6739986946604,231.6739986946604,218.85128713120127,219.72645568847656,59985,RKFORGE.BO
2021-10-29,225.97064536429625,225.97064536429625,213.5806041415195,214.88844299316406,52735,RKFORGE.BO
2021-11-01,213.39377194799746,219.36262956495023,211.9384386510947,212.74478149414062,87250,RKFORGE.BO
2021-11-02,220.06078061021913,220.06078061021913,209.46041858546957,212.56776428222656,93780,RKFORGE.BO
2021-11-03,211.04361927453493,214.34762964498552,205.3206101533825,206.74644470214844,58610,RKFORGE.BO
2021-11-04,204.5437287402952,209.39158332558586,204.5437287402952,206.43173217773438,8695,RKFORGE.BO
2021-11-08,216.2159533090237,216.2159533090237,201.37739968720066,205.94007873535156,94855,RKFORGE.BO
2021-11-09,208.1624350544576,208.8605953286908,204.28808816577708,205.01576232910156,76550,RKFORGE.BO
2021-11-10,204.93707440891208,209.96192233805013,202.86223469638304,204.79940795898438,54125,RKFORGE.BO
2021-11-11,205.78277960672233,206.5399377099627,196.8639126877872,199.79425048828125,99985,RKFORGE.BO
2021-11-12,200.40389714399637,204.69124307520693,199.0272176221476,199.93190002441406,108145,RKFORGE.BO
2021-11-15,200.30556982726335,202.05590696580288,194.70055679910206,196.35255432128906,49955,RKFORGE.BO
2021-11-16,195.88055051680868,199.54839001344047,194.2285530507558,196.28372192382812,145560,RKFORGE.BO
2021-11-17,194.7005563045288,197.48339938962565,193.32389170620326,193.50088500976562,39615,RKFORGE.BO
2021-11-18,197.0605687861522,197.0605687861522,186.7257107096283,188.93821716308594,94200,RKFORGE.BO
2021-11-22,188.21052295538834,188.9381970687616,182.04501643073326,183.5101776123047,45800,RKFORGE.BO
2021-11-23,182.9005077346619,189.19385253662819,178.49516637328549,186.79452514648438,38225,RKFORGE.BO
2021-11-24,189.78386454167617,195.36920630632994,187.62052815402177,190.98353576660156,53995,RKFORGE.BO
2021-11-25,188.8005329795136,195.77238239314144,187.81719687024528,192.06521606445312,49830,RKFORGE.BO
2021-11-26,191.8980325464301,191.8980325464301,183.40200930312238,185.1326904296875,47970,RKFORGE.BO
2021-11-29,184.27718748149456,184.27718748149456,175.03383372480135,179.96034240722656,58630,RKFORGE.BO
2021-11-30,174.0898167417193,184.42468876746656,174.0898167417193,177.5413360595703,63260,RKFORGE.BO
2021-12-01,180.068518814141,182.52685929600517,179.3113607489809,180.5110321044922,25860,RKFORGE.BO
2021-12-02,179.7538545989391,182.80218771851378,179.7538545989391,182.4088592529297,35920,RKFORGE.BO
2021-12-03,184.17884706552158,192.57653041714755,184.17884706552158,189.65602111816406,59895,RKFORGE.BO
2021-12-06,193.71723349281973,193.71723349281973,185.00487406651516,185.821044921875,56105,RKFORGE.BO
2021-12-07,192.1438992634684,192.1438992634684,184.05104604235328,187.10922241210938,39885,RKFORGE.BO
2021-12-08,188.2892015873381,190.15754927293196,185.45720368162057,186.1652069091797,36680,RKFORGE.BO
2021-12-09,186.56837037968424,188.3285505552605,184.70986558821375,186.106201171875,42950,RKFORGE.BO
2021-12-10,186.0275148497016,190.32470377867864,185.6440143736574,186.49952697753906,59350,RKFORGE.BO
2021-12-13,190.9638775934675,190.9638775934675,183.90353122886216,184.6705322265625,61015,RKFORGE.BO
2021-12-14,184.18867793376958,186.92235102378183,183.99201371953836,184.66067504882812,44980,RKFORGE.BO
2021-12-15,184.47384023835104,185.80133484022173,180.14715282071143,180.66831970214844,45875,RKFORGE.BO
2021-12-16,182.39903647476459,182.7038682949303,179.13435310049525,180.6290283203125,116080,RKFORGE.BO
2021-12-17,180.63885199778676,181.69102890517428,171.52332147187323,173.83416748046875,102480,RKFORGE.BO
2021-12-20,178.69184854337422,178.69184854337422,167.33431287236368,173.7259979248047,68540,RKFORGE.BO
2021-12-21,177.97401867158408,179.92102008540525,172.3001647738291,174.33566284179688,69760,RKFORGE.BO
2021-12-22,174.2471540893958,181.87785183574522,174.2471540893958,179.90133666992188,58850,RKFORGE.BO
2021-12-23,184.46405073002805,188.49573551406132,181.18953908928825,186.9420623779297,89520,RKFORGE.BO
2021-12-24,186.83384636146727,189.74452762255976,185.50633671446053,186.34217834472656,95165,RKFORGE.BO
2021-12-27,186.83385504950002,187.8958598155867,181.75983727970302,183.78550720214844,49575,RKFORGE.BO
2021-12-28,185.44735847732147,188.1220339703457,183.53968397080226,185.43753051757812,70145,RKFORGE.BO
2021-12-29,185.28020633466642,187.00104469703038,184.70986953402627,185.7030487060547,57485,RKFORGE.BO
2021-12-30,185.05401644765095,186.99118969579624,183.69700787669174,185.2998504638672,54395,RKFORGE.BO
2021-12-31,186.44053256295027,187.81719711591933,185.56536402473745,186.84368896484375,81085,RKFORGE.BO
2022-01-03,190.76720003697156,191.78003500175487,184.96552315105637,187.01084899902344,124950,RKFORGE.BO
2022-01-04,187.1583584141339,188.85952563587898,185.29985381807813,187.01084899902344,87240,RKFORGE.BO
2022-01-05,187.15834573620782,194.48419605491097,186.04717123662076,192.58636474609375,151245,RKFORGE.BO
2022-01-06,191.75053339078065,192.14386181644187,188.1121929376027,191.2588653564453,116040,RKFORGE.BO
2022-01-07,190.76720637254834,198.9190561665831,190.76720637254834,195.7822265625,96755,RKFORGE.BO
2022-01-10,196.47056391502284,199.2337360696986,194.3072274063617,195.61505126953125,117105,RKFORGE.BO
2022-01-11,195.6937186928139,196.067391225308,192.73388233008572,194.6317138671875,131730,RKFORGE.BO
2022-01-12,195.68387765572078,195.9297116728762,190.84586599864406,192.99937438964844,618800,RKFORGE.BO
2022-01-13,194.66124201596116,198.43724944735598,191.94722448347383,196.62791442871094,176020,RKFORGE.BO
2022-01-14,196.27387059975678,205.51722295075945,194.44486504891384,202.5672149658203,165670,RKFORGE.BO
2022-01-17,206.48092826907643,208.15259678545792,201.2987573687458,205.35009765625,106885,RKFORGE.BO
2022-01-18,209.05727766230672,209.13593135265162,195.96906051570124,198.78140258789062,206010,RKFORGE.BO
2022-01-19,199.6074031934751,204.71090502162065,197.09989310173341,202.6164093017578,87205,RKFORGE.BO
2022-01-20,205.32057424153615,207.35607210234843,200.3350531687259,202.1935577392578,86115,RKFORGE.BO
2022-01-21,200.9840796082339,200.9840796082339,192.35038921786264,196.18539428710938,84860,RKFORGE.BO
2022-01-24,193.8351898752707,194.13019367976077,182.6054944192781,184.3853302001953,58340,RKFORGE.BO
2022-01-25,183.68721731291083,185.39821281121084,177.983863974696,184.24771118164062,41145,RKFORGE.BO
2022-01-27,184.86718084703486,187.25668029092114,182.00566928709492,184.4246826171875,68410,RKFORGE.BO
2022-01-28,186.0811171249145,189.255924722309,184.37540237426862,185.588134765625,53740,RKFORGE.BO
2022-01-31,190.4982454864713,190.4982454864713,185.55855273217693,188.21080017089844,52360,RKFORGE.BO
2022-02-01,190.05455225101016,190.05455225101016,184.37540093247162,185.03599548339844,57410,RKFORGE.BO
2022-02-02,187.72768658480052,187.81643484820472,185.75575704065503,186.3670654296875,61895,RKFORGE.BO
2022-02-03,186.23885912623373,189.53197739329133,184.97682559820416,189.16717529296875,137150,RKFORGE.BO
2022-02-04,189.69959144355096,190.9912177643763,184.6514572817276,185.19374084472656,78510,RKFORGE.BO
2022-02-07,185.19376065304382,187.8558624670366,182.64011556325138,183.56690979003906,52690,RKFORGE.BO
2022-02-08,186.34731881228774,186.34731881228774,178.82440372002966,182.6105194091797,74570,RKFORGE.BO
2022-02-09,183.44857936924384,185.00640531308494,182.4034592530961,184.00071716308594,57865,RKFORGE.BO
2022-02-10,183.1429476487009,187.5797889107152,182.92603420565445,187.3332977294922,64930,RKFORGE.BO
2022-02-11,184.79934533963058,186.52478346043213,183.04432948318535,184.2965087890625,53050,RKFORGE.BO
2022-02-14,179.6427385446599,180.57940186106913,169.566179609599,171.0155487060547,83460,RKFORGE.BO
2022-02-15,173.44101895994135,176.62568008527847,167.8998882346694,175.65943908691406,65490,RKFORGE.BO
2022-02-16,179.64275537229796,180.5695645460592,176.15244714742468,177.38490295410156,60470,RKFORGE.BO
2022-02-17,180.43151063092168,181.41747516988846,176.54680794025256,180.00755310058594,95665,RKFORGE.BO
2022-02-18,178.75539042643297,179.59345133515018,175.1073243043887,177.2764434814453,81915,RKFORGE.BO
2022-02-21,174.90026768983702,175.38339578171798,170.56202927179422,171.9127960205078,65400,RKFORGE.BO
2022-02-22,161.30381561953084,167.7618717555355,161.30381561953084,166.51956176757812,42885,RKFORGE.BO
2022-02-23,164.65610781639754,167.57456999972555,164.2124267024645,165.28712463378906,65955,RKFORGE.BO
2022-02-24,164.26172395898058,164.26172395898058,149.86663341567652,151.5427703857422,137970,RKFORGE.BO
2022-02-25,151.83854636825166,159.28258200756832,151.83854636825166,156.51202392578125,126915,RKFORGE.BO
2022-02-28,155.7823940430825,161.3038013687884,154.00765489948952,160.50515747070312,106970,RKFORGE.BO
2022-03-02,160.120659988338,163.4729489684459,158.14873060402533,161.39256286621094,72505,RKFORGE.BO
2022-03-03,166.4308285637153,168.45205901569335,164.35044264249538,166.51956176757812,60870,RKFORGE.BO
2022-03-04,167.21962711532325,168.46193728052373,161.8954084545467,163.5616912841797,62515,RKFORGE.BO
2022-03-07,163.07855256670445,163.07855256670445,152.82452588032692,154.3231964111328,133760,RKFORGE.BO
2022-03-08,155.61480003881692,166.82521311666383,153.2386216594147,163.69970703125,198255,RKFORGE.BO
2022-03-09,165.6321994209353,165.9674237759472,161.72777296524248,163.23629760742188,178665,RKFORGE.BO
2022-03-10,165.64204877336448,168.59994250146028,156.29510880507692,158.247314453125,135410,RKFORGE.BO
2022-03-11,159.9234776250164,167.5942820893381,159.9234776250164,166.14491271972656,87255,RKFORGE.BO
2022-03-14,168.50135931793037,183.0936397228158,168.50135931793037,178.90328979492188,72686,RKFORGE.BO
2022-03-15,180.4315320300295,194.48152837663014,180.4315320300295,186.5445098876953,53011,RKFORGE.BO
2022-03-16,186.7416960217134,189.9460810883902,179.44556373389992,182.40345764160156,41254,RKFORGE.BO
2022-03-17,185.0162661310642,187.33328914625025,178.26241710177828,179.54417419433594,81032,RKFORGE.BO
2022-03-21,181.41749621513083,181.41749621513083,169.5859203750136,170.22679138183594,98127,RKFORGE.BO
2022-03-22,171.01555922794842,173.52977200167055,162.78276373078114,167.2196044921875,87997,RKFORGE.BO
2022-03-23,167.56469023182856,168.69855861269028,163.17715052277003,164.60679626464844,94285,RKFORGE.BO
2022-03-24,164.60680720074762,164.60680720074762,160.26856844517815,160.81085205078125,50179,RKFORGE.BO
2022-03-25,160.41643599593598,164.4588968381251,159.38117016614356,162.97994995117188,107107,RKFORGE.BO
2022-03-28,164.45891375847168,164.45891375847168,155.4373277930961,157.01487731933594,85577,RKFORGE.BO
2022-03-29,157.80366373538848,162.7827888103475,156.91628641961543,158.29664611816406,86665,RKFORGE.BO
2022-03-30,162.24048903032661,162.63486887943765,157.2613644510088,158.44451904296875,44392,RKFORGE.BO
2022-03-31,162.48697349503635,162.48697349503635,154.20486160367727,155.2894287109375,51767,RKFORGE.BO
2022-04-01,159.7262873327485,161.50102686759354,157.31067673695043,159.87417602539062,30565,RKFORGE.BO
2022-04-04,162.68416323008807,167.71258883868674,162.68416323008807,166.48013305664062,54511,RKFORGE.BO
2022-04-05,167.9097634323953,180.0371302299796,167.9097634323953,177.8679962158203,98706,RKFORGE.BO
2022-04-06,177.96660271169307,185.4599393700355,175.15659770365838,182.058349609375,71567,RKFORGE.BO
2022-04-07,182.3048431575282,184.32607353697534,174.71291896985832,175.55099487304688,62836,RKFORGE.BO
2022-04-08,178.41029111398487,187.1360838297504,176.4876631555728,184.9669647216797,131553,RKFORGE.BO
2022-04-11,187.13609128348511,191.27713975376506,184.27678480678185,187.77696228027344,61281,RKFORGE.BO
2022-04-12,186.54450660902305,189.20660812424396,180.67802001844098,182.2555694580078,54406,RKFORGE.BO
2022-04-13,185.60785138818343,186.79100599766875,183.34012961063746,184.769775390625,62053,RKFORGE.BO
2022-04-18,182.4527693032075,183.6359239249394,176.63556859236596,178.7061004638672,63474,RKFORGE.BO
2022-04-19,180.13574486231607,184.72048967235057,175.50171385375472,179.19908142089844,49415,RKFORGE.BO
2022-04-20,179.19909243303954,183.2908401076071,178.06523899395543,180.67803955078125,42925,RKFORGE.BO
2022-04-21,184.03028901822407,191.77011724894984,181.41748881134586,189.5023956298828,78314,RKFORGE.BO
2022-04-22,188.31927184203047,193.24909571224072,186.00224860518028,189.40383911132812,61803,RKFORGE.BO
2022-04-25,188.31924676896904,188.31924676896904,180.97381318926176,181.95977783203125,47319,RKFORGE.BO
2022-04-26,184.1781973697671,189.20660799631187,184.1781973697671,187.77696228027344,49005,RKFORGE.BO
2022-04-27,188.31924780241272,191.62223539166692,183.7838044029333,187.0867919921875,39334,RKFORGE.BO
2022-04-28,189.89681061115508,190.29119048030984,186.74171147940638,187.82627868652344,31959,RKFORGE.BO
2022-04-29,188.56572627389667,192.16449097970514,185.26273890693506,186.10081481933594,34943,RKFORGE.BO
2022-05-04,193.24907678881038,196.0097808947188,176.38907478581336,179.64276123046875,155882,RKFORGE.BO
2022-05-05,182.89645063093118,188.12206651502612,169.58592726965048,173.1846923828125,57028,RKFORGE.BO
2022-05-06,173.1846985192245,173.1846985192245,166.036454238588,171.06488037109375,48965,RKFORGE.BO
2022-05-09,171.0648834003664,172.8396229517742,168.0576879166793,169.98031616210938,41392,RKFORGE.BO
2022-05-10,170.078906147761,173.03680016772205,167.6139944644601,168.9943389892578,36451,RKFORGE.BO
2022-05-11,168.99434467363565,171.26206650747608,158.54312781167377,161.599609375,91297,RKFORGE.BO
2022-05-12,158.74031795365758,158.78961919797243,148.8313696314758,150.75399780273438,61889,RKFORGE.BO
2022-05-13,153.8104960933923,160.90943905800796,153.7118936036865,155.58523559570312,61457,RKFORGE.BO
2022-05-16,157.95154296993192,162.93066774660542,157.06418075194662,161.599609375,24186,RKFORGE.BO
2022-05-17,163.62082973216118,164.8532855376831,156.81767970353096,159.8248748779297,40823,RKFORGE.BO
2022-05-18,162.88138883411713,167.071739411193,161.2052516122127,164.4589385986328,22322,RKFORGE.BO
2022-05-19,163.17713528418727,163.17713528418727,158.0501225621288,158.98678588867188,11662,RKFORGE.BO
2022-05-20,161.20522440496936,164.5082120849403,160.5643533839013,163.4729461669922,19403,RKFORGE.BO
2022-05-23,165.3462605940101,166.77590625666664,160.61362749984883,162.3390655517578,17951,RKFORGE.BO
2022-05-24,162.19118971550964,163.0785519088683,156.4725915676787,157.80364990234375,21873,RKFORGE.BO
2022-05-25,154.35279442040155,159.2333172338124,154.35279442040155,155.683837890625,17457,RKFORGE.BO
2022-05-26,155.6838269842306,160.12066833007842,151.83857050234707,159.5290985107422,21089,RKFORGE.BO
2022-05-27,163.4729467084754,163.4729467084754,157.2613662248385,157.8529510498047,19085,RKFORGE.BO
2022-05-30,162.4869676555208,165.8885424865881,159.52907388161432,162.97994995117188,24281,RKFORGE.BO
2022-05-31,161.8460778692436,168.30414880055957,161.8460778692436,164.36029052734375,9662,RKFORGE.BO
2022-06-01,163.67014742460788,165.59277566554965,158.93751364677794,159.5290985107422,35096,RKFORGE.BO
2022-06-02,158.83890974180392,162.33907218294962,158.49381609947545,159.97276306152344,14544,RKFORGE.BO
2022-06-03,162.48699951171875,166.48015989829202,162.09260457109983,162.48699951171875,13531,RKFORGE.BO
2022-06-06,162.5363002439422,164.55751601026228,158.8882185167832,162.6348876953125,9227,RKFORGE.BO
2022-06-07,161.79681706665664,162.28979942817037,160.0220775562817,160.66294860839844,12769,RKFORGE.BO
2022-06-08,161.25452060340976,162.1911840066811,158.34592791130342,159.8248748779297,15096,RKFORGE.BO
2022-06-09,162.6348770496174,162.6348770496174,159.57839545389334,161.05734252929688,6390,RKFORGE.BO
2022-06-10,161.69821875604683,161.69821875604683,158.74032451050937,159.23330688476562,5824,RKFORGE.BO
2022-06-13,155.73308485900193,155.73308485900193,150.70467509421925,153.1202850341797,19595,RKFORGE.BO
2022-06-14,149.96523640071783,154.0076826308103,149.96523640071783,151.39488220214844,15073,RKFORGE.BO
2022-06-15,152.43014069681084,162.68416702476347,151.83855588977923,159.57838439941406,36693,RKFORGE.BO
2022-06-16,162.48698427356584,167.17031656122992,154.35277556341242,157.06417846679688,27383,RKFORGE.BO
2022-06-17,151.93714376824914,159.23327544899058,151.93714376824914,153.90907287597656,33064,RKFORGE.BO
2022-06-20,154.25415872907837,154.25415872907837,144.19732281356994,145.57766723632812,19577,RKFORGE.BO
2022-06-21,143.45786968922948,149.96524299195295,143.45786968922948,149.028564453125,23299,RKFORGE.BO
2022-06-22,147.89471568402482,151.69068607109952,146.7115609674783,147.45103454589844,14887,RKFORGE.BO
2022-06-23,147.1059161452097,151.64135934877737,145.4790805638354,150.95118713378906,7101,RKFORGE.BO
2022-06-24,153.7118915354785,156.76838813970102,152.67664063063526,156.32470703125,110142,RKFORGE.BO
2022-06-27,158.05012755612915,165.1983708684637,157.90222384013296,162.7827606201172,23219,RKFORGE.BO
2022-06-28,164.55750197921142,164.55750197921142,158.74031628236693,162.1418914794922,5673,RKFORGE.BO
2022-06-29,162.68417778365108,162.68417778365108,159.5290937082876,161.20523071289062,5068,RKFORGE.BO
2022-06-30,162.38838667648886,162.48698916652296,158.7403202146431,160.7615509033203,12502,RKFORGE.BO
2022-07-01,158.7896080101627,160.86012472385627,156.37399765520703,160.1206512451172,6986,RKFORGE.BO
2022-07-04,161.59960435138703,164.6561008643241,160.0220698968284,163.42364501953125,7291,RKFORGE.BO
2022-07-05,164.0152212354508,166.18434039952658,158.2966234067956,161.00802612304688,12526,RKFORGE.BO
2022-07-06,165.54346861888408,165.54346861888408,160.21926520827546,161.5010223388672,12241,RKFORGE.BO
2022-07-07,162.53625692368055,163.52222144236927,160.71221654625666,161.7474822998047,47758,RKFORGE.BO
2022-07-08,163.275731542464,163.275731542464,160.1206330231968,161.30380249023438,11906,RKFORGE.BO
2022-07-11,160.71224567717894,164.55750197921142,157.45855916681364,162.1418914794922,38609,RKFORGE.BO
2022-07-12,161.64888377067453,164.06449389142333,159.33187612204813,160.26853942871094,23552,RKFORGE.BO
2022-07-13,161.89538105741408,162.73345696842136,156.81766948731274,158.00082397460938,28462,RKFORGE.BO
2022-07-14,159.13467375178723,159.52906860203112,152.03573193827495,153.61328125,16531,RKFORGE.BO
2022-07-15,155.97959832498861,157.40924400085592,153.0710057338187,156.22608947753906,12739,RKFORGE.BO
2022-07-18,157.3599596326241,163.4236360378993,155.48661782472016,161.1066131591797,14578,RKFORGE.BO
2022-07-19,162.68414954945973,162.73345078552092,159.43046354954555,160.26853942871094,11095,RKFORGE.BO
2022-07-20,161.20523443768138,164.65611101585804,156.47260069297064,159.87417602539062,56535,RKFORGE.BO
2022-07-21,163.1278347277852,174.31853858976746,161.6981891134511,170.07888793945312,75225,RKFORGE.BO
2022-07-22,176.88205191941063,177.62152540577043,172.69170216337184,176.09329223632812,45594,RKFORGE.BO
2022-07-25,181.3189017817776,181.3189017817776,175.50171608664428,178.3610076904297,46084,RKFORGE.BO
2022-07-26,178.36102263471582,178.36102263471582,172.5438364521795,173.2340087890625,31980,RKFORGE.BO
2022-07-27,175.10734587816862,176.93137164160336,172.59313275300534,174.95944213867188,6942,RKFORGE.BO
2022-07-28,177.975118738031,180.29868882307704,175.05830730947415,177.48074340820312,28538,RKFORGE.BO
2022-07-29,179.9525997483244,179.9525997483244,175.20659410017214,175.7998504638672,46808,RKFORGE.BO
2022-08-01,182.81997839719904,182.91885949123815,175.99760534832646,178.1234130859375,31681,RKFORGE.BO
2022-08-02,174.71223689824285,179.309936474622,174.6133708854911,177.87623596191406,36722,RKFORGE.BO
2022-08-03,176.98635001347213,190.82885783575486,176.98635001347213,188.3075408935547,703560,RKFORGE.BO
2022-08-04,191.61987362289616,191.7187396328458,182.17730216232,189.0985565185547,55429,RKFORGE.BO
2022-08-05,188.85138354618104,190.33450959497304,186.72557557776787,188.75250244140625,47196,RKFORGE.BO
2022-08-08,188.75248517382812,189.79067633043368,186.37948974770418,187.3682403564453,20517,RKFORGE.BO
2022-08-10,186.37952106418936,188.75251688903677,183.90764412699852,184.84695434570312,44999,RKFORGE.BO
2022-08-11,185.98399507146604,189.39518164561923,183.0177432527003,184.15480041503906,20546,RKFORGE.BO
2022-08-12,185.09412315696375,186.3300614994744,182.96831524270067,183.85818481445312,11971,RKFORGE.BO
2022-08-16,185.04468734419862,186.4783879279335,182.91887937550086,184.10537719726562,10539,RKFORGE.BO
2022-08-17,184.59973775360243,187.46712360414924,183.4132400269204,185.88511657714844,21171,RKFORGE.BO
2022-08-18,186.03342220647394,189.09855514830787,182.91886380359193,183.75930786132812,48157,RKFORGE.BO
2022-08-19,185.0446663019757,188.5547339028695,182.12785508807173,187.4671173095703,27751,RKFORGE.BO
2022-08-22,184.55030310631997,186.7255666097862,183.06717712875894,183.95706176757812,34381,RKFORGE.BO
2022-08-23,179.01328732629088,183.41322418831385,179.01328732629088,179.80429077148438,28673,RKFORGE.BO
2022-08-24,181.0402558822464,183.80874572172598,179.55712985946604,180.24925231933594,13072,RKFORGE.BO
2022-08-25,182.8694380723309,185.24244879325633,181.33687147723833,181.9795684814453,24853,RKFORGE.BO
2022-08-26,183.3638060904164,191.81762721446066,182.2761894213799,188.95025634765625,46987,RKFORGE.BO
2022-08-29,182.91887930720065,196.2670137431315,179.75488008796324,194.8333282470703,52769,RKFORGE.BO
2022-08-30,197.75012513500207,204.4241918583084,195.22880802210335,198.39280700683594,99571,RKFORGE.BO
2022-09-01,197.75012704033531,207.93426160034008,197.75012704033531,205.51182556152344,132126,RKFORGE.BO
2022-09-02,209.61513689577305,209.61513689577305,202.4466947141959,204.02870178222656,74462,RKFORGE.BO
2022-09-05,209.56570290445813,211.74095137572198,199.77707724020192,202.4467010498047,72103,RKFORGE.BO
2022-09-06,202.44667284732472,205.80841864485572,192.90523618143826,195.57485961914062,43352,RKFORGE.BO
2022-09-07,193.79512173823204,198.39280609155463,192.70749002015242,196.26699829101562,49417,RKFORGE.BO
2022-09-08,204.87782598551252,208.58938080409064,198.1970273120719,201.56216430664062,81847,RKFORGE.BO
2022-09-09,201.7106211850927,203.59113611820788,197.55368310501686,201.06727600097656,42666,RKFORGE.BO
2022-09-12,203.88807739263473,208.78732671727798,201.31472668557203,205.2242431640625,81649,RKFORGE.BO
2022-09-13,205.27372031976657,207.2037409185427,203.78909838369586,205.81808471679688,60249,RKFORGE.BO
2022-09-14,197.94957455469105,208.53987377289624,197.94957455469105,205.47166442871094,39902,RKFORGE.BO
2022-09-15,207.84704451687236,207.84704451687236,202.99728618575335,205.1747283935547,44010,RKFORGE.BO
2022-09-16,205.86757127607314,210.12349043350144,200.12703021040394,204.63038635253906,47258,RKFORGE.BO
2022-09-19,207.20373099000292,207.20373099000292,197.9990724069513,201.26524353027344,28210,RKFORGE.BO
2022-09-20,204.9272959683989,204.9272959683989,200.17650325389263,200.86932373046875,15081,RKFORGE.BO
2022-09-21,199.92907654098352,201.66113537240295,186.8149168173794,188.59646606445312,63352,RKFORGE.BO
2022-09-22,188.052083702212,192.80287620568586,187.90362757180938,191.91209411621094,48266,RKFORGE.BO
2022-09-23,191.76365347469556,192.11007127675282,183.94465119331417,185.08285522460938,27053,RKFORGE.BO
2022-09-26,180.6784868844317,183.15285669905728,173.70076098671657,174.78948974609375,70535,RKFORGE.BO
2022-09-27,179.7877057511768,187.70568920472456,173.99768941218295,184.0436248779297,156410,RKFORGE.BO
2022-09-28,185.08282601849777,188.15105003086816,181.17332549472715,186.1715545654297,31282,RKFORGE.BO
2022-09-29,189.8831370543272,190.6254479652474,186.5674756112753,189.2397918701172,139073,RKFORGE.BO
2022-09-30,187.11183586782607,197.94957190939465,186.51798111115636,196.71238708496094,50903,RKFORGE.BO
2022-10-03,192.65440316551948,202.8982989330821,192.65440316551948,201.8095703125,57779,RKFORGE.BO
2022-10-04,200.22601607690825,205.22424631406253,200.0280695046394,201.90858459472656,14912,RKFORGE.BO
2022-10-06,204.03651980317463,211.16271663440375,202.79933495085766,206.0655059814453,92408,RKFORGE.BO
2022-10-07,206.80781449105834,212.94424826681382,206.11499400227777,209.13372802734375,98334,RKFORGE.BO
2022-10-10,205.86755616232094,215.76503482397098,205.86755616232094,209.62860107421875,65131,RKFORGE.BO
2022-10-11,210.5193875143541,213.88453963086087,203.3932052416858,205.81808471679688,20752,RKFORGE.BO
2022-10-12,200.96829491840424,207.25318442164095,200.96829491840424,204.72933959960938,78037,RKFORGE.BO
2022-10-13,203.59111988958023,213.5380883220392,199.33520131970167,208.6388397216797,63595,RKFORGE.BO
2022-10-14,209.82656222721718,224.87072781926366,209.82656222721718,221.4561004638672,363491,RKFORGE.BO
2022-10-17,221.90145150717916,229.47303116242009,221.90145150717916,227.9389190673828,151076,RKFORGE.BO
2022-10-18,230.61125288256494,232.93716640966113,226.2563683111319,228.28533935546875,100683,RKFORGE.BO
2022-10-19,230.95768674972854,234.22384285442692,226.3553497890404,229.62152099609375,186200,RKFORGE.BO
2022-10-20,229.12662176273795,232.59073915439922,223.18813480560436,226.65225219726562,52266,RKFORGE.BO
2022-10-21,226.65224925489247,231.60098832159315,221.60452936591648,226.5532684326172,66597,RKFORGE.BO
2022-10-24,233.33303934382002,235.55997185081299,226.60275141332625,229.1761016845703,18992,RKFORGE.BO
2022-10-25,229.62151788829541,229.671008304863,220.2189126299385,221.35711669921875,64173,RKFORGE.BO
2022-10-27,226.15739600077868,227.147143904502,222.24789480154246,223.58404541015625,49671,RKFORGE.BO
2022-10-28,225.11815364194305,226.6522658856574,218.73428279794888,220.81275939941406,33492,RKFORGE.BO
2022-10-31,220.8622298074967,233.1846027960034,220.8622298074967,226.94918823242188,142511,RKFORGE.BO
2022-11-01,229.87531397893287,235.97555897536378,226.4532249532434,234.0413360595703,52755,RKFORGE.BO
2022-11-02,233.64459368462366,237.66183548122646,232.3055080406368,234.33892822265625,70746,RKFORGE.BO
2022-11-03,230.32169191225154,237.61224257364725,228.3378702504141,229.5777587890625,46242,RKFORGE.BO
2022-11-04,231.26398592398382,236.2731382518896,230.86722767707042,235.43002319335938,30585,RKFORGE.BO
2022-11-07,238.65374191763465,238.9017196149159,233.94216566929055,235.97557067871094,50464,RKFORGE.BO
2022-11-09,235.2812361533949,242.3238088103259,233.6941879720093,235.97557067871094,346963,RKFORGE.BO
2022-11-10,234.0909411050325,237.81060648276076,230.42087429274537,237.11627197265625,51313,RKFORGE.BO
2022-11-11,238.05859753621328,242.42299910356732,237.1658838495957,239.94322204589844,82573,RKFORGE.BO
2022-11-14,239.94322172068797,242.12543763676533,233.09904310494142,236.02517700195312,92733,RKFORGE.BO
2022-11-15,237.661832714693,237.661832714693,228.13948302139602,229.32977294921875,51842,RKFORGE.BO
2022-11-16,228.88341801008823,233.79337346253973,225.16375249529807,226.50283813476562,136409,RKFORGE.BO
2022-11-17,226.50284117159634,229.18099735108103,226.1556663314181,227.99070739746094,20501,RKFORGE.BO
2022-11-18,229.37940140549014,229.37940140549014,222.13844862594223,225.01499938964844,17463,RKFORGE.BO
2022-11-21,224.5190176752839,224.6677982424934,218.76593195591008,219.6586456298828,22418,RKFORGE.BO
2022-11-22,220.55137715388523,226.4036449449792,215.88938418583368,217.2284698486328,40657,RKFORGE.BO
2022-11-23,215.2446499519893,225.01497767446017,215.2446499519893,218.12118530273438,44787,RKFORGE.BO
2022-11-24,218.31957090980328,220.70015075140577,216.23655219688297,217.5756378173828,14205,RKFORGE.BO
2022-11-25,219.06350657328076,221.64246557605873,217.97239863744852,218.8651123046875,11421,RKFORGE.BO
2022-11-28,214.5503154801215,226.94920085073235,214.5503154801215,225.6597137451172,18195,RKFORGE.BO
2022-11-29,227.79232629573826,227.84192486653959,218.5179686995253,219.26190185546875,22544,RKFORGE.BO
2022-11-30,219.50984756677943,223.5270890501807,217.87318578113474,218.56753540039062,18962,RKFORGE.BO
2022-12-01,216.8317059194196,223.17992895556827,216.8317059194196,221.89044189453125,26667,RKFORGE.BO
2022-12-02,218.91470741572252,238.80252169960423,218.91470741572252,235.5788116455078,248433,RKFORGE.BO
2022-12-05,239.74483700503774,239.9928147046986,231.06561751690802,233.34701538085938,58957,RKFORGE.BO
2022-12-06,229.18097203731537,233.09901630559347,229.13137347485994,230.470458984375,42000,RKFORGE.BO
2022-12-07,228.13949940594813,231.06563343647443,224.86619051783453,226.1060791015625,17639,RKFORGE.BO
2022-12-08,226.94919509939413,230.66886061631374,225.56051089186283,226.60202026367188,12247,RKFORGE.BO
2022-12-09,228.13948004033367,235.3804317817288,227.84190377842697,231.5615692138672,41650,RKFORGE.BO
2022-12-12,228.4370680880519,247.53135164178124,226.80040613080303,241.2327117919922,63772,RKFORGE.BO
2022-12-13,246.98577609526436,246.98577609526436,238.65373187149459,242.07582092285156,51066,RKFORGE.BO
2022-12-14,240.885541756203,260.2773856206379,240.885541756203,254.673095703125,284783,RKFORGE.BO
2022-12-15,257.54963042920406,264.14583112497155,251.35018799507768,254.47470092773438,130859,RKFORGE.BO
2022-12-16,253.9291782403765,258.4919742160267,248.42406998192163,251.05264282226562,43109,RKFORGE.BO
2022-12-19,251.1022415330619,267.27040757489846,251.1022415330619,262.9059753417969,156642,RKFORGE.BO
2022-12-20,264.3442301432292,272.8250554372867,262.8563639322917,271.53558349609375,116357,RKFORGE.BO
2022-12-21,272.77552360072946,272.8251070421865,253.33406204631504,258.14483642578125,179769,RKFORGE.BO
2022-12-22,258.64073495063946,264.14582765146594,243.8612704361744,249.16798400878906,79533,RKFORGE.BO
2022-12-23,246.83700748288803,248.72163193995502,228.58583976679742,232.95025634765625,139083,RKFORGE.BO
2022-12-26,233.59500795191113,254.27635547440846,232.05754308906248,252.24293518066406,67014,RKFORGE.BO
2022-12-27,254.67309774552353,257.3016553097861,249.068807783066,255.66500854492188,46411,RKFORGE.BO
2022-12-28,255.71460395454656,262.90595758703506,253.53241825608353,261.6164855957031,47390,RKFORGE.BO
2022-12-29,261.56686658620674,263.30271033037195,254.57387791157083,259.2358703613281,51619,RKFORGE.BO
2022-12-30,263.7490928108329,263.7490928108329,257.3512858973735,260.27740478515625,39340,RKFORGE.BO
2023-01-02,260.2774252706585,265.9809131903141,260.2774252706585,262.9555969238281,24596,RKFORGE.BO
2023-01-03,263.0051470902062,264.2450356115354,255.31783825796518,257.84722900390625,26013,RKFORGE.BO
2023-01-04,260.82297790838226,262.4596248056369,252.0445605694665,254.5243377685547,40844,RKFORGE.BO
2023-01-05,253.58197816579388,255.8137773619404,247.82890790179064,250.11029052734375,52342,RKFORGE.BO
2023-01-06,250.9534429385591,252.83806748355912,241.4310928045337,245.9442901611328,39078,RKFORGE.BO
2023-01-09,247.87854015940525,256.80573870251027,247.33300124561455,255.91302490234375,37724,RKFORGE.BO
2023-01-10,255.91297149034853,257.4504210324896,250.45746240818994,255.86338806152344,27631,RKFORGE.BO
2023-01-11,256.11139926219926,269.9981514703897,256.11139926219926,268.90704345703125,67223,RKFORGE.BO
2023-01-12,268.9566204126284,271.7835723839036,263.3523301749139,265.73291015625,78713,RKFORGE.BO
2023-01-13,265.732902831195,267.8655050417158,261.0709401359871,262.1620178222656,24102,RKFORGE.BO
2023-01-16,262.16199545429134,269.60132597536335,262.16199545429134,265.9312744140625,19252,RKFORGE.BO
2023-01-17,263.3027378966984,270.3452804651991,262.2116299462762,268.8078308105469,18381,RKFORGE.BO
2023-01-18,271.486008943756,276.1975854324973,266.2784770351473,272.1803283691406,80276,RKFORGE.BO
2023-01-19,272.5770862811715,282.69458894103184,270.54368117075944,275.7016296386719,143757,RKFORGE.BO
2023-01-20,276.544712435006,282.54579079645526,262.16200617289076,263.8482666015625,139231,RKFORGE.BO
2023-01-23,265.5841128572505,281.05792716750216,260.07902010519007,279.7188415527344,114556,RKFORGE.BO
2023-01-24,282.6450038041341,284.0832563487019,269.7005492787255,271.18841552734375,65322,RKFORGE.BO
2023-01-25,272.67627436219453,276.9415089880296,268.95660884178255,271.3371887207031,48095,RKFORGE.BO
2023-01-27,268.85741220812,272.5274943033854,254.4251220703125,260.3765869140625,120730,RKFORGE.BO
2023-01-30,260.82299861344393,263.4019428886472,252.4909374818635,257.10333251953125,33365,RKFORGE.BO
2023-01-31,254.32058583872504,274.44560336927424,254.32058583872504,273.3523864746094,60547,RKFORGE.BO
2023-02-01,272.6566846161738,279.26563394438733,257.9480138123182,264.8054504394531,66099,RKFORGE.BO
2023-02-02,271.2653344086808,271.2653344086808,262.2711738165461,263.960693359375,34041,RKFORGE.BO
2023-02-03,265.6999077809531,270.8677949094665,261.22768201802813,261.9730529785156,50637,RKFORGE.BO
2023-02-06,263.76193978361835,270.47027864753653,260.13447372304796,269.6255187988281,39564,RKFORGE.BO
2023-02-07,271.6628398725555,272.75605653721885,263.86128544240717,265.451416015625,28922,RKFORGE.BO
2023-02-08,271.16594304527143,271.16594304527143,263.2153200075752,265.2526550292969,27247,RKFORGE.BO
2023-02-09,263.414051970572,269.4764077478806,260.97919200530146,262.8177795410156,45002,RKFORGE.BO
2023-02-10,263.8613153402327,276.68168956775565,263.8613153402327,269.4267578125,70423,RKFORGE.BO
2023-02-13,269.47643881781426,286.22244560757395,269.47643881781426,280.9551696777344,136946,RKFORGE.BO
2023-02-14,284.38384097641836,284.38384097641836,274.5946303207918,277.1785888671875,43311,RKFORGE.BO
2023-02-15,277.1786045908106,279.3153285820183,268.6813878909668,270.7684326171875,59261,RKFORGE.BO
2023-02-16,272.3088329636051,276.0853666905367,266.99184785996823,270.4702453613281,41306,RKFORGE.BO
2023-02-17,271.81191326354923,281.84958047733386,269.5758006315822,271.7125244140625,31271,RKFORGE.BO
2023-02-20,271.712559066964,277.4270698552363,271.41442280969966,272.6567077636719,33499,RKFORGE.BO
2023-02-21,272.35848608301865,277.7748595183729,272.35848608301865,275.3896789550781,17298,RKFORGE.BO
2023-02-22,270.3708332967478,276.9301026591457,261.42638334690065,263.513427734375,74963,RKFORGE.BO
2023-02-23,264.45762194097125,269.22798394006264,259.63755034715103,265.5011291503906,55782,RKFORGE.BO
2023-02-24,261.42641954199223,271.06656239876975,256.40760072917544,257.8486633300781,52125,RKFORGE.BO
2023-02-27,258.2462086948356,258.2462086948356,243.2394000132597,255.2647247314453,53770,RKFORGE.BO
2023-02-28,256.80511474609375,264.2091444863301,251.38875590430573,256.80511474609375,62033,RKFORGE.BO
2023-03-01,259.43872302253294,266.39551729979604,257.4013882587352,265.650146484375,39368,RKFORGE.BO
2023-03-02,263.513476880351,266.59434961462165,255.41378509210722,256.258544921875,37615,RKFORGE.BO
2023-03-03,259.9853567161662,267.9359790602128,259.9853567161662,265.79925537109375,47670,RKFORGE.BO
2023-03-06,264.35820761755053,268.28383974957393,264.35820761755053,267.3396911621094,43323,RKFORGE.BO
2023-03-08,267.29003680619513,279.3650402209057,263.2650154484771,278.3215026855469,44866,RKFORGE.BO
2023-03-09,280.2594776418634,282.6943682140576,272.95483625450237,276.08538818359375,47340,RKFORGE.BO
2023-03-10,266.49494815276284,272.80576145070904,266.49494815276284,271.5634765625,104127,RKFORGE.BO
2023-03-13,266.3458976796968,269.8739748642872,258.84250858943926,263.4140930175781,154393,RKFORGE.BO
2023-03-14,264.85512210134755,266.7433889510481,260.0350509616143,263.8116149902344,39037,RKFORGE.BO
2023-03-15,270.3211976383831,288.9554713726467,270.3211976383831,279.6134948730469,239655,RKFORGE.BO
2023-03-16,286.12301673374367,286.37147368303124,278.5699194095575,282.5949401855469,106562,RKFORGE.BO
2023-03-17,286.76903669943835,288.7566925568712,279.46442568674973,282.6943664550781,40143,RKFORGE.BO
2023-03-20,282.24710561608407,282.69434027427593,264.35820455590977,267.7372131347656,56012,RKFORGE.BO
2023-03-21,272.11007502520675,272.11007502520675,265.2526683759942,269.4267578125,55245,RKFORGE.BO
2023-03-22,274.246824105392,276.8307524099864,269.62550005699006,275.98602294921875,16893,RKFORGE.BO
2023-03-23,274.84309888373315,277.82458264090644,273.55113472064653,274.69403076171875,15015,RKFORGE.BO
2023-03-24,275.3400104909672,279.66316796777886,269.8242777190073,271.5634765625,45122,RKFORGE.BO
2023-03-27,281.2036078966614,281.2036078966614,271.41439731311124,274.4952697753906,37950,RKFORGE.BO
2023-03-28,274.64435006638666,279.11657567884345,273.10389860234113,277.3276672363281,34586,RKFORGE.BO
2023-03-29,274.29646963676987,281.253264156543,274.29646963676987,279.9115905761719,28253,RKFORGE.BO
2023-03-31,274.49528725365235,285.47707378270843,274.49528725365235,284.4832458496094,43973,RKFORGE.BO
2023-04-03,284.532898477874,288.061005507623,278.9674868369055,281.00482177734375,50727,RKFORGE.BO
2023-04-05,281.25331578788683,283.2409717298507,278.6693569974893,280.6570129394531,34902,RKFORGE.BO
2023-04-06,288.40885312716904,308.1860212026419,286.12303088315383,303.5647277832031,164660,RKFORGE.BO
2023-04-10,305.70146680015984,316.03727085017033,300.73232732138354,305.5523986816406,140889,RKFORGE.BO
2023-04-11,305.6517343049009,312.0619358838846,305.4529869381746,310.5215148925781,77654,RKFORGE.BO
2023-04-12,312.7079276611269,312.85699577312846,303.46534076640165,305.80084228515625,107329,RKFORGE.BO
2023-04-13,305.1548363701607,310.07429647476556,302.52119857171573,305.4530029296875,70537,RKFORGE.BO
2023-04-17,303.11745992505786,309.1301056049998,300.38443364704506,307.9375305175781,35242,RKFORGE.BO
2023-04-18,308.98108554336255,313.00610670331764,290.19774445123295,295.36566162109375,88642,RKFORGE.BO
2023-04-19,298.3471627781748,312.012297093262,298.3471627781748,305.3536376953125,59426,RKFORGE.BO
2023-04-20,303.4156342639153,322.99405528519816,303.4156342639153,322.1990051269531,96892,RKFORGE.BO
2023-04-21,322.1990037097369,327.3668903740371,314.5961963323206,316.4347839355469,122299,RKFORGE.BO
2023-04-24,319.86353503259494,324.58421784319637,313.05580743988315,319.1181640625,100378,RKFORGE.BO
2023-04-25,319.1181355423645,321.950551041432,315.6397379927917,317.3789367675781,28579,RKFORGE.BO
2023-04-26,317.03109251969545,319.6647303258803,314.1986770065752,315.1925048828125,17429,RKFORGE.BO
2023-04-27,316.03727892712453,326.96938605982376,316.03727892712453,325.13079833984375,71140,RKFORGE.BO
2023-04-28,328.41043312763054,329.1060944419678,308.68294376092575,322.6959228515625,182385,RKFORGE.BO
2023-05-02,320.0622517078098,331.9385068231399,320.0622517078098,327.5159606933594,54821,RKFORGE.BO
2023-05-03,335.8641429035603,336.9076500419137,325.62769758086114,328.01287841796875,65706,RKFORGE.BO
2023-05-04,328.01288277048917,337.9014824018793,328.01288277048917,333.37957763671875,31579,RKFORGE.BO
2023-05-05,338.895342791407,342.3737407379464,327.7644572307918,340.4854736328125,31138,RKFORGE.BO
2023-05-08,340.9326445083728,360.01415207072455,340.8332859830476,345.3055114746094,90882,RKFORGE.BO
2023-05-09,348.14197432858833,351.9737318266713,335.35290621343967,339.3836975097656,59258,RKFORGE.BO
2023-05-10,340.57803107907824,344.55907162764527,334.4571569373133,337.1941223144531,47002,RKFORGE.BO
2023-05-11,340.32920165036757,346.7983922681707,335.40265203071567,337.29364013671875,44038,RKFORGE.BO
2023-05-12,337.4926907009908,343.8623489779508,335.99980061859736,338.2391357421875,28311,RKFORGE.BO
2023-05-15,335.5021885922434,347.44530989218964,335.5021885922434,346.4002685546875,37688,RKFORGE.BO
2023-05-16,347.2960244735236,349.83392558248994,342.5685389926791,345.3552551269531,35093,RKFORGE.BO
2023-05-17,348.1419542006236,350.43107054503275,338.28888575587507,344.40972900390625,43425,RKFORGE.BO
2023-05-19,365.3102189838349,369.24150865098864,353.66569367331573,366.1064453125,58344,RKFORGE.BO
2023-05-22,366.10646236363846,371.82920838419585,354.3126231858167,356.00457763671875,38764,RKFORGE.BO
2023-05-23,360.23442981585276,361.9761351091714,351.3765900257739,353.2676086425781,34109,RKFORGE.BO
2023-05-24,347.39554067675607,362.32444281796484,347.39554067675607,356.3031311035156,23093,RKFORGE.BO
2023-05-25,358.2936244359739,371.43106948113035,358.24387358175073,363.7178039550781,40771,RKFORGE.BO
2023-05-26,364.3647347330002,370.73439340415024,361.6775202692216,368.6941223144531,40877,RKFORGE.BO
2023-05-30,388.7983328074349,388.7983328074349,380.1395885884067,381.8315124511719,44782,RKFORGE.BO
2023-05-31,381.23436242959525,390.14195231660705,378.9950272441045,386.2106628417969,19808,RKFORGE.BO
2023-06-01,381.234350505787,396.06374956867285,375.2130393445216,377.15380859375,37859,RKFORGE.BO
2023-06-02,381.1846260089909,383.37421042244375,374.21780516809554,375.9097595214844,17620,RKFORGE.BO
2023-06-05,378.8955363115002,383.8220556359533,369.83866322909427,370.83392333984375,43223,RKFORGE.BO
2023-06-06,370.8836699681598,380.18935797216886,363.5187513071588,375.113525390625,38633,RKFORGE.BO
2023-06-07,379.8410147485462,384.61828149831126,372.3765639266584,375.5116271972656,31326,RKFORGE.BO
2023-06-08,376.20834155613613,385.81259605302296,376.00927737439486,381.5329895019531,43959,RKFORGE.BO
2023-06-09,383.1751316598225,393.1277324821556,380.58744937143047,388.5495300292969,75212,RKFORGE.BO
2023-06-12,393.1277620189385,393.1277620189385,381.48320603275,383.67279052734375,21927,RKFORGE.BO
2023-06-13,386.1609042989969,413.82912189083686,386.1609042989969,409.6490478515625,66650,RKFORGE.BO
2023-06-14,415.0234864152144,426.9666083264436,414.27704129576256,418.50689697265625,78124,RKFORGE.BO
2023-06-15,415.2722771036435,418.65615537214336,402.58271081707323,406.5637512207031,89109,RKFORGE.BO
2023-06-16,431.0471580261003,437.9144466835984,414.62536627546535,422.4879150390625,167413,RKFORGE.BO
2023-06-19,426.02105126503716,437.1182250951348,423.731965304518,430.10162353515625,113614,RKFORGE.BO
2023-06-20,431.7936064085199,474.8386063265622,428.45947895299923,455.8291320800781,230071,RKFORGE.BO
2023-06-21,459.7106517659385,488.17509779341236,456.9239355281141,467.2248840332031,77328,RKFORGE.BO
2023-06-22,470.21065160514377,470.21065160514377,451.25092826627144,454.1371765136719,102010,RKFORGE.BO
2023-06-23,452.94288495359183,455.5305673302768,422.98554938162516,426.07086181640625,80121,RKFORGE.BO
2023-06-26,426.1206022976612,451.8480817493869,426.1206022976612,449.3101806640625,35697,RKFORGE.BO
2023-06-27,456.57556401105325,466.0305348189116,442.94048869686554,457.6205749511719,60399,RKFORGE.BO
2023-06-28,467.3243572796757,472.4997218322754,446.5234277327876,447.8670349121094,21968,RKFORGE.BO
2023-06-30,447.817307294865,456.0779542182776,435.12774064722055,442.39312744140625,49076,RKFORGE.BO
2023-07-07,449.8078017574641,449.8078017574641,438.90969181824835,444.483154296875,16133,RKFORGE.BO
2023-07-10,443.93575830706766,447.0708519405455,433.9831572431457,438.2130126953125,11551,RKFORGE.BO
2023-07-14,451.4002130238063,470.4594685250208,451.4002130238063,464.53765869140625,20107,RKFORGE.BO
2023-07-17,465.8315023645483,484.9405094473029,465.8315023645483,480.5613708496094,25373,RKFORGE.BO
2023-07-19,483.7461490758019,497.6797901768195,479.0684449299309,495.68927001953125,33969,RKFORGE.BO
2023-07-20,496.5352407874844,501.85988821446915,492.65373260518044,494.24615478515625,56348,RKFORGE.BO
2023-07-21,497.38122077498895,506.2888105648524,477.5755514250175,503.1537170410156,103695,RKFORGE.BO
2023-07-24,512.3598466626586,542.416711446089,507.7318936395843,518.4309692382812,100597,RKFORGE.BO
2023-07-26,546.3480290269634,566.8503622250834,543.1134337908712,560.3314208984375,87609,RKFORGE.BO
2023-07-28,570.781692291557,570.781692291557,527.7864419436141,539.23193359375,71034,RKFORGE.BO
2023-08-03,542.4665497447669,557.3457016064689,540.7745952871466,554.8078002929688,29047,RKFORGE.BO
2023-08-04,553.4641695058093,565.4571034384813,552.3694075909107,560.28173828125,10431,RKFORGE.BO
2023-08-07,571.5281254333926,591.7816446310351,562.6702860434395,586.0588989257812,30418,RKFORGE.BO
2023-08-08,582.8243250271955,593.17505498296,578.9925977119748,585.90966796875,12042,RKFORGE.BO
2023-08-09,587.1537045216995,596.5589245578446,560.1821195305885,567.0494384765625,70870,RKFORGE.BO
2023-08-10,571.2793233572673,588.1987458260365,559.2366998984279,567.6964111328125,63200,RKFORGE.BO
2023-08-11,568.2935365407111,581.3314199983807,568.2935365407111,579.6395263671875,14800,RKFORGE.BO
2023-08-14,583.8693319801743,588.1986888945086,573.8669198921389,580.833740234375,46435,RKFORGE.BO
2023-08-16,588.1987365476122,596.1608175837897,582.2769266277837,591.980712890625,24104,RKFORGE.BO
2023-08-17,597.106314420943,614.9712455229909,596.6584352228139,610.34326171875,21102,RKFORGE.BO
2023-08-18,615.6181208591946,617.0612601490369,595.1157871590366,600.1915893554688,62294,RKFORGE.BO
2023-08-21,600.1418088924854,647.4664120216527,600.1418088924854,646.3218994140625,50685,RKFORGE.BO
2023-08-22,654.5328071800534,685.5351218110256,644.9782740919809,648.3621826171875,84638,RKFORGE.BO
2023-08-23,656.7223134477982,661.449798640333,639.3052627384591,649.7554931640625,39348,RKFORGE.BO
2023-08-24,657.9664364992382,677.2247561360323,656.8219238166398,666.4261474609375,61789,RKFORGE.BO
2023-08-25,670.7058124725312,675.0849205093124,647.6157657698042,652.8408813476562,55094,RKFORGE.BO
2023-08-28,656.8219130497499,666.6749515608179,651.845612565618,655.8764038085938,37288,RKFORGE.BO
2023-08-29,661.5992078870972,666.3764446252633,645.5257316032296,650.8006591796875,44364,RKFORGE.BO
2023-08-30,663.7887430360739,663.7887430360739,650.5019841096034,653.6868286132812,33978,RKFORGE.BO
2023-08-31,664.6844534172391,738.4332654861126,655.7271122486529,714.7958374023438,54264,RKFORGE.BO
2023-09-01,726.5398026976538,749.2317186327393,704.146452614507,709.4710693359375,92184,RKFORGE.BO
2023-09-04,715.5422278011104,728.7294235134523,704.6441180632497,713.9000244140625,23572,RKFORGE.BO
2023-09-05,701.7081275096403,725.7934342900339,701.7081275096403,718.7271118164062,26440,RKFORGE.BO
2023-09-06,722.5090555413943,725.8431524571365,678.9664277455271,709.1725463867188,66718,RKFORGE.BO
2023-09-07,708.6251979842599,735.447470085223,703.5493957240072,709.3716430664062,38346,RKFORGE.BO
2023-09-08,711.6110048356961,722.558866448553,711.3124389408808,716.8361206054688,10524,RKFORGE.BO
2023-09-11,717.7318737556884,736.4925030831803,717.7318737556884,724.947509765625,50657,RKFORGE.BO
2023-09-12,726.9877479462128,731.1180408895651,597.1560565106785,653.3385009765625,73166,RKFORGE.BO
2023-09-13,648.9592879792611,696.6820183880101,616.6133371255321,688.5208740234375,123097,RKFORGE.BO
2023-09-14,699.9664094333115,719.423732051576,694.5422297914281,710.317138671875,18824,RKFORGE.BO
2023-09-15,717.6322490008439,721.563538359005,664.0375194500369,684.1417846679688,89613,RKFORGE.BO
2023-09-18,673.8408058420584,701.9569023020721,673.8408058420584,692.6512451171875,9134,RKFORGE.BO
2023-09-20,681.9024642710979,684.340802856686,647.9143084321161,650.4522094726562,79569,RKFORGE.BO
2023-09-21,648.9095750729489,656.025708975235,620.4451609555142,624.4759521484375,41701,RKFORGE.BO
2023-09-22,624.5257336185826,653.8361566921642,624.5257336185826,643.3859252929688,15119,RKFORGE.BO
2023-09-25,638.6086581421671,646.0232971822579,621.4901725228585,635.5233154296875,48979,RKFORGE.BO
2023-09-26,633.0352112277336,650.2034489500064,628.6062913762943,634.7769165039062,22804,RKFORGE.BO
2023-09-27,647.4664553465783,647.4664553465783,624.2271559710668,641.3456420898438,34248,RKFORGE.BO
2023-09-28,641.0470070143309,654.4332675273515,635.7223897701755,639.7034301757812,9939,RKFORGE.BO
2023-09-29,635.0256640708163,650.2033798648055,635.0256640708163,640.350341796875,4209,RKFORGE.BO
2023-10-03,646.1228508852636,655.1796932420336,631.9901457138308,638.558837890625,11208,RKFORGE.BO
2023-10-04,636.9664603960396,642.5897042275656,610.6915696063609,628.2579345703125,22961,RKFORGE.BO
2023-10-05,629.2034288788249,637.961705352275,622.7342384189344,627.511474609375,17242,RKFORGE.BO
2023-10-06,628.1085872824553,650.9995682147296,628.1085872824553,649.7554931640625,4130,RKFORGE.BO
2023-10-09,600.1916422930476,639.5541704526223,600.1916422930476,627.85986328125,29284,RKFORGE.BO
2023-10-10,627.2129812734878,646.9688716643178,627.2129812734878,646.1229248046875,8298,RKFORGE.BO
2023-10-11,637.0162302029551,654.3337806585154,637.0162302029551,645.1276245117188,19323,RKFORGE.BO
2023-10-12,638.0114305333461,671.6512074219562,638.0114305333461,664.6843872070312,17029,RKFORGE.BO
2023-10-13,664.6844614795377,674.7863762183175,653.6370982026255,668.4166870117188,30937,RKFORGE.BO
2023-10-16,678.1204555290423,678.1204555290423,650.701051490873,653.2389526367188,13584,RKFORGE.BO
2023-10-17,663.9877633923195,681.7531308991611,659.8574099067793,677.3739624023438,11836,RKFORGE.BO
2023-10-18,683.9925275896903,683.9925275896903,656.9711906335662,671.850341796875,12688,RKFORGE.BO
2023-10-19,674.5375683925575,681.7532044985643,629.3029823098678,646.2721557617188,25090,RKFORGE.BO
2023-10-20,648.9095931159436,658.414315037719,639.156056166133,644.3314208984375,34613,RKFORGE.BO
2023-10-23,638.011470795925,652.6418063197048,609.7461205877315,617.2105712890625,11962,RKFORGE.BO
2023-10-25,620.3953420839546,642.7389428675724,613.3290198653887,629.2034301757812,11613,RKFORGE.BO
2023-10-26,623.0327944493242,624.127556211517,580.4356762431737,599.9427490234375,80525,RKFORGE.BO
2023-10-27,607.257960245863,648.6110042937249,601.4854032029031,613.0304565429688,49658,RKFORGE.BO
2023-10-30,624.0957798605485,636.0084902400855,614.0771629904274,628.6814575195312,29452,RKFORGE.BO
2023-10-31,638.9991856898616,643.2857515216609,624.6940020485457,638.7001342773438,17338,RKFORGE.BO
2023-11-01,630.1269320632432,650.3636161051038,628.033511363222,640.7437133789062,21708,RKFORGE.BO
2023-11-02,650.961709483949,665.1173974180715,647.2732465874703,657.6408081054688,15341,RKFORGE.BO
2023-11-03,664.1205325883512,681.8649594219233,659.0364152437717,676.1827392578125,13564,RKFORGE.BO
2023-11-06,677.9272270047644,689.3913300126278,671.4475166090156,678.525390625,49776,RKFORGE.BO
2023-11-07,677.5783511567851,690.9863795966947,672.942841639743,689.5408935546875,12840,RKFORGE.BO
2023-11-08,691.8835390999835,696.1202728985469,683.0611883514184,688.743408203125,17238,RKFORGE.BO
2023-11-09,686.7995190126908,717.7525871652647,672.8432187066995,682.7122802734375,64770,RKFORGE.BO
2023-11-10,717.8522576142897,717.8522576142897,683.459945814055,701.154541015625,28342,RKFORGE.BO
2023-11-13,711.5220849412605,711.5220849412605,688.2948262462565,695.22314453125,10496,RKFORGE.BO
2023-11-15,688.1452866331209,712.4691488541731,688.1452866331209,708.1326904296875,35322,RKFORGE.BO
2023-11-16,721.8397556119721,721.8397556119721,699.9084268467516,714.462890625,13891,RKFORGE.BO
2023-11-17,715.758799948531,739.5842216662886,662.4756292040477,721.5905151367188,94149,RKFORGE.BO
2023-11-20,722.7369462288509,774.5746306480236,722.6871144704523,769.989013671875,69801,RKFORGE.BO
2023-11-21,784.2942028393916,792.2692312762713,752.7429722481307,766.1510009765625,71058,RKFORGE.BO
2023-11-22,766.5995911349131,772.0325913034312,753.6401702184581,764.1572265625,15386,RKFORGE.BO
2023-11-23,772.5809203199982,779.6089023294647,753.3910071378563,758.4252319335938,15530,RKFORGE.BO
2023-11-24,758.5747848190024,761.3162009761581,752.5436814421879,756.630859375,5778,RKFORGE.BO
2023-11-28,771.3846451718689,776.6680895600695,760.2195927312724,764.8551025390625,7771,RKFORGE.BO
2023-11-29,780.1571704853859,791.5216108991241,768.5934030267313,782.8487548828125,10250,RKFORGE.BO
2023-11-30,792.4685901656954,809.6647446036403,786.2879311842895,797.6024780273438,18938,RKFORGE.BO
2023-12-01,812.4061946806003,812.4061946806003,788.2318895994198,793.7147216796875,8020,RKFORGE.BO
2023-12-04,797.5526749154152,810.3626008404018,781.6026180522823,787.5340576171875,29231,RKFORGE.BO
2023-12-05,787.5838833805518,792.1196685975493,769.9890135441304,784.3938598632812,26647,RKFORGE.BO
2023-12-06,718.7992743904384,790.8237504377503,718.7992743904384,768.8425903320312,39626,RKFORGE.BO
2023-12-07,769.1914142166186,769.2413068165453,754.3877930612971,759.2725219726562,7743,RKFORGE.BO
2023-12-08,757.2289386129502,763.6089858087379,730.7618247071757,736.6434326171875,17322,RKFORGE.BO
2023-12-11,732.7555630642046,737.690124035804,720.6933569955282,730.2633666992188,34817,RKFORGE.BO
2023-12-12,731.7088395038968,753.4407792439408,731.7088395038968,734.0016479492188,7180,RKFORGE.BO
2023-12-13,746.6122054788241,748.9548457437837,730.462760728789,744.3193969726562,6914,RKFORGE.BO
2023-12-14,755.185326117043,756.780368288478,731.7088486593656,742.42529296875,9509,RKFORGE.BO
2023-12-15,770.487409349116,770.487409349116,749.9516759459297,758.0264282226562,8870,RKFORGE.BO
2023-12-18,770.5372427731693,770.5372427731693,747.3598178277671,755.4345092773438,6893,RKFORGE.BO
2023-12-19,755.982861951988,767.7959098684577,745.1667534801328,751.7960205078125,16068,RKFORGE.BO
2023-12-20,757.2788258708475,766.5996161111971,708.7806593693903,712.1201782226562,37419,RKFORGE.BO
2023-12-21,711.6715801305995,726.9238088968582,696.2697952526125,720.5437622070312,12643,RKFORGE.BO
2023-12-22,739.9330986601005,739.9330986601005,717.8023828330332,721.939453125,7919,RKFORGE.BO
2023-12-26,741.4782284354017,741.4782284354017,712.7681393279042,722.5375366210938,8492,RKFORGE.BO
2023-12-27,723.1855815169282,728.0204183153844,707.783795212737,716.2572631835938,21365,RKFORGE.BO
2023-12-28,727.7213734808637,727.7213734808637,701.1545346179869,704.9925537109375,9547,RKFORGE.BO
2023-12-29,704.8928095503097,727.7213530453411,700.8056317683216,723.484619140625,9972,RKFORGE.BO
2024-01-01,717.7525130027872,723.7337839444771,706.7370178541019,709.1793823242188,20482,RKFORGE.BO
2024-01-02,709.478521881053,715.7588449814606,699.6093992628112,701.702880859375,4665,RKFORGE.BO
2024-01-03,693.8772659028656,720.2447143263704,693.8772659028656,715.3599853515625,7014,RKFORGE.BO
2024-01-04,705.0423892404473,737.6901633622213,705.0423892404473,733.0048217773438,25828,RKFORGE.BO
2024-01-05,738.6371530117214,753.241386851585,725.7275639834727,735.2477416992188,8057,RKFORGE.BO
2024-01-08,735.2976322262538,789.6275160152234,727.7213791917035,771.0357666015625,23226,RKFORGE.BO
2024-01-09,777.3659030278384,784.5434409590345,766.6494583133407,779.5092163085938,30519,RKFORGE.BO
2024-01-10,772.5809110435939,802.4872688904427,762.6121250946443,794.1134643554688,16560,RKFORGE.BO
2024-01-11,807.3220714395862,807.3220714395862,781.5527851941893,790.5745239257812,6017,RKFORGE.BO
2024-01-12,797.0542381545101,797.0542381545101,773.5777603039056,777.9640502929688,11838,RKFORGE.BO
2024-01-15,791.5713988828709,791.5713988828709,766.8986548194845,777.8643188476562,12748,RKFORGE.BO
2024-01-16,778.2630957034996,785.5402969453603,759.8208425391732,774.8238525390625,39775,RKFORGE.BO
2024-01-17,762.7616185474243,783.9452869483305,753.640155815768,760.0202026367188,31945,RKFORGE.BO
2024-01-19,769.4406967161289,775.1229167104214,744.9673400933544,767.1478881835938,28642,RKFORGE.BO
2024-01-23,762.8114818003913,775.8705665218305,721.39119004461,733.403564453125,22928,RKFORGE.BO
2024-01-24,755.4844308861951,755.4844308861951,722.6871610963894,726.574951171875,16229,RKFORGE.BO
2024-01-25,727.8708944933009,746.6620307422158,727.8708944933009,733.75244140625,21659,RKFORGE.BO
2024-01-29,738.8864214924147,751.1978477146571,730.9612245499818,746.8614501953125,11438,RKFORGE.BO
2024-01-30,755.6339060208658,761.6151770447776,739.6340182008286,745.9641723632812,23345,RKFORGE.BO
2024-01-31,759.4718645976063,763.8581543568898,748.6557571576174,760.3690795898438,6552,RKFORGE.BO
2024-02-01,767.4469133942371,771.9328667874883,746.6121885856971,767.6463012695312,10155,RKFORGE.BO
2024-02-02,772.6805134177054,776.9172471107271,761.7148497416491,768.3441162109375,32763,RKFORGE.BO
2024-02-05,767.3472150020806,776.6680045132291,748.3566920027196,756.6806030273438,15660,RKFORGE.BO
2024-02-06,766.1509785342282,768.9422262364463,734.6994732264988,740.0826416015625,20460,RKFORGE.BO
2024-02-07,767.4968250665141,767.4968250665141,724.680878891487,730.8116455078125,10890,RKFORGE.BO
2024-02-08,746.6122012142732,746.6122012142732,720.7431907067025,727.6715087890625,11106,RKFORGE.BO
2024-02-09,728.6684133453209,728.6684133453209,694.8243732402295,701.4037475585938,35200,RKFORGE.BO
2024-02-12,721.7899517341007,721.7899517341007,679.5223348060563,703.4972534179688,45845,RKFORGE.BO
2024-02-13,688.9427767061218,736.045290596048,688.9427767061218,729.96435546875,12656,RKFORGE.BO
2024-02-14,722.5874180457394,737.391101540723,713.7152351454544,723.6840209960938,15640,RKFORGE.BO
2024-02-15,744.4688732503778,745.8146957712413,729.7150831908561,737.9393310546875,6001,RKFORGE.BO
2024-02-16,699.4598407224182,726.0266168809947,699.4598407224182,718.2509765625,39386,RKFORGE.BO
2024-02-19,716.6560051545133,751.5965857350974,715.8584536485721,745.0171508789062,15754,RKFORGE.BO
2024-02-20,756.8800822618821,783.9951925375252,751.1480302724111,758.4252319335938,64080,RKFORGE.BO
2024-02-21,764.3566122437874,771.9328647276513,748.6557754093046,755.8333129882812,24253,RKFORGE.BO
2024-02-22,767.0482489732733,767.0482489732733,728.9176426209876,736.0452880859375,28571,RKFORGE.BO
2024-02-23,747.9579414817325,767.4967969829871,746.6620115744958,748.7554321289062,16184,RKFORGE.BO
2024-02-26,747.6589033530257,775.5715024115387,747.6589033530257,762.9111328125,51154,RKFORGE.BO
2024-02-27,762.7616405127318,802.4872260612635,760.4189394329753,771.6836547851562,113356,RKFORGE.BO
2024-02-28,777.5653108153184,783.8456338491292,736.6932880673337,742.2259521484375,50323,RKFORGE.BO
2024-02-29,749.6028101775544,785.5402684098653,739.0358614307418,781.4031982421875,31860,RKFORGE.BO
2024-03-01,785.5402989599795,795.0106452037863,766.0513354377047,772.2319946289062,44383,RKFORGE.BO
2024-03-04,782.0014159452637,784.5932759210268,752.8925491772293,755.5343017578125,13444,RKFORGE.BO
2024-03-05,755.0856315420824,756.0326782854428,733.7025755609511,744.1697998046875,9565,RKFORGE.BO
2024-03-06,749.4034686001652,749.4034686001652,708.7806666773761,719.6466674804688,57075,RKFORGE.BO
2024-03-07,715.8086525894086,736.244663490524,715.8086525894086,721.8896484375,7210,RKFORGE.BO
2024-03-11,720.095240201424,731.7089003555507,707.6841501721965,726.574951171875,24772,RKFORGE.BO
2024-03-12,726.0764813345127,729.7151124489237,679.871184002959,684.6561889648438,25790,RKFORGE.BO
2024-03-13,682.5129695115529,682.5129695115529,610.7377090828578,624.3948974609375,44103,RKFORGE.BO
2024-03-14,624.4447134399347,633.9150591399184,599.8218024510503,619.8092041015625,86997,RKFORGE.BO
2024-03-15,626.3387337403275,633.5661026848478,609.5911875274693,617.0179443359375,43158,RKFORGE.BO
2024-03-18,625.5911771120068,644.3823759452141,611.3856565204152,624.1456909179688,41828,RKFORGE.BO
2024-03-19,620.0584728981295,646.3760915840732,620.0584728981295,635.3605346679688,21974,RKFORGE.BO
2024-03-20,645.92750259494,672.8930566209707,636.0085483321175,660.0831909179688,17032,RKFORGE.BO
2024-03-21,665.3666086731889,676.8805439005068,660.0831644611554,664.0706787109375,10305,RKFORGE.BO
2024-03-22,665.8650151480881,682.8119498747079,662.7248234932424,678.874267578125,14838,RKFORGE.BO
2024-03-26,678.8742972223383,680.8680543360604,648.0707254774782,654.8495483398438,21103,RKFORGE.BO
2024-03-27,666.5130014195234,701.7526961083648,655.6470612874273,692.73095703125,45878,RKFORGE.BO
2024-03-28,694.2760516014985,699.8087151721804,680.9676869643059,688.8928833007812,18663,RKFORGE.BO
2024-04-01,696.0206183152484,716.855343579388,696.0206183152484,711.5718994140625,10389,RKFORGE.BO
2024-04-02,727.671488372765,727.671488372765,697.9645206240617,713.4161376953125,6952,RKFORGE.BO
2024-04-03,701.1544625239266,714.2634390224862,701.1544625239266,706.1388549804688,9367,RKFORGE.BO
2024-04-04,710.3257787145151,716.7556573506351,700.4567178530475,706.8865356445312,10201,RKFORGE.BO
2024-04-05,712.1201585560675,712.1201585560675,682.8617978334665,687.3975830078125,29259,RKFORGE.BO
2024-04-08,700.7557845584646,710.9737896327839,690.8368308783686,697.0673217773438,16341,RKFORGE.BO
2024-04-09,697.8149360625117,702.9488845728251,682.8617588611722,688.1452026367188,16130,RKFORGE.BO
2024-04-10,686.3010582173525,702.7993862504749,685.1546235331309,689.391357421875,20038,RKFORGE.BO
2024-04-12,696.7682718779407,697.8149821822866,682.1639768415563,687.0487060546875,33386,RKFORGE.BO
2024-04-15,624.0958059614221,722.2385116770839,624.0958059614221,704.1451416015625,129030,RKFORGE.BO
2024-04-16,704.942699778115,727.472130951749,704.942699778115,722.1388549804688,72418,RKFORGE.BO
2024-04-18,736.1948310741602,761.4158469704676,723.7338488284906,728.8677978515625,89100,RKFORGE.BO
2024-04-19,728.4689993612343,787.9328291207763,715.5095782299362,770.8861694335938,98040,RKFORGE.BO
2024-04-22,732.5561820333622,763.6089733691946,717.4036766683265,744.7679443359375,148983,RKFORGE.BO
2024-04-23,754.8863108228037,762.6121198804158,733.353757658154,754.2882080078125,29611,RKFORGE.BO
2024-04-24,767.5466352701342,778.5621308423176,757.6775134990669,766.300537109375,29664,RKFORGE.BO
2024-04-25,771.633838919572,776.7179560936912,751.3972162753785,758.3753662109375,37133,RKFORGE.BO
2024-04-26,766.4001745080003,772.7303894557261,753.8395298134279,759.82080078125,21406,RKFORGE.BO
2024-04-29,758.126174107557,777.5653067769815,758.126174107557,762.2632446289062,33153,RKFORGE.BO
2024-04-30,768.6930303236566,768.6930303236566,744.1698421797674,748.7056274414062,27537,RKFORGE.BO
2024-05-02,756.0825386290396,771.5839877119479,747.6589028216549,755.484375,73563,RKFORGE.BO
2024-05-03,761.6152048716012,764.7055040090105,733.2539982280703,742.42529296875,58848,RKFORGE.BO
2024-05-06,756.0825557700056,756.0825557700056,694.8741878668443,699.4099731445312,64404,RKFORGE.BO
2024-05-07,705.391268030893,723.0360312949693,695.9209213979038,719.3974609375,28896,RKFORGE.BO
2024-05-08,718.9488640952121,718.9488640952121,699.0611237012015,702.948974609375,16168,RKFORGE.BO
2024-05-09,702.9987566266763,705.7900043620053,680.8182091732093,683.9085083007812,15492,RKFORGE.BO
2024-05-10,688.2512881995063,696.8369337839208,667.5358635920331,692.0948486328125,39595,RKFORGE.BO
2024-05-13,692.0449796366775,707.1197951486014,667.8852902828053,686.703857421875,21991,RKFORGE.BO
2024-05-14,697.7854035262161,708.1680382157745,687.3528034011913,703.12646484375,8200,RKFORGE.BO
2024-05-15,703.8751726957378,716.8036064755461,701.2795294133584,714.1080932617188,9628,RKFORGE.BO
2024-05-16,723.1929672788541,723.1929672788541,703.0266140558705,704.673828125,73804,RKFORGE.BO
2024-05-17,718.800301876229,724.7903043918643,710.6139529181695,717.4525756835938,8285,RKFORGE.BO
2024-05-21,743.7586300300421,744.756963761626,720.9966331366192,734.9234008789062,27847,RKFORGE.BO
2024-05-22,733.7753043418937,736.7703055841055,718.8002981308347,725.2395629882812,7621,RKFORGE.BO
2024-05-23,726.7869830806536,731.9284263590715,711.4126186805645,714.0582275390625,20740,RKFORGE.BO
2024-05-24,713.808647896134,718.3011498758998,695.6888655376952,699.4326171875,14456,RKFORGE.BO
2024-05-27,713.459252758734,713.459252758734,689.3494678515145,697.785400390625,8422,RKFORGE.BO
2024-05-28,702.7770708060547,704.7737383495431,682.2113585480486,685.2063598632812,73535,RKFORGE.BO
2024-05-29,683.8087066577926,684.7571358964549,674.124857203608,678.31787109375,67091,RKFORGE.BO
2024-05-30,691.7954134575767,691.7954134575767,667.2363656105921,669.7821655273438,40963,RKFORGE.BO
2024-05-31,682.4110153034961,682.4110153034961,658.9002679299591,665.1897583007812,45727,RKFORGE.BO
2024-06-03,695.239677310347,719.2994973306751,682.860313912813,707.6688842773438,120561,RKFORGE.BO
2024-06-04,707.6189370644854,707.6189370644854,610.3812681264427,632.4943237304688,38538,RKFORGE.BO
2024-06-05,644.92363317894,666.8869767237336,616.9702868492026,665.139892578125,22823,RKFORGE.BO
2024-06-06,680.0649524394998,707.6688436509917,671.179757824999,696.6372680664062,19249,RKFORGE.BO
2024-06-07,708.8169872383066,715.5557402859948,698.8336493898798,711.2130126953125,13452,RKFORGE.BO
2024-06-10,718.8003319670092,718.8003319670092,695.489262241185,698.2346801757812,29161,RKFORGE.BO
2024-06-11,713.8086386927134,720.647200578135,700.53081186596,710.7637329101562,11028,RKFORGE.BO
2024-06-12,720.1980020728116,755.2893973343826,717.402618785488,742.9100952148438,83039,RKFORGE.BO
2024-06-13,749.199549918572,755.9383025066061,743.7586189756165,751.44580078125,21428,RKFORGE.BO
2024-06-14,751.44580431713,754.7402934112022,739.0165372984688,743.6588134765625,11602,RKFORGE.BO
2024-06-18,743.7586507636654,818.5338737171804,723.7919755753791,808.0014038085938,123293,RKFORGE.BO
2024-06-19,832.6103199602807,861.5619977526645,818.4339689924915,840.1976318359375,256875,RKFORGE.BO
2024-06-20,848.4339291817835,882.477147263575,829.9647544559253,870.24755859375,86648,RKFORGE.BO
2024-06-21,870.2475169696164,928.8497185916151,860.1144053259045,894.9063720703125,154998,RKFORGE.BO
2024-06-24,896.9030609251217,967.3354944516153,883.2258764312635,894.4072265625,139502,RKFORGE.BO
2024-06-25,903.4421562127966,926.8530952765666,884.024552224008,917.5685424804688,3228576,RKFORGE.BO
2024-06-26,923.2590230179169,923.2590230179169,896.3040122582669,907.2357788085938,23658,RKFORGE.BO
2024-06-27,897.7017070186336,925.6550516085961,879.5320208484667,882.6268310546875,28117,RKFORGE.BO
2024-06-28,899.6983621597219,901.9446130334894,887.2690951381838,888.6168212890625,10536,RKFORGE.BO
2024-07-01,891.2125456976479,917.4687109852908,881.5286961915255,910.6800537109375,54354,RKFORGE.BO
2024-07-02,913.4753988575275,926.3039634189195,906.0877045917447,914.423828125,50742,RKFORGE.BO
2024-07-03,927.0527178278605,963.2922825577251,908.0344716267277,957.6516723632812,97505,RKFORGE.BO
2024-07-04,966.3371708142508,973.9743874836832,944.7232206344869,957.202392578125,999952,RKFORGE.BO
2024-07-05,956.4536225715572,996.6864599029052,942.7265337161467,981.9111328125,47529,RKFORGE.BO
2024-07-08,988.8994653900871,995.2389211441562,941.1292207189497,956.6033935546875,54921,RKFORGE.BO
2024-07-09,975.7714198169593,975.7714198169593,916.8197638459844,930.4969482421875,44166,RKFORGE.BO
2024-07-10,934.7897656800977,937.8347323097723,889.3655808694679,904.0910034179688,35960,RKFORGE.BO
2024-07-11,918.4670595833896,923.6085028229186,888.2175588294542,892.66015625,19114,RKFORGE.BO
2024-07-12,894.906406940947,945.4220708294101,880.1809839792429,919.4653930664062,75612,RKFORGE.BO
2024-07-15,919.5651874748781,924.5568561962344,899.4987035884081,910.6800537109375,58046,RKFORGE.BO
2024-07-16,920.4636927793331,921.561835501458,899.2491011615882,909.1326293945312,13726,RKFORGE.BO
2024-07-18,899.5985436876601,912.9263361944834,882.6268694483551,885.7217407226562,55413,RKFORGE.BO
2024-07-19,883.5253547697221,883.5253547697221,843.7916843351308,862.111083984375,28839,RKFORGE.BO
2024-07-22,848.5836672768238,892.510351229977,843.641903145403,887.66845703125,33476,RKFORGE.BO
2024-07-23,883.5253573306704,897.8015175844636,828.5171927900188,886.8697509765625,33637,RKFORGE.BO
2024-07-24,868.5503757600079,897.9014128314876,868.5503757600079,888.5669555664062,20312,RKFORGE.BO
2024-07-25,878.5336870639959,878.5336870639959,864.4572057696482,872.6434936523438,25510,RKFORGE.BO
2024-07-26,872.5935721949853,873.1926089845974,836.2542614963279,839.6485595703125,16860,RKFORGE.BO
2024-07-29,845.6386026979143,877.2857952067143,834.6569312927662,840.6968383789062,17370,RKFORGE.BO
2024-07-30,855.4721950637515,859.8648269026021,837.8515804083238,855.1227416992188,30769,RKFORGE.BO
2024-07-31,863.5088148171449,863.5088148171449,840.6968513941231,858.9164428710938,14114,RKFORGE.BO
2024-08-01,852.5770046698212,865.7051175811519,840.1477375555667,846.2376098632812,19605,RKFORGE.BO
2024-08-02,838.6003632242032,917.1692427748766,834.6569326628265,885.4222412109375,142060,RKFORGE.BO
2024-08-05,867.8016250051326,870.197650413905,836.0546234729132,844.3906860351562,48024,RKFORGE.BO
2024-08-06,855.2725119934407,874.540340645165,855.2725119934407,859.2159423828125,84639,RKFORGE.BO
2024-08-07,878.4338904553833,938.4337244199122,878.4338904553833,930.2473754882812,238194,RKFORGE.BO
2024-08-08,925.3555563302614,951.3122332434979,921.96119728361,931.2955932617188,88516,RKFORGE.BO
2024-08-09,933.9412552210442,943.4254261719796,923.4587504858,933.1925048828125,18267,RKFORGE.BO
2024-08-12,923.5585199756929,940.7797770181982,912.826432253552,925.854736328125,21027,RKFORGE.BO
2024-08-13,925.8547219369156,948.2672653405735,913.6750382920887,923.907958984375,60500,RKFORGE.BO
2024-08-14,918.4670767832232,947.768148826783,906.0378090465847,933.5918579101562,25776,RKFORGE.BO
2024-08-16,938.3339086269672,956.0543325502581,923.4088069950253,929.5485229492188,30370,RKFORGE.BO
2024-08-19,931.2956380235844,948.4170866453547,931.2956380235844,945.0726928710938,7929,RKFORGE.BO
2024-08-20,992.2439208839726,992.2439208839726,915.1725445654598,924.0576782226562,50882,RKFORGE.BO
2024-08-21,922.9595422172137,941.5784908332688,915.4221346702758,924.7565307617188,29097,RKFORGE.BO
2024-08-22,932.8430545913994,959.3987072340699,918.6667035465152,954.806396484375,45009,RKFORGE.BO
2024-08-23,963.3920867493654,978.3670932791483,948.0676877739373,964.8895874023438,35719,RKFORGE.BO
2024-08-26,971.3288307268606,971.3288307268606,940.4303890897164,948.5668334960938,22214,RKFORGE.BO
2024-08-28,965.1890699660441,965.1890699660441,939.8813334451656,944.7731323242188,22040,RKFORGE.BO
2024-08-29,943.4753246212472,976.3704347898674,940.4304187853324,963.5418701171875,37543,RKFORGE.BO
2024-08-30,973.1258018856457,981.5617340784241,954.2572700430268,964.939453125,33432,RKFORGE.BO
2024-09-02,964.9394589076729,973.3753911510062,943.4253791155905,955.1058959960938,14944,RKFORGE.BO
2024-09-03,961.9943584320663,1008.9160437702316,949.5151867995754,976.02099609375,57537,RKFORGE.BO
2024-09-04,971.3787686921698,998.283876270695,961.794788770132,992.54345703125,54474,RKFORGE.BO
2024-09-05,993.0425817969488,1010.513422219367,981.411969370928,987.2522583007812,56456,RKFORGE.BO
2024-09-06,998.2339343844337,998.2339343844337,962.543503058406,966.88623046875,16818,RKFORGE.BO
2024-09-09,948.4170782294974,980.3637587593331,943.4254093967106,973.7747802734375,13767,RKFORGE.BO
2024-09-10,973.3754329679482,989.4485824107536,963.392095193918,966.6865844726562,17530,RKFORGE.BO
2024-09-11,966.3870663729547,981.2622635655076,959.6483135857466,968.5335083007812,6896,RKFORGE.BO
2024-09-12,980.2639569187578,982.0609455250001,960.1974115042559,978.1674194335938,9058,RKFORGE.BO
2024-09-13,988.2505920747327,1022.1939391823657,980.4136356677499,1007.2189331054688,22729,RKFORGE.BO
2024-09-16,1018.3004342186382,1033.2754406042063,983.5584315908113,986.2039794921875,14917,RKFORGE.BO
2024-09-17,986.3038561451308,991.2955249743147,971.3288496575792,986.90283203125,19063,RKFORGE.BO
2024-09-18,1005.6714544220117,1037.2187757873844,971.3787153103867,1019.4984130859375,25802,RKFORGE.BO
2024-09-19,1014.8062886287692,1021.8445295998077,982.5102151790923,1003.0758666992188,17284,RKFORGE.BO
2024-09-20,1005.8212328653385,1022.9925242727022,987.601642294825,1005.421875,1022860,RKFORGE.BO
2024-09-23,1008.317098249959,1022.3935799016498,996.2372841195552,1014.107421875,10444,RKFORGE.BO
2024-09-24,1025.7879205914692,1025.7879205914692,988.8495721127497,993.1423950195312,8759,RKFORGE.BO
2024-09-25,1012.7596639012655,1012.7596639012655,987.102474870901,1001.7280883789062,108169,RKFORGE.BO
2024-09-26,1015.2555141954226,1015.2555141954226,994.8894814234187,1007.917724609375,17449,RKFORGE.BO
2024-09-27,993.3420896912497,1019.298767411825,993.3420896912497,1016.1539916992188,8986,RKFORGE.BO
2024-09-30,996.0375869531672,1021.345322948964,990.2472634340895,1006.2705078125,17574,RKFORGE.BO
2024-10-01,994.3404413155416,1018.3004519496511,993.8412744273311,1010.3137817382812,83995,RKFORGE.BO
2024-10-03,991.3953208723559,1012.0109372377524,977.5684227716761,982.3604125976562,35295,RKFORGE.BO
2024-10-04,980.3637210648241,996.1373817832493,947.8679703995191,958.1008911132812,16731,RKFORGE.BO
2024-10-07,958.4503080892146,982.3604136779245,890.5137083340535,902.4937133789062,106051,RKFORGE.BO
2024-10-08,902.4437864042583,919.7149477271241,873.1426549016712,915.5718383789062,12175,RKFORGE.BO
2024-10-09,915.571883868449,932.793141547188,901.9945688545365,923.0593872070312,14408,RKFORGE.BO
2024-10-10,923.4587164077175,973.8745706548415,923.0593585353479,965.9378051757812,12670,RKFORGE.BO
2024-10-11,976.1707068094479,1022.7929040821684,962.6432969850961,997.4851684570312,44140,RKFORGE.BO
2024-10-14,1013.0591734283959,1032.0275146899278,991.3454143526948,1028.0341796875,27843,RKFORGE.BO
2024-10-15,1054.240487591538,1062.22715795208,1034.323777126704,1046.05419921875,118402,RKFORGE.BO
2024-10-16,1050.197164868223,1051.1954986422759,1011.3121131156273,1036.0208740234375,31737,RKFORGE.BO
2024-10-17,1045.405240773663,1045.405240773663,1014.7064770776227,1028.782958984375,8764,RKFORGE.BO
2024-10-18,1028.7829202154385,1028.7829202154385,999.0325869170059,1018.8494873046875,18776,RKFORGE.BO
2024-10-21,1019.3486698890707,1026.3370671180373,987.1025017407666,991.3953247070312,11100,RKFORGE.BO
2024-10-22,989.3986228960898,991.9443617002279,938.4336985801058,947.9677734375,25442,RKFORGE.BO
2024-10-23,933.4919742966488,973.9244917583623,933.4919742966488,942.177490234375,19933,RKFORGE.BO
2024-10-24,928.4503993415531,972.4768939046891,926.0044694361661,947.9179077148438,45619,RKFORGE.BO
2024-10-25,947.9179020728297,956.3039300032549,901.4953823820592,904.1409912109375,49695,RKFORGE.BO
2024-10-28,904.4904002774042,915.821464251867,877.1360304651679,880.380615234375,13657,RKFORGE.BO
2024-10-29,880.1809786255998,888.5170410984781,859.4655532292027,882.5270385742188,18299,RKFORGE.BO
2024-10-31,907.6351518366521,932.2440421774963,904.9895430297023,919.7149658203125,17440,RKFORGE.BO
2024-11-01,937.7348636260189,941.3289016264474,925.8547287582509,934.5901489257812,9051,RKFORGE.BO
2024-11-04,944.3738563653224,944.3738563653224,906.5369815301068,913.225830078125,19277,RKFORGE.BO
2024-11-06,919.4654088605207,948.4170884011886,917.868099190281,946.1708374023438,11162,RKFORGE.BO
2024-11-07,965.3887305074602,975.2222935130834,939.5818275968531,960.5967407226562,10816,RKFORGE.BO
2024-11-08,973.1258002896427,977.3687186289409,952.4602799562518,960.696533203125,13387,RKFORGE.BO
2024-11-11,977.2689350845206,978.367077839325,955.10591358351,962.3937377929688,9798,RKFORGE.BO
2024-11-12,956.7031949463128,970.3803791435664,938.1841165639573,942.2273559570312,16487,RKFORGE.BO
2024-11-13,942.1275478604871,942.1275478604871,904.54025876514,919.6650390625,9038,RKFORGE.BO
2024-11-14,903.4920251731867,940.4802776634752,903.4920251731867,932.393798828125,11734,RKFORGE.BO
2024-11-18,914.5236010264863,956.253938746799,914.5236010264863,939.2323608398438,11773,RKFORGE.BO
2024-11-19,950.713204036463,982.7597535029348,938.4337112777117,945.671630859375,22022,RKFORGE.BO
2024-11-21,955.6050746631108,971.3787356765109,941.6284022073337,962.2439575195312,15706,RKFORGE.BO
2024-11-22,971.3288586463104,979.6150167927448,956.4037565222415,961.8945922851562,12548,RKFORGE.BO
2024-11-25,961.8446423883564,975.7214446469072,961.8446423883564,971.2289428710938,12284,RKFORGE.BO
2024-11-26,984.706464711252,984.706464711252,951.4120586988965,964.2905883789062,9803,RKFORGE.BO
2024-11-27,959.4486686250697,979.3155352523983,959.4486686250697,972.5767822265625,7788,RKFORGE.BO
2024-11-28,978.3670844739202,995.4385673908475,967.1857341789554,973.075927734375,8911,RKFORGE.BO
2024-11-29,974.823008896592,979.3654153027934,958.1009184722069,964.590087890625,4897,RKFORGE.BO
2024-12-02,950.4636444449319,974.3737501942801,950.4636444449319,966.7864379882812,14572,RKFORGE.BO
2024-12-03,960.8463579876498,984.3571063013608,954.9062598146568,960.9461669921875,11037,RKFORGE.BO
2024-12-04,962.5434933219271,976.3703911545682,962.5434933219271,967.6848754882812,6780,RKFORGE.BO
2024-12-05,970.4302954077798,977.0193346221646,957.4519568462571,965.6383056640625,8490,RKFORGE.BO
2024-12-06,956.5035602436999,974.3737590922377,956.5035602436999,965.4386596679688,5885,RKFORGE.BO
2024-12-09,966.3870956671301,993.4419166373204,961.8446891706756,972.97607421875,28077,RKFORGE.BO
2024-12-10,966.4369943169969,974.6233434215442,963.3421840019223,965.9877319335938,9611,RKFORGE.BO
2024-12-11,987.352056722172,993.342059088535,963.4419517564153,974.3737182617188,20631,RKFORGE.BO
2024-12-12,987.3021643226864,987.3021643226864,963.3920590638915,971.5285034179688,11428,RKFORGE.BO
2024-12-13,964.4403000163194,966.9860388736919,942.427053174931,953.2090454101562,9405,RKFORGE.BO
2024-12-16,948.816445287565,958.4004251658403,935.7382362590813,938.7831420898438,16938,RKFORGE.BO
2024-12-17,938.7831120109365,946.4203895276593,918.4171401887694,920.6633911132812,7498,RKFORGE.BO
2024-12-18,920.6634012100327,924.7565452328718,896.2541287092873,899.8980712890625,17800,RKFORGE.BO
2024-12-19,889.5652988204781,915.4720724915264,889.5652988204781,904.5902099609375,11824,RKFORGE.BO
2024-12-20,907.7349888562372,912.62684874834,883.5253947074732,889.4155883789062,10899,RKFORGE.BO
2024-12-23,889.9147484858594,928.5502167047123,889.8647830505071,919.2158203125,11766,RKFORGE.BO
2024-12-24,931.2956208033349,942.8264244429461,898.9995481391802,910.9795532226562,24136,RKFORGE.BO
2024-12-26,910.9296303400733,910.9296303400733,885.5220245515371,890.0145263671875,12471,RKFORGE.BO
2024-12-27,886.7699569252674,920.7632090597755,885.8215276723458,909.332275390625,12991,RKFORGE.BO
2024-12-30,927.4520603845655,927.4520603845655,895.3556057190797,900.9962158203125,6381,RKFORGE.BO
2024-12-31,888.7167083715534,905.1892150970648,888.0178625662043,892.2108764648438,11784,RKFORGE.BO
2025-01-01,901.4454823858271,918.0677029593876,894.556955056163,906.8864135742188,5250,RKFORGE.BO
2025-01-02,908.5336442675883,924.4570802446715,908.4837397652819,913.6251831054688,5983,RKFORGE.BO
2025-01-03,903.5419511974068,927.4021522736014,903.5419511974068,915.621826171875,12984,RKFORGE.BO
2025-01-06,915.3222903663462,922.4104966757277,899.1992365811661,903.34228515625,10426,RKFORGE.BO
2025-01-07,910.0810534131916,920.7133325895884,905.9380047683366,912.6767578125,3852,RKFORGE.BO
2025-01-08,918.4670229969404,919.6151311490685,897.9512772242975,901.1958618164062,9907,RKFORGE.BO
2025-01-09,899.798221374146,917.5186459228034,895.2558148737171,901.9945678710938,7971,RKFORGE.BO
2025-01-10,906.4371353691364,997.2356016044464,897.1026782993916,957.4519653320312,460933,RKFORGE.BO
2025-01-13,959.3488243902036,993.2921717182845,889.4654622441545,914.3739013671875,134793,RKFORGE.BO
2025-01-14,917.0194762428494,951.2124080143498,915.9213334644471,937.6849975585938,22300,RKFORGE.BO
2025-01-15,948.3172838698243,967.1358512866377,936.636766434045,948.916259765625,25871,RKFORGE.BO
2025-01-16,946.8197807617594,996.9860531768963,946.8197807617594,988.300537109375,57799,RKFORGE.BO
2025-01-17,1007.0691867452753,1012.6598314631176,967.4852285384845,983.7581176757812,30066,RKFORGE.BO
2025-01-20,978.7664386817883,1018.200622040807,949.2656274474531,954.0576782226562,70746,RKFORGE.BO
2025-01-21,955.854652044405,964.9394647097247,924.956210588722,935.2889404296875,17157,RKFORGE.BO
2025-01-22,924.0078213810249,935.6384343353211,873.6418698031697,895.3057250976562,37107,RKFORGE.BO
2025-01-23,894.6068671477251,895.4554874125123,849.2825505384455,853.9747314453125,37076,RKFORGE.BO
2025-01-24,868.4505852233576,868.4505852233576,795.5222533749807,804.3575439453125,47377,RKFORGE.BO
2025-01-27,792.2776388109198,811.1461710398761,752.5439677885194,769.4158325195312,77408,RKFORGE.BO
2025-01-28,769.4158054454003,778.7502012964496,722.3443464643268,740.3642578125,36417,RKFORGE.BO
2025-01-29,743.708717354308,783.6919706780044,743.708717354308,776.2044677734375,20883,RKFORGE.BO
2025-01-30,775.7053333959211,786.5372303447335,752.3442989820433,755.4890747070312,18211,RKFORGE.BO
2025-01-31,758.2843648104525,786.6869713300626,751.2461242714113,782.4939575195312,23519,RKFORGE.BO
2025-02-01,805.9548095029114,816.1877302539561,781.1961451407333,797.9681396484375,36840,RKFORGE.BO
2025-02-03,782.0447403772606,783.4923365415975,746.4042732606225,748.9500122070312,30652,RKFORGE.BO
2025-02-04,749.7985238587279,772.2610324280934,744.0581050021123,750.3475952148438,19583,RKFORGE.BO
2025-02-05,750.5472919478876,773.0597055502824,747.1529937991853,757.635498046875,21468,RKFORGE.BO
2025-02-06,759.5822108005015,765.3226298742345,749.7985522180476,757.3859252929688,10174,RKFORGE.BO
2025-02-07,759.7319750257218,762.726976241329,735.4724773659937,741.3626098632812,10255,RKFORGE.BO
2025-02-10,728.8335401786095,742.5606292067896,698.0848729421773,715.2562255859375,21136,RKFORGE.BO
2025-02-11,713.3094356051122,716.9034125867738,663.7921079756755,669.9318237304688,44721,RKFORGE.BO
2025-02-12,669.981757213606,674.8237124753591,636.1881840505267,670.6806030273438,27769,RKFORGE.BO
2025-02-13,668.933542603324,678.8669759827038,659.8986340067165,661.2963256835938,17077,RKFORGE.BO
2025-02-14,671.3794792754741,671.3794792754741,619.9652886692481,630.9469604492188,28553,RKFORGE.BO
2025-02-17,635.1898657103387,683.109887013437,616.7705953352687,643.2264404296875,82635,RKFORGE.BO
2025-02-18,644.9735126139624,658.9002807343572,627.2031838959998,646.0717163085938,43344,RKFORGE.BO
2025-02-19,638.9834948235224,700.3311150186154,638.9834948235224,686.6539306640625,41655,RKFORGE.BO
2025-02-20,672.876957675699,713.9584164828431,671.8287194090382,699.2828979492188,36711,RKFORGE.BO
2025-02-21,706.7205101984057,731.7786638080821,698.2845775353452,707.5191650390625,30664,RKFORGE.BO
2025-02-24,720.74709128966,720.74709128966,691.8453159060281,702.8768920898438,20826,RKFORGE.BO
2025-02-25,717.7520363783583,717.7520363783583,687.3028580796646,691.5457763671875,11707,RKFORGE.BO
2025-02-27,691.8951737799154,696.3377710290857,661.6456741928697,664.8902587890625,8883,RKFORGE.BO
2025-02-28,651.8620465939962,662.1448722270385,636.0384197967583,646.7705078125,38779,RKFORGE.BO
2025-03-03,653.9085929539289,655.1565101160546,603.4927396040458,638.2347412109375,60951,RKFORGE.BO
2025-03-04,628.950287329063,682.1614661179889,626.9536197502406,668.6839599609375,43745,RKFORGE.BO
2025-03-05,676.8204082093396,709.9151369389621,672.8270730310954,684.5574951171875,44826,RKFORGE.BO
2025-03-06,691.8951995566645,706.5208135008432,686.5541383188691,693.3927001953125,12763,RKFORGE.BO
2025-03-07,689.0000713578928,722.4941569417299,682.4609364592055,715.5557250976562,33956,RKFORGE.BO
2025-03-10,722.5440827959535,722.7437617412762,684.1082317594847,690.8469848632812,25685,RKFORGE.BO
2025-03-11,680.6639121541384,689.3494276288392,659.8985831465064,683.6090087890625,29160,RKFORGE.BO
2025-03-12,673.9251662550992,692.0449476668019,673.8752617557342,684.307861328125,16215,RKFORGE.BO
2025-03-13,684.9567425926122,689.3993398441605,669.931832256583,684.85693359375,13373,RKFORGE.BO
2025-03-17,679.965116463905,704.1248062431123,679.965116463905,697.5358276367188,14620,RKFORGE.BO
2025-03-18,696.8369856568655,721.7953304153492,696.8369856568655,717.1031494140625,25944,RKFORGE.BO
2025-03-19,718.8502142792908,761.5289826723478,718.8502142792908,756.0381469726562,44399,RKFORGE.BO
2025-03-20,758.9832580453146,779.648779527025,738.7669989523615,744.3077392578125,21839,RKFORGE.BO
2025-03-21,749.4491376494153,857.8681555369257,745.805195188996,842.9430541992188,118786,RKFORGE.BO
2025-03-24,846.8366137275664,860.6136074582819,816.4872429854031,822.7767944335938,82173,RKFORGE.BO
2025-03-25,829.6153394330187,842.2442856401287,798.8167678719743,806.0546875,23061,RKFORGE.BO
2025-03-26,811.7451281175129,831.0629222728371,778.1013303030381,785.2393798828125,38766,RKFORGE.BO
2025-03-27,782.0946559442924,794.623731868675,768.9665432314195,779.74853515625,17838,RKFORGE.BO
2025-03-28,780.647073278184,803.6586535950532,765.4224838777809,771.1629028320312,30371,RKFORGE.BO
2025-04-01,771.7120125106529,784.6903516602499,755.239505128472,774.2577514648438,9480,RKFORGE.BO
2025-04-02,788.5338722732822,788.5338722732822,753.442478223581,770.6138305664062,19072,RKFORGE.BO
2025-04-03,750.7968971739926,770.6138590060697,738.8667964734254,744.0082397460938,34130,RKFORGE.BO
2025-04-04,745.1063776308952,751.5456425715594,722.2944755812891,727.5856323242188,25703,RKFORGE.BO
2025-04-07,608.983609498969,717.3028252869003,608.983609498969,711.7620849609375,19788,RKFORGE.BO
2025-04-08,722.8934351517443,737.5190487835757,718.8002912002363,727.6854858398438,10016,RKFORGE.BO
2025-04-09,726.2877968999201,780.7468903089549,721.5956161284458,739.3160400390625,381261,RKFORGE.BO
2025-04-11,745.9549634565105,756.6371463854218,728.983290314665,737.2195434570312,70805,RKFORGE.BO
2025-04-15,738.8667720612144,763.6754019078702,735.2727949926772,759.1329956054688,45681,RKFORGE.BO
2025-04-16,759.1330198157631,773.7086684216789,754.1912554888299,767.1196899414062,33996,RKFORGE.BO
2025-04-17,763.7253245921041,766.7203258650143,730.7304060889013,736.4708251953125,26052,RKFORGE.BO
2025-04-21,745.2561440602428,745.2561440602428,717.3527035728365,719.4991455078125,58569,RKFORGE.BO
2025-04-22,723.841843564446,728.0348573291724,690.148080883802,692.4942016601562,112383,RKFORGE.BO
2025-04-23,693.9917020751088,699.2828585452822,672.9268242584639,679.3660888671875,59289,RKFORGE.BO
2025-04-24,688.650619571145,695.3394679897551,677.86862708549,686.15478515625,50470,RKFORGE.BO
2025-04-25,680.3145790812231,686.8536532738095,641.3296564418362,655.1565551757812,72784,RKFORGE.BO
2025-04-28,578.0352279441712,636.9369178383096,578.0352279441712,624.0084838867188,349165,RKFORGE.BO
2025-04-29,623.8587882586695,639.9319373507262,609.3829488022178,611.3296508789062,113476,RKFORGE.BO
2025-04-30,611.9786202106915,616.7207057669734,592.0119441842415,594.1583862304688,32157,RKFORGE.BO
2025-05-02,594.0086112313463,610.9303813346287,587.0202746286246,597.3031005859375,77526,RKFORGE.BO
2025-05-05,599.1500000616958,608.9835627257713,595.9553200049681,601.1466674804688,45298,RKFORGE.BO
2025-05-06,601.2465200417155,609.1832857930923,586.8205847091496,593.8588256835938,39636,RKFORGE.BO
2025-05-07,585.0235760912208,597.0035810623721,580.2315862894516,584.9237670898438,27759,RKFORGE.BO
2025-05-08,587.0202441701208,596.9037726545309,573.0435716898799,578.6342163085938,39700,RKFORGE.BO
2025-05-09,561.01367143078,574.1916893155264,552.2283464854348,564.1583862304688,61515,RKFORGE.BO
2025-05-12,592.1117299172546,592.1117299172546,566.5544099813468,569.8988037109375,34282,RKFORGE.BO
2025-05-13,569.9487368157445,583.925408692068,566.4545688466636,576.9370727539062,27495,RKFORGE.BO
2025-05-14,579.6325786091904,584.9237964841144,576.3380892632565,582.5277709960938,48686,RKFORGE.BO
2025-05-15,587.0701544276809,633.4926741922728,584.0252486513184,622.4111938476562,735222,RKFORGE.BO
2025-05-16,628.5509206970339,629.649124410186,616.0218440008892,622.16162109375,59055,RKFORGE.BO
2025-05-19,628.4012121302098,632.9436186578608,612.8271685495312,614.9237060546875,24934,RKFORGE.BO
2025-05-20,618.717348390582,619.9652655918537,604.2914133571879,616.6707763671875,61889,RKFORGE.BO
2025-05-21,616.520977060923,621.7123245955008,607.9353314358764,611.8287963867188,41638,RKFORGE.BO
2025-05-22,613.7256807985236,618.0185037926922,609.6325367436448,614.0750732421875,20431,RKFORGE.BO
2025-05-23,615.9719416125145,618.6175505001169,609.9819389388109,613.2764282226562,11454,RKFORGE.BO
2025-05-26,613.2764237313834,617.3196633198313,608.8338262608966,610.531005859375,34494,RKFORGE.BO
2025-05-27,610.5309652545956,614.7738835018778,607.885417495774,609.4827270507812,22246,RKFORGE.BO
2025-05-28,613.6757761872983,614.4744310108566,604.9902602641415,607.2365112304688,14202,RKFORGE.BO
2025-05-29,608.9835699760841,608.9835699760841,587.0202281080942,595.5559692382812,30365,RKFORGE.BO
2025-05-30,602.793884096686,612.4777333054848,600.8471211684374,605.9386596679688,20430,RKFORGE.BO
2025-06-02,602.9935958101565,615.9719347928254,585.1733624265672,605.739013671875,139130,RKFORGE.BO
2025-06-03,608.7839152655282,612.0784044901067,592.0119202675734,599.8488159179688,115246,RKFORGE.BO
2025-06-04,600.1483867680753,603.3430061734545,588.0186067545094,589.3663330078125,73409,RKFORGE.BO
2025-06-05,596.2049276649785,617.3696153508989,590.0152462285126,599.1500244140625,85097,RKFORGE.BO
2025-06-06,601.4500122070312,674.4000244140625,601.4500122070312,655.75,1610372,RKFORGE.BO
2025-06-09,663.7000122070312,675.3499755859375,642.0499877929688,664.3499755859375,138698,RKFORGE.BO
2025-06-10,665.0499877929688,676.5999755859375,662.0,674.5499877929688,131124,RKFORGE.BO
2025-06-11,674.1500244140625,676.7000122070312,657.0499877929688,661.0,107866,RKFORGE.BO
2025-06-12,667.0999755859375,667.5,645.5499877929688,656.2999877929688,64418,RKFORGE.BO
2025-06-13,634.9000244140625,659.1500244140625,634.9000244140625,648.9500122070312,68107,RKFORGE.BO
2025-06-16,638.0499877929688,649.0,625.0,648.4000244140625,45625,RKFORGE.BO
2025-06-17,647.9000244140625,654.4000244140625,636.2000122070312,639.5,12482,RKFORGE.BO
2025-06-18,648.4500122070312,648.4500122070312,625.3499755859375,632.4000244140625,29648,RKFORGE.BO
2025-06-19,630.0499877929688,656.7999877929688,628.3499755859375,639.0499877929688,224504,RKFORGE.BO
2025-06-20,640.0499877929688,650.0,620.9500122070312,625.5999755859375,73226,RKFORGE.BO
2025-06-23,623.6500244140625,654.0,622.0,632.4000244140625,141687,RKFORGE.BO
2025-06-24,635.8499755859375,658.25,635.0,646.2000122070312,108430,RKFORGE.BO
2025-06-25,651.9000244140625,687.0,649.7999877929688,680.9500122070312,256498,RKFORGE.BO
2025-06-26,681.5,688.8499755859375,672.0,680.25,66335,RKFORGE.BO
2025-06-27,680.0,683.0,667.0,668.75,43633,RKFORGE.BO
2025-06-30,668.25,691.9000244140625,668.25,675.0,60056,RKFORGE.BO
2025-07-01,677.0499877929688,685.8499755859375,669.0499877929688,672.25,42966,RKFORGE.BO
2025-07-02,670.5499877929688,676.5,659.0499877929688,661.6500244140625,40226,RKFORGE.BO
2025-07-03,661.2999877929688,671.0,657.5499877929688,666.1500244140625,19843,RKFORGE.BO
2025-07-04,666.1500244140625,673.0,652.6500244140625,663.6500244140625,41537,RKFORGE.BO
2025-07-07,652.4500122070312,668.0,652.4500122070312,657.2000122070312,14692,RKFORGE.BO
2025-07-08,654.7000122070312,661.7000122070312,648.0499877929688,652.5,41933,RKFORGE.BO
2025-07-09,646.25,666.0,646.25,662.7000122070312,41055,RKFORGE.BO
2025-07-10,669.0,687.0,659.6500244140625,683.0,54474,RKFORGE.BO
2025-07-11,685.8499755859375,685.8499755859375,656.25,659.9500122070312,25530,RKFORGE.BO
2025-07-14,656.0,659.0,642.2000122070312,648.2999877929688,29941,RKFORGE.BO
2025-07-15,648.6500244140625,679.0,648.6500244140625,665.7000122070312,57299,RKFORGE.BO
2025-07-16,665.0,666.9500122070312,646.2999877929688,651.3499755859375,37735,RKFORGE.BO
2025-07-17,650.0499877929688,657.75,642.2000122070312,644.2999877929688,44265,RKFORGE.BO
2025-07-18,647.5,650.8499755859375,632.75,644.6500244140625,23590,RKFORGE.BO
2025-07-21,648.9000244140625,648.9000244140625,635.6500244140625,639.1500244140625,23537,RKFORGE.BO
2025-07-22,639.8499755859375,643.4000244140625,628.4500122070312,629.4500122070312,19088,RKFORGE.BO
2025-07-23,630.0499877929688,632.75,625.75,630.2000122070312,9264,RKFORGE.BO
2025-07-24,630.0999755859375,632.2999877929688,619.9500122070312,622.7999877929688,28348,RKFORGE.BO
2025-07-25,616.0499877929688,628.9500122070312,605.0499877929688,625.6500244140625,51403,RKFORGE.BO
2025-07-28,616.5999755859375,625.6500244140625,608.0499877929688,613.4000244140625,34225,RKFORGE.BO
2025-07-29,605.4500122070312,615.5,597.2999877929688,598.9500122070312,52489,RKFORGE.BO
2025-07-30,604.9000244140625,609.5999755859375,596.9500122070312,598.0499877929688,23240,RKFORGE.BO
2025-07-31,591.8499755859375,592.9500122070312,571.2999877929688,582.2999877929688,83835,RKFORGE.BO
2025-08-01,581.7000122070312,585.1500244140625,562.4500122070312,565.4500122070312,42153,RKFORGE.BO
2025-08-04,557.4500122070312,588.4000244140625,551.9500122070312,579.4500122070312,35015,RKFORGE.BO
2025-08-05,581.9500122070312,586.2999877929688,571.0,573.7000122070312,14524,RKFORGE.BO
2025-08-06,576.0499877929688,576.4500122070312,557.0,560.5499877929688,13800,RKFORGE.BO
2025-08-07,556.8499755859375,584.0499877929688,556.8499755859375,577.5999755859375,33420,RKFORGE.BO
2025-08-08,580.0499877929688,591.0,575.0,584.75,22204,RKFORGE.BO
2025-08-11,597.7999877929688,597.7999877929688,564.7000122070312,581.3499755859375,23880,RKFORGE.BO
2025-08-12,575.6500244140625,592.3499755859375,575.6500244140625,583.4500122070312,16846,RKFORGE.BO
2025-08-13,595.0,595.0,572.0,573.0499877929688,41623,RKFORGE.BO
2025-08-14,573.3499755859375,579.0,563.4500122070312,565.5,10361,RKFORGE.BO
2025-08-18,576.0,580.9500122070312,568.8499755859375,578.5999755859375,22142,RKFORGE.BO
2025-08-19,589.0,589.0,575.9500122070312,584.5499877929688,12990,RKFORGE.BO
2025-08-20,583.9500122070312,587.4000244140625,573.9000244140625,574.8499755859375,5556,RKFORGE.BO
2025-08-21,582.8499755859375,603.8499755859375,574.5499877929688,577.4000244140625,88505,RKFORGE.BO
2025-08-22,578.9500122070312,578.9500122070312,571.0,572.75,14360,RKFORGE.BO
2025-08-25,573.0499877929688,577.0,565.0499877929688,565.9500122070312,18951,RKFORGE.BO
2025-08-26,560.3499755859375,567.4000244140625,555.4500122070312,565.3499755859375,19035,RKFORGE.BO
2025-08-28,560.0499877929688,576.75,560.0499877929688,572.6500244140625,33543,RKFORGE.BO
2025-08-29,568.9500122070312,573.5,563.3499755859375,565.2000122070312,11626,RKFORGE.BO
2025-09-01,567.25,575.0,561.5499877929688,573.6500244140625,7312,RKFORGE.BO
2025-09-02,575.0,583.5,568.8499755859375,577.5,13354,RKFORGE.BO
2025-09-03,572.5499877929688,580.0,569.4000244140625,576.8499755859375,12947,RKFORGE.BO
2025-09-04,571.1500244140625,586.4500122070312,568.0,570.0999755859375,12440,RKFORGE.BO
2025-09-05,570.4000244140625,583.1500244140625,569.0499877929688,570.75,12987,RKFORGE.BO
2025-09-08,571.7000122070312,601.0,571.0,579.5499877929688,80707,RKFORGE.BO
2025-09-09,579.5999755859375,584.9000244140625,575.0,581.1500244140625,14166,RKFORGE.BO
2025-09-10,574.0999755859375,606.0499877929688,574.0999755859375,584.9500122070312,55992,RKFORGE.BO
2025-09-11,588.0,594.9500122070312,580.6500244140625,583.3499755859375,23492,RKFORGE.BO
2025-09-12,586.25,586.2999877929688,575.5999755859375,576.5999755859375,19075,RKFORGE.BO
2025-09-15,576.5,586.0,576.0,577.6500244140625,18554,RKFORGE.BO
2025-09-16,584.9000244140625,584.9000244140625,573.5999755859375,575.9500122070312,14466,RKFORGE.BO
2025-09-17,580.9500122070312,582.75,574.4500122070312,577.0,24913,RKFORGE.BO
2025-09-18,574.3499755859375,585.0,572.2999877929688,577.4500122070312,31531,RKFORGE.BO
2025-09-19,577.0999755859375,580.0999755859375,565.0,566.7999877929688,38396,RKFORGE.BO
2025-09-22,568.0499877929688,569.5499877929688,554.5499877929688,555.6500244140625,49520,RKFORGE.BO
2025-09-23,556.3499755859375,565.0,549.4500122070312,563.8499755859375,33890,RKFORGE.BO
2025-09-24,560.0499877929688,566.2999877929688,555.75,561.5999755859375,27012,RKFORGE.BO
2025-09-25,559.0499877929688,561.7999877929688,538.0,539.7999877929688,43169,RKFORGE.BO
2025-09-26,542.2999877929688,543.4000244140625,529.4500122070312,533.2999877929688,31702,RKFORGE.BO
2025-09-29,529.0999755859375,538.25,513.4500122070312,520.1500244140625,41114,RKFORGE.BO
