Date,Open,High,Low,Close,Volume,Stock
,SUNDARMFIN.BO,SUNDARMFIN.BO,SUNDARMFIN.BO,SUNDARMFIN.BO,SUNDARMFIN.BO,
2020-01-01,1548.9384631284588,1557.695679067422,1543.1634573524093,1554.524169921875,77,SUNDARMFIN.BO
2020-01-02,1553.5774246387475,1566.831589139017,1552.630698603014,1554.571533203125,284,SUNDARMFIN.BO
2020-01-03,1554.524315536175,1576.346399200984,1548.46524515147,1565.3170166015625,196009,SUNDARMFIN.BO
2020-01-06,1562.0978891910518,1562.0978891910518,1527.4477409442416,1529.05712890625,129,SUNDARMFIN.BO
2020-01-07,1544.8674639587255,1544.8674639587255,1520.5365375062324,1525.7435302734375,53,SUNDARMFIN.BO
2020-01-08,1531.5187240368127,1541.0807498401402,1513.010298626125,1514.76171875,60,SUNDARMFIN.BO
2020-01-09,1542.50094920204,1558.8792421163776,1527.8739609696045,1550.2166748046875,418,SUNDARMFIN.BO
2020-01-10,1552.6306957788934,1591.4464631733656,1548.7964091142896,1584.7247314453125,226,SUNDARMFIN.BO
2020-01-13,1581.0324333125382,1581.0324333125382,1557.3642831132486,1563.6600341796875,146,SUNDARMFIN.BO
2020-01-14,1580.701068962712,1586.6653733467735,1547.8969903653942,1583.3045654296875,1393,SUNDARMFIN.BO
2020-01-15,1584.582532351808,1621.7415252687958,1568.9141719140985,1583.4937744140625,733,SUNDARMFIN.BO
2020-01-16,1599.9669587628377,1599.9669587628377,1573.7899614424318,1581.36376953125,188,SUNDARMFIN.BO
2020-01-17,1575.7307701733998,1590.4522900645413,1566.878905228061,1585.3873291015625,352,SUNDARMFIN.BO
2020-01-20,1583.5888398480142,1591.3993308566337,1573.790246968815,1590.2633056640625,1126,SUNDARMFIN.BO
2020-01-21,1572.512129812371,1585.766295867382,1570.9027415896967,1572.9381103515625,129,SUNDARMFIN.BO
2020-01-22,1590.4997769534184,1590.4997769534184,1569.0564086328495,1575.115478515625,338,SUNDARMFIN.BO
2020-01-23,1575.5414600850088,1577.2929957466795,1564.796142436126,1566.12158203125,70,SUNDARMFIN.BO
2020-01-24,1566.8316722648246,1566.8316722648246,1553.6248895925337,1561.530029296875,37,SUNDARMFIN.BO
2020-01-27,1562.8078288954875,1567.778140027822,1538.4296361987988,1543.3052978515625,487,SUNDARMFIN.BO
2020-01-28,1552.6307992062443,1573.458773341938,1546.3350475472523,1567.3050537109375,369,SUNDARMFIN.BO
2020-01-29,1554.5239196247442,1563.9437960533544,1544.2992337316653,1559.8255615234375,15824,SUNDARMFIN.BO
2020-01-30,1556.2283661423064,1578.5710783677287,1556.2283661423064,1568.4410400390625,1953,SUNDARMFIN.BO
2020-01-31,1563.0922224954268,1563.0922224954268,1539.6607507879394,1554.760986328125,167,SUNDARMFIN.BO
2020-02-03,1562.0979389740942,1567.9203271327897,1553.5774047615082,1561.4825439453125,72,SUNDARMFIN.BO
2020-02-04,1569.0089754218625,1577.3874770314044,1560.0150788265853,1564.3699951171875,403,SUNDARMFIN.BO
2020-02-05,1562.7607257311777,1686.0245331879862,1562.0980636885943,1585.0087890625,7887,SUNDARMFIN.BO
2020-02-06,1596.41671673219,1617.1026567088131,1575.8728087689262,1582.736572265625,1643,SUNDARMFIN.BO
2020-02-07,1608.4875881713128,1616.203428732415,1593.4820031196361,1602.0498046875,288,SUNDARMFIN.BO
2020-02-10,1583.4467038134712,1643.5164255599896,1580.6065256587017,1608.7242431640625,1181,SUNDARMFIN.BO
2020-02-11,1590.1684902323207,1607.6829227877338,1565.8849430623318,1582.6893310546875,15963,SUNDARMFIN.BO
2020-02-12,1576.3461273214778,1581.9791006330836,1557.3642253389721,1570.665771484375,659,SUNDARMFIN.BO
2020-02-13,1566.8315114277555,1568.6303139198612,1545.3408777093475,1553.6719970703125,1029,SUNDARMFIN.BO
2020-02-14,1562.097939718696,1586.8074658335452,1548.8437753816888,1552.4886474609375,332,SUNDARMFIN.BO
2020-02-17,1556.133687393931,1565.6009486558448,1538.3353055618252,1550.548095703125,578,SUNDARMFIN.BO
2020-02-18,1560.645136961632,1564.1219391874104,1547.7858174822413,1549.7861328125,187,SUNDARMFIN.BO
2020-02-19,1557.501493314216,1568.5034005775383,1528.8300006692361,1558.501708984375,1400,SUNDARMFIN.BO
2020-02-20,1567.5982915033378,1572.5991369032129,1558.4063544090548,1569.7891845703125,16901,SUNDARMFIN.BO
2020-02-24,1568.5987313310184,1568.5987313310184,1545.928182433242,1565.6458740234375,1088,SUNDARMFIN.BO
2020-02-25,1566.0264947956093,1575.932837139146,1549.071203140487,1561.6923828125,20990,SUNDARMFIN.BO
2020-02-26,1557.5969557285641,1566.931915780232,1527.5918764902192,1535.2598876953125,411,SUNDARMFIN.BO
2020-02-27,1562.16893872396,1562.16893872396,1506.9215006471372,1530.6873779296875,1260,SUNDARMFIN.BO
2020-02-28,1497.6342794229142,1519.8285563109584,1460.2946765437891,1506.96923828125,1409,SUNDARMFIN.BO
2020-03-02,1515.0658224937783,1515.0658224937783,1477.2498328843637,1488.8232421875,309,SUNDARMFIN.BO
2020-03-03,1488.3947501807397,1488.3947501807397,1420.5261234894467,1478.8216552734375,2615,SUNDARMFIN.BO
2020-03-04,1491.9666243049003,1491.9666243049003,1435.242700051841,1458.818115234375,468,SUNDARMFIN.BO
2020-03-05,1458.818271541277,1471.106088269036,1445.0064106615196,1453.5316162109375,240,SUNDARMFIN.BO
2020-03-06,1428.860794264471,1433.3376955316626,1404.9995686387788,1420.5736083984375,1518,SUNDARMFIN.BO
2020-03-09,1386.5678113346416,1398.0935464935094,1363.8497074676839,1384.99609375,565,SUNDARMFIN.BO
2020-03-11,1381.18575563106,1389.425266325242,1361.992013081873,1379.0902099609375,269,SUNDARMFIN.BO
2020-03-12,1343.4654298745174,1345.1799359249776,1285.9318625466376,1300.4581298828125,1484,SUNDARMFIN.BO
2020-03-13,1280.2166078832772,1317.7467906257546,1047.796330856849,1272.882080078125,731,SUNDARMFIN.BO
2020-03-16,1246.7822602669971,1246.7822602669971,1209.0616199227088,1220.111083984375,3059,SUNDARMFIN.BO
2020-03-17,1200.2028811822836,1224.0164304120908,1187.819835582784,1202.9176025390625,421,SUNDARMFIN.BO
2020-03-18,1189.439093970778,1189.439093970778,1123.9995081030725,1138.4305419921875,990,SUNDARMFIN.BO
2020-03-19,1138.2876575628468,1138.2876575628468,984.2139934533986,1094.7088623046875,1270,SUNDARMFIN.BO
2020-03-20,1096.1854182611764,1155.8620836164127,1071.6097872950356,1130.0482177734375,528,SUNDARMFIN.BO
2020-03-23,1072.5623427377373,1088.8984620659398,1021.9347097873688,1029.2216796875,2593,SUNDARMFIN.BO
2020-03-24,1038.318542938848,1044.9863375124878,985.8810548167371,989.6912231445312,744,SUNDARMFIN.BO
2020-03-25,984.6426918554212,1057.3216983520883,971.3547764815694,1011.1710815429688,670,SUNDARMFIN.BO
2020-03-26,1023.9826962537735,1102.5197411904885,1022.07761216772,1079.0396728515625,487,SUNDARMFIN.BO
2020-03-27,1109.0924134364343,1266.6905796948824,1058.2743137069212,1177.4849853515625,1445,SUNDARMFIN.BO
2020-03-30,1238.304502456645,1238.304502456645,1074.133924944061,1148.384521484375,633,SUNDARMFIN.BO
2020-03-31,1166.864205783842,1188.7726765863142,1095.4235401236067,1143.479248046875,1072,SUNDARMFIN.BO
2020-04-01,1143.0505588891249,1150.0993939243644,1108.759042122451,1121.14208984375,97,SUNDARMFIN.BO
2020-04-03,1107.9016410215395,1123.9519513944106,1107.9016410215395,1116.2840576171875,94,SUNDARMFIN.BO
2020-04-07,1143.0505586486906,1191.058705367359,1114.950565748577,1169.3406982421875,717,SUNDARMFIN.BO
2020-04-08,1153.0521627383343,1176.1036340616656,1136.8112741170507,1151.2423095703125,2276,SUNDARMFIN.BO
2020-04-09,1157.7673224064415,1167.7690150911521,1126.9050494296014,1148.5277099609375,314,SUNDARMFIN.BO
2020-04-13,1162.1014318331866,1162.1014318331866,1143.19349326739,1149.7183837890625,246,SUNDARMFIN.BO
2020-04-15,1162.0060390470378,1296.1238863423876,1156.7193842997483,1256.164794921875,1154,SUNDARMFIN.BO
2020-04-16,1220.2539954118733,1247.5442311330319,1177.627740220178,1199.8218994140625,242,SUNDARMFIN.BO
2020-04-17,1258.1650964798755,1278.216152394076,1249.211178288988,1265.594970703125,276,SUNDARMFIN.BO
2020-04-20,1287.9322225478597,1288.170358086245,1197.9646626567248,1216.5867919921875,459,SUNDARMFIN.BO
2020-04-21,1214.8245212595643,1309.650132051952,1162.1013402660315,1175.579833984375,393,SUNDARMFIN.BO
2020-04-22,1180.1996913446444,1266.8810246072453,1180.1996913446444,1223.0640869140625,879,SUNDARMFIN.BO
2020-04-23,1214.4909762007865,1241.5431906123638,1183.0570921108838,1189.534423828125,654,SUNDARMFIN.BO
2020-04-24,1195.9641863593802,1204.965661987497,1155.5763812318096,1158.9102783203125,935,SUNDARMFIN.BO
2020-04-27,1171.6741048167926,1193.2967574836744,1157.3383040053197,1186.2479248046875,122,SUNDARMFIN.BO
2020-04-28,1192.2019292795046,1203.0609348446942,1178.6758750185506,1182.3431396484375,160,SUNDARMFIN.BO
2020-04-29,1218.0153268035092,1218.0153268035092,1174.48420684804,1175.960693359375,192,SUNDARMFIN.BO
2020-04-30,1194.4876873829244,1237.971253643951,1183.9144942667733,1199.8218994140625,1353,SUNDARMFIN.BO
2020-05-04,1166.864086809537,1227.064701756947,1162.14904986756,1195.154541015625,883,SUNDARMFIN.BO
2020-05-05,1190.7251715318669,1198.2978339078052,1168.6261274041913,1172.341064453125,310,SUNDARMFIN.BO
2020-05-06,1184.0096965351333,1209.9187922171784,1161.5772861036162,1174.722412109375,450,SUNDARMFIN.BO
2020-05-07,1190.6773486823522,1192.7253369775028,1154.4807572824088,1166.67333984375,116,SUNDARMFIN.BO
2020-05-08,1180.8187255859375,1190.6775121309618,1171.6266719368662,1180.8187255859375,115,SUNDARMFIN.BO
2020-05-11,1188.7249021473865,1188.7249021473865,1144.9556378758728,1155.7669677734375,495,SUNDARMFIN.BO
2020-05-12,1145.9080686665202,1157.0527639706397,1109.711471318783,1144.8126220703125,612,SUNDARMFIN.BO
2020-05-13,1152.9091593471926,1152.9091593471926,1140.383209086176,1148.765625,740,SUNDARMFIN.BO
2020-05-14,1146.0034805574123,1148.051469512444,1138.2879121073393,1144.4317626953125,156,SUNDARMFIN.BO
2020-05-15,1143.0505096411569,1149.7183042807303,1143.0505096411569,1146.7177734375,126,SUNDARMFIN.BO
2020-05-18,1137.763635806467,1162.434494485735,1133.5248708255597,1146.9556884765625,551450,SUNDARMFIN.BO
2020-05-19,1209.7282994061586,1209.7282994061586,1139.0972892208445,1146.908203125,491,SUNDARMFIN.BO
2020-05-20,1152.0994327937183,1157.3384132652895,1143.0979583124902,1154.0045166015625,308,SUNDARMFIN.BO
2020-05-21,1156.8623930271306,1169.578806944958,1128.762400771634,1139.57373046875,1127,SUNDARMFIN.BO
2020-05-22,1142.1933084931366,1146.4797483170616,1126.2859005463079,1140.1929931640625,549,SUNDARMFIN.BO
2020-05-26,1138.1922732096793,1149.6227753432897,1138.1922732096793,1142.764404296875,1125,SUNDARMFIN.BO
2020-05-27,1143.0505323475145,1144.2888836017362,1135.4301954651976,1142.2884521484375,139,SUNDARMFIN.BO
2020-05-28,1152.575840605552,1160.9582568662513,1150.7184301831853,1151.9566650390625,190,SUNDARMFIN.BO
2020-05-29,1155.4811825769618,1232.065470528622,1144.0030043406368,1187.486572265625,592,SUNDARMFIN.BO
2020-06-01,1205.91814335878,1222.5399543531632,1186.1528973282157,1209.8712158203125,536,SUNDARMFIN.BO
2020-06-02,1217.253382556205,1217.253382556205,1171.3407907473024,1188.6771240234375,209,SUNDARMFIN.BO
2020-06-03,1195.4403275841714,1199.2981695744709,1148.7657649932357,1166.149658203125,796,SUNDARMFIN.BO
2020-06-04,1166.4352366528078,1166.4352366528078,1144.1932901422517,1148.1463623046875,2180,SUNDARMFIN.BO
2020-06-05,1156.2429729594187,1156.2429729594187,1143.6217926654394,1146.1937255859375,105,SUNDARMFIN.BO
2020-06-08,1157.3385207483402,1181.866477052266,1157.3385207483402,1174.722412109375,793,SUNDARMFIN.BO
2020-06-09,1176.5797855803878,1182.0093445329464,1163.0537362235966,1167.9593505859375,369,SUNDARMFIN.BO
2020-06-10,1171.5314740726187,1172.7221516183718,1147.9560586667112,1152.19482421875,87,SUNDARMFIN.BO
2020-06-11,1157.3386505932174,1160.1962768909784,1143.2409810134184,1150.9566650390625,605,SUNDARMFIN.BO
2020-06-12,1143.0503522318656,1309.792868874527,1140.3831882324866,1278.8828125,3897,SUNDARMFIN.BO
2020-06-15,1314.460235207843,1314.460235207843,1188.296098731153,1199.8695068359375,3905,SUNDARMFIN.BO
2020-06-16,1211.06197540927,1244.0199068058257,1164.0540488937359,1168.4832763671875,1317,SUNDARMFIN.BO
2020-06-17,1162.101568092673,1231.6371537244477,1162.101568092673,1213.348388671875,1525,SUNDARMFIN.BO
2020-06-18,1210.2523785377914,1255.3075488682362,1196.249940284811,1243.3055419921875,881,SUNDARMFIN.BO
2020-06-22,1269.4050712444382,1327.3195528740707,1245.6390794826639,1292.88525390625,1511,SUNDARMFIN.BO
2020-06-23,1346.4180966353065,1347.1801767346196,1286.1221424364483,1304.744384765625,1139,SUNDARMFIN.BO
2020-06-24,1308.6973795813203,1330.7010748870262,1285.9316042215357,1322.3663330078125,831,SUNDARMFIN.BO
2020-06-25,1310.1263927489995,1357.5153609635593,1306.5543599690075,1356.0865478515625,775,SUNDARMFIN.BO
2020-06-26,1354.3244261894765,1364.040309255732,1324.0335404088457,1345.608642578125,832,SUNDARMFIN.BO
2020-06-29,1342.036606351748,1378.328437604076,1308.1261303820809,1362.32568359375,950,SUNDARMFIN.BO
2020-06-30,1356.943797395652,1399.3794751299467,1344.5130773745464,1386.4249267578125,722,SUNDARMFIN.BO
2020-07-01,1365.754837997938,1397.0458210895326,1346.6563233818397,1380.04296875,508,SUNDARMFIN.BO
2020-07-02,1392.4992206679972,1392.4992206679972,1340.9075682383586,1347.49365234375,653,SUNDARMFIN.BO
2020-07-06,1342.1009955111585,1345.8712975743122,1322.3423895293529,1327.6400146484375,546,SUNDARMFIN.BO
2020-07-07,1329.596646663439,1334.4170122348744,1314.9925818912125,1330.789794921875,101,SUNDARMFIN.BO
2020-07-08,1329.7397968445916,1330.0738550404863,1278.1003655003449,1287.216064453125,899,SUNDARMFIN.BO
2020-07-09,1293.5159267189686,1293.5159267189686,1255.1442084167666,1257.6737060546875,1225,SUNDARMFIN.BO
2020-07-10,1246.2192033185509,1248.1760126515194,1192.7661727649017,1196.8228759765625,1338,SUNDARMFIN.BO
2020-07-13,1268.5072914043756,1268.5072914043756,1183.7937760361974,1188.9959716796875,733,SUNDARMFIN.BO
2020-07-14,1166.3260191658449,1179.7369323482626,1143.465234301972,1156.44677734375,1530,SUNDARMFIN.BO
2020-07-15,1163.0810336379761,1225.8406380382198,1163.0810336379761,1211.6182861328125,2029,SUNDARMFIN.BO
2020-07-16,1226.747171374859,1231.3766794722344,1180.7394247152138,1218.920166015625,2079,SUNDARMFIN.BO
2020-07-17,1212.190684316722,1216.5337899623812,1184.414220144597,1197.2525634765625,937,SUNDARMFIN.BO
2020-07-20,1203.122929997099,1211.904571080934,1192.9096275230393,1206.4637451171875,357,SUNDARMFIN.BO
2020-07-21,1215.9608828850905,1217.9653480068241,1199.3522411995098,1212.2860107421875,587,SUNDARMFIN.BO
2020-07-22,1201.1183566586508,1205.6523196298601,1176.0145894869804,1193.1959228515625,214,SUNDARMFIN.BO
2020-07-23,1193.2913615162436,1208.9454886848036,1185.464239672776,1194.34130859375,231,SUNDARMFIN.BO
2020-07-24,1193.911870217446,1207.465987261568,1186.4665787874537,1197.6343994140625,650,SUNDARMFIN.BO
2020-07-27,1201.5956387899648,1204.3637658550663,1183.364358009763,1194.1981201171875,1776,SUNDARMFIN.BO
2020-07-28,1192.575469888559,1199.113898489083,1183.6507449726334,1192.6708984375,469,SUNDARMFIN.BO
2020-07-29,1193.3389616280226,1202.4546597540457,1192.2890145997026,1194.9139404296875,98,SUNDARMFIN.BO
2020-07-30,1158.0218218489854,1198.7320600303908,1158.0218218489854,1193.57763671875,157,SUNDARMFIN.BO
2020-07-31,1193.3389330316384,1229.9448092163807,1193.1480759468336,1219.0155029296875,1389,SUNDARMFIN.BO
2020-08-03,1217.6318785157023,1223.5021921886487,1216.0568992592919,1220.5430908203125,1288,SUNDARMFIN.BO
2020-08-04,1225.5063043053851,1236.435494334434,1223.120008096565,1225.935791015625,558,SUNDARMFIN.BO
2020-08-05,1227.6062989117386,1263.353088958811,1218.0134572775792,1239.346923828125,273,SUNDARMFIN.BO
2020-08-06,1239.4900744187626,1257.1008945574918,1227.0335610885768,1243.2603759765625,656,SUNDARMFIN.BO
2020-08-07,1253.0440011999108,1254.2371491728682,1249.846387936056,1252.4713134765625,631,SUNDARMFIN.BO
2020-08-10,1279.0547300481521,1279.0547300481521,1233.5719023513486,1247.6033935546875,654,SUNDARMFIN.BO
2020-08-11,1271.46631052847,1304.015365412336,1259.9643169369658,1293.0860595703125,16727,SUNDARMFIN.BO
2020-08-12,1240.9217658048458,1300.292767183411,1240.9217658048458,1297.2860107421875,958,SUNDARMFIN.BO
2020-08-13,1294.756555382025,1302.249618721397,1284.7341112662166,1288.361328125,158,SUNDARMFIN.BO
2020-08-14,1249.5124838627637,1311.4129850279896,1249.5124838627637,1282.3001708984375,1647,SUNDARMFIN.BO
2020-08-17,1302.7270502149636,1302.7270502149636,1280.5344924527444,1282.777587890625,3156,SUNDARMFIN.BO
2020-08-18,1298.5745684716157,1298.5745684716157,1273.948062566517,1291.12939453125,2819,SUNDARMFIN.BO
2020-08-19,1302.6790702495723,1318.1899952479644,1294.1361766270354,1306.1630859375,2843,SUNDARMFIN.BO
2020-08-20,1306.7357861803905,1355.4162281783451,1296.9997443881466,1349.7845458984375,1711,SUNDARMFIN.BO
2020-08-21,1356.6096635064566,1356.80052063363,1314.0381540098622,1322.19921875,3493,SUNDARMFIN.BO
2020-08-24,1333.891708357743,1408.2487159626642,1333.3667931421141,1386.81982421875,4866,SUNDARMFIN.BO
2020-08-25,1416.0280128760003,1426.5277150274233,1386.6288002446731,1407.3419189453125,985,SUNDARMFIN.BO
2020-08-26,1396.4606529928144,1407.8671031751169,1371.7863715255644,1398.1788330078125,1933,SUNDARMFIN.BO
2020-08-27,1436.5502320779808,1470.9128954366568,1422.2324556785325,1436.359375,2204,SUNDARMFIN.BO
2020-08-28,1447.0500126100865,1602.5410959758863,1441.4661028176065,1595.7640380859375,9268,SUNDARMFIN.BO
2020-08-31,1537.7771116276685,1577.7236884736478,1460.413338804561,1535.056640625,8464,SUNDARMFIN.BO
2020-09-01,1536.7749030297225,1542.311157362275,1435.5481617228038,1468.431396484375,1305,SUNDARMFIN.BO
2020-09-02,1455.9269322792434,1477.7376539684278,1412.6872030383615,1424.714111328125,2576,SUNDARMFIN.BO
2020-09-03,1434.8321223112748,1452.061227359935,1377.3701568318068,1385.0540771484375,1345,SUNDARMFIN.BO
2020-09-04,1378.754336863069,1404.9081696493097,1326.7808460132833,1333.12841796875,4537,SUNDARMFIN.BO
2020-09-07,1361.5253893460606,1366.6320406836667,1271.5142364446813,1278.7685546875,2937,SUNDARMFIN.BO
2020-09-08,1299.0996353316898,1299.0996353316898,1235.290099030717,1257.6258544921875,2887,SUNDARMFIN.BO
2020-09-09,1193.1480337762234,1329.357766704772,1193.1480337762234,1276.4775390625,6695,SUNDARMFIN.BO
2020-09-10,1269.509424073013,1312.3673219186976,1244.8828036753823,1276.0478515625,10398,SUNDARMFIN.BO
2020-09-11,1278.1001772539303,1283.8272878316177,1250.4191427951073,1258.9620361328125,1770,SUNDARMFIN.BO
2020-09-14,1269.5095523777068,1318.3808509445996,1264.7847326059034,1272.56396484375,2467,SUNDARMFIN.BO
2020-09-15,1284.7342019891603,1304.826864171352,1264.689312342051,1282.729736328125,5766,SUNDARMFIN.BO
2020-09-16,1288.6478785241864,1311.6039808716653,1272.9459776920557,1308.0245361328125,958,SUNDARMFIN.BO
2020-09-17,1297.7157584938152,1328.2603524994545,1279.0548739861433,1292.370361328125,1996,SUNDARMFIN.BO
2020-09-18,1280.9638708516711,1302.4883103708733,1240.8740924792642,1246.076171875,2743,SUNDARMFIN.BO
2020-09-21,1272.3732335711113,1272.3732335711113,1240.9218937972412,1252.61474609375,584,SUNDARMFIN.BO
2020-09-22,1246.410249515183,1259.009846558,1237.8195833900716,1242.448974609375,630,SUNDARMFIN.BO
2020-09-23,1249.6080444012503,1249.6080444012503,1240.8741759361767,1240.9696044921875,20441,SUNDARMFIN.BO
2020-09-24,1234.717357130264,1252.6622336363396,1216.0564752859948,1238.630859375,1397,SUNDARMFIN.BO
2020-09-25,1237.103780520823,1269.5096378264104,1234.2402249467784,1263.2098388671875,704,SUNDARMFIN.BO
2020-09-28,1263.5917020286904,1278.8162262809635,1250.4192994424798,1259.439453125,1231,SUNDARMFIN.BO
2020-09-29,1258.9623263816682,1269.5098040679343,1245.5514092647663,1248.7490234375,2686,SUNDARMFIN.BO
2020-09-30,1254.284984872307,1254.284984872307,1235.242272353789,1238.630859375,286,SUNDARMFIN.BO
2020-10-01,1258.3419643582745,1334.4170530348063,1258.3419643582745,1323.1536865234375,14174,SUNDARMFIN.BO
2020-10-05,1344.964451130291,1346.300683926964,1281.2025634086187,1287.0728759765625,3516,SUNDARMFIN.BO
2020-10-06,1287.0728833264502,1308.8358371535694,1269.6051466134782,1283.5888671875,3776,SUNDARMFIN.BO
2020-10-07,1270.7507713803539,1276.4301109462099,1247.1740899603465,1252.948974609375,2234,SUNDARMFIN.BO
2020-10-08,1261.730081245488,1298.144980282828,1233.6195619194998,1240.25341796875,6628,SUNDARMFIN.BO
2020-10-09,1248.2715902100424,1248.2715902100424,1219.0155743696155,1241.2081298828125,5049,SUNDARMFIN.BO
2020-10-12,1259.9644058232004,1266.3119770804535,1238.0104805702206,1240.7308349609375,3542,SUNDARMFIN.BO
2020-10-13,1241.6377916799051,1244.8830615750164,1239.2037227401927,1239.346923828125,2726,SUNDARMFIN.BO
2020-10-14,1239.967417738849,1257.9600698101224,1239.967417738849,1246.6490478515625,1786,SUNDARMFIN.BO
2020-10-15,1324.8238905610694,1324.8238905610694,1235.3855547247556,1240.7308349609375,4148,SUNDARMFIN.BO
2020-10-16,1246.8873359076356,1265.1662686365369,1235.1467138900578,1260.011962890625,3365,SUNDARMFIN.BO
2020-10-19,1271.466387471836,1282.2523763812558,1249.655546996337,1256.194091796875,482,SUNDARMFIN.BO
2020-10-20,1246.553655254355,1251.6604235369998,1235.3380604789998,1246.74462890625,1797,SUNDARMFIN.BO
2020-10-21,1253.2827770795905,1279.0547763036186,1239.2036293553529,1243.30810546875,1322,SUNDARMFIN.BO
2020-10-22,1248.5102979166668,1357.8981034671572,1247.0307475159116,1342.291748046875,4189,SUNDARMFIN.BO
2020-10-23,1377.370246822795,1377.370246822795,1318.9537590534612,1328.451171875,619,SUNDARMFIN.BO
2020-10-26,1324.5853207861915,1324.5853207861915,1304.1587174078086,1309.4085693359375,7468,SUNDARMFIN.BO
2020-10-27,1293.6590100017133,1393.9311116428007,1293.6590100017133,1371.833984375,6058,SUNDARMFIN.BO
2020-10-28,1360.1888669886412,1427.7688236190045,1354.032269250673,1406.244384765625,4057,SUNDARMFIN.BO
2020-10-29,1392.4516454068598,1429.8687242950832,1369.9726879469413,1415.1214599609375,2107,SUNDARMFIN.BO
2020-10-30,1414.5966212448945,1419.8464737528884,1369.7342452674925,1387.6314697265625,1965,SUNDARMFIN.BO
2020-11-02,1428.9141656808358,1428.9141656808358,1370.688538355164,1392.117431640625,2138,SUNDARMFIN.BO
2020-11-03,1370.6886330943184,1535.4385109550437,1370.6886330943184,1521.5025634765625,11197,SUNDARMFIN.BO
2020-11-04,1506.898345349516,1524.1752238270387,1485.13539294052,1501.0758056640625,1509,SUNDARMFIN.BO
2020-11-05,1539.3997055820134,1540.2110230005496,1484.2762623965468,1515.5367431640625,9594,SUNDARMFIN.BO
2020-11-06,1508.1392143900746,1527.1818116606264,1504.5597700521234,1514.7730712890625,463,SUNDARMFIN.BO
2020-11-09,1517.6844203984224,1519.1161981535151,1460.4133101947082,1482.7012939453125,13415,SUNDARMFIN.BO
2020-11-10,1488.1421114655643,1511.3368410645346,1462.8473712591933,1498.9281005859375,623,SUNDARMFIN.BO
2020-11-11,1535.8202876760356,1535.8202876760356,1501.9348804588203,1520.78662109375,337,SUNDARMFIN.BO
2020-11-12,1526.1318807902865,1536.7747853715339,1467.3813370121056,1481.937744140625,1118,SUNDARMFIN.BO
2020-11-13,1491.6260814326145,1526.2751511716287,1491.6260814326145,1524.0797119140625,2049,SUNDARMFIN.BO
2020-11-14,1519.2595975134973,1524.7480796243296,1513.0552264316866,1520.9776611328125,252,SUNDARMFIN.BO
2020-11-17,1524.0318763355444,1560.9716930121583,1521.979638404985,1550.6629638671875,5591,SUNDARMFIN.BO
2020-11-18,1549.1837189993228,1594.5711259507423,1549.1837189993228,1585.216796875,1481,SUNDARMFIN.BO
2020-11-19,1581.8279267921614,1622.6813630093911,1581.8279267921614,1608.554443359375,2059,SUNDARMFIN.BO
2020-11-20,1614.7113114399522,1646.544481444198,1604.5456656856213,1640.9605712890625,15686,SUNDARMFIN.BO
2020-11-23,1637.046884757507,1704.3880902795631,1637.046884757507,1682.86376953125,2878,SUNDARMFIN.BO
2020-11-24,1710.831268620918,1719.0878772316748,1690.0704905366379,1713.69482421875,2085,SUNDARMFIN.BO
2020-11-25,1718.133216903425,1748.4391778126935,1683.7705525653564,1692.218017578125,2369,SUNDARMFIN.BO
2020-11-26,1683.6752997958004,1690.6432153252138,1612.9931543028877,1617.7657470703125,1187,SUNDARMFIN.BO
2020-11-27,1618.62464324733,1683.7227541923758,1579.1075565614135,1651.69873046875,5110,SUNDARMFIN.BO
2020-12-01,1684.7252686957297,1718.7538788713618,1662.3895109515552,1693.5545654296875,4509,SUNDARMFIN.BO
2020-12-02,1675.036795457647,1718.0855572502117,1650.410287641776,1706.7745361328125,2285,SUNDARMFIN.BO
2020-12-03,1716.1764894438174,1718.4197011321764,1684.7251514949292,1688.4000244140625,1291,SUNDARMFIN.BO
2020-12-04,1693.2205962524283,1712.4063971306498,1633.229124539572,1694.747802734375,810,SUNDARMFIN.BO
2020-12-07,1687.1113106553344,1731.2577876668247,1682.338718545984,1721.7603759765625,1310,SUNDARMFIN.BO
2020-12-08,1725.578650905002,1725.578650905002,1692.361359342702,1697.9930419921875,573,SUNDARMFIN.BO
2020-12-09,1711.4517571866313,1721.951461218451,1688.7341691286156,1714.6971435546875,5591,SUNDARMFIN.BO
2020-12-10,1706.9178428328275,1746.7689933645042,1686.347920921101,1726.4854736328125,1228,SUNDARMFIN.BO
2020-12-11,1719.2310686557105,1726.7240157909293,1694.0317562326986,1718.4674072265625,3223,SUNDARMFIN.BO
2020-12-14,1724.2422613001222,1756.3140599609521,1701.4292455871723,1723.908203125,1320,SUNDARMFIN.BO
2020-12-15,1707.251797768486,1756.3140728909627,1697.8020411378436,1745.0030517578125,1607,SUNDARMFIN.BO
2020-12-16,1710.4972800378428,1774.3545957715032,1710.4972800378428,1765.6207275390625,2967,SUNDARMFIN.BO
2020-12-17,1770.1545928295245,1773.8294658226378,1750.491534649086,1756.457275390625,479,SUNDARMFIN.BO
2020-12-18,1681.861503870488,1839.7865343433757,1681.861503870488,1824.56201171875,8530,SUNDARMFIN.BO
2020-12-21,1825.039525597997,1825.039525597997,1764.6184528555225,1784.138427734375,1008,SUNDARMFIN.BO
2020-12-22,1763.950392288311,1779.2226900570408,1682.9117389493106,1705.056640625,3168,SUNDARMFIN.BO
2020-12-23,1707.060931001824,1707.060931001824,1670.40739681937,1689.0205078125,1763,SUNDARMFIN.BO
2020-12-24,1695.5113386932335,1716.4629741560764,1680.763957256718,1711.3563232421875,1602,SUNDARMFIN.BO
2020-12-28,1710.49736017138,1731.5445422652183,1692.7909932341267,1703.2430419921875,1040,SUNDARMFIN.BO
2020-12-29,1708.5880997958725,1710.4971367788846,1680.0957461280902,1695.3680419921875,500,SUNDARMFIN.BO
2020-12-30,1695.511316393396,1754.2618621752893,1681.7662262176166,1737.5101318359375,1441,SUNDARMFIN.BO
2020-12-31,1765.8594504063158,1765.8594504063158,1707.2519837215857,1718.8016357421875,1642,SUNDARMFIN.BO
2021-01-01,1729.110353794773,1763.2821645014078,1717.2266444513953,1754.977783203125,305,SUNDARMFIN.BO
2021-01-04,1755.3596162806646,1762.3276483142522,1727.9172079239115,1750.730224609375,4192,SUNDARMFIN.BO
2021-01-05,1739.5624212274975,1769.2002711360524,1731.592214013783,1745.0509033203125,304,SUNDARMFIN.BO
2021-01-06,1752.5438001942548,1759.1776573953134,1740.707747074138,1751.92333984375,824,SUNDARMFIN.BO
2021-01-07,1745.1938304486575,1793.3015848919476,1729.5874766862057,1763.2342529296875,1818,SUNDARMFIN.BO
2021-01-08,1775.4043366211713,1803.0853719770928,1756.3139674101908,1783.0882568359375,22183,SUNDARMFIN.BO
2021-01-11,1784.9495538144292,1792.9675323330982,1775.404369034673,1782.27685546875,1529,SUNDARMFIN.BO
2021-01-12,1752.4959147026982,1794.5901560168836,1752.4959147026982,1790.915283203125,1745,SUNDARMFIN.BO
2021-01-13,1789.8656006077872,1799.5062152961489,1727.4878325471343,1786.9066162109375,1093,SUNDARMFIN.BO
2021-01-14,1761.516130496202,1775.5952784613476,1738.5600303352428,1755.8367919921875,877,SUNDARMFIN.BO
2021-01-15,1757.9843941290785,1776.7407053896607,1724.6716761843816,1735.6964111328125,20945,SUNDARMFIN.BO
2021-01-18,1718.1332141809487,1729.77829269194,1662.5325143331486,1677.8048095703125,1016,SUNDARMFIN.BO
2021-01-19,1684.4387468232826,1762.4706340352473,1679.8571279438781,1741.948486328125,552,SUNDARMFIN.BO
2021-01-20,1738.226025624877,1748.1529251790637,1717.1788453104145,1738.273681640625,573,SUNDARMFIN.BO
2021-01-21,1738.0829161716597,1742.139620161274,1725.9128042028162,1738.1783447265625,305,SUNDARMFIN.BO
2021-01-22,1699.997430203942,1730.9715085882378,1682.5296952345882,1690.7386474609375,3078,SUNDARMFIN.BO
2021-01-25,1745.7666889022655,1745.7666889022655,1656.8533774789416,1682.482177734375,155,SUNDARMFIN.BO
2021-01-27,1642.1057580610218,1728.5374485214047,1602.6364442766426,1615.2838134765625,2306,SUNDARMFIN.BO
2021-01-28,1651.269132987649,1651.269132987649,1585.5505615255106,1591.707275390625,1078,SUNDARMFIN.BO
2021-01-29,1592.136917689176,1628.4086220490015,1584.1667112190476,1623.5882568359375,30029,SUNDARMFIN.BO
2021-02-01,1638.574236671985,1741.9962947584927,1595.859533005989,1720.8060302734375,3086,SUNDARMFIN.BO
2021-02-02,1810.2189762397488,1831.4551657976015,1708.9385522340501,1804.2613525390625,14046,SUNDARMFIN.BO
2021-02-03,1797.0063926718537,1825.6416950327853,1751.2187879443518,1793.6912841796875,6112,SUNDARMFIN.BO
2021-02-04,1773.4160643715236,1815.1196659928576,1772.8875143987905,1806.3753662109375,381,SUNDARMFIN.BO
2021-02-05,1817.5701334010741,1839.5751032288063,1783.745983283614,1815.1678466796875,4191,SUNDARMFIN.BO
2021-02-08,1902.6109988262817,1902.6109988262817,1817.2817313532003,1883.6329345703125,8845,SUNDARMFIN.BO
2021-02-09,1883.392445808065,2260.3592562432823,1867.0568990842198,2132.845947265625,58331,SUNDARMFIN.BO
2021-02-10,2204.3381624855992,2230.6192714705076,2040.7424466341724,2113.099365234375,10272,SUNDARMFIN.BO
2021-02-11,2089.2204629912517,2121.1708732361867,2060.3930251762727,2078.98681640625,2333,SUNDARMFIN.BO
2021-02-12,2061.1619093768286,2093.5446859284966,2037.1390433001754,2052.75390625,2658,SUNDARMFIN.BO
2021-02-15,2017.9689560820677,2125.7835381512486,2017.9689560820677,2098.829833984375,1625,SUNDARMFIN.BO
2021-02-16,2061.065840787178,2284.1423285663273,2060.201111398771,2263.57861328125,10182,SUNDARMFIN.BO
2021-02-17,2295.528876992768,2295.528876992768,2186.8014799159123,2226.583251953125,3002,SUNDARMFIN.BO
2021-02-18,2227.640353419144,2276.1184498533053,2124.3901227695656,2195.5458984375,15914,SUNDARMFIN.BO
2021-02-19,2156.0041731286988,2199.966018770813,2139.8607599404577,2198.044189453125,865,SUNDARMFIN.BO
2021-02-22,2162.0580949372998,2204.7707068265086,2143.7526228138336,2171.907470703125,958,SUNDARMFIN.BO
2021-02-23,2167.5348080318795,2356.450694079136,2160.135813242473,2326.51806640625,8809,SUNDARMFIN.BO
2021-02-24,2339.8269166317596,2354.240634804029,2273.0433557669107,2319.743896484375,3404,SUNDARMFIN.BO
2021-02-25,2331.371039458042,2411.8957327541143,2299.66085651745,2400.9892578125,6372,SUNDARMFIN.BO
2021-02-26,2397.770553954396,2632.233746242487,2334.4942256389572,2533.69189453125,44181,SUNDARMFIN.BO
2021-03-01,2584.8603318009373,2584.8603318009373,2420.5439315266026,2501.83740234375,2033,SUNDARMFIN.BO
2021-03-02,2503.662687614634,2532.778443394284,2431.209829373285,2517.451904296875,723,SUNDARMFIN.BO
2021-03-03,2535.9497593663436,2716.6976509235537,2529.991901297708,2661.204833984375,4671,SUNDARMFIN.BO
2021-03-04,2628.101310130104,2749.4648654480898,2565.6418640026973,2709.394775390625,617,SUNDARMFIN.BO
2021-03-05,2771.2300186358134,2771.2300186358134,2621.567547819653,2628.5341796875,931,SUNDARMFIN.BO
2021-03-08,2628.870390291166,2628.870390291166,2559.588349029851,2568.52490234375,323,SUNDARMFIN.BO
2021-03-09,2546.4238338364307,2563.3360255910434,2532.058206674637,2546.6640625,840,SUNDARMFIN.BO
2021-03-10,2536.8147686741486,2647.319957461091,2515.290373567147,2570.8310546875,723,SUNDARMFIN.BO
2021-03-12,2592.835912826819,2640.5452288908823,2531.721650410363,2571.551513671875,1024,SUNDARMFIN.BO
2021-03-15,2581.9295575210162,2584.8603941068573,2518.701326983426,2545.510986328125,502,SUNDARMFIN.BO
2021-03-16,2575.923637635029,2575.923637635029,2543.9251355746737,2547.240478515625,193,SUNDARMFIN.BO
2021-03-17,2547.4809249494797,2547.4809249494797,2409.4934872350054,2464.073486328125,3216,SUNDARMFIN.BO
2021-03-18,2497.4168940010495,2507.9869539602687,2354.432763269406,2401.181396484375,2368,SUNDARMFIN.BO
2021-03-19,2359.045622354198,2388.9780218494257,2277.367871682057,2347.322509765625,749,SUNDARMFIN.BO
2021-03-22,2325.12492219154,2402.286408553949,2242.774591025967,2393.5419921875,844,SUNDARMFIN.BO
2021-03-23,2402.2862738644553,2442.692775910509,2339.8268307439794,2397.818115234375,1437,SUNDARMFIN.BO
2021-03-24,2375.90913762646,2426.3090550381953,2238.9307319758395,2282.604248046875,1675,SUNDARMFIN.BO
2021-03-25,2282.172668240265,2376.1501833510483,2232.9257843466594,2367.453857421875,1999,SUNDARMFIN.BO
2021-03-26,2400.364254342868,2414.777970842125,2361.927677011517,2389.890380859375,670,SUNDARMFIN.BO
2021-03-30,2449.3714978167777,2483.5801539637814,2385.90303684031,2435.63037109375,33067,SUNDARMFIN.BO
2021-03-31,2426.3096956291342,2565.0656889378633,2386.912191660503,2483.19580078125,468,SUNDARMFIN.BO
2021-04-01,2498.3783592292248,2534.796934549427,2451.4375796789905,2516.443603515625,20002,SUNDARMFIN.BO
2021-04-05,2507.987248553583,2507.987248553583,2461.863345131908,2474.979736328125,1686,SUNDARMFIN.BO
2021-04-06,2467.8211023035324,2493.525570702302,2437.0718316956586,2470.079345703125,400,SUNDARMFIN.BO
2021-04-07,2452.3504792945123,2483.868293513487,2438.417216260501,2468.58984375,24321,SUNDARMFIN.BO
2021-04-08,2469.6948372677252,2469.6948372677252,2435.150000513946,2449.419677734375,1626,SUNDARMFIN.BO
2021-04-09,2450.620288729054,2485.501531891377,2407.8595936106294,2427.27001953125,1167,SUNDARMFIN.BO
2021-04-12,2593.460559165542,2593.460559165542,2306.195170197479,2341.12451171875,1177,SUNDARMFIN.BO
2021-04-13,2366.1083482939503,2393.638459945367,2317.053607122899,2374.276123046875,1626,SUNDARMFIN.BO
2021-04-15,2357.8438220547755,2359.2371010819325,2277.3672371960542,2319.98388671875,1778,SUNDARMFIN.BO
2021-04-16,2304.273278601695,2366.7327294395222,2261.944942306554,2338.6259765625,1056,SUNDARMFIN.BO
2021-04-19,2336.9443781849723,2336.9443781849723,2207.7494532103187,2215.62890625,812,SUNDARMFIN.BO
2021-04-20,2262.8101389136646,2305.2344302751053,2163.0671433226557,2194.248779296875,1553,SUNDARMFIN.BO
2021-04-22,2155.6679076457044,2183.774660294126,2117.7596381899652,2163.355224609375,1530,SUNDARMFIN.BO
2021-04-23,2306.195397841061,2306.195397841061,2171.8594689971537,2237.5380859375,514,SUNDARMFIN.BO
2021-04-26,2238.9308047812665,2262.7615315114676,2212.9861130520417,2224.324951171875,505,SUNDARMFIN.BO
2021-04-27,2258.149646490034,2410.983183313631,2229.80266156601,2360.583251953125,435,SUNDARMFIN.BO
2021-04-28,2354.241225152658,2460.085894966616,2325.894238972249,2416.892822265625,2367,SUNDARMFIN.BO
2021-04-29,2447.4015474148378,2448.8429194054547,2383.5488151501695,2413.817626953125,1000,SUNDARMFIN.BO
2021-04-30,2423.1866873752333,2426.3096602052005,2372.5946213690945,2378.6962890625,511,SUNDARMFIN.BO
2021-05-03,2378.263777110333,2425.060274006944,2335.9835321839273,2403.3916015625,774,SUNDARMFIN.BO
2021-05-04,2405.6016634946204,2447.641678206568,2333.437116142347,2378.84033203125,2133,SUNDARMFIN.BO
2021-05-05,2408.052095955236,2417.4210137268096,2368.4624595734776,2391.476318359375,231,SUNDARMFIN.BO
2021-05-06,2371.8739112408957,2395.223950946064,2342.277691340914,2356.931640625,389,SUNDARMFIN.BO
2021-05-07,2392.1487400649507,2392.1487400649507,2371.6333546626724,2374.131591796875,290,SUNDARMFIN.BO
2021-05-10,2389.8907176340463,2421.024255820365,2282.172100644321,2312.008544921875,2686,SUNDARMFIN.BO
2021-05-11,2349.435942117633,2349.435942117633,2277.751626895106,2315.03515625,396,SUNDARMFIN.BO
2021-05-12,2305.0422788393766,2319.3598143378854,2279.481853430487,2306.916015625,396,SUNDARMFIN.BO
2021-05-14,2313.401915203272,2316.5729803244553,2262.08916905428,2285.2470703125,548,SUNDARMFIN.BO
2021-05-17,2317.677813773252,2317.677813773252,2266.3650703808635,2279.865966796875,723,SUNDARMFIN.BO
2021-05-18,2310.0387275629723,2353.5682064121665,2286.0639549099624,2326.806640625,105,SUNDARMFIN.BO
2021-05-19,2343.0943915557555,2348.4756079009135,2327.5276197978446,2328.6328125,76,SUNDARMFIN.BO
2021-05-20,2320.4648110688736,2341.220426523388,2301.7748336516925,2329.353271484375,477,SUNDARMFIN.BO
2021-05-21,2353.568407652507,2402.2867357335203,2328.728668965697,2386.623779296875,607,SUNDARMFIN.BO
2021-05-24,2392.67743000875,2461.9113760577793,2363.7059477377225,2390.22705078125,1024,SUNDARMFIN.BO
2021-05-25,2402.334796928709,2408.4845570523285,2327.3353591015825,2333.821533203125,535,SUNDARMFIN.BO
2021-05-26,2344.680363557164,2344.680363557164,2283.710362284934,2300.91064453125,241,SUNDARMFIN.BO
2021-05-27,2306.1947825102266,2388.785336239221,2281.2590983439877,2345.159912109375,1245,SUNDARMFIN.BO
2021-05-28,2396.7129710239046,2421.648656128801,2363.8497410557115,2400.076171875,1533,SUNDARMFIN.BO
2021-05-31,2439.762216467256,2449.3713626526333,2342.709839994947,2399.3076171875,6792,SUNDARMFIN.BO
2021-06-01,2417.5172132711577,2417.5172132711577,2360.9191996920417,2392.14892578125,1455,SUNDARMFIN.BO
2021-06-02,2389.266414215223,2389.891149556751,2368.9912539104744,2381.19482421875,883,SUNDARMFIN.BO
2021-06-03,2398.634720599708,2445.5273949750717,2394.791062611535,2427.27001953125,1184,SUNDARMFIN.BO
2021-06-04,2450.716556649991,2502.221674197837,2421.5048459979066,2440.626953125,1397,SUNDARMFIN.BO
2021-06-07,2478.871621428237,2478.9197140832257,2426.5017699242017,2470.079345703125,2458,SUNDARMFIN.BO
2021-06-08,2476.084541638572,2487.8076516715614,2452.253815011906,2468.685546875,2223,SUNDARMFIN.BO
2021-06-09,2486.79913701191,2519.3261932639884,2445.5278977978137,2479.159912109375,584,SUNDARMFIN.BO
2021-06-10,2491.3632354491892,2506.209319093267,2460.998474860975,2489.44140625,1860,SUNDARMFIN.BO
2021-06-11,2508.707313905792,2510.7253280205678,2464.9376152966247,2489.825439453125,2922,SUNDARMFIN.BO
2021-06-14,2498.2341051289923,2501.789442497567,2472.385359679855,2476.757568359375,543,SUNDARMFIN.BO
2021-06-15,2479.1600205803584,2560.837773196378,2468.157593765277,2545.6552734375,3264,SUNDARMFIN.BO
2021-06-16,2536.814962157966,2593.6529762775904,2458.5485020065084,2475.796875,96291,SUNDARMFIN.BO
2021-06-17,2512.119413894787,2591.53892212121,2510.9663631438057,2575.3955078125,1550,SUNDARMFIN.BO
2021-06-18,2566.939582333662,2600.138997600142,2510.9663009572814,2551.80517578125,2367,SUNDARMFIN.BO
2021-06-21,2506.6901909796707,2570.4469790469525,2506.6901909796707,2568.5732421875,295,SUNDARMFIN.BO
2021-06-22,2551.2282072416483,2599.273936191585,2551.2282072416483,2569.005126953125,2128,SUNDARMFIN.BO
2021-06-23,2569.0053965694715,2571.4076832690876,2538.8327694616173,2570.158447265625,503,SUNDARMFIN.BO
2021-06-24,2570.8790946312884,2570.8790946312884,2539.6974606586405,2558.339111328125,635,SUNDARMFIN.BO
2021-06-25,2567.371805593204,2569.4376782488107,2559.924717064976,2566.7470703125,290,SUNDARMFIN.BO
2021-06-28,2569.5336454552803,2572.416389157009,2542.7239882702365,2557.6181640625,724,SUNDARMFIN.BO
2021-06-29,2559.684669788849,2570.446867698427,2550.844301313064,2563.960693359375,397,SUNDARMFIN.BO
2021-06-30,2559.972664073892,2572.3683684989155,2559.347928828731,2570.542724609375,798,SUNDARMFIN.BO
2021-07-01,2564.33093733354,2573.2875797023626,2528.071266363398,2545.791748046875,658,SUNDARMFIN.BO
2021-07-02,2561.3932469631873,2569.386577876511,2540.687143493632,2564.282470703125,239,SUNDARMFIN.BO
2021-07-05,2562.019560341041,2566.112627959291,2518.9219660077033,2535.823974609375,682,SUNDARMFIN.BO
2021-07-06,2550.41427971511,2572.661398517164,2527.445090040272,2566.16064453125,1062,SUNDARMFIN.BO
2021-07-07,2527.7339928742804,2569.868512258941,2514.491715353387,2564.764404296875,511,SUNDARMFIN.BO
2021-07-08,2503.0317928857967,2564.042684965833,2503.0317928857967,2553.496826171875,1385,SUNDARMFIN.BO
2021-07-09,2550.5108920407797,2570.0613563727966,2550.5108920407797,2567.60546875,913,SUNDARMFIN.BO
2021-07-12,2571.313348955203,2571.313348955203,2555.2782473704196,2565.8720703125,279,SUNDARMFIN.BO
2021-07-13,2587.1079309766856,2587.1079309766856,2559.4195299553526,2567.075927734375,662,SUNDARMFIN.BO
2021-07-14,2561.68236799811,2565.4867012639083,2523.2557805055626,2553.54443359375,442,SUNDARMFIN.BO
2021-07-15,2557.878381747436,2564.5237387186717,2556.000432975923,2563.17529296875,215,SUNDARMFIN.BO
2021-07-16,2547.574009284784,2561.5867968203124,2520.3189411982057,2553.496826171875,657,SUNDARMFIN.BO
2021-07-19,2530.767849096773,2554.507547390316,2529.419403385212,2550.55908203125,1137,SUNDARMFIN.BO
2021-07-20,2545.4063378736532,2545.4063378736532,2503.9941273066584,2514.010009765625,838,SUNDARMFIN.BO
2021-07-22,2502.06835457681,2552.1482446607183,2502.06835457681,2548.82568359375,389,SUNDARMFIN.BO
2021-07-23,2556.674639783609,2556.674639783609,2447.173081395647,2476.884033203125,876,SUNDARMFIN.BO
2021-07-26,2481.5061924738025,2487.7182120407897,2369.067227557464,2389.821533203125,1254,SUNDARMFIN.BO
2021-07-27,2411.1541694053412,2566.786916402058,2400.9936832146045,2551.47412109375,4868,SUNDARMFIN.BO
2021-07-28,2513.288001355712,2548.8256017534345,2511.891589952193,2524.218994140625,2406,SUNDARMFIN.BO
2021-07-29,2544.539454923881,2544.876389953232,2519.3067126979117,2526.096435546875,301,SUNDARMFIN.BO
2021-07-30,2530.719484549432,2539.0499864620106,2475.1983234253903,2514.876953125,433,SUNDARMFIN.BO
2021-08-02,2480.5434565801943,2523.5448864703276,2480.5434565801943,2510.687744140625,308,SUNDARMFIN.BO
2021-08-03,2523.2559646309555,2545.3584841662314,2523.2559646309555,2535.197998046875,391,SUNDARMFIN.BO
2021-08-04,2532.5980032062307,2532.5980032062307,2459.4043112194704,2486.900146484375,225,SUNDARMFIN.BO
2021-08-05,2488.681586017846,2591.634184004004,2477.7505934211454,2537.990966796875,1388,SUNDARMFIN.BO
2021-08-06,2533.320313370494,2538.376456574918,2511.506761024548,2534.0908203125,783,SUNDARMFIN.BO
2021-08-09,2585.855755072928,2585.855755072928,2488.0554652441965,2505.96875,229,SUNDARMFIN.BO
2021-08-10,2506.2577361789513,2506.2577361789513,2450.1586305036976,2490.5595703125,2368,SUNDARMFIN.BO
2021-08-11,2472.5500088416616,2472.5500088416616,2422.614489905059,2445.39111328125,789,SUNDARMFIN.BO
2021-08-12,2415.1023137991556,2468.890128410902,2386.0657064182838,2395.8408203125,637,SUNDARMFIN.BO
2021-08-13,2422.1327506774664,2466.097014507297,2404.7010054195484,2437.01220703125,433,SUNDARMFIN.BO
2021-08-16,2409.5647079339606,2437.87924529857,2382.6468169902655,2432.77490234375,1198,SUNDARMFIN.BO
2021-08-17,2421.266199368232,2425.8887698316144,2325.3438651168344,2358.955078125,1013,SUNDARMFIN.BO
2021-08-18,2321.9734280425205,2370.5605064610754,2321.9734280425205,2355.729248046875,531,SUNDARMFIN.BO
2021-08-20,2355.6809897771086,2363.19302033465,2322.984646940049,2349.372802734375,552,SUNDARMFIN.BO
2021-08-23,2378.4576371588064,2383.273011262848,2234.1892171022823,2361.796630859375,1631,SUNDARMFIN.BO
2021-08-24,2371.354389791506,2453.513164406808,2359.238109534744,2446.706787109375,1202,SUNDARMFIN.BO
2021-08-25,2445.403281626547,2519.790239871265,2445.403281626547,2487.110107421875,2803,SUNDARMFIN.BO
2021-08-26,2501.06100063627,2512.4529678278604,2471.518536350505,2506.515625,781,SUNDARMFIN.BO
2021-08-27,2500.4811835146456,2509.459792433755,2484.648115089153,2502.894775390625,1153,SUNDARMFIN.BO
2021-08-30,2510.7155527428445,2512.405067490329,2489.330981803248,2508.205322265625,747,SUNDARMFIN.BO
2021-08-31,2517.617964733387,2517.7626859810453,2503.8604895162644,2511.583984375,366,SUNDARMFIN.BO
2021-09-01,2487.4480040350913,2504.5845078470934,2456.360985105339,2492.371826171875,514,SUNDARMFIN.BO
2021-09-02,2481.8484202982804,2499.7573206970033,2452.2095566555518,2459.788330078125,757,SUNDARMFIN.BO
2021-09-03,2488.703020880106,2500.4813026556217,2447.478916814631,2460.17431640625,340,SUNDARMFIN.BO
2021-09-06,2482.6209470133695,2490.6341202904205,2461.86405400898,2476.104248046875,212,SUNDARMFIN.BO
2021-09-07,2489.4272158197195,2492.806244766367,2461.9122658255915,2474.607666015625,1012,SUNDARMFIN.BO
2021-09-08,2479.3865001427694,2495.847245231149,2418.901977037402,2452.402587890625,5303,SUNDARMFIN.BO
2021-09-09,2457.0366995457985,2462.056923854303,2420.9294568668115,2445.548095703125,1995,SUNDARMFIN.BO
2021-09-13,2447.382499486832,2460.4158974130933,2428.0737618182966,2443.520751953125,2521,SUNDARMFIN.BO
2021-09-14,2444.775819738991,2498.6953272136884,2432.997537129551,2486.434326171875,1190,SUNDARMFIN.BO
2021-09-15,2480.7867022067053,2518.9214589832727,2449.0720064039815,2477.31103515625,1559,SUNDARMFIN.BO
2021-09-16,2494.9299919598543,2505.405075275428,2450.954299609453,2456.36083984375,1423,SUNDARMFIN.BO
2021-09-17,2483.3931014728546,2605.713895596591,2331.0471289062502,2389.4560546875,7915,SUNDARMFIN.BO
2021-09-20,2413.592003333727,2413.592003333727,2318.1103979627824,2335.43994140625,4617,SUNDARMFIN.BO
2021-09-21,2334.4262836596426,2362.423952074088,2319.944731031481,2352.286865234375,1340,SUNDARMFIN.BO
2021-09-22,2441.0585455277483,2441.0585455277483,2308.2626711328317,2336.45361328125,2363,SUNDARMFIN.BO
2021-09-23,2341.8601180265796,2351.2248083235986,2319.4137112820795,2349.873291015625,824,SUNDARMFIN.BO
2021-09-24,2354.5075238795735,2359.8657457354398,2319.2690775531105,2328.58544921875,615,SUNDARMFIN.BO
2021-09-27,2326.8960028742304,2329.5509543876074,2246.6683367459805,2267.2802734375,1258,SUNDARMFIN.BO
2021-09-28,2274.714113370451,2294.0711708300523,2210.947193125451,2227.987060546875,1120,SUNDARMFIN.BO
2021-09-29,2248.309211328337,2369.1335295766494,2225.3800878958987,2351.27294921875,3651,SUNDARMFIN.BO
2021-09-30,2350.3563044540806,2370.0511243694145,2318.738243673275,2365.368896484375,1742,SUNDARMFIN.BO
2021-10-01,2376.3741475045567,2397.372395989608,2352.624545811823,2368.071533203125,648,SUNDARMFIN.BO
2021-10-04,2416.391636941668,2416.391636941668,2365.127085036163,2383.27734375,718,SUNDARMFIN.BO
2021-10-05,2386.945858205879,2387.7182547889906,2355.569162098526,2375.408935546875,896,SUNDARMFIN.BO
2021-10-06,2390.0356981420887,2390.0356981420887,2351.5146241814605,2357.596923828125,1036,SUNDARMFIN.BO
2021-10-07,2419.336576073846,2419.336576073846,2307.973569991219,2356.39013671875,548,SUNDARMFIN.BO
2021-10-08,2370.4371331980765,2373.333443733723,2348.714804180728,2365.2236328125,381,SUNDARMFIN.BO
2021-10-11,2376.954264041142,2377.2920255769604,2335.4887911410524,2352.77001953125,1207,SUNDARMFIN.BO
2021-10-12,2359.7691602760992,2366.8168968386926,2343.1153736279402,2351.46630859375,909,SUNDARMFIN.BO
2021-10-13,2352.8176467843195,2372.5607809133057,2337.41897797135,2366.382080078125,724,SUNDARMFIN.BO
2021-10-14,2366.9615202126847,2386.8979329421086,2359.1416230096524,2373.9609375,1241,SUNDARMFIN.BO
2021-10-18,2366.7203294017118,2390.2288130721267,2361.748423462714,2381.153564453125,783,SUNDARMFIN.BO
2021-10-19,2380.7673892508883,2391.24247386978,2375.0230868511985,2382.74658203125,885,SUNDARMFIN.BO
2021-10-20,2381.10555093165,2429.9565198986584,2346.1565442657616,2420.060791015625,1187,SUNDARMFIN.BO
2021-10-21,2423.2462522191686,2423.2462522191686,2310.0487928276552,2387.38037109375,2643,SUNDARMFIN.BO
2021-10-22,2376.5676276491986,2437.6798299694,2347.9908371066376,2425.129150390625,2841,SUNDARMFIN.BO
2021-10-25,2437.679572501936,2455.057434698638,2358.94815524252,2409.730224609375,614,SUNDARMFIN.BO
2021-10-26,2404.420438801085,2415.0402439915333,2363.4860112570245,2371.305908203125,1092,SUNDARMFIN.BO
2021-10-27,2378.643441341303,2379.1261597831817,2319.0277137693,2325.49609375,1471,SUNDARMFIN.BO
2021-10-28,2325.3028826407035,2341.3289923119873,2285.2855738900826,2325.0615234375,1661,SUNDARMFIN.BO
2021-10-29,2248.3093626368827,2359.1415591328105,2248.3093626368827,2305.559814453125,1289,SUNDARMFIN.BO
2021-11-01,2270.1284057283247,2414.992270775748,2270.1284057283247,2362.32763671875,412,SUNDARMFIN.BO
2021-11-02,2388.587401479743,2432.949177533882,2377.5812799839323,2402.73095703125,1941,SUNDARMFIN.BO
2021-11-03,2423.487879707317,2423.487879707317,2372.754125534231,2408.9580078125,2944,SUNDARMFIN.BO
2021-11-04,2432.0802233393283,2433.963013818278,2414.5576382384156,2421.991455078125,1926,SUNDARMFIN.BO
2021-11-08,2408.4268857643515,2415.04022230906,2362.520553210583,2393.99365234375,935,SUNDARMFIN.BO
2021-11-09,2492.709627689748,2492.709627689748,2369.1820298740713,2412.578369140625,1218,SUNDARMFIN.BO
2021-11-10,2395.441636770154,2406.0131221296156,2339.8807042076915,2372.657470703125,564,SUNDARMFIN.BO
2021-11-11,2372.6094921463314,2391.1458334187537,2332.398903985478,2356.921142578125,592,SUNDARMFIN.BO
2021-11-12,2354.0731151367195,2361.6033342532482,2314.2488437604607,2345.770263671875,1061,SUNDARMFIN.BO
2021-11-15,2277.5621615304967,2377.5329585409454,2277.5621615304967,2370.1474609375,419,SUNDARMFIN.BO
2021-11-16,2361.7964391865353,2361.7964391865353,2326.026958163444,2338.57763671875,750,SUNDARMFIN.BO
2021-11-17,2350.8387925067273,2358.8519657161137,2326.9442298313506,2342.05322265625,403,SUNDARMFIN.BO
2021-11-18,2348.376516697045,2349.7763528090886,2310.483125206728,2326.9921875,202,SUNDARMFIN.BO
2021-11-22,2320.330966249666,2320.330966249666,2240.923780708914,2269.69384765625,1632,SUNDARMFIN.BO
2021-11-23,2252.0260133875495,2284.4164645373103,2227.890093857525,2249.902099609375,493,SUNDARMFIN.BO
2021-11-24,2257.2880059284835,2323.516832788589,2248.2127580661613,2291.5126953125,861,SUNDARMFIN.BO
2021-11-25,2283.837628968891,2283.837628968891,2253.2330906227517,2270.273193359375,679,SUNDARMFIN.BO
2021-11-26,2233.055564203757,2292.9126523925306,2229.8695752725903,2269.69384765625,884,SUNDARMFIN.BO
2021-11-29,2181.886777569637,2272.637820530498,2181.886777569637,2264.962646484375,430,SUNDARMFIN.BO
2021-11-30,2279.0583284085833,2307.3939932764106,2154.854976147677,2181.88720703125,1035,SUNDARMFIN.BO
2021-12-01,2197.865384202026,2197.865384202026,2176.1913733086176,2190.865966796875,409,SUNDARMFIN.BO
2021-12-02,2227.842067237378,2256.6118954869517,2219.0564980240842,2252.5087890625,585,SUNDARMFIN.BO
2021-12-03,2250.433084147513,2263.032080986875,2230.1589122182563,2236.2412109375,403,SUNDARMFIN.BO
2021-12-06,2228.6142137914003,2319.3171896706363,2164.2679453825867,2280.120361328125,3419,SUNDARMFIN.BO
2021-12-07,2264.914651992639,2274.665657605681,2239.813296088202,2247.34375,493,SUNDARMFIN.BO
2021-12-08,2263.756194615281,2264.576674451706,2203.561117480774,2216.0634765625,326,SUNDARMFIN.BO
2021-12-09,2206.795686972095,2248.019794972409,2193.8106079616646,2238.84814453125,917,SUNDARMFIN.BO
2021-12-10,2206.795091211643,2268.7760755828504,2193.906417948156,2213.360107421875,641,SUNDARMFIN.BO
2021-12-13,2224.2219417470587,2263.75653646857,2187.1973415953603,2196.6103515625,554,SUNDARMFIN.BO
2021-12-14,2215.484488116944,2237.0137766003527,2199.0720619810713,2227.455810546875,336,SUNDARMFIN.BO
2021-12-15,2231.172856523649,2233.3934083964195,2177.108393476351,2204.140625,434941,SUNDARMFIN.BO
2021-12-16,2210.4641192313984,2218.573693805104,2163.350757792546,2186.521240234375,1384,SUNDARMFIN.BO
2021-12-17,2217.6085269064974,2278.431050718038,2148.0487521371115,2242.516845703125,1647,SUNDARMFIN.BO
2021-12-20,2216.739682020266,2231.414275241119,2198.2997436010787,2207.374755859375,452,SUNDARMFIN.BO
2021-12-21,2219.056772643071,2219.056772643071,2179.0877782194643,2189.27294921875,441,SUNDARMFIN.BO
2021-12-22,2202.4026541858984,2214.229254739883,2172.184435834025,2174.308349609375,2150,SUNDARMFIN.BO
2021-12-23,2207.712880634298,2215.0502955199577,2158.7652758459835,2167.1162109375,741,SUNDARMFIN.BO
2021-12-24,2179.2805603921565,2179.2805603921565,2137.0426999151437,2149.883056640625,646,SUNDARMFIN.BO
2021-12-27,2139.601646564327,2145.3459501492043,2076.7035139953396,2119.5205078125,3996,SUNDARMFIN.BO
2021-12-28,2128.787959249066,2188.645035654255,2108.8517853402022,2178.845947265625,458,SUNDARMFIN.BO
2021-12-29,2196.9481156616084,2196.9481156616084,2161.854393072888,2181.88720703125,2319,SUNDARMFIN.BO
2021-12-30,2187.3900356214235,2190.286345922119,2137.0426025086017,2154.565185546875,690,SUNDARMFIN.BO
2021-12-31,2161.8546621722553,2234.165794505886,2138.44281643923,2220.070556640625,1573,SUNDARMFIN.BO
2022-01-03,2188.6453143254066,2399.158864239876,2180.777098367375,2378.691650390625,2381,SUNDARMFIN.BO
2022-01-04,2349.58339728272,2355.2796155920264,2268.776387555775,2325.978515625,2614,SUNDARMFIN.BO
2022-01-05,2312.2691955683667,2312.2691955683667,2250.432928325272,2280.699462890625,1496,SUNDARMFIN.BO
2022-01-06,2254.826435801022,2309.808025891268,2247.6820605690973,2288.085693359375,6232,SUNDARMFIN.BO
2022-01-07,2268.5834968550453,2319.027570924152,2259.1221688365417,2284.5615234375,1015,SUNDARMFIN.BO
2022-01-10,2289.437138005515,2325.5929411196407,2268.8735190917964,2297.739990234375,1290,SUNDARMFIN.BO
2022-01-11,2300.7325889656445,2309.807600827979,2268.7765358184956,2282.72705078125,778,SUNDARMFIN.BO
2022-01-12,2275.8240885735145,2379.8015789812343,2263.949169456793,2351.707275390625,1111,SUNDARMFIN.BO
2022-01-13,2351.8040988869866,2362.03782348328,2318.448209539396,2325.7373046875,1258,SUNDARMFIN.BO
2022-01-14,2321.9241244252403,2378.933222006939,2321.8758054384984,2361.410400390625,993,SUNDARMFIN.BO
2022-01-17,2324.771975567606,2346.059905623886,2309.324985696725,2327.23388671875,3914,SUNDARMFIN.BO
2022-01-18,2344.9016020395347,2344.9016020395347,2285.285871095223,2304.304931640625,1385,SUNDARMFIN.BO
2022-01-19,2288.036955581852,2299.04307680496,2249.1298044055548,2269.2109375,945,SUNDARMFIN.BO
2022-01-20,2270.5144912594074,2270.5144912594074,2248.743842573361,2255.984619140625,172,SUNDARMFIN.BO
2022-01-21,2244.447348525504,2244.447348525504,2202.016451543519,2229.2900390625,334,SUNDARMFIN.BO
2022-01-24,2227.3595210494514,2227.3595210494514,2120.196027325164,2137.380615234375,2067,SUNDARMFIN.BO
2022-01-25,2137.3805448458115,2174.5981825000076,2132.360320373536,2148.869384765625,825,SUNDARMFIN.BO
2022-01-27,2145.78008225614,2196.8999173991583,2145.78008225614,2160.068359375,403,SUNDARMFIN.BO
2022-01-28,2150.3174348543794,2196.6584013206248,2136.125561014561,2141.2421875,243,SUNDARMFIN.BO
2022-01-31,2147.7591055506837,2186.666259765625,2147.7591055506837,2186.666259765625,126,SUNDARMFIN.BO
2022-02-01,2172.7637897008876,2181.790482161398,2144.7178041358657,2150.94482421875,574,SUNDARMFIN.BO
2022-02-02,2167.4056666362567,2188.355598545233,2145.3936599415297,2183.142333984375,160,SUNDARMFIN.BO
2022-02-03,2167.984920761943,2192.4586016380526,2147.903788659414,2184.735107421875,232,SUNDARMFIN.BO
2022-02-04,2166.826320259332,2180.0529933512435,2142.980077772666,2175.177490234375,228,SUNDARMFIN.BO
2022-02-07,2180.9218814230976,2234.8416246980564,2135.546348697606,2200.61669921875,1839,SUNDARMFIN.BO
2022-02-08,2175.4671809177,2175.4671809177,2127.484781777858,2153.696533203125,211,SUNDARMFIN.BO
2022-02-09,2159.1512623391063,2175.17760882214,2134.8706190970074,2160.11669921875,891,SUNDARMFIN.BO
2022-02-10,2157.0756190806032,2169.384939020735,2133.7601775372914,2140.3251953125,22979,SUNDARMFIN.BO
2022-02-11,2129.8020182588803,2137.5255130885294,2112.42415489217,2118.16845703125,225,SUNDARMFIN.BO
2022-02-15,2061.2559226423714,2075.689155911613,2017.7629469094284,2068.786376953125,413,SUNDARMFIN.BO
2022-02-16,2081.4817285977065,2100.356065067528,2041.6574608311687,2063.765869140625,444,SUNDARMFIN.BO
2022-02-17,2046.645569132098,2076.8118615812637,2046.645569132098,2057.121337890625,53,SUNDARMFIN.BO
2022-02-18,2037.0432570730827,2041.1171020408783,2027.2464212701584,2031.4173583984375,426,SUNDARMFIN.BO
2022-02-21,1998.195763385589,2002.3181544892516,1961.191217209344,1981.900146484375,767,SUNDARMFIN.BO
2022-02-22,1940.0940405081017,1971.278736659174,1925.204959292833,1953.4796142578125,909,SUNDARMFIN.BO
2022-02-23,1940.4823300483554,1954.692360260613,1848.237670038012,1864.4847412109375,839,SUNDARMFIN.BO
2022-02-24,1866.2307860088831,1866.2307860088831,1737.272734098628,1767.535888671875,1709,SUNDARMFIN.BO
2022-02-25,1769.669746201842,1832.1846673066561,1769.669746201842,1790.71826171875,451,SUNDARMFIN.BO
2022-02-28,1799.8360448645742,1851.6325830884978,1777.8661010286542,1835.72509765625,1182,SUNDARMFIN.BO
2022-03-02,1815.6951592894004,1822.872993752778,1785.2864845883864,1804.928466796875,1025,SUNDARMFIN.BO
2022-03-03,1811.5241076043578,1831.3601544906162,1784.7528387048008,1828.013671875,1776,SUNDARMFIN.BO
2022-03-04,1794.5495504293883,1822.290793609385,1746.2448980571048,1771.94921875,3216,SUNDARMFIN.BO
2022-03-07,1746.099598020764,1781.697614363569,1702.111278676863,1749.009521484375,3846,SUNDARMFIN.BO
2022-03-08,1747.7969360921084,1754.3442634458877,1711.0834278708214,1744.7900390625,977,SUNDARMFIN.BO
2022-03-09,1746.9722990849798,1754.0530405888294,1727.0878254943962,1744.54736328125,547,SUNDARMFIN.BO
2022-03-10,1759.3880008533188,1866.0851823726157,1757.5935719360548,1846.8797607421875,1552,SUNDARMFIN.BO
2022-03-11,1851.9722079164337,1908.81268526118,1806.9653711365206,1892.3231201171875,2004,SUNDARMFIN.BO
2022-03-14,1937.0389402400597,1937.0389402400597,1843.9213947903622,1851.729736328125,964,SUNDARMFIN.BO
2022-03-15,1850.1291091136966,1859.0043981463464,1799.3024292112957,1818.556396484375,1539,SUNDARMFIN.BO
2022-03-16,1827.8197797376747,1836.646523080707,1758.6605577806322,1800.4664306640625,3629,SUNDARMFIN.BO
2022-03-17,1817.5381155255857,1829.3717560873422,1731.7923531181002,1768.0208740234375,4411,SUNDARMFIN.BO
2022-03-21,1817.732045607739,1826.4618153038275,1772.7252092713343,1804.3948974609375,3275,SUNDARMFIN.BO
2022-03-22,1810.5057124053556,1847.3161924807873,1786.1108332552453,1842.32080078125,1493,SUNDARMFIN.BO
2022-03-23,1842.8058901887514,1842.8058901887514,1789.6513626687224,1822.6304931640625,6601,SUNDARMFIN.BO
2022-03-24,1800.3694797395144,1836.889039977711,1796.683648022475,1830.3902587890625,1531,SUNDARMFIN.BO
2022-03-25,1816.616501077287,1855.609542350348,1806.9653033201969,1852.748046875,2097,SUNDARMFIN.BO
2022-03-28,1853.62111817079,1853.62111817079,1816.471050491677,1834.318603515625,1186,SUNDARMFIN.BO
2022-03-29,1822.6303882001553,1830.3416370833893,1776.7505531147315,1808.0322265625,1310,SUNDARMFIN.BO
2022-03-30,1817.3442394859549,1858.471182871435,1806.2865062617554,1845.134033203125,4150,SUNDARMFIN.BO
2022-03-31,1836.3070163300597,1889.2190475763234,1831.8451578748543,1882.1383056640625,1618,SUNDARMFIN.BO
2022-04-01,1842.9513001952873,1905.3206994533996,1842.9513001952873,1889.7525634765625,1379,SUNDARMFIN.BO
2022-04-04,1913.4683819115453,1951.151980704788,1913.4683819115453,1937.184326171875,2446,SUNDARMFIN.BO
2022-04-05,1956.0503797848387,1980.6392075011545,1937.378372313492,1965.26513671875,1154,SUNDARMFIN.BO
2022-04-06,1970.8424322400215,1989.5628668441818,1932.2375227256161,1974.285888671875,841,SUNDARMFIN.BO
2022-04-07,1988.932532159537,1994.0734439060825,1963.2767563196085,1985.24658203125,442,SUNDARMFIN.BO
2022-04-08,1981.6091750696653,2033.0178188391556,1981.6091750696653,2001.9786376953125,954,SUNDARMFIN.BO
2022-04-11,2013.7641550176381,2056.588434486505,1994.2675728353988,2046.25830078125,905,SUNDARMFIN.BO
2022-04-12,2046.2094061562966,2049.7011716768866,1989.5144536266298,2033.4541015625,1020,SUNDARMFIN.BO
2022-04-13,2063.1355647641026,2095.1447202117824,1996.1587845638194,2033.6484375,1211,SUNDARMFIN.BO
2022-04-18,2017.255856750352,2019.8264311804949,1953.2375417667402,1974.674072265625,576,SUNDARMFIN.BO
2022-04-19,1998.1471098313357,2003.530514698006,1961.8700463893065,1990.0477294921875,482,SUNDARMFIN.BO
2022-04-20,1991.7940388929117,1991.7940388929117,1959.9304010611215,1964.7802734375,469,SUNDARMFIN.BO
2022-04-21,1966.5746638708297,1986.4591402230326,1930.7827011609324,1977.7293701171875,1695,SUNDARMFIN.BO
2022-04-22,1975.498368688875,1978.2142259427978,1953.9648661484314,1974.140380859375,543,SUNDARMFIN.BO
2022-04-25,1967.205023773052,1982.336600476773,1940.7732218189456,1978.5052490234375,724,SUNDARMFIN.BO
2022-04-26,1967.9810920306634,2035.9762740726062,1952.4129554838462,1995.625244140625,1002,SUNDARMFIN.BO
2022-04-27,1978.747665748077,2029.089239579081,1969.4843633821788,1992.86083984375,1007,SUNDARMFIN.BO
2022-04-28,1988.156375024142,1997.3225852566636,1954.5468585681826,1975.1588134765625,536,SUNDARMFIN.BO
2022-04-29,1973.84928790902,1976.6622372502652,1903.5261464032576,1958.960205078125,2938,SUNDARMFIN.BO
2022-05-04,1969.5330983654674,1969.5330983654674,1921.3738437886884,1952.1705322265625,1645,SUNDARMFIN.BO
2022-05-05,1958.6691449820846,1958.6691449820846,1863.3206242401486,1881.11962890625,1028,SUNDARMFIN.BO
2022-05-06,1843.09673542759,1867.2491197761772,1836.0644215785976,1857.7918701171875,1651,SUNDARMFIN.BO
2022-05-09,1843.0969590920095,1872.0021264118507,1797.1201468740453,1862.6419677734375,2051,SUNDARMFIN.BO
2022-05-10,1839.0714449711459,1867.8312093396057,1776.1200833267194,1808.080810546875,3072,SUNDARMFIN.BO
2022-05-11,1807.9837922990778,1807.9837922990778,1732.1803852824764,1778.93310546875,2253,SUNDARMFIN.BO
2022-05-12,1761.3766600415772,1789.360399761079,1748.7669919581547,1773.986328125,509,SUNDARMFIN.BO
2022-05-13,1792.9005539532704,1792.9005539532704,1745.2748385970801,1746.0023193359375,591,SUNDARMFIN.BO
2022-05-16,1752.6465786417843,1755.798995102918,1731.9860787806358,1743.67431640625,333,SUNDARMFIN.BO
2022-05-17,1747.796831019123,1789.602702446756,1726.651342511652,1781.6973876953125,845,SUNDARMFIN.BO
2022-05-18,1779.7574326376225,1782.327888375342,1726.9423760420807,1741.8800048828125,546,SUNDARMFIN.BO
2022-05-19,1726.6513470361242,1780.4364967299555,1708.3188078185924,1731.9862060546875,908,SUNDARMFIN.BO
2022-05-20,1726.6999986432045,1759.3880894471836,1726.5544787982444,1752.11328125,451911,SUNDARMFIN.BO
2022-05-23,1748.2335173833715,1760.6006922653705,1718.3583738095183,1733.44140625,630,SUNDARMFIN.BO
2022-05-24,1764.3833708082554,1764.3833708082554,1668.9864156443048,1684.2149658203125,1492,SUNDARMFIN.BO
2022-05-25,1697.4550450526212,1697.4550450526212,1586.877973546336,1630.478271484375,4580,SUNDARMFIN.BO
2022-05-26,1647.9864305482092,1647.9864305482092,1592.6978922661326,1604.580078125,1064,SUNDARMFIN.BO
2022-05-27,1610.1574772195631,1610.1574772195631,1520.91983390378,1563.210693359375,5245,SUNDARMFIN.BO
2022-05-30,1587.702603015071,1609.1875600628086,1510.3471431506894,1555.64501953125,2758,SUNDARMFIN.BO
2022-05-31,1570.388582635727,1625.6771244579854,1517.6219506190819,1599.6817626953125,4669,SUNDARMFIN.BO
2022-06-01,1581.2036766652534,1852.6509690518649,1581.1551305867583,1760.1639404296875,13524,SUNDARMFIN.BO
2022-06-02,1823.357854475954,1875.6393779045923,1800.4179371156943,1841.1568603515625,7859,SUNDARMFIN.BO
2022-06-03,1831.5056469600022,1843.8243930999097,1779.0300546772314,1811.2332763671875,4640,SUNDARMFIN.BO
2022-06-06,1828.304636205919,1898.8217225541998,1804.2492254874173,1871.614013671875,4596,SUNDARMFIN.BO
2022-06-07,1870.5956571247093,1879.1314793286897,1823.7943916560719,1850.711181640625,1542,SUNDARMFIN.BO
2022-06-08,1852.6511805721004,1852.6511805721004,1789.505868203251,1800.07861328125,1489,SUNDARMFIN.BO
2022-06-09,1804.7829731318063,1850.6142656164486,1803.618932755813,1841.6904296875,1307,SUNDARMFIN.BO
2022-06-10,1794.5980310110012,1867.2005859580172,1788.341625537087,1847.4130859375,1508,SUNDARMFIN.BO
2022-06-13,1806.4803880763918,1822.2909001194926,1794.4526815568324,1817.5865478515625,875,SUNDARMFIN.BO
2022-06-14,1791.4941636061494,1791.4941636061494,1739.891573093031,1769.42724609375,2250,SUNDARMFIN.BO
2022-06-15,1763.704279690843,1774.8104378285507,1726.9422308185735,1768.1661376953125,1304,SUNDARMFIN.BO
2022-06-16,1767.584559481993,1770.736976572697,1658.8503244908707,1707.2520751953125,3258,SUNDARMFIN.BO
2022-06-17,1706.2820642806917,1706.2820642806917,1631.4000826559468,1672.429931640625,7197,SUNDARMFIN.BO
2022-06-20,1681.2566536693705,1681.2566536693705,1625.8710214041166,1674.0302734375,534,SUNDARMFIN.BO
2022-06-21,1662.9240885418192,1687.6584350501896,1653.0788249761,1680.820068359375,640,SUNDARMFIN.BO
2022-06-22,1659.335090604313,1669.1319263662276,1620.293622606917,1664.3790283203125,514,SUNDARMFIN.BO
2022-06-23,1662.3905575404638,1682.4205520486944,1650.0719303501626,1664.0880126953125,474,SUNDARMFIN.BO
2022-06-24,1660.741716372885,1720.540662668423,1660.741716372885,1697.1641845703125,1255,SUNDARMFIN.BO
2022-06-27,1707.203352075276,1728.5427871502407,1704.099363203149,1724.080810546875,660,SUNDARMFIN.BO
2022-06-28,1722.1895465326074,1733.0047847694318,1710.2588140551995,1726.699951171875,1036,SUNDARMFIN.BO
2022-06-29,1714.6237837641681,1732.810804657768,1708.4644697025526,1717.3883056640625,358,SUNDARMFIN.BO
2022-06-30,1707.057928136219,1717.29108676077,1694.7877285978493,1714.6236572265625,492,SUNDARMFIN.BO
2022-07-01,1701.0440898118657,1746.0024988188802,1695.7577765947806,1742.9954833984375,579,SUNDARMFIN.BO
2022-07-04,1746.0508272486202,1767.8268227421784,1730.385717604318,1763.1708984375,384,SUNDARMFIN.BO
2022-07-05,1755.5082352031786,1763.656044266756,1715.2058678360636,1734.94482421875,1480,SUNDARMFIN.BO
2022-07-06,1744.983921363679,1790.9121848847594,1723.2564714244388,1771.0277099609375,635,SUNDARMFIN.BO
2022-07-07,1779.6105888865973,1847.9802253452308,1779.6105888865973,1820.1837158203125,1774,SUNDARMFIN.BO
2022-07-08,1810.8190991273989,1863.0835432462954,1809.1521775207448,1841.4129638671875,829,SUNDARMFIN.BO
2022-07-11,1835.9709515776403,1841.7563408366264,1808.1718048730143,1832.391845703125,442,SUNDARMFIN.BO
2022-07-12,1833.4212517766741,1842.5406031145776,1797.9246560864515,1825.282470703125,710,SUNDARMFIN.BO
2022-07-13,1765.0267306700562,1847.198578566221,1765.0267306700562,1805.0830078125,589,SUNDARMFIN.BO
2022-07-14,1811.3585239470133,1811.3585239470133,1749.7297032635922,1774.783203125,351,SUNDARMFIN.BO
2022-07-15,1772.331728623695,1787.9718966198668,1752.6713660634964,1783.51025390625,309,SUNDARMFIN.BO
2022-07-18,1765.1737094973998,1819.8894622785222,1765.1246331013222,1792.2374267578125,1619,SUNDARMFIN.BO
2022-07-19,1812.289977333387,1835.8236644912201,1784.6870191966634,1805.8182373046875,3982,SUNDARMFIN.BO
2022-07-20,1813.7119735503222,1848.1790453254634,1807.1911567768855,1837.883056640625,3802,SUNDARMFIN.BO
2022-07-21,1828.4206664744581,1888.4806049912058,1824.9395935871335,1876.566650390625,873,SUNDARMFIN.BO
2022-07-22,1874.1640234688132,1957.8556729014501,1874.1640234688132,1933.488525390625,3111,SUNDARMFIN.BO
2022-07-25,1919.6624064759885,1960.9445113926758,1898.3840790887514,1947.461669921875,1073,SUNDARMFIN.BO
2022-07-26,1910.8373679868853,1958.0518536569557,1897.5996684363156,1952.41357421875,1003,SUNDARMFIN.BO
2022-07-27,1938.9796860574872,1960.8954077677945,1922.996342692836,1946.530029296875,1520,SUNDARMFIN.BO
2022-07-28,1956.3358229404703,1984.331153476604,1934.7143191875803,1965.7003173828125,1946,SUNDARMFIN.BO
2022-07-29,1979.6244132979264,2016.0526254850886,1971.240608683241,2007.668701171875,3322,SUNDARMFIN.BO
2022-08-01,2057.775699072517,2057.775699072517,1990.5575620890693,1995.8035888671875,1348,SUNDARMFIN.BO
2022-08-02,2009.8258325450583,2038.6547431884505,1982.124841090661,2007.2274169921875,2063,SUNDARMFIN.BO
2022-08-03,2015.758446289416,2032.5753716443407,2008.4532449682845,2026.152587890625,1378,SUNDARMFIN.BO
2022-08-04,2036.7429796262345,2065.9149505448495,2014.189859252179,2059.688232421875,1183,SUNDARMFIN.BO
2022-08-05,2067.3366498746527,2179.808028380882,2040.0767445103131,2116.953369140625,7749,SUNDARMFIN.BO
2022-08-08,2108.030360512079,2121.317137731978,2052.2357593481092,2071.84716796875,1795,SUNDARMFIN.BO
2022-08-10,2073.0237848288443,2088.614756974199,1967.6123569731717,2014.2384033203125,2301,SUNDARMFIN.BO
2022-08-11,2014.238374143793,2014.238374143793,1970.9462914121402,1986.2431640625,1004,SUNDARMFIN.BO
2022-08-12,1982.075848641429,2043.4595284757254,1976.241502951267,2020.5633544921875,1540,SUNDARMFIN.BO
2022-08-16,2038.017273748015,2095.4787907217615,2026.1525164186598,2085.771240234375,1517,SUNDARMFIN.BO
2022-08-17,2086.6536156040875,2094.547254463578,2052.3336548211255,2069.640625,710,SUNDARMFIN.BO
2022-08-18,2064.002272611427,2086.065103761757,2029.780465830397,2065.66943359375,935,SUNDARMFIN.BO
2022-08-19,2052.8239661752696,2070.915440710922,1984.6743288935972,1996.3431396484375,1423,SUNDARMFIN.BO
2022-08-22,1996.3431798828015,1996.3921365807028,1939.519056839704,1962.9547119140625,1687,SUNDARMFIN.BO
2022-08-23,1940.8427496101117,2036.3011200998574,1940.8427496101117,2023.602783203125,1636,SUNDARMFIN.BO
2022-08-24,2012.228529360092,2075.573230910025,2009.777103462717,2066.2578125,976,SUNDARMFIN.BO
2022-08-25,2064.198762764428,2075.5732353141466,2024.0442149625744,2052.088623046875,983,SUNDARMFIN.BO
2022-08-26,2055.07957843939,2098.4207440587575,2031.7419540606288,2046.9407958984375,669,SUNDARMFIN.BO
2022-08-29,2010.1691317917714,2036.84059629516,1979.379200174866,2000.1182861328125,532,SUNDARMFIN.BO
2022-08-30,2017.474151521291,2069.0031644683804,1999.6278213943815,2052.57861328125,1008,SUNDARMFIN.BO
2022-09-01,2044.5381579732566,2074.837684574525,2024.8776755203926,2043.851806640625,1665,SUNDARMFIN.BO
2022-09-02,2048.9018923635485,2105.2846915073173,2020.9556353966375,2088.56591796875,2138,SUNDARMFIN.BO
2022-09-05,2105.284566446151,2149.998670695867,2055.961829376128,2134.5546875,3603,SUNDARMFIN.BO
2022-09-06,2115.776624195685,2138.6730379287196,2088.810939215352,2122.73876953125,1213,SUNDARMFIN.BO
2022-09-07,2104.7943446960285,2112.8840504233717,2085.7713748657093,2098.567626953125,1705,SUNDARMFIN.BO
2022-09-08,2114.648855549719,2176.0324105784234,2112.6877150172295,2162.500732421875,1255,SUNDARMFIN.BO
2022-09-09,2181.1319730503615,2224.0319301755912,2181.1319730503615,2208.048583984375,2073,SUNDARMFIN.BO
2022-09-12,2208.0480249767775,2225.7473649720923,2165.09900232303,2206.381103515625,2800,SUNDARMFIN.BO
2022-09-13,2198.487816881106,2263.156384048487,2196.526676167026,2235.945556640625,3752,SUNDARMFIN.BO
2022-09-14,2158.3823317938654,2217.069563045058,2158.3823317938654,2203.096435546875,3081,SUNDARMFIN.BO
2022-09-15,2202.3608255260838,2221.972230918124,2168.7762937922153,2197.80126953125,2052,SUNDARMFIN.BO
2022-09-16,2255.3117411093594,2255.3117411093594,2119.061542716098,2189.564453125,2519,SUNDARMFIN.BO
2022-09-19,2220.8935640545105,2274.1385789204815,2160.1472821951074,2211.382080078125,6891,SUNDARMFIN.BO
2022-09-20,2211.774470744369,2230.2090009192875,2177.895718903375,2215.94189453125,1024,SUNDARMFIN.BO
2022-09-21,2181.7692291979965,2218.981829519958,2150.7342705280125,2179.955078125,2048,SUNDARMFIN.BO
2022-09-22,2170.4435017929127,2217.2657383452874,2170.4435017929127,2211.48046875,756,SUNDARMFIN.BO
2022-09-23,2196.6735370215074,2198.3895350456023,2176.5718458821143,2190.0546875,852,SUNDARMFIN.BO
2022-09-26,2167.795570579481,2167.795570579481,2098.6162950604153,2166.2265625,751,SUNDARMFIN.BO
2022-09-27,2161.2751078255715,2168.727298515054,2129.259343687375,2154.55810546875,1665,SUNDARMFIN.BO
2022-09-28,2138.9178712096455,2167.4034840126023,2129.5533777185387,2158.725341796875,1388,SUNDARMFIN.BO
2022-09-29,2183.680904638398,2216.088799789057,2160.294447446988,2190.7900390625,2100,SUNDARMFIN.BO
2022-09-30,2181.867217850547,2227.365587088826,2176.9643660189627,2214.52001953125,2080,SUNDARMFIN.BO
2022-10-03,2205.449478644858,2229.7185922951217,2167.3544681290273,2191.182373046875,1545,SUNDARMFIN.BO
2022-10-04,2202.1159909334447,2215.3536914244173,2167.0605988925363,2197.1640625,1578,SUNDARMFIN.BO
2022-10-06,2193.8791181362367,2205.2045139019697,2146.468447039651,2161.177001953125,845,SUNDARMFIN.BO
2022-10-07,2162.255887617848,2171.9143624321982,2130.828558377461,2157.2548828125,1345,SUNDARMFIN.BO
2022-10-10,2343.5141391366346,2343.5141391366346,2086.1634899795567,2119.944091796875,1246,SUNDARMFIN.BO
2022-10-11,2128.622064130194,2143.232465903224,2088.6147478414277,2116.904296875,1594,SUNDARMFIN.BO
2022-10-12,2099.9404782219176,2177.846744549838,2098.4696226988085,2160.73583984375,1217,SUNDARMFIN.BO
2022-10-13,2193.143613474369,2200.3997378850477,2155.3916571871255,2168.972412109375,1066,SUNDARMFIN.BO
2022-10-14,2204.2731979488553,2209.568421783488,2178.9744335755827,2197.1640625,945,SUNDARMFIN.BO
2022-10-17,2193.6338672924358,2267.0294090501666,2186.1323610185527,2254.18408203125,3712,SUNDARMFIN.BO
2022-10-18,2240.456489510399,2284.7782259921314,2229.915357167869,2250.360107421875,2559,SUNDARMFIN.BO
2022-10-19,2247.516160027513,2396.0234811779383,2242.5642322299755,2343.7099609375,6887,SUNDARMFIN.BO
2022-10-20,2319.0488592509287,2349.250473669422,2276.492202159227,2330.521484375,1572,SUNDARMFIN.BO
2022-10-21,2325.030578396607,2335.081425027722,2311.988944156819,2322.0888671875,540,SUNDARMFIN.BO
2022-10-24,2319.0487596704734,2373.2743451438687,2319.0487596704734,2329.148681640625,67,SUNDARMFIN.BO
2022-10-25,2307.4289372968606,2342.386412608989,2271.0008459116316,2286.395751953125,590,SUNDARMFIN.BO
2022-10-27,2271.050245479744,2334.051897083043,2269.432160594094,2320.912109375,945,SUNDARMFIN.BO
2022-10-28,2278.502193166246,2320.470651936279,2241.8289579131706,2271.4912109375,1299,SUNDARMFIN.BO
2022-10-31,2254.674627741125,2312.037995702055,2244.623781218056,2301.1044921875,1503,SUNDARMFIN.BO
2022-11-01,2290.0240069555016,2320.3728522279775,2285.758669371337,2315.17578125,1098,SUNDARMFIN.BO
2022-11-02,2306.4482907899396,2342.2881824413676,2306.35037740006,2327.236572265625,1114,SUNDARMFIN.BO
2022-11-03,2309.4884599303878,2338.0231546421833,2307.1840237062843,2319.539306640625,717,SUNDARMFIN.BO
2022-11-04,2318.214985760603,2345.2788195436233,2289.4844698829575,2321.59814453125,721,SUNDARMFIN.BO
2022-11-07,2342.386250351604,2349.0541759004727,2286.689812527279,2309.144775390625,1835,SUNDARMFIN.BO
2022-11-09,2298.800368071917,2323.951903675652,2264.13710784265,2312.18505859375,1784,SUNDARMFIN.BO
2022-11-10,2314.9304454130697,2314.9304454130697,2232.8076816069683,2253.399658203125,1667,SUNDARMFIN.BO
2022-11-11,2270.3144199350536,2320.7647130232363,2242.662385884704,2277.7177734375,867,SUNDARMFIN.BO
2022-11-14,2272.9617276965846,2312.282688546262,2215.2062385712998,2246.437255859375,2411,SUNDARMFIN.BO
2022-11-15,2260.704970827509,2270.069465669143,2221.1879373378824,2228.73828125,648,SUNDARMFIN.BO
2022-11-16,2211.235303842386,2277.5707949068646,2172.9439822682193,2199.90966796875,1167,SUNDARMFIN.BO
2022-11-17,2192.9962292749997,2193.535590777529,2168.9722587904002,2182.259033203125,961,SUNDARMFIN.BO
2022-11-18,2174.0715049022474,2193.4377697526434,2170.0513100145804,2186.132568359375,296,SUNDARMFIN.BO
2022-11-21,2158.382414180595,2188.731259212378,2130.8285299110153,2176.3759765625,447,SUNDARMFIN.BO
2022-11-22,2185.7402801564476,2232.9546444519747,2167.011291624254,2225.355224609375,1168,SUNDARMFIN.BO
2022-11-23,2181.96495902583,2248.741891460113,2181.96495902583,2211.529296875,1027,SUNDARMFIN.BO
2022-11-24,2216.186808815178,2236.6806302736954,2207.361676999105,2218.14794921875,655,SUNDARMFIN.BO
2022-11-25,2224.178517305253,2229.8167963637807,2181.3767207328115,2207.16552734375,737,SUNDARMFIN.BO
2022-11-28,2166.3251358765515,2216.8245110027897,2166.3251358765515,2206.920654296875,272,SUNDARMFIN.BO
2022-11-29,2167.942558131825,2239.3281165287735,2167.942558131825,2220.55029296875,121817,SUNDARMFIN.BO
2022-11-30,2213.7359242764705,2227.120615042827,2162.2559761026682,2182.30859375,801,SUNDARMFIN.BO
2022-12-01,2193.5846997216445,2210.3523071602917,2190.4469228381286,2203.1943359375,302,SUNDARMFIN.BO
2022-12-02,2193.3887624026315,2225.7964191683304,2193.3887624026315,2220.795654296875,398,SUNDARMFIN.BO
2022-12-05,2213.000180747519,2279.8259510373878,2207.214672330315,2267.81396484375,2304,SUNDARMFIN.BO
2022-12-06,2276.4919219073217,2283.7971221778157,2253.8406540327155,2267.225341796875,501,SUNDARMFIN.BO
2022-12-07,2258.645666173715,2310.2237627477043,2258.645666173715,2283.06201171875,794,SUNDARMFIN.BO
2022-12-08,2283.6502128701295,2329.8351725288303,2280.2672930116523,2320.7158203125,1001,SUNDARMFIN.BO
2022-12-09,2319.6858751320083,2345.2788539632315,2238.8869837196817,2257.56689453125,1557,SUNDARMFIN.BO
2022-12-12,2258.1552084146474,2267.617855281529,2214.7161364059075,2254.0859375,498,SUNDARMFIN.BO
2022-12-13,2261.0969493923703,2310.3217697606024,2241.240400901841,2284.4345703125,745,SUNDARMFIN.BO
2022-12-14,2275.707452992184,2315.6166137425994,2265.117246557444,2273.991455078125,992,SUNDARMFIN.BO
2022-12-15,2271.9324788027475,2293.6031798140284,2258.0575037777617,2270.90283203125,656,SUNDARMFIN.BO
2022-12-16,2268.745475889093,2284.7288198040414,2242.564296520104,2267.6669921875,394,SUNDARMFIN.BO
2022-12-19,2246.3884948293658,2373.1272112000165,2246.3884948293658,2363.566650390625,1436,SUNDARMFIN.BO
2022-12-20,2353.908239774491,2369.695279027471,2321.3042751078474,2334.68896484375,1844,SUNDARMFIN.BO
2022-12-21,2337.6305838172175,2351.6037109808226,2305.0266204354716,2319.097900390625,2182,SUNDARMFIN.BO
2022-12-22,2319.343127546555,2335.326472343303,2267.225669113447,2282.914794921875,1137,SUNDARMFIN.BO
2022-12-23,2222.9533007592313,2291.102949812062,2222.9533007592313,2247.124267578125,540,SUNDARMFIN.BO
2022-12-26,2246.5356024306852,2273.4522089116936,2222.707696592875,2253.98779296875,906,SUNDARMFIN.BO
2022-12-27,2258.939715250622,2285.4151129172064,2252.5660084049628,2272.912841796875,523,SUNDARMFIN.BO
2022-12-28,2279.5319661220187,2284.434818133034,2244.035365441682,2265.558837890625,631,SUNDARMFIN.BO
2022-12-29,2253.154700288866,2270.6089011898166,2222.560951860866,2261.04833984375,753,SUNDARMFIN.BO
2022-12-30,2245.55520243449,2287.6706515477817,2245.55520243449,2264.136962890625,430,SUNDARMFIN.BO
2023-01-02,2257.567137024582,2264.921414559477,2238.446015433855,2245.80029296875,1316,SUNDARMFIN.BO
2023-01-03,2259.9202366358904,2273.697296706663,2251.7814555758187,2261.587158203125,137,SUNDARMFIN.BO
2023-01-04,2263.0091795862013,2300.074544048672,2230.7973506542035,2247.41796875,946,SUNDARMFIN.BO
2023-01-05,2248.693146467797,2363.5180399815085,2238.446233317849,2340.2294921875,1711,SUNDARMFIN.BO
2023-01-06,2340.5724600590943,2340.5724600590943,2272.7170365003362,2279.826171875,1027,SUNDARMFIN.BO
2023-01-09,2291.690992620041,2310.125523134402,2247.6141651801413,2293.308837890625,425,SUNDARMFIN.BO
2023-01-10,2336.9442274213143,2336.9442274213143,2270.314521706566,2304.9775390625,531,SUNDARMFIN.BO
2023-01-11,2290.563070510744,2295.956206986759,2247.9573402296382,2261.4892578125,287,SUNDARMFIN.BO
2023-01-12,2256.6844326708233,2273.8444132250593,2241.436755753128,2262.76416015625,739,SUNDARMFIN.BO
2023-01-13,2250.310441642678,2282.2771257143922,2250.310441642678,2270.216064453125,744,SUNDARMFIN.BO
2023-01-16,2287.7684794541465,2287.817316447598,2265.9507920265946,2267.225341796875,89,SUNDARMFIN.BO
2023-01-17,2266.049077792021,2280.3655011368196,2264.9705940093995,2270.706787109375,246,SUNDARMFIN.BO
2023-01-18,2272.0794364541202,2280.512197019421,2238.7400477425235,2249.967529296875,278,SUNDARMFIN.BO
2023-01-19,2242.3192055099003,2267.568891545488,2207.85225411723,2220.01123046875,1430,SUNDARMFIN.BO
2023-01-20,2226.237991879653,2249.5753747129547,2218.0992100879357,2245.506103515625,197,SUNDARMFIN.BO
2023-01-23,2229.767852708035,2260.2146093159754,2226.384932950942,2250.703125,627,SUNDARMFIN.BO
2023-01-24,2247.5654596156987,2251.8307971226004,2216.089054716868,2218.981689453125,464,SUNDARMFIN.BO
2023-01-25,2217.265607848013,2218.785539756426,2169.6100328995,2210.3525390625,902,SUNDARMFIN.BO
2023-01-27,2209.2737959469296,2218.5892130955244,2174.1693339707144,2198.732666015625,856,SUNDARMFIN.BO
2023-01-30,2186.426742579222,2219.9622007413886,2186.426742579222,2219.570068359375,363,SUNDARMFIN.BO
2023-01-31,2214.4221974825914,2244.035375887557,2212.1177612678584,2230.160400390625,860,SUNDARMFIN.BO
2023-02-01,2230.16023663195,2246.829932322957,2229.3757324847265,2236.435791015625,2575,SUNDARMFIN.BO
2023-02-02,2282.375252481365,2282.375252481365,2216.7749636357566,2242.171875,2108,SUNDARMFIN.BO
2023-02-03,2267.9120024689687,2275.8544778697487,2244.3292400354926,2261.832275390625,242,SUNDARMFIN.BO
2023-02-06,2261.1461699908045,2272.618795304255,2240.1620600806323,2245.359130859375,711,SUNDARMFIN.BO
2023-02-07,2269.922187088843,2282.620764525049,2252.6642927219277,2276.344970703125,434,SUNDARMFIN.BO
2023-02-08,2275.9528876329687,2290.4653768765706,2253.3997692967278,2271.14794921875,393,SUNDARMFIN.BO
2023-02-09,2304.29118967437,2304.29118967437,2264.6762442633053,2271.9814453125,970,SUNDARMFIN.BO
2023-02-10,2271.2952672538254,2288.74946826749,2267.1278430504226,2277.374755859375,126,SUNDARMFIN.BO
2023-02-13,2293.6031727378363,2293.6031727378363,2259.234133376289,2282.767822265625,124,SUNDARMFIN.BO
2023-02-14,2284.728672672625,2301.447443242619,2264.1857739028937,2299.7314453125,185367,SUNDARMFIN.BO
2023-02-15,2294.5344786588066,2314.1458844593094,2274.628853891888,2310.517822265625,591,SUNDARMFIN.BO
2023-02-16,2299.486337761154,2319.7350178860343,2277.0802115450792,2297.034912109375,3074,SUNDARMFIN.BO
2023-02-17,2325.0264597356645,2327.145685480999,2286.636638436135,2313.001953125,1270,SUNDARMFIN.BO
2023-02-20,2319.260863493775,2319.260863493775,2287.5730587246235,2296.34521484375,455,SUNDARMFIN.BO
2023-02-21,2295.9504400194937,2314.2830521354094,2283.334466997871,2303.1455078125,309,SUNDARMFIN.BO
2023-02-22,2298.1190238104205,2298.1190238104205,2242.5795235522482,2276.9775390625,668,SUNDARMFIN.BO
2023-02-23,2282.349046978633,2289.98759592171,2248.640917833186,2269.141845703125,188,SUNDARMFIN.BO
2023-02-24,2272.9367629475914,2288.6080135585757,2253.175047865642,2264.8544921875,820,SUNDARMFIN.BO
2023-02-27,2275.893446387477,2284.320298248912,2249.0844109909553,2257.4130859375,179,SUNDARMFIN.BO
2023-02-28,2304.0821966295453,2304.0821966295453,2239.721208014005,2254.94921875,345,SUNDARMFIN.BO
2023-03-01,2256.0825025037757,2275.893546025349,2246.0292341047975,2270.521728515625,243,SUNDARMFIN.BO
2023-03-02,2273.6758206562567,2307.482367796201,2263.031084829094,2296.0,709,SUNDARMFIN.BO
2023-03-03,2290.924471075299,2306.1029130694897,2273.62680306502,2284.96142578125,346,SUNDARMFIN.BO
2023-03-06,2237.3556723199245,2333.8970286449703,2237.3556723199245,2267.170654296875,208,SUNDARMFIN.BO
2023-03-08,2266.924388316623,2283.630587313275,2246.719192681627,2272.049560546875,380,SUNDARMFIN.BO
2023-03-09,2264.8544475562117,2298.6119079006253,2210.004830868924,2256.033203125,1207,SUNDARMFIN.BO
2023-03-10,2246.32474347731,2268.402516602758,2242.579342510579,2252.48486328125,740,SUNDARMFIN.BO
2023-03-13,2251.154289686781,2259.630711197548,2201.28186109771,2230.505615234375,251,SUNDARMFIN.BO
2023-03-14,2216.0662974619095,2227.302501654863,2182.210419502041,2219.171142578125,452,SUNDARMFIN.BO
2023-03-15,2216.756504973091,2217.643466107648,2182.6539803090604,2200.0009765625,444,SUNDARMFIN.BO
2023-03-16,2196.7482266449574,2244.304355330143,2186.9904517182604,2227.548828125,193,SUNDARMFIN.BO
2023-03-17,2228.238905576111,2282.0044882809234,2198.2268450324573,2239.42578125,321,SUNDARMFIN.BO
2023-03-20,2179.2535240966185,2230.4563967895992,2158.900341895683,2189.65185546875,754,SUNDARMFIN.BO
2023-03-21,2195.1216154291938,2214.784910170341,2180.6823909904388,2211.187255859375,140,SUNDARMFIN.BO
2023-03-22,2210.7934050609447,2253.076376512639,2204.6826135653905,2249.626708984375,449,SUNDARMFIN.BO
2023-03-23,2224.5919071195212,2266.8255462900875,2210.546833244038,2232.27978515625,201,SUNDARMFIN.BO
2023-03-24,2235.5322885573296,2266.924359086123,2235.5322885573296,2252.386474609375,258,SUNDARMFIN.BO
2023-03-27,2242.826045250452,2253.125718804961,2200.6414911031393,2222.620849609375,523,SUNDARMFIN.BO
2023-03-28,2206.55504172006,2242.579472548341,2186.152771872306,2221.43798828125,88,SUNDARMFIN.BO
2023-03-29,2212.665882224283,2258.3001015233963,2202.3662092107056,2250.02099609375,278,SUNDARMFIN.BO
2023-03-31,2229.865013580937,2273.873059812564,2222.2264639870527,2251.3515625,758,SUNDARMFIN.BO
2023-04-03,2217.6433298698375,2370.907124445286,2217.6433298698375,2350.603271484375,753,SUNDARMFIN.BO
2023-04-05,2297.5276876561543,2349.2726957320583,2271.260791559811,2317.831298828125,1254,SUNDARMFIN.BO
2023-04-06,2317.7331418808485,2360.5089237812294,2308.02469540316,2333.0595703125,281,SUNDARMFIN.BO
2023-04-10,2330.6444396617067,2352.2296453959657,2273.7249285505445,2304.919921875,1173,SUNDARMFIN.BO
2023-04-11,2327.3918671576866,2328.032423350854,2265.3469493999523,2322.80859375,644,SUNDARMFIN.BO
2023-04-12,2320.837337919698,2321.6752104395155,2296.393935152437,2306.69384765625,2533,SUNDARMFIN.BO
2023-04-13,2299.7947917678666,2309.3552504439513,2288.262853946199,2297.5771484375,168,SUNDARMFIN.BO
2023-04-17,2291.6633137493695,2308.763662607796,2271.4087909257523,2280.032958984375,471,SUNDARMFIN.BO
2023-04-18,2292.1070162232672,2298.020732036122,2252.140105395449,2258.546630859375,530,SUNDARMFIN.BO
2023-04-19,2266.2837913146536,2276.2384016806195,2242.2838655567025,2260.517822265625,414,SUNDARMFIN.BO
2023-04-20,2254.2589116497093,2302.800658425895,2254.2589116497093,2283.482666015625,147,SUNDARMFIN.BO
2023-04-21,2283.433514581398,2305.2648858370035,2269.8812491986446,2299.00634765625,166,SUNDARMFIN.BO
2023-04-24,2291.2198283573794,2313.0021113186035,2242.826064706767,2304.32861328125,926,SUNDARMFIN.BO
2023-04-25,2300.090214408507,2330.0038542202774,2286.833683922237,2305.018310546875,545,SUNDARMFIN.BO
2023-04-26,2304.3284417613445,2314.8745194472463,2272.345145719597,2290.5791015625,782,SUNDARMFIN.BO
2023-04-27,2283.4334268852613,2317.733025353538,2278.751735387385,2293.93017578125,265,SUNDARMFIN.BO
2023-04-28,2292.500987118792,2335.917562084315,2291.6140260686125,2317.63427734375,558,SUNDARMFIN.BO
2023-05-02,2333.3552683314388,2341.8810205084046,2282.7931856797304,2302.6533203125,1100,SUNDARMFIN.BO
2023-05-03,2289.6427177169553,2314.480273290333,2282.8418008976646,2308.91162109375,838,SUNDARMFIN.BO
2023-05-04,2303.3426795557075,2324.0900112853574,2295.704130960516,2307.28515625,968,SUNDARMFIN.BO
2023-05-05,2300.484366805099,2348.681045765164,2284.4187269418544,2309.502685546875,2309,SUNDARMFIN.BO
2023-05-08,2308.6654228591915,2331.038932448359,2307.827550217095,2328.8212890625,382,SUNDARMFIN.BO
2023-05-09,2332.9608945505206,2374.307576262514,2322.1190821973078,2347.498779296875,2902,SUNDARMFIN.BO
2023-05-10,2447.391439791812,2454.1427877837,2353.4125409920885,2390.471923828125,2861,SUNDARMFIN.BO
2023-05-11,2397.2722433064364,2438.9639826203106,2373.617383057961,2379.18603515625,1778,SUNDARMFIN.BO
2023-05-12,2379.186384458801,2392.7386501325122,2335.8191343029243,2343.75341796875,709,SUNDARMFIN.BO
2023-05-15,2349.6668909204996,2370.266476992172,2341.831266249014,2351.835205078125,842,SUNDARMFIN.BO
2023-05-16,2316.254426648043,2386.184060084687,2316.254426648043,2376.377197265625,928,SUNDARMFIN.BO
2023-05-17,2388.0076684326104,2390.422387441179,2365.5355016671674,2367.8515625,1347,SUNDARMFIN.BO
2023-05-19,2402.98924005132,2436.894448531589,2379.3837053768234,2432.70556640625,1110,SUNDARMFIN.BO
2023-05-22,2432.705228331577,2461.97807004876,2422.8983655504753,2436.647705078125,3542,SUNDARMFIN.BO
2023-05-23,2442.5121794654806,2489.7234845909757,2442.5121794654806,2486.66796875,1225,SUNDARMFIN.BO
2023-05-24,2477.2063224084886,2516.236701656821,2450.643690214699,2476.220703125,2574,SUNDARMFIN.BO
2023-05-25,2473.411442027322,2513.920488375762,2461.238948362001,2472.278076171875,4140,SUNDARMFIN.BO
2023-05-26,2469.962062722017,2492.4835608626518,2446.0114646662464,2481.099609375,1737,SUNDARMFIN.BO
2023-05-30,2178.859221826901,2527.029241554733,2178.859221826901,2519.144287109375,478,SUNDARMFIN.BO
2023-05-31,2521.854641101046,2533.7314013935993,2491.990569816564,2510.52001953125,315,SUNDARMFIN.BO
2023-06-01,2523.136226681877,2523.136226681877,2474.8902072471888,2487.21044921875,970,SUNDARMFIN.BO
2023-06-02,2488.6887245507173,2503.768747918492,2473.3622963587304,2485.978271484375,402,SUNDARMFIN.BO
2023-06-05,2482.7749053008965,2525.994405918575,2477.8468090220144,2498.93896484375,1751,SUNDARMFIN.BO
2023-06-06,2497.1156519153324,2526.5362415956997,2465.822241317431,2507.267578125,7295,SUNDARMFIN.BO
2023-06-07,2518.010807304638,2529.8382384378824,2507.8588807893298,2516.87744140625,972,SUNDARMFIN.BO
2023-06-08,2516.5324230519504,2554.7744991870627,2510.9637703798176,2525.69873046875,3438,SUNDARMFIN.BO
2023-06-09,2527.2265094773297,2548.9101337864286,2520.967730754411,2535.505615234375,5935,SUNDARMFIN.BO
2023-06-12,2534.6674756729285,2566.2072895284664,2520.0805042684888,2555.365478515625,605,SUNDARMFIN.BO
2023-06-13,2549.2052406750668,2549.2052406750668,2504.1624942226063,2523.431396484375,863,SUNDARMFIN.BO
2023-06-14,2507.1196821508893,2533.682073279169,2501.600358631731,2525.797119140625,2122,SUNDARMFIN.BO
2023-06-15,2525.304536656854,2536.195678666312,2502.0933933274473,2505.197998046875,448,SUNDARMFIN.BO
2023-06-16,2535.8996128491126,2570.1498809867235,2534.569171270504,2541.468505859375,617,SUNDARMFIN.BO
2023-06-19,2534.4702295634283,2587.890737563713,2534.4702295634283,2556.006103515625,1576,SUNDARMFIN.BO
2023-06-20,2560.244641061206,2595.0861369124486,2542.996304314146,2579.06982421875,1404,SUNDARMFIN.BO
2023-06-21,2577.098841581494,2611.8912524284665,2543.538454910195,2570.938720703125,1624,SUNDARMFIN.BO
2023-06-22,2576.704638697211,2587.152059120687,2547.6288687313113,2560.34326171875,912,SUNDARMFIN.BO
2023-06-23,2566.601882867381,2584.1459538263694,2537.9695952302027,2561.821533203125,897,SUNDARMFIN.BO
2023-06-26,2534.125815035557,2579.217896881597,2534.125815035557,2572.46630859375,3221,SUNDARMFIN.BO
2023-06-27,2553.8378573166447,2588.7780078051,2553.739199150489,2567.439208984375,1097,SUNDARMFIN.BO
2023-06-28,2577.3452551483065,2583.4069584909907,2555.0210732613546,2573.599853515625,2553,SUNDARMFIN.BO
2023-06-30,2578.5275497122166,2596.170277605024,2563.9405781923924,2571.48046875,772,SUNDARMFIN.BO
2023-07-07,2613.8622868335833,2621.648582763446,2586.4620231820113,2608.5400390625,1407,SUNDARMFIN.BO
2023-07-10,2599.6694559398,2636.5315200049986,2580.5976270105,2587.89111328125,946,SUNDARMFIN.BO
2023-07-14,2524.023016824488,2566.5030598362846,2512.4910797161347,2561.525634765625,3324,SUNDARMFIN.BO
2023-07-17,2600.2111752426094,2600.2605043281487,2541.2220109765058,2554.3798828125,1143,SUNDARMFIN.BO
2023-07-19,2470.996826030207,2551.0783912980405,2469.9618776761895,2542.0107421875,699,SUNDARMFIN.BO
2023-07-20,2473.953786684877,2546.840286223894,2473.953786684877,2534.42138671875,661,SUNDARMFIN.BO
2023-07-21,2533.041463110518,2585.377941343397,2513.329078183588,2562.8564453125,1415,SUNDARMFIN.BO
2023-07-24,2586.363575624225,2586.363575624225,2519.2428083059767,2552.0146484375,1845,SUNDARMFIN.BO
2023-07-26,2557.090543246315,2566.552584510216,2525.550726539584,2562.610107421875,870,SUNDARMFIN.BO
2023-07-28,2577.0493324171252,2631.603455355879,2571.2836040556854,2611.15185546875,1213,SUNDARMFIN.BO
2023-08-03,2547.283568826587,2558.0760512605852,2513.329034505965,2520.7705078125,341,SUNDARMFIN.BO
2023-08-04,2542.108917474839,2557.2875970846,2503.1769602240515,2542.8974609375,861,SUNDARMFIN.BO
2023-08-07,2559.1603892134412,2578.774116087056,2532.4500112177966,2567.291748046875,1094,SUNDARMFIN.BO
2023-08-08,2537.1811236074573,2611.447633226644,2537.1811236074573,2582.223876953125,1562,SUNDARMFIN.BO
2023-08-09,2579.6614107946502,2583.1110783028994,2547.875188754355,2562.46240234375,1479,SUNDARMFIN.BO
2023-08-10,2540.08842086282,2574.289599550486,2540.08842086282,2566.01025390625,471,SUNDARMFIN.BO
2023-08-11,2561.7229673008014,2584.244221716212,2555.710593909378,2561.4765625,814,SUNDARMFIN.BO
2023-08-14,2611.8912123421483,2611.8912123421483,2541.4194305751807,2552.2119140625,811,SUNDARMFIN.BO
2023-08-16,2562.659386884771,2562.659386884771,2454.339686602412,2492.680419921875,23030,SUNDARMFIN.BO
2023-08-17,2494.848817657688,2500.5161285521203,2475.7278997614,2489.67431640625,918,SUNDARMFIN.BO
2023-08-18,2493.616745087078,2556.6963781643794,2493.616745087078,2547.38232421875,1345,SUNDARMFIN.BO
2023-08-21,2496.524250374085,2572.4169332081333,2496.524250374085,2555.56298828125,792,SUNDARMFIN.BO
2023-08-22,2555.563172908929,2569.5095901594414,2548.12169885061,2554.873046875,121,SUNDARMFIN.BO
2023-08-23,2557.681837761269,2570.9876970328596,2545.3122686087786,2559.653076171875,460,SUNDARMFIN.BO
2023-08-24,2562.659430764117,2577.345061633371,2547.1359272635877,2568.91796875,973,SUNDARMFIN.BO
2023-08-25,2575.3243961401377,2575.373725227698,2557.4848324111404,2563.891357421875,139,SUNDARMFIN.BO
2023-08-28,2548.860747402108,2575.4231384577347,2547.924457226657,2553.690185546875,299,SUNDARMFIN.BO
2023-08-29,2501.6987071824674,2577.1479081406733,2501.6987071824674,2558.421142578125,288,SUNDARMFIN.BO
2023-08-30,2557.0905043857088,2565.5669262487067,2539.497345024175,2544.770263671875,318,SUNDARMFIN.BO
2023-08-31,2551.866921250234,2587.2505564175494,2551.866921250234,2560.9345703125,313,SUNDARMFIN.BO
2023-09-01,2561.9200248549732,2580.9425234679147,2545.2629160610795,2553.443603515625,418,SUNDARMFIN.BO
2023-09-04,2600.0142027887787,2600.0142027887787,2531.7600710289485,2545.0166015625,587,SUNDARMFIN.BO
2023-09-05,2544.8689927512273,2580.351286995629,2537.821911118459,2564.28564453125,3806,SUNDARMFIN.BO
2023-09-06,2562.708690791649,2585.7227557452034,2554.0351933245493,2582.66748046875,819,SUNDARMFIN.BO
2023-09-07,2586.6100064411276,2593.46001218598,2555.9571511415256,2581.583251953125,1640,SUNDARMFIN.BO
2023-09-08,2587.349195372103,2592.0799752792136,2542.9469999316357,2586.166259765625,994,SUNDARMFIN.BO
2023-09-11,2588.236301332155,2642.00188267884,2579.069993647039,2622.486572265625,5106,SUNDARMFIN.BO
2023-09-12,2572.5154732047517,2937.145252671353,2572.5154732047517,2712.424072265625,21995,SUNDARMFIN.BO
2023-09-13,2639.2419830152835,2792.899929953425,2639.2419830152835,2747.857177734375,3456,SUNDARMFIN.BO
2023-09-14,2752.0955198218026,2755.003048661917,2673.6894555433573,2685.369140625,1164,SUNDARMFIN.BO
2023-09-15,2710.354380581789,2710.453038762355,2663.8825274599835,2679.307373046875,739,SUNDARMFIN.BO
2023-09-18,2685.812510613845,2857.5073393132,2679.40598535917,2846.66552734375,2071,SUNDARMFIN.BO
2023-09-20,2817.934666009314,2903.437132948116,2798.025205983508,2869.72900390625,4407,SUNDARMFIN.BO
2023-09-21,2880.0287146267083,2914.919539062063,2815.5199842504053,2876.776123046875,3946,SUNDARMFIN.BO
2023-09-22,2868.1027395034484,2952.8659965134066,2848.291936603362,2938.37744140625,2712,SUNDARMFIN.BO
2023-09-25,2939.362800365634,3178.6218563766183,2935.3216654746466,3106.572998046875,9422,SUNDARMFIN.BO
2023-09-26,3102.384676193433,3214.9425993893988,3092.1836602151907,3169.209716796875,7236,SUNDARMFIN.BO
2023-09-27,3227.8534910694925,3227.8534910694925,3117.6121299711854,3137.127197265625,2712,SUNDARMFIN.BO
2023-09-28,3166.745259217115,3166.745259217115,2994.606956823678,3012.495849609375,1274,SUNDARMFIN.BO
2023-09-29,3060.29856296166,3134.269338719971,2968.685298183822,3028.01953125,2300,SUNDARMFIN.BO
2023-10-03,3252.4940603685354,3252.4940603685354,3033.0953688394807,3100.856689453125,5111,SUNDARMFIN.BO
2023-10-04,3152.8973267298643,3152.8973267298643,3003.526921699196,3022.155029296875,3760,SUNDARMFIN.BO
2023-10-05,3082.6227841894056,3145.308022518082,3045.5634050796016,3122.24462890625,4912,SUNDARMFIN.BO
2023-10-06,3095.386629272637,3198.0387794191342,3082.9184011988045,3111.895751953125,3305,SUNDARMFIN.BO
2023-10-09,3050.7381343669344,3155.2137800313862,3050.7381343669344,3138.458251953125,1723,SUNDARMFIN.BO
2023-10-10,3182.5150060836722,3263.6808418837454,3125.0533597104973,3224.3544921875,3603,SUNDARMFIN.BO
2023-10-11,3248.354770177683,3278.2684118364973,3207.057418240097,3231.15576171875,1638,SUNDARMFIN.BO
2023-10-12,3231.1556809317,3259.590652317062,3050.4916217349923,3115.4931640625,1632,SUNDARMFIN.BO
2023-10-13,3104.651188221974,3162.5069878312765,3086.36790371633,3148.4619140625,1682,SUNDARMFIN.BO
2023-10-16,3105.9326457236016,3179.8047600084465,3084.0026175229355,3173.25048828125,1621,SUNDARMFIN.BO
2023-10-17,2981.7938348766543,3263.188118457565,2981.7938348766543,3251.015625,2938,SUNDARMFIN.BO
2023-10-18,3272.2065543394306,3272.2065543394306,3218.145483293756,3252.395751953125,26142,SUNDARMFIN.BO
2023-10-19,3252.543585212075,3252.543585212075,3198.235867279834,3224.20703125,796,SUNDARMFIN.BO
2023-10-20,3224.2069307731663,3228.98728032707,3168.7658486620494,3193.110595703125,708,SUNDARMFIN.BO
2023-10-23,3173.743417413062,3196.75748327199,3102.088943731214,3119.78076171875,1518,SUNDARMFIN.BO
2023-10-25,3154.080152496436,3170.047135685507,3081.6862285058032,3119.632568359375,419,SUNDARMFIN.BO
2023-10-26,3079.567358323293,3169.554444316065,2907.3303937315195,3147.96923828125,7858,SUNDARMFIN.BO
2023-10-27,3173.64463168921,3210.4576066476207,3078.0888942569645,3141.80908203125,1525,SUNDARMFIN.BO
2023-10-30,3153.9320524399996,3185.373448714887,3126.3347153516556,3137.127197265625,320,SUNDARMFIN.BO
2023-10-31,3145.062056631488,3182.8606554351104,3105.8343578781914,3123.3291015625,187,SUNDARMFIN.BO
2023-11-01,3123.3286223316454,3177.09419843219,3121.9488516877477,3140.3798828125,368,SUNDARMFIN.BO
2023-11-02,3166.745236695372,3212.921593578096,3139.344974150276,3151.024658203125,1084,SUNDARMFIN.BO
2023-11-03,3166.6961309997937,3224.946327482178,3161.768034533592,3175.36962890625,425,SUNDARMFIN.BO
2023-11-06,3188.4783070158833,3233.126907632649,3143.731288850911,3164.97119140625,741,SUNDARMFIN.BO
2023-11-07,3165.8584010303807,3334.2513076927744,3165.365591399008,3294.383056640625,3347,SUNDARMFIN.BO
2023-11-08,3291.031988816617,3365.643317552445,3170.9835166251123,3207.402099609375,3278,SUNDARMFIN.BO
2023-11-09,3252.5929329201786,3252.5929329201786,3192.0266766656996,3217.849853515625,454,SUNDARMFIN.BO
2023-11-10,3250.523230478923,3250.523230478923,3119.4851883092233,3138.064208984375,1596,SUNDARMFIN.BO
2023-11-13,3135.5999422743075,3180.100555799066,3124.31440919596,3167.632568359375,475,SUNDARMFIN.BO
2023-11-15,3400.3372177133415,3400.3372177133415,3139.4931691502666,3167.3369140625,1455,SUNDARMFIN.BO
2023-11-16,3183.008053826274,3268.412106620128,3166.8933233904518,3249.537353515625,903,SUNDARMFIN.BO
2023-11-17,3220.3137441118038,3289.8983170653014,3201.537649737118,3226.523193359375,772,SUNDARMFIN.BO
2023-11-20,3232.782000842004,3232.782000842004,3118.302414480549,3135.649169921875,834,SUNDARMFIN.BO
2023-11-21,3138.704566413981,3173.694050511232,3086.4667450856905,3105.53857421875,2353,SUNDARMFIN.BO
2023-11-22,3124.6594692518534,3161.9159255278514,3107.1153982404358,3155.952880859375,755,SUNDARMFIN.BO
2023-11-23,3153.98147223332,3195.0817451674225,3074.392721019932,3083.756103515625,1063,SUNDARMFIN.BO
2023-11-24,3071.1894729810965,3094.6965875033834,3059.805522925463,3080.109375,1071,SUNDARMFIN.BO
2023-11-28,3074.6884819143206,3101.8914279734463,3065.6208332279452,3087.255126953125,700,SUNDARMFIN.BO
2023-11-29,3094.9431266875285,3364.4113354326564,3083.953327588725,3323.21240234375,4280,SUNDARMFIN.BO
2023-11-30,3351.056303168826,3394.472881618607,3276.54362819405,3363.080810546875,2058,SUNDARMFIN.BO
2023-12-01,3365.840430633428,3365.889759722175,3199.3201054343135,3303.45068359375,3243,SUNDARMFIN.BO
2023-12-04,3351.0562329150857,3382.3003160584276,3281.027934736065,3361.55322265625,2061,SUNDARMFIN.BO
2023-12-05,3301.8244858693383,3375.105373322527,3301.8244858693383,3363.770751953125,596,SUNDARMFIN.BO
2023-12-06,3431.0885384534567,3431.0885384534567,3284.132844836781,3346.02978515625,590,SUNDARMFIN.BO
2023-12-07,3337.060522157194,3361.3559414841843,3290.342263908524,3307.491943359375,749,SUNDARMFIN.BO
2023-12-08,3290.2434643196752,3306.456852871054,3221.3978633923725,3242.3916015625,430,SUNDARMFIN.BO
2023-12-11,3236.7737168744698,3263.8782470858123,3145.6039334363186,3250.12890625,1222,SUNDARMFIN.BO
2023-12-12,3185.127150058616,3329.618782536869,3185.127150058616,3312.9619140625,1298,SUNDARMFIN.BO
2023-12-13,3356.083161865552,3474.800962537698,3242.736938438567,3441.78271484375,3211,SUNDARMFIN.BO
2023-12-14,3510.6282404024446,3537.8805181095304,3424.879360314541,3514.8662109375,847,SUNDARMFIN.BO
2023-12-15,3511.1205943170726,3637.131862539831,3500.475859010173,3621.75634765625,1164,SUNDARMFIN.BO
2023-12-18,3553.2069291524754,3745.353364835668,3553.157600061206,3733.328857421875,2536,SUNDARMFIN.BO
2023-12-19,3721.8462407828706,3728.942892279703,3580.8535917647678,3598.54541015625,1003,SUNDARMFIN.BO
2023-12-20,3533.4942259253253,3636.688509932996,3418.570928844615,3479.23583984375,3118,SUNDARMFIN.BO
2023-12-21,3410.291839435215,3601.156905648343,3410.291839435215,3502.545654296875,2380,SUNDARMFIN.BO
2023-12-22,3467.0634814325426,3555.5721387936433,3461.9383094245986,3479.630126953125,1410,SUNDARMFIN.BO
2023-12-26,3536.598900943207,3539.3586829349824,3404.722998799807,3446.61181640625,1681,SUNDARMFIN.BO
2023-12-27,3449.6673736085786,3618.4053410145784,3449.6673736085786,3550.74267578125,2830,SUNDARMFIN.BO
2023-12-28,3558.0853439809835,3558.0853439809835,3443.0143013466954,3484.75537109375,6853,SUNDARMFIN.BO
2023-12-29,3488.5992461853657,3504.4184828693706,3426.652981654706,3459.375732421875,3094,SUNDARMFIN.BO
2024-01-01,3375.795472180504,3542.808616447678,3375.795472180504,3442.96533203125,927,SUNDARMFIN.BO
2024-01-02,3453.3140672334753,3489.092093607423,3397.725238604151,3480.81298828125,1155,SUNDARMFIN.BO
2024-01-03,3479.3839579865826,3593.3709771070385,3479.3348695241903,3553.354736328125,3060,SUNDARMFIN.BO
2024-01-04,3582.7259046309014,3587.259849345311,3548.2292315464224,3558.18408203125,687,SUNDARMFIN.BO
2024-01-05,3637.1321631921182,3637.1321631921182,3512.993464904447,3570.30712890625,1258,SUNDARMFIN.BO
2024-01-08,3570.3070623641115,3696.0228453844497,3570.3070623641115,3663.152587890625,2599,SUNDARMFIN.BO
2024-01-09,3736.4332123930562,3806.3137609362675,3577.403692284469,3597.60888671875,2381,SUNDARMFIN.BO
2024-01-10,3597.559526598245,3645.8055398882375,3500.4760322270663,3615.69482421875,2632,SUNDARMFIN.BO
2024-01-11,3688.0391261579134,3688.0391261579134,3576.072694056844,3632.94287109375,3074,SUNDARMFIN.BO
2024-01-12,3645.8058077720275,3740.720994932424,3610.816322458184,3636.294677734375,1884,SUNDARMFIN.BO
2024-01-15,3695.0865076784494,3717.0165356314624,3563.0135303434504,3583.3173828125,881,SUNDARMFIN.BO
2024-01-16,3602.7341121400395,3608.1056889556576,3552.1717962155813,3574.939697265625,625,SUNDARMFIN.BO
2024-01-17,3572.1304892488242,3620.22875573038,3520.6318845545425,3533.937744140625,959,SUNDARMFIN.BO
2024-01-19,3587.654173823583,3629.493664070941,3523.1454401701963,3535.0712890625,1723,SUNDARMFIN.BO
2024-01-23,3543.695454962009,3621.1652264448567,3514.3241929888945,3548.574462890625,1053,SUNDARMFIN.BO
2024-01-24,3499.0962899958,3620.623198796458,3499.0962899958,3545.4697265625,1260,SUNDARMFIN.BO
2024-01-25,3548.5741782666128,3609.978061841444,3472.829246595172,3497.4697265625,56537,SUNDARMFIN.BO
2024-01-29,3500.0817059851533,3550.5946925851695,3476.9196535929505,3492.29541015625,542,SUNDARMFIN.BO
2024-01-30,3514.915368800277,3556.2129603120816,3440.6491016853643,3466.965087890625,856,SUNDARMFIN.BO
2024-01-31,3490.077877789826,3560.993137008413,3485.8396667510074,3508.0654296875,503,SUNDARMFIN.BO
2024-02-01,3540.147524217477,3541.428877460331,3408.8630788261335,3474.30810546875,653,SUNDARMFIN.BO
2024-02-02,3410.390426292445,3605.8387759719435,3410.390426292445,3557.64208984375,1439,SUNDARMFIN.BO
2024-02-05,3597.4115982498693,3724.7044685502897,3578.684832531484,3628.064453125,2551,SUNDARMFIN.BO
2024-02-06,3644.967723099073,3777.6814991239607,3644.967723099073,3686.51171875,1992,SUNDARMFIN.BO
2024-02-07,3727.66142429129,3871.266104423117,3727.66142429129,3752.646728515625,1438,SUNDARMFIN.BO
2024-02-08,3805.1799467275364,3876.4895911514122,3676.3595671260277,3691.833740234375,2029,SUNDARMFIN.BO
2024-02-09,3744.2690182242195,3839.874089193232,3653.296550414174,3665.271728515625,1316,SUNDARMFIN.BO
2024-02-12,3519.1533474177463,3785.615593921515,3519.1533474177463,3640.433837890625,2463,SUNDARMFIN.BO
2024-02-13,3523.638105886044,3755.1599687026674,3523.638105886044,3662.364013671875,5245,SUNDARMFIN.BO
2024-02-14,3645.756322290635,3699.423242998873,3629.838667455795,3645.85498046875,1689,SUNDARMFIN.BO
2024-02-15,3684.8852138620446,3758.067441210408,3671.973746411395,3703.020751953125,748,SUNDARMFIN.BO
2024-02-16,3794.7787979957175,3886.339087524817,3732.4030261984726,3836.379150390625,3046,SUNDARMFIN.BO
2024-02-19,3913.2976822713886,4061.0998556811273,3898.853722591796,4008.567626953125,7108,SUNDARMFIN.BO
2024-02-20,4055.0157444065007,4155.4795445061145,4026.671991328016,4077.769775390625,6360,SUNDARMFIN.BO
2024-02-21,4155.083827836844,4180.063796087529,4100.672015805647,4115.9072265625,16750,SUNDARMFIN.BO
2024-02-22,4043.9356344662383,4156.320866559513,4043.9356344662383,4128.818359375,7841,SUNDARMFIN.BO
2024-02-23,4152.858269790641,4197.673627664832,4130.302291600874,4145.4384765625,1813,SUNDARMFIN.BO
2024-02-26,4151.176101831104,4203.2136796741215,4137.721930393798,4154.638671875,3748,SUNDARMFIN.BO
2024-02-27,4173.682625511715,4177.095923344526,4138.513001677065,4152.36328125,3361,SUNDARMFIN.BO
2024-02-28,4204.450467572241,4204.450467572241,4122.4863884566075,4130.3515625,1580,SUNDARMFIN.BO
2024-02-29,4143.112979432973,4207.962253755998,4120.705303373007,4126.146484375,2951,SUNDARMFIN.BO
2024-03-01,4204.450463899301,4204.450463899301,4122.882493607877,4131.39013671875,924,SUNDARMFIN.BO
2024-03-04,4030.5798463572924,4211.375468653383,4030.5798463572924,4145.2900390625,3140,SUNDARMFIN.BO
2024-03-05,4149.148345213239,4180.509530936604,4138.265981885307,4150.08837890625,11063,SUNDARMFIN.BO
2024-03-06,4150.088207683502,4164.977065489567,4134.061261856183,4154.58935546875,12233,SUNDARMFIN.BO
2024-03-07,4253.965158897957,4253.965158897957,4036.8618338430765,4109.18017578125,3185,SUNDARMFIN.BO
2024-03-11,4136.534553598107,4142.717714365817,3881.293677107031,3930.165283203125,5566,SUNDARMFIN.BO
2024-03-12,3965.533004972045,4031.4703770180504,3918.6895234154736,3966.621337890625,6086,SUNDARMFIN.BO
2024-03-13,3986.654721586731,4059.5667463089694,3825.8430286393273,3850.822998046875,7277,SUNDARMFIN.BO
2024-03-14,3857.352286752936,3930.461878506486,3795.866794989221,3904.937744140625,10050,SUNDARMFIN.BO
2024-03-15,3907.7576718311852,3907.7576718311852,3715.83235832859,3762.47802734375,14475,SUNDARMFIN.BO
2024-03-18,3710.8857990840534,3828.613181139772,3586.2332769074096,3808.480712890625,6656,SUNDARMFIN.BO
2024-03-19,3827.3267740883457,3921.6076521753953,3779.7413165668045,3854.23583984375,4743,SUNDARMFIN.BO
2024-03-20,3772.3218427702077,3957.6681296644847,3772.3218427702077,3935.2109375,3503,SUNDARMFIN.BO
2024-03-21,3963.059645976687,4019.054445759025,3928.730786155162,3984.7255859375,1557,SUNDARMFIN.BO
2024-03-22,3984.0823438712373,4038.246830820184,3931.945981908513,3961.5263671875,1571,SUNDARMFIN.BO
2024-03-26,3882.9260521046886,4110.713701660598,3882.9260521046886,4098.05078125,1826,SUNDARMFIN.BO
2024-03-27,4106.1131412082805,4154.094465711016,4095.7254317798534,4108.04248046875,1579,SUNDARMFIN.BO
2024-03-28,4131.241588737551,4151.868709257943,3960.4875693096533,4087.168212890625,1747,SUNDARMFIN.BO
2024-04-01,4085.6841431658545,4156.666825427982,4066.046328882847,4090.4326171875,2412,SUNDARMFIN.BO
2024-04-02,4152.857565515994,4256.438054638624,4110.663778459413,4166.01513671875,2354,SUNDARMFIN.BO
2024-04-03,4082.7163246863433,4235.9104089443335,4082.7163246863433,4155.03466796875,3412,SUNDARMFIN.BO
2024-04-04,4193.5188658643665,4223.099011818418,4167.252507797059,4201.13623046875,3834,SUNDARMFIN.BO
2024-04-05,4209.495903281797,4342.013599735797,4209.495903281797,4259.75244140625,9345,SUNDARMFIN.BO
2024-04-08,4258.9115086121255,4623.668208284774,4244.022168892844,4533.9384765625,9082,SUNDARMFIN.BO
2024-04-09,4649.2916666070905,4649.2916666070905,4402.65793516663,4426.30224609375,2045,SUNDARMFIN.BO
2024-04-10,4395.930603221497,4490.409297514171,4376.688414144403,4388.0654296875,1839,SUNDARMFIN.BO
2024-04-12,4448.759604503047,4578.60598261455,4371.742056188449,4495.4052734375,2495,SUNDARMFIN.BO
2024-04-15,4461.7688590892785,4589.389298739504,4369.911725101239,4558.3251953125,2058,SUNDARMFIN.BO
2024-04-16,4550.608109832487,4640.634927428495,4494.762093587976,4575.7861328125,1904,SUNDARMFIN.BO
2024-04-18,4616.149441099956,4633.313990762171,4463.301717971611,4528.7939453125,4369,SUNDARMFIN.BO
2024-04-19,4474.629618182703,4639.8436677596455,4465.725867007897,4546.65087890625,1009,SUNDARMFIN.BO
2024-04-22,4625.202252222332,4640.635034862823,4448.561427728437,4467.70458984375,2092,SUNDARMFIN.BO
2024-04-23,4474.283123338085,4771.915826214423,4474.283123338085,4549.61865234375,2767,SUNDARMFIN.BO
2024-04-24,4577.072128428623,4709.837147616828,4516.724480262971,4676.79443359375,2907,SUNDARMFIN.BO
2024-04-25,4742.682368723028,4837.210337426048,4661.60857141866,4734.619140625,3369,SUNDARMFIN.BO
2024-04-26,4747.677947952433,4814.307781966815,4710.084332194527,4745.3037109375,1907,SUNDARMFIN.BO
2024-04-29,4814.010685225781,4814.010685225781,4617.188611076772,4738.52685546875,3489,SUNDARMFIN.BO
2024-04-30,4756.433754159281,4834.143527719064,4656.118247564893,4694.701171875,1842,SUNDARMFIN.BO
2024-05-02,4741.297090167196,4902.950036547586,4738.527227284416,4803.42578125,2156,SUNDARMFIN.BO
2024-05-03,4847.598170469534,4847.598170469534,4763.0618009872605,4781.56201171875,1218,SUNDARMFIN.BO
2024-05-06,4784.282556428958,4784.282556428958,4638.0633613483105,4685.79736328125,1567,SUNDARMFIN.BO
2024-05-07,4679.91079069929,4679.91079069929,4422.592271793588,4448.06689453125,3630,SUNDARMFIN.BO
2024-05-08,4458.751715423503,4586.124829942904,4421.751294156331,4461.62060546875,1222,SUNDARMFIN.BO
2024-05-09,4461.768973190204,4485.165957779189,4346.613879451907,4365.4599609375,2031,SUNDARMFIN.BO
2024-05-10,4450.837053871714,4525.82623239849,4382.624232914435,4516.52685546875,2080,SUNDARMFIN.BO
2024-05-13,4508.95858496793,4659.629643266348,4434.710905593617,4631.2861328125,6769,SUNDARMFIN.BO
2024-05-14,4538.736938378772,4748.667821546774,4538.687666312752,4581.5244140625,2351,SUNDARMFIN.BO
2024-05-15,4649.736802299199,4735.55907200121,4649.736802299199,4694.45361328125,2045,SUNDARMFIN.BO
2024-05-16,4747.628871362672,4747.628871362672,4533.246128924446,4588.94384765625,4788,SUNDARMFIN.BO
2024-05-17,4638.80545803913,4763.507256440333,4626.884033740299,4714.53662109375,6500,SUNDARMFIN.BO
2024-05-21,4671.501711043689,4716.465850215569,4550.954709838265,4615.06201171875,2823,SUNDARMFIN.BO
2024-05-22,4748.618339939873,4938.861642921993,4441.339876601242,4450.73828125,6852,SUNDARMFIN.BO
2024-05-23,4450.787619355367,4684.659406104888,4442.972200406534,4498.669921875,5783,SUNDARMFIN.BO
2024-05-24,4519.3958750580205,4575.538974912351,4358.881021289473,4392.86376953125,12014,SUNDARMFIN.BO
2024-05-27,4387.026968112789,4543.139218388769,4353.983770430184,4386.630859375,6149,SUNDARMFIN.BO
2024-05-28,4392.517727695585,4392.517727695585,4146.180584858603,4244.41845703125,13725,SUNDARMFIN.BO
2024-05-29,4301.4517039188095,4301.4517039188095,4100.276302922141,4129.8564453125,4152,SUNDARMFIN.BO
2024-05-30,4121.348380315244,4260.395581606303,4007.6772558227003,4050.8603515625,17224,SUNDARMFIN.BO
2024-05-31,4126.492934695873,4572.719059378128,4045.3698705825964,4293.73486328125,26052,SUNDARMFIN.BO
2024-06-03,4443.862250896265,4511.234066795158,4364.520222276447,4385.54296875,6633,SUNDARMFIN.BO
2024-06-04,4323.266059844887,4551.202004466011,4084.1506705880424,4327.37158203125,7883,SUNDARMFIN.BO
2024-06-05,4418.782762514927,4500.647801434759,4361.650363752144,4401.66796875,2209,SUNDARMFIN.BO
2024-06-06,4452.221966545843,4475.569677483378,4384.503798720772,4429.12158203125,2330,SUNDARMFIN.BO
2024-06-07,4456.773351700787,4611.253355577507,4455.289393002529,4495.7021484375,2162,SUNDARMFIN.BO
2024-06-10,4585.629995054883,4601.161804781004,4513.261896317917,4571.18603515625,540,SUNDARMFIN.BO
2024-06-11,4642.663632294257,4644.790543066305,4469.139498607142,4489.271484375,1740,SUNDARMFIN.BO
2024-06-12,4489.3205328226795,4513.410220897855,4453.210878267837,4497.8779296875,1006,SUNDARMFIN.BO
2024-06-13,4408.346435140011,4526.073819740923,4408.346435140011,4498.07666015625,657,SUNDARMFIN.BO
2024-06-14,4498.076763749064,4590.37879940117,4484.325027018806,4490.904296875,1785,SUNDARMFIN.BO
2024-06-18,4570.59302633104,4590.379143328144,4500.846963916249,4526.12353515625,379,SUNDARMFIN.BO
2024-06-19,4575.291525253692,4679.415949932421,4504.457140689342,4627.3291015625,3647,SUNDARMFIN.BO
2024-06-20,4751.141250322998,4751.141250322998,4605.515238869626,4630.59423828125,2281,SUNDARMFIN.BO
2024-06-21,4551.152728152987,4778.148638890562,4551.152728152987,4735.70751953125,1395,SUNDARMFIN.BO
2024-06-24,4723.984196472163,4734.668988335812,4641.129840468135,4705.58349609375,1537,SUNDARMFIN.BO
2024-06-25,4721.659904607741,4855.117158146852,4721.16525171615,4826.4765625,2198,SUNDARMFIN.BO
2024-06-26,4936.635407043089,4936.635407043089,4784.628683957143,4811.43896484375,911,SUNDARMFIN.BO
2024-06-27,4852.000677907919,4878.414851047935,4649.736928302965,4686.78662109375,4086,SUNDARMFIN.BO
2024-06-28,4679.416313677897,4691.436282226932,4519.643431086147,4652.1611328125,3592,SUNDARMFIN.BO
2024-07-01,4609.966616192281,4610.263697744932,4542.298201330702,4576.47900390625,2461,SUNDARMFIN.BO
2024-07-02,4588.993688455569,4588.993688455569,4505.842251421512,4530.77294921875,1322,SUNDARMFIN.BO
2024-07-03,4527.261178292612,4562.5791038249245,4407.2088286021635,4546.45361328125,1964,SUNDARMFIN.BO
2024-07-04,4536.708617938424,4644.790265762613,4533.196775923971,4549.322265625,970,SUNDARMFIN.BO
2024-07-05,4575.638038471621,4614.319989211359,4532.058831133867,4546.3544921875,999,SUNDARMFIN.BO
2024-07-08,4424.175293835009,4635.045716874491,4424.175293835009,4600.51904296875,1477,SUNDARMFIN.BO
2024-07-09,4641.772575431293,4691.633480761737,4458.404686954166,4496.78955078125,1923,SUNDARMFIN.BO
2024-07-10,4499.8570347885825,4526.073636178469,4419.129592010104,4477.59765625,611,SUNDARMFIN.BO
2024-07-11,4485.561203265534,4485.561203265534,4408.247061363143,4415.5185546875,574,SUNDARMFIN.BO
2024-07-12,4614.12210080272,4614.12210080272,4350.175515189846,4403.99365234375,1034,SUNDARMFIN.BO
2024-07-15,4387.620318308488,4403.993618474564,4174.821035748803,4202.12548828125,3507,SUNDARMFIN.BO
2024-07-16,4283.693967250697,4283.693967250697,4155.133489721088,4170.41845703125,1847,SUNDARMFIN.BO
2024-07-18,4252.035944195245,4252.035944195245,4145.190927449529,4189.4130859375,1759,SUNDARMFIN.BO
2024-07-19,4239.175163406903,4239.175163406903,4130.302258209929,4153.20458984375,1451,SUNDARMFIN.BO
2024-07-22,4206.18162482108,4414.480236825246,4088.751324101526,4268.06298828125,2507,SUNDARMFIN.BO
2024-07-23,4294.576560570588,4748.66793152242,4211.326572507983,4605.56494140625,5425,SUNDARMFIN.BO
2024-07-24,4599.777086785583,4599.777086785583,4431.842435644202,4454.89306640625,3321,SUNDARMFIN.BO
2024-07-25,4549.81688385769,4549.81688385769,4411.017488300151,4423.927734375,800,SUNDARMFIN.BO
2024-07-26,4406.6647261382695,4409.830697989896,4353.934919092212,4367.83447265625,1071,SUNDARMFIN.BO
2024-07-29,4352.9451461933495,4361.848897628745,4249.611971033238,4257.576171875,1837,SUNDARMFIN.BO
2024-07-30,4486.501241570535,4486.501241570535,4210.979610748618,4311.4931640625,1611,SUNDARMFIN.BO
2024-07-31,4349.076693024645,4349.076693024645,4266.462961326064,4294.8115234375,1422,SUNDARMFIN.BO
2024-08-01,4308.216206098756,4341.033532132201,4215.077583236507,4280.41357421875,1313,SUNDARMFIN.BO
2024-08-02,4280.4137307337605,4368.7863852980145,4176.799663506661,4197.55224609375,1655,SUNDARMFIN.BO
2024-08-05,3971.8543428349494,4220.787150588752,3971.8543428349494,4001.4443359375,7081,SUNDARMFIN.BO
2024-08-06,4001.444415189007,4076.11405312394,3791.0876104490812,3806.180419921875,2572,SUNDARMFIN.BO
2024-08-07,3847.934013807047,3902.0498524632585,3788.803723268472,3883.8291015625,977,SUNDARMFIN.BO
2024-08-08,3859.4027345096442,3870.5237393558136,3732.503523919575,3746.206298828125,4335,SUNDARMFIN.BO
2024-08-09,3746.4048053543584,3841.1819470827313,3741.0429659456468,3780.66162109375,2590,SUNDARMFIN.BO
2024-08-12,3778.1793139241013,3886.0633647769346,3712.4956890480817,3867.544921875,1603,SUNDARMFIN.BO
2024-08-13,3927.121868471609,3927.121868471609,3794.0664119924195,3825.294677734375,1711,SUNDARMFIN.BO
2024-08-14,3842.721068575244,3875.5878496180267,3742.482695386663,3846.24609375,1251,SUNDARMFIN.BO
2024-08-16,3843.714147896078,4001.543694815925,3816.656227325123,3990.124755859375,2301,SUNDARMFIN.BO
2024-08-19,3973.7907195004973,4082.6182684567075,3946.9810369851266,4070.80224609375,2420,SUNDARMFIN.BO
2024-08-20,4095.923705422199,4269.690165652231,4080.0364862011675,4216.07080078125,4435,SUNDARMFIN.BO
2024-08-21,4141.996301784339,4230.815975479516,4109.080068355083,4176.8984375,1365,SUNDARMFIN.BO
2024-08-22,4171.586816412807,4400.759761691462,4171.586816412807,4376.134765625,4591,SUNDARMFIN.BO
2024-08-23,4359.055586295993,4381.645225154361,4210.112912504558,4240.05029296875,1993,SUNDARMFIN.BO
2024-08-26,4259.263937332605,4357.06962513474,4237.369558516729,4326.08935546875,2342,SUNDARMFIN.BO
2024-08-28,4551.638480221428,4669.749725035595,4472.698866185561,4631.1240234375,1934,SUNDARMFIN.BO
2024-08-29,4637.0821021217,4766.165758069414,4583.512190967618,4704.15576171875,2516,SUNDARMFIN.BO
2024-08-30,4704.1552958006705,5132.763026527622,4649.046509681185,4991.1181640625,10511,SUNDARMFIN.BO
2024-09-02,5063.058299508245,5091.0097795419515,4895.100696660131,4933.4287109375,4626,SUNDARMFIN.BO
2024-09-03,4932.981865255911,5032.227537740884,4769.889620616562,4840.38916015625,3010,SUNDARMFIN.BO
2024-09-04,4709.766373302856,4966.692498895542,4709.766373302856,4905.97314453125,3748,SUNDARMFIN.BO
2024-09-05,4875.638189985364,5012.317813368072,4806.032220176389,4860.64453125,2926,SUNDARMFIN.BO
2024-09-06,4873.255414966355,4894.752710468627,4745.313561888542,4764.37841796875,1998,SUNDARMFIN.BO
2024-09-09,4894.206835187391,4894.206835187391,4754.250174644243,4797.1953125,1022,SUNDARMFIN.BO
2024-09-10,4802.160122477084,4915.10831868939,4670.792875895162,4693.13427734375,1881,SUNDARMFIN.BO
2024-09-11,4787.017173658527,4787.017173658527,4579.192705813176,4592.99462890625,1311,SUNDARMFIN.BO
2024-09-12,4592.995241455032,4905.17900678106,4592.995241455032,4873.30517578125,7666,SUNDARMFIN.BO
2024-09-13,4872.362393734271,4992.261258737108,4774.556694332372,4806.47998046875,3020,SUNDARMFIN.BO
2024-09-16,4805.883669958614,4919.030649884427,4800.0253550147745,4874.099609375,909,SUNDARMFIN.BO
2024-09-17,4920.023770666817,4964.507790746827,4840.637127834548,4943.45703125,1777,SUNDARMFIN.BO
2024-09-18,4984.515658926382,4984.515658926382,4862.283268576036,4905.6259765625,540,SUNDARMFIN.BO
2024-09-19,4902.547806012059,5014.403664045093,4807.472726639323,4965.203125,1627,SUNDARMFIN.BO
2024-09-20,4951.84737597487,5062.263737588284,4930.002450714905,5013.162109375,1274,SUNDARMFIN.BO
2024-09-23,4945.393314924166,5004.62275539935,4890.284524847207,4970.46533203125,698,SUNDARMFIN.BO
2024-09-24,4970.614093223628,5008.495082844728,4916.895338733745,4997.62255859375,941,SUNDARMFIN.BO
2024-09-25,5064.001817090708,5094.58452102513,4867.496380890747,4909.15087890625,1969,SUNDARMFIN.BO
2024-09-26,5004.42449707574,5103.769068768422,4828.721591716116,5058.78857421875,2473,SUNDARMFIN.BO
2024-09-27,5058.788480577699,5489.878130728503,4999.956124210586,5323.658203125,4096,SUNDARMFIN.BO
2024-09-30,5115.932995967025,5368.539692957889,5115.932995967025,5219.29931640625,3991,SUNDARMFIN.BO
2024-10-01,5196.60994048251,5241.342196688845,5121.890365050904,5210.85888671875,1229,SUNDARMFIN.BO
2024-10-03,5214.781174573344,5214.781174573344,5014.254960779514,5091.85400390625,1282,SUNDARMFIN.BO
2024-10-04,5005.4669110134555,5337.112605970507,5005.4669110134555,5291.13916015625,2288,SUNDARMFIN.BO
2024-10-07,5335.077193853333,5365.064028345868,5143.040049305457,5304.5439453125,5169,SUNDARMFIN.BO
2024-10-08,5357.170160705057,5416.05196911015,5224.015316453706,5332.09814453125,2421,SUNDARMFIN.BO
2024-10-09,5332.147959830007,5361.887042294077,5227.689299344111,5258.6201171875,1764,SUNDARMFIN.BO
2024-10-10,5248.144040821202,5258.619966616015,5108.783246509934,5137.67822265625,993,SUNDARMFIN.BO
2024-10-11,5137.727802705689,5167.764573639416,4985.656953065559,5006.45947265625,1212,SUNDARMFIN.BO
2024-10-14,5007.949230552355,5132.614056126017,5007.353362881914,5090.21533203125,1341,SUNDARMFIN.BO
2024-10-15,5083.9096672728165,5133.507768997696,5019.963712957032,5050.89404296875,1174,SUNDARMFIN.BO
2024-10-16,5153.366887477582,5153.366887477582,4894.85196499816,4908.802734375,1035,SUNDARMFIN.BO
2024-10-17,4881.744889938331,4973.692262511844,4789.003350388226,4798.48583984375,830,SUNDARMFIN.BO
2024-10-18,4865.460759628385,5213.14251673884,4676.551798501997,5038.63134765625,2082,SUNDARMFIN.BO
2024-10-21,4987.642988339862,5116.478397682844,4978.259891048591,5000.70068359375,770,SUNDARMFIN.BO
2024-10-22,4960.139071861887,4997.027113446308,4888.944274044508,4923.05224609375,365,SUNDARMFIN.BO
2024-10-23,4918.087220725893,4977.664291843105,4801.961385670815,4844.8076171875,2837,SUNDARMFIN.BO
2024-10-24,4870.425344688352,4874.59593341468,4622.932272891498,4667.3173828125,1163,SUNDARMFIN.BO
2024-10-25,4746.207440768255,4887.256452510323,4609.130718746703,4739.45556640625,1769,SUNDARMFIN.BO
2024-10-28,4805.834111158655,4805.883564780371,4606.648013551318,4623.57763671875,1283,SUNDARMFIN.BO
2024-10-29,4722.028852483786,4722.028852483786,4562.660185988777,4679.18310546875,686,SUNDARMFIN.BO
2024-10-31,4904.8312822961525,4972.798985652767,4731.064822856474,4766.26513671875,1031,SUNDARMFIN.BO
2024-11-01,4815.81321907406,4866.20549141798,4802.656615949786,4838.75048828125,79,SUNDARMFIN.BO
2024-11-04,4924.29336572588,4961.826728119063,4773.165995248584,4933.4287109375,1706,SUNDARMFIN.BO
2024-11-06,4916.101293027342,4946.3863040225615,4734.5400727651595,4791.634765625,1092,SUNDARMFIN.BO
2024-11-07,4854.538147658735,4854.538147658735,4659.57209337999,4681.7646484375,1464,SUNDARMFIN.BO
2024-11-08,4666.870474091295,4666.870474091295,4483.571592119738,4528.25439453125,751,SUNDARMFIN.BO
2024-11-11,4520.409859667081,4520.409859667081,4227.985762210309,4253.35546875,3435,SUNDARMFIN.BO
2024-11-12,4290.542111836094,4333.18955957964,4237.51861501272,4268.54833984375,1744,SUNDARMFIN.BO
2024-11-13,4287.712186964892,4341.083314707417,4106.846220336485,4138.421875,2187,SUNDARMFIN.BO
2024-11-14,4169.302656513817,4319.337678355147,4137.131134911889,4155.94775390625,1986,SUNDARMFIN.BO
2024-11-18,4120.747413711956,4149.294760252732,4078.6463804771015,4110.27197265625,1015,SUNDARMFIN.BO
2024-11-19,4118.364342801665,4150.535863531969,4031.729353784162,4064.79443359375,850,SUNDARMFIN.BO
2024-11-21,4095.8740794079868,4204.155209418139,4005.763519261606,4082.022216796875,2223,SUNDARMFIN.BO
2024-11-22,4082.022107366272,4196.112095568999,4078.54677840111,4167.81298828125,1544,SUNDARMFIN.BO
2024-11-25,4170.742817688807,4391.823313235468,4170.742817688807,4265.271484375,3918,SUNDARMFIN.BO
2024-11-26,4354.041649428372,4362.82887986057,4098.803247227103,4125.5634765625,1989,SUNDARMFIN.BO
2024-11-27,4219.347207212318,4258.022849168877,4098.306556715928,4118.86083984375,2657,SUNDARMFIN.BO
2024-11-28,4091.058159671364,4216.368304804009,4039.672937287222,4058.290771484375,1535,SUNDARMFIN.BO
2024-11-29,4120.499050620693,4120.499050620693,3923.1500087962795,3936.852783203125,1451,SUNDARMFIN.BO
2024-12-02,3990.621051793304,4028.949063880987,3913.0717109535285,4000.898193359375,822,SUNDARMFIN.BO
2024-12-03,4034.4103151152167,4155.451208650964,3937.4484875436606,4074.77392578125,3456,SUNDARMFIN.BO
2024-12-04,4175.359525542833,4175.359525542833,4048.3114762162622,4085.89453125,1055,SUNDARMFIN.BO
2024-12-05,4083.0644085694407,4129.385965616164,4026.069111954122,4081.029052734375,2751,SUNDARMFIN.BO
2024-12-06,4101.881168599784,4174.366601983416,4101.881168599784,4139.0673828125,562,SUNDARMFIN.BO
2024-12-09,4195.665423418175,4386.857963969116,4191.693619014401,4340.4375,9694,SUNDARMFIN.BO
2024-12-10,4349.125971952547,4401.404752250256,4294.314875356554,4383.03515625,3318,SUNDARMFIN.BO
2024-12-11,4383.035475407306,4438.541350935993,4284.58446015631,4320.28125,3521,SUNDARMFIN.BO
2024-12-12,4329.266782711508,4329.266782711508,4182.855949530148,4251.568359375,4509,SUNDARMFIN.BO
2024-12-13,4183.849424197805,4294.514031737555,4133.0600662007555,4176.60107421875,2697,SUNDARMFIN.BO
2024-12-16,4235.532782334306,4434.917191554368,4232.951012217982,4394.15673828125,7664,SUNDARMFIN.BO
2024-12-17,4467.138418769597,4467.138418769597,4382.638178168265,4416.54736328125,2962,SUNDARMFIN.BO
2024-12-18,4383.928976481755,4533.715761110597,4338.700243516929,4430.9453125,3730,SUNDARMFIN.BO
2024-12-19,4350.566081462961,4541.361551097078,4335.026007839024,4513.2607421875,1386,SUNDARMFIN.BO
2024-12-20,4507.551160638415,4581.079483573047,4194.523313268189,4251.3203125,3129,SUNDARMFIN.BO
2024-12-23,4286.669857441721,4510.28218381786,4232.40516962124,4482.28125,3107,SUNDARMFIN.BO
2024-12-24,4458.3509062198655,4458.3509062198655,4336.217908120746,4369.18408203125,2418,SUNDARMFIN.BO
2024-12-26,4366.999483660483,4366.999483660483,4254.994779516027,4315.6142578125,2872,SUNDARMFIN.BO
2024-12-27,4376.879106702884,4377.276190185122,4301.06719131833,4340.93408203125,1189,SUNDARMFIN.BO
2024-12-30,4333.983449862058,4389.588713208704,4044.3396533778428,4123.37841796875,5123,SUNDARMFIN.BO
2024-12-31,4205.843728226375,4276.343265713598,4057.695210444197,4113.94580078125,3178,SUNDARMFIN.BO
2025-01-01,4208.226324676612,4208.226324676612,4045.28294558537,4061.616943359375,18200,SUNDARMFIN.BO
2025-01-02,4041.311518235797,4873.90112709101,4041.311518235797,4673.2255859375,42443,SUNDARMFIN.BO
2025-01-03,4637.032703486088,4840.637155442293,4565.242040000161,4652.02587890625,40593,SUNDARMFIN.BO
2025-01-06,4568.568354392248,4645.422678339369,4381.744687856788,4425.98046875,7458,SUNDARMFIN.BO
2025-01-07,4349.920497405471,4537.787061593668,4349.920497405471,4471.95458984375,5688,SUNDARMFIN.BO
2025-01-08,4391.078212689944,4436.058705742664,4298.534971793303,4343.2177734375,2799,SUNDARMFIN.BO
2025-01-09,4418.136288857143,4803.748977751691,4352.552057154307,4436.853515625,30908,SUNDARMFIN.BO
2025-01-10,4507.849295676282,4696.55946446495,4444.399815279833,4564.00048828125,31471,SUNDARMFIN.BO
2025-01-13,4548.212848259525,4548.212848259525,4378.7658275425565,4460.78369140625,5972,SUNDARMFIN.BO
2025-01-14,4344.211043262911,4674.367324075373,4344.211043262911,4577.9521484375,5349,SUNDARMFIN.BO
2025-01-15,4579.5402353222225,4669.352862303256,4536.893273607931,4571.79541015625,3956,SUNDARMFIN.BO
2025-01-16,4637.081948863663,4652.373299864191,4419.675096961357,4473.64208984375,2286,SUNDARMFIN.BO
2025-01-17,4482.926235099275,4604.066276227159,4429.356326254901,4530.587890625,5194,SUNDARMFIN.BO
2025-01-20,4468.329552745547,4713.638421091143,4468.329552745547,4668.7568359375,6680,SUNDARMFIN.BO
2025-01-21,4667.367420040256,4671.3392250993265,4517.282933338525,4561.81689453125,5444,SUNDARMFIN.BO
2025-01-22,4645.025441827439,4686.530605623261,4418.036713820274,4448.5205078125,4773,SUNDARMFIN.BO
2025-01-23,4470.266195312716,4666.870528202969,4470.266195312716,4580.880859375,6692,SUNDARMFIN.BO
2025-01-24,4606.896857954132,4657.338589067499,4481.089736779574,4512.71533203125,5251,SUNDARMFIN.BO
2025-01-27,4503.083409965096,4503.083409965096,4340.33879569952,4376.23388671875,2463,SUNDARMFIN.BO
2025-01-28,4378.5669684024,4457.655431015601,4349.126063592768,4387.1064453125,6094,SUNDARMFIN.BO
2025-01-29,4457.109467796253,4457.109467796253,4359.10499550426,4375.33984375,1190,SUNDARMFIN.BO
2025-01-30,4368.985561472612,4396.192329137522,4343.268220703659,4364.26904296875,1279,SUNDARMFIN.BO
2025-01-31,4281.655297411041,4650.884321329535,4281.655297411041,4602.3291015625,4691,SUNDARMFIN.BO
2025-02-01,4666.671910452448,4666.671910452448,4430.796544067064,4464.10986328125,2479,SUNDARMFIN.BO
2025-02-03,4418.632301178391,4515.19679360302,4252.312995459879,4276.93798828125,4765,SUNDARMFIN.BO
2025-02-04,4379.510530557464,4688.367798274987,4303.897395874817,4620.15234375,13011,SUNDARMFIN.BO
2025-02-05,4604.612611838161,4686.729873687932,4518.375184131393,4564.3486328125,4280,SUNDARMFIN.BO
2025-02-06,4666.820921823051,4666.820921823051,4552.135064724363,4630.72705078125,1716,SUNDARMFIN.BO
2025-02-07,4680.872934013798,4700.841355846775,4588.797997259325,4631.12548828125,2128,SUNDARMFIN.BO
2025-02-10,4546.17203069723,4643.624467510514,4452.1548122198865,4498.16748046875,1891,SUNDARMFIN.BO
2025-02-11,4569.327664460289,4569.327664460289,4303.560713735668,4331.39697265625,2393,SUNDARMFIN.BO
2025-02-12,4420.533520261137,4509.769926866246,4327.6124239113005,4449.9638671875,4931,SUNDARMFIN.BO
2025-02-13,4452.454076372767,4492.441011560756,4431.588917225822,4479.04541015625,1132,SUNDARMFIN.BO
2025-02-14,4479.045275775528,4595.720153251397,4362.221590708474,4545.0263671875,4800,SUNDARMFIN.BO
2025-02-17,4581.278788203285,4595.769534571641,4356.544322779389,4538.5029296875,2975,SUNDARMFIN.BO
2025-02-18,4566.38952412649,4691.23082680604,4468.089952064497,4675.74365234375,4656,SUNDARMFIN.BO
2025-02-19,4678.233425417426,4736.645753615396,4623.257774459583,4724.24609375,960,SUNDARMFIN.BO
2025-02-20,4681.370830412843,4722.751982343223,4643.076706386358,4707.66357421875,1171,SUNDARMFIN.BO
2025-02-21,4671.012613824499,4708.808767039039,4606.226850159804,4630.37841796875,1807,SUNDARMFIN.BO
2025-02-24,4538.552843868503,4587.404042821149,4394.042190485755,4434.82568359375,3612,SUNDARMFIN.BO
2025-02-25,4387.169501646325,4492.0423758043735,4350.170392492508,4465.89892578125,1478,SUNDARMFIN.BO
2025-02-27,4358.337371304869,4595.918894918517,4358.337371304869,4552.296875,1990,SUNDARMFIN.BO
2025-02-28,4282.595962302627,4555.782874195097,4282.595962302627,4511.61279296875,1707,SUNDARMFIN.BO
2025-03-03,4501.65301479376,4503.595294131802,4365.856371390732,4450.66064453125,2185,SUNDARMFIN.BO
2025-03-04,4431.93753193422,4606.227210156352,4413.960991071611,4574.15771484375,1035,SUNDARMFIN.BO
2025-03-05,4581.228845490524,4589.0966820222075,4498.217067024931,4515.89501953125,2285,SUNDARMFIN.BO
2025-03-06,4566.3895791080895,4595.7698392135835,4392.697562388358,4427.75439453125,2063,SUNDARMFIN.BO
2025-03-07,4428.00314456838,4461.217873098376,4388.514182462096,4414.75732421875,1512,SUNDARMFIN.BO
2025-03-10,4476.754601891503,4503.147037253044,4363.217332789027,4390.904296875,1475,SUNDARMFIN.BO
2025-03-11,4292.555284410531,4487.2121461050965,4282.5462719458255,4472.17333984375,1987,SUNDARMFIN.BO
2025-03-12,4497.071660246823,4670.216091351421,4477.551120402226,4626.79296875,4951,SUNDARMFIN.BO
2025-03-13,4679.279266236395,4679.926530594943,4563.10285151628,4588.6982421875,2010,SUNDARMFIN.BO
2025-03-17,4660.057642355845,4769.561552194811,4604.4843278731805,4730.271484375,3104,SUNDARMFIN.BO
2025-03-18,4735.748903012897,4780.516644021948,4680.922547271491,4743.8662109375,3091,SUNDARMFIN.BO
2025-03-19,4763.038085223969,4810.394883815098,4692.824246857724,4710.203125,1911,SUNDARMFIN.BO
2025-03-20,4710.850381598992,4870.151333964864,4710.850381598992,4836.8369140625,3202,SUNDARMFIN.BO
2025-03-21,4770.606697582562,5050.117910990944,4753.277422513826,4908.4453125,5282,SUNDARMFIN.BO
2025-03-24,5002.06416260711,5002.06416260711,4700.841607058793,4760.10009765625,1942,SUNDARMFIN.BO
2025-03-25,4840.173588901364,4840.173588901364,4705.870847229303,4762.8388671875,974,SUNDARMFIN.BO
2025-03-26,4658.065583377906,4866.118043916014,4658.065583377906,4813.1337890625,1414,SUNDARMFIN.BO
2025-03-27,4755.618353381948,4825.782592508119,4452.70299049917,4498.31689453125,106391,SUNDARMFIN.BO
2025-03-28,4574.356881160778,4621.116504282828,4505.039292298742,4559.3681640625,4746,SUNDARMFIN.BO
2025-04-01,4550.404525447935,4571.568270297895,4453.300284371649,4490.79736328125,1902,SUNDARMFIN.BO
2025-04-02,4498.4660733785795,4527.647436192841,4407.038884929595,4461.26806640625,2000,SUNDARMFIN.BO
2025-04-03,4471.42628867764,4508.774075135972,4432.833576004028,4481.734375,562,SUNDARMFIN.BO
2025-04-04,4518.982552709073,4582.224805601265,4445.482302135197,4558.6708984375,3408,SUNDARMFIN.BO
2025-04-07,4339.962351606776,4506.135210468286,4309.436856160078,4494.38330078125,2019,SUNDARMFIN.BO
2025-04-08,4496.62406680093,4704.82534084683,4492.092243416584,4658.01611328125,1492,SUNDARMFIN.BO
2025-04-09,4558.57120961681,4752.381423721915,4558.57120961681,4728.67822265625,1314,SUNDARMFIN.BO
2025-04-11,4728.777594511484,4779.520984311623,4584.316543193665,4651.44287109375,897,SUNDARMFIN.BO
2025-04-15,4742.671191140139,4959.7863359676385,4742.671191140139,4923.5341796875,4448,SUNDARMFIN.BO
2025-04-16,4949.77721215684,5203.791771980383,4944.498433029592,5160.96630859375,11503,SUNDARMFIN.BO
2025-04-17,5120.530657182366,5288.446397107443,5104.645690951795,5216.58935546875,5275,SUNDARMFIN.BO
2025-04-21,5178.8932409758645,5301.194602223797,5158.974420818266,5197.86572265625,1224,SUNDARMFIN.BO
2025-04-22,5223.461622991542,5366.877128727903,5181.532409124033,5317.080078125,3558,SUNDARMFIN.BO
2025-04-23,5317.030441185484,5328.284380029182,5081.490393358025,5231.52880859375,1235,SUNDARMFIN.BO
2025-04-24,5178.89332031903,5318.325063558388,5163.954204971956,5262.70166015625,1813,SUNDARMFIN.BO
2025-04-25,5178.992732319249,5351.091137314588,5178.992732319249,5254.48486328125,2734,SUNDARMFIN.BO
2025-04-28,5352.1372056772825,5352.1372056772825,5193.832192928233,5242.63330078125,1481,SUNDARMFIN.BO
2025-04-29,5179.490959667029,5277.491458657762,5119.385821922167,5196.322265625,3675,SUNDARMFIN.BO
2025-04-30,5213.701306506136,5308.912872940181,5140.300263467635,5228.59033203125,2814,SUNDARMFIN.BO
2025-05-02,5229.187908826588,5233.221275116462,5141.047135580011,5172.02099609375,1165,SUNDARMFIN.BO
2025-05-05,5135.968156812893,5135.968156812893,5055.396625428712,5081.7890625,806,SUNDARMFIN.BO
2025-05-06,5029.701511681242,5166.8422977546315,5017.052866262943,5096.87744140625,1884,SUNDARMFIN.BO
2025-05-07,4805.464859627911,5319.669482441667,4805.464859627911,5197.11865234375,5414,SUNDARMFIN.BO
2025-05-08,5268.378554828099,5268.527848717066,4919.948501448452,4975.12353515625,795,SUNDARMFIN.BO
2025-05-09,4807.1581601177395,5072.327447968021,4779.371503833853,4985.7802734375,3327,SUNDARMFIN.BO
2025-05-12,5029.601468020978,5129.693533081371,4964.964997893577,5051.26318359375,887,SUNDARMFIN.BO
2025-05-13,5051.263354353907,5065.505115841646,4962.724298532415,4973.4306640625,408,SUNDARMFIN.BO
2025-05-14,4995.141914414378,5212.5556327481445,4995.141914414378,5179.24169921875,1292,SUNDARMFIN.BO
2025-05-15,5136.6653141401775,5164.30267643435,5038.664818616376,5064.60888671875,581,SUNDARMFIN.BO
2025-05-16,5160.9164326401915,5160.9164326401915,5009.583009821782,5074.5185546875,1011,SUNDARMFIN.BO
2025-05-19,5073.821204781778,5117.144636405687,5047.179784185466,5090.45361328125,954,SUNDARMFIN.BO
2025-05-20,5038.913841573474,5118.140752889982,5009.583184867992,5085.22509765625,2566,SUNDARMFIN.BO
2025-05-21,5075.315231293227,5173.913388259089,5075.315231293227,5147.86962890625,2137,SUNDARMFIN.BO
2025-05-22,5148.965035042787,5166.493206471682,5052.508058160369,5101.20947265625,346,SUNDARMFIN.BO
2025-05-23,5099.217755149932,5283.466834193435,5083.332302193758,5259.5146484375,906,SUNDARMFIN.BO
2025-05-26,5368.0724743487945,5393.468970259822,5090.752503890809,5335.056640625,13996,SUNDARMFIN.BO
2025-05-27,5368.0721180697665,5379.07707104775,5129.095892593207,5158.97412109375,4452,SUNDARMFIN.BO
2025-05-28,5163.954158392584,5163.954158392584,4912.977022825577,4956.10107421875,1862,SUNDARMFIN.BO
2025-05-29,4939.867278766413,5087.017559096602,4939.867278766413,5076.70947265625,2032,SUNDARMFIN.BO
2025-05-30,5062.417622635199,5184.868761099837,5010.628691483223,5121.27783203125,851,SUNDARMFIN.BO
2025-06-02,5146.674329828103,5178.693735210811,5039.461380137025,5157.580078125,1301,SUNDARMFIN.BO
2025-06-03,5080.344695200293,5169.880181050374,4956.798407413483,4974.4267578125,5559,SUNDARMFIN.BO
2025-06-04,5029.452421113644,5093.192644779623,4931.45143818775,5063.0654296875,43540,SUNDARMFIN.BO
2025-06-05,5050.516337823503,5057.786512366928,4951.220828838638,4979.40625,2437,SUNDARMFIN.BO
2025-06-06,4979.704941667596,5068.343689629279,4950.673359117536,5050.1181640625,1020,SUNDARMFIN.BO
2025-06-09,5060.0773651915815,5121.128350738035,5060.0773651915815,5074.86669921875,1903,SUNDARMFIN.BO
2025-06-10,5123.070623120074,5123.120225647652,5024.522072004745,5042.99658203125,601,SUNDARMFIN.BO
2025-06-11,5069.190295827477,5085.423939286605,4999.62372109383,5025.66748046875,1615,SUNDARMFIN.BO
2025-06-12,5029.800381276483,5042.89739379803,4982.792260253337,4996.6357421875,598,SUNDARMFIN.BO
2025-06-13,4969.745301316675,5009.1345710588985,4932.945088984605,5000.22119140625,867,SUNDARMFIN.BO
2025-06-16,5016.903550299227,5017.401520804854,4912.728023262214,4973.8291015625,568,SUNDARMFIN.BO
2025-06-17,5002.910328217998,5024.522442858646,4853.320278884141,4884.94140625,1022,SUNDARMFIN.BO
2025-06-18,4908.594784173422,4910.387283407797,4750.588845829087,4768.9140625,2477,SUNDARMFIN.BO
2025-06-19,4768.9637054447785,4790.575819294276,4693.172499383266,4728.42919921875,605,SUNDARMFIN.BO
2025-06-20,4724.395451581086,4875.678792995858,4687.745017113146,4815.076171875,2149,SUNDARMFIN.BO
2025-06-23,4739.732965221466,4883.098871037517,4739.732965221466,4867.46240234375,964,SUNDARMFIN.BO
2025-06-24,4899.980018720535,4916.313353531506,4847.244749313581,4879.86181640625,1083,SUNDARMFIN.BO
2025-06-25,5059.230687667143,5059.230687667143,4871.14714365228,4911.08447265625,696,SUNDARMFIN.BO
2025-06-26,4881.106824370768,4891.414910945513,4805.0666320199625,4843.46044921875,1010,SUNDARMFIN.BO
2025-06-27,4891.663704390232,5075.4644135874105,4833.550452257,5033.18701171875,4993,SUNDARMFIN.BO
2025-06-30,4992.602752027393,5168.98351838238,4952.21705171451,5153.1982421875,6319,SUNDARMFIN.BO
2025-07-01,5172.619064934353,5212.755293480589,5047.229701601961,5163.8544921875,3487,SUNDARMFIN.BO
2025-07-02,4999.673255608337,5177.897086127781,4999.673255608337,5036.6728515625,2036,SUNDARMFIN.BO
2025-07-03,5078.850600192562,5163.9539509531605,5075.364806783046,5113.95751953125,5083,SUNDARMFIN.BO
2025-07-04,5119.136838059633,5164.452154427671,5106.687575321162,5139.6533203125,832,SUNDARMFIN.BO
2025-07-07,5171.921599359562,5171.921599359562,5081.2909685985915,5142.74072265625,231,SUNDARMFIN.BO
2025-07-08,5128.647830893886,5158.974429152552,5081.042045160045,5152.7001953125,1194,SUNDARMFIN.BO
2025-07-09,4900.0498046875,5133.25,4900.0498046875,5023.7998046875,2136,SUNDARMFIN.BO
2025-07-10,5024.0,5090.7001953125,4991.75,5071.39990234375,689,SUNDARMFIN.BO
2025-07-11,5004.0,5030.25,4935.0,4991.7998046875,537,SUNDARMFIN.BO
2025-07-14,4251.0,5081.9501953125,4251.0,5041.2998046875,20025,SUNDARMFIN.BO
2025-07-15,5000.0498046875,5083.35009765625,5000.0498046875,5076.4501953125,711,SUNDARMFIN.BO
2025-07-16,5079.14990234375,5139.9501953125,5006.4501953125,5029.39990234375,1017,SUNDARMFIN.BO
2025-07-17,5040.0,5138.35009765625,5031.0,5129.14990234375,1272,SUNDARMFIN.BO
2025-07-18,5150.0,5199.0,5109.0,5164.75,923,SUNDARMFIN.BO
2025-07-21,5164.75,5244.5,5156.7001953125,5232.5498046875,1232,SUNDARMFIN.BO
2025-07-22,5215.39990234375,5215.39990234375,5163.64990234375,5188.25,354,SUNDARMFIN.BO
2025-07-23,5080.2001953125,5229.4501953125,5080.2001953125,5183.9501953125,632,SUNDARMFIN.BO
2025-07-24,5163.60009765625,5173.0,5082.10009765625,5132.60009765625,1459,SUNDARMFIN.BO
2025-07-25,5032.2001953125,5095.7001953125,4963.0,5010.75,1410,SUNDARMFIN.BO
2025-07-28,5048.9501953125,5048.9501953125,4860.0,4897.25,3967,SUNDARMFIN.BO
2025-07-29,4861.14990234375,4910.5,4708.5498046875,4747.25,2182,SUNDARMFIN.BO
2025-07-30,4709.2998046875,4772.0,4708.0498046875,4749.2998046875,1385,SUNDARMFIN.BO
2025-07-31,4700.0,4748.0,4607.0,4686.2998046875,3086,SUNDARMFIN.BO
2025-08-01,4705.0,4705.0,4540.0,4572.75,2295,SUNDARMFIN.BO
2025-08-04,4595.64990234375,4595.64990234375,4450.0,4460.0,2243,SUNDARMFIN.BO
2025-08-05,4455.0,4659.85009765625,4442.0,4642.7998046875,4401,SUNDARMFIN.BO
2025-08-06,4636.64990234375,4674.5498046875,4458.2001953125,4483.0498046875,1323,SUNDARMFIN.BO
2025-08-07,4504.0,4671.75,4485.60009765625,4645.4501953125,1525,SUNDARMFIN.BO
2025-08-08,4660.0,4660.0,4499.9501953125,4507.4501953125,980,SUNDARMFIN.BO
2025-08-11,4412.60009765625,4605.9501953125,4412.60009765625,4507.9501953125,989,SUNDARMFIN.BO
2025-08-12,4549.9501953125,4549.9501953125,4483.0,4500.9501953125,443,SUNDARMFIN.BO
2025-08-13,4515.0,4579.60009765625,4453.25,4471.5498046875,985,SUNDARMFIN.BO
2025-08-14,4493.64990234375,4564.2998046875,4493.64990234375,4527.5,1300,SUNDARMFIN.BO
2025-08-18,4748.9501953125,4822.0,4504.9501953125,4782.60009765625,3450,SUNDARMFIN.BO
2025-08-19,4687.75,4952.7998046875,4687.75,4933.5498046875,2261,SUNDARMFIN.BO
2025-08-20,4935.9501953125,5206.85009765625,4932.89990234375,5135.64990234375,4872,SUNDARMFIN.BO
2025-08-21,5140.25,5221.0,5108.4501953125,5212.85009765625,2534,SUNDARMFIN.BO
2025-08-22,5216.0,5292.0,5205.0,5268.35009765625,3148,SUNDARMFIN.BO
2025-08-25,5268.35009765625,5268.35009765625,4943.35009765625,4974.60009765625,2796,SUNDARMFIN.BO
2025-08-26,4945.0,5110.64990234375,4767.0498046875,4887.0,7870,SUNDARMFIN.BO
2025-08-28,4843.9501953125,4848.14990234375,4604.75,4620.85009765625,5184,SUNDARMFIN.BO
2025-08-29,4649.0498046875,4649.0498046875,4483.7998046875,4495.39990234375,2353,SUNDARMFIN.BO
2025-09-01,4543.9501953125,4543.9501953125,4434.0,4449.2998046875,4611,SUNDARMFIN.BO
2025-09-02,4449.35009765625,4478.0,4224.7998046875,4277.2998046875,6763,SUNDARMFIN.BO
2025-09-03,4310.9501953125,4489.0,4310.9501953125,4478.4501953125,2495,SUNDARMFIN.BO
2025-09-04,4435.2998046875,4530.0,4435.2998046875,4500.7998046875,1274,SUNDARMFIN.BO
2025-09-05,4518.14990234375,4550.0,4462.89990234375,4534.60009765625,2680,SUNDARMFIN.BO
2025-09-08,4557.0,4557.0,4461.0,4477.2998046875,3790,SUNDARMFIN.BO
2025-09-09,4459.0,4588.0,4458.0,4559.14990234375,1697,SUNDARMFIN.BO
2025-09-10,4560.2998046875,4631.85009765625,4545.0,4565.5,956,SUNDARMFIN.BO
2025-09-11,4552.0,4565.7998046875,4477.25,4493.5,1581,SUNDARMFIN.BO
2025-09-12,4494.0498046875,4521.89990234375,4465.35009765625,4475.85009765625,1497,SUNDARMFIN.BO
2025-09-15,4574.9501953125,4574.9501953125,4353.60009765625,4433.64990234375,2588,SUNDARMFIN.BO
2025-09-16,4457.0,4609.89990234375,4457.0,4578.14990234375,5023,SUNDARMFIN.BO
2025-09-17,4578.14990234375,4662.89990234375,4562.10009765625,4631.2001953125,1903,SUNDARMFIN.BO
2025-09-18,4601.89990234375,4628.7998046875,4574.25,4584.5,1031,SUNDARMFIN.BO
2025-09-19,4578.85009765625,4627.0,4494.2001953125,4571.64990234375,1992,SUNDARMFIN.BO
2025-09-22,4571.7001953125,4676.85009765625,4539.25,4662.4501953125,2732,SUNDARMFIN.BO
2025-09-23,4676.2001953125,4736.7998046875,4588.14990234375,4620.39990234375,3044,SUNDARMFIN.BO
2025-09-24,4610.0498046875,4680.5,4580.0,4645.60009765625,1124,SUNDARMFIN.BO
2025-09-25,4646.0,4670.0,4570.4501953125,4581.5,1155,SUNDARMFIN.BO
2025-09-26,4602.35009765625,4606.75,4475.0,4488.85009765625,863,SUNDARMFIN.BO
2025-09-29,4450.2001953125,4499.89990234375,4222.5498046875,4278.64990234375,5731,SUNDARMFIN.BO
