Date,Open,High,Low,Close,Volume,Stock
,ZEEL.BO,ZEEL.BO,ZEEL.BO,ZEEL.BO,ZEEL.BO,
2020-01-01,277.42485051675726,280.2156661878852,271.3702303972676,272.9311828613281,373548,ZEEL.BO
2020-01-02,268.57937850578895,275.8165417691317,264.7479476224611,274.1609802246094,483549,ZEEL.BO
2020-01-03,274.3502470390982,274.3502470390982,257.5581198496361,258.9771728515625,838430,ZEEL.BO
2020-01-06,261.1057326510801,261.1057326510801,246.34757677057368,247.53012084960938,544013,ZEEL.BO
2020-01-07,250.17901722817555,256.61204496377906,249.37488154354944,253.25363159179688,542924,ZEEL.BO
2020-01-08,250.22633684757645,251.69268001427977,246.6787044726108,250.17904663085938,381705,ZEEL.BO
2020-01-09,254.38889100947068,260.15971221827186,254.38889100947068,257.368896484375,326139,ZEEL.BO
2020-01-10,258.4568338080047,258.6933426131472,247.95583708553698,248.85455322265625,399041,ZEEL.BO
2020-01-13,249.84791487091272,252.73331083018542,246.2529636046515,250.6993408203125,383039,ZEEL.BO
2020-01-14,250.88860225445265,256.94322310368733,249.65873889915355,254.95654296875,351162,ZEEL.BO
2020-01-15,254.48346545868898,259.21364139658283,251.07773300926488,258.0310974121094,281876,ZEEL.BO
2020-01-16,257.36887281459394,265.3155918444347,257.321582601368,264.5587463378906,366226,ZEEL.BO
2020-01-17,268.6740079295866,269.0051260374435,262.52477887486015,266.4981384277344,296254,ZEEL.BO
2020-01-20,265.22096291609915,268.86320405673337,254.8618663644139,256.1863098144531,283904,ZEEL.BO
2020-01-21,254.95651763871874,271.03911800925016,253.15905631262422,268.6267395019531,795350,ZEEL.BO
2020-01-22,261.4841417542858,287.5474306556096,257.7473197759228,284.0470886230469,1609391,ZEEL.BO
2020-01-23,280.49942780909055,280.49942780909055,262.80855858785856,264.0384216308594,907607,ZEEL.BO
2020-01-24,266.78192124682135,270.1876536751766,264.0384249939555,265.64666748046875,437477,ZEEL.BO
2020-01-27,264.9371610920404,266.59272278502584,260.58542202418545,263.89654541015625,277584,ZEEL.BO
2020-01-28,264.84262251467743,266.30896584047093,257.22702020107675,257.7946472167969,232768,ZEEL.BO
2020-01-29,261.7679415755523,262.0517405766325,257.08505596281543,259.26092529296875,255048,ZEEL.BO
2020-01-30,259.26096480615234,259.5920829383453,251.69268233640054,253.2063446044922,263133,ZEEL.BO
2020-01-31,255.4295252690085,258.1257315876558,252.92253755439822,254.48348999023438,218640,ZEEL.BO
2020-02-03,243.131078668696,246.58410183284542,237.40756206199256,241.90122985839844,379154,ZEEL.BO
2020-02-04,248.61805439695937,253.49015907502252,226.00781749190983,231.82594299316406,1401816,ZEEL.BO
2020-02-05,234.61674006972197,236.74531936470936,208.36426209821073,214.4661865234375,1791212,ZEEL.BO
2020-02-06,218.06113156331813,227.99450198160378,217.68272322628644,223.02781677246094,1980429,ZEEL.BO
2020-02-07,223.0751336452703,237.88058078192543,223.0751336452703,236.27232360839844,1557567,ZEEL.BO
2020-02-10,236.31961005368348,236.31961005368348,215.79064786663267,218.06112670898438,721955,ZEEL.BO
2020-02-11,220.42623510264258,224.5414946222626,215.60144907518142,218.81797790527344,923487,ZEEL.BO
2020-02-12,220.4262269943592,222.08178878508937,218.62876568142204,219.52749633789062,269995,ZEEL.BO
2020-02-13,220.42623396492607,227.9945166761682,218.81797677585786,224.44688415527344,1020382,ZEEL.BO
2020-02-14,225.15638175048804,229.31893093307903,224.21034653304903,225.818603515625,378636,ZEEL.BO
2020-02-17,226.38625534877744,228.94054783005865,220.89924759635824,226.48085021972656,479943,ZEEL.BO
2020-02-18,227.33226531089682,233.7653076673056,225.7712985431551,232.2989501953125,350889,ZEEL.BO
2020-02-19,233.67071769468546,241.47550887274684,231.44752897891468,238.68470764160156,440255,ZEEL.BO
2020-02-20,238.40089095170404,246.8205991833969,237.69136449053826,242.9418487548828,261801,ZEEL.BO
2020-02-24,238.59011300804113,243.13108558700938,234.8059715981266,235.610107421875,180363,ZEEL.BO
2020-02-25,237.5494681743051,241.28630469974206,236.2723147528512,238.40089416503906,167072,ZEEL.BO
2020-02-26,238.30628726834794,239.8199495286662,233.6707200535722,238.0697784423828,308640,ZEEL.BO
2020-02-27,239.678044340066,239.77263920700352,230.17038687400378,231.16372680664062,116957,ZEEL.BO
2020-02-28,229.83927117693298,231.2583241141464,219.95320526808325,226.9065704345703,298058,ZEEL.BO
2020-03-02,228.70401926643723,235.32626594633408,217.73000470846733,220.6627197265625,908725,ZEEL.BO
2020-03-03,223.26432719218954,241.9958287165709,222.64941003126745,237.5967559814453,740917,ZEEL.BO
2020-03-04,232.72469731127038,240.71869317330624,230.87993125623964,238.11709594726562,671796,ZEEL.BO
2020-03-05,238.0224859667205,239.67804773276586,223.02782076868272,225.20370483398438,466593,ZEEL.BO
2020-03-06,217.58811967693603,217.82462850267183,204.9112523916384,209.1684112548828,459954,ZEEL.BO
2020-03-09,206.0464762135461,206.0464762135461,180.40891567747926,184.145751953125,973201,ZEEL.BO
2020-03-11,182.01718005527988,202.0731393144961,177.94923994521213,198.33628845214844,949303,ZEEL.BO
2020-03-12,183.5308346293574,188.97053720213475,178.51684502303135,180.50352478027344,525111,ZEEL.BO
2020-03-13,168.63079107952112,186.4635621375275,152.12247809372974,172.98255920410156,1369179,ZEEL.BO
2020-03-16,172.9352441274315,172.9352441274315,153.73072593850478,157.70407104492188,246120,ZEEL.BO
2020-03-17,154.2037759776021,159.87998859027456,124.54555930224639,126.01191711425781,1367576,ZEEL.BO
2020-03-18,130.36366378530394,168.0631608337774,128.42428858443532,155.9066162109375,1567544,ZEEL.BO
2020-03-19,143.75006467521774,149.18976779126356,131.26240127849636,133.58018493652344,829086,ZEEL.BO
2020-03-20,135.85066151742546,144.9798954920501,128.9919062657624,136.98590087890625,884714,ZEEL.BO
2020-03-23,127.62014885321713,136.6547883354786,109.64548640506818,116.36233520507812,479160,ZEEL.BO
2020-03-24,121.9912496893688,123.9306249516368,110.68613068199623,112.86201477050781,506696,ZEEL.BO
2020-03-25,111.63216472694718,122.88997895493031,107.84802354976253,118.91663360595703,351411,ZEEL.BO
2020-03-26,118.91662731488223,125.82268748496186,112.62549871477503,121.8493423461914,360210,ZEEL.BO
2020-03-27,122.0385468818984,131.97191697693665,120.1464763876054,121.13981628417969,254652,ZEEL.BO
2020-03-30,119.86266647288582,127.7147621435999,116.03122793918362,118.82202911376953,273083,ZEEL.BO
2020-03-31,121.09252142137096,124.07252691658363,116.50425154542467,117.30838012695312,1625130,ZEEL.BO
2020-04-01,117.30837696130065,119.67346520648817,113.52423576900064,114.28106689453125,242871,ZEEL.BO
2020-04-03,115.41629171856846,118.63281276737517,112.72009290474358,117.49756622314453,225940,ZEEL.BO
2020-04-07,119.20043941855093,135.0938342280948,119.20043941855093,133.53286743164062,326355,ZEEL.BO
2020-04-08,132.44493986829784,140.48623978887306,128.2350857381261,135.09384155273438,353541,ZEEL.BO
2020-04-09,136.2290648036053,143.08781980239792,136.2290648036053,141.85797119140625,317872,ZEEL.BO
2020-04-13,138.12117125168587,138.12117125168587,121.37634721303877,129.7014617919922,1358149,ZEEL.BO
2020-04-15,136.22908619356744,136.22908619356744,122.18045590571442,126.57952880859375,1140998,ZEEL.BO
2020-04-16,123.50490313807639,131.30969384715948,123.50490313807639,128.47158813476562,2543319,ZEEL.BO
2020-04-17,133.86400983315096,134.90465455299224,129.74875004647052,132.53956604003906,1438842,ZEEL.BO
2020-04-20,134.8100288854197,141.62148008940193,130.22175195272214,133.10716247558594,1188963,ZEEL.BO
2020-04-21,131.2150988647397,131.26240351884425,121.75474545797614,122.32237243652344,1023609,ZEEL.BO
2020-04-22,122.98458288211633,146.7773637194002,122.98458288211633,143.3243408203125,1880445,ZEEL.BO
2020-04-23,148.9532518858382,163.47489920182846,147.10848597769012,149.1424560546875,2894911,ZEEL.BO
2020-04-24,143.60816835969334,144.5542037053628,135.4249539584403,137.1751251220703,1593932,ZEEL.BO
2020-04-27,143.70277111116002,144.17578880992664,138.97259412349374,141.5269012451172,564792,ZEEL.BO
2020-04-28,142.7094332443642,147.29769586741193,141.95260210421975,144.2703857421875,1122739,ZEEL.BO
2020-04-29,149.42627432666978,157.04186145920173,146.7773725716126,150.750732421875,1192523,ZEEL.BO
2020-04-30,155.81201764680387,155.81201764680387,147.58151307397958,150.6561279296875,727579,ZEEL.BO
2020-05-04,148.38563502129654,148.38563502129654,135.75605863542768,138.54685974121094,635368,ZEEL.BO
2020-05-05,142.85134026636987,147.013890102639,139.06719880236005,140.2024383544922,2073858,ZEEL.BO
2020-05-06,142.75671789326955,146.02055115561782,138.87798190877956,144.64878845214844,1227271,ZEEL.BO
2020-05-07,142.09450178592712,145.83133840257375,138.35766516928047,139.49290466308594,214747,ZEEL.BO
2020-05-08,143.70274993670884,150.13579257910374,139.2563871105404,142.47291564941406,1055729,ZEEL.BO
2020-05-11,147.29769416424443,153.06851530134665,144.8380110314074,147.10848999023438,1033019,ZEEL.BO
2020-05-12,145.92592827748604,147.77069401369678,140.0605129777141,146.58815002441406,798648,ZEEL.BO
2020-05-13,154.01454249817746,159.3123312683063,146.77736413165294,156.5215301513672,911770,ZEEL.BO
2020-05-14,154.9605809805256,163.5222031090233,148.2437247517842,160.40028381347656,1173047,ZEEL.BO
2020-05-15,158.88660347741947,162.90725293886086,153.82532399305097,155.3862762451172,1437577,ZEEL.BO
2020-05-18,155.33897321808595,155.33897321808595,140.01320623363654,141.2903594970703,1064407,ZEEL.BO
2020-05-19,144.36498859492804,147.25038463251352,140.20242472787461,142.1417999267578,542561,ZEEL.BO
2020-05-20,141.52688358931314,146.3043502025725,141.52688358931314,145.21641540527344,505815,ZEEL.BO
2020-05-21,146.16244018718373,150.70341208977825,144.3176744116974,145.40560913085938,556817,ZEEL.BO
2020-05-22,145.40562642319836,156.09582847231223,144.08118274363525,154.3456573486328,1292045,ZEEL.BO
2020-05-26,155.52819023316553,157.51487004389617,150.79801395557104,156.2377166748047,684503,ZEEL.BO
2020-05-27,156.23771988897158,157.37297376723095,153.06851037899682,155.622802734375,464702,ZEEL.BO
2020-05-28,156.33231905650962,176.29366783877347,154.72406208036625,170.99586486816406,2734072,ZEEL.BO
2020-05-29,166.97523084119194,176.577483384547,165.8399913656029,173.50286865234375,1225769,ZEEL.BO
2020-06-01,178.32763243668995,182.0171638853775,174.21237360631812,175.86793518066406,887343,ZEEL.BO
2020-06-02,176.719387298238,191.8559512734986,175.6787427507979,188.30831909179688,1785045,ZEEL.BO
2020-06-03,193.41691274685618,194.07913456481737,182.3483027069669,185.32830810546875,955696,ZEEL.BO
2020-06-04,186.36895032583726,196.3969300769016,177.28700585561475,194.64675903320312,1795103,ZEEL.BO
2020-06-05,198.09978448592906,198.95122491043628,191.38294257003247,195.16708374023438,1534454,ZEEL.BO
2020-06-08,198.66740037947136,198.76200967760246,184.00385416098658,186.3689422607422,1899861,ZEEL.BO
2020-06-09,187.36229269299403,191.28833338537433,180.3616228625632,181.9698944091797,2015918,ZEEL.BO
2020-06-10,183.53084277729744,184.14575992998752,177.94924044635573,179.51019287109375,1253052,ZEEL.BO
2020-06-11,180.69274200092661,180.69274200092661,165.5561772259799,166.50221252441406,1005298,ZEEL.BO
2020-06-12,162.00854415229105,162.00854415229105,155.4809063956246,159.50155639648438,2012422,ZEEL.BO
2020-06-15,159.50154986770752,167.4009355907267,154.81866380422304,156.5215301513672,2330934,ZEEL.BO
2020-06-16,163.00188414622377,163.00188414622377,152.4535819502496,155.0078887939453,1141138,ZEEL.BO
2020-06-17,155.33899406487066,160.21108454278473,152.54819280450994,156.0958251953125,1015597,ZEEL.BO
2020-06-18,158.36630628275134,166.0291981241617,156.5688449546938,165.03585815429688,2837790,ZEEL.BO
2020-06-22,165.50885192184487,170.28633246987553,165.03583433165076,167.44822692871094,694524,ZEEL.BO
2020-06-23,169.00918207932673,176.81397245039366,166.6913987349893,172.17840576171875,846177,ZEEL.BO
2020-06-24,173.12446640253157,175.3003505613281,163.1910953794355,164.7047576904297,1525076,ZEEL.BO
2020-06-25,161.1571133535204,166.8806151651165,159.50155163785314,162.95457458496094,1292016,ZEEL.BO
2020-06-26,165.50887735161072,170.94858047463111,164.79935085730372,166.69142150878906,981670,ZEEL.BO
2020-06-29,166.5022043627362,166.5022043627362,158.74471818290647,162.7180633544922,3270631,ZEEL.BO
2020-06-30,165.55615430371856,166.26568067930592,160.4948603837216,161.8666229248047,329270,ZEEL.BO
2020-07-01,157.32567836266313,168.25238931794246,156.09582954583735,165.83999633789062,1637088,ZEEL.BO
2020-07-02,166.97523587691407,169.4822237292532,163.6641122192982,164.98855590820312,500505,ZEEL.BO
2020-07-06,163.00187296691732,168.2050667303483,163.00187296691732,165.6034698486328,1055663,ZEEL.BO
2020-07-07,165.6034794777422,171.80001347974508,161.63013416897832,170.47555541992188,979199,ZEEL.BO
2020-07-08,171.23239161516716,173.45558037436726,162.0085473154551,162.81268310546875,1120841,ZEEL.BO
2020-07-09,165.08314087493315,165.08314087493315,160.6367783630797,162.62344360351562,712890,ZEEL.BO
2020-07-10,161.81934157807382,164.13712518496962,158.17709988484245,160.87330627441406,803296,ZEEL.BO
2020-07-13,163.66410505287809,165.36697146073007,161.5828303034381,164.27902221679688,552682,ZEEL.BO
2020-07-14,164.08981976209577,164.08981976209577,156.52153736836078,157.23106384277344,517565,ZEEL.BO
2020-07-15,159.26503582928865,159.73805344157003,149.9938877415028,151.55484008789062,1156453,ZEEL.BO
2020-07-16,152.59549101613933,153.21040816378314,146.3989571480062,148.90594482421875,618376,ZEEL.BO
2020-07-17,148.90594482421875,151.0818288191433,146.77736547957892,148.90594482421875,579695,ZEEL.BO
2020-07-20,150.1357926840056,150.41960614871516,145.92593866942966,146.39895629882812,993308,ZEEL.BO
2020-07-21,147.10849327173278,147.86532442000853,143.8446742823567,145.3583221435547,773971,ZEEL.BO
2020-07-22,145.68943385472954,150.37230562727527,140.9592574308747,148.57484436035156,1307455,ZEEL.BO
2020-07-23,151.36566737912736,158.55554235377787,149.2370876816084,150.4196319580078,4111653,ZEEL.BO
2020-07-24,149.85198583749886,150.32500348778814,142.52021225801522,143.46624755859375,2221911,ZEEL.BO
2020-07-27,140.3916337523787,146.5881678988746,136.93861065676393,137.55352783203125,1278904,ZEEL.BO
2020-07-28,138.40497398730346,140.01323118820534,133.4855930758697,136.6074981689453,913841,ZEEL.BO
2020-07-29,137.64814214737834,139.20909468624836,133.81669612837027,134.6681365966797,654523,ZEEL.BO
2020-07-30,137.0804845829579,137.6481114351813,130.7420520980987,132.68142700195312,895317,ZEEL.BO
2020-07-31,134.1477980635562,134.1477980635562,130.69476082410685,131.3096923828125,1634873,ZEEL.BO
2020-08-03,131.02588569668558,132.35032930864816,127.47825341247928,127.6674575805664,1126062,ZEEL.BO
2020-08-04,127.95126014600325,137.0804940052004,127.95126014600325,135.61415100097656,1191583,ZEEL.BO
2020-08-05,137.6008276734629,139.35099870396002,134.14780469857718,137.64813232421875,1017707,ZEEL.BO
2020-08-06,137.17510531285086,144.31767402828,137.17510531285086,140.6281280517578,1128405,ZEEL.BO
2020-08-07,142.8513287997865,143.04053297072886,140.72274939714066,142.09449768066406,699936,ZEEL.BO
2020-08-10,141.621474464476,145.6421242890857,140.86464337512604,143.04052734375,1350004,ZEEL.BO
2020-08-11,144.743392424348,152.2170650825754,144.22307015274558,151.22373962402344,2144339,ZEEL.BO
2020-08-12,150.23041401661447,155.33899904914517,147.9599205524369,152.64280700683594,2362237,ZEEL.BO
2020-08-13,153.25770571183565,155.24438544890762,151.46024456713388,153.54151916503906,1661717,ZEEL.BO
2020-08-14,153.77803357057434,158.46090519524392,149.56817957335326,152.59548950195312,1566310,ZEEL.BO
2020-08-17,154.2510660762422,161.7247395366573,154.2510660762422,160.7313995361328,3526492,ZEEL.BO
2020-08-18,161.0625229441051,169.19843296094464,156.37965071473943,164.56285095214844,2630008,ZEEL.BO
2020-08-19,163.66410778984982,189.2070610287281,160.2110847002168,186.416259765625,4868391,ZEEL.BO
2020-08-20,182.63211693514057,195.7346971346683,182.1117946348276,188.68673706054688,6550383,ZEEL.BO
2020-08-21,188.73405097158349,193.22771885185927,179.0371887036199,181.7806854248047,2255158,ZEEL.BO
2020-08-24,184.4768844112273,192.3762849793878,182.58481380188138,190.62611389160156,3506926,ZEEL.BO
2020-08-25,192.56548265132855,193.46421327335182,187.12577983312917,189.06515502929688,849011,ZEEL.BO
2020-08-26,190.6261060457351,201.83662971884365,187.2203733149457,200.03915405273438,2047995,ZEEL.BO
2020-08-27,199.7080511410369,204.91124512264713,194.07912973992185,198.33628845214844,1938593,ZEEL.BO
2020-08-28,199.61342764853998,206.70869166448335,199.61342764853998,202.2623291015625,2275331,ZEEL.BO
2020-08-31,203.91790085803393,206.09378481832738,190.29498460794815,192.51817321777344,1081769,ZEEL.BO
2020-09-01,196.7753433700071,196.7753433700071,185.70673319251483,190.90992736816406,868377,ZEEL.BO
2020-09-02,192.9911980841898,208.97918862192515,191.61944980840704,206.42489624023438,1710856,ZEEL.BO
2020-09-03,206.23570400041328,212.95256068465994,203.0664798391095,208.45889282226562,2069013,ZEEL.BO
2020-09-04,204.8166328282471,211.58077913134386,199.0931166450524,208.50616455078125,1670142,ZEEL.BO
2020-09-07,209.02649009927015,213.61476693466378,204.2963137474634,211.81729125976562,906217,ZEEL.BO
2020-09-08,211.81731298739302,213.09446650752875,200.55949788943883,202.16775512695312,867714,ZEEL.BO
2020-09-09,201.4581994049183,211.24966981264487,196.06580147928932,209.4521942138672,1123612,ZEEL.BO
2020-09-10,209.1680181133589,216.79393822599573,208.0785926944454,211.15737915039062,1025969,ZEEL.BO
2020-09-11,210.30479375156787,212.8625518656667,204.81034129409764,206.51551818847656,635269,ZEEL.BO
2020-09-14,210.3047877566388,212.8625457978264,202.86832889407947,204.66824340820312,496577,ZEEL.BO
2020-09-15,206.42077467295204,208.59961095102713,204.6208746134206,205.80502319335938,457768,ZEEL.BO
2020-09-16,208.12594725393018,208.12594725393018,202.3946653534898,204.57350158691406,404383,ZEEL.BO
2020-09-17,203.91038207277492,212.7678190853215,203.86301323937775,209.4995574951172,1409863,ZEEL.BO
2020-09-18,211.1100096268296,214.5677176166008,207.6049183490536,208.5048828125,956506,ZEEL.BO
2020-09-21,210.30477472179254,212.95727026692882,193.67932680212272,199.45797729492188,635355,ZEEL.BO
2020-09-22,201.77891230704216,201.77891230704216,183.35356381600178,186.62181091308594,1558260,ZEEL.BO
2020-09-23,189.4637882476369,192.40048274745124,167.95965117251808,181.64840698242188,1597730,ZEEL.BO
2020-09-24,174.3066667298268,185.39029427763788,173.3593478889038,180.03794860839844,936862,ZEEL.BO
2020-09-25,185.67449076725973,190.69528345960694,173.6435445115933,187.90069580078125,1360279,ZEEL.BO
2020-09-28,188.04279161220148,198.65275983484932,186.85864305041179,197.6107177734375,1279444,ZEEL.BO
2020-09-29,197.6580774210613,203.19989861994443,193.67934103837183,196.8054962158203,869354,ZEEL.BO
2020-09-30,197.98963928222656,201.6368226299272,195.76343420688644,197.98963928222656,453633,ZEEL.BO
2020-10-01,199.3158828266561,203.67355537478986,199.3158828266561,202.7736053466797,676613,ZEEL.BO
2020-10-05,202.9157040705077,203.48410118850998,196.5686703758652,197.27915954589844,610971,ZEEL.BO
2020-10-06,198.93696491814796,207.93649428349275,197.51598659730405,205.5208282470703,918836,ZEEL.BO
2020-10-07,205.56819167912067,206.7997090824718,193.06358567534159,195.19505310058594,1080390,ZEEL.BO
2020-10-08,198.17911524147274,201.73156119269993,193.44252063983652,194.95823669433594,1127951,ZEEL.BO
2020-10-09,198.84222270071777,198.84222270071777,187.61650289573947,190.12689208984375,512382,ZEEL.BO
2020-10-12,187.09548492599689,187.47440670842818,176.67497690480212,179.80113220214844,1871900,ZEEL.BO
2020-10-13,180.93791274314228,182.02732371328486,171.93838305172943,172.8383331298828,803518,ZEEL.BO
2020-10-14,174.21193380207976,178.14331577180118,169.19115537258057,176.20130920410156,878657,ZEEL.BO
2020-10-15,176.58024145621718,178.52224813925605,169.4279951518837,170.42266845703125,513572,ZEEL.BO
2020-10-16,173.35936043563083,173.35936043563083,164.35983079552977,166.3965606689453,686716,ZEEL.BO
2020-10-19,166.9649558515574,168.5280262520218,164.35982888082387,165.02294921875,437908,ZEEL.BO
2020-10-20,163.9335342690344,174.16458101372285,163.6019668806889,173.40672302246094,1630539,ZEEL.BO
2020-10-21,176.1065845273621,179.090647850538,166.82287051287656,171.03843688964844,1244522,ZEEL.BO
2020-10-22,171.36998260372096,175.77502414563688,171.36998260372096,173.88038635253906,880133,ZEEL.BO
2020-10-23,175.25398286827289,177.7170175986671,173.88037346110377,176.0118408203125,921543,ZEEL.BO
2020-10-26,176.58023102338245,178.0485781581916,166.87021263682172,167.3438720703125,456640,ZEEL.BO
2020-10-27,168.62277330271598,179.5169412408128,168.57540446417102,177.717041015625,732607,ZEEL.BO
2020-10-28,177.14862337979403,177.14862337979403,170.9910509093734,171.93836975097656,368611,ZEEL.BO
2020-10-29,170.04373750076803,171.89100640992788,167.01232000176998,169.61744689941406,825012,ZEEL.BO
2020-10-30,172.412036190906,179.61166546217217,171.03842670564757,177.953857421875,898687,ZEEL.BO
2020-11-02,177.95385281925715,177.95385281925715,171.65417375610008,173.69091796875,536690,ZEEL.BO
2020-11-03,176.2013184498747,181.17474276095987,171.22789413878954,172.45941162109375,926655,ZEEL.BO
2020-11-04,173.83301920483916,175.25399756346184,169.85428269168358,172.2225799560547,773011,ZEEL.BO
2020-11-05,174.2593110383327,181.83786233724308,173.8330204187569,180.55899047851562,699552,ZEEL.BO
2020-11-06,181.31681475140377,184.63243059187832,180.65369447429646,182.73779296875,885586,ZEEL.BO
2020-11-09,183.30620533650088,186.14816200838462,180.18005010644094,181.6010284423828,317591,ZEEL.BO
2020-11-10,181.60102512242318,185.6271303339881,178.4748699495144,182.64308166503906,1160930,ZEEL.BO
2020-11-11,185.15346955156977,189.51114211909535,183.21146298441295,185.05874633789062,492045,ZEEL.BO
2020-11-12,184.82191835741773,189.463775064523,184.44298213432535,187.94805908203125,704555,ZEEL.BO
2020-11-13,188.51644803922983,188.51644803922983,180.74843648839996,182.45361328125,613281,ZEEL.BO
2020-11-14,185.20085715584239,185.20085715584239,181.69577988582472,182.8799285888672,61162,ZEEL.BO
2020-11-17,185.1061017091078,185.1061017091078,178.00121017285846,179.61166381835938,466472,ZEEL.BO
2020-11-18,179.42219761924795,181.9799702665328,176.3907799670262,180.41688537597656,965252,ZEEL.BO
2020-11-19,180.4168928650614,181.74314808073208,175.49083716885355,176.4381561279297,551193,ZEEL.BO
2020-11-20,178.56960663073286,178.94852839598437,173.64355140776937,175.8223876953125,274982,ZEEL.BO
2020-11-23,177.14862810686924,178.04857813941905,174.06984178950387,177.3380889892578,638722,ZEEL.BO
2020-11-24,178.94854573137158,180.74846042802739,177.66967380855476,178.33279418945312,822518,ZEEL.BO
2020-11-25,178.94851928010905,183.30619163320966,177.2433569684017,178.42750549316406,516912,ZEEL.BO
2020-11-26,178.99589981685443,181.03264408559374,177.2907229387054,179.84849548339844,350021,ZEEL.BO
2020-11-27,180.22741372365402,190.36372266889808,179.9905840078542,182.40625,3344798,ZEEL.BO
2020-12-01,184.72718089512298,187.758598408568,179.99058651319675,185.2955780029297,523440,ZEEL.BO
2020-12-02,185.29558023198442,189.41640872086933,183.59040334299038,187.4270477294922,474544,ZEEL.BO
2020-12-03,188.6111988088658,196.0002746663596,188.51646113687156,193.72671508789062,1568566,ZEEL.BO
2020-12-04,194.38982440605716,201.02105633139493,194.38982440605716,196.09500122070312,1603651,ZEEL.BO
2020-12-07,197.0423271382532,205.14190645727976,195.62134881754463,204.38404846191406,1568968,ZEEL.BO
2020-12-08,204.9050764113573,206.32605472980646,197.46861742949775,201.35263061523438,620064,ZEEL.BO
2020-12-09,202.4894032649065,208.41014605043011,202.4894032649065,204.194580078125,587177,ZEEL.BO
2020-12-10,202.72623032513786,202.72623032513786,197.2791470336914,201.3052520751953,764679,ZEEL.BO
2020-12-11,201.73155238484523,205.28399818096815,198.55804281327215,201.35263061523438,592384,ZEEL.BO
2020-12-14,201.92101716102513,206.2313210343759,201.92101716102513,204.099853515625,358552,ZEEL.BO
2020-12-15,204.57352062864456,221.5778925798766,201.87367034337294,219.58853149414062,2504516,ZEEL.BO
2020-12-16,220.72529377034192,224.32510831938671,216.7939262941761,219.73060607910156,1665257,ZEEL.BO
2020-12-17,218.54647202479833,225.55664070806472,212.15206931269796,214.0467071533203,1606116,ZEEL.BO
2020-12-18,215.0413778666019,218.49908586970625,205.3787285362709,213.43093872070312,1281559,ZEEL.BO
2020-12-21,213.80987783662192,216.0834519227282,192.11628030152968,201.0210723876953,1560406,ZEEL.BO
2020-12-22,202.11048891128826,205.04716876750635,191.31104500198006,203.2472686767578,812305,ZEEL.BO
2020-12-23,203.62620420500238,206.75235961246753,198.9369783212746,205.66294860839844,618405,ZEEL.BO
2020-12-24,209.3574689331757,210.68370956073164,204.24195284981568,205.80502319335938,574679,ZEEL.BO
2020-12-28,206.5155074632184,210.873179916436,206.23130891975842,208.5048828125,222126,ZEEL.BO
2020-12-29,209.0259116658089,211.48894661326955,205.09454397210686,206.61026000976562,310852,ZEEL.BO
2020-12-30,207.55757086573527,211.91522900877058,203.1998982677611,207.1786346435547,393179,ZEEL.BO
2020-12-31,205.71029053570666,214.7571887977922,205.71029053570666,211.58367919921875,547804,ZEEL.BO
2021-01-01,211.25211566955232,214.28353327247734,211.25211566955232,213.19412231445312,466376,ZEEL.BO
2021-01-04,213.9993496639347,215.98872528405346,204.71563531655488,207.51022338867188,1252475,ZEEL.BO
2021-01-05,205.04716804513103,211.25210958075536,203.67355856440537,210.5889892578125,1211900,ZEEL.BO
2021-01-06,211.25212271307822,213.2888526433584,205.5682090974797,209.5943145751953,462274,ZEEL.BO
2021-01-07,211.3468582282315,212.7678366176057,206.70498681664532,207.4628448486328,790752,ZEEL.BO
2021-01-08,209.73637644236794,224.4198178356711,209.49954674247596,218.8306427001953,3036352,ZEEL.BO
2021-01-11,220.0148207652317,221.05687736676302,210.63636917120846,211.63104248046875,1182332,ZEEL.BO
2021-01-12,213.90461509724946,217.40969221141287,211.96260841962365,214.0467071533203,374517,ZEEL.BO
2021-01-13,217.40967707127103,220.44109451417467,211.67839511151996,215.9413299560547,546566,ZEEL.BO
2021-01-14,216.93602599003825,219.20958554594947,214.3308990403762,217.26759338378906,1086223,ZEEL.BO
2021-01-15,216.46236202790897,221.15158754846672,209.92586759985136,213.00465393066406,1618070,ZEEL.BO
2021-01-18,216.74656741867847,216.74656741867847,203.19990424470993,206.37342834472656,448167,ZEEL.BO
2021-01-19,208.5048911973529,214.94664801515805,208.5048911973529,213.24148559570312,331857,ZEEL.BO
2021-01-20,213.14675015837963,218.9727555473997,212.00997038185608,216.50973510742188,876681,ZEEL.BO
2021-01-21,217.88335367838542,221.43579966227213,211.96261037190754,213.14675903320312,356671,ZEEL.BO
2021-01-22,215.60979917190616,215.60979917190616,206.27870171642041,207.4154815673828,394929,ZEEL.BO
2021-01-25,208.97854790544503,212.76782337459224,203.5788187979592,211.86785888671875,514545,ZEEL.BO
2021-01-27,213.14673377822223,213.14673377822223,206.75233176487555,209.68902587890625,277627,ZEEL.BO
2021-01-28,207.0365445554885,213.2888405038278,205.61556623246514,208.55224609375,543604,ZEEL.BO
2021-01-29,212.19942392180405,216.79392615922927,206.42077311338662,208.599609375,409977,ZEEL.BO
2021-02-01,211.72576773363372,217.3149432922776,203.15252905745854,215.27821350097656,787643,ZEEL.BO
2021-02-02,215.27820681619903,234.50878219725863,215.27820681619903,230.387939453125,2044221,ZEEL.BO
2021-02-03,231.61946687586098,238.58226644735635,226.2671209692942,231.19317626953125,1429168,ZEEL.BO
2021-02-04,231.80894116407387,247.2502427395633,227.3565450478743,236.26133728027344,1992619,ZEEL.BO
2021-02-05,239.38748502972823,239.38748502972823,200.83160838619634,203.957763671875,3551302,ZEEL.BO
2021-02-08,207.74701875096252,210.68369840068976,199.74217766558536,208.17330932617188,1404015,ZEEL.BO
2021-02-09,213.14674377502948,213.14674377502948,202.72623630158358,204.289306640625,1401948,ZEEL.BO
2021-02-10,206.51551038328955,208.5996089732341,203.6735538183819,205.5681915283203,1715119,ZEEL.BO
2021-02-11,205.56819874034156,206.98917707264806,202.72624207572855,203.86302185058594,388935,ZEEL.BO
2021-02-12,203.86301003410426,206.75233536664177,200.73685499324299,201.3052520751953,2682404,ZEEL.BO
2021-02-15,203.67356487172185,204.1472243249119,198.55804855924504,200.9263458251953,552695,ZEEL.BO
2021-02-16,199.88427286060457,202.39466197474587,192.1636301884854,195.24241638183594,1787164,ZEEL.BO
2021-02-17,197.98964978010812,204.62088206939404,194.62666479955385,203.72093200683594,788866,ZEEL.BO
2021-02-18,203.72092188720723,206.42077194076924,199.88427764799962,200.6421356201172,837439,ZEEL.BO
2021-02-19,200.8316130198282,202.39468347126137,194.95823854891552,197.4686279296875,872940,ZEEL.BO
2021-02-22,198.74750182608688,198.74750182608688,189.74797256067487,191.12158203125,408525,ZEEL.BO
2021-02-23,193.20567504195304,194.95822068259938,187.6638684861458,191.1689453125,1037167,ZEEL.BO
2021-02-24,192.305742216756,203.67356934286963,189.7006151670216,194.81613159179688,4759216,ZEEL.BO
2021-02-25,195.38452149562318,199.69482534566598,195.38452149562318,197.6580810546875,1186998,ZEEL.BO
2021-02-26,192.30574012870218,197.51599417159807,189.51115221486413,190.41110229492188,1032325,ZEEL.BO
2021-03-01,193.91618137910305,206.6102636681842,192.1636500379014,205.1892852783203,1344402,ZEEL.BO
2021-03-02,206.04183844794576,209.6416527692882,203.10514439383903,208.45750427246094,944779,ZEEL.BO
2021-03-03,209.4048387244925,214.04669539709366,209.31010105568888,210.35215759277344,900255,ZEEL.BO
2021-03-04,208.4101478556683,219.44640672150442,205.14190070073758,213.6677703857422,2593680,ZEEL.BO
2021-03-05,213.66777870479925,217.2675933807238,204.09985212601802,206.51551818847656,2272294,ZEEL.BO
2021-03-08,211.2521288827356,215.65715628149817,207.13128560910076,212.95730590820312,743064,ZEEL.BO
2021-03-09,212.19943801123173,215.89397601605862,203.43673800407151,208.74172973632812,1788793,ZEEL.BO
2021-03-10,210.3047979290994,212.19943574828048,208.78908189177878,210.02059936523438,1388592,ZEEL.BO
2021-03-12,210.3047841796875,214.4729813273996,206.37341674388944,207.2259979248047,1980504,ZEEL.BO
2021-03-15,208.9785464793304,208.9785464793304,198.36856367417195,202.0157470703125,3202807,ZEEL.BO
2021-03-16,203.48410965228493,203.95776911867526,198.93697588394954,199.74220275878906,1559412,ZEEL.BO
2021-03-17,199.74219360060928,200.64214365450027,192.02153597947478,192.73202514648438,795773,ZEEL.BO
2021-03-18,194.95824078751204,203.43674241146036,193.4425247011899,196.18975830078125,1496954,ZEEL.BO
2021-03-19,196.189745946492,210.87318859521244,192.44782480431851,205.5208282470703,2098550,ZEEL.BO
2021-03-22,201.8736627806356,205.75766158629483,201.8736627806356,202.96307373046875,641327,ZEEL.BO
2021-03-23,204.62086997833433,205.09452939958047,199.5053540108513,201.54208374023438,250938,ZEEL.BO
2021-03-24,199.88427396351426,201.68417396604454,193.67933271015212,194.3424530029297,376244,ZEEL.BO
2021-03-25,195.14770048964155,195.33716138553675,184.11144068567415,185.95870971679688,455746,ZEEL.BO
2021-03-26,189.46378674761536,193.063601586808,187.75860977589886,189.36904907226562,569200,ZEEL.BO
2021-03-30,191.3584100509208,193.110955726927,187.56913460436792,190.50582885742188,375700,ZEEL.BO
2021-03-31,190.50583800454334,193.67934767044395,188.5164625176079,192.4478302001953,457131,ZEEL.BO
2021-04-01,193.2530374800941,199.55270179244553,191.54786072898804,198.17909240722656,365812,ZEEL.BO
2021-04-05,198.3685719252739,198.3685719252739,185.39030588317044,191.45315551757812,592423,ZEEL.BO
2021-04-06,191.92682820510382,193.77409729696421,188.46910530783356,189.3217010498047,254564,ZEEL.BO
2021-04-07,189.9374334116118,193.48987917367438,189.27431309368123,189.98480224609375,315337,ZEEL.BO
2021-04-08,192.3057437439341,194.38984250928434,190.126907303138,191.26368713378906,1047864,ZEEL.BO
2021-04-09,191.54786427685238,197.04231637443482,190.79000632288614,195.24241638183594,369691,ZEEL.BO
2021-04-12,190.4110914346629,190.50582910292428,167.95963727589188,171.27525329589844,1595534,ZEEL.BO
2021-04-13,176.67497639630693,179.09064250343732,172.74360870887423,178.28541564941406,371524,ZEEL.BO
2021-04-15,179.28010780483405,180.46425646933096,175.15926467040885,179.1380157470703,516270,ZEEL.BO
2021-04-16,179.13801016678298,186.43236282187135,179.13801016678298,183.7324981689453,267139,ZEEL.BO
2021-04-19,179.65902401799346,181.03264799011762,175.44345779424438,180.32215881347656,547990,ZEEL.BO
2021-04-20,181.8852334838403,191.0268553222762,181.8852334838403,186.85865783691406,452402,ZEEL.BO
2021-04-22,186.6218239944153,189.1322133067807,181.6010309147452,182.216796875,524506,ZEEL.BO
2021-04-23,182.31152895913692,182.7851884339359,177.2433812517519,178.09596252441406,392383,ZEEL.BO
2021-04-26,180.08533764018387,180.79582685056607,175.44346612605617,176.5802459716797,271159,ZEEL.BO
2021-04-27,177.2433624837562,182.78516907912777,177.0065327714342,178.38014221191406,331294,ZEEL.BO
2021-04-28,179.80113610820064,180.46425646933096,177.24337788387524,179.1380157470703,436988,ZEEL.BO
2021-04-29,180.84317410376812,181.17474150418292,176.24868606407668,176.76971435546875,268944,ZEEL.BO
2021-04-30,173.73827462161287,180.70107408388486,173.73827462161287,175.8223876953125,632644,ZEEL.BO
2021-05-03,177.90649932354538,177.90649932354538,171.60681971726675,174.06985473632812,289984,ZEEL.BO
2021-05-04,176.20132836091787,177.48021475196518,171.36999583356172,172.5067901611328,412719,ZEEL.BO
2021-05-05,174.3066688874412,174.9224203596877,171.51208116311395,173.31198120117188,412038,ZEEL.BO
2021-05-06,173.88039754062447,174.44878024216206,170.23321377226267,172.6488800048828,344494,ZEEL.BO
2021-05-07,174.30668106949798,180.65371493484506,171.89101493542736,176.24868774414062,1504278,ZEEL.BO
2021-05-10,177.14864160435084,183.3535835461864,176.86444303164467,178.99591064453125,535865,ZEEL.BO
2021-05-11,179.04327929705912,179.56430760399093,175.44346444136838,177.1012725830078,356776,ZEEL.BO
2021-05-12,177.1486290585951,187.7112286990973,173.40672240529702,183.02200317382812,2389468,ZEEL.BO
2021-05-14,184.25353407082687,184.91665443870562,176.43815280561185,181.64840698242188,922238,ZEEL.BO
2021-05-17,181.26948874692616,183.59041730754058,177.3854752296154,178.33279418945312,665336,ZEEL.BO
2021-05-18,179.99059141573503,184.72718592667542,179.70639285409072,180.32215881347656,1362159,ZEEL.BO
2021-05-19,182.69045190256796,185.4376708742855,180.7010764713663,182.5009765625,661254,ZEEL.BO
2021-05-20,184.72718026665927,184.72718026665927,179.28009674597575,181.5063018798828,707255,ZEEL.BO
2021-05-21,185.39029603165537,188.51645112726607,180.18004235728367,180.65370178222656,1060892,ZEEL.BO
2021-05-24,182.83253777811848,190.07952118786645,180.84316241410139,187.6165008544922,853784,ZEEL.BO
2021-05-25,189.4637720756436,193.44250839824437,188.13753145308957,190.88475036621094,898443,ZEEL.BO
2021-05-26,193.7267073725817,196.18974219694698,192.5899276286203,195.05294799804688,579267,ZEEL.BO
2021-05-27,196.00026944258605,202.96306895535199,193.0162207685086,199.0790557861328,1152808,ZEEL.BO
2021-05-28,202.01574506367734,204.76296395079768,199.12641967588206,200.6421356201172,1412405,ZEEL.BO
2021-05-31,199.88428873302843,203.48410345901868,197.23179291098614,198.2738494873047,894021,ZEEL.BO
2021-06-01,198.5106701762585,202.91569709710575,193.868799085267,202.0157470703125,808840,ZEEL.BO
2021-06-02,201.68418549612073,203.9103906651491,199.69482450405835,201.58946228027344,793032,ZEEL.BO
2021-06-03,200.8316067272174,209.12064709921341,200.8316067272174,207.88912963867188,2031030,ZEEL.BO
2021-06-04,205.5681971014525,209.78376322936546,204.76297027092284,206.65760803222656,606861,ZEEL.BO
2021-06-07,208.36277759139764,210.92053558835013,205.71028192773124,206.08921813964844,507838,ZEEL.BO
2021-06-08,206.5628873014992,209.5469360294667,203.2472711793401,208.41015625,493684,ZEEL.BO
2021-06-09,208.55224181759385,214.33089266137887,203.15252719180873,205.0471649169922,764651,ZEEL.BO
2021-06-10,205.8050260377538,212.57835022664102,204.2419556726072,210.5889892578125,702716,ZEEL.BO
2021-06-11,212.15205706979,213.99932596680637,207.93649100866585,208.83644104003906,615693,ZEEL.BO
2021-06-14,209.83113206438586,209.83113206438586,202.48941073933398,206.65760803222656,443992,ZEEL.BO
2021-06-15,209.16801930401664,222.00419349209034,207.1312749639877,218.3570098876953,1380893,ZEEL.BO
2021-06-16,217.45704196603333,219.54114051684527,214.09405720305085,215.46766662597656,1036584,ZEEL.BO
2021-06-17,213.2414925746649,219.30432782100192,210.6837199518939,211.9152374267578,1333652,ZEEL.BO
2021-06-18,215.04139672266257,215.56242502421202,201.68419405174598,210.11534118652344,463883,ZEEL.BO
2021-06-21,207.46284529631322,212.24680877518418,204.76298056870039,210.11534118652344,520985,ZEEL.BO
2021-06-22,211.72578203479677,211.72578203479677,205.66294663098878,206.56289672851562,361524,ZEEL.BO
2021-06-23,208.03124912652785,210.16271678374662,204.62089509300176,204.99981689453125,259298,ZEEL.BO
2021-06-24,206.3260668479324,206.98918721116786,202.48942227179464,203.53147888183594,233560,ZEEL.BO
2021-06-25,204.43141594919786,208.12595377670803,204.43141594919786,206.79971313476562,399711,ZEEL.BO
2021-06-28,206.79973416076382,209.7364142964863,205.75767751118917,207.51022338867188,200199,ZEEL.BO
2021-06-29,207.60492884682887,209.12064485196714,204.1472206822148,204.62088012695312,166199,ZEEL.BO
2021-06-30,205.56818500093337,206.1365820778421,202.29993794605363,203.34197998046875,207456,ZEEL.BO
2021-07-01,204.52614218134116,206.5155176285459,203.10516384903462,203.86302185058594,181992,ZEEL.BO
2021-07-02,206.0418529093471,206.7523420573104,203.48409486766712,205.80502319335938,134492,ZEEL.BO
2021-07-05,207.03653150048444,208.07857353203062,205.75764530842997,207.2733612060547,310323,ZEEL.BO
2021-07-06,207.2733747987614,211.77313949968428,206.98917624245215,207.79440307617188,383194,ZEEL.BO
2021-07-07,208.41015986724506,208.55225192154242,206.04186259602636,208.12596130371094,601679,ZEEL.BO
2021-07-08,208.07857842071562,211.25210233189205,203.38935303124202,204.57350158691406,384069,ZEEL.BO
2021-07-09,205.52083186093515,205.80503042108904,203.2946411254312,205.23663330078125,215409,ZEEL.BO
2021-07-12,205.99448793170288,207.13126769873867,203.6735595625592,204.005126953125,306050,ZEEL.BO
2021-07-13,204.95244696766898,205.2839999051284,202.20521352263015,203.10516357421875,102581,ZEEL.BO
2021-07-14,203.05780724870044,203.53146668762446,201.77892098163002,202.8683319091797,107757,ZEEL.BO
2021-07-15,202.86834712940822,203.62620517953283,198.17912122323838,198.7001495361328,229161,ZEEL.BO
2021-07-16,199.41061755458705,201.16316320580702,195.81080304028615,197.98963928222656,209979,ZEEL.BO
2021-07-19,197.75282067767645,199.17379902985135,194.81612630120588,195.62135314941406,258987,ZEEL.BO
2021-07-20,195.81080554918992,196.5212946944736,189.4637720756436,190.88475036621094,291203,ZEEL.BO
2021-07-22,191.40578640786106,194.67403371797795,191.40578640786106,194.1056365966797,247829,ZEEL.BO
2021-07-23,194.20038833005475,196.37922484620927,193.86882090946634,195.005615234375,215205,ZEEL.BO
2021-07-26,196.04764572260027,198.17911327215606,193.91617817304447,194.72140502929688,2244853,ZEEL.BO
2021-07-27,193.8214408961447,195.47924886999513,189.7005981505983,190.03216552734375,201832,ZEEL.BO
2021-07-28,189.747966983696,191.26366845825333,187.8533292992955,190.03216552734375,320349,ZEEL.BO
2021-07-29,189.79534495982244,191.4531530135346,188.04279923535108,188.56382751464844,236150,ZEEL.BO
2021-07-30,187.85333157860853,195.10031502739608,186.71655184516283,192.16363525390625,343470,ZEEL.BO
2021-08-02,194.2003700708795,194.2003700708795,191.12158371609726,191.73733520507812,271309,ZEEL.BO
2021-08-03,192.7793901178055,194.38982930642592,190.36372410740543,193.3951416015625,201019,ZEEL.BO
2021-08-04,196.09501035722877,202.48941286887754,190.41109701354097,191.21632385253906,789419,ZEEL.BO
2021-08-05,193.25305510541162,193.25305510541162,188.8953823945884,191.07421875,372327,ZEEL.BO
2021-08-06,190.41109561135022,193.67934286891546,185.48504030741753,186.29025268554688,756207,ZEEL.BO
2021-08-09,181.2694716158145,188.2322566396305,179.99058535892033,181.1273651123047,1108494,ZEEL.BO
2021-08-10,182.8325426682578,182.8325426682578,172.8383256573212,173.78564453125,539446,ZEEL.BO
2021-08-11,174.5435064167178,174.92242819277027,168.1964727107341,171.98574829101562,1101252,ZEEL.BO
2021-08-12,173.7856464897562,176.6276031435705,171.2752572275292,175.1592559814453,607368,ZEEL.BO
2021-08-13,175.77501235435122,175.82238118698893,172.08046023268378,173.59617614746094,365068,ZEEL.BO
2021-08-16,173.0751553204445,174.7803321839587,171.18051757319293,171.5120849609375,352129,ZEEL.BO
2021-08-17,171.70154497273063,172.83832472432096,167.91226949747036,169.23851013183594,303891,ZEEL.BO
2021-08-18,169.57007718969462,169.80690690644,165.78080172176848,167.3438720703125,203089,ZEEL.BO
2021-08-20,166.72812184979838,166.72812184979838,161.0442086049189,161.5178680419922,311597,ZEEL.BO
2021-08-23,162.03890774974545,164.7387580586433,158.01280225047788,161.04421997070312,643035,ZEEL.BO
2021-08-24,161.04419958052299,163.79141837962726,160.7126322111761,162.9862060546875,308272,ZEEL.BO
2021-08-25,163.88616889364005,165.3071472366485,160.66529043146326,161.23367309570312,413659,ZEEL.BO
2021-08-26,161.51787925901866,162.32310613993988,158.77066011518139,159.1495819091797,354596,ZEEL.BO
2021-08-27,159.1495837073145,162.60729209517,158.96012280817476,161.65997314453125,158424,ZEEL.BO
2021-08-30,163.31777784953834,164.88086275795462,162.51256543151155,163.83880615234375,175365,ZEEL.BO
2021-08-31,164.83349396151746,165.02295485669217,161.9915371690775,162.7020263671875,148853,ZEEL.BO
2021-09-01,163.03360688264488,165.59136531049344,162.7020394482267,164.73876953125,391440,ZEEL.BO
2021-09-02,165.31545278348074,166.56493297604612,163.96986775504223,165.940185546875,284724,ZEEL.BO
2021-09-03,166.27657611445824,171.17837699917163,165.94017255080655,169.54443359375,644074,ZEEL.BO
2021-09-06,171.4667005610489,175.35930529370395,170.45751923453946,172.52395629882812,797546,ZEEL.BO
2021-09-07,173.10064120319646,174.0617774349393,170.40945682116148,170.9861297607422,487438,ZEEL.BO
2021-09-08,171.5628306984656,173.00453515811657,169.78472266525227,170.5536346435547,360612,ZEEL.BO
2021-09-09,170.50556513893758,176.56072645615725,169.9769519332665,175.83987426757812,820948,ZEEL.BO
2021-09-13,176.80102355938584,181.31836134117998,174.68652658341588,179.54026794433594,432840,ZEEL.BO
2021-09-14,197.4654502902246,260.3237732333215,197.4654502902246,251.33714294433594,6363704,ZEEL.BO
2021-09-15,253.54773371941687,283.6793613443373,241.43742563982352,246.00282287597656,6888201,ZEEL.BO
2021-09-16,246.96397295312332,252.3943869385191,235.4783829500807,237.44871520996094,3088305,ZEEL.BO
2021-09-17,239.80350412438548,251.81770773783165,232.78720628097776,245.3780975341797,3244768,ZEEL.BO
2021-09-20,242.20634484707472,257.2000768229659,240.6204758364102,245.3780975341797,1959785,ZEEL.BO
2021-09-21,247.97315360291861,250.85656236574326,238.55401537786975,245.7144775390625,892256,ZEEL.BO
2021-09-22,270.27154042606935,341.58783658622,270.27154042606935,323.9990539550781,7459284,ZEEL.BO
2021-09-23,329.6697670021651,348.7483293553358,302.7579492877027,305.9296875,7604287,ZEEL.BO
2021-09-24,309.8222900148671,320.0583856723108,294.49215440394795,306.45831298828125,4462672,ZEEL.BO
2021-09-27,295.0207737395375,315.25267938839875,290.3111828078248,309.822265625,3235167,ZEEL.BO
2021-09-28,309.8222739974253,310.44700668946865,295.40523034311565,296.94305419921875,2267810,ZEEL.BO
2021-09-29,294.29997276311127,300.40316534144563,292.18546098389544,297.7600402832031,843594,ZEEL.BO
2021-09-30,292.18542034474234,297.4716697259795,288.3889204201427,291.1762390136719,1059257,ZEEL.BO
2021-10-01,289.30201664873096,291.12816969149907,273.3471487346834,284.0638122558594,1509272,ZEEL.BO
2021-10-04,284.0157629698434,294.7805007439603,280.69983116194066,289.25396728515625,830097,ZEEL.BO
2021-10-05,288.82147750929283,291.2723635059514,282.71825572889213,287.90838623046875,744602,ZEEL.BO
2021-10-06,290.6476059957058,294.92467418595203,281.13236266415254,282.8623962402344,1360853,ZEEL.BO
2021-10-07,283.6313267690181,286.1302870045153,280.07511074178524,281.5168151855469,453508,ZEEL.BO
2021-10-08,282.5740474737011,287.3797285531858,280.8920590958815,282.95849609375,866028,ZEEL.BO
2021-10-11,285.6016380382235,302.8540458943049,274.3563612279904,292.6179504394531,1159413,ZEEL.BO
2021-10-12,296.99110579297707,301.3162189841369,285.4574706165508,294.2518615722656,1357718,ZEEL.BO
2021-10-13,292.0892965610134,309.10141968870954,287.1874958859526,304.92047119140625,1840609,ZEEL.BO
2021-10-14,307.17916659369354,308.8611551145725,299.3939567164576,306.89080810546875,2728354,ZEEL.BO
2021-10-18,307.5636268945103,311.50429173040686,296.22222988539653,298.7211608886719,796527,ZEEL.BO
2021-10-19,299.10563449417276,308.52475869684474,289.6384358765727,297.71197509765625,1224945,ZEEL.BO
2021-10-20,297.47167902044913,312.3692913785007,294.73243475281964,307.80389404296875,2376220,ZEEL.BO
2021-10-21,312.36927599560755,318.95306506367115,304.4399020664883,308.9091796875,2821221,ZEEL.BO
2021-10-22,309.4858558821852,316.4060482432264,292.42568836072934,296.2702331542969,2407276,ZEEL.BO
2021-10-25,297.9522450291283,299.3459043594657,281.6129283662406,292.6179504394531,1260385,ZEEL.BO
2021-10-26,292.66600504393205,312.36929930797345,288.34089166889856,305.11273193359375,2034410,ZEEL.BO
2021-10-27,305.6413293312456,305.6413293312456,289.97482009500015,291.6087341308594,641915,ZEEL.BO
2021-10-28,291.17626495550206,293.6271508816309,283.7755034297922,286.0341796875,914328,ZEEL.BO
2021-10-29,284.49633109669594,297.5677900133948,284.49633109669594,289.25396728515625,1164528,ZEEL.BO
2021-11-01,292.18543697246787,300.547334565814,289.78259620789163,298.91339111328125,444999,ZEEL.BO
2021-11-02,298.91335477161925,304.5360073434402,298.91335477161925,301.74871826171875,394913,ZEEL.BO
2021-11-03,301.7968108134885,303.0462763230886,293.24270325228304,294.8766174316406,452787,ZEEL.BO
2021-11-04,295.0688609906369,302.7579518307838,295.0688609906369,297.80810546875,64270,ZEEL.BO
2021-11-08,296.79885572610374,308.33249047190907,296.79885572610374,304.4879455566406,532807,ZEEL.BO
2021-11-09,304.6321654949446,315.06047100374025,300.35509717850175,311.88873291015625,1153519,ZEEL.BO
2021-11-10,308.5727582624473,311.8406447333961,301.36423692632206,305.3049011230469,358158,ZEEL.BO
2021-11-11,306.6024442834294,309.82225638280966,298.33666719192377,301.74871826171875,687723,ZEEL.BO
2021-11-12,310.44703445562993,310.44703445562993,296.75084175905806,300.499267578125,463436,ZEEL.BO
2021-11-15,302.75792944772303,315.06046214980347,300.01868517212375,312.0809631347656,657462,ZEEL.BO
2021-11-16,315.1565821116336,323.6626441036066,310.495065261203,312.2251281738281,1367963,ZEEL.BO
2021-11-17,310.44702932070084,313.81100641860314,305.7374672499481,307.755859375,641495,ZEEL.BO
2021-11-18,307.7558399485899,309.8703221062964,294.73242612128223,301.7967834472656,1646850,ZEEL.BO
2021-11-22,304.1996556967476,304.1996556967476,281.4687868166821,287.1875305175781,1112639,ZEEL.BO
2021-11-23,284.25607890207436,301.65265291082824,284.25607890207436,300.30706787109375,1050325,ZEEL.BO
2021-11-24,303.2865655155927,324.5757592741267,302.2293389888439,321.40399169921875,2705816,ZEEL.BO
2021-11-25,324.14318662201015,330.29445249589554,317.9438463387248,327.84356689453125,1679152,ZEEL.BO
2021-11-26,321.0675752631928,337.3588475842858,313.282394553413,329.1411437988281,2944872,ZEEL.BO
2021-11-29,330.6308754081882,332.3128638732008,315.82938278238765,317.1269226074219,1017190,ZEEL.BO
2021-11-30,319.0972235355397,323.1340073731272,309.0052932731205,311.7445373535156,986877,ZEEL.BO
2021-12-01,312.5615567588178,325.7291073236581,312.03291416060983,323.9029541015625,813739,ZEEL.BO
2021-12-02,323.9029070056284,330.3425314294581,318.5205382929341,328.8527526855469,551385,ZEEL.BO
2021-12-03,333.5142961774554,342.1645228794643,331.880352734455,336.397705078125,1956009,ZEEL.BO
2021-12-06,338.319994519012,349.7575111946793,338.0797104319957,342.06842041015625,2238623,ZEEL.BO
2021-12-07,347.4507756521957,347.7391048122322,335.4365717914697,336.9743957519531,632779,ZEEL.BO
2021-12-08,340.05002085198794,346.6818849753247,337.7432995328744,342.6931457519531,623852,ZEEL.BO
2021-12-09,344.08678694315796,356.5335134548676,340.963094044931,353.4098205566406,954595,ZEEL.BO
2021-12-10,354.6592709674019,358.93633894881583,352.25643037819185,356.7257080078125,602644,ZEEL.BO
2021-12-13,359.17666806402406,360.13780442027615,341.20340646948864,344.855712890625,1193876,ZEEL.BO
2021-12-14,343.60621980074154,358.02326398818525,339.2811065445084,355.90875244140625,1190599,ZEEL.BO
2021-12-15,356.5815470854364,363.88618841764765,348.0274403666781,353.1695251464844,1413931,ZEEL.BO
2021-12-16,357.5426763779277,357.5426763779277,346.2493257127647,353.93841552734375,763091,ZEEL.BO
2021-12-17,352.737038563114,352.737038563114,325.6810563216545,329.09307861328125,1550776,ZEEL.BO
2021-12-20,324.047103123466,337.0705178062222,309.96646195818755,318.66473388671875,1515638,ZEEL.BO
2021-12-21,321.019510088814,342.1645077593347,316.40606778422983,335.4365539550781,1838426,ZEEL.BO
2021-12-22,333.51428051070684,344.08677931652176,319.8180888759012,335.1482238769531,3578062,ZEEL.BO
2021-12-23,341.9723008363331,343.12567618638775,322.26900570518194,324.960205078125,1509883,ZEEL.BO
2021-12-24,328.7086218181263,328.9008608149685,317.1749859648587,318.8089294433594,682237,ZEEL.BO
2021-12-27,318.13611809875346,320.5870039526939,303.33462481485003,305.40106201171875,854113,ZEEL.BO
2021-12-28,305.6413228238845,312.7056800196145,305.40103876506066,309.0533447265625,501156,ZEEL.BO
2021-12-29,310.2547891029789,312.1770617227782,304.43992616070716,305.54522705078125,694487,ZEEL.BO
2021-12-30,307.37139110862273,309.0053346262038,301.7968120454992,305.641357421875,969459,ZEEL.BO
2021-12-31,306.1699736058169,310.49508719559236,305.92968951749606,308.42864990234375,402920,ZEEL.BO
2022-01-03,307.3713628541661,311.6484309248452,306.69858507407605,310.35089111328125,421593,ZEEL.BO
2022-01-04,317.17495182369385,317.17495182369385,308.9572488954271,309.822265625,438575,ZEEL.BO
2022-01-05,310.8314828798186,310.8314828798186,305.0646649067921,306.6986083984375,425245,ZEEL.BO
2022-01-06,302.99822203367256,312.94598871853503,302.99822203367256,311.88873291015625,593081,ZEEL.BO
2022-01-07,313.3304396596612,315.06047329939406,306.5063659357323,308.1883544921875,294844,ZEEL.BO
2022-01-10,311.88871994076663,317.5113729924497,308.47669791132324,315.49298095703125,362853,ZEEL.BO
2022-01-11,317.17498522252424,319.09725786023654,310.9275991499594,312.3212585449219,260442,ZEEL.BO
2022-01-12,312.5134416805909,315.3968503923876,310.97561783465596,313.1862487792969,325236,ZEEL.BO
2022-01-13,314.2435123609345,315.82938132575055,310.7353415419903,312.7056884765625,122602,ZEEL.BO
2022-01-14,312.8978953821282,313.8109865549543,308.9572602106909,310.06256103515625,172876,ZEEL.BO
2022-01-17,310.11063014437633,312.0809772143198,308.092237990688,310.97564697265625,293510,ZEEL.BO
2022-01-18,310.97564486798797,312.08097510217067,303.0943446362134,304.05548095703125,530270,ZEEL.BO
2022-01-19,304.05544619142586,306.07383810067154,296.55856614730607,305.2568664550781,391651,ZEEL.BO
2022-01-20,304.680207220842,305.01661079228586,295.40524778847384,296.55859375,533060,ZEEL.BO
2022-01-21,296.51054074428936,296.51054074428936,275.17330371337636,278.15283203125,860083,ZEEL.BO
2022-01-24,278.15280087435826,279.4983856419012,252.39436333037105,257.6325378417969,1684999,ZEEL.BO
2022-01-25,259.3145432805183,278.4411777344961,254.02829401227422,277.48004150390625,870931,ZEEL.BO
2022-01-27,274.6927375924911,275.36554472233905,267.96478362021753,272.2418518066406,702035,ZEEL.BO
2022-01-28,275.413611256261,281.3246233147047,273.01077036471605,274.50054931640625,649773,ZEEL.BO
2022-01-31,278.7295108873249,282.95850449654665,277.57613566137786,278.3450622558594,565084,ZEEL.BO
2022-02-01,282.57405538900656,283.1026685899373,273.875784124108,278.2008972167969,650222,ZEEL.BO
2022-02-02,283.0546281868618,284.49633257491035,279.59453178923513,281.4206848144531,541136,ZEEL.BO
2022-02-03,273.77967498697734,280.74791301093677,269.2623227422727,276.3747253417969,680309,ZEEL.BO
2022-02-04,277.7203158578989,277.7203158578989,265.99444252178944,267.48419189453125,773122,ZEEL.BO
2022-02-07,267.19586049756765,269.74286553168434,255.75834571667934,262.9187927246094,420863,ZEEL.BO
2022-02-08,267.6764362930481,267.6764362930481,257.10393791163506,260.2276306152344,329781,ZEEL.BO
2022-02-09,264.74496894311324,265.2735821023647,257.0078051995321,257.6325378417969,258667,ZEEL.BO
2022-02-10,259.5068055765594,259.939328651808,252.58661236189673,253.30746459960938,683685,ZEEL.BO
2022-02-11,255.66226336348805,257.0559227723388,250.76046222216323,251.67355346679688,1465580,ZEEL.BO
2022-02-15,240.38020720365685,258.4495588662457,240.38020720365685,257.2481384277344,1591803,ZEEL.BO
2022-02-16,258.54566743902586,262.3421675968667,255.6622585084791,257.1520080566406,561662,ZEEL.BO
2022-02-17,257.5845093744918,258.4976005246706,251.72157251122508,252.68270874023438,231954,ZEEL.BO
2022-02-18,251.04881332656436,257.39228944218036,250.4240512662382,251.19297790527344,318812,ZEEL.BO
2022-02-21,248.40568607598428,251.52937902090952,243.21554130648906,244.41696166992188,339974,ZEEL.BO
2022-02-22,233.07555150939515,241.004925942189,227.93346646545479,231.05715942382812,747682,ZEEL.BO
2022-02-23,236.82397222655126,236.82397222655126,230.19213779724163,231.0091094970703,436981,ZEEL.BO
2022-02-24,223.94475289599387,224.61754535780523,210.48884499666377,212.41111755371094,1229403,ZEEL.BO
2022-02-25,218.75463039392434,229.71157848022722,218.6585108964506,222.4069366455078,747904,ZEEL.BO
2022-02-28,217.31291949516245,223.84863448822156,211.16163848329248,220.00408935546875,1130944,ZEEL.BO
2022-03-02,220.00407480205908,231.8260532363977,219.09099832658603,228.4140167236328,775537,ZEEL.BO
2022-03-03,230.86494937535292,234.51727045493766,226.58789553176865,228.702392578125,501591,ZEEL.BO
2022-03-04,228.51015676315748,229.27906874115195,212.60334796489076,215.7751007080078,738950,ZEEL.BO
2022-03-07,211.59413890312342,230.67269927169679,206.93263690480637,228.60626220703125,2241103,ZEEL.BO
2022-03-08,225.6747910604285,230.67269655257937,220.00407847071253,227.0684356689453,933677,ZEEL.BO
2022-03-09,228.84656435638865,243.16748970176295,226.63594788049008,240.9088134765625,1145221,ZEEL.BO
2022-03-10,247.01202777031546,247.15619234822898,235.4783922324019,237.25650024414062,799108,ZEEL.BO
2022-03-11,238.3618002501082,243.35970603187462,231.82607053590164,232.97943115234375,861235,ZEEL.BO
2022-03-14,233.17166614867065,252.05798808346665,233.17166614867065,248.79013061523438,3067445,ZEEL.BO
2022-03-15,249.89541890495263,253.64384432221695,243.11940557456722,244.27276611328125,800554,ZEEL.BO
2022-03-16,249.41485634618266,249.41485634618266,243.16747073442858,244.32083129882812,464880,ZEEL.BO
2022-03-17,247.78092866188115,251.3371447368592,245.9067304587595,248.597900390625,617416,ZEEL.BO
2022-03-21,248.9342806317287,253.1632741275022,246.1950365422511,246.8678436279297,813421,ZEEL.BO
2022-03-22,245.71448546165735,248.59789431745202,233.74834164326472,238.8904266357422,1194053,ZEEL.BO
2022-03-23,240.28407510339983,250.66433541524586,234.8536608723734,246.09893798828125,1016922,ZEEL.BO
2022-03-24,270.7040400923571,295.3091358807053,270.7040400923571,287.52392578125,4115768,ZEEL.BO
2022-03-25,292.0412604001697,292.0412604001697,281.4206870579475,283.9196472167969,1851881,ZEEL.BO
2022-03-28,283.5352036602141,285.7458053798596,277.09557882751403,278.5853576660156,1360072,ZEEL.BO
2022-03-29,282.57405110878926,283.77547139411575,271.1365358587911,273.3471374511719,1427104,ZEEL.BO
2022-03-30,276.7592332935607,286.94725549091794,273.34718153403986,282.5740966796875,699851,ZEEL.BO
2022-03-31,283.2468874313758,283.9196652616572,275.8461259774095,277.04754638671875,454212,ZEEL.BO
2022-04-01,277.09556433337247,290.02285840413884,274.06799106472624,288.1005859375,1381117,ZEEL.BO
2022-04-04,288.34087370176826,296.6546963605258,286.08219765812765,291.03204345703125,834112,ZEEL.BO
2022-04-05,293.14655211869604,294.92466002244737,286.75500201258205,288.388916015625,755372,ZEEL.BO
2022-04-06,285.93807066400245,293.098548367874,276.03837776523187,279.64263916015625,717417,ZEEL.BO
2022-04-07,274.2602312046309,285.313297934579,270.17540219573704,273.7796630859375,95270440,ZEEL.BO
2022-04-08,276.23056418924443,278.5372854215191,272.0015703748156,274.8849792480469,890523,ZEEL.BO
2022-04-11,275.84612803448437,280.89209379121274,273.49133228205653,279.5465087890625,569412,ZEEL.BO
2022-04-12,278.7294857972149,278.7294857972149,268.5895110637629,271.2326354980469,758171,ZEEL.BO
2022-04-13,272.1937880269772,274.4524346686999,267.1958679725683,268.3492431640625,473568,ZEEL.BO
2022-04-18,264.02416737772245,266.13864975119367,256.91173491439525,263.5916442871094,505452,ZEEL.BO
2022-04-19,264.312487459993,269.5987372091929,251.81771532552062,257.44036865234375,675372,ZEEL.BO
2022-04-20,259.7470687500797,261.3329376790985,253.4516381133639,255.32583618164062,373764,ZEEL.BO
2022-04-21,257.5845276329362,259.74708430149633,255.71030012089665,256.43115234375,167062,ZEEL.BO
2022-04-22,255.5180741453787,265.6580497001168,254.2685794399495,259.3145446777344,365333,ZEEL.BO
2022-04-25,255.5180720217587,257.72867361303395,246.627561914789,249.36680603027344,1107346,ZEEL.BO
2022-04-26,252.77883337893027,253.73996962751937,249.36681142905925,250.66432189941406,231005,ZEEL.BO
2022-04-27,249.17458027653834,251.04880775280117,242.49468607209678,243.84027099609375,304690,ZEEL.BO
2022-04-28,244.22472325933524,246.72368333745897,238.07344255386718,245.6664276123047,386829,ZEEL.BO
2022-04-29,248.6459671485595,249.31874494503316,237.49678044411664,238.60208129882812,267776,ZEEL.BO
2022-05-04,248.45372781662817,248.5017728978986,233.21971194686117,234.3250274658203,1757280,ZEEL.BO
2022-05-05,236.24730248329558,242.44662860668396,233.02749005273392,234.90170288085938,396861,ZEEL.BO
2022-05-06,230.67271750701315,239.80351257499908,228.41404128177976,238.69821166992188,575662,ZEEL.BO
2022-05-09,237.16038507215808,238.69820903822725,223.2239085430951,225.5786895751953,815565,ZEEL.BO
2022-05-10,228.70237794629938,229.6154544913349,222.5991712862796,223.6083526611328,918780,ZEEL.BO
2022-05-11,225.0981230683123,231.92219680230184,220.58078530032796,230.1440887451172,698371,ZEEL.BO
2022-05-12,228.75043244017346,231.10521337037306,224.0889156606916,226.73204040527344,358688,ZEEL.BO
2022-05-13,228.36599535370888,237.68901471865027,228.36599535370888,230.1440887451172,282344,ZEEL.BO
2022-05-16,230.67271816345152,232.49887131593493,226.4437241967655,230.43243408203125,423168,ZEEL.BO
2022-05-17,233.36387681780943,237.16036194826395,230.1440646190712,236.53562927246094,270931,ZEEL.BO
2022-05-18,237.78511260899916,238.50596482749748,231.6338462107906,232.97943115234375,1289474,ZEEL.BO
2022-05-19,225.8670231997859,229.42322446169123,218.37015736893576,221.3496856689453,1114057,ZEEL.BO
2022-05-20,225.77090201882555,229.95185062374935,224.28115254573302,229.32711791992188,626338,ZEEL.BO
2022-05-23,229.90379221448572,234.51724923087107,224.7136622371619,228.65431213378906,260592,ZEEL.BO
2022-05-24,230.09602793016893,231.15328374291272,224.90589769580697,227.789306640625,965158,ZEEL.BO
2022-05-25,228.0776501256117,229.6635191765686,215.5348183013416,219.23519897460938,894736,ZEEL.BO
2022-05-26,220.58077611082655,222.64721324511876,213.94894164962182,220.82106018066406,423063,ZEEL.BO
2022-05-27,220.10020810069065,229.6154514055456,219.47547538505577,228.12570190429688,827308,ZEEL.BO
2022-05-30,230.9610394059016,236.00700462222252,227.789286908202,235.19003295898438,571569,ZEEL.BO
2022-05-31,233.55611715997887,247.01202514450438,230.67270830615195,243.0233154296875,725016,ZEEL.BO
2022-06-01,243.02331151377422,246.43533353653638,241.24520354958852,243.2635955810547,924357,ZEEL.BO
2022-06-02,242.20633947837598,247.4445438703502,241.05297889020548,245.3300323486328,1325256,ZEEL.BO
2022-06-03,246.53145480478886,249.22262464508609,240.668517654622,241.62965393066406,936175,ZEEL.BO
2022-06-06,240.28407770763815,242.35051490961337,234.94976824937334,239.22682189941406,226079,ZEEL.BO
2022-06-07,237.73707289817085,238.40986538414762,227.98153052129098,228.7504425048828,315507,ZEEL.BO
2022-06-08,229.51934860664187,233.79640215693317,228.8465561379066,229.66351318359375,1005411,ZEEL.BO
2022-06-09,229.66350991298637,231.63384220933293,227.30872897305906,231.0091094970703,731830,ZEEL.BO
2022-06-10,227.4528788459143,229.95183886498899,226.0592342707966,227.02037048339844,237883,ZEEL.BO
2022-06-13,224.8097727223125,224.8097727223125,211.44998413637038,218.2259979248047,1212380,ZEEL.BO
2022-06-14,216.6401149060842,221.44579637840883,211.54610427804087,214.23727416992188,578841,ZEEL.BO
2022-06-15,218.12987595352382,220.3885520792908,211.69026580652584,212.55528259277344,366586,ZEEL.BO
2022-06-16,216.2556641204172,216.2556641204172,203.76089241568198,205.3948211669922,836816,ZEEL.BO
2022-06-17,205.39481836498112,209.3354829459491,201.55027327751014,206.88458251953125,688812,ZEEL.BO
2022-06-20,208.56656670777267,208.56656670777267,192.70781854796508,199.82022094726562,723240,ZEEL.BO
2022-06-21,202.99197579551344,213.85281849966265,202.99197579551344,212.79556274414062,373034,ZEEL.BO
2022-06-22,209.52771456056024,212.65140755286217,201.88668386639227,203.08810424804688,374362,ZEEL.BO
2022-06-23,202.99199073487353,210.00828890371355,202.12697390089426,206.45208740234375,566869,ZEEL.BO
2022-06-24,208.56657198410406,213.61253743533237,207.65349545465597,212.26695251464844,330596,ZEEL.BO
2022-06-27,216.7362458856256,216.7362458856256,212.50725183221678,213.3722686767578,204286,ZEEL.BO
2022-06-28,213.4683765738456,213.4683765738456,206.9326468473035,208.85491943359375,195391,ZEEL.BO
2022-06-29,205.92344553636883,208.13406188718392,204.24145706641016,204.67396545410156,242541,ZEEL.BO
2022-06-30,205.87539627076438,207.74960915669243,203.90506388677795,205.73123168945312,339571,ZEEL.BO
2022-07-01,205.3467694099596,207.5093261353123,202.51142019209686,206.980712890625,268326,ZEEL.BO
2022-07-04,208.0860109480421,211.4019282817263,204.866198445815,210.6810760498047,287937,ZEEL.BO
2022-07-05,211.83443449236213,212.60334646493178,205.73122779147582,207.07681274414062,222322,ZEEL.BO
2022-07-06,207.6054330434721,216.1114948469801,205.2025923832467,214.8620147705078,446584,ZEEL.BO
2022-07-07,216.1595418696306,217.2167976359388,210.7291277950424,214.18922424316406,671068,ZEEL.BO
2022-07-08,216.25567128554772,220.53272496226217,214.09311457269223,215.24647521972656,401453,ZEEL.BO
2022-07-11,213.37225306050541,216.92845434502536,212.12277296978877,215.43869018554688,262307,ZEEL.BO
2022-07-12,215.43867944955767,216.78427896703386,211.44996997319154,212.1708221435547,114463,ZEEL.BO
2022-07-13,212.89168533073385,216.49594636906454,211.97860880084522,214.47755432128906,189151,ZEEL.BO
2022-07-14,214.33339579223346,218.2740605049482,213.85282764023293,215.6309356689453,276161,ZEEL.BO
2022-07-15,215.67897683038638,217.9857127175171,213.94894324725817,215.8712158203125,119476,ZEEL.BO
2022-07-18,217.79348205830348,223.2238960529146,216.44788249684004,221.87831115722656,292575,ZEEL.BO
2022-07-19,219.71575845477915,224.47338008554755,219.71575845477915,221.63803100585938,445163,ZEEL.BO
2022-07-20,222.5991760901604,226.2034372660647,220.77300829490312,221.44580078125,270024,ZEEL.BO
2022-07-21,220.14826762864402,227.5970737905739,220.14826762864402,226.0592498779297,221977,ZEEL.BO
2022-07-22,227.2126135274032,228.84655695617164,222.45499181589307,226.6359405517578,328753,ZEEL.BO
2022-07-25,227.78929497726674,227.78929497726674,221.73413357003238,224.37725830078125,395545,ZEEL.BO
2022-07-26,224.66559980052938,230.72076114542065,221.10939858710924,226.0111846923828,333103,ZEEL.BO
2022-07-27,229.42323846114823,231.20134653348924,226.39566489556918,230.57659912109375,388786,ZEEL.BO
2022-07-28,230.5285466556402,239.51516223132674,227.02039037282645,238.50596618652344,737582,ZEEL.BO
2022-07-29,240.28406973816016,243.1194188279153,235.14198477945322,237.4967803955078,929716,ZEEL.BO
2022-08-01,238.9865313017092,249.3187463612556,236.77592957972922,243.0233154296875,858967,ZEEL.BO
2022-08-02,243.64804562992785,243.64804562992785,236.19923950120227,237.35260009765625,288327,ZEEL.BO
2022-08-03,237.40066236887463,239.03459112003966,229.8557366661446,231.58578491210938,284426,ZEEL.BO
2022-08-04,231.68190206290421,235.28616309479204,227.3087290777252,233.21971130371094,451946,ZEEL.BO
2022-08-05,233.55611055396474,237.40065558365964,232.11440616782915,234.42112731933594,326963,ZEEL.BO
2022-08-08,232.73914585591223,243.3597047524395,232.73914585591223,242.0621795654297,582045,ZEEL.BO
2022-08-10,243.9363837485889,244.41695187470285,237.44871404605078,240.33212280273438,673645,ZEEL.BO
2022-08-11,242.01412200142403,243.07136312640282,237.01621620084214,238.36180114746094,228413,ZEEL.BO
2022-08-12,238.26567825341124,239.1307097059939,231.77800835503237,232.4027557373047,328682,ZEEL.BO
2022-08-16,226.82815428383518,236.05506812101314,226.82815428383518,228.60626220703125,707758,ZEEL.BO
2022-08-17,231.1532735531583,246.38728933970788,228.26986473544738,242.44662475585938,1591290,ZEEL.BO
2022-08-18,242.6388358180348,245.37807991148236,238.98651524869635,242.87911987304688,446805,ZEEL.BO
2022-08-19,241.9180037858722,253.0671760668226,241.62965996270623,250.08767700195312,1288958,ZEEL.BO
2022-08-22,248.83818310756587,255.3258531561316,244.32084541431237,249.2707061767578,659609,ZEEL.BO
2022-08-23,245.08974655743444,251.24101276158535,242.39856209345263,246.96397399902344,639689,ZEEL.BO
2022-08-24,246.96396542141352,254.46081626428523,246.14699376162045,253.6438446044922,583743,ZEEL.BO
2022-08-25,255.6622603035499,258.5456692543418,251.14490788135484,252.20216369628906,693721,ZEEL.BO
2022-08-26,252.77884165366382,256.14281863384565,246.05088769330015,248.11732482910156,525496,ZEEL.BO
2022-08-29,239.56321785079942,244.84946739214104,238.98653021634277,241.77383422851562,283268,ZEEL.BO
2022-08-30,243.21552783966894,247.8289847129594,242.59078048581054,246.9158935546875,360275,ZEEL.BO
2022-09-01,238.36178545668395,245.85865099694433,232.35468400868285,235.19003295898438,1171831,ZEEL.BO
2022-09-02,236.43952663272265,242.5907930040116,233.31583369956678,239.0345916748047,636650,ZEEL.BO
2022-09-05,238.45791982241295,244.32084240195675,238.45791982241295,241.38937377929688,414404,ZEEL.BO
2022-09-06,241.5335459208174,244.56111928415754,237.68900086729312,238.8423614501953,550047,ZEEL.BO
2022-09-07,237.40064421703045,251.81768738810516,236.82395662387756,250.56822204589844,690747,ZEEL.BO
2022-09-08,256.62340304886214,256.62340304886214,244.08057086556582,247.1562042236328,1032750,ZEEL.BO
2022-09-09,247.1561975904715,254.22055537359066,243.64805590625798,253.16329956054688,1319612,ZEEL.BO
2022-09-12,254.701105483492,262.5343600311082,252.63466841852093,259.8912353515625,1316948,ZEEL.BO
2022-09-13,261.3810596190213,263.9761103388718,256.142854428113,260.8524169921875,1025681,ZEEL.BO
2022-09-14,254.74915844441645,269.55068057302816,254.74915844441645,267.82061767578125,1144257,ZEEL.BO
2022-09-15,271.07549470291303,271.07549470291303,264.27431741646,266.07177734375,668778,ZEEL.BO
2022-09-16,264.27431593899524,268.0149693557877,252.61515494168663,253.82965087890625,768718,ZEEL.BO
2022-09-19,254.1696818372448,264.4686119440634,250.57476248130672,259.07623291015625,1704154,ZEEL.BO
2022-09-20,262.23396341535465,268.01497608191283,260.09646830267314,262.9140930175781,437561,ZEEL.BO
2022-09-21,263.30272930229256,268.79224521921367,261.31096774906354,263.7399597167969,558625,ZEEL.BO
2022-09-22,263.30269777622254,270.29820566601245,262.81689944084206,265.731689453125,756999,ZEEL.BO
2022-09-23,267.0919195368085,267.48055227593926,251.64353836283618,253.6352996826172,762740,ZEEL.BO
2022-09-26,250.67194655517136,252.4208087405939,241.29604440680987,250.4776153564453,1083131,ZEEL.BO
2022-09-27,252.56658501798907,257.13307191627337,247.1256373310223,255.77284240722656,885561,ZEEL.BO
2022-09-28,252.61513719310506,260.6308098155786,247.17418984648265,249.6517791748047,718070,ZEEL.BO
2022-09-29,253.10092742195516,257.23021318603696,240.76165292730602,243.91934204101562,1239041,ZEEL.BO
2022-09-30,245.7653746314279,253.10093245261797,244.16224605660517,250.86627197265625,724058,ZEEL.BO
2022-10-03,251.30347582460638,256.25862483208374,242.65627128649444,244.9395294189453,516034,ZEEL.BO
2022-10-04,250.67193158586448,263.78848614558996,248.14577440716954,259.902099609375,2114117,ZEEL.BO
2022-10-06,264.565766255594,278.75108382912896,264.2742991095343,271.9985046386719,2527368,ZEEL.BO
2022-10-07,273.0186803088593,276.37070087758934,269.4723581851812,273.84454345703125,620283,ZEEL.BO
2022-10-10,268.3550328726388,275.3505116473005,268.3550328726388,270.6868591308594,609725,ZEEL.BO
2022-10-11,271.41552824276596,272.33852726345805,261.35949705420535,264.7115173339844,1647535,ZEEL.BO
2022-10-12,266.16891588767595,266.16891588767595,255.48135266701155,260.82513427734375,726072,ZEEL.BO
2022-10-13,261.40807968884997,267.43199107566113,258.4447216208024,265.3916320800781,1022061,ZEEL.BO
2022-10-14,268.64646685983814,269.86096264130214,259.2705653570912,259.804931640625,436103,ZEEL.BO
2022-10-17,261.60242362665673,264.2743146757684,254.50977924750862,255.8214111328125,471184,ZEEL.BO
2022-10-18,270.7839864499296,271.8041510277935,262.28251613181277,262.9626159667969,1401038,ZEEL.BO
2022-10-19,263.837067803412,265.92602439561216,259.17341557833964,263.2055358886719,520427,ZEEL.BO
2022-10-20,263.30269172585884,265.48878418483736,261.84529675320647,263.44842529296875,357502,ZEEL.BO
2022-10-21,263.3027223576146,264.3714847253845,258.05610577584764,259.3677673339844,617304,ZEEL.BO
2022-10-24,261.84529287748245,262.3310911945093,258.93050297532125,259.902099609375,84849,ZEEL.BO
2022-10-25,260.4364730081009,262.0396312186792,255.04412340219392,255.48135375976562,1540497,ZEEL.BO
2022-10-27,256.74442246676574,259.2219821383005,255.96715698375257,258.3961486816406,485384,ZEEL.BO
2022-10-28,258.44471323684496,260.7279713328146,253.5867299053253,255.5784912109375,312378,ZEEL.BO
2022-10-31,257.473133133054,257.473133133054,254.46117734360584,254.9469757080078,193254,ZEEL.BO
2022-11-01,256.3071946227101,257.1330577382734,253.82963492679792,255.14129638671875,506313,ZEEL.BO
2022-11-02,255.14128796785437,260.29073838781704,254.8012232078696,257.4731140136719,360437,ZEEL.BO
2022-11-03,255.77281157631967,261.6509592982951,255.77281157631967,259.804931640625,1660069,ZEEL.BO
2022-11-04,260.38792017370326,261.2623512889069,256.6958645091637,257.5216979980469,219027,ZEEL.BO
2022-11-07,257.6188487204013,259.9992724000365,253.3923973151189,256.8415832519531,220727,ZEEL.BO
2022-11-09,257.0358921392463,258.5418847972213,254.26686529703082,255.14129638671875,788247,ZEEL.BO
2022-11-10,252.95521309628748,256.01573684761166,252.27508352898033,254.21827697753906,363686,ZEEL.BO
2022-11-11,255.5299266178217,259.7077804778781,253.6838988575823,258.3961486816406,545383,ZEEL.BO
2022-11-14,255.6271036360286,256.84159953923023,248.82592657809965,252.17791748046875,538260,ZEEL.BO
2022-11-15,250.18616617642917,254.55835160475513,250.18616617642917,252.6151580810547,194303,ZEEL.BO
2022-11-16,252.71231222115173,253.82964251642716,246.83414911358818,247.3685302734375,176538,ZEEL.BO
2022-11-17,246.59124397968986,248.8259193416692,245.3767481118086,245.765380859375,148903,ZEEL.BO
2022-11-18,246.78557453081808,247.8543368861075,242.12190716515772,243.6764678955078,219780,ZEEL.BO
2022-11-21,243.09348254809038,243.3363817142706,239.44999505538703,240.032958984375,210602,ZEEL.BO
2022-11-22,241.44177734280345,245.27958130128332,239.7900659357172,245.03668212890625,382949,ZEEL.BO
2022-11-23,246.7855639351972,250.13758443951025,245.036686894988,246.59124755859375,383261,ZEEL.BO
2022-11-24,247.70857110110157,247.75715390027742,243.5792852027636,245.61964416503906,219023,ZEEL.BO
2022-11-25,247.90287901640096,253.58672534215634,245.18242026001417,251.9835968017578,601499,ZEEL.BO
2022-11-28,252.0321890528459,255.43277765130583,251.30349149603305,253.05238342285156,245778,ZEEL.BO
2022-11-29,250.96341397446307,255.18986551972228,250.96341397446307,254.509765625,133195,ZEEL.BO
2022-11-30,253.92681758298485,258.2990029758975,252.61515603495508,257.27880859375,354811,ZEEL.BO
2022-12-01,259.0762571922021,261.21378181782075,255.72426632798278,258.7847900390625,389088,ZEEL.BO
2022-12-02,260.24216586771723,264.1285524264264,257.910339862647,263.35125732421875,277272,ZEEL.BO
2022-12-05,263.3027037526151,263.3027037526151,259.02768423438874,260.5822448730469,102221,ZEEL.BO
2022-12-06,257.6188671497174,259.9992909996413,256.11290407782536,256.9873352050781,102892,ZEEL.BO
2022-12-07,257.5216764713461,258.4447051357127,252.22649259643728,253.87818908691406,408794,ZEEL.BO
2022-12-08,253.87820290092253,256.4529578466396,252.42080786785,255.14129638671875,140530,ZEEL.BO
2022-12-09,255.6270973560917,257.27879395340165,251.06058101192679,253.24667358398438,183331,ZEEL.BO
2022-12-12,253.7810774239105,256.6958676103224,252.85804867123508,254.9469757080078,416051,ZEEL.BO
2022-12-13,256.890162844803,256.98732844544844,252.32367612225073,253.29527282714844,380284,ZEEL.BO
2022-12-14,254.55834456012713,256.45297005361533,253.4410142450763,254.99557495117188,170029,ZEEL.BO
2022-12-15,253.68391496308712,255.77284202573398,250.18616076591263,251.01202392578125,245924,ZEEL.BO
2022-12-16,248.72874563373253,250.57477336257747,242.46195012483534,243.3849639892578,336075,ZEEL.BO
2022-12-19,243.38498160952614,246.1054554269261,242.89918324304006,244.84237670898438,72824,ZEEL.BO
2022-12-20,243.0449144693208,245.13385632021655,240.9074046425584,244.06509399414062,119400,ZEEL.BO
2022-12-21,244.21083078499484,248.0000518965496,239.01278263095475,240.17869567871094,127381,ZEEL.BO
2022-12-22,241.05314223225653,242.99633559220896,235.1749793533226,238.18692016601562,705040,ZEEL.BO
2022-12-23,236.09800069941795,238.1869276972612,227.15931392608164,228.37380981445312,102790,ZEEL.BO
2022-12-26,226.52776463126952,234.83491937974938,224.29310408201064,232.30877685546875,186767,ZEEL.BO
2022-12-27,232.35734483014815,236.00083245444728,229.879785105936,232.30877685546875,176622,ZEEL.BO
2022-12-28,232.7459912185232,233.81473868763456,231.0942798023409,232.26019287109375,142991,ZEEL.BO
2022-12-29,231.2400188359642,233.4261114510101,229.39399100230344,232.5030975341797,58046,ZEEL.BO
2022-12-30,234.78633855046857,235.75793525843721,232.16303040403105,233.08604431152344,193595,ZEEL.BO
2023-01-02,232.30877391359437,237.06959175223363,232.16302551523464,236.2437286376953,91566,ZEEL.BO
2023-01-03,233.91189764634046,236.00082455082526,232.35733704854582,233.3289337158203,187206,ZEEL.BO
2023-01-04,233.18320505172207,233.18320505172207,227.5965240973579,230.17124938964844,294913,ZEEL.BO
2023-01-05,229.78262260146238,233.42611027484708,229.1510906682314,233.13462829589844,998355,ZEEL.BO
2023-01-06,233.08604306971498,233.42610784584792,229.49113823446132,230.9971160888672,116717,ZEEL.BO
2023-01-09,233.86331779973037,233.86331779973037,229.00533440204012,230.0740966796875,137860,ZEEL.BO
2023-01-10,232.11444895884318,232.11444895884318,223.9044596936488,225.0218048095703,684458,ZEEL.BO
2023-01-11,226.81924934493136,226.81924934493136,221.4754674314379,222.30133056640625,240452,ZEEL.BO
2023-01-12,223.46724678004688,223.71014596132952,218.22063039449722,221.0868377685547,1006003,ZEEL.BO
2023-01-13,221.52404908536766,224.24452282868685,220.84393435588518,223.61297607421875,284608,ZEEL.BO
2023-01-16,222.05843375816406,225.07037470085893,222.05843375816406,223.07861328125,346044,ZEEL.BO
2023-01-17,221.18397569621828,223.2729174291264,221.03824212607083,221.86410522460938,40554,ZEEL.BO
2023-01-18,221.76694826199636,224.09877442747614,220.16381962640267,223.61297607421875,167252,ZEEL.BO
2023-01-19,222.15557484431474,222.68995598313384,217.39475704477465,217.92913818359375,256130,ZEEL.BO
2023-01-20,218.60926464350536,219.92092616152223,216.13169001246771,216.4231719970703,144754,ZEEL.BO
2023-01-23,216.52033139667515,218.803574755632,215.50015189249098,217.49192810058594,125396,ZEEL.BO
2023-01-24,217.68623850670727,218.5606695860919,215.98594432149034,216.5688934326172,110328,ZEEL.BO
2023-01-25,215.98595838888914,216.4231739570578,212.77968618000295,213.79986572265625,163634,ZEEL.BO
2023-01-27,213.89700490255697,214.67428521792397,208.50465514523668,209.2333526611328,337526,ZEEL.BO
2023-01-30,209.2333478693158,213.75126643424787,207.6302044758258,213.07115173339844,284425,ZEEL.BO
2023-01-31,214.96577312297043,220.98966978890914,211.90524940188388,220.30955505371094,262211,ZEEL.BO
2023-02-01,220.30955330603638,221.4268835888992,209.67057232976427,214.82003784179688,239397,ZEEL.BO
2023-02-02,209.96204669828904,217.63765447506674,209.96204669828904,215.84019470214844,96406,ZEEL.BO
2023-02-03,217.58908030735068,217.58908030735068,210.54500415765162,214.18849182128906,244816,ZEEL.BO
2023-02-06,210.204952821255,218.99789113133633,210.204952821255,217.49192810058594,222549,ZEEL.BO
2023-02-07,216.6660687980005,217.15186715853415,213.89701221280305,214.9657745361328,139667,ZEEL.BO
2023-02-08,215.20867299171823,217.54049918427185,214.7714574337881,216.95755004882812,128625,ZEEL.BO
2023-02-09,215.4029863101443,218.60925839839865,214.23707323043067,218.1720428466797,276555,ZEEL.BO
2023-02-10,215.74304502149462,222.20415699124985,215.74304502149462,219.92091369628906,469164,ZEEL.BO
2023-02-13,219.9694778885117,220.94107454848813,211.32227354487674,212.3424530029297,310523,ZEEL.BO
2023-02-14,208.94187810037272,211.32228710498316,204.4239444463429,210.25352478027344,625586,ZEEL.BO
2023-02-15,210.2535267144728,211.71092181136257,207.24158574280105,208.31033325195312,252900,ZEEL.BO
2023-02-16,210.10778564641626,210.10778564641626,206.56146363386935,207.97027587890625,102987,ZEEL.BO
2023-02-17,208.6989691528772,210.73931327903304,207.4358905078919,209.1361846923828,194508,ZEEL.BO
2023-02-20,209.18477489907298,209.8648896318762,206.75578312092625,208.79612731933594,189334,ZEEL.BO
2023-02-21,208.84471518638574,209.3305135538002,204.0353143140608,204.9583282470703,83944,ZEEL.BO
2023-02-22,205.15262492156086,205.15262492156086,195.29092494053964,200.05174255371094,478492,ZEEL.BO
2023-02-23,189.75283750683047,196.01963322477522,171.58398227461808,193.10484313964844,2667071,ZEEL.BO
2023-02-24,184.31188236746638,198.78868141269893,184.21473159726318,190.0443115234375,1090711,ZEEL.BO
2023-02-27,188.24686509012523,189.07272823486997,171.58398722004543,177.8022003173828,712467,ZEEL.BO
2023-02-28,184.60337151638524,192.13324588086937,183.04881087872323,189.70425415039062,981932,ZEEL.BO
2023-03-01,188.10112308327743,194.3679187010387,187.27525997553846,193.63922119140625,361662,ZEEL.BO
2023-03-02,193.299152676431,194.2221665389956,189.02413329961158,190.77301025390625,784644,ZEEL.BO
2023-03-03,190.57869659656066,196.50544270215872,190.33579740904256,194.27076721191406,555059,ZEEL.BO
2023-03-06,193.39632696004819,195.24235476810122,189.1698753660989,189.80142211914062,381638,ZEEL.BO
2023-03-08,193.20202050963772,195.87391158378193,189.89858265000728,190.91876220703125,295867,ZEEL.BO
2023-03-09,192.3275653840722,192.3275653840722,187.27526546753558,188.48976135253906,144084,ZEEL.BO
2023-03-10,185.86646052105877,189.8014303084144,184.89486377481737,188.1497039794922,542269,ZEEL.BO
2023-03-13,187.12952647418567,188.82982066396787,181.20278079678934,182.8544921875,348942,ZEEL.BO
2023-03-14,182.61159364756614,188.34402297384278,182.32011167752006,186.93519592285156,383705,ZEEL.BO
2023-03-15,187.51816288218302,188.39259398101166,182.17438103839024,183.68035888671875,166643,ZEEL.BO
2023-03-16,182.80591543658852,202.04353329968143,182.1743835039306,200.6833038330078,1323212,ZEEL.BO
2023-03-17,200.1489160508528,203.30660526039296,192.66762458102005,201.07192993164062,819168,ZEEL.BO
2023-03-20,200.1003356097963,201.8977954188716,196.06821527102386,201.16909790039062,361765,ZEEL.BO
2023-03-21,200.24607752736506,209.1847638330022,200.24607752736506,207.6302032470703,587598,ZEEL.BO
2023-03-22,206.9986858151961,211.03080630526082,205.5412907235501,208.2617645263672,261445,ZEEL.BO
2023-03-23,208.65038992524535,212.585359498925,206.464297364911,209.96205139160156,194407,ZEEL.BO
2023-03-24,210.35068989927325,211.51660299830218,204.66684315659668,205.49270629882812,350716,ZEEL.BO
2023-03-27,202.23784784160125,209.6705715163396,202.23784784160125,204.66683959960938,215352,ZEEL.BO
2023-03-28,205.00691181529925,207.09583887283483,200.63472649222416,202.966552734375,269269,ZEEL.BO
2023-03-29,202.9179730730377,213.21688901244434,202.77222467542742,209.86488342285156,986351,ZEEL.BO
2023-03-31,212.73108756408658,212.73108756408658,202.04352421254143,205.68701171875,479993,ZEEL.BO
2023-04-03,206.0270910027584,208.7961328073944,205.92992539892288,207.67880249023438,110172,ZEEL.BO
2023-04-05,207.92169189453125,208.6503894128532,206.85292960417013,207.92169189453125,75769,ZEEL.BO
2023-04-06,207.92169064652396,207.97027344586493,205.10406618941354,206.51287841796875,55523,ZEEL.BO
2023-04-10,206.46429869472726,207.72737736946692,204.52110529524745,205.2983856201172,108486,ZEEL.BO
2023-04-11,205.54128837816876,209.9620564041285,205.54128837816876,207.48448181152344,105672,ZEEL.BO
2023-04-12,209.0390160538924,209.0390160538924,205.20121220122903,205.638427734375,87395,ZEEL.BO
2023-04-13,204.2781988582292,206.41570855659074,197.23412303553164,202.2864227294922,375000,ZEEL.BO
2023-04-17,199.56595942370853,207.7273807287399,195.97105454161357,198.01141357421875,57667990,ZEEL.BO
2023-04-18,200.14892338313553,201.36341927745067,197.4770324156422,198.01141357421875,248527,ZEEL.BO
2023-04-19,199.37163313734007,199.37163313734007,190.8215795012035,192.18182373046875,869764,ZEEL.BO
2023-04-20,192.57046625216682,194.27076050610313,188.39259740598828,191.25881958007812,885024,ZEEL.BO
2023-04-21,192.32757650252654,193.15343968222774,189.16988701897154,190.33580017089844,291966,ZEEL.BO
2023-04-24,191.25882226127027,191.64745502317666,186.2065074041499,187.3238525390625,428270,ZEEL.BO
2023-04-25,188.82982830691992,188.82982830691992,181.00847175227193,181.83432006835938,726415,ZEEL.BO
2023-04-26,181.8343139478192,186.10934826364075,178.57947394328647,184.2633056640625,691749,ZEEL.BO
2023-04-27,185.8664641702101,185.91504697355396,180.03688357830842,180.86273193359375,785076,ZEEL.BO
2023-04-28,182.41728352945353,192.27898427212844,182.41728352945353,191.25881958007812,1334166,ZEEL.BO
2023-05-02,191.50170774941333,193.73636820865752,190.1414635292337,190.77301025390625,469506,ZEEL.BO
2023-05-03,189.8985674352566,191.8903435869329,189.0241363566615,190.23863220214844,168393,ZEEL.BO
2023-05-04,189.94716548645033,191.06449582386173,188.19828836344084,189.55853271484375,203137,ZEEL.BO
2023-05-05,187.85822939123238,189.31562445299403,185.18633844466936,187.12953186035156,252879,ZEEL.BO
2023-05-08,187.1295215614281,188.00395262020393,185.67212657987614,186.01217651367188,139232,ZEEL.BO
2023-05-09,186.7894586089735,187.22667414259038,183.63176945173467,184.06898498535156,291819,ZEEL.BO
2023-05-10,184.166159674787,189.31562521206988,184.166159674787,187.1781005859375,496735,ZEEL.BO
2023-05-11,188.44117926318236,188.44117926318236,186.06077028467044,186.49798583984375,393072,ZEEL.BO
2023-05-12,180.71699405707287,181.6885907993152,174.25588165131728,180.6684112548828,800608,ZEEL.BO
2023-05-15,181.8343247574646,185.76929453678173,180.03687967582377,184.74911499023438,532804,ZEEL.BO
2023-05-16,186.06076903326093,186.06076903326093,183.34029529380643,183.72894287109375,152193,ZEEL.BO
2023-05-17,184.94343946273295,184.94343946273295,179.16242718467092,181.73716735839844,312848,ZEEL.BO
2023-05-19,181.20278573799197,184.11757585710177,178.433729194682,180.37692260742188,587826,ZEEL.BO
2023-05-22,180.76557492621444,181.05705691084808,179.1138634471433,180.57125854492188,150408,ZEEL.BO
2023-05-23,180.52267095785837,180.6684045336172,177.9479307914684,178.33657836914062,393018,ZEEL.BO
2023-05-24,178.2879994238848,179.64822891167688,175.08172725935827,175.8104248046875,539973,ZEEL.BO
2023-05-25,175.9561708053196,176.92776751915267,172.65273308305368,173.67291259765625,736575,ZEEL.BO
2023-05-26,170.80669366013672,187.3238366738796,170.80669366013672,185.28347778320312,2105098,ZEEL.BO
2023-05-30,185.52639728882326,190.82159663526014,185.52639728882326,189.55853271484375,944125,ZEEL.BO
2023-05-31,189.36418270495435,191.2102252502988,187.5667377829737,189.4127655029297,753469,ZEEL.BO
2023-06-01,188.78123296248413,190.91874263762412,186.15792496002194,186.69229125976562,203218,ZEEL.BO
2023-06-02,187.1295349805795,189.41277838684374,187.1295349805795,187.95538330078125,108917,ZEEL.BO
2023-06-05,188.14968929581445,196.7483257591475,188.14968929581445,195.58241271972656,1139693,ZEEL.BO
2023-06-06,195.582412065549,195.582412065549,191.21022706330297,192.18182373046875,522105,ZEEL.BO
2023-06-07,192.7647796090386,196.1653680636111,192.23041328363138,195.1937713623047,525450,ZEEL.BO
2023-06-08,196.6997360913403,196.6997360913403,190.28720718577122,190.57867431640625,368577,ZEEL.BO
2023-06-09,192.71621054037183,192.76477851485018,188.00396063562815,188.39259338378906,372250,ZEEL.BO
2023-06-12,188.4897649042381,190.82159111722748,187.27526899634995,189.3156280517578,206696,ZEEL.BO
2023-06-13,179.69680818003607,189.02414250701844,177.41356481146306,188.48976135253906,2203070,ZEEL.BO
2023-06-14,190.43296267632195,193.25058731637688,188.8784019488083,189.50994873046875,593010,ZEEL.BO
2023-06-15,189.50993158517136,190.33577985131782,179.45390021939448,181.3485107421875,968623,ZEEL.BO
2023-06-16,182.66016907423247,185.04057788698393,180.8141413807652,181.8828887939453,656491,ZEEL.BO
2023-06-19,180.76557805466467,183.34030350847758,179.2596001291521,180.03688049316406,544779,ZEEL.BO
2023-06-20,180.03686176367276,180.66839365445153,167.35752254753376,168.42628479003906,2752894,ZEEL.BO
2023-06-21,171.00101138651667,183.00023601339637,171.00101138651667,175.2274627685547,3940341,ZEEL.BO
2023-06-22,178.8709465227165,180.47407504110947,173.7214813895749,174.40159606933594,1387038,ZEEL.BO
2023-06-23,176.8306014355787,176.8306014355787,171.0010211684717,171.63255310058594,740356,ZEEL.BO
2023-06-26,171.63254928503838,174.93598692486083,169.7379387054254,172.79847717285156,776095,ZEEL.BO
2023-06-27,173.67290046646352,176.83058956585376,172.4584046590057,173.81863403320312,611887,ZEEL.BO
2023-06-28,174.69309524679556,174.83882882632972,171.53540587017943,172.4584197998047,261651,ZEEL.BO
2023-06-30,172.89563223845727,174.59592648743836,171.9726183255168,172.31268310546875,436110,ZEEL.BO
2023-07-07,184.70053870543634,201.65489816502264,180.95988547814852,200.5861358642578,2689760,ZEEL.BO
2023-07-10,201.31483157664056,203.5009241331988,188.9269737561439,195.7767333984375,2382721,ZEEL.BO
2023-07-14,194.31933869638684,211.22511523281688,190.5301175219629,209.96205139160156,1150258,ZEEL.BO
2023-07-17,209.8648926383201,227.64511567414456,207.63021720533416,223.12718200683594,3761668,ZEEL.BO
2023-07-19,218.56067317268707,222.64137631909455,214.43138722654126,216.7146453857422,909914,ZEEL.BO
2023-07-20,217.63766478620715,219.48369261986298,215.06293941420466,216.95755004882812,316877,ZEEL.BO
2023-07-21,215.69447087917197,220.01807329883425,213.55696106977157,214.23707580566406,435679,ZEEL.BO
2023-07-24,214.5771398598829,218.02629632853018,209.62199069657524,215.54873657226562,921373,ZEEL.BO
2023-07-26,228.3252106958692,236.4866165522897,225.7990534984405,229.68544006347656,1256413,ZEEL.BO
2023-07-28,229.29683044267173,240.13012815419293,228.8110320730898,238.13836669921875,991918,ZEEL.BO
2023-08-03,221.9612705012637,229.44256237396576,220.21239341826322,227.2564697265625,968096,ZEEL.BO
2023-08-04,229.24823852543585,230.26841802607223,218.60925761968883,227.59652709960938,1426605,ZEEL.BO
2023-08-07,227.5965325904845,231.92013504708282,225.94482112480966,229.1996612548828,613482,ZEEL.BO
2023-08-08,230.17124870159944,235.51503046806062,229.10250124354053,231.48291015625,823682,ZEEL.BO
2023-08-09,231.77438542217251,237.45821696866656,224.05019496644155,235.2235565185547,841593,ZEEL.BO
2023-08-10,236.14657816165462,282.2488380769618,232.35734218036222,277.4394226074219,6343566,ZEEL.BO
2023-08-11,280.6942632726136,280.6942632726136,259.4163027938363,263.35125732421875,4232345,ZEEL.BO
2023-08-14,263.39987066457013,271.26980984573555,258.10465680203623,264.0314025878906,1696646,ZEEL.BO
2023-08-16,269.035118280312,271.7556068103574,262.47684060454225,268.01495361328125,1181198,ZEEL.BO
2023-08-17,268.16071307756954,268.6950794498393,263.88569314706876,266.4604187011719,589023,ZEEL.BO
2023-08-18,264.27431271881017,270.34679233091515,264.27431271881017,265.87744140625,1454950,ZEEL.BO
2023-08-21,265.9745825090548,267.5777110488171,260.87370010477156,263.44842529296875,458079,ZEEL.BO
2023-08-22,265.1973132761535,266.65470822806327,263.545587137012,264.6143493652344,654575,ZEEL.BO
2023-08-23,266.9461802565593,267.62630977357463,263.8856567315439,266.1689147949219,438143,ZEEL.BO
2023-08-24,268.2578505731492,272.532870055631,262.8169032087279,264.5657653808594,972670,ZEEL.BO
2023-08-25,264.56578786510437,264.56578786510437,254.0725546389879,258.10467529296875,858224,ZEEL.BO
2023-08-28,257.47311581223636,263.30269579289074,254.2182610595489,255.52992248535156,209822,ZEEL.BO
2023-08-29,256.45297507349034,261.1166276322853,255.772845485392,257.27880859375,4573201,ZEEL.BO
2023-08-30,257.3759446602601,262.7683238164368,256.0642832627697,258.6390380859375,387847,ZEEL.BO
2023-08-31,260.3393365700185,260.5822357347038,252.71229686874457,254.8012237548828,862311,ZEEL.BO
2023-09-01,254.84978272865717,258.05606937975404,254.02394931850924,255.09268188476562,548014,ZEEL.BO
2023-09-04,255.432750138698,259.51346787762844,255.23844860161046,257.91033935546875,446144,ZEEL.BO
2023-09-05,260.29075638749237,275.78773599310625,258.3475629398056,267.0433654785156,948669,ZEEL.BO
2023-09-06,266.89762574556147,273.84453623069356,261.84531103776817,269.47235107421875,805126,ZEEL.BO
2023-09-07,269.4237463607457,276.41925428738057,266.80045312634076,275.2533264160156,801270,ZEEL.BO
2023-09-08,275.3019388551632,277.6337650725988,268.25786257598094,269.1322937011719,459483,ZEEL.BO
2023-09-11,270.9783200656479,274.1846070414367,267.4805659333233,271.755615234375,368765,ZEEL.BO
2023-09-12,272.047062842979,273.7959249580875,261.99103155416356,264.1771240234375,447289,ZEEL.BO
2023-09-13,263.1569835456552,269.958160740813,262.4768539658276,267.96636962890625,426324,ZEEL.BO
2023-09-14,267.2376511947454,272.04706655304767,261.01943846083117,265.00299072265625,589310,ZEEL.BO
2023-09-15,264.76009900045455,268.30642100186463,260.0964467315834,266.0231628417969,378260,ZEEL.BO
2023-09-18,264.80868063072495,266.55757255982365,258.0075034249379,260.5336608886719,269437,ZEEL.BO
2023-09-20,259.46487884187377,261.8938705166742,255.96715455078294,256.9387512207031,320850,ZEEL.BO
2023-09-21,255.28702518759317,260.7765404460577,254.0725293494029,259.6592102050781,182162,ZEEL.BO
2023-09-22,256.1614588101345,259.95067993284124,254.07253187781467,257.76458740234375,249424,ZEEL.BO
2023-09-25,257.76460029138354,262.2825488009453,254.12111255836862,254.9469757080078,235839,ZEEL.BO
2023-09-26,256.5015179076799,258.44471122516234,253.73246150011207,254.8012237548828,177501,ZEEL.BO
2023-09-27,256.45296484597037,256.45296484597037,248.87449267668848,254.12110900878906,336475,ZEEL.BO
2023-09-28,256.01572375839635,256.01572375839635,245.81395867504472,246.88272094726562,243163,ZEEL.BO
2023-09-29,250.13756272438107,259.1733994678223,247.46565718283,257.08447265625,636092,ZEEL.BO
2023-10-03,257.2302099757725,259.02766968668385,253.44098901676622,255.91854858398438,300193,ZEEL.BO
2023-10-04,254.07253181011941,254.8012293200911,247.85431898851675,250.33187866210938,161613,ZEEL.BO
2023-10-05,252.56658301530345,255.33560998824314,250.23472713167953,250.9634246826172,211180,ZEEL.BO
2023-10-06,251.64352668864714,254.21825182306688,251.15772837457638,253.10092163085938,222274,ZEEL.BO
2023-10-09,251.44921750657764,251.74071431099406,245.32817007395477,248.00006103515625,171346,ZEEL.BO
2023-10-10,249.11740032411655,253.34385210921042,249.11740032411655,251.78929138183594,180328,ZEEL.BO
2023-10-11,253.73247816672256,256.2100675997212,251.35208398691475,252.17791748046875,349873,ZEEL.BO
2023-10-12,250.76911930662865,259.17342500261196,250.76911930662865,254.8498077392578,268924,ZEEL.BO
2023-10-13,254.55834609968588,256.0157412109436,250.526225555362,251.01202392578125,159913,ZEEL.BO
2023-10-16,251.10917488828994,251.10917488828994,247.75715446753574,248.34011840820312,98360,ZEEL.BO
2023-10-17,249.50601544787563,250.62337534997903,246.54265743556215,248.29153442382812,154322,ZEEL.BO
2023-10-18,251.69210370200184,255.9671527400301,248.72874574001946,249.4574432373047,536341,ZEEL.BO
2023-10-19,248.77730847023494,254.3639891650236,246.9798635767098,251.93499755859375,706517,ZEEL.BO
2023-10-20,252.42081326632868,257.71602719338443,251.35208060650766,254.0239715576172,259179,ZEEL.BO
2023-10-23,254.99556493851352,254.99556493851352,241.2474627833961,242.4133758544922,148429,ZEEL.BO
2023-10-25,242.46197001161866,244.9881126464229,234.10623209749062,236.14659118652344,215960,ZEEL.BO
2023-10-26,234.2033771268353,234.7863262257821,230.26840770104357,231.8715362548828,156274,ZEEL.BO
2023-10-27,233.13463084053262,244.21084238375113,233.13463084053262,242.02474975585938,370225,ZEEL.BO
2023-10-30,242.12188418251327,250.8662689289624,240.22727366469448,243.3363800048828,359891,ZEEL.BO
2023-10-31,246.2025928411305,257.61885383387954,240.66449472887467,251.69210815429688,450781,ZEEL.BO
2023-11-01,252.51799350076013,264.56578746650007,247.8543408852415,260.0964660644531,486177,ZEEL.BO
2023-11-02,260.8737049860036,265.78025629209617,260.8737049860036,261.6509704589844,343908,ZEEL.BO
2023-11-03,264.7601204350214,268.8894067170355,261.6995965326259,267.6263427734375,380078,ZEEL.BO
2023-11-06,267.1890944909062,267.1890944909062,259.51348643386854,260.77655029296875,2224315,ZEEL.BO
2023-11-07,262.2339322640977,262.2339322640977,252.61513127271508,254.8012237548828,1458223,ZEEL.BO
2023-11-08,257.910351875248,258.9305165341145,251.1577430546664,252.42080688476562,226083,ZEEL.BO
2023-11-09,253.58673960073995,258.4447231179955,248.680173283234,255.33560180664062,659442,ZEEL.BO
2023-11-10,257.18165953982896,258.0560906437177,239.01278930548293,241.83041381835938,1845907,ZEEL.BO
2023-11-13,243.14207815554087,247.17419859639608,242.41338061861117,244.64805603027344,208824,ZEEL.BO
2023-11-15,247.51425846469155,247.51425846469155,240.47018241417533,241.0531463623047,215902,ZEEL.BO
2023-11-16,241.4417772578035,246.1540271304152,239.20710190764342,242.996337890625,269848,ZEEL.BO
2023-11-17,242.9477651801051,245.1824406230657,237.06960200146625,238.7213134765625,284851,ZEEL.BO
2023-11-20,240.95598333252448,240.95598333252448,236.09799979759455,236.4380645751953,146537,ZEEL.BO
2023-11-21,237.02099764648665,246.05684937437448,235.80650184503367,244.50228881835938,413622,ZEEL.BO
2023-11-22,243.87076656593092,249.70034664320417,241.1017100990706,242.21905517578125,469217,ZEEL.BO
2023-11-23,241.10172410642434,245.81397420614462,241.10172410642434,242.85060119628906,133185,ZEEL.BO
2023-11-24,244.745200185379,247.51425668095447,243.0449059785422,245.716796875,464765,ZEEL.BO
2023-11-28,246.00827938876202,249.60318418319926,246.00827938876202,248.43727111816406,495731,ZEEL.BO
2023-11-29,248.48584200209,251.64353109889078,237.3124805826412,242.51052856445312,714142,ZEEL.BO
2023-11-30,244.8909485840555,249.21455088779126,241.7332593427872,245.716796875,561650,ZEEL.BO
2023-12-01,248.72876155973142,262.33111570752925,246.78556811004603,259.61065673828125,1284325,ZEEL.BO
2023-12-04,260.43646989276505,260.97086584015767,247.1741815646496,248.63157653808594,2773266,ZEEL.BO
2023-12-05,250.52621670174543,251.74071258487317,242.1704790956709,244.55088806152344,393298,ZEEL.BO
2023-12-06,244.89094355886797,251.88643661551328,244.89094355886797,250.86627197265625,459279,ZEEL.BO
2023-12-07,252.90658864784388,264.6629136949743,249.6031660657911,263.7884826660156,1562060,ZEEL.BO
2023-12-08,270.6868238598027,275.7877061072207,263.93421550052955,270.49249267578125,1423905,ZEEL.BO
2023-12-11,272.6785902559204,279.8198314683406,269.7152323732502,278.1195373535156,793226,ZEEL.BO
2023-12-12,276.9536240926483,290.9932080965141,274.5246323723101,280.79144287109375,2616221,ZEEL.BO
2023-12-13,284.1920149109678,284.1920149109678,274.573214182598,276.0306091308594,444828,ZEEL.BO
2023-12-14,277.92524471766546,279.91703589035654,251.74072950769147,270.3468017578125,1070498,ZEEL.BO
2023-12-15,273.06724107907553,278.3624549622285,265.44023069340324,269.47235107421875,1526471,ZEEL.BO
2023-12-18,262.4768513291556,273.9902785383151,258.4932987961377,272.5814514160156,1068859,ZEEL.BO
2023-12-19,269.13228283510045,269.13228283510045,259.6592151179805,263.9342346191406,1498216,ZEEL.BO
2023-12-20,264.42004030373215,268.7922255253103,241.39320110183172,244.64805603027344,917639,ZEEL.BO
2023-12-21,251.10917719905453,259.3677490906363,249.1659838128,254.509765625,1062304,ZEEL.BO
2023-12-22,258.44474708992897,264.85729185765484,256.4529855234205,259.75640869140625,709835,ZEEL.BO
2023-12-26,262.13676726365753,262.62256559413186,254.41259159958128,256.8415832519531,378608,ZEEL.BO
2023-12-27,258.9305126183898,260.97087155604476,254.0239612939995,258.2989807128906,304044,ZEEL.BO
2023-12-28,260.14500027359423,265.10014906610365,253.73245652156885,263.35125732421875,442555,ZEEL.BO
2023-12-29,266.7518639401987,270.24961801416,262.13677958378844,266.8490295410156,681788,ZEEL.BO
2024-01-01,265.148733800947,279.5769507424873,265.148733800947,276.9050598144531,633107,ZEEL.BO
2024-01-02,278.31389049522323,282.9289748852244,270.97831751643844,279.0911560058594,785030,ZEEL.BO
2024-01-03,278.2652744245792,282.68605696928415,274.18458628805536,277.5851745605469,505301,ZEEL.BO
2024-01-04,277.39084492586585,284.24058948141277,276.3220826755058,282.3945617675781,814106,ZEEL.BO
2024-01-05,282.9289650582326,284.77499281995915,272.6300343207352,274.6217956542969,736654,ZEEL.BO
2024-01-08,278.60535658542796,278.60535658542796,267.04336166687716,269.56951904296875,433006,ZEEL.BO
2024-01-09,242.65627075195312,261.06803969234227,235.417878453359,248.97164916992188,10573910,ZEEL.BO
2024-01-10,252.61514948499237,260.2421897361374,249.21456093423285,252.2265167236328,1969141,ZEEL.BO
2024-01-11,253.58673145994914,254.94696087095815,242.65626889702028,244.16224670410156,720898,ZEEL.BO
2024-01-12,246.1540259299395,249.8946790951421,241.44177608030913,242.94775390625,1276868,ZEEL.BO
2024-01-15,244.40515659515478,245.57106968794253,235.1264050028965,235.8551025390625,1397591,ZEEL.BO
2024-01-16,236.8752875976379,247.66000249002272,236.4866400073548,246.25119018554688,1137916,ZEEL.BO
2024-01-17,241.05314031205998,250.08897750354956,238.04118469797098,238.76988220214844,1661704,ZEEL.BO
2024-01-19,245.7653791286069,245.7653791286069,222.7385406008192,228.81101989746094,2539395,ZEEL.BO
2024-01-23,202.675062790924,202.675062790924,148.16848596005386,151.47190856933594,14562000,ZEEL.BO
2024-01-24,153.5122834394034,165.36576058800094,153.5122834394034,161.6251220703125,6374812,ZEEL.BO
2024-01-25,162.54812872778356,163.17966064428526,153.70659294442643,158.6131591796875,1599757,ZEEL.BO
2024-01-29,158.90463553231785,163.08250410448284,156.4270611025721,157.01002502441406,2660332,ZEEL.BO
2024-01-30,158.2731089664761,171.0981982769758,156.81571380168205,166.04588317871094,1971118,ZEEL.BO
2024-01-31,167.4061138785286,169.2035588729637,162.88818034169594,168.1348114013672,945029,ZEEL.BO
2024-02-01,171.68113733244033,171.92403651226138,164.68564391867196,165.60865783691406,414172,ZEEL.BO
2024-02-02,168.08622860143348,173.81864318427472,164.58847456165265,168.1348114013672,915614,ZEEL.BO
2024-02-05,173.91581057430653,176.34480234210412,170.36948852347774,172.9442138671875,1970612,ZEEL.BO
2024-02-06,173.43000976718716,176.05331787421807,169.64078859318573,170.80670166015625,763084,ZEEL.BO
2024-02-07,173.72150009442672,178.67663457368775,173.43001810731968,177.267822265625,805341,ZEEL.BO
2024-02-08,180.37692588817842,189.4613611881237,178.9681136033959,187.95538330078125,3423981,ZEEL.BO
2024-02-09,189.4613602232538,200.2460897353486,180.03687501312365,197.37986755371094,4151191,ZEEL.BO
2024-02-12,200.44040613629707,203.6466782747391,178.8223791340691,181.83432006835938,1392958,ZEEL.BO
2024-02-13,183.48603270665936,184.9919956491212,175.76182750309638,183.24313354492188,598146,ZEEL.BO
2024-02-14,179.45389765055816,196.89405449084413,175.22746113334924,194.7079620361328,1421463,ZEEL.BO
2024-02-15,197.2341365623892,197.28271936405886,181.1542076854515,182.61160278320312,2331532,ZEEL.BO
2024-02-16,182.6601795331659,185.52638683203932,177.31639768512113,178.28799438476562,1690065,ZEEL.BO
2024-02-19,178.4337281318187,180.13402235783806,172.74989632864458,173.57574462890625,702337,ZEEL.BO
2024-02-20,182.36869262508478,194.17360110167377,178.77378789872085,187.51815795898438,6004332,ZEEL.BO
2024-02-21,168.76633836318084,171.34107843008866,159.4390192402719,159.82765197753906,14603110,ZEEL.BO
2024-02-22,161.28504996368207,164.83137193935448,158.6617418751337,163.32540893554688,1638447,ZEEL.BO
2024-02-23,165.51150867959936,171.97262099589966,164.29701276861138,168.37771606445312,1131282,ZEEL.BO
2024-02-26,169.83510513274155,171.82688132118153,165.46292000828797,166.77456665039062,486315,ZEEL.BO
2024-02-27,166.33735040942545,171.77829780510217,165.90013486388102,168.0862274169922,1380912,ZEEL.BO
2024-02-28,169.05782685456452,169.68935878334833,155.01825741706503,157.39866638183594,1065771,ZEEL.BO
2024-02-29,158.3702575177603,160.02196889489235,150.30600217601133,156.47564697265625,4526125,ZEEL.BO
2024-03-01,156.32989533315643,157.3986575802145,150.25741625984568,150.9375457763672,2555528,ZEEL.BO
2024-03-04,154.4352924007787,155.40688910015498,149.62589170394403,150.5974884033203,694660,ZEEL.BO
2024-03-05,152.0548822562092,152.39494702847134,148.89719300807707,150.5489044189453,1125688,ZEEL.BO
2024-03-06,151.08328119129686,152.0062950566483,145.73949954144393,149.67446899414062,633379,ZEEL.BO
2024-03-07,151.3261869361208,158.3702630535325,148.16849764210863,156.03843688964844,2345062,ZEEL.BO
2024-03-11,156.96144534268237,159.6819189896375,150.59748417535573,151.76339721679688,744015,ZEEL.BO
2024-03-12,152.20061707042095,156.621385018918,149.18867619673142,151.9577178955078,1864493,ZEEL.BO
2024-03-13,152.78358260242695,154.92109239871849,137.8209992029968,140.5414581298828,2914966,ZEEL.BO
2024-03-14,141.8531158395453,147.87701231422903,140.9301019549822,143.06761169433594,778963,ZEEL.BO
2024-03-15,142.48464462909396,144.8164855143864,136.99512941598474,138.20962524414062,2535959,ZEEL.BO
2024-03-18,138.50111080003379,141.36731806373973,138.06389525563608,139.03549194335938,1392980,ZEEL.BO
2024-03-19,139.42412174240002,140.63861757639305,136.02353340721953,136.89796447753906,1369058,ZEEL.BO
2024-03-20,137.52950687005887,139.5698509116007,134.42040059814644,136.70364379882812,1724133,ZEEL.BO
2024-03-21,139.18122935484175,139.5698621104936,136.50933838991457,137.189453125,5235598,ZEEL.BO
2024-03-22,137.2866156562987,140.54145568191166,136.65506891075185,138.40394592285156,2795574,ZEEL.BO
2024-03-26,138.79258974848855,139.32695605478662,134.6147211171957,135.53773498535156,7623028,ZEEL.BO
2024-03-27,136.8494067083055,141.36732561747087,135.44057957551723,137.335205078125,15477530,ZEEL.BO
2024-03-28,138.88975375569265,140.44431450049177,134.08035276296852,134.76046752929688,1177251,ZEEL.BO
2024-04-01,137.96672379889455,143.79630367772108,135.0519338594813,142.82470703125,1973683,ZEEL.BO
2024-04-02,142.9218751023878,150.3545836465191,142.9218751023878,148.99435424804688,1130161,ZEEL.BO
2024-04-03,150.743235000626,152.73501137149265,147.53697747601026,148.45999145507812,1650828,ZEEL.BO
2024-04-04,150.30599409283255,150.30599409283255,147.4397870299797,148.70286560058594,420263,ZEEL.BO
2024-04-05,148.70287966254295,149.14009521764714,146.90541981608337,147.97418212890625,237408,ZEEL.BO
2024-04-08,150.5488936286835,150.5488936286835,144.67073109992566,145.35086059570312,253904,ZEEL.BO
2024-04-09,147.00258119539353,147.34263113942401,142.04743217882287,142.3874969482422,357923,ZEEL.BO
2024-04-10,143.35909844742014,147.92560004870626,141.41590501492482,145.98240661621094,1031215,ZEEL.BO
2024-04-12,145.98240171252442,146.2253008834271,142.14459777733947,142.3874969482422,310470,ZEEL.BO
2024-04-15,139.56986331937944,140.88152482549674,137.33520271694175,137.91815185546875,504049,ZEEL.BO
2024-04-16,137.14087535739247,144.57359939148395,137.14087535739247,143.5048370361328,1135507,ZEEL.BO
2024-04-18,145.25369924320827,145.25369924320827,140.0070832608999,140.8329315185547,557480,ZEEL.BO
2024-04-19,138.9383208475106,140.1528166591147,137.96672419822733,138.79258728027344,513190,ZEEL.BO
2024-04-22,139.37555127838982,140.8329464081577,137.0437250009172,138.1124725341797,388507,ZEEL.BO
2024-04-23,138.01531014298428,140.83293456000183,138.01531014298428,139.61843872070312,703568,ZEEL.BO
2024-04-24,140.6386155279791,140.6386155279791,135.53773309950319,136.12069702148438,1040249,ZEEL.BO
2024-04-25,137.18945665893696,140.9301100363482,136.8008238932741,138.6954345703125,1075282,ZEEL.BO
2024-04-26,139.47270877028657,144.67074220217168,139.08406119639008,141.80453491210938,2438723,ZEEL.BO
2024-04-29,142.8247130458912,147.0511645661803,142.33891470219768,145.10797119140625,2108271,ZEEL.BO
2024-04-30,145.98239613228105,148.31422215365635,141.99884395159427,142.82470703125,1377534,ZEEL.BO
2024-05-02,143.65057823020348,144.28211015594928,139.52129224930928,139.81275939941406,896313,ZEEL.BO
2024-05-03,140.88151851881483,141.6102160283949,136.80081543024414,138.98690795898438,1099160,ZEEL.BO
2024-05-06,140.44429921495512,140.93009754165826,132.13714486325378,132.7686767578125,1084041,ZEEL.BO
2024-05-07,133.01157205578275,137.14085771276038,128.7851356315208,129.9024658203125,2862727,ZEEL.BO
2024-05-08,130.48543454052154,132.8172605968223,129.8538878156232,130.77691650390625,657772,ZEEL.BO
2024-05-09,131.0683874072098,133.78886110130628,126.89053350509936,128.25076293945312,1915585,ZEEL.BO
2024-05-10,129.65957634774583,129.95105832214432,126.74478625453884,127.61923217773438,395746,ZEEL.BO
2024-05-13,128.2993366871761,128.93086856027247,125.7245967479179,126.16182708740234,969714,ZEEL.BO
2024-05-14,126.79336556150147,129.80532117166194,126.3075672260168,128.15359497070312,994166,ZEEL.BO
2024-05-15,129.22235402648639,129.56241878302717,126.50188045032479,127.32774353027344,727275,ZEEL.BO
2024-05-16,127.91069205107605,130.7769140066744,126.64762827617508,129.31951904296875,927824,ZEEL.BO
2024-05-17,129.9996284547976,132.18572081168753,129.41666456280524,131.11695861816406,931674,ZEEL.BO
2024-05-21,137.91815458644695,144.28211621276117,135.10052996429977,143.4562530517578,1081626,ZEEL.BO
2024-05-22,145.01080143195537,147.3426274846254,141.51304752756187,146.95399475097656,2071848,ZEEL.BO
2024-05-23,147.97419042685397,148.16850681497593,143.94205495272058,144.28211975097656,1152822,ZEEL.BO
2024-05-24,144.4764287601645,148.50856402836217,143.99063040197606,147.34263610839844,879615,ZEEL.BO
2024-05-27,147.77985284439157,148.45996751797253,143.79630074495057,144.7193145751953,1857193,ZEEL.BO
2024-05-28,144.71932676149152,148.41139721875442,141.75595383558093,146.6139373779297,1089774,ZEEL.BO
2024-05-29,146.12812618387628,150.11167826873577,145.05937879370057,146.71109008789062,913044,ZEEL.BO
2024-05-30,146.71109799152995,151.47191577103337,145.73950131608936,147.7312774658203,2848081,ZEEL.BO
2024-05-31,149.18867628132816,149.8202082063048,143.65057805524592,144.52500915527344,540676,ZEEL.BO
2024-06-03,151.42335082249699,155.45547117596806,147.24548206956504,151.90914916992188,1235379,ZEEL.BO
2024-06-04,154.43530190212377,154.43530190212377,122.56693264955696,134.76046752929688,3294553,ZEEL.BO
2024-06-05,138.01530659629577,144.67073472938975,134.22607077982556,142.82470703125,851154,ZEEL.BO
2024-06-06,146.6625152681563,153.07505925951978,146.27388252793554,149.0915069580078,2693635,ZEEL.BO
2024-06-07,149.38299606098096,153.41511652856875,147.24548623689358,152.1034698486328,824631,ZEEL.BO
2024-06-10,152.5892661152989,160.65352176517035,149.96595796604632,159.43902587890625,3588714,ZEEL.BO
2024-06-11,159.87624146244025,163.8597790748894,158.95322755378675,160.79925537109375,1611536,ZEEL.BO
2024-06-12,160.89640511213406,163.27681384993,159.29326180476212,162.11090087890625,1349749,ZEEL.BO
2024-06-13,163.37398388387382,163.90836504935444,158.90464783028486,160.26487731933594,1442024,ZEEL.BO
2024-06-14,160.79925295201744,160.79925295201744,158.1273620419386,159.34185791015625,670683,ZEEL.BO
2024-06-18,159.39044815552867,160.4106276975647,155.01826282570835,156.28134155273438,1151425,ZEEL.BO
2024-06-19,157.2529329434211,157.2529329434211,149.62589286402763,149.96595764160156,582854,ZEEL.BO
2024-06-20,150.59748531629737,152.3463623044031,150.2088525746689,151.13186645507812,738193,ZEEL.BO
2024-06-21,151.18045233131147,153.02648012970465,149.28582690748956,149.91737365722656,307015,ZEEL.BO
2024-06-24,150.0631142638168,150.0631142638168,146.66252565714066,146.85684204101562,718426,ZEEL.BO
2024-06-25,149.09151190244808,149.43157668046064,143.89347840901257,144.57359313964844,979761,ZEEL.BO
2024-06-26,145.73950306166216,152.92931261588194,144.9622227469222,151.18045043945312,2121888,ZEEL.BO
2024-06-27,153.22079147624538,155.649783144624,145.78808290116226,147.00257873535156,2811014,ZEEL.BO
2024-06-28,148.557122164722,150.5003154687753,146.46819529302,147.5855255126953,1082086,ZEEL.BO
2024-07-01,147.4883826113393,149.9659571712654,146.80826788371368,148.605712890625,923398,ZEEL.BO
2024-07-02,149.04292222090132,151.81197864147728,148.31422472342223,148.99435424804688,805978,ZEEL.BO
2024-07-03,149.86879349121403,150.50032542666148,146.2253058050419,146.6625213623047,819939,ZEEL.BO
2024-07-04,146.90541619806945,147.82843008619926,144.13637453367997,145.7880859375,952563,ZEEL.BO
2024-07-05,147.68270087951075,148.65429759582332,145.15654348694233,146.6625213623047,1049885,ZEEL.BO
2024-07-08,147.48838136361127,148.21707888534314,144.28210930291317,146.51678466796875,630774,ZEEL.BO
2024-07-09,147.19690057945968,148.80002921007042,145.98240470009122,146.56536865234375,832721,ZEEL.BO
2024-07-10,146.6139481230782,147.48839412002152,141.65881344196052,142.33892822265625,930366,ZEEL.BO
2024-07-11,142.8732929540466,144.03920599023894,142.24174622479214,142.97044372558594,550698,ZEEL.BO
2024-07-12,144.76790523953747,154.7267712040023,144.42784047157096,151.13186645507812,1550324,ZEEL.BO
2024-07-15,152.20062107688022,156.91287112439397,150.50032680773043,155.50405883789062,1916395,ZEEL.BO
2024-07-16,156.96145992572153,159.24470342205365,150.25743337014433,151.0347137451172,941443,ZEEL.BO
2024-07-18,145.69092111877623,145.69092111877623,138.06389597560846,138.40394592285156,2233323,ZEEL.BO
2024-07-19,139.4241406905803,139.95852189523902,133.10876149553656,133.6431427001953,1808905,ZEEL.BO
2024-07-22,133.83744005597458,135.44056861650782,130.1939525771368,130.77691650390625,2367531,ZEEL.BO
2024-07-23,131.60276791211632,132.47721382314495,126.06466977715712,130.9226531982422,1691519,ZEEL.BO
2024-07-24,131.79708245856997,134.71187247085288,130.92265138504055,132.8658447265625,868698,ZEEL.BO
2024-07-25,132.1857253052527,139.1326353231478,131.65134419032506,136.02352905273438,1458424,ZEEL.BO
2024-07-26,137.72383473576508,140.39572570947482,136.4607560376608,138.54969787597656,479491,ZEEL.BO
2024-07-29,138.98691109846868,143.65057823020348,138.98691109846868,139.81275939941406,676250,ZEEL.BO
2024-07-30,139.958503997859,142.776128425184,139.56985643262846,140.9786834716797,463894,ZEEL.BO
2024-07-31,141.7073869756754,149.09151312292346,141.27015659311175,144.62217712402344,2046935,ZEEL.BO
2024-08-01,145.30228959356882,145.93382151903685,137.1408684102757,137.7724151611328,2017144,ZEEL.BO
2024-08-02,136.0721102028229,141.27014324776817,135.10051357849053,138.64683532714844,1383297,ZEEL.BO
2024-08-05,134.22608039333196,135.9749574473152,129.9996435737109,130.43685913085938,1585135,ZEEL.BO
2024-08-06,131.50562264142667,134.7604627745104,130.19396113269522,130.48544311523438,949978,ZEEL.BO
2024-08-07,132.38003549799419,134.08032953191338,131.4084389071832,133.06015014648438,675264,ZEEL.BO
2024-08-08,133.3030615231814,137.2866138411056,132.62294681229866,134.274658203125,410235,ZEEL.BO
2024-08-09,135.39200564538405,136.07212036814735,133.30306385178147,133.69171142578125,299095,ZEEL.BO
2024-08-12,133.64312694422944,134.17750808588687,131.7485163741611,132.2828826904297,748218,ZEEL.BO
2024-08-13,132.9630165428043,133.6431312790699,131.40845586672063,131.79708862304688,610480,ZEEL.BO
2024-08-14,133.0115764712978,133.0115764712978,129.7081537662089,130.09678649902344,174753,ZEEL.BO
2024-08-16,131.1169781835928,132.52579050318008,130.33969782007884,130.6311798095703,185043,ZEEL.BO
2024-08-19,131.55417845563753,132.52577509068772,130.72833021107775,131.311279296875,419914,ZEEL.BO
2024-08-20,131.31128404003493,132.28288071018065,131.16555046966855,131.505615234375,719361,ZEEL.BO
2024-08-21,132.03999288943686,138.59827097650273,131.50562653524713,135.3920135498047,1692188,ZEEL.BO
2024-08-22,136.02353212798562,137.48092711507118,134.85761910339488,135.48915100097656,555058,ZEEL.BO
2024-08-23,135.4891495834863,135.97494790743238,131.79707935641835,132.72010803222656,625117,ZEEL.BO
2024-08-26,133.44880857466637,134.56613881517848,131.16555046966855,131.505615234375,297811,ZEEL.BO
2024-08-28,148.55713800156008,150.4517635352981,140.29856557893362,141.5130615234375,4481558,ZEEL.BO
2024-08-29,141.75594834837995,143.9420408578159,137.48092892674956,138.25820922851562,537552,ZEEL.BO
2024-08-30,140.20141569266343,140.63863127039494,136.26644584229976,136.8008270263672,456590,ZEEL.BO
2024-09-02,137.62666987351054,139.0840649579122,136.02354121082445,137.91815185546875,795354,ZEEL.BO
2024-09-03,137.86955030592117,138.88972969135017,132.86583379339967,133.06015014648438,677822,ZEEL.BO
2024-09-04,132.28288698114935,133.7888648563449,131.35987306583252,131.79708862304688,1028077,ZEEL.BO
2024-09-05,132.47721504808723,134.37182563475105,131.21413638184836,131.65135192871094,908257,ZEEL.BO
2024-09-06,132.96301969667232,133.0115876733231,129.75674749206567,130.5825958251953,530453,ZEEL.BO
2024-09-09,130.2425470656151,131.55419378049476,128.882302722856,129.2709503173828,228832,ZEEL.BO
2024-09-10,130.14537234732097,137.91814578889762,129.80532240448528,134.95477294921875,2552960,ZEEL.BO
2024-09-11,135.44057310203854,135.58632150125206,131.16555358211053,131.65135192871094,673990,ZEEL.BO
2024-09-12,132.13714905351344,132.67153019491056,130.19395568507943,130.9226531982422,691025,ZEEL.BO
2024-09-13,133.6431225866911,135.82921505596505,131.84566284846608,132.08856201171875,1607118,ZEEL.BO
2024-09-16,132.81726693090224,132.96301533223962,130.92265631662997,131.06838989257812,689408,ZEEL.BO
2024-09-17,131.06839540637864,131.99142417751116,129.12520190991407,129.2709503173828,747796,ZEEL.BO
2024-09-18,129.27094893152605,130.53402765576507,127.27917265392485,127.5220718383789,1227840,ZEEL.BO
2024-09-19,128.2021814548339,128.49366342958183,122.27544307408017,122.56692504882812,1743440,ZEEL.BO
2024-09-20,123.58710263717809,125.91894371358657,121.98397394277642,124.51011657714844,1204113,ZEEL.BO
2024-09-23,125.67603460589561,126.40473210498185,123.39277651193663,123.73283386230469,554202,ZEEL.BO
2024-09-24,123.73284052499024,124.85017823296035,123.392783156311,123.68426513671875,617892,ZEEL.BO
2024-09-25,124.17005279714537,132.96300530040932,123.68425448011851,129.9510498046875,2828964,ZEEL.BO
2024-09-26,131.0198157652528,134.9547703849727,130.2425354707863,132.13714599609375,1663141,ZEEL.BO
2024-09-27,132.13715889194464,134.76046716957438,131.16556213538624,132.0399932861328,761703,ZEEL.BO
2024-09-30,133.0115826245881,134.46897767814627,129.02804504009586,133.7402801513672,1634148,ZEEL.BO
2024-10-01,133.74027219490836,137.96672352894328,133.35163946723566,136.07211303710938,1060965,ZEEL.BO
2024-10-03,134.1289344477829,139.4241337759374,131.16556139199687,131.99142456054688,1500440,ZEEL.BO
2024-10-04,131.94284582374522,133.9831901685935,127.08486191878694,128.10504150390625,1175020,ZEEL.BO
2024-10-07,128.68797754301508,129.5624234518934,121.88680077022045,122.46976470947266,1592280,ZEEL.BO
2024-10-08,122.4697659213598,126.50188626068909,121.64390280347838,123.1984634399414,1293626,ZEEL.BO
2024-10-09,123.5385208797871,127.910698581427,123.29562170676853,125.23880767822266,1352435,ZEEL.BO
2024-10-10,127.4249036314453,129.27094629081955,125.33597661796826,125.724609375,655355,ZEEL.BO
2024-10-11,125.77318502448486,128.59082424161625,125.2388038949092,126.40473175048828,943980,ZEEL.BO
2024-10-14,126.79337310891904,128.2021854006069,125.53029439639596,127.4734878540039,322461,ZEEL.BO
2024-10-15,127.47349122445547,127.57065683006078,125.09308214102464,125.9189453125,255719,ZEEL.BO
2024-10-16,126.21040437029696,126.59905194236006,124.36437658551137,125.23880767822266,513235,ZEEL.BO
2024-10-17,125.19023935868596,126.35615242088203,121.93538451905754,122.17828369140625,853816,ZEEL.BO
2024-10-18,122.12970901028298,130.24254783617693,121.44959424757455,128.639404296875,1090718,ZEEL.BO
2024-10-21,130.6311742329949,132.42863407030146,122.22686865133706,122.6155014038086,901701,ZEEL.BO
2024-10-22,122.90697968624299,123.97573454880188,118.53479463811577,120.08934783935547,542710,ZEEL.BO
2024-10-23,119.84644867001506,121.8382248236841,118.19473728357809,120.08934783935547,900804,ZEEL.BO
2024-10-24,119.84645531918447,122.76124551298398,119.50639794578015,120.72089385986328,836293,ZEEL.BO
2024-10-25,120.38083481773207,121.06094955511291,115.42569303950035,116.25154876708984,1644556,ZEEL.BO
2024-10-28,116.30012203426584,118.5347974095232,115.91148928439026,117.174560546875,706454,ZEEL.BO
2024-10-29,117.32029810776922,118.43763576276304,113.77396877352552,115.66858673095703,621029,ZEEL.BO
2024-10-31,118.6319580078125,119.50639653819186,117.46604490910315,118.6319580078125,177678,ZEEL.BO
2024-11-01,119.55497291195063,120.0893466315082,119.2634909465961,119.7007064819336,42969,ZEEL.BO
2024-11-04,120.38083604450684,120.38083604450684,115.9114925796281,116.9802474975586,638258,ZEEL.BO
2024-11-06,118.09758120286516,120.2350909660731,118.09758120286516,119.84645080566406,155158,ZEEL.BO
2024-11-07,119.99219418517302,123.1013007050551,119.60355401701409,121.30384826660156,625207,ZEEL.BO
2024-11-08,122.3322650234395,122.4302076950862,119.834685797441,120.03057861328125,136064,ZEEL.BO
2024-11-11,119.98160301357932,120.56926651342218,118.0227196990719,118.2186050415039,132387,ZEEL.BO
2024-11-12,119.19804582782598,119.68776665287463,116.45561369108152,116.60253143310547,197862,ZEEL.BO
2024-11-13,115.7210326495194,118.4144971918493,112.04812645543318,112.5868148803711,764442,ZEEL.BO
2024-11-14,112.24400808764076,114.39878413382776,112.24400808764076,113.22344970703125,533969,ZEEL.BO
2024-11-18,113.32139651144419,114.25187056736155,112.24401218529228,113.1255111694336,539190,ZEEL.BO
2024-11-19,115.62308715725696,123.40964510968257,115.62308715725696,120.1285171508789,3239663,ZEEL.BO
2024-11-21,120.47132049209625,120.56926316058865,115.2313092660144,116.11280822753906,1018200,ZEEL.BO
2024-11-22,115.57411632693665,116.99430375040991,114.49673199127966,114.74159240722656,774969,ZEEL.BO
2024-11-25,116.70046955722651,118.46345997519163,115.7699955423551,116.16177368164062,223350,ZEEL.BO
2024-11-26,116.06383294965998,119.78571412609388,116.06383294965998,118.12065887451172,564544,ZEEL.BO
2024-11-27,117.58197150012033,121.64664831526143,117.48402135839194,119.73674011230469,924491,ZEEL.BO
2024-11-28,120.32440487324406,122.23432056895867,119.63879870917015,120.61824035644531,579876,ZEEL.BO
2024-11-29,124.92778530674236,129.873968622727,124.92778530674236,126.4459228515625,2993717,ZEEL.BO
2024-12-02,127.32741158369303,128.79657402504333,126.78871569951262,127.96404266357422,523876,ZEEL.BO
2024-12-03,128.30685324006726,136.09341119195346,127.96404269230462,135.26089477539062,2757821,ZEEL.BO
2024-12-04,136.14238536713552,138.83584982583784,133.93864171910636,138.19921875,1173019,ZEEL.BO
2024-12-05,138.1992252259951,140.54987924934025,135.21192515188582,139.86427307128906,1490437,ZEEL.BO
2024-12-06,139.86426522631737,141.2844525751425,137.95435707133922,140.59884643554688,652698,ZEEL.BO
2024-12-09,140.10912829581483,140.50089897015587,137.75845941448898,138.34613037109375,284326,ZEEL.BO
2024-12-10,137.70949838722726,139.57043149580068,136.04443566944843,136.7300567626953,400078,ZEEL.BO
2024-12-11,136.63211109327233,137.61155274985492,134.86911312240494,135.16294860839844,157262,ZEEL.BO
2024-12-12,135.65266596725354,136.92594307726446,131.3920888920498,131.78387451171875,275762,ZEEL.BO
2024-12-13,131.29415110835416,132.17564258132333,128.01301572934887,130.0208740234375,227799,ZEEL.BO
2024-12-16,130.21675718086263,135.7995712882587,130.11882198833203,132.81228637695312,714298,ZEEL.BO
2024-12-17,133.20406803598468,135.30986166292772,132.37153663272218,132.9102325439453,297264,ZEEL.BO
2024-12-18,132.5674331433865,132.86125368195226,128.60069147671973,128.99246215820312,181616,ZEEL.BO
2024-12-19,127.1805019465938,130.11882684382653,126.88666646785187,127.76815795898438,605295,ZEEL.BO
2024-12-20,127.7681582305472,129.38424589451606,121.9404834943346,122.47917938232422,919670,ZEEL.BO
2024-12-23,125.36853302581066,126.88667059443884,122.87095379291834,123.11581420898438,350545,ZEEL.BO
2024-12-24,123.36067151960508,124.87880905001612,123.11581110970309,123.55656433105469,346628,ZEEL.BO
2024-12-26,124.291143376629,124.291143376629,121.940481988368,122.33226013183594,324859,ZEEL.BO
2024-12-27,122.33226426527797,123.11581310614231,121.59768302366007,122.23432159423828,261520,ZEEL.BO
2024-12-30,121.54870984362019,122.23432349666237,119.14908073933987,119.63880157470703,363608,ZEEL.BO
2024-12-31,119.34496068136008,119.8346814945561,117.63093783517402,118.85523986816406,347842,ZEEL.BO
2025-01-01,118.51243588177633,123.4096439760646,118.51243588177633,120.52029418945312,858424,ZEEL.BO
2025-01-02,120.71618065360308,122.87094924623091,120.71618065360308,121.40178680419922,394229,ZEEL.BO
2025-01-03,121.35282024906776,130.06985230786742,121.35282024906776,123.01786804199219,1010543,ZEEL.BO
2025-01-06,123.36067428455011,123.70348484413384,119.34496496666065,120.03057861328125,1427670,ZEEL.BO
2025-01-07,120.12852101537041,128.06199696170063,120.07954594338352,126.59283447265625,637652,ZEEL.BO
2025-01-08,128.45376617144967,133.64480989544575,126.73974328725905,131.0003204345703,1337907,ZEEL.BO
2025-01-09,130.65751642659575,133.448931241614,128.99246853039813,130.11883544921875,461400,ZEEL.BO
2025-01-10,129.43320744928295,129.43320744928295,122.1853452520485,122.62609100341797,989650,ZEEL.BO
2025-01-13,122.1363737664052,123.89937176873403,116.11281344896676,116.8963623046875,936785,ZEEL.BO
2025-01-14,118.46346038357922,122.87094765250596,117.72887917209142,121.98945617675781,709080,ZEEL.BO
2025-01-15,121.74459579733333,123.06684048376711,118.4144928100785,119.98159790039062,583753,ZEEL.BO
2025-01-16,121.74459886161574,122.72404050178145,119.8346831797646,120.27543640136719,585146,ZEEL.BO
2025-01-17,120.42235069047665,121.25488209045459,118.61038509017459,118.90422058105469,557695,ZEEL.BO
2025-01-20,119.39393686688119,120.96104198923646,118.16963482245572,118.46346282958984,453531,ZEEL.BO
2025-01-21,119.0021578344615,121.49973697556143,117.63093806037814,118.12065887451172,743008,ZEEL.BO
2025-01-22,118.70832794767438,118.70832794767438,113.95803732136724,115.62309265136719,755809,ZEEL.BO
2025-01-23,116.40663406775178,120.91206398751595,115.52513512262377,118.16963195800781,1075987,ZEEL.BO
2025-01-24,119.2959942441452,119.98160040027095,112.92962361066145,113.90906524658203,667414,ZEEL.BO
2025-01-27,113.71316957415273,114.30083304640654,105.53483361454205,106.31838989257812,2575896,ZEEL.BO
2025-01-28,107.0039985497894,107.6406371066087,101.2742664835091,101.51912689208984,2068553,ZEEL.BO
2025-01-29,102.64548840602693,104.75128198568574,101.66604675128448,104.0167007446289,641129,ZEEL.BO
2025-01-30,104.01670189519551,106.36736338708826,101.76399054789792,102.35165405273438,990919,ZEEL.BO
2025-01-31,102.98829323837009,104.26156292761434,102.3516546574745,103.42903900146484,1399080,ZEEL.BO
2025-02-01,103.57595271930363,109.3056847794792,102.3516506777043,106.80811309814453,1042318,ZEEL.BO
2025-02-03,105.63277693496086,105.92661240917965,103.2331479615112,104.1146469116211,852261,ZEEL.BO
2025-02-04,104.55539221597952,106.66119317900737,104.55539221597952,105.58380889892578,226010,ZEEL.BO
2025-02-05,105.7796940588442,108.91390422712469,105.5838087255316,107.59165954589844,653440,ZEEL.BO
2025-02-06,108.13035585964614,108.3752162635527,105.77969448763388,106.12249755859375,165896,ZEEL.BO
2025-02-07,106.17147738223845,108.62008153094068,105.2410033222035,107.10194396972656,218344,ZEEL.BO
2025-02-10,107.1509201084449,107.1509201084449,102.49857217959486,102.89035034179688,313204,ZEEL.BO
2025-02-11,103.77184032140639,103.77184032140639,97.69930505158003,98.18902587890625,1461043,ZEEL.BO
2025-02-12,99.8540692422337,99.8540692422337,94.27125504912244,97.74827575683594,1089858,ZEEL.BO
2025-02-13,97.89518737792969,100.09893103301357,97.69930204205197,97.89518737792969,539259,ZEEL.BO
2025-02-14,98.87462694588332,98.92360201510739,93.73255852430596,94.66303253173828,871067,ZEEL.BO
2025-02-17,94.80995115318177,96.9157446436668,92.55723245365104,95.0058364868164,1950424,ZEEL.BO
2025-02-18,95.00583864168357,97.60136047021827,94.27125741507261,96.23014068603516,1076618,ZEEL.BO
2025-02-19,95.69144260750761,98.92360291964326,95.54453234358493,97.0136947631836,756113,ZEEL.BO
2025-02-20,96.47500383555303,98.82566532199465,96.23014341972674,98.53182983398438,472522,ZEEL.BO
2025-02-21,98.53183038234815,99.85407514065942,95.44658763125723,95.78939819335938,549453,ZEEL.BO
2025-02-24,94.56509033668975,95.2506964739619,93.63461632462446,94.4671401977539,233304,ZEEL.BO
2025-02-25,94.36919771570314,97.94416108999734,94.36919771570314,97.74827575683594,735360,ZEEL.BO
2025-02-27,98.18902534365473,98.38491068449868,94.51611915872999,95.1037826538086,650341,ZEEL.BO
2025-02-28,93.9284560187239,94.66303725848576,90.45143516149912,91.08807373046875,670150,ZEEL.BO
2025-03-03,91.46025754968665,92.8216808299438,87.71879078801827,88.38481140136719,965317,ZEEL.BO
2025-03-04,88.03221102051761,91.14683570304005,87.45434404559906,90.77465057373047,1051404,ZEEL.BO
2025-03-05,90.7060907001545,96.83739744683228,90.6081480308561,96.40644073486328,1516934,ZEEL.BO
2025-03-06,96.63171256269287,98.92360233694433,95.49555671140666,96.11260223388672,2920518,ZEEL.BO
2025-03-07,96.36725966817126,102.50836276394338,96.36725966817126,101.75418853759766,1525657,ZEEL.BO
2025-03-10,102.82178405624923,106.07352991995788,102.19493454775021,105.21161651611328,1865572,ZEEL.BO
2025-03-11,103.78163658787386,104.70231413231178,102.35165267212679,103.84040069580078,2775782,ZEEL.BO
2025-03-12,103.8501984877023,105.77969976230744,101.12735185609485,102.53775024414062,916641,ZEEL.BO
2025-03-13,102.53775129412784,103.44863235031036,97.59156784890781,98.14005279541016,857885,ZEEL.BO
2025-03-17,98.19882048849249,99.77572211978763,96.60232583985703,97.14102172851562,978818,ZEEL.BO
2025-03-18,97.9637479829967,102.02843221870083,97.78744819170565,100.81392669677734,685335,ZEEL.BO
2025-03-19,100.88249247301577,102.35165498475872,97.79724970384619,98.14005279541016,862157,ZEEL.BO
2025-03-20,101.00002398640788,104.60436949836591,100.34379241250406,100.97063446044922,1002848,ZEEL.BO
2025-03-21,102.17534958050575,105.73071997380781,101.17632241523417,104.10485076904297,2433414,ZEEL.BO
2025-03-24,104.85901823610763,105.9755810935173,102.92951703456121,103.17437744140625,1141713,ZEEL.BO
2025-03-25,104.49662864941347,104.49662864941347,100.392765877452,100.64742279052734,430106,ZEEL.BO
2025-03-26,100.71598765662327,101.76398993356149,98.01272658363851,98.5416259765625,2201463,ZEEL.BO
2025-03-27,98.03230733763573,100.83351094517019,98.03230733763573,99.57003784179688,2338873,ZEEL.BO
2025-03-28,99.67777649546443,100.95105366860821,95.76980628419395,96.30850219726562,1462676,ZEEL.BO
2025-04-01,96.39664635077274,99.6973674339591,96.17137895367613,99.45250701904297,323770,ZEEL.BO
2025-04-02,99.45250688383757,100.25564874476875,97.62094829263802,100.00099182128906,196301,ZEEL.BO
2025-04-03,99.53085943004965,108.28706237130217,97.95395783489018,105.58380889892578,543951,ZEEL.BO
2025-04-04,105.73072183848457,108.03241566593952,100.14790749061794,102.42021179199219,1387914,ZEEL.BO
2025-04-07,94.99604023740164,96.40643855556559,93.24283884816911,95.18213653564453,998909,ZEEL.BO
2025-04-08,97.94416350952721,107.71899431569857,96.2693192102199,105.52503967285156,2048275,ZEEL.BO
2025-04-09,105.08429140554249,105.25079468610377,100.96084311740137,101.9402847290039,866621,ZEEL.BO
2025-04-11,103.07643905214752,103.82081681217055,101.07837715264162,101.61707305908203,885955,ZEEL.BO
2025-04-15,102.6063088962127,106.46530389895274,102.34185546724657,105.68175506591797,344825,ZEEL.BO
2025-04-16,105.69155463604372,112.00895044479601,105.26059790823655,110.34390258789062,956843,ZEEL.BO
2025-04-17,110.34389675687548,112.53784389854894,109.70725820786114,111.94038391113281,1204839,ZEEL.BO
2025-04-21,112.00894479753646,117.09224922090083,111.04908871741819,116.3086929321289,1791750,ZEEL.BO
2025-04-22,116.40663717460208,117.23916107234135,112.68476343395993,113.17448425292969,1356080,ZEEL.BO
2025-04-23,113.96782993954562,114.34001507299243,109.58972460886092,112.2538070678711,919830,ZEEL.BO
2025-04-24,112.1460652367138,113.68378827773893,111.1764201274168,111.58778381347656,609431,ZEEL.BO
2025-04-25,112.38113459299063,112.38113459299063,104.45745510691697,105.99517822265625,784011,ZEEL.BO
2025-04-28,105.59360033353704,108.482957641831,105.23121171082677,107.3468017578125,269487,ZEEL.BO
2025-04-29,108.02262099824985,108.7278201852719,103.41924073743228,104.0167007446289,882200,ZEEL.BO
2025-04-30,104.32032786430304,107.0529708500505,102.74342627604862,104.13423156738281,491707,ZEEL.BO
2025-05-02,104.31053423713236,105.38791854225538,103.33109260110295,104.065673828125,171613,ZEEL.BO
2025-05-05,104.40847965249073,107.24886196619616,103.91875882159485,106.36736297607422,425370,ZEEL.BO
2025-05-06,106.36736440513779,106.36736440513779,103.23315403431431,103.96773529052734,260712,ZEEL.BO
2025-05-07,102.30267394735336,107.68960284299764,102.30267394735336,107.3957748413086,653416,ZEEL.BO
2025-05-08,107.10194089030759,113.41934389584809,106.56325247660969,108.81596374511719,2131924,ZEEL.BO
2025-05-09,107.15091938938124,114.1049536997493,106.85708390156486,113.46831512451172,1474025,ZEEL.BO
2025-05-12,115.62309139914477,117.53299965451184,114.25187157533276,114.74159240722656,1409333,ZEEL.BO
2025-05-13,115.03541848344885,121.01001850986472,113.46831334231794,120.61824035644531,2935142,ZEEL.BO
2025-05-14,122.43020767169048,123.01787117400522,120.52029942103086,121.30384826660156,1451101,ZEEL.BO
2025-05-15,121.45076098629835,125.76029814003299,121.30384324866046,124.3401107788086,609842,ZEEL.BO
2025-05-16,124.53600395275848,127.2294609454906,123.31170192308635,126.88666534423828,790835,ZEEL.BO
2025-05-19,127.47432624213651,129.0414388782783,124.5849763302754,125.8582534790039,546740,ZEEL.BO
2025-05-20,125.9072242497305,127.03357614372605,119.34496085957657,120.1285171508789,807330,ZEEL.BO
2025-05-21,121.84254304753847,122.77300962825751,120.07954508427979,121.69562530517578,343819,ZEEL.BO
2025-05-22,121.84253952778903,125.7602985514894,121.49973645387674,124.8788070678711,1241916,ZEEL.BO
2025-05-23,123.80142513952887,126.59283232688904,123.40964698791504,125.3685302734375,685521,ZEEL.BO
2025-05-26,125.85825221570833,126.00516248539353,123.80142624210106,124.97675323486328,221010,ZEEL.BO
2025-05-27,124.78086813960803,126.83769411727062,123.75245141450333,124.24217224121094,439937,ZEEL.BO
2025-05-28,124.4380604797894,126.00515810057485,123.55656152961937,125.80927276611328,333762,ZEEL.BO
2025-05-29,126.39694698735548,126.54385725573229,124.19320329114271,125.3685302734375,335956,ZEEL.BO
2025-05-30,124.53600761419804,128.6006919667232,123.65450863240814,127.52330017089844,321316,ZEEL.BO
2025-06-02,128.1599433883576,128.50273899213553,124.7808652780386,125.22161102294922,296118,ZEEL.BO
2025-06-03,125.76029766835735,128.99245799408237,125.51543726406142,127.81713104248047,375665,ZEEL.BO
2025-06-04,128.60069272327013,128.99246340855103,124.92778650466052,125.3195571899414,162215,ZEEL.BO
2025-06-05,125.36852724721521,127.3763855554275,124.58497096290151,125.07469177246094,298440,ZEEL.BO
2025-06-06,125.76029941959492,125.90722463127426,123.5565632227905,123.9483413696289,180839,ZEEL.BO
2025-06-09,124.584975715449,126.25002354244911,123.94834461677338,124.78086853027344,135330,ZEEL.BO
2025-06-10,126.88667244313606,132.71434744139628,126.39695160386891,128.3558349609375,993937,ZEEL.BO
2025-06-11,128.99245994076097,131.49003909129016,128.15994352064675,129.77601623535156,453589,ZEEL.BO
2025-06-12,131.09826835866463,135.4567806299657,130.51059740170783,131.78387451171875,994984,ZEEL.BO
2025-06-13,128.8945317224521,135.26090267487376,128.50274608140046,134.5263214111328,1568961,ZEEL.BO
2025-06-16,135.7016388429594,138.0522927425798,133.20405973392963,135.1139678955078,1770539,ZEEL.BO
2025-06-17,139.03174419502093,140.40297152106052,133.44892957960843,134.5263214111328,3584448,ZEEL.BO
2025-06-18,134.86911195558193,135.45678292248468,130.21676412706447,131.0003204345703,1021177,ZEEL.BO
2025-06-19,130.51060006025787,131.97976253748402,124.09525425401822,124.97675323486328,706404,ZEEL.BO
2025-06-20,124.53600918461788,131.63695378248616,124.53600918461788,130.21676635742188,1033041,ZEEL.BO
2025-06-23,129.5801352801683,148.33643718856703,128.40480827108138,146.42652893066406,10639780,ZEEL.BO
2025-06-24,146.8672782303162,147.50392429502236,140.10913655638046,140.69679260253906,2456164,ZEEL.BO
2025-06-25,141.3824044437311,144.12482903565757,140.25603760874623,143.2923126220703,2047446,ZEEL.BO
2025-06-26,143.73306375254754,144.22278458305027,140.10913259584618,140.79473876953125,430699,ZEEL.BO
2025-06-27,141.7252000877456,143.194362524616,140.15810245547308,141.28445434570312,537946,ZEEL.BO
2025-06-30,141.52931863660734,144.81045414705054,141.03959781087514,143.19436645507812,487316,ZEEL.BO
2025-07-01,144.3696895297086,144.3696895297086,138.5909899209365,139.27659606933594,373115,ZEEL.BO
2025-07-02,140.01118081056262,140.50090163532505,137.072855861988,138.1012725830078,790972,ZEEL.BO
2025-07-03,138.44407530705465,141.72519568030472,137.1707982456787,140.8437042236328,961063,ZEEL.BO
2025-07-04,141.82315880313067,148.58130044330696,140.9906273938638,144.17381286621094,1633231,ZEEL.BO
2025-07-07,144.27176181175585,144.36969701226414,140.94165114750123,142.01904296875,611363,ZEEL.BO
2025-07-08,141.57829331941943,144.17380771063532,138.29715781798637,142.65567016601562,1021563,ZEEL.BO
2025-07-09,142.6556720683981,143.48820345899634,138.29715966224597,138.78688049316406,537836,ZEEL.BO
2025-07-10,138.9337974442552,140.25603464201723,135.89752249515513,138.98275756835938,661579,ZEEL.BO
2025-07-11,132.32256785331802,136.1423841647967,130.31470955827186,134.5752716064453,2166766,ZEEL.BO
2025-07-14,134.52631103132128,141.97005829582696,133.30200901955132,140.06015014648438,1844792,ZEEL.BO
2025-07-15,140.35398300314716,143.78202857222917,140.06014753677874,140.3050079345703,977053,ZEEL.BO
2025-07-16,140.4519216379132,142.36184474357688,139.76631549631,141.13754272460938,725357,ZEEL.BO
2025-07-17,141.03959969518894,142.70464753590505,139.0807163660891,139.32557678222656,330245,ZEEL.BO
2025-07-18,142.16594545732312,142.16594545732312,138.24817896926635,138.73789978027344,301389,ZEEL.BO
2025-07-21,138.7868722366642,140.69678037460457,137.90538077148952,138.98275756835938,729968,ZEEL.BO
2025-07-22,138.24818265253904,140.892687058508,130.2657391984886,131.0003204345703,1729107,ZEEL.BO
2025-07-23,130.70648258632428,132.61639077656318,125.22161095065812,125.9561996459961,970782,ZEEL.BO
2025-07-24,126.9846031644907,128.4537656304667,124.68292426818431,126.64180755615234,545189,ZEEL.BO
2025-07-25,126.83769149009628,126.9356416314464,120.7161812830453,121.20590209960938,465140,ZEEL.BO
2025-07-28,121.15692440802816,121.15692440802816,115.72102794528597,116.16177368164062,993416,ZEEL.BO
2025-07-29,116.40663560008876,117.87579803712617,114.34980968274569,116.3086929321289,791253,ZEEL.BO
2025-07-30,116.60253064042293,116.94533372111721,113.7621483799407,114.25186920166016,530023,ZEEL.BO
2025-07-31,112.97859160964168,117.19019364805654,112.88064894021157,115.72103118896484,409228,ZEEL.BO
2025-08-01,116.11280674269388,116.45560981430677,113.6152276290707,113.9580307006836,199011,ZEEL.BO
2025-08-04,114.59466900306066,117.33710851522943,113.46830965082897,116.70046997070312,570829,ZEEL.BO
2025-08-05,116.74944447944682,116.99430489779512,114.10495495030405,114.34981536865234,178293,ZEEL.BO
2025-08-06,114.69261802100573,115.72103476315252,109.69746700032188,109.99130249023438,920264,ZEEL.BO
2025-08-07,109.99129768028436,112.63578708366482,109.69746220322139,112.29298400878906,374653,ZEEL.BO
2025-08-08,112.97859175408212,112.97859175408212,109.79540642198049,110.43204498291016,263747,ZEEL.BO
2025-08-11,111.41148901933076,111.6073743626537,109.40363062380979,110.92176818847656,267050,ZEEL.BO
2025-08-12,110.67690578970696,113.32139523991135,110.38307030744126,110.97074127197266,372757,ZEEL.BO
2025-08-13,111.65635076682113,115.86795295143052,110.82382683894633,114.34981536865234,633489,ZEEL.BO
2025-08-14,114.98645356726887,114.98645356726887,113.17448797204567,113.81111907958984,174179,ZEEL.BO
2025-08-18,115.52514063161767,116.25972187549624,113.4193470438699,113.6642074584961,258694,ZEEL.BO
2025-08-19,116.2597222466561,116.2597222466561,113.81111809257702,115.4761734008789,175237,ZEEL.BO
2025-08-20,115.42719331820284,116.70047041207106,114.88850491121747,115.23130798339844,232989,ZEEL.BO
2025-08-21,115.23130972608155,116.35766909960752,114.49672850063591,114.64364624023438,291325,ZEEL.BO
2025-08-22,114.54570037010268,121.59768488087046,114.54570037010268,120.91207122802734,1539662,ZEEL.BO
2025-08-25,121.20590214769355,121.20590214769355,117.67991376154271,117.92477416992188,341743,ZEEL.BO
2025-08-26,117.53299455034013,118.26757576627975,114.98644782959207,115.7699966430664,499741,ZEEL.BO
2025-08-28,116.21074985615812,117.3860768126429,114.79055502181357,115.7699966430664,208335,ZEEL.BO
2025-08-29,117.3499984741211,119.69999694824219,115.6500015258789,116.0999984741211,287380,ZEEL.BO
2025-09-01,116.30000305175781,117.30000305175781,113.80000305175781,114.0,463326,ZEEL.BO
2025-09-02,114.6500015258789,116.6500015258789,114.1500015258789,115.30000305175781,437388,ZEEL.BO
2025-09-03,115.9000015258789,117.25,115.44999694824219,116.19999694824219,178190,ZEEL.BO
2025-09-04,117.69999694824219,117.94999694824219,114.4000015258789,114.75,240625,ZEEL.BO
2025-09-05,115.8499984741211,116.5999984741211,114.5,115.94999694824219,393242,ZEEL.BO
2025-09-08,117.30000305175781,117.30000305175781,115.69999694824219,116.05000305175781,341892,ZEEL.BO
2025-09-09,116.0999984741211,116.69999694824219,114.80000305175781,115.0999984741211,119857,ZEEL.BO
2025-09-10,115.55000305175781,117.25,113.1500015258789,114.3499984741211,706692,ZEEL.BO
2025-09-11,114.4000015258789,119.1500015258789,114.4000015258789,116.6500015258789,754460,ZEEL.BO
2025-09-12,117.25,117.4000015258789,115.5,116.19999694824219,189922,ZEEL.BO
2025-09-15,116.25,117.25,114.80000305175781,115.05000305175781,292999,ZEEL.BO
2025-09-16,115.8499984741211,116.94999694824219,115.1500015258789,115.5,129283,ZEEL.BO
2025-09-17,116.05000305175781,116.69999694824219,115.69999694824219,116.0999984741211,373254,ZEEL.BO
2025-09-18,116.5999984741211,116.8499984741211,115.19999694824219,115.5999984741211,140996,ZEEL.BO
2025-09-19,115.9000015258789,118.94999694824219,115.5999984741211,116.6500015258789,414566,ZEEL.BO
2025-09-22,116.30000305175781,121.75,116.30000305175781,119.9000015258789,1106546,ZEEL.BO
2025-09-23,119.94999694824219,120.9000015258789,117.69999694824219,118.19999694824219,200337,ZEEL.BO
2025-09-24,118.19999694824219,118.4000015258789,115.80000305175781,116.05000305175781,308917,ZEEL.BO
2025-09-25,116.5999984741211,116.6500015258789,114.55000305175781,114.9000015258789,132543,ZEEL.BO
2025-09-26,114.5999984741211,115.4000015258789,112.19999694824219,112.5999984741211,497320,ZEEL.BO
2025-09-29,112.8499984741211,114.5999984741211,111.8499984741211,112.75,384848,ZEEL.BO
