Date,Open,High,Low,Close,Volume,MA_5,MA_10,MA_20,RSI,MACD,Close_Lag1,Close_Lag2,Close_Lag3
2020-01-28,67.9954323559132,68.36954896990046,66.68603491047911,67.15367889404297,18091.0,68.16380157470704,67.91127243041993,67.4833797454834,47.67408308400647,0.25412332662425285,67.94869995117188,68.2292709350586,68.27603149414062
2020-01-29,67.57458406490511,67.62135133721667,66.68606297645674,67.01341247558594,11180.0,67.72421875,67.77565841674804,67.48805656433106,46.72985729258327,0.17701406675111286,67.15367889404297,67.94869995117188,68.2292709350586
2020-01-30,67.52780349045011,67.855160060778,65.6104670099942,66.17163848876953,12229.0,67.30334014892578,67.69148101806641,67.36880722045899,41.42707002823091,0.047433513010446404,67.01341247558594,67.15367889404297,67.94869995117188
2020-01-31,66.91987339331554,79.125380090725,64.72194042038437,74.12158966064453,856152.0,68.48180389404297,68.31344757080078,67.71018829345704,72.80929937529407,0.5795538733573835,66.17163848876953,67.01341247558594,67.15367889404297
2020-02-03,76.69361941710744,86.79473312143809,73.74746065870421,83.52122497558594,841948.0,71.59630889892578,69.89408416748047,68.54259452819824,83.83632190621718,1.7396811452101844,74.12158966064453,66.17163848876953,67.01341247558594
2020-02-04,84.17592506953083,86.04650118218707,81.13623888646444,82.16505432128906,159532.0,74.598583984375,71.38119277954101,69.3282356262207,78.86674083970101,2.520602788681316,83.52122497558594,74.12158966064453,66.17163848876953
2020-02-05,82.96005309803975,85.90621209281747,82.53917629979237,83.4744644165039,162470.0,77.89079437255859,72.8075065612793,70.21909713745117,80.09368410258622,3.208165533598276,82.16505432128906,83.52122497558594,74.12158966064453
2020-02-06,84.92416746015677,89.6006082424191,84.50328350834376,87.1220932006836,252376.0,82.08088531494141,74.69211273193359,71.2689582824707,83.04650367270206,4.001272937230198,83.4744644165039,82.16505432128906,83.52122497558594
2020-02-07,88.06753540910614,89.34387503846051,85.56212371408122,86.27120208740234,87153.0,84.51080780029297,76.49630584716797,72.27393646240235,80.06300438139581,4.509177475913901,87.1220932006836,83.4744644165039,82.16505432128906
2020-02-10,86.50756093209597,87.07482218410904,83.24580332318224,83.81306457519531,56312.0,84.56917572021484,78.0827423095703,73.05546417236329,72.01406290639696,4.6596310026733505,86.27120208740234,87.1220932006836,83.4744644165039
2020-02-11,84.90031353418699,86.22392062458948,84.61667932160493,85.13667297363281,57631.0,85.16349945068359,79.8810417175293,73.8961570739746,73.55568267113026,4.829993484167375,83.81306457519531,86.27120208740234,87.1220932006836
2020-02-12,86.03483534958411,88.20934506234812,85.08939759848978,86.60209655761719,88398.0,85.78902587890624,81.83991012573242,74.80778427124024,75.18547309470895,5.025325589084048,85.13667297363281,83.81306457519531,86.27120208740234
2020-02-13,86.22391588397024,88.16206606611291,85.3730277192415,85.98755645751953,52961.0,85.56211853027344,83.82150192260742,75.75649147033691,73.14945227905216,5.0720717534515956,86.60209655761719,85.13667297363281,83.81306457519531
2020-02-14,86.83845998043742,92.274727298702,85.60939517548314,89.9111328125,290298.0,86.29010467529297,85.40045623779297,76.85695190429688,77.36411086976071,5.363886699681586,85.98755645751953,86.60209655761719,85.13667297363281
2020-02-17,90.28931616291032,91.32929637242486,88.54025755421063,88.9184341430664,77943.0,87.3111785888672,85.94017715454102,77.91713066101075,74.19103332644546,5.452200091904885,89.9111328125,85.98755645751953,86.60209655761719
2020-02-18,89.34386776409039,89.34386776409039,85.94029329189142,87.5002670288086,46339.0,87.78389739990234,86.47369842529297,78.927445602417,69.78738407610126,5.346128021519036,88.9184341430664,89.9111328125,85.98755645751953
2020-02-19,87.45299775729205,89.34387338447675,87.26391307982082,88.54025268554688,42710.0,88.17152862548828,86.98027725219727,79.89389190673828,71.14020158703453,5.285060405981966,87.5002670288086,88.9184341430664,89.9111328125
2020-02-20,88.20935315380663,97.3328225182702,87.92571891721347,93.5510711669922,466723.0,89.68423156738281,87.62317504882813,81.15764389038085,76.58122977848893,5.576710211064153,88.54025268554688,87.5002670288086,88.9184341430664
2020-02-24,93.59834111361972,100.0745885258274,93.55106633892125,94.96922302246094,324164.0,90.695849609375,88.49297714233398,82.49464149475098,77.8538107915711,5.854787440427316,93.5510711669922,88.54025268554688,87.5002670288086
2020-02-25,96.43466631643822,97.8528231740329,92.88927417245152,94.35470581054688,167031.0,91.7831039428711,89.54714126586914,83.81494178771973,75.92840779210094,5.956911675126918,94.96922302246094,93.5510711669922,88.54025268554688
2020-02-26,94.16560162847092,96.10375196648658,91.70746483831492,92.5110855102539,131998.0,92.78526763916015,90.28458251953126,85.08281211853027,70.31038666004585,5.821969080920894,94.35470581054688,94.96922302246094,93.5510711669922
2020-02-27,92.98380770517568,96.15102294425137,92.65290591239788,95.15831756591795,91462.0,94.10888061523437,91.14020462036133,86.49005737304688,73.35857464584595,5.861072806927325,92.5110855102539,94.35470581054688,94.96922302246094
2020-02-28,94.78014382837829,94.78014382837829,82.72581132152717,84.56941223144531,182893.0,92.312548828125,90.9983901977539,87.40994606018066,50.863509190999785,4.980217775755875,95.15831756591795,92.5110855102539,94.35470581054688
2020-03-02,86.0348523925936,89.10752569232909,82.253100639073,84.33306121826172,168972.0,90.18531646728516,90.44058303833008,87.92051963806152,50.49133664739005,4.214480359675207,84.56941223144531,95.15831756591795,92.5110855102539
2020-03-03,86.60210064785532,88.87115280027312,83.67124492366139,87.21663665771484,85927.0,88.75770263671875,90.27040328979493,88.10529022216797,54.83356224336985,3.7965441814524326,84.33306121826172,84.56941223144531,95.15831756591795
2020-03-04,86.98028102307033,92.36927380990456,81.68583057733318,90.52567291259766,138366.0,88.3606201171875,90.57294387817383,88.5233211517334,59.25038143006105,3.689804550112399,87.21663665771484,84.33306121826172,84.56941223144531
2020-03-05,89.86387035229973,94.30742535337691,88.68207304210704,89.39115142822266,104403.0,87.20718688964844,90.65803375244141,88.81915550231933,57.18558962867991,3.4736244407635013,90.52567291259766,87.21663665771484,84.33306121826172
2020-03-06,86.98027695839963,89.67477322590038,83.34034289787279,88.68206787109375,76935.0,88.02971801757812,90.17113342285157,88.89715423583985,55.87498437414028,3.208102026422722,89.39115142822266,90.52567291259766,87.21663665771484
2020-03-09,87.92570899872908,87.92570899872908,79.03859288311577,82.583984375,89301.0,87.67990264892578,88.93260955810547,88.71279335021973,46.091625936402814,2.4770552744568306,88.68206787109375,89.39115142822266,90.52567291259766
2020-03-11,84.1439729163827,85.8930315849422,81.82765295168483,83.7185287475586,58280.0,86.98028106689453,87.86899185180664,88.70806655883788,47.918736649088736,1.9665742617593622,82.583984375,88.68206787109375,89.39115142822266
2020-03-12,79.36951772402047,79.36951772402047,67.88245172081022,71.38056945800781,169172.0,83.15126037597656,85.75594024658203,88.02026138305663,34.3028626142504,0.5599889750178875,83.7185287475586,82.583984375,88.68206787109375
2020-03-13,66.18064598787764,73.55506371177405,59.08986248917646,71.04965209960938,108059.0,79.4829605102539,83.34507369995117,87.24263916015624,34.0236200709861,-0.5748161411904675,71.38056945800781,83.7185287475586,82.583984375
2020-03-16,73.74414586418695,73.74414586418695,63.344330421801615,64.57340240478516,71795.0,74.66122741699219,81.34547271728516,86.17193145751953,29.041061361921592,-1.9739817646879487,71.04965209960938,71.38056945800781,83.7185287475586
2020-03-17,65.37702331550739,67.07880697565105,61.595272231031096,62.824337005615234,55010.0,70.70929794311523,79.19460029602051,84.8175916671753,27.85464617398813,-3.1872252136332833,64.57340240478516,71.04965209960938,71.38056945800781
2020-03-18,66.8424507883533,66.8424507883533,54.92993573469168,57.34080505371094,42549.0,65.4337532043457,76.20701713562012,83.23871021270752,24.478317000998572,-4.538883168786427,62.824337005615234,64.57340240478516,71.04965209960938
2020-03-19,54.83539348819548,54.83539348819548,47.31916210772584,49.54094314575195,105267.0,61.06582794189453,72.10854415893554,81.34074401855469,20.64501112292362,-6.168360486207575,57.34080505371094,62.824337005615234,64.57340240478516
2020-03-20,51.76272176736519,54.457218170166016,50.344565006615454,54.457218170166016,49983.0,57.74734115600586,68.61515083312989,79.63659229278565,28.269801249130367,-6.982540314305552,49.54094314575195,57.34080505371094,62.824337005615234
2020-03-23,50.580916316060296,51.99907284828629,49.02094268798828,49.02094268798828,16893.0,54.63684921264648,64.64903831481934,77.41008586883545,25.36726726493474,-7.974520385447136,54.457218170166016,49.54094314575195,57.34080505371094
2020-03-24,49.02094693274549,51.90453501654371,45.002836410174254,51.1481819152832,54809.0,52.30161819458008,61.50545806884766,75.21903381347656,28.462462886421633,-8.491140726352818,49.02094268798828,54.457218170166016,49.54094314575195
2020-03-25,51.47908933100933,56.253549536767736,50.911824482669545,55.49720001220703,59221.0,51.9328971862793,58.6833251953125,73.27615852355957,34.44801442528208,-8.452204897662725,51.1481819152832,49.02094268798828,54.457218170166016
2020-03-26,58.71169012637896,60.79165776265272,55.7808341798898,57.29353332519531,42203.0,53.48341522216797,57.27462158203125,71.51528091430664,36.800172348955385,-8.182080951098357,55.49720001220703,51.1481819152832,49.02094268798828
2020-03-27,60.27166378184202,60.4134809039524,54.315405964713015,56.0644645690918,38010.0,53.804864501953126,55.77610282897949,69.56058826446534,35.85225379054312,-7.975247663523717,57.29353332519531,55.49720001220703,51.1481819152832
2020-03-30,55.07175307895826,56.86808638166808,53.41723689203677,54.362674713134766,23767.0,54.87321090698242,54.75503005981445,68.05025138854981,34.526131635813655,-7.858068094377501,56.0644645690918,57.29353332519531,55.49720001220703
2020-03-31,56.39536595896712,59.75166941255925,54.03177146959815,58.14442443847656,29439.0,56.27245941162109,54.287038803100586,66.74081954956054,39.85052852471564,-7.375032065311139,54.362674713134766,56.0644645690918,57.29353332519531
2020-04-01,57.95533615801525,58.42805505588904,55.49719933169512,58.14442443847656,23544.0,56.801904296875,54.36740074157715,65.28720893859864,39.85052852471564,-6.912539084529115,58.14442443847656,54.362674713134766,56.0644645690918
2020-04-03,56.72626535529842,57.10444190029061,55.07174928243556,55.26083755493164,11978.0,56.395365142822264,54.93939018249512,63.52396717071533,37.176991020476734,-6.701441382780061,58.14442443847656,58.14442443847656,54.362674713134766
2020-04-07,57.6717125581881,59.089869424373056,56.77354582162575,58.09716033935547,15107.0,56.801904296875,55.303384399414064,61.95926761627197,41.34532154828782,-6.233422375726008,55.26083755493164,58.14442443847656,58.14442443847656
2020-04-08,58.38078883420743,62.16254033763787,57.24626266186644,58.23897171020508,24042.0,57.57716369628906,56.22518730163574,60.43711280822754,41.55412485224333,-5.784392077074841,58.09716033935547,55.26083755493164,58.14442443847656
2020-04-09,60.74438101288502,69.4896810030669,57.76625038441564,63.769779205322266,98157.0,58.7022346496582,57.48734703063965,59.49640254974365,49.15624145318026,-4.925464697300896,58.23897171020508,58.09716033935547,55.26083755493164
2020-04-13,64.28976346427699,64.47884811863092,61.547992697441735,61.83162689208984,22148.0,59.43967514038086,58.12078971862793,58.40205745697021,46.856219655093184,-4.350995684604236,63.769779205322266,58.23897171020508,58.09716033935547
2020-04-15,64.2897641801419,65.046117232214,61.54799338277709,62.493431091308594,29075.0,60.88619384765625,58.64077949523926,57.95770053863525,47.75514394993532,-3.7985356310198384,61.83162689208984,63.769779205322266,58.23897171020508
2020-04-16,62.39889362363102,64.10068451679537,61.40618106709884,63.15524673461914,22688.0,61.89781112670899,59.34985771179199,57.562980270385744,48.689831182527136,-3.269613992066887,62.493431091308594,61.83162689208984,63.769779205322266
2020-04-17,65.1879313530976,66.93699699800715,61.83163159763071,65.8024673461914,81495.0,63.41051025390625,60.49383697509766,57.624433517456055,52.3611479044622,-2.6067818444761386,63.15524673461914,62.493431091308594,61.83162689208984
2020-04-20,65.9915589027406,67.92970199372186,64.5734022548002,65.47156524658203,34297.0,63.750867462158205,61.2265510559082,57.756794929504395,51.86162136201375,-2.084158741409759,65.8024673461914,63.15524673461914,62.493431091308594
2020-04-21,64.38431031703102,64.38431031703102,59.6098503278251,60.69710159301758,22402.0,63.52396240234375,61.481818771362306,57.92460975646973,45.16626978562142,-2.031813994945118,65.47156524658203,65.8024673461914,63.15524673461914
2020-04-22,61.4534565640819,61.73709078731714,59.56258097749477,61.122554779052734,19696.0,63.249787139892575,62.06799049377442,58.50369033813477,45.837296030593144,-1.9337092927612431,60.69710159301758,65.47156524658203,65.8024673461914
2020-04-23,61.35892295761694,67.07881809300764,61.35892295761694,64.85704040527344,32939.0,63.590145874023435,62.74397850036621,59.023681449890134,51.453157653042275,-1.5369023759356324,61.122554779052734,60.69710159301758,65.47156524658203
2020-04-24,64.85703699928106,68.44970382154362,62.91889367692036,67.59880828857422,44466.0,63.9494140625,63.679962158203125,59.952574729919434,55.13142203722625,-0.9897826825931659,64.85704040527344,61.122554779052734,60.69710159301758
2020-04-27,68.44970382154362,73.60233737227843,66.51155328606434,67.59880828857422,124135.0,64.37486267089844,64.06286506652832,60.775106048583986,55.13142203722626,-0.5498480774662369,67.59880828857422,64.85704040527344,61.122554779052734
2020-04-28,69.0169579679519,69.0169579679519,66.36972929763263,68.26060485839844,27790.0,65.8875633239746,64.70576286315918,61.413276290893556,56.06332845389051,-0.1461110043185272,67.59880828857422,67.59880828857422,64.85704040527344
2020-04-29,70.43510705605752,72.08962299361592,69.25330995780152,70.05693054199219,31160.0,67.6744384765625,65.46211280822754,62.0514461517334,58.57813671583146,0.3151689337826724,68.26060485839844,67.59880828857422,67.59880828857422
2020-04-30,71.8532724084156,73.27142910068697,68.5442401264491,68.92241668701172,26022.0,68.48751373291016,66.0388298034668,62.6943437576294,56.38312775862016,0.5824763961850721,70.05693054199219,68.26060485839844,67.59880828857422
2020-05-04,68.07151758630808,68.07151758630808,63.76977296470409,65.0461196899414,28010.0,67.97697601318359,65.9631950378418,63.228516006469725,49.551150525040825,0.47604713880033955,68.92241668701172,70.05693054199219,68.26060485839844
2020-05-05,67.12608523466874,67.12608523466874,63.29705917758474,63.675235748291016,23772.0,67.19226150512695,65.7835620880127,63.50505657196045,47.36527398921654,0.2778790912156808,65.0461196899414,68.92241668701172,70.05693054199219
2020-05-06,64.90430466673276,67.3624414379866,64.33704344461538,66.13336944580078,36947.0,66.76681442260742,66.32718887329102,63.90450382232666,51.49698656138922,0.31554294899240176,63.675235748291016,65.0461196899414,68.92241668701172
2020-05-07,65.9442782203691,67.97697067623686,65.75519356950018,67.6933364868164,15309.0,66.29409561157226,66.98426704406738,64.5261287689209,53.96658064560318,0.4658975536678014,66.13336944580078,63.675235748291016,65.0461196899414
2020-05-08,68.82787492678176,69.48967850347239,67.12608399655156,67.78788757324219,37881.0,66.06718978881835,67.27735176086426,65.01066513061524,54.11906486456039,0.5859299083429619,67.6933364868164,66.13336944580078,63.675235748291016
2020-05-11,70.05694399242076,70.05694399242076,66.27519255193253,66.60609436035156,14629.0,66.37918472290039,67.17808036804199,65.42902126312256,51.809038950455715,0.5790209850989925,67.78788757324219,67.6933364868164,66.13336944580078
2020-05-12,66.18064880371094,66.8897271837507,64.80976682088138,66.18064880371094,7051.0,66.88026733398438,67.03626441955566,65.549564743042,50.96564348015534,0.5330708044197223,66.60609436035156,67.78788757324219,67.6933364868164
2020-05-13,69.0169617751549,69.0169617751549,66.36973295880577,68.54424285888672,12838.0,67.36244201660156,67.06462821960449,65.88519554138183,55.3175201231531,0.6795438831674119,66.18064880371094,66.60609436035156,67.78788757324219
2020-05-14,68.54424485884915,68.54424485884915,66.18065020854401,66.60609436035156,9687.0,67.14499359130859,66.71954460144043,66.09082870483398,51.29713163269879,0.6319477668254336,68.54424285888672,66.18064880371094,66.60609436035156
2020-05-15,66.18065753628017,66.70065130217006,65.04613486376306,66.27519989013672,12723.0,66.8424560546875,66.45482292175294,66.24682636260987,50.62070507225366,0.5610595382574388,66.60609436035156,68.54424285888672,66.18064880371094
2020-05-18,66.1806424324563,66.1806424324563,59.56257818921067,59.70439529418945,34983.0,65.46211624145508,65.92065048217773,65.94192276000976,39.48588560889168,-0.025040261445553824,66.27519989013672,66.60609436035156,68.54424285888672
2020-05-19,60.6971048796089,63.911594895449205,59.18440581718938,63.34433364868164,38613.0,64.89485321044921,65.8875602722168,65.83556118011475,46.50565755347043,-0.19358444932805696,59.70439529418945,66.27519989013672,66.60609436035156
2020-05-20,64.28977496459093,65.6133894211915,62.82434338529771,64.80976867675781,41759.0,64.14795837402343,65.7552001953125,66.04119453430175,49.06730973038874,-0.20652784842846472,63.34433364868164,59.70439529418945,66.27519989013672
2020-05-21,67.59880424319897,75.68230050298261,67.36244478780317,72.3732681274414,364765.0,65.3013931274414,66.223193359375,66.60373020172119,59.774093690885536,0.3890409870707998,64.80976867675781,63.34433364868164,59.70439529418945
2020-05-22,72.04235908920347,72.18417620500516,66.65336639368473,66.98426818847656,87681.0,65.44320678710938,66.14283142089843,66.71009159088135,51.47173794861012,0.42132949853234436,72.3732681274414,64.80976867675781,63.34433364868164
2020-05-26,67.12608343417774,71.04965172541877,67.12608343417774,68.92241668701172,86764.0,67.28681106567383,66.37446365356445,66.77627201080323,53.94910288867705,0.5964354262154643,66.98426818847656,72.3732681274414,64.80976867675781
2020-05-27,69.82057757134892,76.06046538386713,67.59880026403563,72.65689086914062,130808.0,69.14932250976562,67.02208786010742,67.02917613983155,58.36005636852171,1.024736467547683,68.92241668701172,66.98426818847656,72.3732681274414
2020-05-28,74.50049433436634,74.50049433436634,69.48967159277002,70.81328582763672,56837.0,70.3500259399414,67.24899215698242,67.15681018829346,55.532168874745636,1.2015538445677976,72.65689086914062,68.92241668701172,66.98426818847656
2020-05-29,72.42053736033208,73.3659752037127,69.48968148847581,70.10421752929688,87935.0,69.8962158203125,67.59880447387695,67.15917453765869,54.43955710821536,1.269829203396128,70.81328582763672,72.65689086914062,68.92241668701172
2020-06-01,71.09691523569455,73.12960782140348,70.67147113750508,72.7987060546875,93115.0,71.0591033935547,68.25115509033203,67.35298900604248,57.83463725667079,1.523795259165766,70.10421752929688,70.81328582763672,72.65689086914062
2020-06-02,73.22416173083283,73.74415545583297,71.56964542252888,72.51508331298828,52013.0,71.77763671875,69.53222389221192,67.72643718719482,57.35019016595759,1.6827811495714826,72.7987060546875,70.10421752929688,70.81328582763672
2020-06-03,72.98779410963562,73.12961121999537,70.5296573114989,70.95510864257812,35055.0,71.4372802734375,70.29330139160156,68.09043083190917,54.6392243530359,1.6637233276108105,72.51508331298828,72.7987060546875,70.10421752929688
2020-06-04,71.38056050176205,77.57318154974516,71.38056050176205,76.10774993896484,200535.0,72.49617309570313,71.42309951782227,68.58914985656739,61.1685693510687,2.0408690881498472,70.95510864257812,72.51508331298828,72.7987060546875
2020-06-05,77.33682445431636,79.74768681350037,76.10775227762885,77.19500732421875,95619.0,73.9143310546875,71.9052734375,69.0642333984375,62.39850227708324,2.399828673855666,76.10774993896484,70.95510864257812,72.51508331298828
2020-06-08,78.23498288457264,83.19853164764221,76.95864321669274,78.94406127929688,154035.0,75.14340209960938,73.10125274658203,69.62204208374024,64.35445699152257,2.793242013217096,77.19500732421875,76.10774993896484,70.95510864257812
2020-06-09,79.46404474676741,80.6931094780281,76.86409096783605,77.85679626464844,50752.0,76.21174468994141,73.9946907043457,70.18457717895508,62.18883350572789,2.9829066282067487,78.94406127929688,77.19500732421875,76.10774993896484
2020-06-10,78.32952668097795,79.32223933725473,75.87138964295757,76.34410858154297,39575.0,77.28954467773437,74.36341247558593,70.69275016784668,59.20377882998476,2.9768407805782005,77.85679626464844,78.94406127929688,77.19500732421875
2020-06-11,79.41678312768732,80.59858049565887,76.24956762414735,76.7695541381836,100080.0,77.42190551757812,74.95903930664062,71.10401573181153,59.78839482601665,2.9721029012784186,76.34410858154297,77.85679626464844,78.94406127929688
2020-06-12,76.76954011543623,76.81681488676735,72.79870456961336,75.9659194946289,43410.0,77.17608795166015,75.54520950317382,71.57200698852539,58.09488396351608,2.870413162155671,76.7695541381836,76.34410858154297,77.85679626464844
2020-06-15,77.52589736750096,77.52589736750096,74.26413993667639,76.58045959472656,91161.0,76.7033676147461,75.92338485717774,72.08726997375489,59.05009697660414,2.807053594905966,75.9659194946289,76.7695541381836,76.34410858154297
2020-06-16,77.52589867650235,77.99861757087128,74.16959164123588,75.77684020996094,122877.0,76.2873764038086,76.249560546875,72.89089221954346,57.21348895871049,2.6613173038896463,76.58045959472656,75.9659194946289,76.7695541381836
2020-06-17,76.58045959472656,78.47133514027537,74.97321826625719,76.58045959472656,52892.0,76.33464660644532,76.81209564208984,73.55269851684571,58.600177797829126,2.580914436449163,75.77684020996094,76.58045959472656,75.9659194946289
2020-06-18,77.52589769183379,77.90407424514922,75.63502213837442,76.91136169433594,81046.0,76.36300811767578,76.89245681762695,74.15777816772462,59.1867308929624,2.5149053552444087,76.58045959472656,75.77684020996094,76.58045959472656
2020-06-22,77.52589326733418,78.94404985149274,77.43135093768042,78.66041564941406,35939.0,76.90190734863282,77.03899765014648,74.47213554382324,62.232619951334456,2.5740546201729018,76.91136169433594,76.58045959472656,75.77684020996094
2020-06-23,79.03860048442863,86.03484181054732,77.52590141170198,84.71122741699219,223052.0,78.52806091308594,77.61571426391602,75.35848350524903,70.44899230149753,3.0737485200784107,78.66041564941406,76.91136169433594,76.58045959472656
2020-06-24,87.45299907474975,89.81659364433759,81.63855499094005,82.3476333618164,153013.0,79.84221954345703,78.0647979736328,76.02974433898926,64.54220937024952,3.241669303123359,84.71122741699219,78.66041564941406,76.91136169433594
2020-06-25,81.30764704197172,84.04941797787103,80.45675161867639,83.34033966064453,69833.0,81.19419555664062,78.76442108154296,76.56391677856445,65.83776214822747,3.415479315921246,82.3476333618164,84.71122741699219,78.66041564941406
2020-06-26,83.38761586351872,91.42383762502112,83.24580595586927,87.02755737304688,349439.0,83.21743469238281,79.7902214050293,77.37463035583497,70.19398458498776,3.8068694361576974,83.34033966064453,82.3476333618164,84.71122741699219
2020-06-29,87.02755502537526,87.59481628002568,83.67124784792315,87.16936492919922,47866.0,84.91922454833984,80.91056594848632,78.22788772583007,70.35057503957971,4.081443273458717,87.02755737304688,83.34033966064453,82.3476333618164
2020-06-30,87.73663477824987,88.02026180348125,83.90760862612042,84.56941223144531,95206.0,84.89086151123047,81.7094612121582,78.81642303466796,63.73882848602996,4.042649417694733,87.16936492919922,87.02755737304688,83.34033966064453
2020-07-01,87.45299532202912,87.45299532202912,82.48944693888694,82.96216583251953,60412.0,85.01376800537109,82.42799377441406,79.33877716064453,59.98566305450479,3.8379719043733758,84.56941223144531,87.16936492919922,87.02755737304688
2020-07-02,83.81306974210986,86.31848157383271,83.62397783770291,85.75121307373047,91498.0,85.49594268798828,83.34506912231446,80.07858238220214,63.95235620319953,3.85636255671821,82.96216583251953,84.56941223144531,87.16936492919922
2020-07-06,86.03483854440918,87.40572044915537,84.71122420110238,85.65666198730469,65210.0,85.22176361083984,84.21959915161133,80.55602798461913,63.72173675870747,3.819281499020306,85.75121307373047,82.96216583251953,84.56941223144531
2020-07-07,86.22392731060032,88.30389486687984,85.65666605456707,86.27120208740234,109497.0,85.04213104248046,84.98067779541016,81.00983772277831,64.61489467379265,3.795727954689056,85.65666198730469,85.75121307373047,82.96216583251953
2020-07-08,90.14749375454385,95.4892188244773,88.20935057162082,93.9292449951172,319987.0,86.91409759521484,85.90247955322266,81.75909690856933,73.4025652403606,4.344916173794942,86.27120208740234,85.65666198730469,85.75121307373047
2020-07-09,94.44922511982364,99.0345963982655,92.65289209575198,96.15100860595705,271108.0,89.55186614990234,87.28281707763672,82.67380752563477,75.31771759780892,4.902911833801923,93.9292449951172,86.27120208740234,85.65666198730469
2020-07-10,96.15102831420836,96.15102831420836,91.70747321875326,92.27473449707033,45053.0,90.85657043457033,88.1762565612793,83.47033882141113,66.3422863238408,4.974995834137786,96.15100860595705,93.9292449951172,86.27120208740234
2020-07-13,94.26014164435148,99.98004296895732,92.7474426732603,97.71099090576172,290098.0,93.26743621826174,89.24459991455078,84.51741065979004,71.47607108076483,5.408438273451665,92.27473449707033,96.15100860595705,93.9292449951172
2020-07-14,98.23099161914398,99.83823303899857,93.92924662318286,95.25286102294922,111253.0,95.0637680053711,90.05294952392578,85.48175773620605,66.53424078745539,5.490305170884014,97.71099090576172,92.27473449707033,96.15100860595705
2020-07-15,96.38738045843556,101.91819733791026,96.340112896486,99.22369384765624,298433.0,96.1226577758789,91.51837768554688,86.61391944885254,70.12729053677357,5.80863991504971,95.25286102294922,97.71099090576172,92.27473449707033
2020-07-16,100.02731130783678,105.8890221486774,99.9327617675674,104.65995025634766,487225.0,97.82444610595704,93.68815612792969,88.05807495117188,74.20974376864424,6.425513631370862,99.22369384765624,95.25286102294922,97.71099090576172
2020-07-17,106.83446717840712,106.83446717840712,101.54001715024232,102.53272247314452,132360.0,99.87604370117187,95.36630706787109,89.35568809509277,70.16874199622136,6.665900638587814,104.65995025634766,99.22369384765624,95.25286102294922
2020-07-20,102.53271765073976,103.6199724692635,100.26367289761568,101.25637817382812,73276.0,100.58512115478514,96.92627868652343,90.57293891906738,67.78372186033565,6.6764567185007735,102.53272247314452,104.65995025634766,99.22369384765624
2020-07-21,103.80909049643384,103.80909049643384,100.830959491194,101.44549560546876,73931.0,101.82364807128906,98.44370803833007,91.71219291687012,67.95751114795797,6.623728465475125,101.25637817382812,102.53272247314452,104.65995025634766
2020-07-22,101.1618429920211,101.1618429920211,96.15101984642152,97.33281707763672,75790.0,101.44547271728516,98.78406524658203,92.34327239990235,60.3350503061411,6.178856151448784,101.44549560546876,101.25637817382812,102.53272247314452
2020-07-23,97.75827727152787,100.68913322802992,97.04919886851356,100.1218719482422,112333.0,100.53785705566406,99.18115158081055,93.23198432922364,63.33827362099018,5.982383859180729,97.33281707763672,101.44549560546876,101.25637817382812
2020-07-24,99.46005646567554,99.46005646567554,96.34011596599848,98.84552764892578,78477.0,99.80041809082033,99.83823089599609,94.00724372863769,61.05986291915948,5.658460622168491,100.1218719482422,97.33281707763672,101.44549560546876
2020-07-27,102.53272898515289,103.6199839238665,98.94006958681334,102.4381866455078,218292.0,100.03677978515626,100.3109504699707,94.77777519226075,64.88853028505261,5.626784608599422,98.84552764892578,100.1218719482422,97.33281707763672
2020-07-28,103.99816014089618,112.50710051606042,103.14726466075614,111.41984558105467,485026.0,102.03164978027344,101.92764892578126,95.99029922485352,72.23760061456191,6.254329930620571,102.4381866455078,98.84552764892578,100.1218719482422
2020-07-29,111.37258324591706,114.72888333468757,107.77991647806742,110.33259582519533,457731.0,104.63160552978516,103.03853912353516,97.27845840454101,70.31887552353173,6.587989904037286,111.41984558105467,102.4381866455078,98.84552764892578
2020-07-30,111.56166843423163,112.22347205664492,108.0635512075582,108.53627014160156,118090.0,106.31448516845703,103.42617111206054,98.55716361999512,67.14560234783168,6.631030969372972,110.33259582519533,111.41984558105467,102.4381866455078
2020-07-31,108.81990170923852,115.43796706165412,108.58354223236654,114.96524810791016,376369.0,109.5384292602539,104.6694236755371,100.0178653717041,72.01334947637143,7.102038240445495,108.53627014160156,110.33259582519533,111.41984558105467
2020-08-03,113.92525319882462,119.73969702462472,109.670783162354,118.88880157470705,359466.0,112.82855224609375,106.432666015625,101.67947235107422,74.49677908169532,7.703116142592151,114.96524810791016,108.53627014160156,110.33259582519533
2020-08-04,117.32882950913152,119.12516277132268,114.77615033499322,115.72158813476562,124275.0,113.68890075683593,107.86027526855469,103.15199165344238,69.16160684937839,7.833606120374512,118.88880157470705,114.96524810791016,108.53627014160156
2020-08-05,116.66703332124924,120.3069676382099,116.00522249163558,118.41609191894533,144531.0,115.30559997558593,109.96860275268554,104.37633399963379,71.060449092568,8.06151616415137,115.72158813476562,118.88880157470705,114.96524810791016
2020-08-06,119.03061813704753,141.05931411878822,119.03061813704753,135.623046875,1455582.0,120.72295532226562,113.51872024536132,106.34993591308594,79.6694977025778,9.520843617574641,118.41609191894533,115.72158813476562,118.88880157470705
2020-08-07,137.75029058339305,140.5866041071125,132.17221309057282,135.05580139160156,319276.0,124.7410659790039,117.1397476196289,108.4889892578125,78.83688214555703,10.5104413431756,135.623046875,118.41609191894533,115.72158813476562
2020-08-10,136.8993884832385,142.76109962221486,132.59764385440818,139.97206115722656,550123.0,128.9577178955078,120.89313507080078,110.60204277038574,80.7177512876041,11.558170353446442,135.05580139160156,135.623046875,118.41609191894533
2020-08-11,143.70655813473567,143.70655813473567,137.37212720746516,138.55392456054688,126919.0,133.52418518066406,123.60654296875,112.76709594726563,78.5491080385875,12.134195913855763,139.97206115722656,135.05580139160156,135.623046875
2020-08-12,138.0339344280478,140.3029796344522,134.53581705724207,139.16845703125,90350.0,137.674658203125,126.49012908935546,114.76433410644532,78.81473032501275,12.496239089459237,138.55392456054688,139.97206115722656,135.05580139160156
2020-08-13,140.40591451495175,141.40541715037918,138.78767976111735,139.45401000976562,45276.0,138.44085083007812,129.58190307617187,116.50403709411621,78.94519618968884,12.660263022027777,139.16845703125,138.55392456054688,139.97206115722656
2020-08-14,140.12034492913844,149.449012295903,139.02566052164858,144.6418914794922,380062.0,140.35806884765626,132.54956741333007,118.6094955444336,81.20928863562617,13.058343393881287,139.45401000976562,139.16845703125,138.55392456054688
2020-08-17,144.8322733364831,146.68849885280073,141.45302376042176,142.83328247070312,105639.0,140.93031311035156,134.9440155029297,120.68834075927734,78.05791964400422,13.077140192850209,144.6418914794922,139.45401000976562,139.16845703125
2020-08-18,144.59431102397667,169.24865025899706,142.9760760183752,163.013671875,1085702.0,145.8222625732422,139.67322387695313,123.76674957275391,85.03572408929948,14.552671424375475,142.83328247070312,144.6418914794922,139.45401000976562
2020-08-19,167.34481898314257,178.5772953222674,160.30071675864917,163.77517700195312,555706.0,150.7436065673828,144.2091323852539,127.08886756896973,85.22664265740696,15.603618850377273,163.013671875,142.83328247070312,144.6418914794922
2020-08-20,163.48959931454456,168.86785397693671,159.39640702352156,164.1559295654297,228067.0,155.68399047851562,147.0624206542969,130.2905704498291,85.32744091297644,16.279565113985058,163.77517700195312,163.013671875,142.83328247070312
2020-08-21,166.10734256656806,167.72557738286483,156.20754114047324,164.822265625,262461.0,159.72006530761718,150.03906707763673,133.58940734863282,85.51372074176334,16.676785546190672,164.1559295654297,163.77517700195312,163.013671875
2020-08-24,166.01214018634312,167.39241334121752,161.3478139126953,165.34580993652344,161053.0,164.22257080078126,152.5764419555664,136.7347885131836,85.66768542298188,16.839713515975404,164.822265625,164.1559295654297,163.77517700195312
2020-08-25,166.345310064577,167.05923843395288,162.58529022417943,164.77467346191406,69825.0,164.57477111816405,155.19851684570312,139.40252990722655,84.61120063896577,16.729897323205705,165.34580993652344,164.822265625,164.1559295654297
2020-08-26,165.5362055150817,174.1985432575243,163.82278884067466,168.5347137451172,142612.0,165.52667846679688,158.13514251708983,142.31263580322266,85.84852930406905,16.753151128405705,164.77467346191406,165.34580993652344,164.822265625
2020-08-27,171.1048289347038,173.67496810551438,160.87185585515962,165.39340209960938,170299.0,165.7741729736328,160.7290817260742,145.15549240112304,80.05712932674601,16.329861857300727,168.5347137451172,164.77467346191406,165.34580993652344
2020-08-28,166.58331042820944,168.29674166902484,162.96606992535737,164.34632873535156,78306.0,165.67898559570312,162.69952545166015,147.62454643249512,78.16430655998889,15.728602452222958,165.39340209960938,168.5347137451172,164.77467346191406
2020-08-31,165.01263855881973,167.0592272709793,147.02163613776895,152.97103881835938,185570.0,163.20403137207032,163.7133010864258,149.32865829467772,61.2276532630829,14.170856401279792,164.34632873535156,165.39340209960938,168.5347137451172
2020-09-01,151.25765559306632,162.77570862126132,147.35485492001925,160.77670288085938,209574.0,162.40443725585936,163.4896041870117,151.58141403198243,66.57908000258989,13.411582908788375,152.97103881835938,164.34632873535156,165.39340209960938
2020-09-02,158.01616801346827,163.72759577299124,157.7781918568215,159.0156707763672,97320.0,160.50062866210936,163.01365356445314,153.61139297485352,64.41883762672597,12.523390769198414,160.77670288085938,152.97103881835938,164.34632873535156
2020-09-03,156.1123283745186,162.91843931990746,155.16042393321058,161.87135314941406,130927.0,159.7962188720703,162.78519592285156,154.9238082885742,66.32682738307491,11.912600754900069,159.0156707763672,160.77670288085938,152.97103881835938
2020-09-04,153.8277785333061,161.72857454706417,153.8277785333061,159.72958374023438,55837.0,158.87286987304688,162.275927734375,156.15749740600586,63.5733683244939,11.12745203578703,161.87135314941406,159.0156707763672,160.77670288085938
2020-09-07,161.77619588904506,161.77619588904506,153.73260432618684,155.3984375,37687.0,159.358349609375,161.28119049072265,156.92881622314454,58.302397267844654,10.039993914346013,159.72958374023438,161.87135314941406,159.0156707763672
2020-09-08,158.96805838426772,167.63039551936274,154.35131554937115,165.2982177734375,494201.0,160.2626525878906,161.333544921875,158.26603088378906,65.37004273200513,9.863306987287842,155.3984375,159.72958374023438,161.87135314941406
2020-09-09,165.15543404797188,165.15543404797188,155.4460108590674,156.30271911621094,109133.0,159.72006225585938,160.11034545898437,159.12274398803712,56.070116607882056,8.894885063377615,165.2982177734375,155.3984375,159.72958374023438
2020-09-10,159.4440283260136,160.1103586737369,155.63640973912374,156.9690704345703,47036.0,158.73960571289064,159.26791229248047,159.99849700927734,56.56308873756539,8.087939956782861,156.30271911621094,165.2982177734375,155.3984375
2020-09-11,157.0642788768098,159.82479675619444,155.11287129487283,158.06378173828125,66569.0,158.4064453125,158.63965759277343,160.6695915222168,57.408687549644476,7.450875148700845,156.9690704345703,156.30271911621094,165.2982177734375
2020-09-14,159.15844834249577,178.48211488577837,157.58781154146558,173.86537170410156,324674.0,162.0998321533203,160.72909088134764,162.22119598388673,67.30323758754106,8.127365736238232,158.06378173828125,156.9690704345703,156.30271911621094
2020-09-15,175.00765445653988,175.00765445653988,162.77567537973587,170.0577392578125,140234.0,163.0517364501953,161.65719451904297,162.57339935302736,63.476514705558614,8.26101741752521,173.86537170410156,158.06378173828125,156.9690704345703
2020-09-16,169.2486330069127,194.9500560257661,168.01115417880058,189.85736083984372,489638.0,169.76266479492188,164.74136352539062,163.87750854492188,72.2971838320015,9.851044616900396,170.0577392578125,173.86537170410156,158.06378173828125
2020-09-17,188.4770853690848,194.04573233768065,182.76565853971857,184.5266876220703,199785.0,175.27418823242186,167.00689697265625,164.89604644775392,67.56602487262143,10.559290916794737,189.85736083984372,170.0577392578125,173.86537170410156
2020-09-18,186.4305142583073,196.47309576643588,180.86186676122117,185.811767578125,266581.0,180.82378540039062,169.6151153564453,165.94552154541014,68.10785440226033,11.096364442644585,184.5266876220703,189.85736083984372,170.0577392578125
2020-09-21,186.09732757909487,193.7125634902599,179.4339961568255,180.8142547607422,169420.0,182.21356201171875,172.15669708251954,166.71894378662108,63.65437738091666,10.992032257321,185.811767578125,184.5266876220703,189.85736083984372
2020-09-22,182.670480012714,191.66598976200345,163.8703648746322,184.3839111328125,257423.0,185.07879638671875,174.06526641845704,167.69940567016602,65.39497491292421,11.069784104684771,180.8142547607422,185.811767578125,184.5266876220703
2020-09-23,188.38189520364315,190.00014447755365,182.4324920640017,184.4790954589844,138847.0,184.00314331054688,176.88290405273438,168.4966247558594,65.44249883701906,11.012142460066855,184.3839111328125,180.8142547607422,185.811767578125
2020-09-24,180.76666760415415,183.47960137215023,173.4370054997171,174.43650817871094,113053.0,181.985107421875,178.62964782714843,168.94878005981445,56.60916344148648,10.040369052779539,184.4790954589844,184.3839111328125,180.8142547607422
2020-09-25,175.1504405405308,183.4320073784976,175.1504405405308,181.5281982421875,107087.0,181.1283935546875,180.97608947753906,169.80787353515626,60.64854144379055,9.73030682646106,174.43650817871094,184.4790954589844,184.3839111328125
2020-09-28,182.76569870283015,189.7146057772433,182.76569870283015,189.1910552978516,76069.0,182.8037536621094,182.50865783691407,171.61887435913087,64.49476501324557,9.987775937615396,181.5281982421875,174.43650817871094,184.4790954589844
2020-09-29,189.42901258015164,192.28472633764136,185.14544194391704,190.04774475097656,161627.0,183.9365203857422,184.50765838623047,173.08242645263672,64.9077199447452,10.14401584218652,189.1910552978516,181.5281982421875,174.43650817871094
2020-09-30,190.85687768583225,191.33282999926325,184.05076541373367,185.7165985107422,143259.0,184.18402099609375,184.0935821533203,174.41747283935547,61.042228162661814,9.805320160311226,190.04774475097656,189.1910552978516,181.5281982421875
2020-10-01,186.5733036933644,188.47711291472527,183.90796787847685,185.14544677734372,38227.0,186.3258087158203,184.15545806884765,175.58117752075196,60.530293524733565,9.382656793667024,185.7165985107422,190.04774475097656,189.1910552978516
2020-10-05,186.0973249166812,200.4234901745841,186.0973249166812,194.6168670654297,239318.0,188.94354248046875,185.0359680175781,177.3255416870117,65.67172869528946,9.700140312369541,185.14544677734372,185.7165985107422,190.04774475097656
2020-10-06,195.1404513513185,196.85388260962955,189.38142536987036,194.71209716796875,68766.0,190.0477508544922,186.42575225830078,179.29122467041014,65.72007954376747,9.845934754719423,194.6168670654297,185.14544677734372,185.7165985107422
2020-10-07,194.71207119198425,195.04522905684968,183.9555472816581,186.2401123046875,136767.0,189.28622436523438,186.6113723754883,180.33831939697265,57.9061029424824,9.172128932655227,194.71209716796875,194.6168670654297,185.14544677734372
2020-10-08,189.4290128696157,198.99565687680715,187.43000742635368,189.0958404541016,129746.0,189.96207275390626,187.073046875,181.97797546386718,59.64774233381366,8.767500076203163,186.2401123046875,194.71209716796875,194.6168670654297
2020-10-09,190.3809209489281,191.2852274184532,183.71758871571564,188.715087890625,112939.0,190.6760009765625,188.50090484619142,183.5652763366699,59.295475853888796,8.320195211227457,189.0958404541016,186.2401123046875,194.71209716796875
2020-10-12,191.3327989201424,191.3327989201424,180.195519499922,183.8127593994141,46954.0,188.5151794433594,188.72936096191407,184.85272521972655,54.807394486202696,7.483856702774062,188.715087890625,189.0958404541016,186.2401123046875
2020-10-13,184.19352497222675,195.9019534955984,179.90995462403544,193.7125701904297,281461.0,188.31527404785157,189.18151245117187,185.84508514404297,61.19497389370423,7.5330481144910095,183.8127593994141,188.715087890625,189.0958404541016
2020-10-14,194.99766361830905,194.99766361830905,188.7626855673924,190.1429443359375,124756.0,189.09584045410156,189.19103240966797,186.8493453979492,58.01106760232214,7.200985213745781,193.7125701904297,183.8127593994141,188.715087890625
2020-10-15,192.6654750997268,194.2361263220892,184.0983341501852,184.76467895507807,60110.0,188.22960815429687,189.09584045410156,186.59471130371094,53.49498567862243,6.429724047865449,190.1429443359375,193.7125701904297,183.8127593994141
2020-10-16,186.85887570326847,188.71508676648105,164.39392135515027,181.7185821533203,97532.0,186.83030700683594,188.7531539916992,186.45430603027344,51.070033105958494,5.509192916076955,184.76467895507807,190.1429443359375,193.7125701904297
2020-10-19,184.1935156886821,184.66946792560375,176.1023276610139,182.1469268798828,111814.0,186.49714050292968,187.50615997314452,186.27106399536132,51.403634891983685,4.759366190827961,181.7185821533203,184.76467895507807,190.1429443359375
2020-10-20,180.3859147388826,187.47760083023115,180.29071847259164,184.85986328125,86795.0,184.72659912109376,186.52093658447265,186.4733444213867,53.56310639192593,4.334073897470404,182.1469268798828,181.7185821533203,184.76467895507807
2020-10-21,188.47708519157476,188.47708519157476,176.19752332996626,185.4785919189453,40714.0,183.79372863769532,186.44478454589844,186.52807846069337,54.06445276017365,4.00083379944266,184.85986328125,182.1469268798828,181.7185821533203
2020-10-22,186.5256870026899,190.61887932641645,178.95804900557448,184.3363037109375,52784.0,183.7080535888672,185.96883087158204,186.52093887329102,52.92833562507079,3.6030319989309305,185.4785919189453,184.85986328125,182.1469268798828
2020-10-23,183.765176398827,185.71658363254463,182.76567371571207,184.28872680664065,60133.0,184.22208251953126,185.52619476318358,187.0135498046875,52.87849361561414,3.2465084192820086,184.3363037109375,185.4785919189453,184.85986328125
2020-10-26,181.0046576473507,183.95556777873367,177.05425928509425,179.90997314453125,100324.0,183.77469177246093,185.13591613769532,186.9326385498047,48.364385118287274,2.5808812950095046,184.28872680664065,184.3363037109375,185.4785919189453
2020-10-27,178.19653696344886,180.86187272971108,171.3428267965684,176.86387634277344,84354.0,182.1754943847656,183.4510467529297,186.31627960205077,45.457195070802115,1.78697333260439,179.90997314453125,184.28872680664065,184.3363037109375
2020-10-28,177.72060086587942,181.81379389520424,173.4846279445077,174.72210693359375,87280.0,180.02419738769532,181.90896301269532,185.54999771118165,43.47825103675747,0.9737479011261883,176.86387634277344,179.90997314453125,184.28872680664065
2020-10-29,171.3904309458742,173.86537426039845,164.96507471551587,166.4881134033203,65039.0,176.45455932617188,180.08130645751953,184.58857345581055,36.83845447564749,-0.3313341618614629,174.72210693359375,176.86387634277344,179.90997314453125
2020-10-30,170.3909268627195,177.05425919813314,166.91648081207572,170.2957305908203,115211.0,173.6559600830078,178.93902130126952,183.84608764648436,41.302510865087825,-1.0463169237536647,166.4881134033203,174.72210693359375,176.86387634277344
2020-11-02,171.72356089569072,174.24611646080265,164.91744973256456,166.10733032226562,86534.0,170.8954315185547,177.3350616455078,182.42061080932618,38.11160667098081,-1.928682164052418,170.2957305908203,166.4881134033203,174.72210693359375
2020-11-03,170.866870111548,173.5798039427821,166.58329955164845,171.91397094726562,85336.0,169.90545043945312,176.04047241210938,181.28070449829102,44.51188334210876,-2.134806878941191,166.10733032226562,170.2957305908203,166.4881134033203
2020-11-04,171.2475956024542,177.57776857194386,171.2475956024542,173.10382080078125,67694.0,169.58179321289063,174.80299530029296,180.6238899230957,45.74994317540666,-2.1770555204802235,171.91397094726562,166.10733032226562,170.2957305908203
2020-11-05,176.1023372043728,178.86285451815286,173.81777215330723,176.7210693359375,110713.0,171.62838439941407,174.04147186279297,180.0051513671875,49.44306201944224,-1.8967911197877356,173.10382080078125,171.91397094726562,166.10733032226562
2020-11-06,177.0542428460401,177.0542428460401,169.43900659459752,172.19952392578125,73063.0,172.00914306640624,172.83255157470703,179.17937316894532,45.292450079258685,-2.0162879768099344,176.7210693359375,173.10382080078125,171.91397094726562
2020-11-09,176.05475815233228,176.2927343094792,169.4390238886294,175.15045166015625,101750.0,173.81776733398436,172.35659942626953,178.74625778198242,48.34044204916839,-1.8515315870987195,172.19952392578125,176.7210693359375,173.10382080078125
2020-11-10,176.5782887315695,176.5782887315695,168.05874616944888,168.77267456054688,46873.0,173.18950805664062,171.54747924804687,177.49926300048827,42.791394583912336,-2.2101174140790363,175.15045166015625,172.19952392578125,176.7210693359375
2020-11-11,170.39091830349915,172.294727446555,166.58330001738744,170.24813842773438,147708.0,172.61837158203124,171.10008239746094,176.50452270507813,44.38201658607585,-2.348173381264246,168.77267456054688,175.15045166015625,172.19952392578125
2020-11-12,172.21050617155458,174.22075145404122,168.76439018146706,169.62591552734375,71703.0,171.1993408203125,171.4138626098633,175.7475845336914,43.8285834546836,-2.4792130925514755,170.24813842773438,168.77267456054688,175.15045166015625
2020-11-13,169.38658318753363,174.46004700953836,169.29086627410965,173.4070587158203,89264.0,171.44084777832032,171.7249954223633,175.3320083618164,48.066636522217095,-2.251996736302033,169.62591552734375,170.24813842773438,168.77267456054688
2020-11-14,174.6036305112488,176.13524719908995,173.45492529865754,174.22073364257812,10415.0,171.2549041748047,172.53633575439454,174.93569869995116,48.95908258728982,-1.9834059019344465,173.4070587158203,169.62591552734375,170.24813842773438
2020-11-17,175.89596912557892,178.52842580636988,172.49770394360502,175.2737579345703,143674.0,172.55512084960938,172.872314453125,174.45639343261718,50.15292592267511,-1.6663666334597451,174.22073364257812,173.4070587158203,169.62591552734375
2020-11-18,176.03952462721907,177.61900715557846,174.8429535935741,177.04464721679688,33096.0,173.91442260742187,173.26639709472656,174.03469619750976,52.17868630247891,-1.2577165899648435,175.2737579345703,174.22073364257812,173.4070587158203
2020-11-19,177.09250992133747,181.4001655680727,173.6942453231526,175.3215789794922,53151.0,175.05355529785157,173.12644805908204,173.5839599609375,50.047475880390714,-1.060668961257079,177.04464721679688,175.2737579345703,174.22073364257812
2020-11-20,176.99680455309965,176.99680455309965,171.82762285578133,175.08229064941406,49594.0,175.38860168457032,173.41472473144532,173.12363815307617,49.74361537021334,-0.9132880481588188,175.3215789794922,177.04464721679688,175.2737579345703
2020-11-23,173.83784514431267,189.53685122099543,171.5404200019284,184.89414978027344,311693.0,177.52328491210938,174.38909454345702,173.3728469848633,60.368940643554964,-0.0046984214958456505,175.08229064941406,175.3215789794922,177.04464721679688
2020-11-24,186.9522617868345,189.53685230605564,181.16085504505568,184.9420166015625,116090.0,179.45693664550782,176.0060287475586,173.77675399780273,60.41291226816836,0.7110315272631453,184.89414978027344,175.08229064941406,175.3215789794922
2020-11-25,185.46852043569584,186.18646309544692,179.0549022632357,179.9164276123047,79155.0,180.0312927246094,176.9728576660156,174.03647003173828,53.67885043571509,0.8627840004837992,184.9420166015625,184.89414978027344,175.08229064941406
2020-11-26,179.48565731237474,181.0651252540916,174.6993731173781,177.95404052734375,51367.0,180.5577850341797,177.80567016601563,174.60976638793946,51.27538093068551,0.8153023929477285,179.9164276123047,184.9420166015625,184.89414978027344
2020-11-27,179.00702935660172,192.40862513730983,176.70961877968384,189.7761688232422,90151.0,183.4965606689453,179.4425811767578,175.58378829956055,62.243317145094785,1.7118862694176755,177.95404052734375,179.9164276123047,184.9420166015625
2020-12-01,188.579614258456,191.16420503509823,184.51127232648423,185.08563232421875,79716.0,183.53485717773438,180.52907104492186,176.5327033996582,56.78198523866505,2.0206554972778292,189.7761688232422,177.95404052734375,179.9164276123047
2020-12-02,186.5693449020924,187.62233322712137,181.35229825153172,182.3095550537109,51065.0,183.00836486816405,181.23265075683594,177.05248260498047,53.77468079117469,2.0180878394379533,185.08563232421875,189.7761688232422,177.95404052734375
2020-12-03,181.87881074380985,186.665095237068,178.6719942906944,180.10787963867188,73679.0,183.0466552734375,181.53897399902343,177.402685546875,51.44746205033439,1.8174457628430503,182.3095550537109,185.08563232421875,189.7761688232422
2020-12-04,181.87880927081977,182.83606616171883,177.18825634804682,180.0121612548828,88512.0,183.45827941894532,182.0080322265625,177.56724014282227,51.34342908385194,1.63190026751235,180.10787963867188,182.3095550537109,185.08563232421875
2020-12-07,181.2565818721473,185.8992686125204,181.2565818721473,183.8890380859375,56316.0,182.28085327148438,182.88870697021486,178.15171585083007,55.28718785194048,1.7771992389754416,180.0121612548828,180.10787963867188,182.3095550537109
2020-12-08,184.60697708571772,193.36587083797448,183.64972029939116,192.3607482910156,389573.0,183.73587646484376,183.63536682128907,179.01223068237306,62.44957055508325,2.546590423985805,183.8890380859375,180.0121612548828,180.10787963867188
2020-12-09,195.23254430856795,201.0239515482995,191.9778766499423,196.81202697753903,128855.0,186.63637084960936,184.8223678588867,180.41419830322266,65.57030681997858,3.475456570437558,192.3607482910156,183.8890380859375,180.0121612548828
2020-12-10,199.0137087273121,199.0137087273121,190.92489063796924,196.9556121826172,433253.0,190.00591735839845,186.52628631591796,181.74957199096679,65.66942033686689,4.175048450023496,196.81202697753903,192.3607482910156,183.8890380859375
2020-12-11,197.6256861386982,199.10943727044324,188.43602856708804,192.07359313964844,124829.0,192.41820373535157,187.93824157714843,182.87195587158203,59.40739653351219,4.286134033735493,196.9556121826172,196.81202697753903,192.3607482910156
2020-12-14,191.59496205316893,193.6052073790948,187.6223517740548,188.77105712890625,73773.0,193.3946075439453,187.83773040771484,183.64015579223633,55.548553926820354,4.060871900074773,192.07359313964844,196.9556121826172,196.81202697753903
2020-12-15,187.6223431265091,193.17443579340556,185.70782942113647,190.68556213378903,94752.0,193.05957031249997,188.39772338867186,184.46339721679686,57.28089084123831,3.9908307769400437,188.77105712890625,192.07359313964844,196.9556121826172
2020-12-16,191.0206172521905,197.1949213338016,190.3026745774315,194.3231506347656,49721.0,192.56179504394532,189.59908294677734,185.41586685180664,60.43582517268493,4.180653700180869,190.68556213378903,188.77105712890625,192.07359313964844
2020-12-17,193.36589328071423,196.4769781973594,191.45137948585565,191.9300079345703,1570380.0,191.55667419433593,190.7812957763672,186.1601348876953,57.430769760632025,4.09082661609267,194.3231506347656,190.68556213378903,188.77105712890625
2020-12-18,189.05823075096987,208.1076365131189,188.57960231868893,198.6786651611328,1483629.0,192.8776885986328,192.6479461669922,187.32798919677734,63.01560097476862,4.512184586904965,191.9300079345703,194.3231506347656,190.68556213378903
2020-12-21,203.41707772244737,215.86141659487944,186.3779031142628,193.65306091308597,785924.0,193.85408935546874,193.62434844970704,188.25652770996095,57.01669701101121,4.389984543259544,198.6786651611328,191.9300079345703,194.3231506347656
2020-12-22,197.14706035118445,227.8271476516396,196.90774612045797,223.04086303710935,604394.0,200.3251495361328,196.6923599243164,190.16386337280272,73.12699477975892,6.5885415498040345,193.65306091308597,198.6786651611328,191.9300079345703
2020-12-23,224.4767342205532,256.35337605146964,223.0408489270315,250.70556640625,808031.0,211.60163269042968,202.0817138671875,193.4520408630371,80.52636061767947,10.44284555247205,223.04086303710935,193.65306091308597,198.6786651611328
2020-12-24,251.6149667253273,264.1550371963151,240.41504999031025,243.33468627929688,477002.0,221.882568359375,206.71962127685546,196.62295379638672,74.63018015463084,12.755602176315705,250.70556640625,223.04086303710935,193.65306091308597
2020-12-28,246.39790309291485,248.8867767025726,232.18264787981207,236.9210662841797,140624.0,229.5310485839844,211.2043685913086,199.57130508422853,69.83841391856177,13.910600190527845,243.33468627929688,250.70556640625,223.04086303710935
2020-12-29,240.84584647670783,245.34493646462957,235.72451612138727,240.36721801757807,142337.0,238.8738800048828,216.36398468017578,202.10085754394532,70.91887275093947,14.931894497312385,236.9210662841797,243.33468627929688,250.70556640625
2020-12-30,241.2287321912408,246.01501656011465,235.8202366970457,242.9517974853516,79757.0,242.85606689453124,221.59060821533203,204.99416580200196,71.73661859465497,15.768067094104879,240.36721801757807,236.9210662841797,243.33468627929688
2020-12-31,244.8662891173708,244.8662891173708,235.48516968033425,236.34669494628903,105674.0,239.98429260253906,225.79296264648437,207.69602279663087,66.58374284425096,15.716592235551502,242.9517974853516,240.36721801757807,236.9210662841797
2021-01-01,239.31423525822905,240.271492199262,236.5381959718663,238.30911254882807,134813.0,238.97917785644532,230.43087310791014,210.60608444213867,67.33449180218642,15.653702599730138,236.34669494628903,242.9517974853516,240.36721801757807
2021-01-04,238.3569626060196,244.72271500166048,236.63389730441892,242.99966430664065,74798.0,240.1948974609375,234.86297302246095,213.75545959472657,69.12027037605094,15.800215388815502,238.30911254882807,236.34669494628903,242.9517974853516
2021-01-05,239.40993929484029,263.24562854601066,237.54327678897724,256.5926818847656,512059.0,243.439990234375,241.1569351196289,217.39064178466796,73.62091343720186,16.819288458988467,242.99966430664065,238.30911254882807,236.34669494628903
2021-01-06,258.2679205361773,260.70894335378944,244.10052897134173,248.2646026611328,316738.0,244.50255126953124,243.67930908203124,220.18583450317382,67.16228638889794,16.761686527934017,256.5926818847656,242.99966430664065,238.30911254882807
2021-01-07,252.1414491655385,253.8645290283428,247.35516490190585,250.56198120117188,132214.0,247.34560852050782,243.66495056152343,222.87333221435546,67.9963719726738,16.70880710334535,248.2646026611328,256.5926818847656,242.99966430664065
2021-01-08,251.75857051690244,258.26790590203626,247.40306320653295,253.0987243652344,115119.0,250.30353088378905,244.6413543701172,225.68048782348632,68.93467313379557,16.679324876617414,250.56198120117188,248.2646026611328,256.5926818847656
2021-01-11,257.40634680629745,269.85068516418545,252.71579434480228,254.5345764160156,160536.0,252.61051330566406,246.40270538330077,228.80353698730468,69.48010925043195,16.580689393897273,253.0987243652344,250.56198120117188,248.2646026611328
2021-01-12,255.4918655578253,258.45936784609825,252.85940903346687,254.58248901367188,45676.0,252.2084747314453,247.82423248291016,232.09410858154297,69.49935353262595,16.31827924407034,254.5345764160156,253.0987243652344,250.56198120117188
2021-01-13,258.26790772906327,262.24054735448425,251.0406296012144,254.77392578125,47403.0,253.51033935546874,249.0064453125,235.29852676391602,69.58188344427761,15.941995259208511,254.58248901367188,254.5345764160156,253.0987243652344
2021-01-14,258.3636036030581,258.3636036030581,249.5089782330224,254.5345764160156,38357.0,254.3048583984375,250.82523345947266,238.30909805297853,69.32929659213754,15.446417313053473,254.77392578125,254.58248901367188,254.5345764160156
2021-01-15,258.3636156709022,258.3636156709022,241.2765898145592,246.4457855224609,49732.0,252.97427062988282,251.63890075683594,241.03488693237304,61.23876602190365,14.236856773268983,254.5345764160156,254.77392578125,254.58248901367188
2021-01-18,246.5893871958916,246.97228411933557,226.5348431373704,236.39459228515625,81163.0,249.34627380371094,250.9783935546875,242.92068328857422,52.96722995405642,12.325147410937518,246.4457855224609,254.5345764160156,254.77392578125
2021-01-19,241.4201561686941,247.83377365143485,240.55863091227343,244.0526123046875,33048.0,247.24029846191405,249.7243865966797,245.4406608581543,57.65965833932193,11.297808084048569,236.39459228515625,246.4457855224609,254.5345764160156
2021-01-20,246.9722302998656,252.23714218610303,244.435505870037,247.8337554931641,101069.0,245.85226440429688,249.68130187988282,246.68030548095703,59.79267191358927,10.665792306403745,244.0526123046875,236.39459228515625,246.4457855224609
2021-01-21,247.8817081420572,250.32270177042253,240.65440037183825,242.8560943603516,51873.0,243.51656799316407,248.91071319580078,246.2878318786621,55.8068862589049,9.65199737820808,247.8337554931641,244.0526123046875,236.39459228515625
2021-01-22,241.22874085332305,246.73296807517468,236.4424563125825,237.8783416748047,109361.0,241.8030792236328,247.3886749267578,246.0150146484375,52.0689052004231,8.350633646122702,242.8560943603516,247.8337554931641,244.0526123046875
2021-01-25,239.26633106892615,241.27657616492664,229.50231475959404,236.34669494628903,33019.0,241.7934997558594,245.56988677978515,245.98629608154297,50.93831846827538,7.113700115335234,237.8783416748047,242.8560943603516,247.8337554931641
2021-01-27,236.3467175808154,250.56198807649835,231.17753627688387,246.97227478027344,48171.0,242.37743225097657,244.80886535644532,246.31654891967773,57.78623205097053,6.911149442753128,236.34669494628903,237.8783416748047,242.8560943603516
2021-01-28,234.5279397583008,243.1432518310547,234.5279397583008,239.3142242431641,57997.0,240.67352600097655,243.2628952026367,246.13467025756836,52.13790669220434,6.062797739704223,246.97227478027344,236.34669494628903,237.8783416748047
2021-01-29,242.18599854230385,245.53639773162425,238.45270243112216,239.50567626953125,30389.0,240.0034423828125,241.76000518798827,246.29261932373046,52.26353052706716,5.344315538681485,239.3142242431641,246.97227478027344,236.34669494628903
2021-02-01,238.35696273666247,241.659496046035,232.6134214658995,239.0749053955078,78626.0,240.2427551269531,241.02291717529297,246.33090896606444,51.93323946710032,4.686134764012991,239.50567626953125,239.3142242431641,246.97227478027344
2021-02-02,239.88857376910028,245.63211490061985,237.4475658668884,237.97406005859372,23952.0,240.56822814941407,241.1808639526367,246.07962875366212,51.04543034430795,4.029246098703936,239.0749053955078,239.50567626953125,239.3142242431641
2021-02-03,237.44757701947375,253.4337643317364,237.44757701947375,249.652587890625,216006.0,241.1042907714844,241.74086151123046,245.73262405395508,59.04439860514653,4.400292856373682,237.97406005859372,239.0749053955078,239.50567626953125
2021-02-04,251.27994243411644,264.9208535948256,249.93978858376707,257.837158203125,306516.0,244.80887756347656,242.74120178222657,246.21125183105468,63.54057202869213,5.293753413876999,249.652587890625,237.97406005859372,239.0749053955078
2021-02-05,261.8097489727004,262.8148569818468,252.52434582478452,259.990966796875,99126.0,248.90593566894532,244.4546890258789,246.68270111083984,64.64066586054474,6.105244240893853,257.837158203125,249.652587890625,237.97406005859372
2021-02-08,271.8609543408697,271.8609543408697,243.47829364756265,245.44065856933597,242835.0,250.17908630371093,245.21092071533204,246.29979782104493,53.00510439858412,5.510743870794045,259.990966796875,257.837158203125,249.652587890625
2021-02-09,245.6321262572815,252.8115530036177,242.66462402616344,245.6799774169922,67133.0,251.72026977539062,246.14424896240234,245.85706787109376,53.1544660509848,5.001257689807574,245.44065856933597,259.990966796875,257.837158203125
2021-02-10,247.83380998840187,249.7483238225543,239.50567773115495,241.9466857910156,74818.0,250.17908935546876,245.64169006347657,245.22527770996095,50.46021999031427,4.247280777961862,245.6799774169922,245.44065856933597,259.990966796875
2021-02-11,239.36208159240192,244.57912857613448,239.36208159240192,240.46292114257807,59405.0,246.70424194335936,245.75655975341797,244.50972747802734,49.38874201652015,3.489793074185002,241.9466857910156,245.6799774169922,245.44065856933597
2021-02-12,242.76033736490984,244.53125373233493,231.22538966897457,233.71424865722656,66212.0,241.4488983154297,245.1774169921875,243.46871109008788,44.735802990430926,2.3181944404949206,240.46292114257807,241.9466857910156,245.6799774169922
2021-02-15,236.34674912674737,238.35699468357933,231.99124143124936,232.80490112304688,45102.0,238.92174682617187,244.5504165649414,242.7866668701172,44.13247440884259,1.3013165687462447,233.71424865722656,240.46292114257807,241.9466857910156
2021-02-16,235.10229948819293,235.72451062792865,230.74677769029975,232.99632263183597,33465.0,236.38501586914063,244.05264282226562,242.61675338745118,44.302759984727835,0.5050576549007246,232.80490112304688,233.71424865722656,240.46292114257807
2021-02-17,232.99630484877025,236.39456949134535,231.08179120299044,232.85272216796875,79367.0,234.56622314453125,242.37265625,242.05675888061523,44.19393443141745,-0.1360028719237505,232.99632263183597,232.80490112304688,233.71424865722656
2021-02-18,229.83738753513023,236.1074085449335,229.83738753513023,232.23052978515625,87918.0,232.91974487304688,239.81199340820314,241.27659759521484,43.69313156709296,-0.6863419605499246,232.85272216796875,232.99632263183597,232.80490112304688
2021-02-19,230.2202635376113,233.7621108245663,225.9126078789034,228.01856994628903,49042.0,231.78060913085938,236.61475372314453,240.53472137451172,40.35895734128613,-1.44569454464758,232.23052978515625,232.85272216796875,232.99632263183597
2021-02-22,229.74163868728337,229.74163868728337,216.38790885990105,221.8921356201172,56696.0,229.59805603027343,234.25990142822266,239.73541107177735,36.04985433392338,-2.5128721616877385,228.01856994628903,232.23052978515625,232.85272216796875
2021-02-23,220.4084047692514,229.7416596943337,217.58449979015816,224.5246124267578,62556.0,227.90371398925782,232.1443649291992,239.1443069458008,39.06068255497499,-3.1103451116972565,221.8921356201172,228.01856994628903,232.23052978515625
2021-02-24,227.8271190607052,229.7416326662573,218.25455103294445,223.18441772460935,95062.0,225.97005310058594,230.26813812255858,237.95491409301758,38.07779406913908,-3.649915289663028,224.5246124267578,221.8921356201172,228.01856994628903
2021-02-25,233.09204134447825,233.09204134447825,221.36564501400653,222.0835876464844,39628.0,223.94066467285157,228.43020477294922,237.0933822631836,37.24868355621408,-4.1188764861571485,223.18441772460935,224.5246124267578,221.8921356201172
2021-02-26,220.1690882208064,221.74855627193185,215.7178494537573,217.2973175048828,74981.0,221.79641418457032,226.78851165771485,235.98296432495118,33.8024088361568,-4.821168187171679,222.0835876464844,223.18441772460935,224.5246124267578
2021-03-01,218.3981444876344,222.0835892028132,213.9469059777101,215.8614196777344,77166.0,220.59027099609375,225.0941635131836,234.8222900390625,32.82132506678465,-5.430999196261325,217.2973175048828,222.0835876464844,223.18441772460935
2021-03-02,217.2973025371586,228.7843846096075,215.8135515148179,226.77413940429688,146631.0,221.04017639160156,224.4719451904297,234.26229400634764,45.71633662662692,-4.976364946605656,215.8614196777344,217.2973175048828,222.0835876464844
2021-03-03,225.4339954604553,236.2031353709866,225.4339954604553,231.9912109375,97209.0,222.8015350341797,224.38579406738282,233.3792251586914,50.59846525340201,-4.147282663496213,226.77413940429688,215.8614196777344,217.2973175048828
2021-03-04,231.6561345570096,231.6561345570096,225.9125940308028,227.3006134033203,35158.0,223.84494018554688,223.8928024291992,231.85239791870117,46.54523428570603,-3.824633012350745,231.9912109375,226.77413940429688,215.8614196777344
2021-03-05,223.0408417989661,227.34849754186465,220.1690713037005,223.51947021484372,69650.0,225.08937072753906,223.4428924560547,230.0288230895996,43.51886966523311,-3.829888918797849,227.3006134033203,231.9912109375,226.77413940429688
2021-03-08,223.9981217416024,228.9758548589884,220.6477224847836,221.5571136474609,86740.0,226.22850952148437,223.40939025878907,228.83464584350585,41.99284751327905,-3.9469026010898176,223.51947021484372,227.3006134033203,231.9912109375
2021-03-09,223.13657483368343,224.52459432779867,214.99989170874164,221.22206115722656,88364.0,225.11809387207032,223.07913513183593,227.61175003051758,41.72382602714654,-4.020328874458784,221.5571136474609,223.51947021484372,227.3006134033203
2021-03-10,227.4442135892146,235.00653620280352,223.0886923798224,229.78948974609372,178421.0,224.67774963378906,223.73964233398436,227.00389022827147,50.46288515389599,-3.348599271012489,221.22206115722656,221.5571136474609,223.51947021484372
2021-03-12,230.79463472399107,240.27147179270457,230.6031716667803,234.09716796875,121089.0,226.037060546875,224.94100036621094,226.68560256958008,54.183169492155855,-2.440522267405214,229.78948974609372,221.22206115722656,221.5571136474609
2021-03-15,234.52793503848315,245.53638913212623,228.59294531800916,235.91595458984372,251531.0,228.51635742187494,226.80286407470703,226.79568786621093,55.69607164515505,-1.5561653145497871,234.09716796875,229.78948974609372,221.22206115722656
2021-03-16,236.1552482436853,246.0149961467584,236.1552482436853,243.478271484375,227463.0,232.9005889892578,229.5645492553711,227.32935638427733,61.40293969960358,-0.24229723380815926,235.91595458984372,234.09716796875,229.78948974609372
2021-03-17,245.58423909763772,248.79105546501268,232.4698374646468,235.05442810058597,242242.0,235.66706237792968,230.392578125,227.43226165771483,53.18464099094092,0.11786030577329143,243.478271484375,235.91595458984372,234.09716796875
2021-03-18,236.3945809132164,241.32446255324436,227.34850642114384,231.0818023681641,72451.0,235.92552490234374,230.3016372680664,227.3437156677246,49.79955086831669,0.08178726205244402,235.05442810058597,243.478271484375,235.91595458984372
2021-03-19,225.2425421132121,238.35695817586955,215.6699735117716,234.91082763671875,135962.0,236.0882568359375,231.06265869140626,227.47773056030275,52.91057013133163,0.358042166463008,231.0818023681641,235.05442810058597,243.478271484375
2021-03-22,238.3569312763957,239.6970848867238,229.9330689364764,237.44754028320312,93160.0,236.3945739746094,232.4554656982422,227.94917907714844,54.90443910570851,0.7727597851200301,234.91082763671875,231.0818023681641,235.05442810058597
2021-03-23,241.99453573225517,242.76034413715016,236.9210714822287,239.55352783203125,47621.0,235.60962524414063,234.2551071166992,228.83224868774414,56.54933646997862,1.2568736237450366,237.44754028320312,234.91082763671875,231.0818023681641
2021-03-24,237.4954252336744,250.4183924314941,235.5809115747381,240.79795837402344,283933.0,236.75833129882812,236.21269683837892,229.64591598510742,57.5350155222315,1.721112559080325,239.55352783203125,237.44754028320312,234.91082763671875
2021-03-25,238.02193360331464,241.0851675135028,231.4168665234578,234.3843688964844,147593.0,237.4188446044922,236.67218475341798,230.20591354370117,51.10097909506893,1.5535933328974068,240.79795837402344,239.55352783203125,237.44754028320312
2021-03-26,236.72961697308924,242.4731579529139,233.8578464831769,241.6116180419922,98670.0,238.75900268554688,237.4236297607422,231.18231506347655,56.944048248775495,1.981174003958131,234.3843688964844,240.79795837402344,239.55352783203125
2021-03-30,241.6116283583136,243.90905361228684,238.8355892754992,242.13812255859372,118338.0,239.697119140625,238.04584655761718,232.42435531616212,57.34393353571474,2.3355959839886395,241.6116180419922,234.3843688964844,240.79795837402344
2021-03-31,241.80307512188003,242.5688688816812,238.4048105380885,242.0902404785156,51393.0,240.20446166992187,237.90704345703125,233.73579635620118,57.29182001177479,2.582840890912422,242.13812255859372,241.6116180419922,234.3843688964844
2021-04-01,244.1004767840652,256.9755920487233,243.5739826383131,251.04058837890625,154609.0,242.25298767089845,239.5056594848633,234.94911880493163,63.89665528360025,3.4611050705458695,242.0902404785156,242.13812255859372,241.6116180419922
2021-04-05,248.88678689290848,262.4319657984864,245.2970736204146,258.7465209960937,269175.0,247.12541809082032,242.27213134765626,236.28688430786133,68.4243141025155,4.724479265412697,251.04058837890625,242.0902404785156,242.13812255859372
2021-04-06,260.80468163624846,266.8832402227312,256.5448762960663,258.9380187988281,266036.0,250.5906982421875,244.6748504638672,237.8687545776367,68.5299343487301,5.675738311006143,258.7465209960937,251.04058837890625,242.0902404785156
2021-04-07,260.32603596519346,265.1601718166578,255.06112280637893,259.60809326171875,74834.0,254.0846923828125,246.89090576171876,239.67318572998047,68.92167259524732,6.409799192074786,258.9380187988281,258.7465209960937,251.04058837890625
2021-04-08,261.3311422969518,262.5277134613152,253.86454991658988,255.5876007080078,125619.0,256.78416442871094,248.49431304931642,241.3747100830078,63.79073414491807,6.591148918632285,259.60809326171875,258.9380187988281,258.7465209960937
2021-04-09,255.5875815140537,262.1447968449678,255.5875815140537,260.0867004394531,117779.0,258.5933868408203,250.42318725585938,243.31794204711915,66.77184588096341,7.017021772219891,255.5876007080078,259.60809326171875,258.9380187988281
2021-04-12,254.96537000026444,256.54483797351395,241.42017669405783,245.91928100585935,60785.0,256.02793884277344,251.57667846679686,244.12443161010742,52.19831374766493,6.140552266542073,260.0867004394531,255.5876007080078,259.60809326171875
2021-04-13,246.01502990722656,251.75857146148087,238.1176602701269,246.01502990722656,92884.0,253.44334106445314,252.01701965332032,244.72032470703124,52.274128381284804,5.391519919279119,245.91928100585935,260.0867004394531,255.5876007080078
2021-04-15,242.18598222320912,247.54662640754077,237.83046064926225,241.80308532714844,27445.0,249.88233947753906,251.98351593017577,245.0146812438965,48.62098194613561,4.407233812679095,246.01502990722656,245.91928100585935,260.0867004394531
2021-04-16,248.8867681372103,248.8867681372103,240.55863689393496,241.99452209472656,27854.0,247.16372375488282,251.97394409179688,244.94049377441405,48.796132065455716,3.6011159064867115,241.80308532714844,246.01502990722656,245.91928100585935
2021-04-19,241.94666072387795,241.94666072387795,231.89546413594235,237.49542236328125,31661.0,242.64546813964844,250.6194274902344,245.06254348754882,44.920404456784766,2.5696011477706975,241.99452209472656,241.80308532714844,246.01502990722656
2021-04-20,239.3142016502116,244.10048568321585,232.18264136235123,235.0065460205078,20671.0,240.46292114257812,248.24542999267578,245.258780670166,42.89087598834164,1.5336082678970513,237.49542236328125,241.99452209472656,241.80308532714844
2021-04-22,229.83739423144533,238.8356035110736,229.83739423144533,233.37924194335935,54172.0,237.93576354980468,245.6895523071289,245.18220138549805,41.568467643473134,0.5746424867090241,235.0065460205078,237.49542236328125,241.99452209472656
2021-04-23,234.43219445081536,246.0150080662148,234.3843432940433,244.1004943847656,82638.0,238.39524536132814,244.1387924194336,245.51484909057618,52.05645788700482,0.6720239926515603,233.37924194335935,235.0065460205078,237.49542236328125
2021-04-26,244.2919345935989,250.0833412060012,240.750087323672,243.6697235107422,80839.0,238.73028564453125,242.94700469970704,245.7206588745117,51.65527246058447,0.7062981627112208,244.1004943847656,233.37924194335935,235.0065460205078
2021-04-27,243.71759462521723,247.4508904175109,239.31420736703183,240.79795837402344,26877.0,239.3907928466797,241.01813049316405,245.7206588745117,48.94705004646735,0.496015485467467,243.6697235107422,244.1004943847656,233.37924194335935
2021-04-28,241.8987791648478,245.05772937893897,238.64411203916532,239.84068298339844,24541.0,240.3576202392578,240.41027069091797,245.99347457885742,48.04283657780042,0.24924765321273412,240.79795837402344,243.6697235107422,244.1004943847656
2021-04-29,240.27148135356072,242.90393782257385,234.52793996662305,235.38946533203125,53420.0,240.7596649169922,239.34771423339845,245.68236694335937,43.97488494662348,-0.3020122861638299,239.84068298339844,240.79795837402344,243.6697235107422
2021-04-30,231.6561632799157,238.93132135778492,231.6561632799157,235.05442810058597,48190.0,238.95045166015626,238.6728485107422,245.32818222045898,43.675120463888064,-0.7571959803643153,235.38946533203125,239.84068298339844,240.79795837402344
2021-05-03,235.05442437385483,237.3039692259256,231.9912053499536,232.51768493652344,19955.0,236.7200439453125,237.72516479492188,244.84955444335938,41.375346176408655,-1.3075536458270562,235.05442810058597,235.38946533203125,239.84068298339844
2021-05-04,232.6134142384464,238.21337264607817,230.69890054101063,231.60829162597656,82203.0,234.88211059570312,237.1364517211914,243.8779396057129,40.55099445058313,-1.7963888484318034,232.51768493652344,235.05442810058597,235.38946533203125
2021-05-05,234.0492954494629,236.63388597482805,231.0339422709669,233.7621154785156,36570.0,233.66639709472656,237.0120086669922,242.62871932983398,43.425950989642544,-1.9870927158149527,231.60829162597656,232.51768493652344,235.05442810058597
2021-05-06,235.34159025237477,245.9192662129425,230.89033736597304,241.99452209472656,94000.0,234.98740844726564,237.8735366821289,241.78154449462892,52.81807214001915,-1.4571434491858781,233.7621154785156,231.60829162597656,232.51768493652344
2021-05-07,244.10051385443717,244.10051385443717,237.92620966061176,241.9466857910156,45645.0,236.36585998535156,237.6581558227539,240.89847412109376,52.76325788551868,-1.0291514103943484,241.99452209472656,233.7621154785156,231.60829162597656
2021-05-10,240.27148829381505,243.62188753297184,237.5433002135833,239.69712829589844,76373.0,237.80174865722657,237.26089630126953,240.10395050048828,50.128620292624525,-0.8615536712320591,241.9466857910156,241.99452209472656,233.7621154785156
2021-05-11,236.825318039486,248.5038622686532,236.825318039486,244.67483520507807,68739.0,240.41505737304686,237.648583984375,239.33335723876954,55.43174476621848,-0.32334459313634056,239.69712829589844,241.9466857910156,241.99452209472656
2021-05-12,246.0150212430811,246.4936496890793,241.46805100609805,243.1911163330078,92644.0,242.3008575439453,237.98362731933594,239.19694900512695,53.602090030575056,-0.016345315555469142,244.67483520507807,239.69712829589844,241.9466857910156
2021-05-14,243.66973289679348,247.25943146015248,241.5637707584118,244.96202087402344,92613.0,242.89435729980468,238.94088287353514,239.1442985534668,55.490480148274614,0.36563619369070466,243.1911163330078,244.67483520507807,239.69712829589844
2021-05-17,244.9620295889245,258.4593574307165,244.9620295889245,249.31756591796875,186531.0,244.3685333251953,240.36719665527343,239.5200225830078,59.8217600529985,1.0081935483870268,244.96202087402344,243.1911163330078,244.67483520507807
2021-05-18,250.22694492543343,256.4012635443402,248.98252265508043,255.0132293701172,144618.0,247.43175354003907,242.61675109863282,240.17095794677735,64.66420509198946,1.9544872093787546,249.31756591796875,244.96202087402344,243.1911163330078
2021-05-19,257.5021107331449,265.2558976052885,256.83201920582326,257.7892761230469,133104.0,250.0546417236328,245.23484954833984,241.18565063476564,66.76660642302839,2.8950630413366696,255.0132293701172,249.31756591796875,244.96202087402344
2021-05-20,258.69866227610123,261.66616433725665,255.5397263739052,258.3157653808594,55324.0,253.07957153320314,247.69021453857422,242.3511116027832,67.16561031079692,3.640988399860447,257.7892761230469,255.0132293701172,249.31756591796875
2021-05-21,258.45939661994566,260.900390347201,228.25793457507612,256.1141052246094,95283.0,255.30998840332032,249.1021728515625,243.48785476684571,63.72031989690982,4.00827909963138,258.3157653808594,257.7892761230469,255.0132293701172
2021-05-24,260.6132043056782,298.6641680197304,260.6132043056782,285.1189880371094,1051590.0,262.47027282714845,253.41940307617188,245.53877944946288,79.0018210477304,6.564143899598548,256.1141052246094,258.3157653808594,257.7892761230469
2021-05-25,285.2625243744935,301.2965756606437,282.5822170387887,295.313720703125,402358.0,270.53037109375,258.9810623168945,248.12097930908203,81.88934810621045,9.305052045014548,285.1189880371094,256.1141052246094,258.3157653808594
2021-05-26,299.5256745883652,313.02300255971943,296.8453669856568,307.90167236328125,267144.0,280.5528503417969,265.30374603271486,251.4761650085449,84.68904283437209,12.35061380653508,295.313720703125,285.1189880371094,256.1141052246094
2021-05-27,315.8947716518712,327.19039119537035,306.84868241475743,312.5443725585937,419945.0,291.39857177734376,272.2390716552734,255.11134948730464,85.5747692980314,14.966347808417595,307.90167236328125,295.313720703125,285.1189880371094
2021-05-28,320.68106425819684,320.68106425819684,304.69486220543365,308.1888732910156,172260.0,301.813525390625,278.56175689697267,258.75131988525385,80.84949957034345,16.497708149704863,312.5443725585937,307.90167236328125,295.313720703125
2021-05-31,309.6726119092553,310.9649145867488,299.04705431332223,303.5940246582031,141311.0,305.50853271484374,283.9894027709961,262.1782997131347,76.07693490879768,17.142943191119173,308.1888732910156,312.5443725585937,307.90167236328125
2021-06-01,301.58373100032287,307.9973629871047,295.40944241705427,297.9461669921875,159054.0,306.03502197265624,288.28269653320314,265.44972381591793,70.56315185886967,17.00256669247534,303.5940246582031,308.1888732910156,312.5443725585937
2021-06-02,295.74450083295886,306.94438789489345,293.2556273036981,303.30682373046875,161561.0,305.1160522460938,292.83445129394534,269.03465042114254,72.59349421254726,17.12645439838684,297.9461669921875,303.5940246582031,308.1888732910156
2021-06-03,304.4076526693572,318.7665042103646,300.86579093731206,313.78875732421875,248043.0,305.36492919921875,298.3817504882812,273.0359825134277,76.06920185626893,17.86450978914786,303.30682373046875,297.9461669921875,303.5940246582031
2021-06-04,313.7887976264381,324.51008650600147,313.7887976264381,319.005859375,156502.0,307.5283264160156,304.6709259033203,276.8865493774414,77.59240368942775,18.655353238505597,313.78875732421875,303.30682373046875,297.9461669921875
2021-06-07,323.36135680272673,330.5886636499968,321.78188882059527,327.9562072753906,126602.0,312.4007629394531,308.95464782714845,281.18702545166013,79.95019659629837,19.77635117819301,319.005859375,313.78875732421875,303.30682373046875
2021-06-08,331.2108823086353,368.4481693035923,324.36650142147937,359.9285888671875,588600.0,324.7972473144531,315.4161346435547,287.1985984802246,85.7275474933438,22.97975776871033,327.9562072753906,319.005859375,313.78875732421875
2021-06-09,365.6721671783478,403.0051894818964,351.8397921011261,361.7952880859375,724307.0,336.49494018554685,320.8054962158203,293.05462112426756,85.98152970147424,25.376582154586117,359.9285888671875,327.9562072753906,319.005859375
2021-06-10,365.5285482804521,380.5574638840825,365.1456513681411,374.1917114257813,280102.0,348.5755310058594,326.97023010253906,299.6046508789062,87.564182871107,27.954132670293063,361.7952880859375,359.9285888671875,327.9562072753906
2021-06-11,380.0309645887048,392.47530347951886,375.77115997543126,385.7745056152344,299237.0,361.92926025390625,334.7287933349609,306.6452751159668,88.83280124140533,30.578999047623313,374.1917114257813,361.7952880859375,359.9285888671875
2021-06-14,386.9232379726018,390.0343227955456,371.1763507988992,381.6583251953125,356134.0,372.6696838378906,342.53522338867185,313.262313079834,85.49498032497891,31.95868339468177,385.7745056152344,374.1917114257813,361.7952880859375
2021-06-15,386.157417673709,387.35398876789696,380.9882363894493,383.4292297363281,172113.0,377.36981201171875,351.0835296630859,319.68311309814453,85.74317807045898,32.816699887590005,381.6583251953125,385.7745056152344,374.1917114257813
2021-06-16,382.9984837335021,396.30434852991766,376.2019540392697,389.7950134277344,351848.0,382.9697570800781,359.7323486328125,326.2833999633789,86.6288821320683,33.62276735015064,383.4292297363281,381.6583251953125,385.7745056152344
2021-06-17,388.6463172431293,388.9334826395707,378.4993878468583,383.14208984375,135630.0,384.75983276367185,366.6676818847656,332.52471618652345,80.96750594164085,33.34041869616772,389.7950134277344,383.4292297363281,381.6583251953125
2021-06-18,389.55572999004977,389.55572999004977,358.6363127785428,377.15924072265625,279143.0,383.0367797851562,372.48302001953124,338.5769729614258,76.1480471323611,32.26199325451364,383.14208984375,389.7950134277344,383.4292297363281
2021-06-21,364.95418533269947,373.6652287793385,364.284093831742,366.1029052734375,165181.0,379.9256958007812,376.2976898193359,342.6261688232422,68.08288170141854,30.167428120465104,377.15924072265625,383.14208984375,389.7950134277344
2021-06-22,373.2344556976293,379.93525392995,366.9165543788089,369.5011596679688,137999.0,377.14008178710935,377.2549468994141,346.33554077148443,69.16392470695111,28.45368452702246,366.1029052734375,377.15924072265625,383.14208984375
2021-06-23,370.45839047348034,376.63270866663566,367.2037231181541,371.3199157714844,124342.0,373.4450622558594,378.2074096679688,349.5064529418945,69.7543773718493,26.93183536632057,369.5011596679688,366.1029052734375,377.15924072265625
2021-06-24,372.1814579463016,376.72842806139926,367.4430539858336,369.02252197265625,122130.0,370.62114868164065,377.69049072265625,352.3303604125977,67.98355291504149,25.249320018669607,371.3199157714844,369.5011596679688,366.1029052734375
2021-06-25,369.1182303800565,373.18657180714166,365.1934716312953,366.2464599609375,54859.0,368.4385925292969,375.73768615722656,355.2332397460938,65.80949550429082,23.421916209533435,369.02252197265625,371.3199157714844,369.5011596679688
2021-06-28,368.4481687380011,372.0857624243975,363.422570097969,369.3575744628906,134843.0,369.0895263671875,374.5076110839844,358.52141723632815,67.0800627768698,21.97145322863338,366.2464599609375,369.02252197265625,371.3199157714844
2021-06-29,368.2567446705892,381.7061925601717,367.0122931606774,376.2019653320313,134079.0,370.4296875,373.7848846435547,362.43420715332036,69.74390513293406,21.130654971294064,369.3575744628906,366.2464599609375,369.02252197265625
2021-06-30,379.0737316444622,390.5129632619274,379.0737316444622,382.2805480957031,317422.0,372.62181396484374,373.03343811035154,366.3828933715821,71.9173091022212,20.716005902146833,376.2019653320313,369.3575744628906,366.2464599609375
2021-07-01,385.7744890431501,389.1248878313661,376.2019210768189,386.492431640625,102486.0,376.1157958984375,373.36847229003905,370.0180770874024,73.34603247907881,20.491049268624693,382.2805480957031,376.2019653320313,369.3575744628906
2021-07-02,388.6463179249616,389.4599921671909,378.3558058124164,379.983154296875,136933.0,378.863134765625,373.65086364746094,373.0669418334961,67.6203416171804,19.562026371422235,386.492431640625,382.2805480957031,376.2019653320313
2021-07-05,382.9027741631967,382.9027741631967,372.0857824783517,373.5695190429688,97008.0,379.70552368164067,374.39752502441405,375.34760742187507,62.44757358668832,18.099601330608095,379.983154296875,386.492431640625,382.2805480957031
2021-07-06,377.1591958578531,377.1591958578531,365.6721137505073,368.54388427734375,107139.0,378.1739074707031,374.3017974853516,375.77837219238285,58.660835760668796,16.346658125526005,373.5695190429688,379.983154296875,386.492431640625
2021-07-07,368.54389122730606,373.0908613138768,365.09776068748346,367.2994689941406,96951.0,375.1776916503906,373.8997528076172,376.053581237793,57.7273866148903,14.687713277009266,368.54388427734375,373.5695190429688,379.983154296875
2021-07-08,368.0652634756906,379.3608827631522,367.82594926016674,375.2446899414063,200063.0,372.9281433105469,374.5219696044922,376.1062301635742,61.89640400111009,13.85439561340047,367.2994689941406,368.54388427734375,373.5695190429688
2021-07-09,375.34039927411175,378.7865296164971,369.4053953948282,370.98486328125,97149.0,371.12848510742185,374.9958099365234,375.366748046875,58.56168819371862,12.703811321575984,375.2446899414063,367.2994689941406,368.54388427734375
2021-07-12,373.3302197926741,374.2396256030759,368.11315760004913,371.1763916015625,53257.0,370.6498596191406,375.1776916503906,374.8426513671875,58.66950581942492,11.67286222593691,370.98486328125,375.2446899414063,367.2994689941406
2021-07-13,373.3301947223745,373.56950894976063,366.6293963555627,368.3045959472656,43024.0,370.602001953125,374.38795471191406,374.0864196777344,56.30395736714095,10.503025392532948,371.1763916015625,370.98486328125,375.2446899414063
2021-07-14,369.7882891492376,382.42409056014304,368.0652385991865,373.9523620605469,168019.0,371.9325805664063,373.5551361083984,373.294287109375,59.7417681333102,9.91732801479975,368.3045959472656,371.1763916015625,370.98486328125
2021-07-15,376.2645793264638,407.5276457042552,376.2645793264638,404.2038269042969,714118.0,377.7244079589844,375.32627563476564,374.34737396240234,72.30886587915421,11.758652586563812,373.9523620605469,368.3045959472656,371.1763916015625
2021-07-16,408.4910905393836,418.5106774459351,401.3617707828749,404.39654541015625,726025.0,384.4067443847656,377.7676147460937,375.70923919677733,72.36804297325452,13.082657615204596,404.2038269042969,373.9523620605469,368.3045959472656
2021-07-19,399.8203095104602,404.83011792027565,388.740951536074,391.7757263183594,281446.0,388.526611328125,379.58823547363284,376.9928802490234,62.889533084542684,12.964104389692011,404.39654541015625,404.2038269042969,373.9523620605469
2021-07-20,393.17262684371786,396.592764077116,372.6517152393873,386.621337890625,341855.0,392.18995971679686,381.39598083496094,377.84888916015626,59.46404864243359,12.312305442252466,391.7757263183594,404.39654541015625,404.2038269042969
2021-07-22,395.9665606585049,397.8452458820091,387.9219786675399,390.3787231445313,105935.0,395.47523193359376,383.70390625,378.8018295288086,61.1262856048274,11.961060014316558,386.621337890625,391.7757263183594,404.39654541015625
2021-07-23,395.0031697964654,402.7105487193232,382.33417157228126,383.5866088867188,309757.0,391.35178833007814,384.53809814453126,379.53003387451173,56.60741574854938,11.00773827084538,390.3787231445313,386.621337890625,391.7757263183594
2021-07-26,383.58659189835566,390.6195924947749,382.4786621075265,385.9951477050781,171323.0,387.6715087890625,386.03912658691405,380.51746826171876,57.79882167311804,10.327523610948163,383.5866088867188,390.3787231445313,386.621337890625
2021-07-27,392.4982729826256,392.4982729826256,383.249412224886,389.51165771484375,101323.0,387.21869506835935,387.8726531982422,381.5251724243164,59.54527268954301,9.957418637608896,385.9951477050781,383.5866088867188,390.3787231445313
2021-07-28,394.4251208004298,399.8202920676301,380.5518442571419,392.8354797363281,236913.0,388.4615234375,390.32574157714845,382.3568481445312,61.180551391720094,9.819123692830658,389.51165771484375,385.9951477050781,383.5866088867188
2021-07-29,387.1994093570038,397.1708358585798,382.86400908686767,390.4268798828125,323655.0,388.4711547851563,391.973193359375,382.76416473388673,59.30961431978845,9.406735087463801,392.8354797363281,389.51165771484375,385.9951477050781
2021-07-30,391.197646997767,396.833673820614,385.8025051720747,386.8140869140625,123592.0,389.116650390625,390.2342193603516,382.7802474975586,56.51775335644794,8.688239332618366,390.4268798828125,392.8354797363281,389.51165771484375
2021-08-02,391.05312114143015,391.05312114143015,381.8042608157167,382.4786682128906,71931.0,388.4133544921875,388.042431640625,382.9050231933594,53.276752921839815,7.680458667245716,386.8140869140625,390.4268798828125,392.8354797363281
2021-08-03,382.6713700928985,386.28420391401227,378.4322882217381,379.6365661621094,65037.0,386.43833618164064,386.828515625,383.20837554931643,51.20379881803006,6.576639934857269,382.4786682128906,386.8140869140625,390.4268798828125
2021-08-04,379.8774129200429,382.0933019196084,375.7347086619884,377.8060607910156,118376.0,383.4324523925781,385.9469879150391,383.671484375,49.85823330601699,5.490854004552773,379.6365661621094,382.4786682128906,386.8140869140625
2021-08-05,381.6597758685856,392.1129147337666,375.8310821398271,387.3921508789063,176170.0,382.8255065917969,385.64833068847656,384.6761184692383,56.33023602805058,5.34229553050443,377.8060607910156,379.6365661621094,382.4786682128906
2021-08-06,387.77749895696536,389.75250302963553,384.21282447310745,387.7293395996094,77413.0,383.00855712890626,386.06260375976564,385.30035095214845,56.542715929517136,5.191920948437144,387.3921508789063,377.8060607910156,379.6365661621094
2021-08-09,386.8622224610965,388.307355947169,380.0701068370818,385.3207702636719,177475.0,383.5769775390625,385.995166015625,386.0171463012695,54.50273500906057,4.8228023294385025,387.7293395996094,387.3921508789063,377.8060607910156
2021-08-10,387.19945274212137,405.3118113187192,384.0683299739632,395.5330505371094,435735.0,386.7562744140625,386.59730529785156,387.2349792480469,60.93781854862783,5.293300956543533,385.3207702636719,387.7293395996094,387.3921508789063
2021-08-11,401.69897327246304,407.33497067680713,382.96039621296205,392.9318237304688,440091.0,389.78142700195315,386.6069396972656,388.46634063720705,58.66185718124559,5.394097446691035,395.5330505371094,385.3207702636719,387.7293395996094
2021-08-12,393.5580544979014,412.1039358910094,393.36535825536765,407.5276794433594,282770.0,393.80853271484375,388.3170196533203,390.14510650634764,66.27359838371157,6.575939626077741,392.9318237304688,395.5330505371094,385.3207702636719
2021-08-13,412.0557414881204,420.1002944066873,403.6739554731397,406.2752075195313,183839.0,397.5177062988281,390.2631317138672,390.24867553710936,65.16475818576347,7.327032580379353,407.5276794433594,392.9318237304688,395.5330505371094
2021-08-16,406.0343439002832,424.86923828125,399.627562024196,411.863037109375,302060.0,402.82615966796874,393.2015686035157,390.6220001220703,67.75671371877976,8.277749562222823,406.2752075195313,407.5276794433594,392.9318237304688
2021-08-17,416.1020894371848,421.54541960356113,409.0209295847447,413.2118225097656,178062.0,406.3619140625,396.5590942382813,391.6938049316406,68.36851818230564,9.035875382647248,411.863037109375,406.2752075195313,407.5276794433594
2021-08-18,414.2716026132861,417.6917401301484,404.6373792966981,406.2270202636719,156527.0,409.0209533691406,399.4011901855469,392.674089050293,61.82606137203909,8.96968346297632,413.2118225097656,411.863037109375,406.2752075195313
2021-08-20,403.67395991776783,408.057519798353,397.0745110173692,399.38671875,86230.0,407.39276123046875,400.6006469726563,393.1244888305664,56.1583840844062,8.269940003876002,406.2270202636719,413.2118225097656,411.863037109375
2021-08-23,404.5410519828781,406.22704114996674,383.4902670735371,399.0013732910156,125355.0,405.9379943847656,401.7278503417969,393.8952270507813,55.84778571217204,7.5967238098028815,399.38671875,406.2270202636719,413.2118225097656
2021-08-24,399.8202684807055,404.1556689823035,394.7623012288411,397.4117126464844,52805.0,403.0477294921875,402.93694458007815,394.46605529785154,54.50845657234693,6.8558923378479335,399.0013732910156,399.38671875,406.2270202636719
2021-08-25,399.77217290627885,405.5527078306661,394.232493603741,395.3404235839844,52775.0,399.47344970703125,402.91768188476567,394.7574935913086,52.733890614387526,6.032107956397795,397.4117126464844,399.0013732910156,399.38671875
2021-08-26,395.34036765249664,400.5428424681516,388.9336148979718,390.4750671386719,58170.0,396.32305908203125,402.67200622558596,394.6394729614258,48.72146295164725,4.929831269237866,395.3404235839844,397.4117126464844,399.0013732910156
2021-08-27,391.14946481190987,394.81045789445056,388.54821276815153,392.0647277832031,72956.0,394.85866088867186,401.12571105957034,394.7213653564453,50.05852994085427,4.136854300579614,390.4750671386719,395.3404235839844,397.4117126464844
2021-08-30,395.9184238948014,403.2404101856972,394.2324347933657,397.31536865234375,74422.0,394.5214599609375,400.22972717285154,395.2464294433594,54.2974082142634,3.8872869522963924,392.0647277832031,390.4750671386719,395.3404235839844
2021-08-31,397.89346599215577,411.3813800935848,397.89346599215577,401.21728515625,304069.0,395.28257446289064,399.16515197753904,396.18336029052733,57.204370408906556,3.958721406775908,397.31536865234375,392.0647277832031,390.4750671386719
2021-09-01,401.74715946472463,403.8185118406937,393.2690537113686,394.3769836425781,72158.0,395.0898864746094,397.2816680908203,396.9203811645508,51.07155879047352,3.4239098596873987,401.21728515625,397.31536865234375,392.0647277832031
2021-09-02,397.8934211925964,399.0495397459343,391.1494649011965,397.4598693847656,79996.0,396.4868469238281,396.4049530029297,397.90307159423827,53.49163135331466,3.21180725539449,394.3769836425781,401.21728515625,397.31536865234375
2021-09-03,398.9532030716152,405.0709409059117,397.459880780628,399.2422180175781,140160.0,397.92234497070314,396.3905029296875,398.4955749511719,54.881089667751944,3.151209866552904,397.4598693847656,394.3769836425781,401.21728515625
2021-09-06,403.1922661484781,403.1922661484781,393.50988298716,394.2806091308594,43894.0,397.3153930664063,395.9184265136719,398.82313842773436,50.36981448095801,2.672024196393977,399.2422180175781,397.4598693847656,394.3769836425781
2021-09-07,395.2921872361794,400.4946915629419,394.66596857501503,396.400146484375,65037.0,396.3519653320312,395.81726989746096,399.37710723876955,52.17825907518481,2.435223312687924,394.2806091308594,399.2422180175781,397.4598693847656
2021-09-08,400.78369966518096,400.78369966518096,384.40551963078656,385.03173828125,205732.0,394.4829162597656,394.7864013671875,398.85204162597654,43.105571006402165,1.3150621561140383,396.400146484375,394.2806091308594,399.2422180175781
2021-09-09,382.4786881350708,392.7391306896649,382.4786881350708,388.7890930175781,62165.0,392.74876098632814,394.6178039550781,398.64490509033203,46.42149242659675,0.7221885547890565,385.03173828125,396.400146484375,394.2806091308594
2021-09-13,388.7891138530158,396.3519858863372,388.5964470058316,393.7507629394531,79700.0,391.6504699707031,394.7864074707031,397.95605926513673,50.52234318485447,0.645259105298976,388.7890930175781,385.03173828125,396.400146484375
2021-09-14,397.8934315390221,397.8934315390221,393.07631977704847,393.8470458984375,50204.0,391.5637573242187,394.4395751953125,397.334651184082,50.60135728732722,0.5853140563547754,393.7507629394531,388.7890930175781,385.03173828125
2021-09-15,393.8470255592208,415.3313605489101,390.42688814537047,409.213623046875,814043.0,394.12645263671874,395.239208984375,397.20218048095705,61.24010431809323,1.7575021346202107,393.8470458984375,393.7507629394531,388.7890930175781
2021-09-16,419.570430845128,421.8826385906472,405.4081106266832,407.4794921875,159888.0,398.6160034179687,396.54945983886716,396.9155639648437,59.67810829577863,2.517519368016224,409.213623046875,393.8470458984375,393.7507629394531
2021-09-17,410.22519567862327,412.87460695259614,391.5829980537203,406.0343322753906,131985.0,402.06505126953124,397.4069061279297,396.9059295654297,58.34259424703845,2.9690013742064707,407.4794921875,409.213623046875,393.8470458984375
2021-09-20,392.1128462760431,413.4044833668722,392.1128462760431,396.3518981933594,176692.0,402.5852783203125,397.1178741455078,396.75418853759766,50.231766305665204,2.516503915256692,406.0343322753906,407.4794921875,409.213623046875
2021-09-21,394.0397169046321,399.8202506489544,388.01832758762976,395.0994873046875,139443.0,402.8357666015625,397.19976196289065,396.55909423828126,49.27748814786697,2.0333975854703112,396.3518981933594,406.0343322753906,407.4794921875
2021-09-22,394.1842661849591,425.64000143369344,394.1842661849591,420.5338745117188,367771.0,405.0998168945313,399.613134765625,397.71520233154297,64.16599175245125,3.660676818415425,395.0994873046875,396.3518981933594,406.0343322753906
2021-09-23,422.2679997540743,436.1894643240601,419.47408084904816,423.7613220214844,364532.0,408.35618286132814,403.48609313964846,399.136247253418,65.54792869900531,5.151353775850396,420.5338745117188,395.0994873046875,396.3518981933594
2021-09-24,428.81925522399945,441.15104843224447,425.3509291962699,428.5783996582031,218958.0,412.8649963378906,407.46502380371095,401.04141387939455,67.5588637200031,6.644826488156241,423.7613220214844,420.5338745117188,395.0994873046875
2021-09-27,430.6497771097764,430.6497771097764,408.3947156339073,415.138671875,220837.0,416.6223510742187,409.60381469726565,402.1951110839844,57.47843219947591,6.667086636309477,428.5783996582031,423.7613220214844,420.5338745117188
2021-09-28,415.1386874079943,417.8844470034388,398.6641592366444,402.61419677734375,125898.0,418.12529296875,410.48052978515625,402.4600524902344,49.992357608731744,5.609445301444907,415.138671875,428.5783996582031,423.7613220214844
2021-09-29,396.978167021823,402.0843231107297,391.6793441039662,395.2440185546875,179302.0,413.06732177734375,409.0835693359375,402.16138916015626,46.18070806252176,4.1289491802828024,402.61419677734375,415.138671875,428.5783996582031
2021-09-30,396.255595566106,399.772110618261,394.0397359508697,394.66595458984375,110262.0,407.2482482910156,407.8022155761719,402.1758377075195,45.88520322451776,2.8758494051934917,395.2440185546875,402.61419677734375,415.138671875
2021-10-01,394.5214335488741,398.2306153001096,380.8408250694371,382.7676696777344,297298.0,398.0861022949219,405.4755493164063,401.441227722168,40.185335733850025,0.9121519313775366,394.66595458984375,395.2440185546875,402.61419677734375
2021-10-04,388.2592167590377,393.07632862949725,386.33237201085393,391.6311950683594,170557.0,393.3846069335938,405.00347900390625,401.06067657470703,45.60597048271124,0.07030947528812703,382.7676696777344,394.66595458984375,395.2440185546875
2021-10-05,391.6311908601188,396.9300138606862,390.1860573145095,395.7738952636719,168102.0,392.01654663085935,405.0709197998047,401.13534088134764,47.97889405872762,-0.25958313968914126,391.6311950683594,382.7676696777344,394.66595458984375
2021-10-06,399.33856927475455,401.69896582351583,390.18605683058047,392.4019165039063,90184.0,391.44812622070316,402.2577239990234,400.93542938232423,46.21175396685633,-0.7840775608669333,395.7738952636719,391.6311950683594,382.7676696777344
2021-10-07,406.0825026308319,412.970966249526,404.9745728574166,409.83984375,236270.0,394.4829040527344,400.865576171875,402.1758346557617,55.367026597689836,0.20498884172616272,392.4019165039063,395.7738952636719,391.6311950683594
2021-10-08,418.4143546579367,424.86929677767176,410.3698007910251,419.3777770996094,227524.0,401.8049255371094,399.9455139160156,403.7052688598633,59.43416050983165,1.738423141256817,409.83984375,392.4019165039063,395.7738952636719
2021-10-11,420.63021086946384,420.63021086946384,408.4910831777851,411.3331909179688,118649.0,405.7453247070313,399.5649658203125,404.5843902587891,54.89090509801363,2.27828731994623,419.3777770996094,409.83984375,392.4019165039063
2021-10-12,409.4545076963132,409.4545076963132,401.0727213076499,401.7952880859375,71697.0,406.94960327148436,399.4830749511719,404.98180236816404,50.00978108586464,1.9144360964787666,411.3331909179688,419.3777770996094,409.83984375
2021-10-13,404.6374127202332,411.2368621174817,402.5660604163338,408.20208740234375,146001.0,410.10963745117186,400.7788818359375,404.9312255859375,53.0311403933249,2.118634244683676,401.7952880859375,411.3331909179688,419.3777770996094
2021-10-14,411.2850451957972,418.12535059032695,411.2368858329854,414.4161682128906,417088.0,411.02490234375,402.7539031982422,405.278059387207,55.82022262975456,2.7501847189654995,408.20208740234375,401.7952880859375,411.3331909179688
2021-10-18,420.05210537582633,429.5418205174467,412.4892347542786,414.367919921875,95027.0,410.02293090820314,405.91392822265624,405.6947387695312,55.79252025466298,3.2097992186896818,414.4161682128906,408.20208740234375,401.7952880859375
2021-10-19,416.1984496351392,426.55523975916174,414.2716049609024,417.0173645019531,251015.0,411.159765625,408.4525451660156,406.72801208496094,57.05294358052279,3.7446688448765713,414.367919921875,414.4161682128906,408.20208740234375
2021-10-20,420.0521381084736,420.0521381084736,399.0977023198055,400.78369140625,208496.0,410.9574462890625,408.9535247802734,407.01222229003906,48.01894655287864,2.8260580902959305,417.0173645019531,414.367919921875,414.4161682128906
2021-10-21,402.7105402145343,408.4910742845994,399.96478065099,402.0361328125,122015.0,409.72425537109376,409.9169464111328,406.08733520507815,48.69393432321849,2.1740528752080763,400.78369140625,417.0173645019531,414.367919921875
2021-10-22,398.85683584134256,403.4812511630348,389.27077210830095,398.3269653320313,67341.0,406.50641479492185,408.7656585693359,404.8156173706055,46.75748695024333,1.3425590430053944,402.0361328125,400.78369140625,417.0173645019531
2021-10-25,402.7105231341377,402.7105231341377,379.3475322585329,382.7676696777344,61566.0,400.1863647460938,405.1046478271484,402.525080871582,39.63672079932804,-0.5653934309207784,398.3269653320313,402.0361328125,400.78369140625
2021-10-26,387.29578311021857,390.5714132065093,384.1165011287957,385.802490234375,96254.0,393.9433898925781,402.55157775878905,401.05827178955076,41.50783805230155,-1.8116908127443025,382.7676696777344,398.3269653320313,402.0361328125
2021-10-27,390.6677571920312,398.3751358789269,382.47866733720434,391.2939758300781,169338.0,392.0454467773437,401.50144653320314,400.4922607421875,44.83976739136003,-2.329421354256567,385.802490234375,382.7676696777344,398.3269653320313
2021-10-28,393.9433955539245,408.8764420744183,393.2690175454021,403.9629821777344,108788.0,392.4308166503906,401.07753601074216,400.92820892333987,51.678503877885795,-1.697871598599761,391.2939758300781,385.802490234375,382.7676696777344
2021-10-29,400.591038378141,404.2520612871553,386.9586167464709,391.7275695800781,94175.0,391.1109375,398.8086761474609,400.7812896728516,45.77585446549336,-2.159763004680599,403.9629821777344,391.2939758300781,385.802490234375
2021-11-01,392.11286633952255,401.26537796169816,386.8140438214209,397.2671813964844,109493.0,394.01083984375,397.0986022949219,401.5062652587891,48.636331645517195,-2.0551246964017196,391.7275695800781,403.9629821777344,391.2939758300781
2021-11-02,402.0535523152852,402.0535523152852,393.0126888983793,394.4147338867188,41464.0,395.73328857421876,394.8383392333984,401.645442199707,47.2540151262233,-2.177268561675703,397.2671813964844,391.7275695800781,403.9629821777344
2021-11-03,400.3130587826027,400.3130587826027,388.8064815937236,390.7886962890625,36258.0,395.6322326660156,393.8388397216797,401.39618225097655,45.48428366673998,-2.5374097053737046,394.4147338867188,397.2671813964844,391.7275695800781
2021-11-04,391.127149022444,396.34861803967647,391.127149022444,395.0432434082031,34733.0,393.84828491210936,393.13955078125,401.5282485961914,47.94757262640256,-2.451261147993364,390.7886962890625,394.4147338867188,397.2671813964844
2021-11-08,399.15272335509104,406.11470146946,391.70730486668015,403.3589172363281,64518.0,396.1745544433594,393.6427459716797,401.20420227050784,52.468275849341346,-1.692472643551639,395.0432434082031,390.7886962890625,394.4147338867188
2021-11-09,405.14773908229057,428.35429215621656,399.2494009409361,420.0386047363281,476281.0,400.7288391113281,397.3698394775391,401.23724365234375,59.976761919723785,0.25188057381490125,403.3589172363281,395.0432434082031,390.7886962890625
2021-11-10,415.8324567742685,425.2601199962959,409.2572778177549,411.142822265625,182944.0,404.0744567871094,399.90387268066405,401.22772521972655,54.98773791451878,1.0627287313672582,420.0386047363281,403.3589172363281,395.0432434082031
2021-11-11,407.66179906753297,411.1427880228627,403.2138703750928,407.3233642578125,83439.0,407.3813903808594,401.5068115234375,401.50412902832034,52.95111802177184,1.3812116492666746,411.142822265625,420.0386047363281,403.3589172363281
2021-11-12,411.7229413194394,420.6187989865265,408.4837167042872,411.2394714355469,169322.0,410.6206359863281,402.2344604492188,401.65599822998047,54.79963556584541,1.9273910133744039,407.3233642578125,411.142822265625,420.0386047363281
2021-11-15,414.720489178157,414.720489178157,405.1477907168889,406.259765625,38861.0,411.2008056640625,403.68768005371095,401.24817810058596,52.00177395951353,1.9361032594735548,411.2394714355469,407.3233642578125,411.142822265625
2021-11-16,406.646458224461,433.76913312685673,405.969618174288,423.8580017089844,229859.0,411.9646850585938,406.3467620849609,401.7226821899414,59.810968399958185,3.3247131312426745,406.259765625,411.2394714355469,407.3233642578125
2021-11-17,427.8708540007537,464.1310958652243,421.1989753994232,459.9732666015625,664172.0,421.73077392578125,412.9026153564453,403.8704772949219,70.43996633224167,7.255756661737564,423.8580017089844,406.259765625,411.2394714355469
2021-11-18,464.6145588637643,484.96862919158485,440.3927294611152,453.2046813964844,1256578.0,430.90703735351565,419.1442138671875,406.4915267944336,66.87043882265164,9.713003267142028,459.9732666015625,423.8580017089844,406.259765625
2021-11-22,458.3294714051856,458.3294714051856,427.14566243299737,441.4563598632813,251339.0,436.9504150390625,423.7855255126953,408.46253814697263,61.08436142432356,10.590318938047915,453.2046813964844,459.9732666015625,423.8580017089844
2021-11-23,440.7794993142118,485.5971634799965,431.0134017519203,484.3884887695313,628915.0,452.57615966796874,431.88848266601565,412.76561431884767,70.96972249696596,14.581772337255757,441.4563598632813,453.2046813964844,459.9732666015625
2021-11-24,492.17232239891206,496.9103506811921,466.5967547458391,471.0930480957031,682230.0,462.0231689453125,436.9939270019531,417.18188323974607,65.42691478640923,16.48220041864016,484.3884887695313,441.4563598632813,453.2046813964844
2021-11-25,469.9327175499011,491.2053920068925,466.0166233737823,483.1314392089844,271946.0,466.65480346679686,444.1927886962891,422.04833068847654,67.87355323200957,18.743635951056206,471.0930480957031,484.3884887695313,441.4563598632813
2021-11-26,473.8004906793543,480.8108040618549,452.52781558762814,455.2835998535156,251391.0,467.0705871582031,448.9888122558594,425.24781188964846,57.70114402063635,18.080333175150372,483.1314392089844,471.0930480957031,484.3884887695313
2021-11-29,449.6269947380737,470.1261297424994,432.7538838847616,458.76458740234375,217758.0,470.5322326660156,453.74132385253904,427.9878921508789,58.53765707824413,17.632293446638926,455.2835998535156,483.1314392089844,471.0930480957031
2021-11-30,464.1310500124779,478.5868101444545,455.8637274875936,458.6678466796875,352485.0,465.3881042480469,458.9821319580078,431.33490600585935,58.503030147004885,17.072610143614497,458.76458740234375,455.2835998535156,483.1314392089844
2021-12-01,465.0979844431439,475.2991862277791,464.9529493933858,471.141357421875,158458.0,465.39776611328125,463.71046752929686,435.0286148071289,61.65278369011106,17.434590063486496,458.6678466796875,458.76458740234375,455.2835998535156
2021-12-02,473.8004917911055,476.74964631409625,465.38810390890137,472.4951171875,107420.0,463.2705017089844,464.9626525878906,438.932633972168,61.989990045831945,17.627500009778146,471.141357421875,458.6678466796875,458.76458740234375
2021-12-03,473.8005051389934,482.0194934934453,465.2430819505671,467.370361328125,148222.0,465.68785400390624,466.3792205810547,442.76171722412107,59.84461489247391,17.168944656868064,472.4951171875,471.141357421875,458.6678466796875
2021-12-06,473.8004862719822,474.1872562774111,448.7567521850523,452.33441162109375,237971.0,464.4018188476563,467.46702575683594,445.62627563476565,53.94559287063429,15.41457117403445,467.370361328125,472.4951171875,471.141357421875
2021-12-07,456.44387289925766,464.5178252839205,452.57611410503904,457.845947265625,177699.0,464.23743896484376,464.8127716064453,448.35062713623046,55.67053248013861,14.304064067400532,452.33441162109375,467.370361328125,472.4951171875
2021-12-08,465.58150212542193,470.367865819895,462.2939127888851,465.48480224609375,112690.0,463.1061279296875,464.2519470214844,450.62293701171876,58.017521723485004,13.880366713722992,457.845947265625,452.33441162109375,467.370361328125
2021-12-09,470.4162093541164,472.3017537541696,460.7468114228909,468.77239990234375,101442.0,462.36158447265626,462.8160430908203,453.50441589355466,59.02304775526907,13.652487782836374,465.48480224609375,457.845947265625,452.33441162109375
2021-12-10,468.38562756882055,468.77239758242337,461.2302790368572,463.7926635742188,112717.0,461.646044921875,463.6669494628906,456.327880859375,56.80375467649873,12.92112232895414,468.77239990234375,465.48480224609375,457.845947265625
2021-12-13,464.2277862917787,493.1392793145675,464.2277862917787,487.8694458007813,534512.0,468.7530517578125,466.5774353027344,460.15937957763674,63.87611335881907,14.121520942088921,463.7926635742188,468.77239990234375,465.48480224609375
2021-12-14,488.2078701442112,498.9409071889614,484.0983762381005,488.9330749511719,468405.0,474.97047729492186,469.6039581298828,464.2930450439453,64.15531598927745,14.985923081845783,487.8694458007813,463.7926635742188,468.77239990234375
2021-12-15,488.93306658106593,491.7371858849114,483.03472835036143,484.4851379394531,230664.0,478.7705444335937,470.93833618164064,467.32440185546875,61.99731808640037,15.137560289189423,488.9330749511719,487.8694458007813,463.7926635742188
2021-12-16,488.3045808788555,500.5847276865996,479.11865311974833,488.7397155761719,249175.0,482.7640075683594,472.5627960205078,468.7627243041992,63.270005477341435,15.423253066086488,484.4851379394531,488.9330749511719,487.8694458007813
2021-12-17,491.882231782329,504.6941826663863,473.026907839754,480.2305908203125,632780.0,486.0515930175781,473.84881896972655,470.1140197753906,59.01332820400919,14.792532291779594,488.7397155761719,484.4851379394531,488.9330749511719
2021-12-20,474.4289597645242,474.4289597645242,443.77698885946666,452.0443115234375,1025581.0,478.8865661621094,473.81980895996094,470.64341735839844,47.591411650835376,11.881323851853608,480.2305908203125,488.7397155761719,484.4851379394531
2021-12-21,462.1971862819435,469.7876689876779,452.09265440181423,458.5228271484375,195635.0,472.8045166015625,473.8874969482422,469.3501342773437,49.98743184266786,9.981867501748127,452.0443115234375,480.2305908203125,488.7397155761719
2021-12-22,459.7798925883388,492.1723771345204,459.7798925883388,485.3070983886719,238320.0,472.9689086914062,475.8697265625,470.0608367919922,58.4458867430135,10.516572995880722,458.5228271484375,452.0443115234375,480.2305908203125
2021-12-23,494.78304818101736,514.9920521692818,493.13923891450605,511.0759582519531,732747.0,477.4361572265625,480.10008239746094,471.45806274414065,64.64176059019312,12.871290360766181,485.3070983886719,458.5228271484375,452.0443115234375
2021-12-24,514.4119575061852,520.4553310671131,506.91817429063457,512.9615478515625,624868.0,483.9823486328125,485.0169708251953,474.34196014404296,65.05238311337318,14.719890425408664,511.0759582519531,485.3070983886719,458.5228271484375
2021-12-27,510.54415434415046,515.7656522568689,504.16237602177455,509.3354797363281,265450.0,495.4405822753906,487.16357421875,476.87050476074216,63.52457995135135,15.711216775404353,512.9615478515625,511.0759582519531,485.3070983886719
2021-12-28,514.4119226379943,526.8370742301247,511.511103525374,521.9540405273438,359267.0,508.1268249511719,490.4656707763672,480.034814453125,66.47529772619146,17.315460596759465,509.3354797363281,512.9615478515625,511.0759582519531
2021-12-29,523.9846717117206,524.85488207231,515.330549185729,516.9259643554688,78589.0,514.4505981445312,493.7097534179687,482.3240447998047,64.24509643125404,17.973919501810997,521.9540405273438,509.3354797363281,512.9615478515625
2021-12-30,515.8624069291322,531.0433742879625,510.3991732019596,523.8396606445312,159476.0,517.0033386230468,497.21974792480466,484.8912719726562,65.93731250265132,18.83649504875035,516.9259643554688,521.9540405273438,509.3354797363281
2021-12-31,526.7887930563038,531.6718272597077,521.1805540003947,526.5470581054688,190175.0,519.7204406738281,501.8513946533203,487.85010681152346,66.603877723482,19.513615915187813,523.8396606445312,516.9259643554688,521.9540405273438
2022-01-03,526.546998796938,552.122565518004,526.546998796938,548.68994140625,260034.0,527.5913330078125,511.5159576416016,492.6678833007812,71.51370818359743,21.588130180234657,526.5470581054688,523.8396606445312,516.9259643554688
2022-01-04,551.8325612788556,553.7664408985345,537.4734696923458,541.1478881835938,224700.0,531.4301025390625,519.7784637451172,496.8329803466797,67.85448325567,22.365798020498346,548.68994140625,526.5470581054688,523.8396606445312
2022-01-05,541.1478566318538,541.1478566318538,529.0127155120523,532.6871337890625,205324.0,534.5823364257812,524.5164672851563,500.19309692382814,63.904155873715936,22.04526907731787,541.1478881835938,548.68994140625,526.5470581054688
2022-01-06,522.1474329858005,546.3209252536617,519.5850191984812,540.519287109375,159353.0,537.91826171875,527.4608001708984,503.7804412841797,65.88416556278831,22.167701434254695,532.6871337890625,541.1478881835938,548.68994140625
2022-01-07,550.0436215447501,563.4357717223903,543.130038140277,558.0208740234375,382545.0,544.2130249023437,531.9667327880859,508.4918518066406,69.86247555425328,23.40713883030702,540.519287109375,532.6871337890625,541.1478881835938
2022-01-10,563.7258817147348,566.4816364317984,550.8172594882292,552.5577392578125,126305.0,544.9865844726562,536.2889587402344,511.7262664794922,67.22713705103287,23.675654372061047,558.0208740234375,540.519287109375,532.6871337890625
2022-01-11,553.5246375344983,566.1431886898789,546.3692602191093,553.3312377929688,225914.0,547.4232543945312,539.4266784667968,514.946174621582,67.41455807956527,23.677925356330206,552.5577392578125,558.0208740234375,540.519287109375
2022-01-12,558.7944751852962,559.8580852463682,549.5118186723764,555.7002563476562,123848.0,552.02587890625,543.3041076660156,518.5069305419922,68.01781964004405,23.598852247441187,553.3312377929688,552.5577392578125,558.0208740234375
2022-01-13,560.7766864344536,560.7766864344536,542.7432375635083,550.430419921875,114316.0,554.00810546875,545.96318359375,521.5914657592773,65.12932241874219,22.847581780614632,555.7002563476562,553.3312377929688,552.5577392578125
2022-01-14,547.3846336071232,549.7053128885169,536.6516247196603,539.1173095703125,72781.0,550.227392578125,547.2202087402344,524.5358016967773,59.3066517680064,21.096137919237094,550.430419921875,555.7002563476562,553.3312377929688
2022-01-17,539.3590285468218,544.1453925369734,527.7074153301702,531.3817749023438,202252.0,545.9921997070312,545.4893920898437,528.5026748657226,55.64351432592462,18.866432550978175,539.1173095703125,550.430419921875,555.7002563476562
2022-01-18,531.3817322185387,535.249491250634,513.2516117555916,516.974365234375,227171.0,538.7208251953125,543.0720397949219,531.4252517700195,49.509829073164745,15.755201276966204,531.3817749023438,539.1173095703125,550.430419921875
2022-01-19,515.3788642651729,515.3788642651729,485.93553835875554,495.75,274087.0,526.7307739257812,539.3783264160156,531.947396850586,42.1403244031052,11.444968707098155,516.974365234375,531.3817749023438,539.1173095703125
2022-01-20,499.3276767344085,501.9867608670587,480.1822532741325,486.0322265625,253166.0,513.8511352539062,533.9296203613281,530.6952102661132,39.25893392864103,7.1623718757815595,495.75,516.974365234375,531.3817749023438
2022-01-21,481.5360106796194,488.9814587927885,466.355044322601,471.6248779296875,303647.0,500.35264892578124,525.2900207519531,528.6283767700195,35.39485203616459,2.57613433209508,486.0322265625,495.75,516.974365234375
2022-01-24,464.13108715111775,465.9682668026923,427.3873760849877,435.70306396484375,783512.0,481.21690673828124,513.6045532226562,524.9467559814453,27.9960223747578,-3.911987186018223,471.6248779296875,486.0322265625,495.75
2022-01-25,430.2881904973671,452.18937002207423,417.13780394223255,446.4360961914063,354234.0,467.1092529296875,502.9150390625,521.1708587646484,32.53394514286249,-8.094495922181522,435.70306396484375,471.6248779296875,486.0322265625
2022-01-27,444.7922718848596,445.9042466628401,416.84771983556425,422.98779296875,434139.0,452.5568115234375,489.6437927246094,516.4739501953125,28.3328329092365,-13.149665178564874,446.4360961914063,435.70306396484375,471.6248779296875
2022-01-28,441.5047208624062,446.1460201229173,428.6927684462237,430.0464782714844,228304.0,441.3596618652344,477.6053985595703,511.78429107666017,31.21244831307206,-16.39732813102819,422.98779296875,446.4360961914063,435.70306396484375
2022-01-31,444.115410671573,466.0649545677503,436.6699923805617,459.1996765136719,226737.0,438.87462158203124,469.61363525390624,508.4169219970703,41.641920100678846,-16.429318013142222,430.0464782714844,422.98779296875,446.4360961914063
2022-02-01,467.5637065507558,468.9174458141737,448.22491145803656,456.3472290039063,187710.0,443.0034545898437,462.1101806640625,503.79978637695314,40.98710921679899,-16.49469828608312,459.1996765136719,430.0464782714844,422.98779296875
2022-02-02,461.1819453457628,463.7926650775393,456.5889813362736,460.891845703125,69024.0,445.8946044921875,456.5019287109375,499.7869842529297,42.537474845894366,-15.995414851143721,456.3472290039063,459.1996765136719,430.0464782714844
2022-02-03,464.1310958652243,470.8996743465922,457.7976520896943,459.9732666015625,112029.0,453.29169921875,452.92425537109375,496.1512908935547,42.29560237515153,-15.495231406217385,460.891845703125,456.3472290039063,459.1996765136719
2022-02-04,456.395540190508,462.1971784132687,446.1943381189503,452.0443115234375,158931.0,457.69126586914064,449.5254638671875,491.7275421142578,40.172236532186915,-15.559275193134454,459.9732666015625,460.891845703125,456.3472290039063
2022-02-07,452.04438012076895,457.2658494118753,433.8659227343506,438.9906921386719,138123.0,453.64946899414065,446.2620452880859,485.77603302001955,36.88883342317967,-16.47345263872728,452.0443115234375,459.9732666015625,460.891845703125
2022-02-08,439.95757601624535,441.8914554712618,425.888614784464,427.967529296875,170937.0,447.97352905273436,445.4884918212891,479.54652252197263,34.33662706329565,-17.881297500702885,438.9906921386719,452.0443115234375,459.9732666015625
2022-02-09,429.32124838610576,448.5633434818593,429.32124838610576,440.8761901855469,173502.0,443.97039794921875,444.9325012207031,473.92377014160155,39.60617158638489,-17.750783660696243,427.967529296875,438.9906921386719,452.0443115234375
2022-02-10,437.153522162842,450.4972805969421,437.153522162842,447.2580261230469,199294.0,441.42734985351564,447.3595245361328,468.5016586303711,42.080863263683284,-16.937148769258613,440.8761901855469,427.967529296875,438.9906921386719
2022-02-11,447.25794863273137,447.25794863273137,433.43072265814334,438.6521911621094,90026.0,438.74892578125,448.2200958251953,462.9127471923828,39.717438252330204,-16.79317494784516,447.2580261230469,440.8761901855469,427.967529296875
2022-02-15,417.71794488193166,438.7972182600106,410.90103189044646,432.75384521484375,160647.0,437.5015563964844,445.5755126953125,457.5945739746094,38.136482442402865,-16.959523055660952,438.6521911621094,447.2580261230469,440.8761901855469
2022-02-16,440.73116201421874,443.5836463116768,425.5985596003593,429.5630187988281,190494.0,437.820654296875,442.8970916748047,452.5036361694336,37.2721504786807,-17.151120711145666,432.75384521484375,438.6521911621094,447.2580261230469
2022-02-17,430.2882319858396,434.88119625984575,421.5857733614069,424.6799926757813,84066.0,434.5814147949219,439.2759063720703,447.88891754150393,35.93009979812645,-17.495307616726905,429.5630187988281,432.75384521484375,438.6521911621094
2022-02-18,417.7180004213957,423.9547740367075,409.9824818950736,412.5932312011719,66463.0,427.64845581054686,434.53790283203125,443.7310791015625,32.7834744813929,-18.529779097800997,424.6799926757813,429.5630187988281,432.75384521484375
2022-02-21,408.04856779035526,410.0791471336978,394.5114115129501,399.44281005859375,197524.0,419.80657958984375,429.2777526855469,439.4016082763672,29.732539154865876,-20.17813332257697,412.5932312011719,424.6799926757813,429.5630187988281
2022-02-22,378.89535838451576,405.6795725633903,378.89535838451576,402.8271179199219,294288.0,413.82123413085935,425.66139526367186,435.9617202758789,31.49934025619649,-20.969655426297493,399.44281005859375,412.5932312011719,424.6799926757813
2022-02-23,410.7559971420792,411.1427966519688,399.3461198081668,400.9899291992188,86919.0,408.1066162109375,422.96363525390626,434.22606353759767,31.043023925504514,-21.49737975962404,402.8271179199219,399.44281005859375,412.5932312011719
2022-02-24,386.8726020653913,386.920937249701,367.53380695598565,370.09619140625,151170.0,397.1898559570312,415.88563537597656,430.40906829833983,24.591633789229164,-24.130312326089665,400.9899291992188,402.8271179199219,399.44281005859375
2022-02-25,386.7759181315532,397.2672208126037,382.6664240014055,390.3536071777344,214053.0,392.74193115234374,410.1951934814453,428.77735900878906,34.241851900063196,-24.30218573028378,370.09619140625,400.9899291992188,402.8271179199219
2022-02-28,381.9412065145078,396.0101682674644,377.9767475831316,394.3180236816406,173090.0,391.71697387695315,405.76177673339845,426.9909362792969,35.96883821628822,-23.843646645163744,390.3536071777344,370.09619140625,400.9899291992188
2022-03-02,391.61059352976633,411.1427880228627,390.3535836749862,407.3233642578125,264924.0,392.61622314453126,403.21872863769534,424.3971206665039,41.405396862002064,-22.175206841398847,394.3180236816406,390.3536071777344,370.09619140625
2022-03-03,415.7840783347007,422.6009915364923,411.0944148052404,415.3973083496094,225366.0,395.49769897460936,401.8021575927734,422.34962463378906,44.55285920661714,-19.971240436922358,407.3233642578125,394.3180236816406,390.3536071777344
2022-03-04,410.9494202217283,430.2882164674567,403.0205019575152,423.6646728515625,156648.0,406.2113952636719,401.70062561035155,420.48826599121094,47.65353471151996,-17.357388787254536,415.3973083496094,407.3233642578125,394.3180236816406
2022-03-07,411.91634393250325,428.2576202196428,410.9494041580138,416.5093078613281,328283.0,411.4425354003906,402.0922332763672,418.31506805419923,45.29275590140576,-15.68249266451636,423.6646728515625,415.3973083496094,407.3233642578125
2022-03-08,420.5704375414306,438.4104574379498,420.4253729783927,436.33154296875,135310.0,419.8452392578125,405.78110656738284,417.52942962646483,52.33717905077316,-12.610273327140646,416.5093078613281,423.6646728515625,415.3973083496094
2022-03-09,444.502214242862,445.3724541148857,437.0567663750446,440.8761901855469,143855.0,426.55580444335936,409.5860137939453,417.6237045288086,53.80583463021607,-9.69702109592356,436.33154296875,416.5093078613281,423.6646728515625
2022-03-10,447.2579610618067,454.4133386827928,430.7716504409856,435.5580139160156,96133.0,430.58794555664065,413.042822265625,418.00322875976565,51.794559000518205,-7.7282931403066755,440.8761901855469,436.33154296875,416.5093078613281
2022-03-11,431.6902536861379,442.3749258849223,429.4179394219372,438.4588317871094,88181.0,433.54677734375,419.87908630371095,417.8823608398437,52.83029202567563,-5.866366471513231,435.5580139160156,440.8761901855469,436.33154296875
2022-03-14,439.4741172769417,443.10014134688345,435.2195882699419,436.8150329589844,85142.0,437.60792236328126,424.5252288818359,417.36021118164064,52.14655317298331,-4.471868087989776,438.4588317871094,435.5580139160156,440.8761901855469
2022-03-15,441.7947788017748,441.7947788017748,419.4584640214019,422.939453125,42701.0,434.92950439453125,427.3873718261719,416.57457427978517,46.657291557996956,-4.435234776111258,436.8150329589844,438.4588317871094,435.5580139160156
2022-03-16,431.351833448018,435.1228926156215,425.0667249991257,428.1125793457031,88114.0,432.3767822265625,429.46629333496094,416.34251098632814,48.820369105827965,-3.9433184397843775,422.939453125,436.8150329589844,438.4588317871094
2022-03-17,430.28818329275896,438.02370119465127,426.4204243418128,429.17620849609375,112249.0,431.1004211425781,430.84418334960935,416.3231704711914,49.27581204067553,-3.4281278914653512,428.1125793457031,422.939453125,436.8150329589844
2022-03-21,435.07456726808783,437.6852869776143,427.38738418794014,429.07952880859375,53528.0,429.224560546875,431.3856689453125,416.543147277832,49.23292538787134,-2.9931339282072713,429.17620849609375,428.1125793457031,422.939453125
2022-03-22,429.0795232093385,453.3980525385133,428.3543183813791,450.5939331054688,361523.0,431.9803405761719,434.79413146972655,418.44318237304685,57.99435190302574,-0.9019681278617213,429.07952880859375,429.17620849609375,428.1125793457031
2022-03-23,456.395540190508,459.24802412016186,446.677807970847,452.0443115234375,253755.0,437.8013122558594,436.3654083251953,421.07325744628906,58.514143709472634,0.862388177863636,450.5939331054688,429.07952880859375,429.17620849609375
2022-03-24,454.4616801373009,466.8868617619355,449.91705153246414,464.7595825195313,155109.0,445.130712890625,438.7537475585938,424.16988067626954,62.85388744752378,3.249214443543565,452.0443115234375,450.5939331054688,429.07952880859375
2022-03-25,468.772399256924,469.4492689146421,447.69312359933946,450.4005432128906,202332.0,449.3755798339844,440.2380004882813,426.6404113769531,55.76018917162108,3.936756508221322,464.7595825195313,452.0443115234375,450.5939331054688
2022-03-28,453.4947267894723,453.4947267894723,437.4918862936483,439.57080078125,71006.0,451.4738342285156,440.3491973876953,430.1141418457031,51.07797113307865,3.5666546668182377,450.4005432128906,464.7595825195313,452.0443115234375
2022-03-29,439.0873457488729,449.433583353883,436.81503143789024,440.8761901855469,94379.0,449.53028564453126,440.75531311035155,432.64027099609376,51.605480548811414,3.3401768271236847,439.57080078125,450.4005432128906,464.7595825195313
2022-03-30,444.7922903273793,448.0798796150236,434.7844578932813,439.1840515136719,69565.0,446.95823364257814,442.37977294921876,434.8835723876953,50.84021235537574,2.989686809924194,440.8761901855469,439.57080078125,450.4005432128906
2022-03-31,439.1840307965941,444.5988695990939,435.4129422973882,439.57080078125,108900.0,441.92047729492185,443.5255950927734,436.4959442138672,51.01899434525234,2.7118676575670406,439.1840515136719,440.8761901855469,439.57080078125
2022-04-01,439.9576050719561,453.3013623893556,437.0567856978553,451.5608825683594,100742.0,442.1525451660156,445.7640625,438.3041229248047,56.32234573756794,3.419772365574431,439.57080078125,439.1840515136719,440.8761901855469
2022-04-04,458.3294182587629,461.6653720305652,451.560840351988,456.10546875,179552.0,445.4594787597656,448.46665649414064,439.92616271972656,58.17100559810843,4.2979578878697,451.5608825683594,439.57080078125,439.1840515136719
2022-04-05,462.14887862912593,480.5207344083656,456.9273802217823,473.3653564453125,225670.0,451.9573120117187,450.743798828125,442.76896514892576,64.34354866836013,6.31387253900499,456.10546875,451.5608825683594,439.57080078125
2022-04-06,473.80049532935857,481.53601362045015,456.39557917440254,466.4034118652344,135671.0,457.40118408203125,452.17970886230466,444.27255859375,60.46752703701533,7.2659710879052,473.3653564453125,456.10546875,451.5608825683594
2022-04-07,468.4823509615839,475.34762970506495,462.72904712876624,468.6757507324219,101157.0,463.2221740722656,452.5713256835937,445.66253662109375,61.28724135530674,8.110383352512656,466.4034118652344,473.3653564453125,456.10546875
2022-04-08,471.8665920050868,479.3603749723808,468.67570267408985,473.1719665527344,103296.0,467.5443908691406,454.8484680175781,447.54323425292966,62.925355895261916,9.038206379081714,468.6757507324219,466.4034118652344,473.3653564453125
2022-04-11,476.5079277871712,485.0653510293602,468.57903903002375,479.6504821777344,115574.0,472.2533935546875,458.85643615722654,449.6028167724609,65.20969920294525,10.178938414096422,473.1719665527344,468.6757507324219,466.4034118652344
2022-04-12,484.2917593464787,484.2917593464787,415.2039053075614,445.0823364257813,459973.0,466.59678955078124,459.27705078125,450.0161819458008,48.158857708939514,8.199102160301493,479.6504821777344,473.1719665527344,468.6757507324219
2022-04-13,458.3294580617662,458.3294580617662,428.3543247286128,437.5402526855469,183277.0,460.82415771484375,459.1126708984375,450.7462219238281,45.37135487489956,5.952863632776143,445.0823364257813,479.6504821777344,473.1719665527344
2022-04-18,431.25515331158994,431.25515331158994,408.6771029483653,410.8043823242188,333697.0,449.2498840332031,456.23602905273435,449.8808120727539,37.16019071760822,1.9923752575119238,437.5402526855469,445.0823364257813,479.6504821777344
2022-04-19,416.55761499013056,426.1303417197511,400.7965095309764,411.2878112792969,99721.0,436.8730529785156,452.20872192382814,448.98639221191405,37.380865680060936,-1.0947124732160205,410.8043823242188,437.5402526855469,445.0823364257813
2022-04-20,412.1580741107944,419.7968923392097,401.6667717771513,405.96966552734375,98134.0,422.1368896484375,447.1951416015625,447.8308990478516,35.88780532627426,-3.9251351430507953,411.2878112792969,410.8043823242188,437.5402526855469
2022-04-21,411.9163683897035,420.3770919188347,407.4201040730976,417.0411376953125,184199.0,416.5286499023438,441.5627197265625,446.15325927734375,41.15709344291732,-5.21477751606858,405.96966552734375,411.2878112792969,410.8043823242188
2022-04-22,415.7841087973611,426.0336764508421,404.56760135597926,406.0663757324219,115019.0,410.23387451171874,435.5290161132813,443.85436248779297,37.83733655923485,-7.041233007454821,417.0411376953125,405.96966552734375,411.2878112792969
2022-04-25,402.2953020550769,403.5523415317343,391.8040285694327,396.8804626464844,143155.0,407.4490905761719,428.3494873046875,440.4604064941406,35.272775060379274,-9.124754074428154,406.0663757324219,417.0411376953125,405.96966552734375
2022-04-26,407.0816142922709,413.7534923302463,400.6998063612542,407.7584838867188,39973.0,406.7432250976563,421.8081390380859,438.328303527832,40.42253335844352,-9.785394195207061,396.8804626464844,406.0663757324219,417.0411376953125
2022-04-27,398.572552908504,407.420045189963,398.572552908504,403.9390563964844,224113.0,406.33710327148435,414.23699645996095,436.5467163085938,39.24198475061139,-10.496158942101431,407.7584838867188,396.8804626464844,406.0663757324219
2022-04-28,410.9494224986316,413.5601718097346,403.26223914489856,411.142822265625,45824.0,405.1574401855469,410.8430450439453,435.06004791259767,42.64436198274066,-10.358752176550468,403.9390563964844,407.7584838867188,396.8804626464844
2022-04-29,413.8502002041528,416.1708496306687,398.3791646825023,400.5547790527344,97389.0,404.05512084960935,407.1444976806641,433.12858428955076,39.172217113272275,-10.977679073212073,411.142822265625,403.9390563964844,407.7584838867188
2022-05-04,393.6412207898517,401.086639966596,387.0176768827553,391.7556762695313,90270.0,403.03016357421876,405.2396270751953,430.73782806396486,36.51164528332306,-12.039414281812583,400.5547790527344,411.142822265625,403.9390563964844
2022-05-05,394.0279749003102,405.0027477103088,394.0279749003102,401.8118286132813,131580.0,401.84083251953126,404.2920288085937,428.25037536621096,41.409461259420155,-11.931856616892048,391.7556762695313,400.5547790527344,411.142822265625
2022-05-06,392.577550391292,392.577550391292,375.3176694292531,381.8445129394531,92591.0,397.421923828125,401.8795135498047,424.5373275756836,35.54579613075023,-13.30444651588482,401.8118286132813,391.7556762695313,400.5547790527344
2022-05-09,375.7527626732896,377.3482072313448,360.475098141048,374.1573181152344,191233.0,390.0248229980469,397.59113159179685,419.57692565917966,33.57467083838675,-14.841443357017624,381.8445129394531,401.8118286132813,391.7556762695313
2022-05-10,372.0784296957037,378.7986732258295,361.10368638211423,363.6177062988281,94550.0,382.6374084472656,393.3462646484375,414.43764038085936,31.033693117433074,-16.71727665827916,374.1573181152344,381.8445129394531,401.8118286132813
2022-05-11,368.40405634691695,369.32266094179727,337.752053503565,351.2408752441406,139641.0,374.5344482421875,388.7823059082031,408.56589660644534,28.322900177958758,-18.983761902567096,363.6177062988281,374.1573181152344,381.8445129394531
2022-05-12,325.4235803492589,356.46235406588465,325.4235803492589,351.6276550292969,152770.0,364.49761352539065,383.1692230224609,402.4886810302734,28.532991192561425,-20.51230481021537,351.2408752441406,363.6177062988281,374.1573181152344
2022-05-13,352.0627775590921,362.844150135744,344.6173294970132,346.2611389160156,113031.0,357.3809387207031,377.40143127441405,395.8192138671875,27.33577707062345,-21.904220854472612,351.6276550292969,351.2408752441406,363.6177062988281
2022-05-16,348.43673634644387,355.68878429520294,343.4570026566943,350.4673156738281,98290.0,352.6429382324219,371.33388061523436,391.08846282958984,29.82125488979794,-22.409597149441538,346.2611389160156,351.6276550292969,351.2408752441406
2022-05-17,355.73713505769257,375.2209654982612,350.46733102266325,370.43463134765625,118217.0,354.0063232421875,368.3218658447266,387.7331817626953,40.26661122098756,-20.95733291483043,350.4673156738281,346.2611389160156,351.6276550292969
2022-05-18,374.2056768811583,387.6944979675473,369.37097821344304,376.42962646484375,90922.0,359.0440734863281,366.7892608642578,386.0144439697266,43.009293712804514,-19.10245582235575,370.43463134765625,350.4673156738281,346.2611389160156
2022-05-19,375.8494684980776,376.13953860099065,364.58459752688026,370.1445007324219,59338.0,362.7474426269531,363.6225280761719,383.9572784423828,40.889563106985236,-17.932890286138786,376.42962646484375,370.43463134765625,350.4673156738281
2022-05-20,381.9412081315577,382.2312782583202,369.03255633474646,370.7247009277344,51114.0,367.64015502929686,362.510546875,382.19503021240234,41.1777726845017,-16.765916812996352,370.1445007324219,376.42962646484375,370.43463134765625
2022-05-23,375.0759273915621,375.0759273915621,363.5693501373513,365.7449645996094,40205.0,370.6956848144531,361.6693115234375,379.6302215576172,39.40204579348176,-16.057800701376323,370.7247009277344,370.1445007324219,376.42962646484375
2022-05-24,373.1904195601216,373.1904195601216,356.89747837998647,361.4420776367188,164905.0,368.8971740722656,361.4517486572266,377.39900665283204,37.88190638148563,-15.66326423829912,365.7449645996094,370.7247009277344,370.1445007324219
2022-05-25,365.696625148016,365.696625148016,329.1946495960413,331.9020690917969,326371.0,359.9916625976563,359.5178680419922,374.1500869750977,29.474734718693597,-17.532123654134978,361.4420776367188,365.7449645996094,370.7247009277344
2022-05-26,335.2380228715635,343.74708086157904,327.21240524751806,342.103271484375,162192.0,354.3834167480469,358.5654296875,370.8673263549805,34.85180722147247,-17.98276233717246,331.9020690917969,361.4420776367188,365.7449645996094
2022-05-27,348.00162116950185,356.70407919573444,344.4239616861357,350.66070556640625,112574.0,350.37061767578126,359.00538635253906,368.2034088134766,39.04990394190189,-17.448250753667423,342.103271484375,331.9020690917969,361.4420776367188
2022-05-30,353.89990496012643,364.1011062641213,353.89990496012643,360.91021728515625,137008.0,349.40366821289064,360.0496765136719,365.6917785644531,43.72718040609966,-16.01300854112168,350.66070556640625,342.103271484375,331.9020690917969
2022-05-31,362.50568792300174,365.1164369185875,356.1238799960815,358.5412292480469,130315.0,348.82349853515626,358.86033630371094,363.5911010742187,42.90758948655632,-14.895025699026178,360.91021728515625,350.66070556640625,342.103271484375
2022-06-01,362.79580986466885,365.7449643300927,351.9660727459452,355.8338317871094,86405.0,353.60985107421874,356.8007568359375,361.79500885009764,41.9400941117849,-14.065344059521635,358.5412292480469,360.91021728515625,350.66070556640625
2022-06-02,357.9611043992189,362.5540681750964,354.7701855444665,359.5565490722656,34861.0,357.1005065917969,355.74196166992186,359.6822448730469,43.816038084342836,-12.95805086554384,355.8338317871094,358.5412292480469,360.91021728515625
2022-06-03,365.4065386161994,377.3965860408032,364.5846338977427,368.7424926757813,159477.0,360.7168640136719,355.5437408447266,359.02714385986326,48.2585682018897,-11.210061541599316,359.5565490722656,355.8338317871094,358.5412292480469
2022-06-06,369.3226638620308,369.3226638620308,355.1569723596763,356.5107116699219,45353.0,359.836962890625,354.6203155517578,358.14481353759766,43.34387552643483,-10.688558857590579,368.7424926757813,359.5565490722656,355.8338317871094
2022-06-07,340.1211032471716,356.462381339404,340.1211032471716,349.5487670898437,69216.0,358.03847045898436,353.4309844970703,357.4413665771484,40.797176684702414,-10.713535993514824,356.5107116699219,368.7424926757813,359.5565490722656
2022-06-08,351.48260936606886,358.5412579432713,350.273934643352,353.2714538574219,81862.0,357.5259948730469,355.5679229736328,357.5428955078125,42.734721880181375,-10.314046930588688,349.5487670898437,356.5107116699219,368.7424926757813
2022-06-09,353.8999517253825,357.2359056967496,350.4189626919255,356.1239013671875,22054.0,356.83946533203124,356.96998596191406,357.76770782470703,44.24054443302763,-9.655972257367921,353.2714538574219,349.5487670898437,356.5107116699219
2022-06-10,353.80325267029644,353.80325267029644,344.95575975832503,345.63262939453125,34053.0,352.2174926757813,356.46717834472656,357.7362823486328,40.067353558437695,-9.86725770200951,356.1239013671875,353.2714538574219,349.5487670898437
2022-06-13,333.5942322592749,336.7851218078557,323.2479645567547,326.5355834960937,132349.0,346.2224670410156,353.0297149658203,356.5396957397461,33.8145579808814,-11.443758418888876,345.63262939453125,356.1239013671875,353.2714538574219
2022-06-14,324.40832833617503,341.2814409726247,321.6042085980421,336.6884765625,66117.0,343.65040893554686,350.8444396972656,354.8523880004883,39.243149096343004,-11.738577956230415,326.5355834960937,345.63262939453125,356.1239013671875
2022-06-15,341.329743818602,343.94049303937555,337.41364949610204,339.00909423828125,37027.0,340.7979370117188,349.16196594238284,352.98136138916016,40.4455175682298,-11.65066845771804,336.6884765625,326.5355834960937,345.63262939453125
2022-06-16,347.518129389098,351.7726582544216,329.8231443204908,331.2251892089844,82831.0,335.8181945800781,346.3288299560547,351.03539581298827,37.74712681367135,-12.06996063691605,339.00909423828125,336.6884765625,326.5355834960937
2022-06-17,332.4338428434036,334.7545216311098,318.1714828781876,319.9603271484375,66785.0,330.68373413085936,341.4506134033203,348.49717712402344,34.191874805001135,-13.15953797146625,331.2251892089844,339.00909423828125,336.6884765625
2022-06-20,321.9909204518573,323.92479985397057,305.891380330996,311.3545837402344,148334.0,327.6475341796875,336.93500061035155,345.7776580810547,31.732955844113604,-14.549727232278599,319.9603271484375,331.2251892089844,339.00909423828125
2022-06-21,316.7211020326439,326.14876455715023,312.80500786438955,324.6016845703125,66666.0,325.23017578125,334.44029235839844,343.9356384277344,39.00464337237703,-14.416349211059469,311.3545837402344,319.9603271484375,331.2251892089844
2022-06-22,321.99093219975884,332.6272692994506,319.3801831081891,331.2735595703125,126490.0,323.6830688476563,332.2405029296875,343.90421295166016,42.33614133812997,-13.615332536758956,324.6016845703125,311.3545837402344,319.9603271484375
2022-06-23,337.4619634100731,342.2966620262633,331.2251903917244,340.84625244140625,90491.0,325.60728149414064,330.7127380371094,343.8413619995117,46.82390642089212,-12.068961266188182,331.2735595703125,324.6016845703125,311.3545837402344
2022-06-24,347.5665114397821,351.72434063906167,341.4747731956828,350.0321960449219,52701.0,331.6216552734375,331.15269470214844,343.8099365234375,50.78232605770944,-9.987096977384397,340.84625244140625,331.2735595703125,324.6016845703125
2022-06-27,354.77020985018163,365.3582125571169,352.7396303505235,360.6685485839844,208871.0,341.4844482421875,334.5659912109375,343.79785308837893,54.96284312495734,-7.393709688426213,350.0321960449219,340.84625244140625,331.2735595703125
2022-06-28,359.50821638623546,363.5693754688737,353.5615423434636,357.2359313964844,52443.0,348.01129760742185,336.62073669433596,343.73258819580076,53.3868280516065,-5.551421762593691,360.6685485839844,350.0321960449219,340.84625244140625
2022-06-29,352.9330213703768,364.39126371933895,348.48509245959343,358.2511901855469,80761.0,353.4068237304688,338.5449462890625,343.8534561157227,53.808706528337574,-3.9637804157330834,357.2359313964844,360.6685485839844,350.0321960449219
2022-06-30,355.83381803103043,362.070591047266,339.78261272898595,342.006591796875,70517.0,353.6388916015625,339.6230865478516,342.9759582519531,46.5491893270612,-3.970595979360496,358.2511901855469,357.2359313964844,360.6685485839844
2022-07-01,340.8946097637448,345.29420349540766,332.43388663592435,338.13885498046875,72744.0,351.2602233886719,341.44093933105466,341.4457763671875,44.99275641567532,-4.239224261239315,342.006591796875,358.2511901855469,357.2359313964844
2022-07-04,345.58427604030163,345.58427604030163,331.12854384333406,333.2074584960937,76355.0,345.76800537109375,343.6262268066406,340.2806137084961,43.01777106904466,-4.794765520596059,338.13885498046875,342.006591796875,358.2511901855469
2022-07-05,338.33223243253394,338.33223243253394,332.143823571936,332.6756286621094,51156.0,340.85594482421874,344.4336212158203,339.43695678710935,42.79957436516458,-5.217802613451568,333.2074584960937,338.13885498046875,342.006591796875
2022-07-06,335.1413145791492,335.4797493846233,326.1971221231016,328.6144714355469,63519.0,334.92860107421876,344.16771240234374,338.2041076660156,41.085799326820435,-5.813746751415181,332.6756286621094,333.2074584960937,338.13885498046875
2022-07-07,334.07765917098453,334.07765917098453,327.3574165969331,329.33966064453125,46583.0,332.39521484375,343.0170532226563,336.8648956298828,41.53598247275964,-6.156551176152391,328.6144714355469,332.6756286621094,333.2074584960937
2022-07-08,333.49748309228204,335.52806228159653,330.4999642422137,332.4822082519531,82925.0,331.2638854980469,341.2620544433594,336.2073745727539,43.5490382277126,-6.104282455611951,329.33966064453125,328.6144714355469,332.6756286621094
2022-07-11,331.66035265197473,331.66035265197473,317.44632573485427,326.5355834960937,139895.0,329.92951049804685,337.8487579345703,336.2073745727539,40.69363783119747,-6.468141330805679,332.4822082519531,329.33966064453125,328.6144714355469
2022-07-12,326.5355831499946,331.80538736910535,323.05459395881167,325.6653137207031,53628.0,328.52744750976564,334.6916961669922,335.6562164306641,40.27742241058896,-6.748928165751522,326.5355834960937,332.4822082519531,329.33966064453125
2022-07-13,330.4999734033451,335.2863366602127,325.6652749655627,334.31939697265625,103698.0,329.6684326171875,332.29851684570315,335.42173156738284,46.17321189686787,-6.201652769433679,325.6653137207031,326.5355834960937,332.4822082519531
2022-07-14,327.7354288161397,333.1976919164632,308.2273675770838,310.08062744140625,322879.0,325.8166259765625,329.1059204101563,334.36450347900393,35.57894941311456,-7.635778700515857,334.31939697265625,325.6653137207031,326.5355834960937
2022-07-15,314.0798004162133,314.0798004162133,299.05859852360857,302.17987060546875,327501.0,319.75615844726565,325.51002197265626,333.4754806518555,32.926941336158734,-9.302624021461043,310.08062744140625,334.31939697265625,325.6653137207031
2022-07-18,304.8134781694907,312.9093122428959,303.8380750393483,310.0318908691406,157787.0,316.455419921875,323.1924652099609,333.40934600830076,37.88250495570364,-9.876172169014524,302.17987060546875,310.08062744140625,334.31939697265625
2022-07-19,307.7396700654889,320.5174562973488,307.7396700654889,319.54205322265625,89913.0,315.23076782226565,321.8791076660156,333.15636444091797,43.342514978207916,-9.454338852782996,310.0318908691406,302.17987060546875,310.08062744140625
2022-07-20,327.24772013052655,328.4182156860549,321.541606389468,326.80877685546875,94769.0,313.7286437988281,321.6985382080078,332.9331253051758,47.16410398042227,-8.436419254225825,319.54205322265625,310.0318908691406,302.17987060546875
2022-07-21,328.51576195782604,331.83215641015465,325.3457017884081,329.7350158691406,67793.0,317.659521484375,321.7380737304687,332.3775634765625,48.66569011641988,-7.3093301972373865,326.80877685546875,319.54205322265625,310.0318908691406
2022-07-22,333.0514273987199,334.80714121426087,323.6875509263018,325.10186767578125,58637.0,322.2439208984375,321.0000396728516,331.1310470581055,46.41640873912058,-6.712581872318026,329.7350158691406,326.80877685546875,319.54205322265625
2022-07-25,323.39487629805205,327.1989720886774,322.32195673345456,324.4190673828125,25195.0,325.12135620117186,320.78838806152345,329.3185729980469,46.07840575345899,-6.2230157508394655,325.10186767578125,329.7350158691406,326.80877685546875
2022-07-26,323.83383874238723,325.73588675021085,309.6417351259657,311.4949951171875,58964.0,323.51194458007814,319.37135620117186,327.03152618408205,40.12274441294589,-6.799515115590339,324.4190673828125,325.10186767578125,329.7350158691406
2022-07-27,309.20279853407,319.2006808210549,308.4712461716077,317.8838806152344,54894.0,321.7269653320312,317.72780456542966,325.0131607055664,43.97757140832188,-6.664046371712288,311.4949951171875,324.4190673828125,325.10186767578125
2022-07-28,319.980941565084,323.34609381472706,317.8838310729159,321.2001953125,61367.0,320.02000122070314,318.8397613525391,323.9728408813477,45.9236729868841,-6.217417022490736,317.8838806152344,311.4949951171875,324.4190673828125
2022-07-29,324.8092067583372,332.2710339331817,324.2727470022984,327.589111328125,188474.0,320.5174499511719,321.3806854248047,323.44535369873046,49.55899925458284,-5.286982869888504,321.2001953125,317.8838806152344,311.4949951171875
2022-08-01,331.53951628502256,335.05097348895,326.5161961438894,334.12432861328125,64361.0,322.4585021972656,323.78992919921876,323.49119720458987,53.03685017725835,-3.9764318515706805,327.589111328125,321.2001953125,317.8838806152344
2022-08-02,334.1242997669672,334.1242997669672,325.2969141532423,326.3210754394531,112697.0,325.42371826171876,324.46783142089845,323.17346954345703,48.71755301929733,-3.526813137677607,334.12432861328125,327.589111328125,321.2001953125
2022-08-03,327.2477578799886,338.4648941411507,326.3699009955469,334.1731262207031,326300.0,328.6815673828125,325.2042663574219,323.45140228271487,52.876338093437454,-2.507981739540014,326.3210754394531,334.12432861328125,327.589111328125
2022-08-04,333.73415071676004,346.1217814740716,333.73415071676004,341.4886169433594,330687.0,332.7392517089844,326.37962646484374,324.05885009765626,56.42209631998544,-1.0975991136699008,334.1731262207031,326.3210754394531,334.12432861328125
2022-08-05,345.78040440512444,345.78040440512444,336.3189822790824,337.1968688964844,63133.0,334.6608032226562,327.58912658691406,324.2945831298828,53.861596512068445,-0.32245189641508887,341.4886169433594,334.1731262207031,326.3210754394531
2022-08-08,339.7328782333185,340.61076481208994,330.3690325511913,335.4898986816406,60414.0,334.9339172363281,328.6962097167969,324.74229888916017,52.83459676849172,0.1523632782718778,337.1968688964844,341.4886169433594,334.1731262207031
2022-08-10,336.5140619762527,336.5140619762527,325.49201909945856,327.6866760253906,88664.0,335.2070373535156,330.3153778076172,324.8433670043945,48.300646079736026,-0.09984616460326379,335.4898986816406,337.1968688964844,341.4886169433594
2022-08-11,330.66166875735644,344.1710083753153,330.66166875735644,334.66082763671875,83077.0,335.30457763671876,331.9930725097656,324.86043853759764,52.2450288298951,0.2600342712512429,327.6866760253906,335.4898986816406,337.1968688964844
2022-08-12,336.855435899906,336.855435899906,330.6616208248726,332.1247253417969,79315.0,333.4317993164062,333.0855255126953,325.9626434326172,50.72932928055575,0.33671836959075563,334.66082763671875,327.6866760253906,335.4898986816406
2022-08-16,333.58785857700343,335.4411185045988,325.97972634079525,327.39404296875,56367.0,331.4712341308594,333.06601867675784,327.2233520507813,47.93569906357466,0.015584885601299447,332.1247253417969,334.66082763671875,327.6866760253906
2022-08-17,328.02806961034366,334.22188560724595,326.2723558354945,330.7592163085937,51597.0,330.52509765625,332.72950744628906,328.2597183227539,50.043223132394374,0.03225384821132593,327.39404296875,332.1247253417969,334.66082763671875
2022-08-18,329.44237707723414,330.5640846209266,324.2727528670315,326.3210754394531,113026.0,330.2519775390625,332.72950744628906,328.5986694335937,47.3225346023285,-0.30909371592269963,330.7592163085937,327.39404296875,332.1247253417969
2022-08-19,328.22314906087064,333.83171698687363,319.9809808106638,323.6875305175781,193476.0,328.05731811523435,331.6809478759766,328.4426071166992,45.73364508226258,-0.7830921862522473,326.3210754394531,330.7592163085937,327.39404296875
2022-08-22,321.8830092695373,321.8830092695373,312.7142264740353,314.9576416015625,180841.0,324.6239013671875,329.02785034179686,327.7037384033203,40.83867525629311,-1.841935776691173,323.6875305175781,326.3210754394531,330.7592163085937
2022-08-23,310.1781791918896,314.71379755687366,306.66672215331045,313.68963623046875,71318.0,321.8830200195313,326.6771270751953,327.1331268310547,40.16620655125884,-2.7516747928009977,314.9576416015625,323.6875305175781,326.3210754394531
2022-08-24,314.0797853711262,317.98139761176134,311.1535761906499,312.5191345214844,88915.0,318.23500366210936,324.3800506591797,326.53813018798826,39.51929447650937,-3.5264485196117334,313.68963623046875,314.9576416015625,323.6875305175781
2022-08-25,315.9330628660111,319.4445200319643,314.2748954313531,316.0306091308594,114677.0,316.1769104003906,323.2144439697266,326.76491088867186,42.51068908767544,-3.813159892067631,312.5191345214844,313.68963623046875,314.9576416015625
2022-08-26,320.3223373112,320.3223373112,312.3240506196886,314.031005859375,76323.0,314.24560546875,321.1514617919922,326.57226715087893,41.25922913265208,-4.153849007334372,316.0306091308594,312.5191345214844,313.68963623046875
2022-08-29,297.5466878987996,306.27655708556165,297.5466878987996,304.5208435058594,168195.0,312.1582458496094,318.3910736083984,325.73829956054686,35.853231040264916,-5.132078798124894,314.031005859375,316.0306091308594,312.5191345214844
2022-08-30,306.3253221929143,315.0551915752265,305.49625339705733,312.86053466796875,143937.0,311.9924255371094,316.93772277832034,325.0018707275391,42.91659188037539,-5.174738412756881,304.5208435058594,314.031005859375,316.0306091308594
2022-09-01,310.8609850895967,315.5429081413316,308.66632807779456,314.0798034667969,66115.0,312.3045593261719,315.2697814941406,323.99964447021483,43.88937469891291,-5.051926201946571,312.86053466796875,304.5208435058594,314.031005859375
2022-09-02,315.0552004789966,317.3961619595082,312.0314449234881,312.9093017578125,105094.0,311.6802978515625,313.92860412597656,323.3290557861328,43.129507373965126,-4.991507355994827,314.0798034667969,312.86053466796875,304.5208435058594
2022-09-05,310.8609968957061,317.152329374978,310.08065651282004,314.469970703125,62311.0,311.7680908203125,313.00684814453126,322.3438980102539,44.509015386295516,-4.7627895710106145,312.9093017578125,314.0798034667969,312.86053466796875
2022-09-06,315.055203055932,316.66461222651384,310.7146473299642,315.2015075683594,32717.0,313.9042236328125,313.03123474121094,321.02954254150393,45.180265353705984,-4.470961703827527,314.469970703125,312.9093017578125,314.0798034667969
2022-09-07,312.1289765686784,314.56748419812124,309.30031367191253,310.2269287109375,68044.0,313.37750244140625,312.6849639892578,319.68104553222656,41.50361322772868,-4.5882030078649905,315.2015075683594,314.469970703125,312.9093017578125
2022-09-08,316.03061732013475,318.95682673976563,309.59295064355854,310.373291015625,265598.0,312.6361999511719,312.4703796386719,318.42521514892576,41.654056244988524,-4.616095891191492,310.2269287109375,315.2015075683594,314.469970703125
2022-09-09,315.1039811362184,323.2973915511069,310.5196041123037,320.5174865722656,115048.0,314.1578369140625,312.9190673828125,318.0667556762695,51.05051437525211,-3.776120631260085,310.373291015625,310.2269287109375,315.2015075683594
2022-09-12,323.7850805954784,332.90507603855855,321.2490265065558,329.7350158691406,196716.0,317.2108459472656,314.4894683837891,317.8204650878906,57.71440097961257,-2.3396861602667514,320.5174865722656,310.373291015625,310.2269287109375
2022-09-13,333.1001293580924,333.3439801116488,325.05305449072995,326.760009765625,168500.0,319.5225463867188,316.7133850097656,317.552229309082,55.10679116663577,-1.4249338717601745,329.7350158691406,320.5174865722656,310.373291015625
2022-09-14,316.81088902855805,321.541599629533,314.86008298831587,316.5182800292969,223970.0,320.78081665039065,317.07915954589845,317.00844116210936,47.20046346746621,-1.5090131247255272,326.760009765625,329.7350158691406,320.5174865722656
2022-09-15,317.98143895996634,319.6883945372054,310.1782134640162,311.1048583984375,160988.0,320.9271301269531,316.7816650390625,316.0257232666016,43.63673078326469,-1.9895303547273215,316.5182800292969,326.760009765625,329.7350158691406
2022-09-16,312.080220605212,312.080220605212,298.57088228591283,300.472900390625,98926.0,316.918212890625,315.53802490234375,314.73331451416016,37.62784098560424,-3.191464659714029,311.1048583984375,316.5182800292969,326.760009765625
2022-09-19,301.3995692400686,303.7893188317584,290.084886900969,293.108642578125,538699.0,309.5929382324219,313.4018920898437,313.2043701171875,34.122843855995185,-4.684243275048743,300.472900390625,311.1048583984375,316.5182800292969
2022-09-20,297.0102265168067,302.4237014972834,295.5471219526845,297.35162353515625,160141.0,303.7112609863281,311.6169036865234,312.3240692138672,37.72230648035,-5.461946065134157,293.108642578125,300.472900390625,311.1048583984375
2022-09-21,297.49792530911026,299.1561223733462,292.0356623664406,295.0594177246094,154222.0,299.41948852539065,310.10015258789065,311.3925582885742,36.560115256520774,-6.191866993077895,297.35162353515625,293.108642578125,300.472900390625
2022-09-22,292.620946372468,299.3024639346944,291.2065998915576,296.2299499511719,131190.0,296.4445068359375,308.6858184814453,310.5780990600586,37.61707760627245,-6.5998039870052025,295.0594177246094,297.35162353515625,293.108642578125
2022-09-23,293.6450752780746,299.20488455058216,290.8164123962653,291.9869079589844,186157.0,294.7473083496094,305.8327606201172,309.3759140014648,35.31989671322155,-7.182677585760814,296.2299499511719,295.0594177246094,297.35162353515625
2022-09-26,288.86564254564433,290.7189026133538,276.91695372540744,283.5497131347656,216698.0,292.8355224609375,301.2142303466797,307.8518493652344,31.23519959642303,-8.230543638162146,291.9869079589844,296.2299499511719,295.0594177246094
2022-09-27,290.0361225746902,290.0361225746902,281.89150060049195,283.7935485839844,89741.0,290.1239074707031,296.91758422851564,306.81548461914065,31.481820395268258,-8.938274684542762,283.5497131347656,291.9869079589844,296.2299499511719
2022-09-28,282.8669021511841,283.1595111776677,277.0144834859872,278.0874328613281,109286.0,286.72951049804686,293.0744995117187,305.0768295288086,28.872230490455735,-9.846092859046735,283.7935485839844,283.5497131347656,291.9869079589844
2022-09-29,281.94029575672107,283.20833783402173,272.6739649392042,273.8932189941406,69581.0,282.2621643066406,289.35333557128905,303.06750030517577,27.094414234252923,-10.779721391336352,278.0874328613281,283.7935485839844,283.5497131347656
2022-09-30,273.89318554221563,278.03864882269363,271.1620686995007,275.50262451171875,114330.0,278.9653076171875,286.85630798339844,301.1971664428711,28.903480498709442,-11.25996528399196,273.8932189941406,278.0874328613281,283.7935485839844
2022-10-03,276.9657114739481,277.30707873223514,271.16205134591985,271.9911499023437,105219.0,276.65359497070307,284.7445587158203,299.073225402832,27.311118211999116,-11.78802368401142,275.50262451171875,273.8932189941406,278.0874328613281
2022-10-04,277.0632316914429,283.5984442041264,274.52720750867223,279.98944091796875,100788.0,275.8927734375,283.0083404541016,297.3126220703125,35.964834090949935,-11.4293678915094,271.9911499023437,275.50262451171875,273.8932189941406
2022-10-06,282.7205830343568,291.06026729470994,282.7205830343568,287.9389953613281,173489.0,277.8630859375,282.2962982177734,296.198225402832,43.20243498933382,-10.383968065531747,279.98944091796875,271.9911499023437,275.50262451171875
2022-10-07,288.6705812750907,289.9873517465416,285.5980374631917,286.32958984375,87916.0,280.35036010742186,281.30626220703124,294.9960403442383,42.16342585817955,-9.574972424751707,287.9389953613281,279.98944091796875,271.9911499023437
2022-10-10,284.5738289308952,284.5738289308952,272.7226882809909,281.8427124023437,128805.0,281.6183776855469,280.2918426513672,293.0623016357422,39.32398964742579,-9.189954981577557,286.32958984375,287.9389953613281,279.98944091796875
2022-10-11,283.89106772272214,286.86606511516635,273.89318568801207,275.0149230957031,522793.0,282.22313232421874,279.43836364746096,290.3262969970703,35.41549007334534,-9.328241260172206,281.8427124023437,286.32958984375,287.9389953613281
2022-10-12,276.039084177173,277.50218886362444,272.430080710483,275.9903259277344,102275.0,281.4233093261719,278.6580413818359,287.7878128051758,36.38818989040694,-9.252470554405704,275.0149230957031,281.8427124023437,286.32958984375
2022-10-13,277.89234490222475,277.89234490222475,270.13790790348406,273.55181884765625,35336.0,278.5458740234375,278.20447998046876,285.6394897460938,34.97019956274619,-9.282189562778285,275.9903259277344,275.0149230957031,281.8427124023437
2022-10-14,278.03866413451783,283.744778682334,275.1612426180063,275.7464904785156,160524.0,276.42925415039065,278.3898071289062,283.87157135009767,37.33696098497149,-9.024620227699302,273.55181884765625,275.9903259277344,275.0149230957031
2022-10-17,275.7464658214972,276.81938540839155,272.33255500189506,274.96612548828125,484895.0,275.05393676757814,278.3361572265625,282.59623260498046,36.8237651029585,-8.782227554391795,275.7464904785156,273.55181884765625,275.9903259277344
2022-10-18,277.98988444010416,278.7701950159669,273.2591734357178,274.3321228027344,93256.0,274.91737670898436,278.57025451660155,281.65740661621095,36.38618384745745,-8.542812112278284,274.96612548828125,275.7464904785156,273.55181884765625
2022-10-19,274.1370419207196,275.69769290568235,262.3834459334513,265.6022644042969,82384.0,272.8397644042969,277.13153686523435,280.06993865966797,30.935100366806623,-8.954280887565858,274.3321228027344,274.96612548828125,275.7464904785156
2022-10-20,266.7727536576802,279.8431495288365,263.5539352643822,278.9165344238281,228601.0,273.91270751953124,276.2292907714844,279.2627944946289,44.57337931084675,-8.112506611517233,265.6022644042969,274.3321228027344,274.96612548828125
2022-10-21,280.3308428891479,280.9160906981571,270.6743582247868,273.5030212402344,79567.0,273.464013671875,274.94663391113284,278.126448059082,41.025998102069316,-7.792393838814064,278.9165344238281,265.6022644042969,274.3321228027344
2022-10-24,276.1853857279811,277.01448432812595,271.5522209372818,275.1612243652344,53860.0,273.50303344726564,274.2784851074219,277.28516387939453,42.53462470312901,-7.320512712464733,273.5030212402344,278.9165344238281,265.6022644042969
2022-10-25,273.6005600617849,274.1370198414048,265.3096339993065,267.6018371582031,158304.0,272.1569763183594,273.53717651367185,276.4877700805664,37.788740627543724,-7.47040867030222,275.1612243652344,273.5030212402344,278.9165344238281
2022-10-27,268.6747907390528,270.3329581176432,262.87113049663685,263.5539245605469,184255.0,271.7473083496094,272.2935363769531,275.47578887939454,35.504276185972756,-7.825626067619737,267.6018371582031,275.1612243652344,273.5030212402344
2022-10-28,263.55391982770016,265.6997887085656,255.84821180772647,256.531005859375,224990.0,267.27020263671875,270.591455078125,274.39796752929686,31.901000542412376,-8.574982203302568,263.5539245605469,267.6018371582031,275.1612243652344
2022-10-31,261.40803129398023,265.7973452522747,258.7744310122274,264.2366943359375,74447.0,265.41693725585935,269.4404754638672,273.9151412963867,39.19303391997214,-8.449665198048422,256.531005859375,263.5539245605469,267.6018371582031
2022-11-01,265.3646376375384,273.5546078608091,265.31560790859385,272.8680419921875,206362.0,264.95830078125,269.2306671142578,273.78341217041014,46.14894438515218,-7.56664932450974,264.2366943359375,256.531005859375,263.5539245605469
2022-11-02,273.1622746883721,275.1239427292222,268.99373010156575,273.9469299316406,155362.0,266.2273193359375,269.19214782714846,273.881201171875,46.96560327347233,-6.702533014464564,272.8680419921875,264.2366943359375,256.531005859375
2022-11-03,269.8764860415287,274.6335372264515,268.9447116426899,272.7699584960937,42688.0,268.0705261230469,269.9089172363281,273.5202270507813,46.14349089515298,-6.043026128068618,273.9469299316406,272.8680419921875,264.2366943359375
2022-11-04,272.67187764204147,273.9960096530983,266.8359028201555,268.8956604003906,104392.0,270.54345703125,268.9068298339844,272.56806030273435,43.44744478486479,-5.766512875671253,272.7699584960937,273.9469299316406,272.8680419921875
2022-11-07,259.3815553600866,272.4266351890475,257.51794687079735,265.953125,230439.0,270.8867431640625,268.15184020996094,271.5492370605469,41.46582414666691,-5.718888360853498,268.8956604003906,272.7699584960937,273.9469299316406
2022-11-09,266.44356932606183,274.63353980315634,266.44356932606183,268.9937438964844,80603.0,270.11188354492185,267.53509216308595,270.9067886352539,44.29323668547535,-5.373846696694386,265.953125,268.8956604003906,272.7699584960937
2022-11-10,266.83587718703524,270.6120940659304,265.16847735001585,267.5715026855469,38871.0,268.8367980957031,267.5320587158203,270.5346176147461,43.24109954316882,-5.155729629673601,268.9937438964844,265.953125,268.8956604003906
2022-11-11,274.6335280552721,281.2541577494617,274.2902301586672,276.3990173339844,412647.0,269.56260986328124,268.8165679931641,270.55505218505857,51.018228414944474,-4.221896233361235,267.5715026855469,268.9937438964844,265.953125
2022-11-14,278.40978531703377,282.23503259591524,276.2519381685963,279.9791259765625,108814.0,271.7793029785156,271.1613800048828,270.8764175415039,53.78402288442168,-3.156554891732924,276.3990173339844,267.5715026855469,268.9937438964844
2022-11-15,279.292503096843,281.15608185441226,274.3883327176184,277.1837158203125,90837.0,274.0254211425781,272.4560821533203,270.9482788085937,51.346062864359176,-2.508909295893261,279.9791259765625,276.3990173339844,267.5715026855469
2022-11-16,279.5376895651089,281.1070299492031,272.0833451901704,273.7998046875,156461.0,274.98663330078125,272.54925842285155,270.8899627685547,48.481194312259355,-2.2428447251789407,277.1837158203125,279.9791259765625,276.3990173339844
2022-11-17,271.6910507904225,273.35848076473604,268.7485484352915,270.2688293457031,47863.0,275.5260986328125,272.1814483642578,270.6867980957031,45.620831225234376,-2.29050333977483,273.7998046875,277.1837158203125,279.9791259765625
2022-11-18,270.7101782446452,281.205113794592,269.9255230343984,280.37139892578125,317451.0,276.32057495117186,272.94159240722655,271.42525482177734,53.98575526948942,-1.4958371215770399,270.2688293457031,273.7998046875,277.1837158203125
2022-11-21,280.37144880776947,280.37144880776947,273.06422238999386,274.0941162109375,74149.0,275.14357299804686,273.46143798828126,271.1841339111328,48.94745470649406,-1.3569407042691637,280.37139892578125,270.2688293457031,273.7998046875
2022-11-22,273.1132591923593,274.0940932638957,267.7677015294143,269.23895263671875,108266.0,273.55462036132815,273.79002075195314,270.970930480957,45.416927958956904,-1.619961509116422,274.0941162109375,280.37139892578125,270.2688293457031
2022-11-23,270.4159690174717,273.652709522624,269.58225405927163,273.16229248046875,56185.0,273.4271179199219,274.2068756103516,270.87098388671876,48.6407063582314,-1.4945978614570095,269.23895263671875,274.0941162109375,280.37139892578125
2022-11-24,274.6335374311736,288.3161845726916,273.4565245833965,286.6977844238281,424133.0,276.71290893554686,276.1195037841797,271.82578125,57.88278485007178,-0.29959168206596587,273.16229248046875,269.23895263671875,274.0941162109375
2022-11-25,288.6104241683856,290.3268837853598,285.3736837208777,288.1690368652344,265146.0,278.2724365234375,277.2965057373047,273.05653686523436,58.75165518911363,0.7574457379345176,286.6977844238281,273.16229248046875,269.23895263671875
2022-11-28,289.9345915246244,298.1735927049345,288.16907202926114,294.0540771484375,163656.0,282.2644287109375,278.70400085449216,274.9326904296875,62.11811783647566,2.046439001404849,288.1690368652344,286.6977844238281,273.16229248046875
2022-11-29,293.6617339553655,294.7896872237829,289.346069749035,289.83648681640625,148256.0,286.383935546875,279.9692779541016,276.2126800537109,58.43719851951389,2.6965668138032584,294.0540771484375,288.1690368652344,286.6977844238281
2022-11-30,289.64029199261284,301.06703297634704,289.1498749523729,299.301513671875,99548.0,291.6117797851563,282.5194488525391,277.5343536376953,63.64384506305175,3.93024098220053,289.83648681640625,294.0540771484375,288.1690368652344
2022-12-01,305.0394326491622,319.2124986472532,303.56818136628846,317.6431579589844,446065.0,297.8008544921875,287.2568817138672,279.7191650390625,71.17860445639802,6.3151568580397,299.301513671875,289.83648681640625,294.0540771484375
2022-12-02,318.7710389651649,326.5196213103981,315.38714980923305,325.0483703613281,456053.0,305.1767211914063,291.7245788574219,282.33308563232424,73.5610328929512,8.70244228735379,317.6431579589844,299.301513671875,289.83648681640625
2022-12-05,327.9418842815684,328.3832416628684,322.3020882588484,323.13580322265625,142038.0,310.99306640625,296.6287475585938,285.0450927734375,71.9077602728259,10.321080019630472,325.0483703613281,317.6431579589844,299.301513671875
2022-12-06,320.6837189015339,321.4683742034049,314.4063567558412,317.3979187011719,205141.0,316.50535278320314,301.44464416503905,287.6173324584961,67.0397776699591,11.01390135779576,323.13580322265625,325.0483703613281,317.6431579589844
2022-12-07,313.8668858599289,316.5641794102877,309.6983412821017,311.31671142578125,75825.0,318.90839233398435,305.2600860595703,289.7334808349609,62.23132865791527,10.946085001252584,317.3979187011719,323.13580322265625,325.0483703613281
2022-12-08,311.12059846836127,319.3105395198058,308.71754287324086,317.6921691894531,106667.0,318.91819458007814,308.3595245361328,292.23951416015626,65.0607177743563,11.276794344068605,311.31671142578125,317.3979187011719,323.13580322265625
2022-12-09,321.1250632045613,322.007807866382,300.7727565896704,303.4210205078125,307030.0,314.592724609375,309.8847229003906,293.59061431884766,55.10865659965064,10.268947417607592,317.6921691894531,311.31671142578125,317.3979187011719
2022-12-12,303.07774573393635,304.4018777940676,293.6617321129475,301.8026733398437,245360.0,310.3260986328125,310.6595825195312,294.6817916870117,54.09807030218535,9.233199796096642,303.4210205078125,317.6921691894531,311.31671142578125
2022-12-13,302.7834932835744,306.02023378320905,299.2524845995396,300.0371398925781,86607.0,306.85394287109375,311.6796478271484,295.824462890625,52.95711960735074,8.175654691756677,301.8026733398437,303.4210205078125,317.6921691894531
2022-12-14,300.6746998197453,308.8156413085686,300.6746998197453,306.3635559082031,83391.0,305.8633117675781,312.38585205078124,297.45265045166013,56.497619660736945,7.758595221605617,300.0371398925781,301.8026733398437,303.4210205078125
2022-12-15,306.36352383309526,306.36352383309526,295.7704980529563,298.1735534667969,79516.0,301.9595886230469,310.4388916015625,298.84788665771487,51.13250802984546,6.690088658821196,306.3635559082031,300.0371398925781,301.8026733398437
2022-12-16,292.38663717883003,301.9497691953509,291.9943095441754,296.7023010253906,150138.0,300.6158447265625,307.6042846679687,299.6644317626953,50.21009067298337,5.659334448677669,298.1735534667969,306.3635559082031,300.0371398925781
2022-12-19,299.93903981152914,299.93903981152914,291.11153338228974,294.98583984375,58462.0,299.2524780273437,304.78928833007814,300.7090179443359,49.09728502465879,4.650343968136042,296.7023010253906,298.1735534667969,306.3635559082031
2022-12-20,294.25021862082804,294.25021862082804,286.40354612427257,293.1712951660156,151541.0,297.8793090820312,302.3666259765625,301.90563507080077,47.888964574094736,3.662078985235553,294.98583984375,296.7023010253906,298.1735534667969
2022-12-21,294.5444822078687,301.5084106342477,292.9751715196842,294.0050354003906,209439.0,295.40760498046876,300.6354583740234,302.94777221679686,48.51593243332821,2.912573402112855,293.1712951660156,294.98583984375,296.7023010253906
2022-12-22,296.408075866699,299.2524887593537,287.5315093358219,290.5230712890625,151568.0,293.87750854492185,297.9185485839844,303.13903656005857,46.025404575538296,2.0143986896217143,294.0050354003906,293.1712951660156,294.98583984375
2022-12-23,284.785170553006,287.7767024129899,272.6718641277034,273.848876953125,103413.0,289.30682373046875,294.9613342285156,302.42302856445315,36.391326538277816,-0.042390718070009825,290.5230712890625,294.0050354003906,293.1712951660156
2022-12-26,274.63356042150986,287.0901660279871,273.0151900698482,286.0602722167969,61202.0,287.52171020507814,293.38709411621096,302.0233383178711,45.404442588049,-0.6792239284976631,273.848876953125,290.5230712890625,294.0050354003906
2022-12-27,290.2287855440636,292.778960026644,285.0303771213524,291.55291748046875,123246.0,287.1980346679687,292.538671875,302.1091598510742,48.91104547299936,-0.7322671472179536,286.0602722167969,273.848876953125,290.5230712890625
2022-12-28,289.3950728385223,290.2778474246607,283.31391972261105,287.531494140625,133064.0,285.9033264160156,290.6554656982422,301.5206588745117,46.55347692020716,-1.0862776032715828,291.55291748046875,286.0602722167969,273.848876953125
2022-12-29,287.18822061545103,288.3652335417556,283.95147996713683,287.3843994140625,62238.0,285.2755920410156,289.57655029296876,300.0077209472656,46.46525273013587,-1.3629910430020686,287.531494140625,291.55291748046875,286.0602722167969
2022-12-30,293.2203489330638,299.25247230696925,291.7000382078164,293.2693786621094,93117.0,289.1596923828125,289.23325805664064,298.4187713623047,50.50650701833332,-1.094799626502322,287.3843994140625,287.531494140625,291.55291748046875
2023-01-02,294.7896699799625,294.7896699799625,288.2180996212034,291.6019592285156,192374.0,290.2680297851563,288.8948699951172,296.84207916259766,49.36934487759997,-1.0052153133888737,293.2693786621094,287.3843994140625,287.531494140625
2023-01-03,291.0135032267708,294.4464227393692,286.5997495677158,294.0050354003906,117733.0,290.7584533691406,288.9782440185547,295.6724349975586,51.07888297927606,-0.7318743442371556,291.6019592285156,293.2693786621094,287.3843994140625
2023-01-04,293.31841639697313,293.8578930945968,286.9920546107636,288.9046630859375,142515.0,291.0330871582031,288.46820678710935,294.5518325805664,47.41923895566605,-0.9162451730434213,294.0050354003906,291.6019592285156,293.2693786621094
2023-01-05,288.90466715506034,290.17976942248265,283.5100796989248,286.1093139648437,53647.0,290.77807006835934,288.0268310546875,292.9726898193359,45.49533588590648,-1.2732445252377147,288.9046630859375,294.0050354003906,291.6019592285156
2023-01-06,284.4909186655856,286.06025921175586,277.3308417103278,278.06646728515625,144112.0,287.73748779296875,288.44859008789064,291.7049621582031,40.414613609583306,-2.1800295702055905,286.1093139648437,288.9046630859375,294.0050354003906
2023-01-09,283.2649029133317,289.39511661845654,282.0879198415583,288.0710144042969,105344.0,287.031298828125,288.6496643066406,291.0183792114258,48.16858156510276,-2.0675465210586026,278.06646728515625,286.1093139648437,288.9046630859375
2023-01-10,288.31618298159214,288.31618298159214,282.3330892483238,284.9813232421875,91826.0,285.2265563964844,287.9925048828125,290.2655883789063,46.1703327397388,-2.2023280821395588,288.0710144042969,278.06646728515625,286.1093139648437
2023-01-11,284.490927790984,292.1904817076974,284.490927790984,288.6104431152344,89931.0,285.16771240234374,288.10039978027345,289.3779327392578,48.85423275563176,-1.9933259753685206,284.9813232421875,288.0710144042969,278.06646728515625
2023-01-12,288.953699494842,290.81727808965667,282.3330700610977,283.5591125488281,53027.0,284.6576721191406,287.71787109375,288.6472106933594,45.456932562151415,-2.2098170653852094,288.6104431152344,284.9813232421875,288.0710144042969
2023-01-13,288.5123347751653,289.1498709320768,281.9897942171992,288.1690368652344,88668.0,286.6781860351563,287.2078369140625,288.2205474853516,48.9461866910653,-1.986506240979736,283.5591125488281,288.6104431152344,284.9813232421875
2023-01-16,289.7874463620807,295.7214806846707,287.6295993724036,291.2586975097656,142320.0,287.31572265625,287.1735107421875,288.03419036865233,51.19948711237677,-1.5424407147054353,288.1690368652344,283.5591125488281,288.6104431152344
2023-01-17,292.5828048889968,293.8088475342452,289.3460642786138,290.42498779296875,90299.0,288.4044555664062,286.8155059814453,287.896875,50.551135503413406,-1.243455214665687,291.2586975097656,288.1690368652344,283.5591125488281
2023-01-18,292.28855959727355,293.26939368988184,288.5614020184344,289.2970275878906,25078.0,288.5417724609375,286.8547424316406,287.661474609375,49.6353377746373,-1.0850166174366223,290.42498779296875,291.2586975097656,288.1690368652344
2023-01-19,289.29700885701726,289.8364555999523,281.8426642492982,289.100830078125,79811.0,289.6501159667969,287.1538940429688,287.5903625488281,49.46746791632215,-0.9641700350026667,289.2970275878906,290.42498779296875,291.2586975097656
2023-01-20,286.697808424096,292.82802182636186,285.47176574364283,286.0602722167969,32749.0,289.2283630371094,287.9532745361328,288.20093231201173,46.824456999599306,-1.1010535957087768,289.100830078125,289.2970275878906,290.42498779296875
2023-01-23,289.29700440890645,298.3697190386114,286.0112044753965,296.8984680175781,84349.0,290.3563171386719,288.8360198974609,288.74284210205076,55.87461545263021,-0.33116551134833117,286.0602722167969,289.100830078125,289.2970275878906
2023-01-24,298.2225849920446,306.51064480052275,297.7812276231399,300.1352233886719,268262.0,292.2983642578125,290.3514099121094,289.1719573974609,58.16456596408936,0.5339998323415784,296.8984680175781,286.0602722167969,289.100830078125
2023-01-25,300.3804350515196,300.3804350515196,289.4441411169963,290.3759155273437,115045.0,292.51414184570314,290.5279571533203,289.3141784667969,49.776600215049825,0.4272301744161382,300.1352233886719,296.8984680175781,286.0602722167969
2023-01-27,289.885531569147,296.2119240390818,282.0879177535564,285.37371826171875,231830.0,291.7687194824219,290.70941772460935,289.21364440917966,46.10643057695542,-0.06032566622394597,290.3759155273437,300.1352233886719,296.8984680175781
2023-01-30,282.774480216683,293.0242093017334,281.3032289565906,289.14990234375,107461.0,292.3866455078125,290.80750427246096,289.0076705932617,49.15427224016375,-0.14039233065204826,285.37371826171875,290.3759155273437,300.1352233886719
2023-01-31,288.4142523510279,297.1927294344581,284.1476480033117,296.0157165527344,138086.0,292.21009521484376,291.2832061767578,289.22835845947264,54.22328779402605,0.34617756808432887,289.14990234375,285.37371826171875,290.3759155273437
2023-02-01,297.2417540428071,299.89001801470084,285.5208048224458,290.3759155273437,83148.0,290.25823364257815,291.27829895019534,289.0469024658203,49.828821011874204,0.2735495999054365,296.0157165527344,289.14990234375,285.37371826171875
2023-02-02,295.18204381414404,295.18204381414404,263.0597260112031,266.73785400390625,772480.0,285.53062133789064,289.0223815917969,287.9385620117188,36.48303721724979,-1.6721273582286358,290.3759155273437,296.0157165527344,289.14990234375
2023-02-03,258.64596277242697,268.20909519674893,245.55182162028063,262.9125671386719,406844.0,281.03839111328125,286.40355529785154,286.77872467041016,34.856070271214506,-3.4826136439281186,266.73785400390625,290.3759155273437,296.0157165527344
2023-02-06,260.99995460605254,279.2925042067166,260.99995460605254,278.4097595214844,392529.0,278.89036254882814,285.6385040283203,286.79588928222654,45.4663331232616,-3.625154633309535,262.9125671386719,266.73785400390625,290.3759155273437
2023-02-07,275.8105436470636,280.32235627880186,271.0044329114373,272.37762451171875,155397.0,274.162744140625,283.18641967773436,286.01121978759767,42.56055666149384,-4.176715698324131,278.4097595214844,262.9125671386719,266.73785400390625
2023-02-08,275.516278153548,282.9215931770848,273.1132526950597,282.2840270996094,211580.0,272.54436645507815,281.40130004882815,285.87635498046876,48.39372352554917,-3.7709981986795924,272.37762451171875,278.4097595214844,262.9125671386719
2023-02-09,280.5675746203537,283.65722589657776,278.26263849485133,282.9216003417969,84918.0,275.78111572265624,280.65586853027344,285.5919128417969,48.754426173426005,-3.359293480792928,282.2840270996094,272.37762451171875,278.4097595214844
2023-02-10,280.51855413386085,287.3843928714029,277.9193497411848,286.7468566894531,204764.0,280.5479736328125,280.7931823730469,285.7513000488281,50.96871967369706,-2.693301603082432,282.9216003417969,282.2840270996094,272.37762451171875
2023-02-13,286.40353562184026,286.40353562184026,277.9193272825921,281.8916931152344,113058.0,281.2443603515625,280.06736145019534,285.43743286132815,48.12629318175778,-2.528126695092169,286.7468566894531,282.9216003417969,282.2840270996094
2023-02-14,281.49937160637194,289.1008354737914,281.4012822150951,282.038818359375,77424.0,283.1765991210938,278.6696716308594,284.97643890380857,48.220527946268604,-2.358169107304036,281.8916931152344,286.7468566894531,282.9216003417969
2023-02-15,280.56757873501243,289.7874431029575,279.53771491628794,287.58056640625,61157.0,284.23590698242185,278.39013671875,284.83421783447267,51.77427791798171,-1.7560609637614562,282.038818359375,281.8916931152344,286.7468566894531
2023-02-16,289.34606385710174,293.759817373566,288.56140853835853,289.9345703125,157274.0,285.6385009765625,280.7098083496094,284.8660949707031,53.242283248745416,-1.076527936113962,287.58056640625,282.038818359375,281.8916931152344
2023-02-17,286.4525933471793,288.6104403885779,284.0985974409966,285.4227294921875,35879.0,285.37367553710936,282.96082458496096,284.68218994140625,50.09473599320709,-0.8917810660889813,289.9345703125,287.58056640625,282.038818359375
2023-02-20,283.65724652271825,290.32690673131043,283.55915712174544,286.0602722167969,48343.0,286.2073913574219,283.7258758544922,284.68218994140625,50.53968746959643,-0.686015511073947,285.4227294921875,289.9345703125,287.58056640625
2023-02-21,284.5890051450983,288.3652223770482,280.6656687862269,281.59747314453125,85035.0,286.11912231445314,284.6478607177734,283.9171401977539,47.35673076225834,-0.8729921046637514,286.0602722167969,285.4227294921875,289.9345703125
2023-02-22,275.6634295189998,280.51857059858713,274.8787741617274,277.2818298339844,87686.0,284.059375,284.14764099121095,282.7744705200195,44.441897824817694,-1.3538029522814554,281.59747314453125,286.0602722167969,285.4227294921875
2023-02-23,275.17299429090303,279.53771800118705,274.19216019265326,277.5760498046875,91689.0,281.5876708984375,283.6130859375,282.13447723388674,44.69183593725196,-1.691608114976873,277.2818298339844,281.59747314453125,286.0602722167969
2023-02-24,278.115478051599,281.74457594634686,276.791376053347,277.62506103515625,43735.0,280.02813720703125,282.70090637207034,281.7470443725586,44.736435655715105,-1.9330829663392137,277.5760498046875,277.2818298339844,281.59747314453125
2023-02-27,275.66337587694454,278.5568480676193,267.2282276632924,272.4266357421875,154612.0,277.30140991210936,281.7544006347656,280.91088104248047,40.963329627822624,-2.5149324263461494,277.62506103515625,277.5760498046875,277.2818298339844
2023-02-28,272.4757058994984,276.4971317682433,268.65045882734853,270.02362060546875,66412.0,274.98663940429685,280.552880859375,279.6112762451172,39.3127355661098,-3.13383070447901,272.4266357421875,277.62506103515625,277.5760498046875
2023-03-01,269.77838324395753,273.6526895675371,269.0918173946139,271.74005126953125,69439.0,273.87828369140624,278.9688293457031,278.6794830322266,41.13722031189308,-3.446086103552716,270.02362060546875,272.4266357421875,277.62506103515625
2023-03-02,269.7293900477186,275.614394921487,269.7293900477186,271.3968200683594,72895.0,272.64243774414064,277.11505432128905,278.91243133544924,40.872601851162514,-3.6788392772389784,271.74005126953125,270.02362060546875,272.4266357421875
2023-03-03,272.6718527685724,276.1047717782486,272.1324060401232,275.0258483886719,63072.0,272.1225952148437,276.0753662109375,279.5180953979492,44.907788975742605,-3.5297765213587127,271.3968200683594,271.74005126953125,270.02362060546875
2023-03-06,276.59519650244124,288.11999635670963,276.59519650244124,283.11773681640625,95271.0,274.2608154296875,275.78111267089844,279.7534942626953,52.66493704790938,-2.7272573192814775,275.0258483886719,271.3968200683594,271.74005126953125
2023-03-08,283.0687234002755,283.0687234002755,275.95767627189844,280.6166381835937,78856.0,276.3794189453125,275.6830291748047,280.1654449462891,50.30713634995433,-2.2669409428439167,283.11773681640625,275.0258483886719,271.3968200683594
2023-03-09,281.49938465711807,283.46105284288194,275.1729927849571,275.8595886230469,68201.0,277.2033264160156,275.5408050537109,279.84422302246094,46.08139705162566,-2.259939861372686,280.6166381835937,283.11773681640625,275.0258483886719
2023-03-10,273.6037052275428,274.58453940303826,269.1408917694281,274.2412414550781,53215.0,277.7722106933594,275.20732421875,279.410205078125,44.705601976795535,-2.3577993025494948,275.8595886230469,280.6166381835937,283.11773681640625
2023-03-13,270.4649850133253,278.0664487806989,269.1408530802147,271.1515808105469,144880.0,276.9973571777344,274.5599761962891,278.6304412841797,42.12012016517649,-2.6540689525788252,274.2412414550781,275.8595886230469,280.6166381835937
2023-03-14,272.67187143590326,273.30940759481086,264.8251988765967,268.74853515625,136473.0,274.12351684570314,274.1921661376953,277.9732833862305,40.174038951174126,-3.0476391983567623,271.1515808105469,274.2412414550781,275.8595886230469
2023-03-15,269.9255545920685,275.12396331623694,268.1600352635856,269.3860778808594,56922.0,271.8774047851563,274.1284118652344,277.3406463623047,40.95350541460374,-3.270402914899364,268.74853515625,271.1515808105469,274.2412414550781
2023-03-16,264.9233099342841,271.1025531069748,258.98924536644085,265.658935546875,107202.0,269.8372741699219,273.5203002929687,276.24456481933595,37.8488605613437,-3.704985238948268,269.3860778808594,268.74853515625,271.1515808105469
2023-03-17,267.4244055893464,272.5247547720082,267.4244055893464,271.4458312988281,105553.0,269.2781921386719,273.52520141601565,275.3201278686523,44.840735863912414,-3.541615202204639,265.658935546875,269.3860778808594,268.74853515625
2023-03-20,267.71865173139173,271.4458089507792,262.8635114681439,267.5715026855469,96542.0,268.5621765136719,272.77976684570314,274.4275665283203,41.47653064816933,-3.6823216986677494,271.4458312988281,265.658935546875,269.3860778808594
2023-03-21,270.7101968486657,270.7101968486657,261.19609462402843,261.8826904296875,82601.0,267.1890075683594,270.65626220703126,273.2186874389648,37.07774415526474,-4.204406436265344,267.5715026855469,271.4458312988281,265.658935546875
2023-03-22,264.82519755232227,269.23895084486094,264.53095930589177,267.2772827148437,69828.0,266.7672485351562,269.32232666015625,272.50267791748047,43.2266352829732,-4.135195875324882,261.8826904296875,267.5715026855469,271.4458312988281
2023-03-23,263.6972280206593,267.03205764846626,261.9317088534591,262.5692749023437,78047.0,266.14931640625,267.99329528808596,271.7670501708984,39.590448589781666,-4.409413912333662,267.2772827148437,261.8826904296875,267.5715026855469
2023-03-24,261.98081449423574,268.8956834645516,257.81226924467484,259.5777587890625,84531.0,263.77570190429685,266.5269470214844,270.8671356201172,37.43559233106095,-4.812646834555721,262.5692749023437,267.2772827148437,261.8826904296875
2023-03-27,256.58619622411686,261.09803888914246,255.06588547066997,255.8505706787109,41179.0,261.4315155029297,264.99684600830074,269.77841110229485,34.88773390118055,-5.371050633309778,259.5777587890625,262.5692749023437,267.2772827148437
2023-03-28,255.06588014644248,256.5861908681545,246.18934405690476,246.97401428222656,138558.0,258.4497802734375,262.8193939208984,268.50578002929683,29.7028748248717,-6.455439297770454,255.8505706787109,259.5777587890625,262.5692749023437
2023-03-29,247.2192412480162,251.63297979148044,245.55182624869136,250.65216064453125,134425.0,255.124755859375,260.94600219726556,267.53720703125,34.07491427827719,-6.938051911420246,246.97401428222656,255.8505706787109,259.5777587890625
2023-03-31,252.1724339510204,257.5670210914508,252.1724339510204,255.9976806640625,183906.0,253.81043701171876,259.9798767089843,266.7500885009765,39.92283620868024,-6.810677838944855,250.65216064453125,246.97401428222656,255.8505706787109
2023-04-03,256.5371386798314,262.91256012599416,255.6053642742312,261.7846069335937,42093.0,254.251806640625,259.0137542724609,266.2694778442382,45.55354589506492,-6.171633631442319,255.9976806640625,250.65216064453125,246.97401428222656
2023-04-05,260.9509169192584,263.353972590081,258.2536229728051,262.3731384277344,89436.0,255.5563201904297,258.49391784667966,265.6368423461914,46.10676152078659,-5.553677581798695,261.7846069335937,255.9976806640625,250.65216064453125
2023-04-06,261.88271401075355,263.2558758130375,259.5777478072685,260.7547607421875,49229.0,258.3124694824219,258.38112487792966,264.51869354248043,44.75994258154862,-5.135335562471425,262.3731384277344,261.7846069335937,255.9976806640625
2023-04-10,258.9892238514325,263.15776864315427,258.9892238514325,261.7846069335937,19406.0,260.5389587402343,257.83185729980465,263.5770919799804,45.84403929849299,-4.666899405992069,260.7547607421875,262.3731384277344,261.7846069335937
2023-04-11,264.7761866816981,264.7761866816981,260.166254274728,260.7547607421875,57568.0,261.4903747558593,257.65040588378906,262.82185058593745,44.89518750891816,-4.3288599550051,261.7846069335937,260.7547607421875,262.3731384277344
2023-04-12,263.1577771696821,265.5608326887843,260.3624239296294,264.6290283203125,57840.0,262.05925903320315,258.15553283691406,262.34123992919916,49.1583969476083,-3.7056241116177944,260.7547607421875,261.7846069335937,260.7547607421875
2023-04-13,260.9999669783217,263.15778409643485,257.2727793390102,258.0574645996094,61413.0,261.1961242675781,258.37622222900393,261.6865341186523,43.07143882058915,-3.6993318916796625,264.6290283203125,260.7547607421875,261.7846069335937
2023-04-17,250.84830897985023,254.57546640706545,247.07209189039185,253.6436920166016,150271.0,259.77391052246094,259.0431900024414,260.9312919616699,39.5309310052775,-4.004340279926112,258.0574645996094,264.6290283203125,260.7547607421875
2023-04-18,254.96784329447877,258.6459712708406,251.09353651963804,258.3026733398437,109959.0,259.07752380371096,259.80824127197263,260.3771217346191,44.69841844329573,-3.826016828636341,253.6436920166016,258.0574645996094,264.6290283203125
2023-04-19,258.00839136555675,259.43061274688216,252.3685954362767,253.30039978027344,91402.0,257.58665161132814,259.53851318359375,259.759194946289,40.67887915653563,-4.041745156980312,258.3026733398437,253.6436920166016,258.0574645996094
2023-04-20,253.3004063264155,255.2130447944987,251.73106577987048,253.9379425048828,53470.0,255.44843444824218,258.7538467407227,258.88380050659174,41.402135825534096,-4.113845195093177,253.30039978027344,258.3026733398437,253.6436920166016
2023-04-21,254.03602994658564,255.5072810852724,250.8483191460976,251.73106384277344,88123.0,254.183154296875,257.68963928222655,258.0917785644531,39.60220303240085,-4.299499702898686,253.9379425048828,253.30039978027344,258.3026733398437
2023-04-24,251.7310562185677,260.99995008463884,250.60310303293977,260.0681457519531,60731.0,255.46804504394532,257.6209777832031,258.0010513305664,48.679289989139896,-3.730892003120573,251.73106384277344,253.9379425048828,253.30039978027344
2023-04-25,260.31336688002386,264.43288211624474,256.4881198364939,260.1172180175781,85520.0,255.8309539794922,257.45423889160156,257.6430480957031,48.72813399179507,-3.2389697555736916,260.0681457519531,251.73106384277344,253.9379425048828
2023-04-26,261.7355658865759,263.3049063150831,258.54785530132153,262.47119140625,26806.0,257.6651123046875,257.6258819580078,257.6381439208984,51.1308555696856,-2.6288678980793634,260.1172180175781,260.0681457519531,251.73106384277344
2023-04-27,260.60762194886047,269.8274561345955,259.7739070105766,266.0512390136719,132779.0,260.0877716064453,257.7681030273437,257.9618179321289,54.61434776961694,-1.8353214154267334,262.47119140625,260.1172180175781,260.0681457519531
2023-04-28,266.10025836379907,272.5737688996285,265.80602013008456,267.7186584472656,139967.0,263.28529052734376,258.7342224121094,258.55522232055665,56.18103729414492,-1.0596681033703703,266.0512390136719,262.47119140625,260.1172180175781
2023-05-02,269.2389677798839,275.07494280683767,267.8658059890366,272.96612548828125,162925.0,265.86488647460936,260.66646575927734,259.8548278808594,60.770545699054345,-0.021285167822156836,267.7186584472656,266.0512390136719,262.47119140625
2023-05-03,269.8764896849525,273.750796253345,268.35620884213955,270.21978759765625,44662.0,267.885400390625,261.8581771850586,260.8332092285156,57.38306557667641,0.573424196877454,272.96612548828125,267.7186584472656,266.0512390136719
2023-05-04,266.83590192810175,282.6763964109271,266.83590192810175,281.3522644042969,135349.0,271.6616149902344,264.6633636474609,262.10093841552737,65.72371516830964,1.9208906615236856,270.21978759765625,272.96612548828125,267.7186584472656
2023-05-05,280.61662161729777,281.4993662566539,275.0258556802438,276.3990173339844,78465.0,273.7311706542969,266.9094711303711,262.8316589355469,60.08872059034575,2.559576693326676,281.3522644042969,270.21978759765625,272.96612548828125
2023-05-08,277.47795863682217,283.2648737930142,275.3201415940576,282.3330993652344,195086.0,276.6540588378906,269.9696746826172,263.82965698242185,64.06384926687028,3.5041768324933855,276.3990173339844,281.3522644042969,270.21978759765625
2023-05-09,293.2203631063145,307.39339774371336,286.5506733363496,302.4892272949219,1371056.0,282.5586791992188,274.21178283691404,265.91638031005857,73.66020236593266,5.812210772584876,282.3330993652344,276.3990173339844,281.3522644042969
2023-05-10,304.05857923206065,306.3144857500644,296.21190621962035,301.0670471191406,288955.0,288.72813110351564,278.3067657470703,267.88050231933596,72.19527650722699,7.440813181453734,302.4892272949219,282.3330993652344,276.3990173339844
2023-05-11,301.1160513078456,304.6470598504344,298.22257890689707,299.98809814453125,101841.0,292.4552978515625,282.05845642089844,269.8421691894531,71.04096621886302,8.54591813422877,301.0670471191406,302.4892272949219,282.3330993652344
2023-05-12,299.98811147232414,306.0202351203722,298.4187709467091,301.5083923339844,79991.0,297.4771728515625,285.6041717529297,271.6861373901367,71.72692533940962,9.435628751838237,299.98809814453125,301.0670471191406,302.4892272949219
2023-05-15,301.70455436099786,303.66622242585134,298.56587348416065,302.7834777832031,60369.0,301.56724853515624,289.11065368652345,273.9224380493164,72.31915459148459,10.126883160423347,301.5083923339844,299.98809814453125,301.0670471191406
2023-05-16,301.8516961908468,327.9909191352157,301.8516961908468,322.056884765625,1140231.0,305.48078002929685,294.0197296142578,277.3430976867676,79.35765007614074,12.090537933149903,302.7834777832031,301.5083923339844,299.98809814453125
2023-05-17,322.5472702520299,322.5472702520299,310.1887557365441,314.84771728515625,273556.0,308.2369140625,298.48252258300784,280.1703498840332,71.98453524667661,12.916139703275519,322.056884765625,302.7834777832031,301.5083923339844
2023-05-19,312.7879899560028,330.73727202896526,312.7879899560028,328.2851867675781,392566.0,313.8963317871094,303.1758148193359,283.9195892333984,76.3881496193548,14.487721109199299,314.84771728515625,322.056884765625,302.7834777832031
2023-05-22,327.59859533863425,334.4154044302803,325.93116536533495,333.4345703125,297606.0,320.2815673828125,308.8793701171875,287.8944206237793,77.82651069892148,15.964691882561283,328.2851867675781,314.84771728515625,322.056884765625
2023-05-23,333.8759103866351,339.07434890081964,327.3533698282781,328.2361145019531,91953.0,325.3720947265625,313.46967163085935,291.7196731567383,72.99237127285929,16.525237274153824,333.4345703125,328.2851867675781,314.84771728515625
2023-05-24,328.4813012546846,330.19776075803526,322.20396962896643,324.36181640625,70677.0,325.8330810546875,315.6569305419922,294.9343566894531,69.52624981460897,16.46702840495624,328.2361145019531,333.4345703125,328.2851867675781
2023-05-25,324.3618509825509,332.89508974922705,321.2231698687758,329.02081298828125,80605.0,328.6677001953125,318.4523071289062,298.3795364379883,71.29170901705061,16.60542256919473,324.36181640625,328.2361145019531,333.4345703125
2023-05-26,329.0698458898348,337.40693587512123,328.4813394337488,332.6989440917969,1602448.0,329.5504516601562,321.7233917236328,301.89092407226565,72.63936029334646,16.818027628417667,329.02081298828125,324.36181640625,328.2361145019531
2023-05-30,335.34716929436064,335.34716929436064,329.6092838828661,330.0997009277344,379740.0,328.88347778320315,324.5825225830078,305.0933471679688,70.13381621718294,16.58559307622079,332.6989440917969,329.02081298828125,324.36181640625
2023-05-31,327.549545632428,338.82913729909245,327.549545632428,337.99542236328125,116104.0,330.83533935546876,328.1037170410156,308.60718536376953,73.16217259979946,16.84433474583983,330.0997009277344,332.6989440917969,329.02081298828125
2023-06-01,337.99543372736133,343.5371403546837,336.2299144040456,337.308837890625,193863.0,333.42474365234375,329.6289123535156,311.8243209838867,72.47400165277058,16.80032407611759,337.99542236328125,330.0997009277344,332.6989440917969
2023-06-02,337.6521213007422,348.49032556695335,337.6521213007422,341.0360107421875,341406.0,335.827783203125,332.24774169921875,315.3651321411133,73.90874728527726,16.871710427586663,337.308837890625,337.99542236328125,330.0997009277344
2023-06-05,344.2727431752277,347.2152452536484,338.3877390183861,339.6628112792969,60001.0,337.220556640625,333.3855041503906,318.2806594848633,72.41121416680247,16.625826723833768,341.0360107421875,337.308837890625,337.99542236328125
2023-06-06,338.48583848535804,338.9271958506544,326.127323401502,337.0145874023437,147883.0,338.60353393554686,333.743505859375,321.3114379882812,69.4871244741611,16.03246035921245,339.6628112792969,341.0360107421875,337.308837890625
2023-06-07,335.73949429661366,339.9570988088357,333.4835878810786,333.8759155273437,112180.0,337.7796325683594,334.30748596191404,323.8885787963867,66.08117262811318,15.134487697652048,337.0145874023437,339.6628112792969,341.0360107421875
2023-06-08,331.62001586885384,333.826892598328,326.4215771687059,327.3043518066406,54945.0,335.7787353515625,334.60173950195315,325.1293350219727,59.504701260332936,13.734247763465703,333.8759155273437,337.0145874023437,339.6628112792969
2023-06-09,327.3043344200985,330.59010454107346,320.63464492126445,322.1058959960937,99347.0,331.9927124023437,333.9102478027344,326.1812774658203,54.85404572468892,12.0659864083363,327.3043518066406,333.8759155273437,337.0145874023437
2023-06-12,323.3810187530896,334.36634284970205,322.6944229015031,331.2276916503906,96907.0,330.30568847656247,333.76312255859375,327.7432571411133,60.66366245177709,11.349104528069574,322.1058959960937,327.3043518066406,333.8759155273437
2023-06-13,331.27673790524034,335.93570017037695,328.67753336491126,329.4621887207031,94406.0,328.79520874023433,333.6993713378906,329.14094696044924,59.07900781891976,10.517272570186776,331.2276916503906,322.1058959960937,327.3043518066406
2023-06-14,332.7969898441643,333.4345559393838,327.05913444863216,331.423828125,86566.0,328.30479125976564,333.0422119140625,330.5729644775391,60.31929095760295,9.902181472243115,329.4621887207031,331.2276916503906,322.1058959960937
2023-06-15,328.72654436924245,333.5326254981569,327.9909187903469,328.5303955078125,26386.0,328.55,332.16436767578125,330.8966400146484,57.548598542518974,9.076611981916301,331.423828125,329.4621887207031,331.2276916503906
2023-06-16,329.3150479997539,339.1724186994961,329.3150479997539,332.7969970703125,200865.0,330.68822021484374,331.34046630859376,331.7941040039062,60.434627878127124,8.666716785285075,328.5303955078125,331.423828125,329.4621887207031
2023-06-19,331.5709511846472,334.3173045882481,327.84379362658706,329.1188659667969,42276.0,330.266455078125,330.28607177734375,331.8357879638672,56.84669950681619,7.953395653908558,332.7969970703125,328.5303955078125,331.423828125
2023-06-20,328.1380093186783,332.4046432909236,326.37252005628386,330.4920349121094,78071.0,330.47242431640626,329.6338165283203,331.6886611938477,57.85272472418221,7.413429376770637,329.1188659667969,332.7969970703125,328.5303955078125
2023-06-21,330.5900969361384,335.5433267337268,330.5900969361384,333.1893310546875,38561.0,330.8255249023438,329.5651580810547,331.9363220214844,59.83355639625038,7.121064272132969,330.4920349121094,329.1188659667969,332.7969970703125
2023-06-22,334.4153952819358,338.78008902704767,328.5794204677203,337.308837890625,186751.0,332.5812133789062,330.56560668945315,332.58367309570315,62.715636708099915,7.139473191056993,333.1893310546875,330.4920349121094,329.1188659667969
2023-06-23,341.3302519457116,343.1448009382808,333.3364603651282,337.7502136230469,190742.0,333.5718566894531,332.1300384521484,333.02014312744143,63.021788291279314,7.107744075523385,337.308837890625,333.1893310546875,330.4920349121094
2023-06-26,333.5326112730648,335.8866369712769,328.67750061903257,333.48358154296875,107957.0,334.4447998046875,332.3556274414062,333.059375,58.0588420073793,6.661527034736935,337.7502136230469,337.308837890625,333.1893310546875
2023-06-27,331.4238408420265,349.52024220245346,331.4238408420265,346.1363525390625,287507.0,337.57366333007815,334.0230438232422,333.86120758056643,66.48722682367259,7.245349808342098,333.48358154296875,337.7502136230469,337.308837890625
2023-06-28,346.1854109270162,349.2750323854577,340.9869721869684,344.66510009765625,205781.0,339.8688171386719,335.3471710205078,334.19469146728517,64.85517184205001,7.502827857198724,346.1363525390625,333.48358154296875,337.7502136230469
2023-06-30,345.4497317155803,356.2389052453009,345.4497317155803,352.02130126953125,152715.0,342.8113098144531,337.6962615966797,334.9303146362305,68.95811697077065,8.20587282819389,344.66510009765625,346.1363525390625,333.48358154296875
2023-07-07,346.7738600137259,353.68875789839893,346.3325026589675,348.0979919433594,81278.0,344.8808654785156,339.2263610839844,335.2834136962891,64.62483108550686,8.350206772860702,352.02130126953125,344.66510009765625,346.1363525390625
2023-07-10,345.79304255249053,348.1960980189329,337.11268490013487,339.3685913085937,164637.0,346.0578674316406,340.25133361816404,335.2687026977539,56.16749545649288,7.671767427899169,348.0979919433594,352.02130126953125,344.66510009765625
2023-07-14,357.9553968063906,374.1881882830829,355.6504308133927,372.4226989746094,552860.0,351.31513671875,344.44440002441405,337.0391082763672,71.41956265447165,9.689593995057066,339.3685913085937,348.0979919433594,352.02130126953125
2023-07-17,375.3161633967894,386.0072491292607,369.7744567032896,376.7874145507813,477117.0,357.739599609375,348.80420837402346,339.18468322753904,72.76710206744124,11.50827196121378,372.4226989746094,339.3685913085937,348.0979919433594
2023-07-19,386.105315933192,390.1267415053265,382.57430738369146,385.860107421875,193649.0,364.5073608398437,353.6593353271484,342.11247100830076,75.36699219504142,13.52576128668062,376.7874145507813,372.4226989746094,339.3685913085937
2023-07-20,385.8601189161026,387.96890618971054,381.9858422814927,384.6831359863281,99523.0,371.8243896484375,358.3526275634766,345.2413330078125,74.37501294510626,14.85838612759619,385.860107421875,376.7874145507813,372.4226989746094
2023-07-21,376.4441118217405,385.9091847377133,373.8449074694121,378.1115417480469,106257.0,379.57297973632814,362.8154235839844,347.5855255126953,68.9204610387792,15.20890934146945,384.6831359863281,385.860107421875,376.7874145507813
2023-07-24,377.6211343801894,379.23950468385385,372.47175527500497,375.4632873535156,79801.0,380.18109741210935,365.7481170654297,349.8855804443359,66.79454235850085,15.098958126091588,378.1115417480469,384.6831359863281,385.860107421875
2023-07-26,368.8916899709082,376.49315381264944,368.8916899709082,371.9322814941406,78861.0,379.21007080078124,368.47483520507814,351.91100311279297,63.96157829306631,14.559070431516773,375.4632873535156,378.1115417480469,384.6831359863281
2023-07-28,396.30598640832926,416.6582929704233,392.3826502035882,407.7327270507813,396528.0,383.5845947265625,374.0459777832031,355.8711196899414,75.36844907826533,16.826042163288264,371.9322814941406,375.4632873535156,378.1115417480469
2023-08-03,412.0974066903863,426.3685596123861,411.9993173020472,425.14251708984375,249063.0,391.6764709472656,381.75043029785155,360.48839569091797,78.87089643326716,19.79922500852399,407.7327270507813,371.9322814941406,375.4632873535156
2023-08-04,427.5945947656488,434.5094625005432,424.014526715382,430.488037109375,121850.0,402.1517700195312,390.8623748779297,365.5568542480469,79.81972561929948,22.329432823203774,425.14251708984375,407.7327270507813,371.9322814941406
2023-08-07,429.7524328337006,440.8358755534789,428.624479663228,439.8550415039063,219381.0,415.0301208496094,397.60560913085936,371.0250045776367,81.3962574078215,24.804548324032908,430.488037109375,425.14251708984375,407.7327270507813
2023-08-08,438.6780125856928,445.83808891195184,438.6780125856928,442.3561401367188,78347.0,429.114892578125,404.1624816894531,376.4833450317383,81.80499319636021,26.66058630451903,439.8550415039063,430.488037109375,425.14251708984375
2023-08-09,442.846590319394,446.62280754121184,439.119432761539,445.2986755371094,57642.0,436.6280822753906,410.10633850097656,381.8828369140625,82.29776517342367,28.045654938782604,442.3561401367188,439.8550415039063,430.488037109375
2023-08-10,440.24739016270695,443.974547756014,436.12787498468873,436.5202026367188,55626.0,438.9036193847657,415.2900451660156,386.8213363647461,75.7101273196038,28.110937028402077,445.2986755371094,442.3561401367188,439.8550415039063
2023-08-11,436.5692509498177,442.4542553752945,432.2045273611837,437.206787109375,54348.0,440.2473693847657,421.19956970214844,392.0074966430664,75.87279764269262,27.896501677308436,436.5202026367188,445.2986755371094,442.3561401367188
2023-08-14,437.1577478675816,440.3944882580993,430.09573073758696,439.8550415039063,49127.0,440.24736938476565,427.6387451171875,396.6934310913086,76.52581397049192,27.621844682399285,437.206787109375,436.5202026367188,445.2986755371094
2023-08-16,441.3753367923303,445.7400604292379,437.8443281114555,442.6013793945313,157550.0,440.2964172363281,434.7056549072266,401.59024505615236,77.21455128025006,27.31095980663821,439.8550415039063,437.206787109375,436.5202026367188
2023-08-17,443.38602707696566,464.1797212264802,443.38602707696566,461.1391296386719,187902.0,443.4645080566406,440.0462951660156,407.0461364746094,81.21996367282219,28.234947917108627,442.6013793945313,439.8550415039063,437.206787109375
2023-08-18,460.0111924935641,460.7468180679142,439.9040934613295,444.7101745605469,218723.0,445.1025024414063,442.00306091308596,411.8767456054687,69.55103816858751,27.32653252258848,461.1391296386719,442.6013793945313,439.8550415039063
2023-08-21,444.75920612425415,454.8127550051663,443.7293124256263,453.6357421875,63771.0,448.38829345703124,444.3178314208984,417.59010314941406,71.91205272034725,27.01540867635282,444.7101745605469,461.1391296386719,442.6013793945313
2023-08-22,453.1453044380372,460.0111423840681,453.1453044380372,457.4609680175781,50414.0,451.90947875976565,446.07842407226565,421.8420166015625,72.8825211293048,26.768928992084966,453.6357421875,444.7101745605469,461.1391296386719
2023-08-23,457.608147344818,462.6594670159387,455.3032111057808,456.4801940917969,107560.0,454.68524169921875,447.49082946777344,425.82665557861327,72.19377736126428,26.192520732643686,457.4609680175781,453.6357421875,444.7101745605469
2023-08-24,456.5292316644867,469.819521392604,456.5292316644867,465.798095703125,83523.0,455.6170349121094,449.540771484375,429.8235549926758,74.64525241748888,26.185736945863766,456.4801940917969,457.4609680175781,453.6357421875
2023-08-25,467.9068852485142,478.1566133435141,467.9068852485142,474.9689025878906,234785.0,461.6687805175781,453.38564147949216,434.3378433227539,76.81206645875622,26.613583394939326,465.798095703125,456.4801940917969,457.4609680175781
2023-08-28,476.6363392864467,478.2547095527494,469.1329345316851,475.8516540527344,42286.0,466.111962890625,457.2501281738281,439.22484893798827,77.01568136355223,26.71592094745108,474.9689025878906,465.798095703125,456.4801940917969
2023-08-29,475.85163733070135,488.4553609646176,475.85163733070135,484.3358459472656,186093.0,471.4869384765625,461.6982086181641,444.6684768676758,78.93062457602643,27.168446634624388,475.8516540527344,474.9689025878906,465.798095703125
2023-08-30,484.9243763736288,488.25920634992536,482.8155890307266,483.6983337402344,89783.0,476.93056640625,465.8079040527344,450.2567794799805,78.40204018367044,27.16252194983025,484.3358459472656,475.8516540527344,474.9689025878906
2023-08-31,482.6194124487109,501.3043202269054,482.6194124487109,500.0782775878906,142251.0,483.78660278320314,469.7018188476562,454.8740570068359,81.77849949449076,28.154997880362146,483.6983337402344,484.3358459472656,475.8516540527344
2023-09-01,501.2553045348507,520.6267799306662,498.1166530632405,517.978515625,284550.0,492.388525390625,477.0286529541016,459.51585693359374,84.61001018181814,30.039663277552734,500.0782775878906,483.6983337402344,484.3358459472656
2023-09-04,518.027542282,524.7462317706763,506.06135455640026,508.5624694824219,96082.0,498.9306884765625,482.5213256835938,463.4195785522461,77.76444080331837,30.42278304713966,517.978515625,500.0782775878906,483.6983337402344
2023-09-05,508.6114626302205,523.2259132885202,508.6114626302205,514.6436157226562,515273.0,504.99224243164065,488.2395904541016,467.1590072631836,78.94901380010178,30.861355409459918,508.5624694824219,517.978515625,500.0782775878906
2023-09-06,515.7715698898573,520.7248298176536,506.1103782815951,509.1509399414063,91701.0,510.082763671875,493.5066650390625,470.49874725341795,75.05943764485838,30.415107706112906,514.6436157226562,508.5624694824219,517.978515625
2023-09-07,511.9463416227881,514.1532182234431,500.07824369495216,502.8736267089844,262232.0,510.64183349609374,497.21421813964844,473.3774948120117,70.76833347705916,29.21811819114805,509.1509399414063,514.6436157226562,508.5624694824219
2023-09-08,504.0015969084123,511.4559722622806,504.0015969084123,508.0720825195313,41375.0,508.660546875,500.5245361328125,476.95508880615233,72.18642979753129,28.36202751683288,502.8736267089844,509.1509399414063,514.6436157226562
2023-09-11,508.12107317979314,511.4559329323647,495.7135282982976,498.7541198730469,61235.0,506.698876953125,502.8147827148438,480.03245544433594,66.0053729768226,26.624773956703052,508.0720825195313,502.8736267089844,509.1509399414063
2023-09-12,500.2744090557647,509.5433030575057,484.8262723413167,487.4255065917969,307495.0,501.2552551269531,503.1237487792969,482.41097869873045,59.35143336854275,24.056554592778525,498.7541198730469,508.0720825195313,502.8736267089844
2023-09-13,486.7389142474594,492.6239187522146,479.6278671375469,484.630126953125,239805.0,496.35109252929686,503.21692810058596,484.51241607666014,57.80297863848074,21.547274896672604,487.4255065917969,498.7541198730469,508.0720825195313
2023-09-14,486.6898886221953,503.90351497075153,486.6898886221953,496.0078125,150199.0,494.9779296875,502.80988159179685,486.25585021972654,62.133321880239016,20.24338366959762,484.630126953125,487.4255065917969,498.7541198730469
2023-09-15,498.3127594654276,503.06984083583495,492.427754783544,494.5856018066406,41054.0,492.2806335449219,500.47059020996096,488.74962158203124,61.28667698028824,18.877669933021878,496.0078125,484.630126953125,487.4255065917969
2023-09-18,485.9051696698341,491.6920844268844,477.4699910740032,479.3826293945313,164685.0,488.4063354492188,497.5526062011719,490.03696594238284,52.97651713846828,16.379763423536247,494.5856018066406,496.0078125,484.630126953125
2023-09-20,477.0286487513435,484.8753211932443,472.2715975969052,475.6554870605469,42490.0,486.0523315429688,493.65379333496094,490.9466918945312,51.14553876349838,13.938728297740624,479.3826293945313,494.5856018066406,496.0078125
2023-09-21,471.9773416980418,486.199434966978,469.7214054957757,482.6684265136719,119690.0,485.6599914550781,491.0055419921875,492.256103515625,54.3430735569836,12.42682724903051,475.6554870605469,479.3826293945313,494.5856018066406
2023-09-22,484.38490668770817,484.38490668770817,471.290765995572,478.352783203125,97346.0,482.1289855957031,488.55345764160154,492.883837890625,52.08392449064335,10.756405282971514,482.6684265136719,475.6554870605469,479.3826293945313
2023-09-25,476.7344140971667,486.6408447381819,475.5574311077289,479.0884399414063,30070.0,479.02955322265626,485.65509338378905,493.0898147583008,52.44683079607756,9.38377487520438,478.352783203125,482.6684265136719,475.6554870605469
2023-09-26,479.62786997902543,483.01175956237927,473.9390442304652,474.3804016113281,41928.0,478.02910766601565,483.2177215576172,493.0162521362305,49.84496993696489,7.825844576403938,479.0884399414063,478.352783203125,482.6684265136719
2023-09-27,471.1926675837444,483.1097952022853,469.0348506518979,481.9818420410156,26684.0,479.29437866210935,482.67335510253906,492.89855194091797,53.82775102579986,7.122443213314227,474.3804016113281,479.0884399414063,478.352783203125
2023-09-28,482.3741598208013,486.0032576735746,463.83640280021183,465.4547729492188,47634.0,475.8516479492188,480.75581970214853,491.9863739013672,45.38852464163245,5.17177916125371,481.9818420410156,474.3804016113281,479.0884399414063
2023-09-29,470.75129683731257,479.6278326880173,466.9260202378297,473.988037109375,85058.0,474.97869873046875,478.553842163086,490.6818618774414,49.76761801457361,4.265259689808431,465.4547729492188,481.9818420410156,474.3804016113281
2023-10-03,475.65548514546896,492.47678313853214,472.5658339377661,487.1312255859375,66981.0,476.587255859375,477.8084045410157,489.1394973754883,55.6644963996141,4.554876168261615,473.988037109375,465.4547729492188,481.9818420410156
2023-10-04,485.6109344987369,488.1120493035002,476.8815176136133,482.5703430175781,38087.0,478.225244140625,478.1271759033204,487.8398910522461,53.32510465552388,4.366045156830069,487.1312255859375,473.988037109375,465.4547729492188
2023-10-05,482.8645940014896,505.1295390552492,482.8645940014896,503.5111389160156,351085.0,482.531103515625,480.9127410888673,487.28326721191405,61.35556753785794,5.838835972742459,482.5703430175781,487.1312255859375,473.988037109375
2023-10-06,505.1295690341466,510.3770076012685,499.685951671026,502.7755432128906,163172.0,489.99525756835936,482.92345275878915,486.9644973754883,60.95881072315451,6.867512470740849,503.5111389160156,482.5703430175781,487.1312255859375
2023-10-09,493.2124378190739,514.398460565246,493.2124378190739,505.816162109375,85074.0,496.3608825683594,485.66979064941415,487.1116241455078,62.05119639650787,7.837749838741331,502.7755432128906,503.5111389160156,482.5703430175781
2023-10-10,505.8651461848922,533.3284987649736,505.8651461848922,528.7185668945312,167558.0,504.6783508300781,490.63280334472654,488.1439483642578,69.07096908420019,10.335560695805498,505.816162109375,502.7755432128906,503.5111389160156
2023-10-11,531.612077744185,537.9874993407481,526.511728493862,530.091796875,98041.0,514.1826416015625,496.2039428710938,489.7108322143555,69.43604350667108,12.284296258091956,528.7185668945312,505.816162109375,502.7755432128906
2023-10-12,537.9384778213412,538.0855670181362,530.6312517529643,533.181396484375,109680.0,520.1166931152344,501.3238983154297,491.9986267089844,70.28585374545628,13.91755518589514,530.091796875,528.7185668945312,505.816162109375
2023-10-13,529.503244267286,537.8403337918098,526.4136528921199,532.5928955078125,71606.0,526.0801635742188,508.03771057128904,494.3967651367187,69.88725124781503,14.99162343962314,533.181396484375,530.091796875,528.7185668945312
2023-10-16,532.5929081815956,537.1538106232181,529.944644178891,533.3775634765625,35829.0,531.5924438476562,513.9766632080078,496.2652526855469,70.1304849125959,15.724879790454224,532.5928955078125,533.181396484375,530.091796875
2023-10-17,534.5545622045278,546.3245709136182,530.8274047530545,544.0686645507812,82342.0,534.6624633789063,519.6704071044921,498.7394058227539,73.29552048053021,16.973018842861222,533.3775634765625,532.5928955078125,533.181396484375
2023-10-18,549.169018321305,549.2180480516063,533.2794944552563,536.0258178710938,136344.0,535.849267578125,525.0159545898438,501.57156524658205,67.50081365501192,17.115886241747944,544.0686645507812,533.3775634765625,532.5928955078125
2023-10-19,529.6994172088827,544.6081067554492,528.8167024822994,539.1644897460938,59639.0,537.0458862304688,528.5812896728515,504.74701538085935,68.5458998471619,17.283144937550958,536.0258178710938,544.0686645507812,533.3775634765625
2023-10-20,539.0173621064749,540.4395835098363,530.4350638202479,536.320068359375,38357.0,537.7913208007812,531.9357421875,507.42959747314455,66.46009681571874,16.990323748854394,539.1644897460938,536.0258178710938,544.0686645507812
2023-10-23,531.6611196898065,536.9086181205943,513.5156885750324,516.4581909179688,57855.0,534.4074462890625,532.9999450683594,509.3348678588867,54.084279116788956,14.982860243879088,536.320068359375,539.1644897460938,536.0258178710938
2023-10-25,516.4581896444026,524.5010413350012,509.690470191556,514.9869384765625,92717.0,528.5911010742187,531.6267822265625,511.12979278564455,53.29263190813905,13.121951488314664,516.4581909179688,536.320068359375,539.1644897460938
2023-10-26,510.131747120423,522.0979340733293,499.9311092863356,518.5669555664062,56441.0,525.0993286132813,530.4742980957031,513.3391204833985,55.018000861359795,11.800022043249612,514.9869384765625,516.4581909179688,536.320068359375
2023-10-27,523.0297145438689,533.132292462597,519.2044381144244,531.90625,36958.0,523.6476806640625,530.3467834472656,515.8353408813476,60.824840102046984,11.693952409559301,518.5669555664062,514.9869384765625,516.4581909179688
2023-10-30,537.0067031763491,537.0067031763491,526.1194679348108,531.9553833007812,36722.0,522.7747436523438,530.2830322265625,519.1603713989258,60.844890235222394,11.481504470866412,531.90625,518.5669555664062,514.9869384765625
2023-10-31,532.6909651948076,541.1261742066633,529.4051949711451,536.6633911132812,80701.0,526.8157836914063,530.6116149902343,522.2941390991211,62.80910525565204,11.559780874644161,531.9553833007812,531.90625,518.5669555664062
2023-11-01,553.6808370551081,571.924326960558,534.3583937445945,563.0477905273438,410136.0,536.4279541015625,532.5095275878906,526.0899673461914,71.45217976141853,13.594111561635827,536.6633911132812,531.9553833007812,531.90625
2023-11-02,567.755791942372,574.2783626202412,565.4018260335986,566.6278686523438,71719.0,546.04013671875,535.5697326660156,530.2928436279296,72.38980873640122,15.318632017978189,563.0477905273438,536.6633911132812,531.9553833007812
2023-11-03,569.1289855552724,581.6346203089643,568.8837770306902,576.2890625,131718.0,554.91669921875,539.2821899414063,533.9317398071289,74.79559727755957,17.265874254891514,566.6278686523438,563.0477905273438,536.6633911132812
2023-11-06,583.5472250107941,588.5984844057131,577.7602802193314,586.04833984375,55303.0,565.7352905273438,544.2550170898437,538.0953796386718,76.97785192554771,19.373247143087042,576.2890625,566.6278686523438,563.0477905273438
2023-11-07,580.9970079946829,587.4705484480571,569.9135955380569,572.8070678710938,118080.0,572.9640258789062,549.8899047851562,541.4449249267578,68.33302341119796,19.747261218434687,586.04833984375,576.2890625,566.6278686523438
2023-11-08,581.1307920784013,582.1650835016999,570.4429537103548,572.5115966796875,61199.0,574.856787109375,555.6423706054687,543.6345764160156,68.14910683061385,19.79168182381227,572.8070678710938,586.04833984375,576.2890625
2023-11-09,572.610054624649,579.3576891096893,572.610054624649,574.2354125976562,22348.0,576.3782958984375,561.2092163085938,545.8417572021484,68.67875765650264,19.738450441723103,572.5115966796875,572.8070678710938,586.04833984375
2023-11-10,576.2547988147062,584.7755134787539,571.1817624341653,574.5802001953125,54950.0,576.0365234375,565.476611328125,547.9116973876953,68.79054680039128,19.499309760506435,574.2354125976562,572.5115966796875,572.8070678710938
2023-11-13,582.2142687786329,583.1500790719599,573.0040677613013,574.3338623046875,58461.0,573.6936279296875,569.7144592285156,549.998745727539,68.60215470649158,19.070083585822317,574.5802001953125,574.2354125976562,572.5115966796875
2023-11-15,581.2292213826338,607.6778718397698,581.2292213826338,604.1316528320312,128085.0,579.958544921875,576.4612854003906,553.5364501953125,76.85815107977086,20.893504105435454,574.3338623046875,574.5802001953125,574.2354125976562
2023-11-16,608.712216164873,614.1299961191926,596.2020577003516,609.30322265625,177278.0,587.3168701171875,581.0868286132812,556.7981781005859,77.94221421563182,22.496554195321437,604.1316528320312,574.3338623046875,574.5802001953125
2023-11-17,606.7913370175019,615.6567948635369,606.7913370175019,613.243408203125,47290.0,595.1184692382812,585.7483825683594,560.6590576171875,78.75864198019647,23.810450928226942,609.30322265625,604.1316528320312,574.3338623046875
2023-11-20,611.3225662846097,628.7087387697173,610.43605654565,612.3076171875,66037.0,602.6639526367187,589.3502380371094,564.3162139892578,78.02004264034792,24.493863034775927,613.243408203125,609.30322265625,604.1316528320312
2023-11-21,612.7508987593448,619.89251776615,604.969032742812,606.495849609375,82389.0,609.0963500976562,591.3949890136719,567.8250030517578,73.41524052286822,24.286550741255382,612.3076171875,613.243408203125,609.30322265625
2023-11-22,606.2987844213446,617.6761094562079,602.2601000770536,615.9522705078125,36750.0,611.4604736328125,595.7095092773437,572.79970703125,75.90696251110263,24.601715132916752,606.495849609375,612.3076171875,613.243408203125
2023-11-23,620.532840411969,621.8133945861733,611.5688409470648,613.1449584960938,61271.0,612.2288208007812,599.7728454589844,577.7076080322265,73.69857879870779,24.344332257837095,615.9522705078125,606.495849609375,612.3076171875
2023-11-24,613.6866888638009,615.3120468400616,602.7526483119501,604.230224609375,48970.0,610.4261840820312,602.7723266601563,581.990771484375,67.0295637377665,23.154103857534096,613.1449584960938,615.9522705078125,606.495849609375
2023-11-28,606.8405650352939,608.9092078970606,591.3260141243411,602.6048583984375,36428.0,608.4856323242187,605.5747924804688,585.5257019042969,65.85939670054486,21.828065454628813,604.230224609375,613.1449584960938,615.9522705078125
2023-11-29,602.8511537015137,625.4580839898676,602.8511537015137,618.71044921875,171242.0,610.9285522460938,610.012451171875,589.8634552001953,71.22071492625237,21.825170071014213,602.6048583984375,604.230224609375,613.1449584960938
2023-11-30,620.5820156914053,625.1132254076789,614.4746885918009,620.7297973632812,40716.0,611.8840576171875,611.672265625,594.0667755126954,71.8182825682213,21.735269322492286,618.71044921875,602.6048583984375,604.230224609375
2023-12-01,620.9268165206182,632.747427430171,620.2373289824166,624.9163208007812,71762.0,614.238330078125,613.2335754394531,597.1602020263672,73.06687535872778,21.75110656783852,620.7297973632812,618.71044921875,602.6048583984375
2023-12-04,635.357785635884,635.357785635884,622.6506058740738,625.7535400390625,25626.0,618.5429931640625,614.4845886230469,600.1164855957031,73.3214330481573,21.582425527584178,624.9163208007812,620.7297973632812,618.71044921875
2023-12-05,625.5072980754701,629.4475015279139,614.6717385812493,627.8221435546875,91452.0,623.5864501953125,616.0360412597656,602.6931396484375,73.97591502321222,21.369331254812778,625.7535400390625,624.9163208007812,620.7297973632812
2023-12-06,632.4519120088273,650.1335875119181,630.2847880259072,644.0755004882812,102580.0,628.6594604492187,619.7940063476562,605.5944976806641,78.44939209501402,22.255415995864723,627.8221435546875,625.7535400390625,624.9163208007812
2023-12-07,644.2725167618777,651.5126768116367,641.8591300786246,645.45458984375,123524.0,633.6044189453125,622.74423828125,609.2268737792969,78.78266091321501,22.806031784351717,644.0755004882812,627.8221435546875,625.7535400390625
2023-12-08,647.3261829842686,656.9796691832096,638.1651620821614,648.1634521484375,56464.0,638.2538452148438,626.2460876464844,613.0094665527344,79.45474842599322,23.193619702379692,645.45458984375,644.0755004882812,627.8221435546875
2023-12-11,649.0500450556602,656.5364076504426,647.2769053839233,649.8380737304688,65775.0,643.070751953125,630.8068725585938,616.789599609375,79.87907218504978,23.366558742109078,648.1634521484375,645.45458984375,644.0755004882812
2023-12-12,651.9558932354245,659.7870596641593,651.0201430085826,654.0245361328125,31276.0,648.31123046875,635.9488403320313,620.76181640625,80.93893173561578,23.569729534766452,649.8380737304688,648.1634521484375,645.45458984375
2023-12-13,657.275220755099,663.6780516804015,653.6797608787192,661.116943359375,72439.0,651.7195190429687,640.1894897460937,625.1009704589844,82.61012938867867,24.026084099397394,654.0245361328125,649.8380737304688,648.1634521484375
2023-12-14,669.0465656162893,696.2831862075659,668.5047996601596,690.0281372070312,224882.0,660.634228515625,647.1193237304688,629.3957946777343,87.44314746705795,26.416131383187462,661.116943359375,654.0245361328125,649.8380737304688
2023-12-15,694.4116631108816,719.9737466946749,688.7476202798348,708.35009765625,266129.0,672.6715576171875,655.4627014160156,634.3481384277344,89.4451504307402,29.449217907653747,690.0281372070312,661.116943359375,654.0245361328125
2023-12-18,709.187352523922,717.0677591132614,695.0518371306556,704.7053833007812,64731.0,683.64501953125,663.3578857421875,638.9212371826172,86.4910100418644,31.19921768156962,708.35009765625,690.0281372070312,661.116943359375
2023-12-19,706.5277255249525,712.1917679394085,701.3562085378406,706.3799438476562,42918.0,694.1161010742187,671.2136657714843,643.624853515625,86.70821989417638,32.348336662803604,704.7053833007812,708.35009765625,690.0281372070312
2023-12-20,707.2665667841403,728.3959212286318,688.8953429153737,694.9534301757812,257326.0,700.8833984375,676.3014587402344,648.0477325439454,77.54575653610902,31.96848478353172,706.3799438476562,704.7053833007812,708.35009765625
2023-12-21,682.4925062573851,717.609595624263,682.4432657359048,712.7335815429688,111497.0,705.4244873046875,683.0293579101562,652.8867980957032,80.92370093373671,32.72492647113097,694.9534301757812,706.3799438476562,704.7053833007812
2023-12-22,717.9542774629364,734.5524201160879,712.2902351583549,729.7256469726562,206011.0,709.6995971679687,691.1855773925781,658.7158325195312,83.48126364951382,34.30013897892741,712.7335815429688,694.9534301757812,706.3799438476562
2023-12-26,732.8778661155704,734.8479679062037,719.3826568251856,723.4706420898438,39425.0,713.4526489257812,698.5488342285156,664.6778533935546,79.26820635046226,34.64442030943894,729.7256469726562,712.7335815429688,694.9534301757812
2023-12-27,726.5242623389579,731.9912826820031,715.7872438528233,723.02734375,38928.0,716.78212890625,705.4491149902344,670.6989776611329,78.96405417691247,34.48398535541412,723.4706420898438,729.7256469726562,712.7335815429688
2023-12-28,723.1258084046353,726.0317204506212,707.2665136926537,709.7783813476562,26581.0,719.747119140625,710.3152587890625,675.2523742675781,70.28406451323825,32.908411278365406,723.02734375,723.4706420898438,729.7256469726562
2023-12-29,710.3694606528037,717.1170350793884,706.2814754834087,710.418701171875,30379.0,719.2841430664063,712.3543151855469,679.7368194580079,70.45310912093936,31.350042158069982,709.7783813476562,723.02734375,723.4706420898438
2024-01-01,709.1873809936845,712.142533583319,689.6833859266429,691.6041870117188,238521.0,711.6598510742188,710.6797241210937,683.0712127685547,59.70560202158123,28.270959328446224,710.418701171875,709.7783813476562,723.02734375
2024-01-02,692.4907792194642,695.6429541081682,672.39571691137,676.8777465820312,99788.0,702.3412719726563,707.8969604492188,685.6274230957031,52.9029684381168,24.361637540721063,691.6041870117188,710.418701171875,709.7783813476562
2024-01-03,675.9911819571913,679.7836038833759,660.5751112813138,675.6956787109375,84773.0,692.8749389648438,704.8285339355468,688.0210998535156,52.38700976355034,20.926857078675653,676.8777465820312,691.6041870117188,710.418701171875
2024-01-04,675.9419472399871,690.963973634676,675.892706718978,677.7150268554688,75699.0,686.4622680664063,703.1046936035157,689.703076171875,53.22625804801441,18.158394664629213,675.6956787109375,676.8777465820312,691.6041870117188
2024-01-05,682.8865058727681,706.2322231828316,679.5373089135164,702.9815673828125,614291.0,684.9748413085938,702.1294921875,692.5794250488282,62.203381848540765,17.79800261974117,677.7150268554688,675.6956787109375,676.8777465820312
2024-01-08,710.5171703341795,711.4529806718284,697.5144870117884,699.5831298828125,417269.0,686.5706298828125,699.1152404785156,695.1504089355469,60.52086880065849,17.041717511982824,702.9815673828125,677.7150268554688,675.6956787109375
2024-01-09,705.8382128638526,719.8751882384387,705.8382128638526,708.8919067382812,81894.0,692.9734619140625,697.6573669433594,698.1031005859375,63.438102281027625,16.997559327571594,699.5831298828125,702.9815673828125,677.7150268554688
2024-01-10,710.2216880236066,730.5630128461921,708.3008267734757,728.4451293945312,85009.0,703.5233520507812,698.1991455078125,701.8241302490235,68.67428718075563,18.329059317177325,708.8919067382812,699.5831298828125,702.9815673828125
2024-01-11,733.8629380265529,748.8849646103179,730.6615225250947,735.5375366210938,603130.0,715.0878540039063,700.7750610351562,705.5451599121094,70.33389971562042,19.72915522092842,728.4451293945312,708.8919067382812,699.5831298828125
2024-01-12,745.831316503571,777.9439519460119,745.831316503571,775.0872802734375,158589.0,729.5089965820313,707.2419189453125,709.7981170654297,77.49424572944054,23.75622808392984,735.5375366210938,728.4451293945312,708.8919067382812
2024-01-15,783.1646811448402,792.2271611615363,765.5815471874264,774.5947265625,182242.0,744.5113159179688,715.5409729003907,713.1103485107421,77.24419162504684,26.60132387049225,775.0872802734375,735.5375366210938,728.4451293945312
2024-01-16,775.0872814876734,775.5798069407691,748.8849514320743,768.2904663085938,146027.0,756.3910278320312,724.6822448730469,716.2896026611328,73.9549411275312,28.024334579077163,774.5947265625,775.0872802734375,735.5375366210938
2024-01-17,751.8401158829644,793.6555395278613,751.8401158829644,788.9273071289062,97419.0,768.4874633789062,736.0054077148437,720.4169708251953,77.3543926580501,30.466107084813075,768.2904663085938,774.5947265625,775.0872802734375
2024-01-19,781.7363356825874,795.9210920655216,774.5947169728411,786.9571533203125,139155.0,778.77138671875,746.9296203613281,725.0171569824219,76.33010725386436,31.874821341501047,788.9273071289062,768.2904663085938,774.5947265625
2024-01-23,792.1287002141246,805.4268872790103,782.0319285537483,787.0556640625,91033.0,781.1650634765625,755.3370300292969,728.7332611083984,76.34697243008593,32.62312742698384,786.9571533203125,788.9273071289062,768.2904663085938
2024-01-24,787.1049332029163,815.3759069044905,782.3767007658008,810.5491333007812,110694.0,788.3559448242188,766.4336303710937,732.7744354248047,80.00583509335901,34.71175649385475,787.0556640625,786.9571533203125,788.9273071289062
2024-01-25,822.9115634292536,828.9203499980893,796.4136696060073,805.525390625,190764.0,795.8029296875,776.0969787597656,736.8771728515625,77.25386014680919,35.55181681434533,810.5491333007812,787.0556640625,786.9571533203125
2024-01-29,816.3117180663904,823.2563151013277,808.0865067237129,820.3504028320312,41346.0,802.087548828125,785.2875061035156,741.7433258056641,79.49530697984765,36.98745687894473,805.525390625,810.5491333007812,787.0556640625
2024-01-30,821.6309171389586,845.8632049248953,821.6309171389586,832.417236328125,98974.0,811.1795654296875,794.9754760742187,747.8752685546875,81.12563858454031,38.65333302749093,820.3504028320312,805.525390625,810.5491333007812
2024-01-31,830.4471344937805,841.725979123315,828.4277922091375,835.815673828125,24779.0,820.9315673828125,801.0483154296875,754.1451171875,81.57008225269828,39.78911325182207,832.417236328125,820.3504028320312,805.525390625
2024-02-01,835.323145145772,835.323145145772,806.0671220235489,816.41015625,96187.0,822.1037719726562,805.2298583984375,760.3854156494141,71.2525570653287,38.67751386862051,835.815673828125,832.417236328125,820.3504028320312
2024-02-02,822.9607358300536,837.7857389389957,822.9607358300536,833.69775390625,27347.0,827.7382446289063,811.7705871582032,768.226416015625,74.36353465658243,38.74490090144127,816.41015625,835.815673828125,832.417236328125
2024-02-05,835.1261312373082,837.7857806607782,818.6265288551,821.4339599609375,62746.0,827.9549560546875,815.0212524414062,775.513330078125,68.68502214751146,37.377851328652696,833.69775390625,816.41015625,835.815673828125
2024-02-06,826.605464626679,848.7198086407087,824.8323249560201,840.7901611328125,41290.0,829.629541015625,820.4045532226562,783.6670867919922,72.2825766565832,37.42492709782937,821.4339599609375,833.69775390625,816.41015625
2024-02-07,847.0453176210866,847.0453176210866,813.9475703437938,820.7444458007812,72210.0,826.6152954101562,823.7734313964844,789.5552307128906,64.07307229673795,35.436226524710946,840.7901611328125,821.4339599609375,833.69775390625
2024-02-08,832.0232868793958,833.3530815774991,820.7444417767605,824.930908203125,43412.0,828.3194458007813,825.2116088867188,795.8226196289063,64.96794095263425,33.80825895650344,820.7444458007812,840.7901611328125,821.4339599609375
2024-02-09,830.7919622659728,836.8499892941022,805.4269013114025,820.6951904296875,75928.0,825.7189331054688,826.7285888671875,801.4127838134766,63.2513242173277,31.809614470066663,824.930908203125,820.7444458007812,840.7901611328125
2024-02-12,791.2913648630697,830.6934003112269,791.2913648630697,811.8297119140625,31531.0,823.7980834960938,825.8765197753906,805.5820129394531,59.695999151891506,29.17400452679624,820.6951904296875,824.930908203125,820.7444458007812
2024-02-13,809.7118016493056,832.8604967086227,790.6017910406059,831.1366577148438,63951.0,821.8673828125,825.7484619140625,810.3619689941406,64.3903302474557,28.316755894076437,811.8297119140625,820.6951904296875,824.930908203125
2024-02-14,823.6010238174277,827.1472430896328,800.9448533821568,821.4339599609375,79802.0,822.0052856445312,824.3102905273438,812.6793029785156,60.57210261234853,26.548419897826648,831.1366577148438,811.8297119140625,820.6951904296875
2024-02-15,826.802484673002,842.5140592329848,820.7444574492829,831.3829956054688,64923.0,823.295703125,825.8075744628907,815.5187164306641,62.99520797623247,25.65408063710572,821.4339599609375,831.1366577148438,811.8297119140625
2024-02-16,831.5306954575414,838.7707951244374,821.5816458422028,829.3143310546875,18182.0,825.01953125,825.3692321777344,818.5699096679688,62.14007389484724,24.496011615257885,831.3829956054688,821.4339599609375,831.1366577148438
2024-02-19,831.2844492930687,831.2844492930687,816.410145153089,818.9713134765625,19429.0,826.4478515625,825.1229675292968,820.0721099853515,57.907510515503056,22.484451730196156,829.3143310546875,831.3829956054688,821.4339599609375
2024-02-20,817.5922529269639,819.3160920144605,789.4690615526379,794.6898193359375,130827.0,819.1584838867187,820.5129333496094,820.4587432861329,49.40051825789781,18.715224917517276,818.9713134765625,829.3143310546875,831.3829956054688
2024-02-21,795.1823515067709,806.1656932632678,778.1902232150499,783.3125,76858.0,811.5341918945312,816.7697387695313,820.2715850830078,45.99121780317183,14.64125564525807,794.6898193359375,818.9713134765625,829.3143310546875
2024-02-22,783.5587352406868,809.9580868244026,783.5587352406868,806.0178833007812,70320.0,806.4611694335938,814.8784362792969,820.0450225830078,52.96723938117395,13.093803109558735,783.3125,794.6898193359375,818.9713134765625
2024-02-23,816.4593859361345,823.4040426370791,794.9360485710067,798.7777709960938,104247.0,800.353857421875,812.6866943359375,819.7076416015625,50.71764777907399,11.15463557597809,806.0178833007812,783.3125,794.6898193359375
2024-02-26,797.3986660040679,799.0240239616313,764.4487029259869,767.1575927734375,215199.0,789.99111328125,808.219482421875,817.0480010986328,42.273298734762896,6.985819039587909,798.7777709960938,806.0178833007812,783.3125
2024-02-27,768.3889710376416,787.8437270346652,764.8428117151274,786.1691284179688,47218.0,788.2869750976563,803.7227294921875,814.735595703125,47.890985279018,5.156631502212576,767.1575927734375,798.7777709960938,806.0178833007812
2024-02-28,790.0108579123262,795.6749008462363,751.5938710562406,755.1893310546875,46913.0,782.6623413085938,797.0982666015625,810.7042785644531,40.905335910472964,1.1934194652925498,786.1691284179688,767.1575927734375,798.7777709960938
2024-02-29,755.484800929513,770.3098049725319,745.5850513939912,765.6800537109375,36675.0,774.594775390625,790.5279724121094,808.1677734375,43.89006092076943,-1.0883946476396886,755.1893310546875,786.1691284179688,767.1575927734375
2024-03-01,762.035348977848,778.1902077188266,761.4443424894341,763.2666625976562,48585.0,767.4925537109375,783.9232055664063,804.6462188720703,43.347649782345606,-3.056258618117454,765.6800537109375,755.1893310546875,786.1691284179688
2024-03-04,775.7768147864977,782.0319239986696,770.3097943828798,771.442626953125,19485.0,768.349560546875,779.1703369140625,802.1466522216797,45.79177561429612,-3.9109895453417494,763.2666625976562,765.6800537109375,755.1893310546875
2024-03-05,770.4082616933853,770.4082616933853,742.7283562841441,747.6043701171875,30959.0,760.6366088867187,774.4617919921875,797.4873626708984,40.32866865322571,-6.437708172725365,771.442626953125,763.2666625976562,765.6800537109375
2024-03-06,744.1566933934171,760.4592733030219,727.8541134838123,757.4056396484375,105473.0,761.0798706054687,771.8711059570312,794.3204223632813,43.32268396211549,-7.562099178322342,747.6043701171875,771.442626953125,763.2666625976562
2024-03-07,763.9069504058026,767.0591252173236,754.795229849705,760.8040161132812,38093.0,760.1046630859375,767.3497192382813,791.1140777587891,44.36502544302745,-8.0857589755027,757.4056396484375,747.6043701171875,771.442626953125
2024-03-11,756.0265663199953,770.3098043807638,745.5357501779915,762.4786376953125,38335.0,759.9470581054687,763.7198059082032,788.2032501220704,44.90275083106672,-8.270300297513131,760.8040161132812,757.4056396484375,747.6043701171875
2024-03-12,764.8920145941049,778.9782302691017,745.8805444787083,748.0476684570312,38202.0,755.26806640625,761.8088134765625,785.0141479492188,41.20665275973226,-9.471823947184703,762.4786376953125,760.8040161132812,757.4056396484375
2024-03-13,752.0863520066686,773.0679238691446,706.7740112177927,711.4530029296875,60798.0,748.03779296875,754.3372009277343,779.0299652099609,33.64384406891493,-13.224480194012472,748.0476684570312,762.4786376953125,760.8040161132812
2024-03-14,697.95780424246,754.0564651081702,697.95780424246,752.4804077148438,27840.0,747.0527465820312,754.06630859375,775.5822875976562,45.68065068339614,-12.741047752751001,711.4530029296875,748.0476684570312,762.4786376953125
2024-03-15,752.1355982109907,752.1355982109907,724.0616477274431,743.6641845703125,48740.0,743.6247802734375,751.8647216796875,771.1963470458984,43.84031543065371,-12.920381472662598,752.4804077148438,711.4530029296875,748.0476684570312
2024-03-18,738.935955830065,741.0537791889759,714.2111421949995,716.27978515625,20713.0,734.385009765625,747.1660339355469,765.5446197509766,38.633902885547975,-15.098154779439824,743.6641845703125,752.4804077148438,711.4530029296875
2024-03-19,715.2946872383791,722.2392835943112,703.0800328463172,709.7291259765625,48617.0,726.7213012695313,740.9946838378906,760.0825103759765,37.4870373714666,-17.15488838991621,716.27978515625,743.6641845703125,752.4804077148438
2024-03-20,710.0247149846929,722.2886113755907,702.3905700980092,707.611328125,19902.0,725.9529663085938,736.9953796386719,755.7285858154297,37.10355656382148,-18.73973320235234,709.7291259765625,716.27978515625,743.6641845703125
2024-03-21,712.6350622809713,729.2823858719016,712.6350622809713,727.8048095703125,45082.0,721.0178466796875,734.0352966308594,752.9532012939453,43.08244101367581,-18.156986507599527,707.611328125,709.7291259765625,716.27978515625
2024-03-22,704.3606024207966,727.7063197279872,702.4890418684015,719.7766723632812,38771.0,716.2403442382813,729.9325622558594,748.6411407470703,41.39760529422684,-18.133922560902874,727.8048095703125,707.611328125,709.7291259765625
2024-03-26,715.2454284182227,737.1135702386304,715.2454284182227,734.0599365234375,22118.0,719.7963745117188,727.0906921386719,745.4052490234375,45.48258479284643,-16.769792441046434,719.7766723632812,727.8048095703125,707.611328125
2024-03-27,734.8972284606351,756.2728454962789,734.8972284606351,748.9342041015625,86107.0,727.6373901367188,727.179345703125,744.4940795898438,49.43546236292619,-14.323369521068798,734.0599365234375,719.7766723632812,727.8048095703125
2024-03-28,759.7204988393328,759.7204988393328,728.9376585297974,731.0555419921875,30141.0,732.3262329101562,729.139599609375,741.7384002685546,45.193755529669396,-13.669645184841897,748.9342041015625,734.0599365234375,719.7766723632812
2024-04-01,736.0300267630856,751.5938185833849,735.3897196444256,750.0177612304688,61327.0,736.7688232421875,728.8933349609375,741.4798217773438,50.08553940202221,-11.489032900301595,731.0555419921875,748.9342041015625,734.0599365234375
2024-04-02,747.3088586700234,762.5771469935248,746.9640547955302,756.17431640625,22027.0,744.0483520507812,730.1443481445312,741.0045349121094,51.59614289079914,-9.158525621749845,750.0177612304688,731.0555419921875,748.9342041015625
2024-04-03,758.1444828614036,772.9694875394159,747.161140790146,765.1875610351562,42544.0,750.273876953125,735.0351257324219,741.1005798339844,53.800536286222275,-6.509253673891976,756.17431640625,750.0177612304688,731.0555419921875
2024-04-04,780.1110674099334,780.1110674099334,758.0459033385745,767.0591430664062,26538.0,753.8988647460938,740.7681274414062,740.8814056396484,54.266291730330906,-4.2101337387595095,765.1875610351562,756.17431640625,750.0177612304688
2024-04-05,765.8770804228002,765.8770804228002,733.8629259356735,738.0986328125,58464.0,755.3074829101563,743.8168579101563,740.406118774414,46.460962382229795,-4.671090348425992,767.0591430664062,765.1875610351562,756.17431640625
2024-04-08,747.6043536679674,747.6043536679674,715.2946978541792,720.958740234375,149203.0,749.4956787109375,743.1322509765625,738.583773803711,42.55936215472564,-6.346291768517403,738.0986328125,767.0591430664062,765.1875610351562
2024-04-09,721.0572039616909,735.8329663379551,715.0484179777692,717.905029296875,51976.0,741.8418212890625,742.9450866699219,736.4388244628906,41.8845040680791,-7.830049972793972,720.958740234375,738.0986328125,767.0591430664062
2024-04-10,720.2692065058483,733.1733488239663,719.0871334400302,727.8048095703125,74052.0,734.3652709960937,742.3195739746094,734.7051330566406,44.933036298650926,-8.113581193958112,717.905029296875,720.958740234375,738.0986328125
2024-04-12,727.7555692887174,739.2314359505606,720.0721845424961,721.2050170898438,96929.0,725.1944458007813,739.5466552734375,733.3630004882813,43.302243993874484,-8.769737748081866,727.8048095703125,717.905029296875,720.958740234375
2024-04-15,710.1724090360246,716.6737204752125,695.4458870796917,696.5294189453125,55766.0,716.8806030273438,736.09404296875,732.6168212890625,37.78109441468709,-11.152304270698778,721.2050170898438,727.8048095703125,717.905029296875
2024-04-16,691.4564853254053,702.2920451321002,685.0536545305401,697.2682495117188,81576.0,712.1425048828125,730.819091796875,729.8562133789062,38.03584868066994,-12.832957606247192,696.5294189453125,721.2050170898438,727.8048095703125
2024-04-18,699.0906029137179,709.2366146825467,684.8566060528342,686.3834228515625,23830.0,705.83818359375,723.8400024414062,726.9921752929688,35.71568096902476,-14.871769524581168,697.2682495117188,696.5294189453125,721.2050170898438
2024-04-19,682.5910541227352,683.9208488294415,662.3482695311952,671.5584716796875,782726.0,694.588916015625,714.4770935058593,724.7561096191406,32.78258730431415,-17.482267622176664,686.3834228515625,697.2682495117188,696.5294189453125
2024-04-22,672.9868317239838,680.177691748332,648.2620164137243,650.03515625,609221.0,680.3549438476563,702.7746948242187,721.7714111328125,29.052255721014916,-21.045261178818464,671.5584716796875,686.3834228515625,697.2682495117188
2024-04-23,660.2795769083945,660.2795769083945,640.2830565514123,642.4009399414062,1451813.0,669.529248046875,693.2049255371094,718.5108917236328,27.842086873245606,-24.20594562326835,650.03515625,671.5584716796875,686.3834228515625
2024-04-24,649.8873045811359,659.3437687836212,646.4396265727479,648.6067504882812,682626.0,659.7969482421875,685.9697265625,714.5509887695313,30.38080138834877,-25.911363698533705,642.4009399414062,650.03515625,671.5584716796875
2024-04-25,648.9023064032327,655.8961440246694,645.9471535846981,650.3798828125,68324.0,652.596240234375,679.2172119140625,711.0811492919922,31.1264083430233,-26.810784811997223,648.6067504882812,642.4009399414062,650.03515625
2024-04-26,650.8723603742706,683.5760611834193,649.1485213570098,664.2197875976562,269516.0,651.1285034179688,672.8587097167969,707.5891418457031,36.81460104799705,-26.105885475729792,650.3798828125,648.6067504882812,642.4009399414062
2024-04-29,671.2137141102799,674.4643700886705,654.6155702034549,664.5153198242188,161757.0,654.0245361328125,667.1897399902343,703.368197631836,36.93437729052711,-25.23253572723911,664.2197875976562,650.3798828125,648.6067504882812
2024-04-30,680.9164296649628,683.6253196202302,638.9532856797315,640.4801025390625,206895.0,653.6403686523438,661.5848083496094,698.8394256591797,31.675372422337034,-26.178076354704785,664.5153198242188,664.2197875976562,650.3798828125
2024-05-02,642.2532005117173,644.8636095015421,627.4774366962636,633.1414794921875,191957.0,650.547314453125,655.1721313476562,692.9956115722656,30.258684953630237,-27.20597610526545,640.4801025390625,664.5153198242188,664.2197875976562
2024-05-03,639.2488024620257,639.2488024620257,618.4149515884413,624.1282348632812,83290.0,645.2969848632813,648.9466125488282,686.3933074951171,28.568658760792943,-28.420276323477765,633.1414794921875,640.4801025390625,664.5153198242188
2024-05-06,632.3534216276546,632.3534216276546,606.8898204192834,609.4509887695312,60695.0,634.3432250976563,642.7358642578125,678.606478881836,26.020069016253515,-30.21860779168128,624.1282348632812,633.1414794921875,640.4801025390625
2024-05-07,611.3718908498139,614.6225469319969,589.3559662351317,603.9840087890625,90790.0,622.236962890625,638.1307495117187,670.4527221679688,25.121116788690657,-31.719297712029856,609.4509887695312,624.1282348632812,633.1414794921875
2024-05-08,603.9346640821071,613.1941663051255,594.0841553864425,606.840576171875,183176.0,615.5090576171875,634.5747131347656,663.8898193359375,26.549047949147194,-32.30570412379336,603.9840087890625,609.4509887695312,624.1282348632812
2024-05-09,607.5301171387857,608.0226425681645,593.0006169721103,594.8229370117188,47803.0,607.8453491210937,629.1963317871093,657.5830291748047,24.43766509076636,-33.355655244090144,606.840576171875,603.9840087890625,609.4509887695312
2024-05-10,597.8766796891023,597.9259202115244,569.0639397118583,574.3831787109375,124203.0,597.896337890625,621.5966613769531,650.4069366455078,21.330524818224262,-35.42866712308478,594.8229370117188,606.840576171875,603.9840087890625
2024-05-13,576.2055002110187,580.687469503249,556.3074612416622,577.3875732421875,158503.0,591.4836547851562,612.9134399414063,642.8860748291015,22.882623353231224,-36.40940943464091,574.3831787109375,594.8229370117188,606.840576171875
2024-05-14,585.957528017924,603.2452201251523,576.0577780885781,600.7825927734375,149225.0,590.8433715820313,606.5401672363281,636.8649536132813,33.83032969501065,-34.89660587641981,577.3875732421875,574.3831787109375,594.8229370117188
2024-05-15,600.8810623845498,605.8063169942592,590.3410054952243,603.1466674804688,117761.0,590.10458984375,602.8068237304688,632.1958160400391,34.83701637221134,-33.12509164903122,600.7825927734375,577.3875732421875,574.3831787109375
2024-05-16,610.6330754033817,614.4254973096255,596.743821675126,606.495849609375,60471.0,592.4391723632813,600.1422607421875,627.6571960449219,36.315216644896324,-31.092488005904897,603.1466674804688,600.7825927734375,577.3875732421875
2024-05-17,608.0226742622858,609.8942950405797,600.3885297089723,601.5213623046875,92810.0,597.8668090820313,597.8815734863281,623.4140930175781,35.04365912913383,-29.542487124559784,606.495849609375,603.1466674804688,600.7825927734375
2024-05-21,608.7121678677508,608.7121678677508,584.7261442631115,586.1544799804688,49122.0,599.6201904296875,595.5519226074218,619.1438934326172,31.38749149367692,-29.217280612337504,601.5213623046875,606.495849609375,603.1466674804688
2024-05-22,590.0946842460562,597.3840843946435,585.8097372096346,592.7543334960938,82200.0,598.0145385742187,594.428955078125,616.2798522949219,34.54602780870202,-28.103044681431584,586.1544799804688,601.5213623046875,606.495849609375
2024-05-23,593.5423880367607,612.9479021461266,592.2618339338828,607.234619140625,173077.0,598.83212890625,594.468359375,614.5215362548828,40.96705544536254,-25.754682693478003,592.7543334960938,586.1544799804688,601.5213623046875
2024-05-24,610.4360434297463,618.9074569634905,605.8555327806296,608.6629638671875,148509.0,599.2655517578125,595.8523620605469,612.5243469238281,41.57589268316536,-23.507355258136386,607.234619140625,592.7543334960938,586.1544799804688
2024-05-27,617.7746516645299,630.3340497385103,612.7016158443786,625.9505615234375,128865.0,604.1513916015625,601.0091003417969,611.302880859375,48.49910753874527,-20.09967092729164,608.6629638671875,607.234619140625,592.7543334960938
2024-05-28,630.4325841933905,632.353445497902,607.7271726778478,611.1256103515625,201385.0,609.1456176757813,604.3829040527344,608.6481719970703,43.71511336643841,-18.383393884901466,625.9505615234375,608.6629638671875,607.234619140625
2024-05-29,611.1255634625691,612.8986429450251,603.8361632180223,611.371826171875,25809.0,612.8691162109375,605.4418273925781,605.9909973144531,43.81424003729667,-16.80959387018447,611.1256103515625,625.9505615234375,608.6629638671875
2024-05-30,612.5046270970904,612.5046270970904,599.1079591358042,601.6690673828125,101215.0,611.756005859375,605.2940673828125,604.0504455566406,40.76722995096004,-16.159006595443202,611.371826171875,611.1256103515625,625.9505615234375
2024-05-31,601.669019401466,608.9584194043113,592.8528026760969,595.3154296875,185651.0,609.0864990234375,604.176025390625,602.1591430664063,38.86137992973569,-15.971981890409438,601.6690673828125,611.371826171875,611.1256103515625
2024-06-03,610.6330535892746,610.6330535892746,596.940822554202,604.4271850585938,51008.0,604.7818237304688,604.4666076660156,601.1740905761719,42.97838427861549,-14.916571999137204,595.3154296875,601.6690673828125,611.371826171875
2024-06-04,600.8318251085833,602.210860333109,556.9478183235664,589.158935546875,275673.0,600.3884887695312,604.7670532226563,600.1594879150391,38.32164696975451,-15.137674501221795,604.4271850585938,595.3154296875,601.6690673828125
2024-06-05,600.7332284021797,626.147588074101,582.2635252235926,621.5670776367188,74131.0,602.4275390625,607.6483276367187,601.0386413574219,50.56534775184189,-12.553128950090013,589.158935546875,604.4271850585938,595.3154296875
2024-06-06,635.209998248368,642.4009173441048,627.6743955369005,637.130859375,137327.0,609.5198974609375,610.6379516601562,602.5531555175781,55.168053538862445,-9.143589260536032,621.5670776367188,589.158935546875,604.4271850585938
2024-06-07,640.3323162380583,676.1881925273781,640.3323162380583,668.258544921875,597175.0,624.1085205078125,616.597509765625,606.2249359130859,62.65680742440338,-3.8849768189919587,637.130859375,621.5670776367188,589.158935546875
2024-06-10,681.4089432307494,681.4089432307494,653.0887305558177,669.6375732421875,238754.0,637.1505981445313,620.9662109375,610.9876556396484,62.952062273460086,0.3892998809208166,668.258544921875,637.130859375,621.5670776367188
2024-06-11,672.5435007058734,672.5435007058734,661.3138964179701,663.0870361328125,74559.0,651.9362182617188,626.162353515625,615.2726287841797,60.50489034418238,3.2111057324585772,669.6375732421875,668.258544921875,637.130859375
2024-06-12,663.4810420024734,677.0254922925358,659.9841232248593,661.5601806640625,160695.0,659.9348388671875,631.1811889648437,618.3115081787109,59.920189928327865,5.263528049034335,663.0870361328125,669.6375732421875,668.258544921875
2024-06-13,667.3720280023165,689.3386524714242,666.091473773871,673.2330932617188,252357.0,667.1552856445312,638.3375915527344,621.8158294677735,62.87402838874206,7.742740520819439,661.5601806640625,663.0870361328125,669.6375732421875
2024-06-14,678.3059885849592,678.3059885849592,659.7378041848045,667.3719482421875,179480.0,666.9779663085938,645.5432434082031,624.8596343994141,60.464407046907404,9.129351367288791,673.2330932617188,661.5601806640625,663.0870361328125
2024-06-18,671.8539331925092,676.7299470187191,655.4035716552803,674.0210571289062,109904.0,667.8546630859375,652.5026306152344,628.484619140625,62.232719048889955,10.642102438907159,667.3719482421875,673.2330932617188,661.5601806640625
2024-06-19,680.4238601577588,684.413303990815,667.8644620875288,680.1283569335938,199212.0,671.2629272460938,661.5995727539063,633.1833129882813,63.83284956814896,12.193220756487449,674.0210571289062,667.3719482421875,673.2330932617188
2024-06-20,685.7431857738853,688.5505566984551,673.5285309621869,677.6165161132812,132540.0,674.4741943359375,667.2045166015625,637.4264221191406,62.65703965049838,13.069155546629531,680.1283569335938,674.0210571289062,667.3719482421875
2024-06-21,684.905870198786,690.8161755250337,667.6182391440586,671.262939453125,178048.0,674.0801635742188,670.617724609375,640.6278381347656,59.66331987661231,13.09965497289204,677.6165161132812,680.1283569335938,674.0210571289062
2024-06-24,671.8047047827101,686.5804680843826,654.4678332245082,668.0615234375,375276.0,674.2180786132812,670.5980224609375,643.5977661132813,58.15553003000507,12.718883103641815,671.262939453125,677.6165161132812,680.1283569335938
2024-06-25,671.8046866193795,687.9102441336687,670.8688762776944,685.3983764648438,75404.0,676.4935424804687,672.1741027832031,646.5701568603515,63.53050003950607,13.65860985095594,668.0615234375,671.262939453125,677.6165161132812
2024-06-26,687.7625530024341,698.3026096967941,672.3464823101086,675.4986572265625,205737.0,675.5676025390625,673.4152648925781,649.7888092041015,58.87956909767238,13.44948813424844,685.3983764648438,668.0615234375,671.262939453125
2024-06-27,681.4089730568172,684.7088695855907,664.0721009356192,676.532958984375,174977.0,675.3508911132812,674.9125427246094,653.0468658447265,59.215509107880884,13.21488421569336,675.4986572265625,685.3983764648438,668.0615234375
2024-06-28,676.53292994778,688.550562665487,676.4836894285023,679.6358642578125,75412.0,677.0254760742188,675.5528198242188,656.9452056884766,60.26430464234332,13.128005962675843,676.532958984375,675.4986572265625,685.3983764648438
2024-07-01,680.9164321200434,713.1768489763638,680.7686504364929,706.675537109375,347263.0,684.7482788085938,679.4831787109375,662.5132110595703,67.98944798094779,15.067342989494136,679.6358642578125,676.532958984375,675.4986572265625
2024-07-02,714.7036410439545,714.7036410439545,696.4802000932725,698.5980834960938,174939.0,687.3882202148437,681.9408813476563,667.2217559814453,63.98743794320612,15.770703699594264,706.675537109375,679.6358642578125,676.532958984375
2024-07-03,703.8681047700711,705.7397255190599,696.5787642230696,700.272705078125,153748.0,692.3430297851562,683.9553161621094,672.7774444580078,64.45457812590945,16.275634710352392,698.5980834960938,706.675537109375,679.6358642578125
2024-07-04,700.4203820713989,714.6051381013389,700.4203820713989,706.7247314453125,108183.0,698.3813842773437,686.8661376953125,677.0353271484375,66.26998459647996,17.00045017302557,700.272705078125,698.5980834960938,706.675537109375
2024-07-05,708.3008320424351,710.6157377128461,699.632396215248,703.8681030273438,121633.0,703.22783203125,690.1266540527344,680.3721893310546,64.6945506156926,17.146709021572292,706.7247314453125,700.272705078125,698.5980834960938
2024-07-08,711.1082179088264,711.4037211331483,691.6041633853432,696.9234619140625,103354.0,701.2774169921875,693.0128479003906,681.8054351806641,60.90393760438811,16.51190673123665,703.8681030273438,706.7247314453125,700.272705078125
2024-07-09,697.4652772685471,703.8188675939775,690.0773955233338,692.8848266601562,56610.0,700.134765625,693.7614929199219,682.9677978515625,58.74815248313774,15.50421429853975,696.9234619140625,703.8681030273438,706.7247314453125
2024-07-10,692.9832513473433,695.4458783954859,673.0359722573878,681.5073852539062,98753.0,696.3817016601563,694.3623657226562,683.8888153076172,53.05111267189624,13.630423314035966,692.8848266601562,696.9234619140625,703.8681030273438
2024-07-11,687.5655152802354,693.4758205691772,680.0298519877408,685.4476318359375,57933.0,692.1262817382812,695.2538330078125,685.0831878662109,54.68986701077159,12.321342659626225,681.5073852539062,692.8848266601562,696.9234619140625
2024-07-12,697.6338562163484,727.6534494768991,696.0486262520523,725.275634765625,279602.0,696.4077880859375,699.8178100585938,687.6853149414062,67.16562865724568,14.332458133786076,685.4476318359375,681.5073852539062,692.8848266601562
2024-07-15,746.6262471065813,746.6262471065813,724.4830956532155,726.9599609375,235127.0,702.415087890625,701.8462524414062,690.6647155761718,67.57226916725416,15.879147751083337,725.275634765625,685.4476318359375,681.5073852539062
2024-07-16,730.1798509261071,731.1210717832414,718.9349072607681,720.17333984375,214840.0,707.8727905273438,704.0037780761719,692.9723297119141,64.12615828280136,16.36859978278528,726.9599609375,725.275634765625,685.4476318359375
2024-07-18,718.3404067839348,746.9234664226386,717.3001355322722,742.0687866210938,245754.0,719.9850708007813,708.1833862304687,696.0693511962891,69.5259373647644,18.312182174102986,720.17333984375,726.9599609375,725.275634765625
2024-07-19,752.8184042361912,752.9670403401852,714.1297809022544,717.3992309570312,162104.0,726.375390625,709.2508361816406,698.0584869384766,58.788875468485514,17.65830431177301,742.0687866210938,720.17333984375,726.9599609375
2024-07-22,703.4297415162605,716.705763642874,693.5222803681442,697.5347900390625,333879.0,720.8272216796875,708.6175048828125,699.3720794677735,51.845799990319406,15.360144838579572,717.3992309570312,742.0687866210938,720.17333984375
2024-07-23,698.5255010275208,722.2043561689314,674.797120676929,717.1019897460938,318603.0,718.8556274414062,710.6353576660156,701.8241027832031,57.207049059970515,14.945464375087568,697.5347900390625,717.3992309570312,742.0687866210938
2024-07-24,718.2413904742049,722.1548496261416,702.5380286559968,711.1575317382812,85080.0,717.0524658203125,712.4626281738281,703.112060546875,55.196513640963076,13.976051813322897,717.1019897460938,697.5347900390625,717.3992309570312
2024-07-25,704.2223249231824,712.1978190375955,697.485263449838,699.6649169921875,65722.0,708.5716918945312,714.2783813476562,704.3203735351562,51.43298535913944,12.14047952093199,711.1575317382812,717.1019897460938,697.5347900390625
2024-07-26,699.7144037004351,723.2446225859366,699.7144037004351,720.4210205078125,82357.0,709.1760498046875,717.7757202148438,706.5147766113281,57.11960264046595,12.219757583457067,699.6649169921875,711.1575317382812,717.1019897460938
2024-07-29,723.2941676986939,728.5946955388628,708.7301881462957,712.346435546875,78124.0,712.13837890625,716.4828002929687,708.1503051757812,54.44869347244537,11.498487093298422,720.4210205078125,699.6649169921875,711.1575317382812
2024-07-30,712.3464435670294,716.5571144782392,700.4574904059664,703.2315673828125,34199.0,709.3642944335937,714.1099609375,707.9781066894532,51.52005906892503,10.075240250675733,712.346435546875,720.4210205078125,699.6649169921875
2024-07-31,707.0459798548289,707.0459798548289,667.7628727238144,669.5462036132812,414626.0,701.0420288085937,709.0472473144531,706.5255126953125,42.43586696666088,6.158191737083598,703.2315673828125,712.346435546875,720.4210205078125
2024-08-01,668.4563762411804,669.05079968679,633.6811533848489,636.7525024414062,571075.0,688.4595458984375,698.5156188964844,703.3495025634766,35.81507812856276,0.4030785148652285,669.5462036132812,703.2315673828125,712.346435546875
2024-08-02,634.077504318725,634.1270295296813,595.4384063993027,599.9462890625,348615.0,664.364599609375,686.7703247070312,698.0105804443359,30.13270040401723,-7.046615003023476,636.7525024414062,669.5462036132812,703.2315673828125
2024-08-05,579.6359729323535,589.4443831588824,546.0001319490501,572.4530639648438,708248.0,636.3859252929688,674.2621520996094,691.439828491211,26.72214754050698,-14.996157909410044,599.9462890625,636.7525024414062,669.5462036132812
2024-08-06,580.626718767637,600.8379626632707,568.9359273054077,570.9174194335938,230342.0,609.923095703125,659.6436950683594,685.1395263671875,26.54144635136501,-21.176037437881973,572.4530639648438,599.9462890625,636.7525024414062
2024-08-07,580.8744314315176,587.5124424538166,569.2331646543972,570.867919921875,208828.0,590.1874389648438,645.6147338867188,679.0386810302734,26.53521751092859,-25.780449708270453,570.9174194335938,572.4530639648438,599.9462890625
2024-08-08,573.7410164278889,575.1280850934252,560.6136311953517,565.9636840820312,165110.0,576.0296752929687,632.2446105957031,673.2614959716797,25.887001892672473,-29.485322013225982,570.867919921875,570.9174194335938,572.4530639648438
2024-08-09,576.3170155021161,581.2212207659798,567.2516645455697,571.7100219726562,103195.0,570.382421875,617.3735107421875,667.5746154785156,28.10321146670391,-31.59358735474268,565.9636840820312,570.867919921875,570.9174194335938
2024-08-12,571.6605048494722,588.0078156467275,564.8739181914764,582.2119750976562,83662.0,572.3342041015625,604.3600646972657,660.4214324951172,32.099466797932976,-32.04755867097663,571.7100219726562,565.9636840820312,570.867919921875
2024-08-13,585.9767710234588,585.9767710234588,556.0067026193433,559.5733642578125,164363.0,570.0653930664063,589.9942443847656,652.0521026611328,28.430882827522623,-33.84394892965486,582.2119750976562,571.7100219726562,565.9636840820312
2024-08-14,564.0317082603092,564.0317082603092,547.6348733987035,560.6632080078125,190946.0,568.0244506835937,579.1059448242188,644.0765960693359,28.852443204368726,-34.77875206474857,559.5733642578125,582.2119750976562,571.7100219726562
2024-08-16,571.8586226757445,600.6893080647517,566.6572059994559,594.9429931640625,479422.0,573.8203125,574.9249938964844,636.7203063964844,40.68678539905465,-32.38023887248869,560.6632080078125,559.5733642578125,582.2119750976562
2024-08-19,602.5222646099079,631.6006384426191,601.3828824073253,618.0274047851562,352710.0,583.0837890625,576.73310546875,631.7517150878906,47.07146891960168,-28.2905647734799,594.9429931640625,560.6632080078125,559.5733642578125
2024-08-20,619.7116774724041,620.6033731389185,604.3551131225682,607.5255126953125,295548.0,588.1464965820312,580.2403503417969,627.2512512207031,44.7133869073112,-25.601762329589064,618.0274047851562,594.9429931640625,560.6632080078125
2024-08-21,608.3676453492844,608.5658066681538,600.0949394020065,603.4634399414062,87260.0,596.92451171875,583.4949523925782,621.5693237304688,43.79941201773162,-23.527432744748694,607.5255126953125,618.0274047851562,594.9429931640625
2024-08-22,606.1384337935735,610.894002837558,595.4383883270231,596.0823974609375,157181.0,604.008349609375,586.0164001464843,615.8155670166016,42.114851338795766,-22.222927965954,603.4634399414062,607.5255126953125,618.0274047851562
2024-08-23,596.77587890625,602.3736184633306,585.8281467831806,596.77587890625,169135.0,604.3749267578125,589.0976196289063,610.6711151123047,42.33923982391709,-20.89230686481119,596.0823974609375,603.4634399414062,607.5255126953125
2024-08-26,601.0361351943876,629.3219237584061,601.0361351943876,623.1297607421875,536469.0,605.3953979492187,594.2395935058594,605.8065521240235,50.2343395123588,-17.50940452384316,596.77587890625,596.0823974609375,603.4634399414062
2024-08-28,640.7155062715649,662.2642336542161,629.6191380080393,655.0317993164062,502773.0,614.8966552734375,601.5215759277344,602.9408203125,57.77199587835024,-12.114553122305551,623.1297607421875,596.77587890625,596.0823974609375
2024-08-29,654.6354434187241,679.8994673418076,650.3752475571347,672.4688720703125,518238.0,628.6977416992188,612.8111267089844,601.402685546875,61.228660135587646,-6.358768549594856,655.0317993164062,623.1297607421875,596.77587890625
2024-08-30,677.3235820380794,680.6425572192067,662.4623908324199,664.493408203125,171227.0,642.3799438476562,623.1941467285156,601.1500457763672,58.855585572027636,-2.4130054629493998,672.4688720703125,655.0317993164062,623.1297607421875
2024-09-02,664.0475709924029,666.7721227570119,654.8831696023549,659.3910522460938,170879.0,654.902978515625,629.6389526367187,602.2819732666015,57.324853895116405,0.2988774540945087,664.493408203125,672.4688720703125,655.0317993164062
2024-09-03,659.4405939370951,672.4689296161384,655.92345730168,663.8494262695312,103322.0,663.0469116210937,634.2211547851563,605.4771301269532,58.3443274512519,2.7758198045986546,659.3910522460938,664.493408203125,672.4688720703125
2024-09-04,648.8891592354793,660.3817896115693,630.0649836561422,654.090576171875,471215.0,662.8586669921875,638.8776611328125,609.5590057373047,55.23394466473527,3.906327110683833,663.8494262695312,659.3910522460938,664.493408203125
2024-09-05,655.1803431325632,661.1743445711146,649.8303508071397,653.7933349609375,258241.0,659.1235595703125,643.9106506347656,613.7028015136718,55.13752679278401,4.723824110183614,654.090576171875,663.8494262695312,659.3910522460938
2024-09-06,651.9604286457206,669.5956963102853,645.7187406004973,647.1553344726562,212432.0,655.6559448242188,649.0179443359375,617.5171722412109,52.91600061263221,4.780953354485177,653.7933349609375,654.090576171875,663.8494262695312
2024-09-09,635.8608467917849,644.5298753291037,614.6093304548031,619.0676879882812,179103.0,647.5912719726563,651.2471252441406,620.1723724365235,44.70776415484725,2.5306189590506847,647.1553344726562,653.7933349609375,654.090576171875
2024-09-10,623.0802533859963,642.003479917654,623.0306677041722,635.2664184570312,138906.0,641.8746704101562,652.460791015625,623.3501922607422,49.56659162056627,2.0309039121683554,619.0676879882812,647.1553344726562,653.7933349609375
2024-09-11,638.833041614928,638.833041614928,620.45471446225,622.9315795898438,99826.0,635.64287109375,649.2507690429687,625.3861724853516,46.23483103995613,0.6322693200813774,635.2664184570312,619.0676879882812,647.1553344726562
2024-09-12,626.9936361068524,636.3066734999713,626.4487378538208,633.8793334960938,56660.0,631.6600708007812,645.3918151855469,629.1014709472656,49.48061081291968,0.402592736807037,622.9315795898438,635.2664184570312,619.0676879882812
2024-09-13,638.0404854515798,659.1928904006961,634.374712804451,654.7841186523438,102327.0,633.1858276367187,644.4208862304688,633.8075164794922,55.059655012531906,1.885676933466243,633.8793334960938,622.9315795898438,635.2664184570312
2024-09-16,656.8646289041199,658.7470705808196,626.7955105775649,628.7274169921875,97301.0,635.1177734375,641.3545227050781,635.4967376708985,47.951422552084594,0.9475510071499684,654.7841186523438,633.8793334960938,622.9315795898438
2024-09-17,629.1237486639438,644.2326260924874,618.1264915762222,642.3006591796875,203035.0,636.5246215820313,639.1996459960938,636.710400390625,51.46637691324444,1.284519518501611,628.7274169921875,654.7841186523438,633.8793334960938
2024-09-18,645.3224248228427,645.3224248228427,621.6931553763558,625.1607666015625,91088.0,636.970458984375,636.3066650390625,637.5921630859375,47.13739670049947,0.16660290984134463,642.3006591796875,628.7274169921875,654.7841186523438
2024-09-19,637.1487826758363,647.7993030829078,599.4509062592933,619.4639892578125,350839.0,634.0873901367188,632.87373046875,638.3921905517578,45.75970804385959,-1.165600066358138,625.1607666015625,642.3006591796875,628.7274169921875
2024-09-20,627.637639926982,631.8483107552214,615.1046778618504,625.8543090820312,157930.0,628.3014282226562,630.7436279296875,639.8807861328125,47.60947193330881,-1.6862965424586491,619.4639892578125,625.1607666015625,642.3006591796875
2024-09-23,630.2631707607057,632.5913999631921,616.3927250293281,624.6159057617188,140860.0,627.4791259765625,631.2984497070313,641.2727874755859,47.27301323465482,-2.1738225758675753,625.8543090820312,619.4639892578125,625.1607666015625
2024-09-24,622.6839409492136,631.1052830304678,619.7117025675944,625.55712890625,128147.0,624.130419921875,630.3275207519531,641.394155883789,47.57624986006074,-2.455931182241102,624.6159057617188,625.8543090820312,619.4639892578125
2024-09-25,624.120514844516,626.3001683483012,612.281086911305,614.014892578125,74134.0,621.9012451171875,629.4358520507812,639.343310546875,44.21787897402337,-3.5697168210197106,625.55712890625,624.6159057617188,625.8543090820312
2024-09-26,614.1139344710617,620.603369681598,605.5935423577238,610.2500610351562,168079.0,620.0584594726563,627.0729248046875,636.2323699951172,43.14798861248142,-4.701988805587007,614.014892578125,625.55712890625,624.6159057617188
2024-09-27,620.3557109092283,629.1237899351472,596.3301173565868,598.2620239257812,528401.0,614.5400024414063,621.4207153320312,632.92080078125,39.842222394726896,-6.491823220390984,610.2500610351562,614.014892578125,625.55712890625
2024-09-30,598.4106104215554,601.5314846474857,594.4476262465782,596.23095703125,138270.0,608.8630126953125,618.1710693359375,629.7627960205078,39.29295090221899,-7.982156679753871,598.2620239257812,610.2500610351562,614.014892578125
2024-10-01,602.8194488588754,602.8194488588754,585.5309181165275,589.2462158203125,77178.0,601.600830078125,612.865625,626.0326354980468,37.38422878537289,-9.616019439047363,596.23095703125,598.2620239257812,610.2500610351562
2024-10-03,579.5864819188401,592.26802019838,576.9114552928381,584.441162109375,76076.0,595.686083984375,608.7936645507813,622.5501647949219,36.085572360516956,-11.16983620530334,589.2462158203125,596.23095703125,598.2620239257812
2024-10-04,582.6082138949405,590.3360211405785,574.6327201320042,576.465576171875,102567.0,588.9291870117188,604.4938232421875,618.6837768554688,33.975850443311316,-12.896151510571485,584.441162109375,589.2462158203125,596.23095703125
2024-10-07,580.9735546269693,584.7879030380631,557.9882323245428,562.0997924804688,196696.0,581.6967407226563,598.1183715820313,614.4309997558594,30.515189188426703,-15.247701499932873,576.465576171875,584.441162109375,589.2462158203125
2024-10-08,562.0997911993485,569.6790232621921,556.601162286278,565.7655639648438,143292.0,575.603662109375,592.2333374023438,611.7658935546875,32.40714205586508,-16.623894774896257,562.0997924804688,576.465576171875,584.441162109375
2024-10-09,573.4933707095977,589.9893178916843,569.6790223135491,585.38232421875,216845.0,574.8308837890625,588.2158569335937,609.2716888427734,41.57496092659561,-15.947793021067127,565.7655639648438,562.0997924804688,576.465576171875
2024-10-10,594.249470769021,594.7943690043538,577.9516860955968,579.4378051757812,45493.0,573.8302124023437,584.7581481933594,607.0970001220703,39.81273592063416,-15.710549086069477,585.38232421875,565.7655639648438,562.0997924804688
2024-10-11,583.4008216291662,594.5467153464875,577.2582441345618,593.5559692382812,132502.0,577.248291015625,583.0887390136719,605.0808319091797,45.69953537128108,-14.219401301970947,579.4378051757812,585.38232421875,565.7655639648438
2024-10-14,599.2031956265203,599.2527208346779,575.3262401419277,589.493896484375,190394.0,582.7271118164062,582.2119262695312,601.8163208007812,44.35530301273096,-13.213118656028996,593.5559692382812,579.4378051757812,585.38232421875
2024-10-15,597.3703714364138,599.8472366795615,583.9952991234167,587.6610717773438,43750.0,587.1062133789062,581.3549377441407,599.7630035400391,43.73027045425536,-12.420351959558047,589.493896484375,593.5559692382812,579.4378051757812
2024-10-16,585.5309326204815,595.2897573093528,578.2489731288204,594.2990112304688,75618.0,588.88955078125,581.8602172851563,597.3629211425781,46.66178854412774,-11.128173742876356,587.6610717773438,589.493896484375,593.5559692382812
2024-10-17,597.3703393718815,602.8689678224555,585.5309120510619,587.958251953125,239718.0,590.5936401367187,582.2119262695312,595.5027954101563,44.288236282489734,-10.494782162268734,594.2990112304688,587.6610717773438,589.493896484375
2024-10-18,589.4444028329818,591.6735815524752,570.6697521902918,589.1967163085938,90498.0,589.7217895507813,583.4850402832031,593.9894317626953,44.87801513208779,-9.780141662925985,587.958251953125,594.2990112304688,587.6610717773438
2024-10-21,588.5526860658445,598.8069440902509,581.5679384224707,591.128662109375,67258.0,590.0487426757812,586.3879272460938,592.2531494140625,45.84119515996042,-8.954668197419323,589.1967163085938,587.958251953125,594.2990112304688
2024-10-22,591.7231112512832,592.4661708300835,566.8058225207101,571.4623413085938,57891.0,586.8089965820312,586.9576049804688,589.5954711914062,38.471712464886274,-9.774705538210924,591.128662109375,589.1967163085938,587.958251953125
2024-10-23,569.7284981513263,596.924489040692,564.8242931597457,595.2897338867188,193506.0,587.0071411132812,587.9483459472656,588.0821014404297,49.14001623126021,-8.40503161905815,571.4623413085938,591.128662109375,589.1967163085938
2024-10-24,572.9484231533165,583.3512565790428,551.498807657713,563.7344970703125,225032.0,582.1623901367187,586.3780151367188,585.568081665039,39.39754175528774,-9.753368304573996,595.2897338867188,571.4623413085938,591.128662109375
2024-10-25,565.7160328878326,573.2456791899708,556.7993178335586,566.0132446289062,63891.0,577.5256958007812,583.6237426757813,583.3562408447266,40.317755226025085,-10.516827517274805,563.7344970703125,595.2897338867188,571.4623413085938
2024-10-28,566.657262139121,572.6512641420405,560.3659879204055,569.778076171875,72295.0,573.2555786132813,581.6521606445312,581.9320434570312,41.88775649453489,-10.6948009936865,566.0132446289062,563.7344970703125,595.2897338867188
2024-10-29,569.0350024537606,578.9920492068981,557.5918970102409,577.60498046875,98324.0,574.4841064453125,580.6465515136719,581.0007446289062,45.11995813401084,-10.087992394615299,569.778076171875,566.0132446289062,563.7344970703125
2024-10-31,569.6294928008225,569.6294928008225,542.433499759888,544.86083984375,129434.0,564.3983276367187,575.702734375,578.7814758300781,36.0790150800923,-12.10967787375182,577.60498046875,569.778076171875,566.0132446289062
2024-11-01,555.758998792194,555.758998792194,547.8825557430499,552.043701171875,11239.0,562.0601684570313,572.111279296875,577.1616027832031,38.968037736883396,-12.982625674549581,544.86083984375,577.60498046875,569.778076171875
2024-11-04,552.9849701077386,552.9849701077386,531.2876059292055,544.86083984375,153157.0,557.8296875,567.6776916503907,575.5813659667969,37.15936315479634,-14.091600773434834,552.043701171875,544.86083984375,577.60498046875
2024-11-06,552.3904629517054,578.5957087736201,552.3904629517054,576.8123779296875,171574.0,559.2365478515625,566.2460632324219,576.3169952392578,48.59017323357436,-12.251027219854905,544.86083984375,552.043701171875,544.86083984375
2024-11-07,580.0322865286812,580.0322865286812,566.2113670499299,567.152587890625,62464.0,557.1460693359375,565.815087890625,576.3863464355469,45.87337299414351,-11.439951108686387,576.8123779296875,544.86083984375,552.043701171875
2024-11-08,568.6882426791432,578.5957033529959,560.8117993493621,562.0502319335938,57182.0,560.5839477539063,562.4911376953125,575.2197418212891,44.45933849411186,-11.081148350255603,567.152587890625,576.8123779296875,544.86083984375
2024-11-11,561.5053303645011,569.3817736476257,554.4710575158699,564.7747802734375,69164.0,563.1301635742187,562.595166015625,574.4865905761719,45.42669823537724,-10.456411297591444,562.0502319335938,567.152587890625,576.8123779296875
2024-11-12,569.2331606741309,571.6109755065004,557.0965209275283,559.1771240234375,119915.0,565.9934204101562,561.9115539550781,572.7676483154297,43.74106642232616,-10.294320244391997,564.7747802734375,562.0502319335938,567.152587890625
2024-11-13,559.2761513875972,560.6632200610172,542.4334683520098,545.1580200195312,48378.0,559.662548828125,559.4495483398438,570.5508544921875,39.76168936933783,-11.168344721605536,559.1771240234375,564.7747802734375,562.0502319335938
2024-11-14,545.1580046961014,556.1552614750294,544.2167838706183,555.114990234375,91728.0,557.255029296875,557.2005493164063,568.923550415039,43.680684515133336,-10.93155892767868,545.1580200195312,559.1771240234375,564.7747802734375
2024-11-18,559.3751868754938,559.3751868754938,535.0523838232419,541.640869140625,98623.0,553.1731567382812,556.8785522460937,566.2906433105469,39.89791353885867,-11.696325484899148,555.114990234375,545.1580200195312,559.1771240234375
2024-11-19,544.1672645906601,557.1955992555683,543.7709419849798,546.5946044921875,75094.0,549.5371215820312,556.333642578125,564.2224609375,41.89035634339892,-11.76704033234148,541.640869140625,555.114990234375,545.1580200195312
2024-11-21,546.4955439703573,550.9043763659225,537.9751513960532,540.3529663085938,25541.0,545.7722900390625,555.8828552246093,561.7802734375,40.08712401005643,-12.186254836210196,546.5946044921875,541.640869140625,555.114990234375
2024-11-22,544.1672997576416,557.9386948454262,540.8978496956789,556.4525756835938,417850.0,548.031201171875,553.846875,560.0464691162109,46.48603664351587,-11.091525225723217,540.3529663085938,546.5946044921875,541.640869140625
2024-11-25,567.4498346562619,567.697521183829,560.0192388292484,564.130859375,48505.0,549.834375,553.5447021484375,559.6798950195313,49.268911594577744,-9.494919279437681,556.4525756835938,540.3529663085938,546.5946044921875
2024-11-26,567.6975058776407,592.0203101348743,564.8739037276425,586.967529296875,259007.0,558.89970703125,556.0364318847656,559.263784790039,56.51236497023085,-6.314084321720429,564.130859375,556.4525756835938,540.3529663085938
2024-11-27,591.277246285445,598.4601553391506,588.5031693656684,594.8934936523438,167294.0,568.5594848632812,559.0483032226563,560.8217346191407,58.715603188001694,-3.1177511233948962,586.967529296875,564.130859375,556.4525756835938
2024-11-28,594.447665672609,597.1226922622044,583.9457811005303,585.2832641601562,51792.0,577.5455444335937,561.6589172363281,561.7852355957032,55.072300834848164,-1.3445995329338984,594.8934936523438,586.967529296875,564.130859375
2024-11-29,585.2832288216949,589.2957382286475,582.5586771851996,585.2337036132812,17845.0,583.3017700195312,565.6664855957031,562.5580169677735,55.053328871088446,0.055991322325439796,585.2832641601562,594.8934936523438,586.967529296875
2024-12-02,584.5896844792793,596.4291116636809,579.7845904089949,591.8717041015625,77926.0,588.8499389648438,569.3421569824219,563.271353149414,57.18098580610476,1.6822093667097988,585.2337036132812,585.2832641601562,594.8934936523438
2024-12-03,592.6643326623833,602.324107195217,589.5434582405613,595.6860961914062,48500.0,590.59365234375,574.7466796875,565.8126159667969,58.399622031852715,3.2414233360957496,591.8717041015625,585.2337036132812,585.2832641601562
2024-12-04,600.6893640282614,603.0176537062911,593.9523024663318,598.2620239257812,22160.0,591.2673583984375,579.9134216308594,568.1235321044921,59.24321007553308,4.631577537803082,595.6860961914062,591.8717041015625,585.2337036132812
2024-12-05,600.590315964303,606.336631422935,596.1319583803108,600.7388916015625,80658.0,594.3584838867188,585.9520141601563,570.9174346923828,60.08143746405435,5.8655330655528815,598.2620239257812,595.6860961914062,591.8717041015625
2024-12-06,600.689341445303,605.3458601559556,598.5096879562376,602.3240966796875,18763.0,597.7765625,590.5391662597656,572.1930206298828,60.63938211247701,6.891918763719332,600.7388916015625,598.2620239257812,595.6860961914062
2024-12-09,606.2375639916014,608.6648435651855,600.3921378017637,603.0176391601562,21492.0,600.0057495117187,594.4278442382813,573.9862731933594,60.896895467519066,7.672852044044248,602.3240966796875,600.7388916015625,598.2620239257812
2024-12-10,602.0268747478406,609.3088341878022,598.9060004333762,602.2249755859375,89194.0,601.313525390625,595.9535888671875,575.9950103759766,60.41043191418144,8.134022026480238,603.0176391601562,602.3240966796875,600.7388916015625
2024-12-11,602.6213170288288,611.2903454283393,594.7448734174907,607.6245727539062,31231.0,603.18603515625,597.2266967773437,578.1375,62.60202720857022,8.833379228095964,602.2249755859375,603.0176391601562,602.3240966796875
2024-12-12,609.3583699105043,618.3246099213726,602.3240968671438,603.8597412109375,70074.0,603.810205078125,599.0843444824219,580.371630859375,60.1036980288393,8.980314927038421,607.6245727539062,602.2249755859375,603.0176391601562
2024-12-13,603.3643370671058,603.3643370671058,587.8591373861948,597.4198608398438,32202.0,602.8293579101562,600.3029602050781,582.9847229003906,55.987738253900105,8.479373066954167,603.8597412109375,607.6245727539062,602.2249755859375
2024-12-16,602.6707991916375,603.9587569392127,597.4198573159301,598.6087646484375,16011.0,601.9475830078125,600.9766662597656,585.1594116210938,56.57892421039384,8.085107548007159,597.4198608398438,603.8597412109375,607.6245727539062
2024-12-17,598.9555198231745,605.9402674677824,597.0731385871543,602.47265625,12693.0,601.997119140625,601.655322265625,588.2010009765625,58.528598365709705,7.992302752968158,598.6087646484375,597.4198608398438,603.8597412109375
2024-12-18,594.4971491488653,603.9587617358575,591.4753858212334,595.2897338867188,63107.0,599.5301513671875,601.3580932617188,590.6357574462891,53.701269059083785,7.255515414451111,602.47265625,598.6087646484375,597.4198608398438
2024-12-19,579.784638936887,590.4351596794712,579.0911045619057,584.0943603515625,30204.0,595.5770751953125,599.6936401367187,592.8228271484375,47.1709351541808,5.702498210079625,595.2897338867188,602.47265625,598.6087646484375
2024-12-20,593.4073550281494,596.3300679514276,566.7562622617903,571.4127807617188,49093.0,590.3756591796875,596.6025085449219,593.5708374023437,41.07735220607765,3.409125125868627,584.0943603515625,595.2897338867188,602.47265625
2024-12-23,571.0164673249186,578.4966484519911,562.743761914488,568.4405517578125,20965.0,584.3420166015625,593.1447998046875,593.7863220214844,39.78029294868199,1.336371533928741,571.4127807617188,584.0943603515625,595.2897338867188
2024-12-24,565.7160283718131,580.8249065376102,565.7160283718131,573.939208984375,58569.0,578.6353271484375,590.3162231445312,593.1349060058594,43.344465955270955,0.13582930721815956,568.4405517578125,571.4127807617188,584.0943603515625
2024-12-26,574.6822310771857,578.5956900474306,562.7932785419646,564.6757202148438,22613.0,572.5125244140625,586.021337890625,591.6240173339844,39.141462018433856,-1.5452821318734777,573.939208984375,568.4405517578125,571.4127807617188
2024-12-27,564.6757275746561,574.5831881498045,563.1896084883838,570.5706787109375,19366.0,569.8077880859375,582.692431640625,590.8883880615234,42.933709233608,-2.3745290815376165,564.6757202148438,573.939208984375,568.4405517578125
2024-12-30,571.9577259743678,575.6234987316157,564.428079611111,569.4313354492188,38340.0,569.4114990234375,579.8935791015625,590.0982696533204,42.38399680758415,-3.088051606208751,570.5706787109375,564.6757202148438,573.939208984375
2024-12-31,564.7747744408191,568.1433352033233,554.0747291810114,555.214111328125,68920.0,566.7662109375,575.5541137695312,588.2653900146485,36.161942473327656,-4.746025290682837,569.4313354492188,570.5706787109375,564.6757202148438
2025-01-01,552.9849193226778,563.5858534384603,551.5978506963297,557.8395385742188,50248.0,563.5462768554687,571.0908020019531,586.3730621337891,37.972798569819744,-5.781485972098835,555.214111328125,569.4313354492188,570.5706787109375
2025-01-02,559.7715512732058,565.4188161854289,550.2108271385437,559.5238647460938,87399.0,562.5159057617187,567.5142150878906,584.4361541748046,39.165051269697265,-6.392496258960591,557.8395385742188,555.214111328125,569.4313354492188
2025-01-03,562.5951510397321,563.6850080364765,546.4460016365492,547.2385864257812,94623.0,557.8494873046875,563.8286376953125,581.7611389160156,34.027464155082555,-7.778381264145423,559.5238647460938,557.8395385742188,555.214111328125
2025-01-06,547.2385775456441,552.885842341591,538.9658718985731,540.4024658203125,144068.0,552.0437133789062,560.7276062011719,578.6650573730469,31.5475558810503,-9.320877641132256,547.2385864257812,559.5238647460938,557.8395385742188
2025-01-07,541.3437104575071,547.8826107374838,537.4797763563923,542.4830322265625,103362.0,549.4974975585938,558.1318542480469,575.6383270263672,33.14453592572883,-10.257194261450877,540.4024658203125,547.2385864257812,559.5238647460938
2025-01-08,541.9380841301079,541.9380841301079,525.4917240466535,538.9163208007812,125811.0,545.7128540039063,554.6295654296875,572.4728942871094,31.77592559348693,-11.15840854482326,542.4830322265625,540.4024658203125,547.2385864257812
2025-01-09,537.9256077811348,544.414982650415,534.9038442663158,538.024658203125,29213.0,541.4130126953125,551.9644592285156,568.9928985595703,31.42655853231247,-11.808456540499833,538.9163208007812,542.4830322265625,540.4024658203125
2025-01-10,537.6284054140556,551.0034780143503,536.7367097192316,546.396484375,63414.0,541.2445922851563,549.5470397949218,566.1197357177734,38.28718024065537,-11.515346112683801,538.024658203125,538.9163208007812,542.4830322265625
2025-01-13,542.9288336210957,558.8798207856963,514.643046080342,521.1819458007812,183577.0,537.40048828125,544.7221008300781,562.3078399658203,28.906757471271575,-13.165888357635367,546.396484375,538.024658203125,538.9163208007812
2025-01-14,528.0181075886823,533.7644224556217,516.3273165551836,527.8199462890625,144086.0,534.46787109375,541.9826843261719,558.7683990478515,33.524220297352315,-13.77948251791804,521.1819458007812,546.396484375,538.024658203125
2025-01-15,528.5630442938356,532.3278673793669,521.1324485446252,522.0736694335938,23042.0,531.0993408203125,538.4060974121094,554.7484497070312,31.610242637386335,-14.561579999283254,527.8199462890625,521.1819458007812,546.396484375
2025-01-16,528.9593541626077,533.5167619240545,526.6805898115429,527.7704467773438,12544.0,529.0484985351562,535.2307556152343,551.3724853515625,35.539404109801055,-14.553946727925336,522.0736694335938,527.8199462890625,521.1819458007812
2025-01-17,527.0768984485087,533.7644342840866,522.8662277372189,527.3245849609375,51993.0,525.2341186523438,533.23935546875,548.5339965820312,35.36813592151688,-14.417676626284901,527.7704467773438,522.0736694335938,527.8199462890625
2025-01-20,530.3463919962255,532.9718934323352,524.1047034630409,528.0676879882812,25484.0,526.6112670898438,532.0058776855469,546.3667419433593,35.92238671313987,-14.087329420524497,527.3245849609375,527.7704467773438,522.0736694335938
2025-01-21,532.5260443780492,539.6594286014613,519.0023355280315,520.389404296875,28724.0,525.1251586914062,529.7965148925781,543.9641845703125,32.793122598695945,-14.280483677200209,528.0676879882812,527.3245849609375,527.7704467773438
2025-01-22,525.0458984375,526.1852201500018,512.0670884764592,525.0458984375,66384.0,525.7196044921875,528.40947265625,541.5195190429688,36.410880002075544,-13.897616583010745,520.389404296875,528.0676879882812,527.3245849609375
2025-01-23,526.0861836024703,559.1275421321152,526.0861836024703,549.7154541015625,142140.0,530.1086059570313,529.5785522460938,540.7715057373047,51.35185550388965,-11.471330327090868,525.0458984375,520.389404296875,528.0676879882812
2025-01-24,554.4214866839983,554.4214866839983,537.1330158238197,540.4024658203125,57241.0,532.7241821289062,528.979150390625,539.2630950927735,46.8742777100027,-10.18258283475086,549.7154541015625,525.0458984375,520.389404296875
2025-01-27,530.4454593932535,537.1825204396316,509.09483363806805,512.3147583007812,38510.0,529.5735961914063,528.092431640625,536.4072662353516,36.52910116414357,-11.29745439832459,540.4024658203125,549.7154541015625,525.0458984375
2025-01-28,520.0921914742867,524.1542264069391,508.74813622581536,514.2467651367188,31399.0,528.345068359375,526.7351135253906,534.3588989257812,37.55006962034565,-11.888063147564594,512.3147583007812,540.4024658203125,549.7154541015625
2025-01-29,519.9930515498637,531.9811152997827,517.020813334728,526.8292236328125,73961.0,528.7017333984375,527.2106689453125,532.808383178711,43.88128286590984,-11.211585414117621,514.2467651367188,512.3147583007812,540.4024658203125
2025-01-30,525.2935982146378,532.5755579155727,516.9217815134042,523.9560546875,26392.0,523.549853515625,526.8292297363281,531.0299926757813,42.813900271392946,-10.783012799058838,526.8292236328125,514.2467651367188,512.3147583007812
2025-01-31,527.0273661856321,531.9810963679007,524.9963489049698,529.702392578125,17969.0,521.4098388671875,527.0670104980469,530.1531829833984,45.66077850592589,-9.865955872349673,523.9560546875,526.8292236328125,514.2467651367188
2025-02-01,529.8509623574317,536.885295420872,523.7083249051007,529.9500732421875,47913.0,524.9369018554687,527.2552490234375,529.6305633544922,45.78605657197046,-9.015273430958928,529.702392578125,523.9560546875,526.8292236328125
2025-02-03,528.9593460003572,530.395879412112,518.4574014746437,527.076904296875,17695.0,527.5029296875,527.9239990234375,528.8602569580078,44.50426616681086,-8.475244842248003,529.9500732421875,529.702392578125,523.9560546875
2025-02-04,526.2843224345356,534.0121296564607,519.3490999714647,521.2810668945312,45860.0,526.3932983398438,527.5475158691406,527.9784942626953,41.952829759151484,-8.417907537407814,527.076904296875,529.9500732421875,529.702392578125
2025-02-05,525.9375400367044,534.7056792545601,522.6185648085219,529.4051513671875,28769.0,527.4831176757813,525.5164855957031,527.5475189208985,46.576220843138074,-7.628979462721077,521.2810668945312,527.076904296875,529.9500732421875
2025-02-06,533.9130716421951,535.9936141633808,523.460652416711,525.1944580078125,11676.0,526.5815307617188,523.9956848144532,526.487417602539,44.5937035300762,-7.259829250962639,529.4051513671875,521.2810668945312,527.076904296875
2025-02-07,525.937510736649,529.9996057796919,516.9712711756931,529.10791015625,52828.0,526.4130981445312,525.675,526.8837158203125,46.857742193456005,-6.575691685738434,525.1944580078125,529.4051513671875,521.2810668945312
2025-02-10,529.1079521749867,529.1079521749867,514.98981999479,520.6370849609375,24978.0,525.1251342773437,526.3140319824219,526.5245727539062,42.78260428551206,-6.640485156647628,529.10791015625,525.1944580078125,529.4051513671875
2025-02-11,522.7672067481914,523.6588419609234,498.4443717173901,500.0295715332031,31105.0,520.8748352050782,523.634066772461,525.4223678588867,34.843562927774,-8.259478432573587,520.6370849609375,529.10791015625,525.1944580078125
2025-02-12,480.4623146782716,500.7726089415486,468.0284334637974,498.8901672363281,386336.0,514.7718383789063,521.1274780273437,523.9783538818359,34.46277078117254,-9.524687997992032,500.0295715332031,520.6370849609375,529.10791015625
2025-02-13,498.8901864850653,511.7698857831068,494.7785962177249,500.9212341308594,71952.0,509.9171936035156,518.2493621826172,522.658186340332,35.8094603928439,-10.245383170217679,498.8901672363281,500.0295715332031,520.6370849609375
2025-02-14,506.12265493967146,506.12265493967146,478.97621764784265,483.4841003417969,75068.0,500.792431640625,513.6027648925781,520.4290069580078,30.092410670722202,-12.084270309177555,500.9212341308594,498.8901672363281,500.0295715332031
2025-02-17,476.5984049128184,482.8401235572857,469.1182838639664,473.0812683105469,107979.0,491.28126831054686,508.2032012939453,518.0636001586914,27.292882932905968,-14.217136915594267,483.4841003417969,500.9212341308594,498.8901672363281
2025-02-18,475.5086024504362,478.3817600913558,458.5172826593993,468.42474365234375,87594.0,484.960302734375,502.9175689697266,515.2325424194336,26.121443157176117,-16.097628253291987,473.0812683105469,483.4841003417969,500.9212341308594
2025-02-19,464.3627104575185,470.05950054838655,460.4987764686186,466.2946472167969,19495.0,478.4411987304687,496.6065185546875,511.06150207519534,25.580560993412448,-17.557421145169542,468.42474365234375,473.0812683105469,483.4841003417969
2025-02-20,455.7431935523885,471.4960500650999,455.7431935523885,469.2173461914063,33956.0,472.1004211425781,491.00880737304686,507.50224609375,27.789952246287555,-18.267899177638412,466.2946472167969,468.42474365234375,473.0812683105469
2025-02-21,471.0502326857747,480.0659977654571,468.2266003295885,470.75299072265625,32654.0,469.55419921875,485.1733154296875,505.4241577148438,28.982951443065858,-18.49385876551139,469.2173461914063,466.2946472167969,468.42474365234375
2025-02-24,470.5548569231008,470.5548569231008,456.3376448053295,466.740478515625,16939.0,468.2860412597656,479.7836547851563,503.04884338378906,27.695411548260296,-18.780222849271752,470.75299072265625,469.2173461914063,466.2946472167969
2025-02-25,464.015936899493,467.087255822886,452.8204879510181,453.6626281738281,18607.0,465.3336181640625,475.14696044921874,499.39051361083983,23.95947074786598,-19.833809861258487,466.740478515625,470.75299072265625,469.2173461914063
2025-02-27,457.4274660928345,457.4274660928345,441.5259737548942,447.07415771484375,21803.0,461.48952026367186,469.9653594970703,495.54641876220705,22.325563093168498,-20.95881943875952,453.6626281738281,466.740478515625,470.75299072265625
2025-02-28,439.7426560844711,441.3773810784682,419.0855941553133,419.927734375,122092.0,451.6315979003906,461.8660095214844,490.0576858520508,17.13928605500267,-23.766916901931495,447.07415771484375,453.6626281738281,466.740478515625
2025-03-03,421.61196899011287,426.8133857465268,406.15635481633313,416.7077941894531,105228.0,440.82255859375,455.18837890625,484.39557189941405,16.645355121423677,-25.953006531446874,419.927734375,447.07415771484375,453.6626281738281
2025-03-04,407.246173759703,416.31152479509007,404.0262489232482,414.181396484375,31998.0,430.3107421875,449.2983917236328,478.75079650878905,16.24966384384406,-27.571530057752057,416.7077941894531,419.927734375,447.07415771484375
2025-03-05,414.0327705084744,432.7578649086744,414.0327705084744,428.9930419921875,31095.0,425.3768249511719,445.3552215576172,474.1363952636719,27.179274423807428,-27.3438428078494,414.181396484375,416.7077941894531,419.927734375
2025-03-06,435.87875726342287,439.3958938120437,432.3615904796306,434.6898498535156,30106.0,422.89996337890625,442.1947418212891,469.40063018798827,30.91369348152493,-26.399398405935415,428.9930419921875,414.181396484375,416.7077941894531
2025-03-07,435.8787463873599,435.8787463873599,427.6555358502254,429.9837951660156,30179.0,424.9111755371094,438.27138671875,464.6400970458984,29.564873013197584,-25.734013013057677,434.6898498535156,428.9930419921875,414.181396484375
2025-03-10,433.8477028286859,434.6403178345991,404.3234817085582,405.8096008300781,83179.0,422.7315368652344,431.7770477294922,458.47518157958984,23.81632970083095,-26.847860324489716,429.9837951660156,434.6898498535156,428.9930419921875
2025-03-11,401.2521589340877,402.39151086921214,385.6479083088733,397.1900939941406,208326.0,419.3332763671875,424.82200927734374,452.30283203125,22.1617030540329,-28.102170184182285,405.8096008300781,429.9837951660156,434.6898498535156
2025-03-12,397.19009886694766,399.567883420546,384.0131880491778,387.4312438964844,149056.0,411.0209167480469,418.19887084960936,446.67291564941405,20.431025143922213,-29.54312270102878,397.1900939941406,405.8096008300781,429.9837951660156
2025-03-13,392.0877676946437,392.0877676946437,381.4372471571392,382.57659912109375,53667.0,400.5982666015625,411.7491149902344,440.8572372436523,19.610584529129,-30.72266545042936,387.4312438964844,397.1900939941406,405.8096008300781
2025-03-17,383.6168972529439,390.3539585552607,382.427989853631,385.3011474609375,83041.0,391.6617370605469,408.2864562988281,435.07623291015625,21.515444005234656,-31.07934989706132,382.57659912109375,387.4312438964844,397.1900939941406
2025-03-18,386.44050505542486,395.35721997491066,385.3011530849693,394.8618469238281,103225.0,389.47218627929686,406.10186157226565,430.64512023925784,27.965785788153468,-30.24194601750179,385.3011474609375,382.57659912109375,387.4312438964844
2025-03-19,396.149825390382,397.6854697174271,387.48079720667744,391.3942260742188,43066.0,388.3130126953125,403.82314453125,426.5607681274414,27.09596503172071,-29.51784212245957,394.8618469238281,385.3011474609375,382.57659912109375
2025-03-20,395.0104820535726,408.187393085818,394.96092660748354,404.9674682617188,107100.0,391.8202575683594,401.42058715820315,423.38790435791014,35.54652956874126,-27.531372832213265,391.3942260742188,394.8618469238281,385.3011474609375
2025-03-21,404.91794634874185,407.9397098834394,394.8618491665136,400.707275390625,140784.0,395.4463928222657,398.02232971191404,420.10853576660156,34.206325513060364,-26.001118855700554,404.9674682617188,391.3942260742188,394.8618469238281
2025-03-24,403.72903983367047,411.1596356588301,400.21190323716365,406.8498840332031,192829.0,399.7561401367188,395.7089385986328,416.9901626586914,37.845117577740275,-24.015884209102296,400.707275390625,404.9674682617188,391.3942260742188
2025-03-25,411.7045233829005,415.1226094690169,396.4470397263002,398.7752990722656,119322.0,400.5388305664063,395.00550842285156,413.3912780761719,35.09723572979868,-22.830942084473634,406.8498840332031,400.707275390625,404.9674682617188
2025-03-26,399.2706742155575,399.9642085725314,389.3632133169084,389.9081115722656,81715.0,400.2416076660156,394.2773101806641,409.5496597290039,32.3217827749849,-22.34974093743432,398.7752990722656,406.8498840332031,400.707275390625
2025-03-27,388.9669087425171,393.9701642455254,384.2113095190453,392.2363586425781,98710.0,397.6953857421875,394.75782165527346,406.4783462524414,33.80202743426504,-21.53230447830532,389.9081115722656,398.7752990722656,406.8498840332031
2025-03-28,391.34468836630543,398.6762030633491,382.0316815762679,383.9140930175781,248700.0,394.3367492675781,394.8915710449219,403.3203430175781,31.17709889444572,-21.310364858152354,392.2363586425781,389.9081115722656,398.7752990722656
2025-04-01,383.71594946431327,389.9576679870784,379.4557533613742,384.7066955566406,39148.0,389.9081115722656,394.8321258544922,401.55929107666014,31.720926095529904,-20.83039982661836,383.9140930175781,392.2363586425781,389.9081115722656
2025-04-02,384.7066838451955,390.205342631322,377.2265631699064,388.5706176757813,632554.0,387.86717529296874,394.2030029296875,400.1524322509766,34.440622098101315,-19.908742270167465,384.7066955566406,383.9140930175781,392.2363586425781
2025-04-03,378.26683247180847,387.28262763762064,378.26683247180847,384.2608642578125,140985.0,386.73772583007815,393.4896667480469,398.6564056396484,32.868033219133565,-19.30356363369583,388.5706176757813,384.7066955566406,383.9140930175781
2025-04-04,381.6849279045121,381.7344531145196,360.6810988822785,363.20751953125,201559.0,380.9319580078125,389.313671875,395.36712951660155,26.50191343557006,-20.288906291186606,384.2608642578125,388.5706176757813,384.7066955566406
2025-04-07,327.0948212763931,346.1171586305248,327.0948212763931,343.987060546875,277865.0,372.94655151367186,383.641650390625,390.83199005126954,22.262527999274695,-22.36294178180691,363.20751953125,384.2608642578125,388.5706176757813
2025-04-08,349.1884801468263,356.12370294827133,343.5412152001523,352.9037780761719,93533.0,366.5859680175781,378.2470397949219,386.97798919677734,28.01547966748562,-23.02174492133122,343.987060546875,363.20751953125,384.2608642578125
2025-04-09,346.7611235568753,357.1639572635816,343.6898047011946,353.3495788574219,58036.0,359.54176025390626,373.7044677734375,384.35498809814453,28.30116825449298,-23.239982704262445,352.9037780761719,343.987060546875,363.20751953125
2025-04-11,361.52322458041306,361.67183043963865,351.8139254655224,356.3218078613281,40848.0,353.9539489746094,370.34583740234376,382.3115737915039,30.28767244338728,-22.909022725287116,353.3495788574219,352.9037780761719,343.987060546875
2025-04-15,361.226039894579,370.68765320710384,358.650093946273,368.8547668457031,29903.0,355.0833984375,368.00767822265624,381.3827499389648,38.07836163238958,-21.388871908529666,356.3218078613281,353.3495788574219,352.9037780761719
2025-04-16,370.7371997289266,370.7371997289266,365.2385407770984,368.4584655761719,81778.0,359.97767944335936,366.4621154785156,380.6768432617188,37.93400010617011,-19.985736504838655,368.8547668457031,356.3218078613281,353.3495788574219
2025-04-17,364.4954636017096,368.9042955923171,360.6810852846358,367.6658630371094,41597.0,362.9300964355469,364.7580322265625,379.79507904052736,37.62675522365054,-18.721883767116083,368.4584655761719,368.8547668457031,356.3218078613281
2025-04-21,367.7153920271232,385.9946688240558,367.7153920271232,384.5580749511719,76590.0,369.1717956542969,364.3567779541016,379.2798904418945,47.40415169741244,-16.170804076130537,367.6658630371094,368.4584655761719,368.8547668457031
2025-04-22,387.4808097324227,387.4808097324227,378.46501408289015,379.2575988769531,45170.0,373.7589538574219,363.8564514160156,378.6730590820313,45.019428861094156,-14.410642249214789,384.5580749511719,367.6658630371094,368.4584655761719
2025-04-23,384.4094698273489,397.2891685586776,384.4094698273489,395.9021301269531,259033.0,379.1684265136719,367.12591247558595,378.219792175293,53.01299650940227,-11.539605364888018,379.2575988769531,384.5580749511719,367.6658630371094
2025-04-24,397.2396580700536,398.7753024200873,390.7502530200029,391.14654541015625,104612.0,383.70604248046874,371.84186096191405,377.7417556762695,50.743003025637854,-9.538074901699758,395.9021301269531,379.2575988769531,384.5580749511719
2025-04-25,392.88035771543423,400.2119031155004,379.25759870678297,382.6261596679688,203832.0,386.69810180664064,374.8140991210938,376.5305694580078,46.87058157229194,-8.540917134741619,391.14654541015625,395.9021301269531,379.2575988769531
2025-04-28,383.6664236823919,388.0752558807513,379.4557527962714,386.5395812988281,119538.0,387.0944030761719,378.1330993652344,375.9187835693359,48.80313662154454,-7.35015400050645,382.6261596679688,391.14654541015625,395.9021301269531
2025-04-29,387.3817189913992,394.8123146242266,387.3817189913992,393.87109375,116356.0,390.01710205078126,381.8880279541016,376.11693267822267,52.30343850541987,-5.74860748612042,386.5395812988281,382.6261596679688,391.14654541015625
2025-04-30,396.24889601537336,396.2984212239583,383.91409556070965,386.3909606933594,39049.0,388.1148681640625,383.6416473388672,375.82466278076174,48.6488760478455,-5.0250291504659685,393.87109375,386.5395812988281,382.6261596679688
2025-05-02,386.3909667352996,401.9952173149944,385.8955937010237,391.0474853515625,78242.0,388.0950561523438,385.9005493164062,376.18133239746095,50.946669129207685,-4.029397101074153,386.3909606933594,393.87109375,386.5395812988281
2025-05-05,397.0910295779581,400.6081964165056,391.6914814089002,393.6729736328125,73533.0,390.3044189453125,388.5012603759766,376.62964630126953,52.244206543283646,-2.993983785227897,391.0474853515625,386.3909606933594,393.87109375
2025-05-06,395.555365393234,399.07250182050825,378.9108436398223,380.2978820800781,109563.0,389.0560791015625,388.0752410888672,376.21600952148435,45.62340667766538,-3.215601923341694,393.6729736328125,391.0474853515625,386.3909606933594
2025-05-07,371.62885153975935,387.3817077783408,371.62885153975935,386.09375,77129.0,387.5006103515625,388.75885620117185,376.3076538085937,48.659656433510165,-2.890240893512953,380.2978820800781,393.6729736328125,391.0474853515625
2025-05-08,386.1432929358315,392.6326678045074,379.50528196384096,381.9821472167969,125289.0,386.61884765625,387.3668579101562,377.2463851928711,46.66884597397503,-2.930382292808474,386.09375,380.2978820800781,393.6729736328125
2025-05-09,368.8052150445311,381.9821253415774,368.8052150445311,380.8427734375,62331.0,384.5779052734375,386.33648071289065,379.0891708374023,46.10591227467676,-3.019327653080097,381.9821472167969,386.09375,380.2978820800781
2025-05-12,390.20534141535416,420.1754097024982,389.0659894944472,418.5902099609375,193491.0,389.5613525390625,389.9328857421875,382.3734924316406,62.321422294305535,-0.043414379023488436,380.8427734375,381.9821472167969,386.09375
2025-05-13,420.6708032740645,420.9680150122334,409.4753541186763,416.95550537109375,177281.0,396.89287719726565,392.97447814941404,385.55378875732424,61.45901663656608,2.1582325707373684,418.5902099609375,380.8427734375,381.9821472167969
2025-05-14,417.5499358974261,425.2282178038824,413.7355575484751,419.48187255859375,184650.0,403.57050170898435,395.5355560302734,388.7117919921875,62.326677556445055,4.060107961481776,416.95550537109375,418.5902099609375,380.8427734375
2025-05-15,419.97726146525866,426.0208186607359,419.0855960313751,424.2374877929688,96834.0,412.0215698242188,399.32020874023436,391.4809280395508,63.97095434121,5.883277554562312,419.48187255859375,416.95550537109375,418.5902099609375
2025-05-16,426.0703450983797,430.6277831721208,424.1879335691655,425.4759216308594,144378.0,420.9481994628906,402.76305236816404,394.33180084228513,64.40662762006338,7.343433324761293,424.2374877929688,419.48187255859375,416.95550537109375
2025-05-19,427.4078624238939,429.4884352854599,420.0763473149596,420.9184875488281,36963.0,421.4138549804687,405.48760375976565,396.9944320678711,61.46124455689882,8.04018816581197,425.4759216308594,424.2374877929688,419.48187255859375
2025-05-20,420.3735349010533,428.79487628558905,417.9957504395125,418.837890625,42686.0,421.79033203125,409.3416046142578,398.7084228515625,60.10976799976762,8.328479091049928,420.9184875488281,425.4759216308594,424.2374877929688
2025-05-21,418.7388368685327,424.63378831040126,416.1628909384261,420.0268249511719,66440.0,421.8993225097656,412.734912109375,400.74688415527345,60.64235537055829,8.55428037084772,418.837890625,420.9184875488281,425.4759216308594
2025-05-22,419.9772578673656,421.0670846039629,413.6364889933048,417.1536254882813,48860.0,420.4825500488281,416.25205993652344,401.80945892333983,58.605975502369226,8.404504432101476,420.0268249511719,418.837890625,420.9184875488281
2025-05-23,417.20318460949824,427.5069379000314,416.9059426413503,420.8689270019531,40202.0,419.5611511230469,420.2546752929687,403.2955780029297,60.45518149334751,8.487758111586345,417.1536254882813,420.0268249511719,418.837890625
2025-05-26,420.720305138174,422.8504031039699,411.4072982919054,414.5776977539063,87030.0,418.2929931640625,419.8534240722656,404.8931549072266,55.90116472063069,7.954394323742122,420.8689270019531,417.1536254882813,420.0268249511719
2025-05-27,407.3948132742092,416.2619728338897,407.3948132742092,411.4568481445313,41972.0,416.8167846679688,419.3035583496094,406.1390182495117,53.73859835246044,7.19691167982586,414.5776977539063,420.8689270019531,417.1536254882813
2025-05-28,408.5836860450845,421.0670929659324,408.5836860450845,419.3828125,72849.0,416.68798217773445,419.29365234375,407.4146041870117,58.16501382329712,7.15369694522991,411.4568481445313,414.5776977539063,420.8689270019531
2025-05-29,417.649010269428,435.4329150249242,409.7725968418208,416.65826416015625,492823.0,416.5889099121094,418.5357299804688,408.92796936035154,56.17523248820612,6.820972747764358,419.3828125,411.4568481445313,414.5776977539063
2025-05-30,410.7137789543984,410.7633343999335,392.3354511040717,396.6452026367188,197282.0,411.7441650390625,415.6526580810547,409.2078552246094,44.211158103728714,4.886075972977039,416.65826416015625,419.3828125,411.4568481445313
2025-06-02,390.00718075083216,398.0322298896044,390.00718075083216,395.30767822265625,52862.0,407.8901611328125,413.0915771484375,409.2895904541016,43.543687260964994,3.207752324680314,396.6452026367188,416.65826416015625,419.3828125
2025-06-03,394.3169484943227,398.2799329013008,389.85859103647226,393.3262023925781,94604.0,404.2640319824219,410.5404083251953,409.9410064697266,42.519543910175564,1.6982043593740173,395.30767822265625,396.6452026367188,416.65826416015625
2025-06-04,394.2674194677484,401.99522689250057,393.3261985861312,399.4192810058594,72606.0,400.2713256835938,408.4796539306641,410.6072830200195,46.67305112539837,0.982214881525465,393.3262023925781,395.30767822265625,396.6452026367188
2025-06-05,402.0447400202286,407.6920046698697,397.5368575304622,406.6517333984375,116728.0,398.27001953125,407.42946472167966,411.84076232910155,51.182312906820975,0.987008901632862,399.4192810058594,393.3262023925781,395.30767822265625
2025-06-06,409.87167114296807,410.11935766644456,404.32348697006034,407.3948059082031,137712.0,400.41994018554686,406.08205261230466,413.1683639526367,51.63481630882857,1.0387933751270566,406.6517333984375,399.4192810058594,393.3262023925781
2025-06-09,412.59621805721713,417.00501998223535,408.58367828290346,413.78509521484375,201652.0,404.11542358398435,406.00279235839844,412.92810821533203,55.45851247101184,1.5772938232647675,407.3948059082031,406.6517333984375,399.4192810058594
2025-06-10,414.3300363043489,429.8847321280985,414.3300363043489,424.3365478515625,267774.0,410.31749267578124,407.29076232910154,413.29716033935546,60.94842588408126,2.8229323468343637,413.78509521484375,407.3948059082031,406.6517333984375
2025-06-11,427.6555251968605,431.5689841770941,422.6027143094609,426.8133850097656,91797.0,415.7963134765625,408.0338195800781,413.6637359619141,62.128431184102965,3.964272247187637,424.3365478515625,413.78509521484375,407.3948059082031
2025-06-12,430.6773242666058,430.6773242666058,413.1906321239141,415.2216796875,66774.0,417.510302734375,407.8901611328125,413.21294555664065,53.917215988865685,3.888613086461021,426.8133850097656,424.3365478515625,413.78509521484375
2025-06-13,402.4906021939756,417.3022684487825,402.4906021939756,411.70452880859375,75923.0,418.37224731445315,409.39609375,412.52437591552734,51.68512956344001,3.5044508467030937,415.2216796875,426.8133850097656,424.3365478515625
2025-06-16,414.62722094928193,420.4726165834923,401.3512299575576,418.5406799316406,58086.0,419.3233642578125,411.7193939208984,412.40548553466795,55.537946733747894,3.7088662658628095,411.70452880859375,415.2216796875,426.8133850097656
2025-06-17,425.1786783529711,425.1786783529711,415.3702981118542,419.3332824707031,111986.0,418.3227111816406,414.3201019287109,412.4302551269531,55.97628836979603,3.889982067285075,418.5406799316406,411.70452880859375,415.2216796875
2025-06-18,421.0175552470097,428.0023029581614,415.816138370782,420.1754150390625,123773.0,416.9951171875,416.3957153320313,412.4376846313477,56.46736341857278,4.054730298156983,419.3332824707031,418.5406799316406,411.70452880859375
2025-06-19,415.8656671445537,417.9957651698502,406.3049735181038,409.1781311035156,60508.0,415.7864074707031,416.6483551025391,412.0389099121094,48.81029841025591,3.260322583347431,420.1754150390625,419.3332824707031,418.5406799316406
2025-06-20,416.0142816354272,419.08560059462064,409.0790589305517,417.84716796875,47763.0,417.0149353027344,417.69359130859374,411.88782196044923,54.094721110144995,3.292315803633869,409.1781311035156,420.1754150390625,419.3332824707031
2025-06-23,412.0512879913662,417.5003914229873,408.7818380264619,415.9151916503906,143240.0,416.4898376464844,417.90660095214844,411.95469665527344,52.78687531970722,3.1257446795603414,417.84716796875,409.1781311035156,420.1754150390625
2025-06-24,416.4601160293962,425.030063476706,416.4601160293962,418.9369812011719,59108.0,416.41057739257815,417.36664428710935,412.32870330810545,54.63433935343381,3.200673652732462,415.9151916503906,417.84716796875,409.1781311035156
2025-06-25,420.0763306194212,441.1792096626023,420.0763306194212,439.4454040527344,524293.0,420.2645751953125,418.6298461914063,413.3318328857422,64.72343554959764,4.858903318986393,418.9369812011719,415.9151916503906,417.84716796875
2025-06-26,443.804714808984,443.804714808984,431.9652871608511,438.2565307617188,177859.0,426.08025512695315,420.93333129882814,414.4117462158203,63.83712416547516,6.007875093332473,439.4454040527344,418.9369812011719,415.9151916503906
2025-06-27,440.8819915234049,448.0649003740671,427.3087585667062,428.34906005859375,244347.0,428.1806335449219,422.5977844238281,415.99693908691404,56.8504486740354,6.049261298131171,438.2565307617188,439.4454040527344,418.9369812011719
2025-06-30,429.83519108995625,433.35232756544514,425.03006657465386,429.3893432617188,68611.0,430.8754638671875,423.6826507568359,417.7010223388672,57.37792781619105,6.095734491335179,428.34906005859375,438.2565307617188,439.4454040527344
2025-07-01,427.655537778846,435.6310618339953,427.655537778846,434.2935485839844,41927.0,433.94677734375,425.1786773681641,419.7493896484375,59.868591837900084,6.45389671124741,429.3893432617188,428.34906005859375,438.2565307617188
2025-07-02,434.0954007987856,441.7736831291636,433.7981890607106,438.1079406738281,185153.0,433.6792846679688,426.9719299316406,421.68382263183594,61.74122627258382,6.965241446707523,434.2935485839844,429.3893432617188,428.34906005859375
2025-07-03,440.2380250416591,440.7333980797986,433.45140837211295,434.2935485839844,111815.0,432.8866882324219,429.4834716796875,423.06591339111327,58.78705938285653,6.982209702972682,438.1079406738281,434.2935485839844,429.3893432617188
2025-07-04,434.2935478824444,437.3648667609825,428.89396968137714,431.2222290039063,63664.0,433.46132202148436,430.82097778320315,424.2572845458984,56.44514648486929,6.670929028952344,434.2935485839844,438.1079406738281,434.2935485839844
2025-07-07,431.2717665337146,434.7393778941494,428.0023164879448,428.89398193359375,61282.0,433.36224975585935,432.1188568115234,425.0127288818359,54.66725595464701,6.165297064735341,431.2222290039063,434.2935485839844,438.1079406738281
2025-07-08,428.99305390231984,432.411139982446,427.4078541226212,430.0333251953125,43792.0,432.510205078125,433.2284912109375,425.2975677490234,55.4074589520892,5.789774651372113,428.89398193359375,431.2222290039063,434.2935485839844
2025-07-09,430.0828748855629,430.0828748855629,424.4851656390294,425.3768310546875,24646.0,429.9639831542969,431.82163391113284,425.22574005126955,51.692487995849014,5.0581233743981215,430.0333251953125,428.89398193359375,431.2222290039063
2025-07-10,425.4263616408632,427.3087731499702,418.4911390656064,423.5934753417969,61664.0,427.8239685058594,430.35532836914064,425.6443298339844,50.30147399656269,4.284987891132118,425.3768310546875,430.0333251953125,428.89398193359375
2025-07-11,419.1351074429379,424.930977925125,413.6364789190403,415.5188903808594,24848.0,424.68330078125,429.0723114013672,425.83504791259764,44.46691565969835,2.9862967561778646,423.5934753417969,425.3768310546875,430.0333251953125
2025-07-14,415.5188873327468,417.00500640778176,409.47533038057054,414.8749084472656,63861.0,421.8794860839844,427.62086791992186,425.6517593383789,44.02828678241709,1.8834000516828837,415.5188903808594,423.5934753417969,425.3768310546875
2025-07-15,412.29896517104,428.2995079289366,412.29896517104,425.62451171875,110864.0,420.9977233886719,426.75396423339845,425.96632080078126,52.458466541482565,1.855362153274541,414.8749084472656,415.5188903808594,423.5934753417969
2025-07-16,414.42907074190896,431.8662076947839,414.42907074190896,429.68658447265625,35014.0,421.85967407226565,425.9118286132813,426.44187927246094,55.20412315826474,2.136291402374354,425.62451171875,414.8749084472656,415.5188903808594
2025-07-17,431.9652978600347,432.3615902514041,426.7143556452542,428.25,69707.0,422.7909790039063,425.30747375488284,427.39547271728514,54.015994246794875,2.217448133595269,429.68658447265625,425.62451171875,414.8749084472656
2025-07-18,432.2000122070313,433.3999938964844,418.2000122070313,419.7000122070313,83619.0,423.6272033691406,424.15525207519534,427.48811492919924,47.46795094454034,1.5737120947014205,428.25,429.68658447265625,425.62451171875
2025-07-21,417.0499877929688,422.2000122070313,415.1000061035156,416.6000061035156,26990.0,423.97222290039065,422.9258544921875,427.5223556518555,45.322659541426574,0.8041325221286684,419.7000122070313,428.25,429.68658447265625
2025-07-22,415.5499877929688,418.0,403.0499877929688,404.5,36543.0,419.7473205566406,420.3725219726563,426.8005065917969,38.08710957809456,-0.7732209919581692,416.6000061035156,419.7000122070313,428.25
2025-07-23,405.4500122070313,409.8999938964844,400.0,404.3500061035156,88016.0,414.6800048828125,418.26983947753905,425.0457366943359,38.00611009197807,-2.012192962065342,404.5,416.6000061035156,419.7000122070313
2025-07-24,408.6499938964844,408.6499938964844,395.5499877929688,396.1499938964844,105714.0,408.2600036621094,415.52549133300784,422.9404098510742,33.77698332928544,-3.6140985510342034,404.3500061035156,404.5,416.6000061035156
2025-07-25,395.8999938964844,400.9500122070313,392.0,395.5499877929688,64013.0,403.4299987792969,413.5286010742187,421.30045623779296,33.48338573045166,-4.875830213885365,396.1499938964844,404.3500061035156,404.5
2025-07-28,395.5499877929688,398.7000122070313,382.0,385.7000122070313,56189.0,397.25,410.6111114501953,419.1159896850586,29.02330539993588,-6.594554438485773,395.5499877929688,396.1499938964844,404.3500061035156
2025-07-29,381.3999938964844,410.5,381.3999938964844,409.5499877929688,299575.0,398.25999755859374,409.0036590576172,417.8788116455078,47.320747665380594,-5.963419474397313,385.7000122070313,395.5499877929688,396.1499938964844
2025-07-30,408.4500122070313,422.2999877929688,407.7000122070313,414.7000122070313,102727.0,400.3299987792969,407.5050018310547,416.70841522216796,50.30019253543644,-4.990153159252941,409.5499877929688,385.7000122070313,395.5499877929688
2025-07-31,408.5,411.2000122070313,389.0499877929688,391.6499938964844,104003.0,399.42999877929685,403.8450012207031,414.576237487793,39.5252093606991,-6.0095026276108,414.7000122070313,409.5499877929688,385.7000122070313
2025-08-01,393.6499938964844,404.3999938964844,391.7000122070313,400.5499877929688,212138.0,400.4299987792969,401.92999877929685,413.0426254272461,44.47135758011378,-6.029682867458064,391.6499938964844,414.7000122070313,409.5499877929688
2025-08-04,400.5499877929688,404.7999877929688,393.0,404.25,42578.0,404.1399963378907,400.6949981689453,411.81042633056643,46.43286216033392,-5.68162159307434,400.5499877929688,391.6499938964844,414.7000122070313
2025-08-05,404.6499938964844,409.4500122070313,392.0,393.1000061035156,53443.0,400.85,399.55499877929685,409.96376037597656,41.65734890741353,-6.233634391574924,404.25,400.5499877929688,391.6499938964844
2025-08-06,391.0499877929688,394.9500122070313,384.7000122070313,386.0499877929688,27458.0,395.1199951171875,397.72499694824216,407.99741821289064,38.93094706012904,-7.157479105867424,393.1000061035156,404.25,400.5499877929688
2025-08-07,382.5499877929688,387.0,376.8999938964844,381.7000122070313,99520.0,393.1299987792969,396.27999877929693,405.90274505615236,37.30844002785064,-8.14672895319859,386.0499877929688,393.1000061035156,404.25
2025-08-08,380.9500122070313,380.9500122070313,367.8999938964844,372.1000061035156,91993.0,387.44000244140625,393.9350006103516,403.73180084228517,33.946034856990295,-9.594754489100922,381.7000122070313,386.0499877929688,393.1000061035156
2025-08-11,372.7000122070313,377.0,368.7000122070313,373.1499938964844,36535.0,381.2200012207031,392.6799987792969,401.6455551147461,34.63986524627866,-10.53614578885481,372.1000061035156,381.7000122070313,386.0499877929688
2025-08-12,373.3500061035156,379.25,369.3500061035156,370.9500122070313,43937.0,376.7900024414063,388.82000122070315,398.91183013916014,33.83786071373787,-11.329130152335097,373.1499938964844,372.1000061035156,381.7000122070313
2025-08-13,372.0499877929688,375.7000122070313,370.0,370.8500061035156,38013.0,373.7500061035156,384.4350006103516,395.9700012207031,33.79955146023116,-11.8292849963413,370.9500122070313,373.1499938964844,372.1000061035156
2025-08-14,371.5499877929688,378.1000061035156,368.0,368.9500122070313,47932.0,371.20000610351565,382.1650024414063,393.0050018310547,33.034348020492104,-12.237904002660173,370.8500061035156,370.9500122070313,373.1499938964844
2025-08-18,369.6000061035156,374.1000061035156,368.1499938964844,369.7999877929688,90336.0,370.7400024414063,379.0900024414063,390.51000061035154,33.75686125694226,-12.350779485055511,368.9500122070313,370.8500061035156,370.9500122070313
2025-08-19,372.6499938964844,373.6000061035156,369.5,371.8500061035156,18564.0,370.4800048828125,375.8500030517579,388.2725006103516,35.56265165236171,-12.134930844096004,369.7999877929688,368.9500122070313,370.8500061035156
2025-08-20,370.9500122070313,385.0,370.9500122070313,383.7000122070313,38335.0,373.0300048828125,374.91000366210943,387.2325012207031,44.91103599107342,-10.882229218629618,371.8500061035156,369.7999877929688,368.9500122070313
2025-08-21,384.9500122070313,388.7000122070313,380.0,381.3999938964844,61260.0,375.14000244140624,374.44500427246095,386.0850006103516,43.58920700950083,-9.960231067112659,383.7000122070313,371.8500061035156,369.7999877929688
2025-08-22,381.0,384.0,375.0,375.6499938964844,34220.0,376.47999877929686,373.8400024414062,385.06000061035155,40.38880568106143,-9.583050394931377,381.3999938964844,383.7000122070313,371.8500061035156
2025-08-25,376.2999877929688,388.2999877929688,376.2999877929688,379.8999938964844,122693.0,378.5,374.6200012207031,384.27750091552736,43.68028901167884,-8.839298581741787,375.6499938964844,381.3999938964844,383.7000122070313
2025-08-26,379.4500122070313,380.0,368.1000061035156,369.75,62333.0,378.0799987792969,374.2800018310547,383.4800003051758,38.24853409141591,-8.965540422617664,379.8999938964844,375.6499938964844,381.3999938964844
2025-08-28,369.1000061035156,373.5,363.0,369.5499877929688,69359.0,375.2499938964844,374.13999938964844,381.4800003051758,38.1478640392428,-8.978231836712439,369.75,379.8999938964844,375.6499938964844
2025-08-29,371.0499877929688,373.4500122070313,365.1000061035156,368.0499877929688,20814.0,372.5799926757813,373.85999755859376,379.14749908447266,37.35382828778143,-9.005517339644712,369.5499877929688,369.75,379.8999938964844
2025-09-01,368.0499877929688,376.8500061035156,368.0499877929688,375.2000122070313,20726.0,372.48999633789066,374.48499755859376,378.325,43.40134265382068,-8.353895574271633,368.0499877929688,369.5499877929688,369.75
2025-09-02,375.25,379.3500061035156,373.0499877929688,376.6499938964844,49159.0,371.8399963378907,375.1699981689453,377.13000030517577,44.569946592708824,-7.63249655695148,375.2000122070313,368.0499877929688,369.5499877929688
2025-09-03,376.3500061035156,378.7000122070313,373.5,377.0,22063.0,373.28999633789067,375.68499755859375,375.76750030517576,44.86587014048046,-6.952397164104525,376.6499938964844,375.2000122070313,368.0499877929688
2025-09-04,378.7000122070313,381.7000122070313,372.0,374.3500061035156,33251.0,374.25,374.7499969482422,374.83000030517576,42.994329147088905,-6.551721686646431,377.0,376.6499938964844,375.2000122070313
2025-09-05,373.9500122070313,381.0,373.0499877929688,375.5499877929688,53013.0,375.75,374.16499633789067,374.30500030517584,44.13083033735484,-6.067413622964807,374.3500061035156,377.0,376.6499938964844
2025-09-08,375.2000122070313,377.9500122070313,372.0499877929688,372.7999877929688,27628.0,375.2699951171875,373.8799957275391,373.8599990844727,42.061275082152065,-5.8381988879098685,375.5499877929688,374.3500061035156,377.0
2025-09-09,373.25,380.75,373.25,373.8999938964844,54102.0,374.7199951171875,373.27999572753913,373.9499984741211,43.20854344865354,-5.504332738080279,372.7999877929688,375.5499877929688,374.3500061035156
2025-09-10,375.1499938964844,389.6000061035156,375.1499938964844,382.7000122070313,123974.0,375.8599975585938,374.57499694824224,374.42749938964846,51.48501377657783,-4.478033493491125,373.8999938964844,372.7999877929688,375.5499877929688
2025-09-11,383.25,383.2999877929688,375.1000061035156,375.7000122070313,53986.0,376.1299987792969,375.1899993896485,374.6649993896485,45.77087811304576,-4.1813257264370804,382.7000122070313,373.8999938964844,372.7999877929688
2025-09-12,378.0499877929688,379.7000122070313,371.3500061035156,373.25,90440.0,375.67000122070317,375.7100006103516,374.7849990844727,43.9330050371156,-4.096654509774055,375.7000122070313,382.7000122070313,373.8999938964844
2025-09-15,374.5499877929688,378.0,373.0499877929688,376.75,29660.0,376.4600036621094,375.86499938964846,375.17499847412114,47.19501776669669,-3.7044288612798937,373.25,375.7000122070313,382.7000122070313
2025-09-16,377.6000061035156,381.3999938964844,375.6499938964844,378.6499938964844,61072.0,377.4100036621094,376.06499938964845,375.6174987792969,48.93200266901109,-3.203347385831023,376.75,373.25,375.7000122070313
2025-09-17,379.1000061035156,387.5,379.1000061035156,381.2000122070313,93400.0,377.11000366210936,376.48500061035156,376.0849990844727,51.24978911046446,-2.570836536864931,378.6499938964844,376.75,373.25
2025-09-18,387.6499938964844,392.0499877929688,383.7999877929688,388.4500122070313,130060.0,379.6600036621094,377.89500122070314,376.3224990844727,57.19777978702343,-1.4676347430952887,381.2000122070313,378.6499938964844,376.75
2025-09-19,387.0499877929688,388.2999877929688,381.0,381.2999877929688,69838.0,381.2700012207032,378.4700012207031,376.3174987792969,50.63619098092237,-1.1569499890631505,388.4500122070313,381.2000122070313,378.6499938964844
2025-09-22,371.6000061035156,378.75,370.8500061035156,372.5499877929688,94224.0,380.4299987792969,378.44500122070315,376.16249847412115,43.98606113849607,-1.5983570907295643,381.2999877929688,388.4500122070313,381.2000122070313
2025-09-23,372.75,376.5,370.8999938964844,372.25,68160.0,379.15000000000003,378.2800018310547,375.77999877929693,43.7738033711791,-1.9499046200699581,372.5499877929688,381.2999877929688,388.4500122070313
2025-09-24,372.8500061035156,374.0,368.5499877929688,369.1499938964844,46006.0,376.73999633789066,376.925,375.7499984741211,41.54285993651102,-2.4504063949610213,372.25,372.5499877929688,381.2999877929688
2025-09-25,373.9500122070313,373.9500122070313,364.0499877929688,365.25,16218.0,372.09999389648436,375.8799987792969,375.5349990844727,38.85962359367526,-3.1257231801940293,369.1499938964844,372.25,372.5499877929688
2025-09-26,364.1499938964844,364.7000122070313,355.20001220703125,361.1499938964844,98180.0,368.0699951171875,374.6699981689453,375.1899993896485,36.211636024982205,-3.9462627645721113,365.25,369.1499938964844,372.25
2025-09-29,358.1499938964844,361.1000061035156,345.6000061035156,347.75,84863.0,363.10999755859376,371.76999816894534,373.8174987792969,29.206694152079294,-5.61310938493466,361.1499938964844,365.25,369.1499938964844
