Date,Open,High,Low,Close,Volume,MA_5,MA_10,MA_20,RSI,MACD,Close_Lag1,Close_Lag2,Close_Lag3
2020-01-28,112.28331338510424,113.2536587765622,111.56709801447838,111.93675994873048,219132.0,112.71304016113281,114.28870239257813,115.83548545837402,33.13664873942321,-2.2469460025804437,111.24365997314452,113.0688247680664,114.0854034423828
2020-01-29,112.28332160261468,114.63988091203372,111.59021467914177,113.46160125732422,331458.0,112.75924987792969,113.80814819335937,115.3768798828125,39.69144885718394,-2.147282722821487,111.93675994873048,111.24365997314452,113.0688247680664
2020-01-30,113.66952497049294,114.13159973553418,110.38881634824,110.85089111328124,327810.0,112.11234741210937,113.33452453613282,114.68954849243164,33.615316699674196,-2.252990276121224,113.46160125732422,111.93675994873048,111.24365997314452
2020-01-31,111.17433620932653,111.91364948889826,106.83086936984606,107.40845489501952,275990.0,110.9802734375,112.54207305908203,113.96525192260742,27.61280841876558,-2.584744778013743,110.85089111328124,113.46160125732422,111.93675994873048
2020-02-03,103.91983730488212,106.39191808407256,102.44121053751331,103.22673034667967,257773.0,109.37688751220703,111.37534561157227,113.47314720153808,22.383953822449854,-3.1487954796145914,107.40845489501952,110.85089111328124,113.46160125732422
2020-02-04,104.24326625794612,107.93984318406648,104.24326625794612,107.01569366455078,388112.0,108.39267425537109,110.55285720825195,113.23055953979492,34.48884533251142,-3.2525783517552895,103.22673034667967,107.40845489501952,110.85089111328124
2020-02-05,108.055361237091,110.4350289601482,107.4084607601448,109.46468353271484,405873.0,107.59329071044922,110.17627029418945,113.12312850952148,40.90415472085555,-3.1014622837298873,107.01569366455078,103.22673034667967,107.40845489501952
2020-02-06,108.9563950825811,113.1612426154288,107.70880063306116,112.44503784179688,731108.0,107.91212005615235,110.01223373413086,112.90364418029785,47.62593382011584,-2.7099731427150573,109.46468353271484,107.01569366455078,103.22673034667967
2020-02-07,112.26021184741424,112.37573319202508,109.41847983854343,111.24365997314452,274286.0,108.67916107177734,109.82971725463867,112.61369476318359,45.38496553222579,-2.4682044075934755,112.44503784179688,109.46468353271484,107.01569366455078
2020-02-10,111.68263315815,112.72229359579433,109.90365933657904,110.38883209228516,245645.0,110.11158142089843,109.74423446655274,112.3006420135498,43.805519551620925,-2.318848170770835,111.24365997314452,112.44503784179688,109.46468353271484
2020-02-11,111.12815163579492,112.42195277337224,110.689185281255,110.82780456542967,328247.0,110.87400360107422,109.63333892822266,111.9610206604004,44.86660604745493,-2.1403878087840695,110.38883209228516,111.24365997314452,112.44503784179688
2020-02-12,110.897090318926,111.6364035493208,107.57017549416408,107.89363098144533,141491.0,110.5597930908203,109.07654190063477,111.44234504699708,39.49795761208145,-2.210241682203062,110.82780456542967,110.38883209228516,111.24365997314452
2020-02-13,107.4315796732288,109.14123858633796,107.4315796732288,108.58676147460938,89378.0,109.78813781738282,108.85012893676758,111.09232673645019,41.28527892758204,-2.1844901000173564,107.89363098144533,110.82780456542967,110.38883209228516
2020-02-14,108.58674468203004,110.11157765541932,107.77811648851802,108.03225708007812,251750.0,109.14585723876954,108.91250915527344,110.72729110717773,40.26060067327121,-2.183653853708904,108.58676147460938,107.89363098144533,110.82780456542967
2020-02-17,108.1246698465491,108.21708268415168,105.9760343563894,106.2070770263672,81539.0,108.30950622558593,109.21054382324219,110.29294471740722,37.00495190268297,-2.3037121396184403,108.03225708007812,108.58676147460938,107.89363098144533
2020-02-18,106.46122585690316,106.46122585690316,102.81085503326725,103.91983032226562,156931.0,106.92791137695312,108.90095748901368,109.7269073486328,33.36390592244453,-2.5539801959759814,106.2070770263672,108.03225708007812,108.58676147460938
2020-02-19,104.89017646334707,104.89017646334707,103.2729305174802,104.6129379272461,424064.0,106.27177276611329,108.4157829284668,109.29602661132813,35.4370154824926,-2.665663334935985,103.91983032226562,106.2070770263672,108.03225708007812
2020-02-20,103.96602601352738,105.35223969370774,102.62601875095496,102.81084442138672,153217.0,105.11658935546875,107.45236358642578,108.73229866027832,32.59741510303357,-2.8665431868970046,104.6129379272461,103.91983032226562,106.2070770263672
2020-02-24,102.3487828556816,102.74154270335184,98.813933650678,99.94600677490234,224579.0,103.4993392944336,106.32259826660156,108.07615776062012,28.66499956428909,-3.219794584741038,102.81084442138672,104.6129379272461,103.91983032226562
2020-02-25,99.94601678300678,100.8701558272453,96.22634153038744,97.54325103759766,234746.0,101.76657409667969,105.03804016113281,107.39113731384278,25.848522284791258,-3.651538506999387,99.94600677490234,102.81084442138672,104.6129379272461
2020-02-26,97.08117136716564,97.5663440767016,95.78737042442188,96.50358581542967,201056.0,100.2833251953125,103.60561828613281,106.61947860717774,24.716861631813117,-4.031122697351961,97.54325103759766,99.94600677490234,102.81084442138672
2020-02-27,96.57288620680087,97.75116576058709,93.84666516958524,94.5397720336914,251404.0,98.26869201660156,102.27023239135742,105.67338714599609,22.695638023581367,-4.439236507740034,96.50358581542967,97.54325103759766,99.94600677490234
2020-02-28,93.33838901576006,93.68494242723445,89.91906131748132,91.3052749633789,357833.0,95.967578125,100.54208374023438,104.69610633850098,19.820684510605787,-4.966416763564865,94.5397720336914,96.50358581542967,97.54325103759766
2020-03-02,92.83011620031,94.26253639138888,89.36458177415601,90.01148223876953,272080.0,93.98067321777344,98.74000625610351,103.82625770568848,18.79509049626408,-5.426060921931338,91.3052749633789,94.5397720336914,96.50358581542967
2020-03-03,91.95218774195465,96.0184058178525,90.7970060229543,95.0018539428711,255599.0,93.47239379882812,97.6194839477539,103.41501388549804,33.16117751032901,-5.32625320725387,90.01148223876953,91.3052749633789,94.5397720336914
2020-03-04,95.186679771533,96.04151445635142,92.96873975165504,95.16358184814452,165938.0,93.20439300537109,96.7438591003418,102.82240829467773,33.57133296703094,-5.174456866191264,95.0018539428711,90.01148223876953,91.3052749633789
2020-03-05,95.64875250409762,97.4277261813554,93.8928767497282,94.07771301269533,156415.0,93.11198120117187,95.69033660888672,102.05305976867675,32.1450336347644,-5.0831819548966735,95.16358184814452,95.0018539428711,90.01148223876953
2020-03-06,93.24598078117168,94.2856411847832,88.44044394295544,92.80701446533205,389563.0,93.4123291015625,94.68995361328125,101.07115859985352,30.51140210579935,-5.0551085386589705,94.07771301269533,95.16358184814452,95.0018539428711
2020-03-09,95.1866737813515,104.70534433227812,94.72460958293767,98.53669738769533,1389664.0,95.11737213134765,94.54902267456055,100.43581047058106,44.265625975753075,-4.518436899211181,92.80701446533205,94.07771301269533,95.16358184814452
2020-03-11,96.5728854422828,98.95255302860676,94.14701143711564,97.4508285522461,364147.0,95.60716705322265,94.53978042602539,99.78891029357911,42.54684185608641,-4.133097522993481,98.53669738769533,92.80701446533205,94.07771301269533
2020-03-12,96.1108395189864,96.1108395189864,83.21904526829336,84.95181274414062,641580.0,93.56481323242187,93.38460311889648,98.49511070251467,28.722164181322228,-4.781165112951072,97.4508285522461,98.53669738769533,92.80701446533205
2020-03-13,83.12662281899968,93.36149870815488,71.62104387689888,91.32838439941406,1186129.0,93.01494750976562,93.06346435546875,97.6668483734131,39.51913208898414,-4.725751780868109,84.95181274414062,97.4508285522461,98.53669738769533
2020-03-16,90.1038969287008,99.5301549916306,85.36766468645324,94.5859832763672,724292.0,93.37074127197266,93.39153518676758,96.966809463501,44.171739889468746,-4.36861661847216,91.32838439941406,84.95181274414062,97.4508285522461
2020-03-17,94.49357134279242,102.55671360722825,92.50666346844324,100.2463607788086,617777.0,93.71267395019531,94.41502304077149,96.57751464843751,51.196929489834446,-3.5874849768734975,94.5859832763672,91.32838439941406,84.95181274414062
2020-03-18,101.60947568998525,102.5798211188286,93.338399318132,94.5859832763672,449354.0,93.13970489501955,94.3734359741211,95.9964599609375,45.086953159053685,-3.3861443179596336,100.2463607788086,94.5859832763672,91.32838439941406
2020-03-19,90.1038969923702,93.50011657169382,83.79662526050149,88.11698913574219,973595.0,93.77274017333986,93.66877670288086,95.20631790161133,39.312599033151756,-3.7058553648666077,94.5859832763672,100.2463607788086,94.5859832763672
2020-03-20,88.76389235492435,98.1439442925529,87.60871591534813,96.68841552734376,607337.0,94.84474639892579,93.9298469543457,94.81009178161621,48.68950856999592,-3.230348747986568,88.11698913574219,94.5859832763672,100.2463607788086
2020-03-23,91.02803086321586,91.37458429362908,82.20247263641913,84.8362808227539,352757.0,92.89480590820312,93.1327735900879,93.91136360168457,39.582213172288206,-3.7664571727574128,96.68841552734376,88.11698913574219,94.5859832763672
2020-03-24,86.86939601899998,89.17975944050777,82.59523849557159,85.27525329589844,270020.0,89.9005844116211,91.8066291809082,93.17782592773438,40.02963392506563,-4.108544804873944,84.8362808227539,96.68841552734376,88.11698913574219
2020-03-25,81.50937025596053,86.15318436356236,81.13971359573303,81.90213012695312,340911.0,87.36381378173829,90.2517593383789,92.39576988220215,37.71819807953457,-4.598822207560602,85.27525329589844,84.8362808227539,96.68841552734376
2020-03-26,83.14972181079344,84.92869541867285,80.93177663744817,81.94833374023438,296471.0,86.13008270263671,89.95141143798828,91.66800727844239,37.77120347163498,-4.9268486911409894,81.90213012695312,85.27525329589844,84.8362808227539
2020-03-27,82.36420245934745,84.8362884000135,77.48935078866367,78.45970153808594,476395.0,82.48433990478516,88.66454315185547,90.86400375366212,35.32651456649809,-5.405998519859494,81.94833374023438,81.90213012695312,85.27525329589844
2020-03-30,79.01419421406865,80.49282099975774,75.98762571562226,77.67418670654297,302186.0,81.05192108154297,86.97336349487304,90.18244934082033,34.78065067245086,-5.782456138381875,78.45970153808594,81.94833374023438,81.90213012695312
2020-03-31,79.47625414846392,88.6714745966058,78.55210987520748,87.86284637451172,928799.0,81.56943969726562,85.73501205444336,90.07501754760743,46.35858657301489,-5.198734058145419,77.67418670654297,78.45970153808594,81.94833374023438
2020-04-01,88.25561129553357,90.33493206356424,83.58869381723603,85.25215148925781,425184.0,82.23944396972657,84.80162887573242,89.58753242492676,44.19368269546466,-4.890417672075628,87.86284637451172,77.67418670654297,78.45970153808594
2020-04-03,85.80662319576375,89.08732642118063,81.13970629718764,85.1366195678711,1636188.0,82.87710113525391,84.50359191894532,89.0861843109131,44.09554548421568,-4.602344216068033,85.25215148925781,87.86284637451172,77.67418670654297
2020-04-07,88.48664370937789,95.09426231376546,85.6680097544978,92.50666046142578,1001105.0,85.68649291992188,84.08541641235351,89.00763168334962,51.49519082170883,-3.736273782205089,85.1366195678711,85.25215148925781,87.86284637451172
2020-04-08,91.16666023795575,94.5397820784598,90.54286822437145,92.13701629638672,475214.0,88.57905883789063,84.8154899597168,88.97413177490235,51.12964994370612,-3.0446372357092457,92.50666046142578,85.1366195678711,85.25215148925781
2020-04-09,94.1470174512898,97.75117123115106,91.28217699611878,96.06462097167967,672322.0,90.21941375732422,85.89442672729493,88.85052795410157,54.80100708524982,-2.154746836457406,92.13701629638672,92.50666046142578,85.1366195678711
2020-04-13,97.91290390966329,97.91290390966329,92.344950484134,95.11737823486328,532586.0,92.19245910644531,87.21595153808593,88.73385543823242,53.75219996618797,-1.508547262357041,96.06462097167967,92.13701629638672,92.50666046142578
2020-04-15,95.16357291922256,101.67877309930653,95.00184516678873,96.5959930419922,529562.0,94.48433380126953,88.68071746826172,89.316064453125,55.1937320380599,-0.8671219446173382,95.11737823486328,96.06462097167967,92.13701629638672
2020-04-16,97.49705057323384,100.82395556622292,96.31876026424608,98.81394958496094,416079.0,95.74579162597657,90.71614227294921,89.69034271240234,57.341660637164786,-0.17776800342072363,96.5959930419922,95.11737823486328,96.06462097167967
2020-04-17,100.75464710508938,101.60948181957336,98.49050058388896,100.61602783203124,292205.0,97.44159393310547,93.01032638549805,89.99184494018554,59.058957061013594,0.5081054916240646,98.81394958496094,96.5959930419922,95.11737823486328
2020-04-20,100.73153266761264,105.4677702043964,100.73153266761264,105.02879333496094,357878.0,99.23442840576172,94.72692108154297,90.23096656799316,62.988155296505724,1.3916958712618168,100.61602783203124,98.81394958496094,96.5959930419922
2020-04-21,105.60638166798606,105.60638166798606,99.13737735805182,99.71497344970705,344031.0,100.15394744873046,96.17320327758789,90.48741607666015,56.01641767977942,1.6442132904305424,105.02879333496094,100.61602783203124,98.81394958496094
2020-04-22,100.45429583708436,100.45429583708436,95.44081968571926,98.28256225585938,312080.0,100.4912612915039,97.48779754638672,90.99569473266601,54.27257177429751,1.7090506798378016,99.71497344970705,105.02879333496094,100.61602783203124
2020-04-23,100.26946065900444,100.82393767546446,96.11081957972738,96.73461151123048,234126.0,100.07539367675781,97.9105926513672,90.99800453186035,52.37503072551933,1.6168895929945961,98.28256225585938,99.71497344970705,105.02879333496094
2020-04-24,96.78081674207203,96.78081674207203,92.41424154720104,93.06114196777344,187069.0,98.56441650390624,98.00300521850586,91.40924758911133,48.07897444077469,1.233217215585313,96.73461151123048,98.28256225585938,99.71497344970705
2020-04-27,93.80046518454864,98.860147754783,93.80046518454864,96.295654296875,288350.0,96.81778869628906,98.0261085510254,91.96026763916015,51.825910146316296,1.176589217194845,93.06114196777344,96.73461151123048,98.28256225585938
2020-04-28,97.49703821112608,100.70843201932033,96.48047581085063,97.77427673339844,341963.0,96.42964935302734,98.29179840087892,92.75387496948242,53.47870127638908,1.2367669146207732,96.295654296875,93.06114196777344,96.73461151123048
2020-04-29,98.83704776531803,98.83704776531803,95.51013254375856,96.20323944091795,210942.0,96.01378479003907,98.25252304077148,93.4666202545166,51.45858583736639,1.1444955611854226,97.77427673339844,96.295654296875,93.06114196777344
2020-04-30,97.4970385077602,103.73500046161276,95.64874995907256,101.7480926513672,827394.0,97.0164810180664,98.5459373474121,94.63103981018067,57.5529830080558,1.5014849784307671,96.20323944091795,97.77427673339844,96.295654296875
2020-05-04,100.50050189811044,100.50050189811044,94.6784080875053,95.97219848632812,447183.0,97.59869232177735,98.08155441284181,95.54594039916992,50.44781220424907,1.303311511785921,101.7480926513672,96.20323944091795,97.77427673339844
2020-05-05,98.35185707522214,101.70188054337336,97.08116471804443,99.18359375,631550.0,98.17628021240235,97.49703445434571,96.11197776794434,53.858614410421794,1.3893745260546808,95.97219848632812,101.7480926513672,96.20323944091795
2020-05-06,93.80045864755576,94.70149968510036,86.26870127704773,93.54631805419922,1662169.0,97.3306884765625,96.88016891479492,96.52668609619141,47.65730530535854,0.9912722791523123,99.18359375,95.97219848632812,101.7480926513672
2020-05-07,93.54631542764376,94.67839910516528,91.95217814748372,92.92252349853516,2233904.0,96.67454528808594,96.3441650390625,96.91598129272461,47.01225105942896,0.6183108701114151,93.54631805419922,99.18359375,95.97219848632812
2020-05-08,93.80046168372748,94.58598141081656,90.35803575313452,91.00493621826172,782165.0,94.52591400146484,95.77119750976563,96.84089508056641,44.996025331906516,0.16608843474288904,92.92252349853516,93.54631805419922,99.18359375
2020-05-11,92.3911509584388,92.87632366837774,88.69457909952298,89.08733367919922,1009775.0,93.14894104003906,95.3738166809082,96.68841094970703,43.00955888908098,-0.3430807805251135,91.00493621826172,92.92252349853516,93.54631805419922
2020-05-12,88.5097476362425,89.89596141465184,86.52283981039285,87.72422790527344,762680.0,90.85706787109375,94.51667404174805,96.27139129638672,41.60353418863481,-0.8468305604297228,89.08733367919922,91.00493621826172,92.92252349853516
2020-05-13,91.21286818609696,91.21286818609696,87.6087092946909,88.92561340332031,1448918.0,89.93292694091797,93.63180770874024,95.96180305480956,43.36097709731337,-1.1360188034118863,87.72422790527344,89.08733367919922,91.00493621826172
2020-05-14,87.67802503535583,89.13355379202336,87.00802132945707,87.95526885986328,746888.0,88.9394760131836,92.80701065063477,95.52976684570312,42.25486374899898,-1.427051107751609,88.92561340332031,87.72422790527344,89.08733367919922
2020-05-15,88.44044862218324,89.87287428142321,86.82319725722623,87.26216888427734,1291831.0,88.19092254638672,91.35841827392578,94.95217781066894,41.44167295897938,-1.6940952062667662,87.95526885986328,88.92561340332031,87.72422790527344
2020-05-18,88.7407779491628,88.7407779491628,78.94487414427769,79.70729064941406,1569626.0,86.31491394042969,89.73192749023437,93.90674095153808,33.80487431270117,-2.4866802115168554,87.26216888427734,87.95526885986328,88.92561340332031
2020-05-19,81.32453844899655,83.35765270341936,78.73694185390403,79.22211456298828,784633.0,84.61449127197265,87.7357795715332,92.61640701293945,33.37946205868313,-3.1180166389174815,79.70729064941406,87.26216888427734,87.95526885986328
2020-05-20,79.22211874698432,83.54248808780301,79.01418984124645,82.54903411865234,545177.0,83.33917541503907,86.63605117797852,91.75811004638672,39.0441221649611,-3.31172519567221,79.22211456298828,79.70729064941406,87.26216888427734
2020-05-21,83.12662639713429,84.07386867085489,80.90868101577145,83.5193862915039,600839.0,82.45199890136719,85.69573745727538,91.01995124816895,40.62976814994042,-3.3483436899315393,82.54903411865234,79.22211456298828,79.70729064941406
2020-05-22,83.86593422385788,86.19939551184136,82.4566172244191,84.18938446044922,467711.0,81.83744201660156,85.01418228149414,90.39268989562989,41.75636372162276,-3.285428483182585,83.5193862915039,82.54903411865234,79.22211456298828
2020-05-26,84.39730904788121,85.34455649868791,82.45661301538277,82.84937286376953,352598.0,82.46585845947266,84.39038619995117,89.8821014404297,40.1167386937266,-3.305590673833109,84.18938446044922,83.5193862915039,82.54903411865234
2020-05-27,84.0045486031182,86.15317879326668,82.68764452270923,85.80662536621094,350374.0,83.78276062011719,84.19862594604493,89.35764999389649,45.22818210522101,-3.047810530429132,82.84937286376953,84.18938446044922,83.5193862915039
2020-05-28,86.54595317545669,87.16974518042913,84.9287019137095,85.94525909423828,259193.0,84.46200561523438,83.90059051513671,88.76619911193848,45.46319569491311,-2.800054046262261,85.80662536621094,82.84937286376953,84.18938446044922
2020-05-29,85.8759465490319,91.2590793098726,84.99800866869424,89.6418228149414,781319.0,85.68649291992188,84.06924591064453,88.43812828063965,51.4456322568311,-2.2791508168872525,85.94525909423828,85.80662536621094,82.84937286376953
2020-06-01,90.61219012616309,92.55288124052358,90.08080034392307,90.4504623413086,1018331.0,86.93870849609375,84.38807525634766,87.87324676513671,52.66877629078635,-1.780555665650894,89.6418228149414,85.94525909423828,85.80662536621094
2020-06-02,90.88942686413355,90.95874179224089,88.9025187860865,89.52632141113281,570094.0,88.2740982055664,85.36997833251954,87.55095291137695,51.08494064051427,-1.4433478502444217,90.4504623413086,89.6418228149414,85.94525909423828
2020-06-03,90.2656229118266,93.19976763925423,89.91906946893602,91.00493621826172,562393.0,89.31376037597656,86.54826049804687,87.14202003479004,53.494632421356705,-1.0447531059784154,89.52632141113281,90.4504623413086,89.6418228149414
2020-06-04,89.43388254757656,92.27562489399082,89.43388254757656,90.19630432128906,738195.0,90.16396942138672,87.31298751831055,86.97451934814453,51.98632951663995,-0.785064006315082,91.00493621826172,89.52632141113281,90.4504623413086
2020-06-05,90.38113442959344,94.90943772326696,90.38113442959344,94.51667785644533,624236.0,91.1389404296875,88.41271667480468,87.05422706604004,58.688353481541235,-0.2280121048419801,90.19630432128906,91.00493621826172,89.52632141113281
2020-06-08,96.98875185832992,102.78774720354028,96.04150442693224,100.01531982421876,891362.0,93.05191192626954,89.99531021118165,87.50474624633789,65.32279004042648,0.6496611043378806,94.51667785644533,90.19630432128906,91.00493621826172
2020-06-09,101.10120571586803,102.53362609557368,96.61910829397031,97.8436050415039,400095.0,94.71536865234376,91.49473342895507,87.94255981445312,61.14609923485806,1.1566510592982553,100.01531982421876,94.51667785644533,90.19630432128906
2020-06-10,99.71498812154864,99.71498812154864,95.32530371335388,96.04151916503906,631857.0,95.72268524169922,92.51822280883789,88.35842437744141,57.84117083825679,1.3969280645287228,97.8436050415039,100.01531982421876,94.51667785644533
2020-06-11,96.5728865123222,100.8239405488259,92.2294196371082,94.86322784423828,673292.0,96.65606994628908,93.41001968383789,88.65530509948731,55.720514500188756,1.4752651220724147,96.04151916503906,97.8436050415039,100.01531982421876
2020-06-12,92.4142578738361,98.69842694391414,92.32184502256666,97.427734375,846575.0,97.23828125,94.18861083984375,89.12892837524414,59.22454478872012,1.724404191011331,94.86322784423828,96.04151916503906,97.8436050415039
2020-06-15,96.80392204080192,98.14392925515008,94.49355893966604,95.39459991455078,1390981.0,96.3141372680664,94.68302459716797,89.53554992675781,55.476366266329734,1.7377599240642638,97.427734375,94.86322784423828,96.04151916503906
2020-06-16,97.47392696072434,99.20669411593032,95.37150845292582,96.98875427246094,649451.0,96.1431671142578,95.42926788330078,90.39962310791016,57.73501259965991,1.8555892941918444,95.39459991455078,97.427734375,94.86322784423828
2020-06-17,94.67840909071916,100.98567568971126,94.67840909071916,98.97566986083984,1239944.0,96.72999725341796,96.2263412475586,91.38730087280274,60.42942298818819,2.085259824342643,96.98875427246094,95.39459991455078,97.427734375
2020-06-18,98.42116876234624,103.61946992937156,98.42116876234624,103.0187759399414,749361.0,98.3611068725586,97.50858840942382,92.4107879638672,65.2798992116374,2.563964458841042,98.97566986083984,96.98875427246094,95.39459991455078
2020-06-19,103.04188661418868,104.40499179134608,101.2860110252033,103.27291870117188,420285.0,99.53014373779297,98.38421249389648,93.39846458435059,65.56562633987406,2.930072475838628,103.0187759399414,98.97566986083984,96.98875427246094
2020-06-22,104.03534416814576,111.35917263480408,103.73499715635418,110.22708892822266,803432.0,102.49664154052735,99.40538940429687,94.70034980773926,72.28635553995097,3.7382667240676994,103.27291870117188,103.0187759399414,98.97566986083984
2020-06-23,109.99606670657523,111.72883401630696,107.80122458892428,109.6495132446289,383656.0,105.02879333496094,100.58598022460937,96.04035682678223,71.04609566966697,4.282791602204725,110.22708892822266,103.27291870117188,103.0187759399414
2020-06-24,109.7419148796153,110.38881531422494,104.77465614982872,105.51396942138672,398456.0,106.33645324707031,101.53322525024414,97.02572402954101,62.74485690390181,4.330705984051107,109.6495132446289,110.22708892822266,103.27291870117188
2020-06-25,105.02878579978962,107.10810635184149,102.11773914211128,102.53360748291016,473417.0,106.23941955566406,102.30026321411133,97.8551414489746,57.52806492284647,4.081143296855117,105.51396942138672,109.6495132446289,110.22708892822266
2020-06-26,104.42809367736017,108.86397292245678,103.8273997132589,106.6229248046875,923027.0,106.90942077636718,103.21978225708008,98.70419654846191,62.175040072713884,4.1653215670643675,102.53360748291016,105.51396942138672,109.6495132446289
2020-06-29,105.90673740033829,106.69225715070058,101.9560301495293,104.0584487915039,397399.0,105.67569274902344,104.08616714477539,99.38459587097168,57.89688968151491,3.979231566124625,106.6229248046875,102.53360748291016,105.51396942138672
2020-06-30,106.23018003842289,106.23018003842289,99.80739233351596,99.99221801757812,1892140.0,103.74423370361328,104.3865135192871,99.90789070129395,51.80954596042483,3.4637155028971307,104.0584487915039,106.6229248046875,102.53360748291016
2020-07-01,100.50050947821936,103.15741597358362,99.1605019801116,102.76465606689452,496208.0,103.19437103271484,104.76541213989258,100.49587669372559,55.26329735636566,3.2415117592552605,99.99221801757812,104.0584487915039,106.6229248046875
2020-07-02,106.684322272184,108.4648627232969,105.89296970275602,106.38755798339844,475169.0,103.9651611328125,105.10229034423828,101.30543937683106,59.36196038222364,3.3194866228552087,102.76465606689452,99.99221801757812,104.0584487915039
2020-07-03,106.51121205399632,107.69824658327484,105.37363635340436,106.78324127197266,271663.0,103.99722442626953,105.45332260131836,101.91876754760742,59.79520375091843,3.3743136116832346,106.38755798339844,102.76465606689452,99.99221801757812
2020-07-06,107.12944600782508,109.05837416059404,105.74457625512936,106.61012268066406,680605.0,104.50755920410157,105.0916259765625,102.24850769042969,59.496342145517815,3.365005483262536,106.78324127197266,106.38755798339844,102.76465606689452
2020-07-07,106.6348692404735,106.73378690197886,104.16188242123684,104.38445281982422,437202.0,105.38600616455078,104.56511993408203,102.5755500793457,55.645667296155956,3.141818835535304,106.61012268066406,106.78324127197266,106.38755798339844
2020-07-08,104.38445471375232,106.6843300068827,104.23607821880218,104.75540161132812,375940.0,105.7841552734375,104.48926315307617,103.01124420166016,56.15500347004116,2.960744655179113,104.38445281982422,106.61012268066406,106.78324127197266
2020-07-09,105.07688252874937,105.64566471423043,101.31795497706553,101.61470794677734,435093.0,104.82958526611328,104.39737319946289,103.34881820678712,50.83260773077389,2.5345970744780146,104.75540161132812,104.38445281982422,106.61012268066406
2020-07-10,101.49107167969578,104.43391173321108,100.89755438979331,103.93932342529295,743711.0,104.26080169677735,104.12901306152344,103.67439765930176,54.28623840939939,2.3572758790584203,101.61470794677734,104.75540161132812,104.38445281982422
2020-07-13,103.86512946403748,106.28864613275816,103.56837647944336,104.23607635498048,942243.0,103.78599243164062,104.14677581787109,104.11647148132325,54.72345892620868,2.21515807214854,103.93932342529295,101.61470794677734,104.75540161132812
2020-07-14,104.35971892485244,106.04134164785508,103.69200779396635,104.0382308959961,450152.0,103.716748046875,104.55137710571289,104.4689453125,54.35023390913578,2.062785701663131,104.23607635498048,103.93932342529295,101.61470794677734
2020-07-15,105.34891904885224,105.4972955439958,99.71052167018992,100.4524154663086,1211792.0,102.8561508178711,104.3201530456543,104.54278259277343,47.96511194641945,1.633850155448343,104.0382308959961,104.23607635498048,103.93932342529295
2020-07-16,100.87282046602456,104.68121840288498,99.06754482050788,103.7414779663086,1021997.0,103.28150482177735,104.05554504394532,104.5789176940918,53.37575037648331,1.541545523451589,100.4524154663086,104.0382308959961,104.23607635498048
2020-07-17,104.08768716455764,112.37215917135724,103.86511679306405,110.8389129638672,2047464.0,104.66142272949219,104.46111221313477,104.95721740722657,62.44944618660063,2.017836760029155,103.7414779663086,100.4524154663086,104.0382308959961
2020-07-20,111.2840507719482,113.48499671547386,110.24540415956965,112.2979736328125,744525.0,106.2738021850586,105.0298973083496,105.06076164245606,64.00049511669889,2.484396423132253,110.8389129638672,103.7414779663086,100.4524154663086
2020-07-21,112.32271501456492,117.71381817755594,110.17122755676816,115.7601547241211,1210188.0,108.6181869506836,106.1674674987793,105.36629371643066,67.4375562390972,3.097807796971182,112.2979736328125,110.8389129638672,103.7414779663086
2020-07-22,116.87299748088928,117.51597361818114,111.43244671054416,113.01515197753906,447144.0,111.13073425292968,106.99344253540039,105.74135284423828,62.354377704591066,3.324123522650723,115.7601547241211,112.2979736328125,110.8389129638672
2020-07-23,115.11719128246489,117.4665140928574,111.77866919573776,114.67205047607422,1192271.0,113.31684875488281,108.29917678833007,106.34827499389648,64.11275266855355,3.5957289027939083,113.01515197753906,115.7601547241211,112.2979736328125
2020-07-24,114.79569874354206,115.46339860671506,110.566895208778,112.91622924804688,772865.0,113.73231201171875,109.19686737060547,106.66294021606446,60.868187829643475,3.6274826621769023,114.67205047607422,113.01515197753906,115.7601547241211
2020-07-27,113.75702802115596,119.04920146917136,110.5174240845747,114.59783935546876,761567.0,114.19228515625,110.2330436706543,107.18990974426269,62.809408115348894,3.745167665565603,112.91622924804688,114.67205047607422,113.01515197753906
2020-07-28,115.51285869511162,116.9224636621912,112.91623047830257,115.24082946777344,377449.0,114.08842010498047,111.35330352783203,107.95234031677246,63.55389936831331,3.845983700933587,114.59783935546876,112.91622924804688,114.67205047607422
2020-07-29,115.48813049728784,117.21921213509894,112.32270887218156,112.8915023803711,389984.0,114.06369018554688,112.59721221923829,108.45868263244628,58.9134024383723,3.693731041318756,115.24082946777344,114.59783935546876,112.91622924804688
2020-07-30,112.10015424519214,112.37217215244152,108.26703262347026,110.3443374633789,496961.0,113.19814758300781,113.25749816894532,108.65652160644531,54.285301683010296,3.3291583255491304,112.8915023803711,115.24082946777344,114.59783935546876
2020-07-31,110.3443374355164,111.53136068630684,105.7693220378681,106.33810424804688,784762.0,111.88252258300781,112.80741729736329,108.63426475524902,47.910285327167514,2.685999749571522,110.3443374633789,112.8915023803711,115.24082946777344
2020-08-03,107.32730290486003,109.726084468612,105.2252630016663,107.84662628173828,492382.0,110.53227996826172,112.36228256225586,108.69608993530274,50.27809568007708,2.271828836612059,106.33810424804688,110.3443374633789,112.8915023803711
2020-08-04,108.31647270896951,109.1572840014335,103.24686988304336,106.31336212158205,792893.0,108.74678649902344,111.41760330200195,108.79253540039062,47.89503322153672,1.7991344978808002,107.84662628173828,106.33810424804688,110.3443374633789
2020-08-05,106.33810615914943,108.91001066948542,104.85431857869432,105.37364196777344,461432.0,107.2432144165039,110.6534523010254,108.8234474182129,46.442135552678515,1.3333235421848997,106.31336212158205,107.84662628173828,106.33810424804688
2020-08-06,105.00268945722156,108.66269938130392,105.00268945722156,106.9316177368164,1258571.0,106.5606704711914,109.87940902709961,109.08929290771485,49.193875913497614,1.077460335769203,105.37364196777344,106.31336212158205,107.84662628173828
2020-08-07,111.23459505132888,111.23459505132888,105.07687513943613,105.62093353271484,1429496.0,106.417236328125,109.1498794555664,109.17337341308594,47.00582255361966,0.7601629545092692,106.9316177368164,105.37364196777344,106.31336212158205
2020-08-10,106.4370346069336,107.77244582873904,105.7445995778642,106.4370346069336,846554.0,106.13531799316407,108.33379898071288,109.28342132568359,48.54058882849566,0.5680073944340762,105.62093353271484,106.9316177368164,105.37364196777344
2020-08-11,106.83269875637671,108.34120999293624,105.62094048820263,106.38755798339844,583814.0,106.15015716552735,107.44847183227539,109.40088768005371,48.44897953919927,0.4070382945554485,106.4370346069336,105.62093353271484,106.9316177368164
2020-08-12,106.38755219420057,106.65958139395116,104.60701183997774,104.82958221435548,517574.0,106.04134521484374,106.64227981567383,109.61974601745605,45.534756292430075,0.15200132253821153,106.38755798339844,106.4370346069336,105.62093353271484
2020-08-13,105.34890865511916,106.09080237804253,103.8651212092724,105.002685546875,944727.0,105.65555877685547,106.10811462402344,109.68280639648438,45.92395600436635,-0.03573736488156953,104.82958221435548,106.38755798339844,106.4370346069336
2020-08-14,105.34891379329072,106.04134872315126,102.801744465661,103.17269134521484,835314.0,105.16591033935546,105.79157333374023,109.29949531555175,42.46891509624908,-0.32840126011633686,105.002685546875,104.82958221435548,106.38755798339844
2020-08-17,105.05215378233817,105.29944791201233,101.63943819083636,104.3349838256836,1131992.0,104.74550018310546,105.44040908813477,108.9013458251953,45.284537264644236,-0.46123538175727674,103.17269134521484,105.002685546875,104.82958221435548
2020-08-18,104.87904543207944,105.29945112555536,103.49417562284114,103.76620483398438,488339.0,104.22122955322266,105.185693359375,108.30164833068848,44.145926590086475,-0.6054241387139854,104.3349838256836,103.17269134521484,105.002685546875
2020-08-19,104.68121006959916,105.645662864476,103.88984619009,104.21133422851562,568736.0,104.09757995605469,105.06946258544922,107.8614574432373,45.30497232656665,-0.6759842200853967,103.76620483398438,104.3349838256836,103.17269134521484
2020-08-20,103.81567494413513,106.73379136208582,102.99958722201283,106.14027404785156,1229270.0,104.32509765625,104.99032821655274,107.43486862182617,50.13407753495579,-0.5696872701007436,104.21133422851562,103.76620483398438,104.3349838256836
2020-08-21,106.7832470206353,107.4262231485757,104.85431863681411,105.07688903808594,698086.0,104.70593719482422,104.93592376708985,107.04290161132812,47.63706700402795,-0.5647424551356579,106.14027404785156,104.21133422851562,103.76620483398438
2020-08-24,105.94243166828402,106.14026698639984,104.4586441416145,104.63174438476562,676862.0,104.76528930664062,104.75539474487304,106.54459686279297,46.59094066831185,-0.589942615696998,105.07688903808594,106.14027404785156,104.21133422851562
2020-08-25,104.85431933506906,105.86824236508086,104.28553711056522,104.45864868164062,288917.0,104.90377807617188,104.56250381469727,106.00548782348633,46.16638484916991,-0.6167715427029208,104.63174438476562,105.07688903808594,106.14027404785156
2020-08-26,104.85431609064584,105.0521627316392,103.44472245082156,103.6920166015625,674519.0,104.79991455078125,104.44874725341796,105.5455135345459,44.243436767793106,-0.6919184572271462,104.45864868164062,104.63174438476562,105.07688903808594
2020-08-27,103.66728131805456,104.3597161835255,102.70281725682013,103.0984878540039,1000958.0,104.19155731201172,104.25832748413086,105.18322105407715,42.758514389295904,-0.7902561569334097,103.6920166015625,104.45864868164062,104.63174438476562
2020-08-28,103.86512504853911,104.92850684539609,103.51890192749718,103.66728973388672,618050.0,103.90963745117188,104.30778732299805,105.04968032836913,44.67489211519512,-0.8129210861492595,103.0984878540039,103.6920166015625,104.45864868164062
2020-08-31,104.60701593787032,106.21445612645792,99.16646569092764,99.75997161865234,2242347.0,102.93528289794922,103.85028610229492,104.64534759521484,35.806669661831194,-1.1331093437456303,103.66728973388672,103.0984878540039,103.6920166015625
2020-09-01,99.4137681839942,101.19430875763672,96.39673418285491,98.84498596191406,829304.0,101.8125503540039,103.3581642150879,104.27192878723145,34.099632546322454,-1.444046471531081,99.75997161865234,103.66728973388672,103.0984878540039
2020-09-02,99.06754495483855,100.05674422411282,98.39984507041918,99.29011535644533,356920.0,100.93217010498049,102.86604232788086,103.96775245666504,35.70549939671301,-1.6356929137191116,98.84498596191406,99.75997161865234,103.66728973388672
2020-09-03,99.29011090866416,101.0953864757599,98.30092300410224,98.86970520019533,462277.0,100.08641357421875,102.13898544311523,103.56465682983398,34.841933365051986,-1.8007398775989856,99.29011535644533,98.84498596191406,99.75997161865234
2020-09-04,97.21279847425804,100.50186129968904,96.81712787171568,97.53428649902344,584378.0,98.8598129272461,101.38472518920898,103.16032447814942,32.1795570612758,-2.0160580519277005,98.86970520019533,99.29011535644533,98.84498596191406
2020-09-07,98.57294901675584,99.80943102711514,96.866591163612,97.65794372558594,508449.0,98.43940734863281,100.68734512329101,102.72136993408203,32.69243943674259,-2.1519152125799366,97.53428649902344,98.86970520019533,99.29011535644533
2020-09-08,97.9794381479636,100.22985457169102,96.71822098144418,98.3009262084961,520671.0,98.33059539794922,100.07157287597656,102.31703834533691,35.426908750193974,-2.1825407077581787,97.65794372558594,97.53428649902344,98.86970520019533
2020-09-09,97.92997810885608,98.2761899203267,94.36888573172664,95.82794952392578,610305.0,97.6381622314453,99.2851661682129,101.86695671081543,30.32416642024846,-2.378937276165459,98.3009262084961,97.65794372558594,97.53428649902344
2020-09-10,95.8526603340814,100.3287574462086,95.8526603340814,99.61158752441406,638897.0,97.78653869628906,98.93647613525391,101.59740180969239,43.688360946254924,-2.203870162757113,95.82794952392578,98.3009262084961,97.65794372558594
2020-09-11,99.88363140752844,100.92227817486464,97.58375615362584,98.44930267333984,563000.0,97.96954193115235,98.41467742919922,101.36123237609863,41.08163137440966,-2.1343118692863072,99.61158752441406,95.82794952392578,98.3009262084961
2020-09-14,98.91915947203626,99.4137590617304,96.52037806495936,96.96550750732422,227436.0,97.8310546875,98.1352310180664,100.99275856018066,37.96715964214607,-2.1738574147758243,98.44930267333984,99.61158752441406,95.82794952392578
2020-09-15,97.48484166947938,98.89444669441042,96.39673603587048,98.02890014648438,161263.0,97.77664947509766,98.05362243652344,100.70589332580566,41.3961572918301,-2.0952380456989914,96.96550750732422,98.44930267333984,99.61158752441406
2020-09-16,98.6718737481194,98.6718737481194,95.92686899815412,96.64402770996094,199204.0,97.93986511230469,97.789013671875,100.32752799987793,38.41778713704274,-2.120238471749502,98.02890014648438,96.96550750732422,98.44930267333984
2020-09-17,96.64402081485758,97.6332200079898,95.58063904050046,97.36119079589844,218207.0,97.48978576660156,97.6381622314453,99.88857383728028,40.79343121744772,-2.0584538474493286,96.64402770996094,98.02890014648438,96.96550750732422
2020-09-18,98.05362822749498,98.44929885861512,95.63010033028304,95.92686462402344,241967.0,96.98529815673828,97.47742004394532,99.43107261657715,37.66398806325343,-2.1010081088172967,97.36119079589844,96.64402770996094,98.02890014648438
2020-09-21,95.95158764741326,98.17726889171205,93.20658304352484,93.50334167480467,442952.0,96.29286499023438,97.06195983886718,98.8746524810791,33.0504127425294,-2.3037346957661526,95.92686462402344,97.36119079589844,96.64402770996094
2020-09-22,95.16023490844896,95.16023490844896,88.43373235851536,89.27454376220703,434790.0,94.5419937133789,96.15932159423828,98.11544723510742,26.866343391558118,-2.773652684884695,93.50334167480467,95.92686462402344,97.36119079589844
2020-09-23,89.91752181296181,90.56049791695884,86.10913533888746,87.86495208740234,788638.0,92.78617858886719,95.36302185058594,97.32409400939942,25.175378646317085,-3.222659531501762,89.27454376220703,93.50334167480467,95.92686462402344
2020-09-24,85.56507113333556,87.54345814164148,84.57588328938245,85.26831817626953,703248.0,90.3676040649414,93.92869491577149,96.43258552551269,22.380872399586053,-3.7448589451923624,87.86495208740234,89.27454376220703,93.50334167480467
2020-09-25,86.05967588818689,88.70576286913607,85.26832330137968,88.26062774658203,662429.0,88.83435668945313,92.9098274230957,95.66225242614746,31.778739390687633,-3.8726103270026044,85.26831817626953,87.86495208740234,89.27454376220703
2020-09-28,89.02725902456395,91.47550525161904,89.02725902456395,90.9809112548828,297002.0,88.32987060546876,92.31136779785156,95.22329940795899,39.00847416992787,-3.71156545651084,88.26062774658203,85.26831817626953,87.86495208740234
2020-09-29,91.9453645876731,91.9948234154612,89.94224810105514,91.32711791992188,542565.0,88.74038543701172,91.64118957519531,94.84740600585937,39.88167756989652,-3.5154760324869727,90.9809112548828,88.26062774658203,85.26831817626953
2020-09-30,91.00563107909348,91.89590697161836,86.75210957103045,89.12616729736328,960664.0,88.99262847900391,90.88940353393555,94.33920860290527,36.32151796236635,-3.4973567210770824,91.32711791992188,90.9809112548828,88.26062774658203
2020-10-01,89.52183696799197,90.41211279471123,86.55426219932704,86.92520904541016,352574.0,89.32400665283203,89.84580535888672,93.74198379516602,33.13598486002854,-3.618879779574698,89.12616729736328,91.32711791992188,90.9809112548828
2020-10-05,87.04885865643267,87.69183471785833,85.61453571508291,86.90048217773438,1315869.0,89.0519775390625,88.94316711425782,93.21029357910156,33.10086122880014,-3.674821871493407,86.92520904541016,89.12616729736328,91.32711791992188
2020-10-06,86.8757623091204,87.54346785701912,85.81238044768921,85.93602752685547,345743.0,88.04300079345703,88.18643569946289,92.62419776916504,31.68989158769375,-3.7537093872093124,86.90048217773438,86.92520904541016,89.12616729736328
2020-10-07,86.43062400817871,86.43062400817871,84.32858977789874,84.57588958740234,553162.0,86.69275512695313,87.71657028198243,91.93794593811035,29.76306822980068,-3.88123956264441,85.93602752685547,86.90048217773438,86.92520904541016
2020-10-08,85.51561867515557,86.01021829416277,83.9823723086738,84.57588958740234,202706.0,85.78269958496094,87.38766403198242,91.37534294128417,29.76306822980068,-3.936925716473681,84.57588958740234,85.93602752685547,86.90048217773438
2020-10-09,85.1199405241338,87.64238041354953,84.42750560074907,87.09832763671875,728133.0,85.81732330322265,87.57066497802734,90.74967994689942,37.88607876692419,-3.734469089853434,84.57588958740234,84.57588958740234,85.93602752685547
2020-10-12,87.44454696265788,87.56819403725545,84.57588955039235,84.79845428466797,729050.0,85.39691772460938,87.22444763183594,90.06713752746582,34.02253169328587,-3.716756853891738,87.09832763671875,84.57588958740234,84.57588958740234
2020-10-13,85.07047647653206,85.56507039423639,83.93290650367226,84.25439453125,427515.0,85.06059112548829,86.55179595947266,89.43158187866212,33.16101880747557,-3.70392432053184,84.79845428466797,87.09832763671875,84.57588958740234
2020-10-14,84.32859170502724,84.32859170502724,81.75669287209605,83.46305084228516,336639.0,84.83802337646485,85.76538925170898,88.70328941345215,31.895894604863287,-3.7147875095201925,84.25439453125,84.79845428466797,87.09832763671875
2020-10-15,83.46304497036158,85.09520891903531,80.76749924959434,81.08898162841797,616169.0,84.14064178466796,84.96167068481445,87.925537109375,28.395853515879878,-3.870349232944676,83.46305084228516,84.25439453125,84.79845428466797
2020-10-16,81.36101348516691,84.03182987901296,80.8169607046539,83.73507690429688,306495.0,83.46799163818359,84.64265747070313,87.24423141479492,36.72952259616365,-3.737037008686414,81.08898162841797,83.46305084228516,84.25439453125
2020-10-19,84.47696325738141,87.46926743843856,84.2049340608672,86.92520904541016,629832.0,83.89334259033203,84.6451301574707,86.79414863586426,45.03512607771186,-3.335519317356102,83.73507690429688,81.08898162841797,83.46305084228516
2020-10-20,87.04885855946507,87.34561717673095,84.94683014591482,85.26831817626953,169615.0,84.09612731933593,84.5783592224121,86.3823974609375,41.95463507038735,-3.1151019439962084,86.92520904541016,83.73507690429688,81.08898162841797
2020-10-21,86.03494709462632,88.8788694127051,86.03494709462632,87.86495208740234,855098.0,84.97650756835938,84.9072654724121,86.31191787719726,47.962082436867995,-2.6997716449600944,85.26831817626953,86.92520904541016,83.73507690429688
2020-10-22,87.6918342284013,89.0272451700317,86.75210521482421,88.70575714111328,313973.0,86.49986267089844,85.3202522277832,86.35395812988281,49.77473245466733,-2.2765310172715516,87.86495208740234,85.26831817626953,86.92520904541016
2020-10-23,88.03806173399745,90.95617808061394,88.03806173399745,90.09063720703124,637961.0,87.7709747314453,85.61948318481446,86.5950740814209,52.69740748149526,-1.8085140983851176,88.70575714111328,87.86495208740234,85.26831817626953
2020-10-26,90.01644211595978,90.8819886383635,85.86183805310324,86.35643768310547,338181.0,87.65722045898437,85.7752815246582,86.49986457824707,45.07992456305978,-1.7191091912130787,90.09063720703124,88.70575714111328,87.86495208740234
2020-10-27,86.3564261440577,86.80156122341992,84.22966273574974,85.83709716796875,398006.0,87.77097625732422,85.93355178833008,86.24267387390137,44.124618420532656,-1.6709004965881888,86.35643768310547,90.09063720703124,88.70575714111328
2020-10-28,86.03494706117904,86.92521731236712,84.773724268429,84.97156524658203,457978.0,87.19229888916016,86.08440322875977,85.92489624023438,42.50786334185748,-1.6831338321740361,85.83709716796875,86.35643768310547,90.09063720703124
2020-10-29,84.57588532255039,89.39819457339757,84.27912669815058,88.82940673828125,587732.0,87.21702880859375,86.85844573974609,85.91005821228028,51.10701817730706,-1.3657893028003372,84.97156524658203,85.83709716796875,86.35643768310547
2020-10-30,91.25293473587377,93.72591022354166,90.31319997521572,92.83563995361328,1741802.0,87.76602935791016,87.76850204467773,86.20557975769043,58.113471302524815,-0.7820074429192374,88.82940673828125,84.97156524658203,85.83709716796875
2020-11-02,93.42915529428925,93.47861412378836,91.79698561981724,92.61306762695312,396098.0,89.0173553466797,88.33728790283203,86.49120903015137,57.61945592077875,-0.33347178453605864,92.83563995361328,88.82940673828125,84.97156524658203
2020-11-03,93.03348285556292,94.64091752173452,91.17874837144164,91.87117767333984,391666.0,90.2241714477539,88.99757385253906,86.78796653747558,55.91325017872764,-0.037436814472400215,92.61306762695312,92.83563995361328,88.82940673828125
2020-11-04,91.87117643279106,92.98401710823698,89.62076566645821,92.36577606201172,435605.0,91.70301361083985,89.44765625,87.17746086120606,56.831016173914165,0.23438118811509412,91.87117767333984,92.61306762695312,92.83563995361328
2020-11-05,98.42456898252662,101.98564972271566,96.12469396078824,101.51578521728516,3292793.0,94.24028930664062,90.7286590576172,88.02445564270019,69.48630775846988,1.1745882602141222,92.36577606201172,91.87117767333984,92.61306762695312
2020-11-06,102.3813336434193,102.4555275437846,100.10619365048107,101.4416046142578,1270249.0,95.96148223876953,91.86375579833984,88.74161949157715,69.30891212456919,1.8919145704751088,101.51578521728516,92.36577606201172,91.87117767333984
2020-11-09,101.6394506505541,103.81567321966324,101.02120959038024,102.80175018310548,505808.0,97.99921875,93.50828704833984,89.64178428649902,70.78182317067868,2.540863724228984,101.4416046142578,101.51578521728516,92.36577606201172
2020-11-10,102.8759427420446,105.67040633467714,102.7522900034712,105.07688903808594,543135.0,100.64036102294922,95.43226623535156,90.68290901184082,73.10677678606433,3.20183651717727,102.80175018310548,101.4416046142578,101.51578521728516
2020-11-11,106.06605669256643,107.52512023921705,103.37051127835286,106.16498565673828,609789.0,103.40020294189453,97.55160827636719,91.81800575256348,74.16555396013737,3.7700042588135574,105.07688903808594,102.80175018310548,101.4416046142578
2020-11-12,106.33809727903235,106.83269687134782,105.27471551381404,105.57147979736328,179776.0,104.21134185791016,99.22581558227539,93.04213066101075,72.48915650391095,4.124841717082006,106.16498565673828,105.07688903808594,102.80175018310548
2020-11-13,105.69512056449103,106.68431974312614,103.71674484802054,106.1897201538086,404111.0,105.16096496582031,100.56122360229492,94.16486282348633,73.16948823624362,4.405159848523496,105.57147979736328,106.16498565673828,105.07688903808594
2020-11-14,107.32729466776992,109.77553487378565,106.33809549969114,108.6132354736328,510920.0,106.32326202392578,102.16124038696289,95.24926414489747,75.7057465393494,4.7679099217639305,106.1897201538086,105.57147979736328,106.16498565673828
2020-11-17,109.3303989468772,110.44323945461008,106.61011837673048,107.67350006103516,706677.0,106.84258422851562,103.74147262573243,96.36952323913575,72.83083604840319,4.9228160154999046,108.6132354736328,106.1897201538086,105.57147979736328
2020-11-18,107.32730676339408,107.32730676339408,104.65648455714334,105.76932525634766,716744.0,106.7634521484375,105.08182754516602,97.26474189758301,67.25741850601653,4.836180736822257,107.67350006103516,108.6132354736328,106.1897201538086
2020-11-19,105.12633707830489,107.92080038408808,104.90376669987972,105.49728393554688,402938.0,106.74861297607421,105.47997741699218,98.10431823730468,66.47475377129517,4.691489621249431,105.76932525634766,107.67350006103516,108.6132354736328
2020-11-20,105.3489113507195,106.8079637602822,104.6317413626632,105.79405212402344,117159.0,106.66947937011719,105.91522216796875,98.8894889831543,66.92689868258283,4.5483371825309575,105.49728393554688,105.76932525634766,107.67350006103516
2020-11-23,105.3983751232363,106.90689775206688,105.3983751232363,106.48648071289062,184972.0,106.24412841796875,106.28369522094727,99.89599113464355,68.01094879442141,4.4395842797120935,105.79405212402344,105.49728393554688,105.76932525634766
2020-11-24,106.95635921739031,107.05527688066844,105.49729538303588,106.09081268310548,202236.0,105.9275909423828,106.38508758544921,100.90867691040039,66.66626183213,4.272222199290383,106.48648071289062,105.79405212402344,105.49728393554688
2020-11-25,106.09079924196324,106.68431646683734,104.35971771311333,104.82958221435548,528413.0,105.73964233398438,106.25154724121094,101.90157775878906,62.42907661250234,3.991800791774338,106.09081268310548,106.48648071289062,105.79405212402344
2020-11-26,104.82959870684788,105.81878669033073,102.9748641625668,105.52203369140624,176149.0,105.74459228515624,106.24660263061523,102.73620910644532,63.78983622108623,3.781845096969235,104.82958221435548,106.09081268310548,106.48648071289062
2020-11-27,105.5962105062268,106.70905117193786,102.25768850909364,103.37052917480467,991495.0,105.2598876953125,105.96468353271484,103.26295356750488,56.89475520565486,3.4026219547352525,105.52203369140624,104.82958221435548,106.09081268310548
2020-12-01,103.86512377583388,105.02742321577487,103.3705241748632,104.60701751708984,175435.0,104.88399505615234,105.56406173706054,103.86265106201172,59.597637273850886,3.1653707343669026,103.37052917480467,105.52203369140624,104.82958221435548
2020-12-02,105.32417370260283,108.39067757189184,105.076879568144,106.1897201538086,339044.0,104.90377655029297,105.41568374633789,104.57857818603516,62.81199252861775,3.069673028638576,104.60701751708984,103.37052917480467,105.52203369140624
2020-12-03,106.46176254711564,109.25622623399217,106.11553939559391,108.93473815917967,817697.0,105.72480773925781,105.73222503662109,105.40702629089355,67.62317591484255,3.178689960150095,106.1897201538086,104.60701751708984,103.37052917480467
2020-12-04,109.77554258413176,110.29487727802972,106.41229687355752,107.12945556640624,1074830.0,106.04629211425781,105.89544219970703,105.68770980834961,61.94702257567658,3.083866551966068,108.93473815917967,106.1897201538086,104.60701751708984
2020-12-07,107.45094362055238,108.6627019321799,106.43702062827616,107.12945556640624,365081.0,106.79807739257812,106.02898254394532,105.97210235595703,61.94702257567658,2.9744309295772666,107.12945556640624,108.93473815917967,106.1897201538086
2020-12-08,108.3164772858645,108.3164772858645,105.86822587765212,106.73377227783205,211124.0,107.22342834472656,106.05371170043945,106.16870346069337,60.65288076235117,2.8232296419553222,107.12945556640624,107.12945556640624,108.93473815917967
2020-12-09,107.03053915126549,108.88527359275182,106.70905109338112,107.97026824951172,270032.0,107.57953796386718,106.24165725708008,106.31337242126465,63.237497652349546,2.7712313927905683,106.73377227783205,107.12945556640624,107.12945556640624
2020-12-10,108.01972692295163,108.31647987389842,105.20052860735932,106.63485717773438,691252.0,107.11956176757812,106.42218475341797,106.33686599731445,58.749099249966044,2.5923825207072753,107.97026824951172,106.73377227783205,107.12945556640624
2020-12-11,106.68432547495364,110.19594765453762,106.28864351816084,107.45094299316406,1062635.0,107.1838592529297,106.61507568359374,106.43083915710449,60.58999320925187,2.4878168025485934,106.63485717773438,107.97026824951172,106.73377227783205
2020-12-14,108.68743344278464,113.65811926107088,108.01973360167162,113.2129898071289,2241632.0,108.40056610107422,107.59932174682618,106.78200263977051,70.57481254293842,2.8371913640505397,107.45094299316406,106.63485717773438,107.97026824951172
2020-12-15,113.28716201434035,113.6333851005436,110.93782826784413,111.97648620605467,978088.0,109.44910888671875,108.33626861572266,106.95016517639161,66.67112735637954,2.9799467433290516,113.2129898071289,107.45094299316406,106.63485717773438
2020-12-16,113.2377224096974,115.95800345573468,113.0646108372148,114.0538101196289,514175.0,110.66581726074219,109.12267761230468,107.2691806793213,69.7030459735272,3.2235450678542747,111.97648620605467,113.2129898071289,107.45094299316406
2020-12-17,114.79568824453436,115.09244119649286,111.16040232084552,111.67972564697266,1147686.0,111.67479095458984,109.39717636108398,107.56470069885253,62.68469527907075,3.1882772437478337,114.0538101196289,111.97648620605467,113.2129898071289
2020-12-18,111.77865584785091,112.0754088030744,109.99810415531122,110.73999786376952,571571.0,112.33260192871094,109.75823059082032,107.82683639526367,60.10490839246155,3.0493480741354375,111.67972564697266,114.0538101196289,111.97648620605467
2020-12-21,111.28406864378904,111.28406864378904,101.36742012858906,103.59310150146484,444447.0,110.40862426757812,109.40459518432617,107.71678886413574,44.95264103202592,2.335627241985918,110.73999786376952,111.67972564697266,114.0538101196289
2020-12-22,102.97485358856672,104.68121145816778,100.8233549458871,104.31026458740234,839859.0,108.87537994384766,109.1622444152832,107.60797805786133,46.41251769000141,1.8070370100690951,103.59310150146484,110.73999786376952,111.67972564697266
2020-12-23,104.80484893886305,104.80484893886305,103.07376738032524,104.01349639892578,389875.0,106.86731719970703,108.76656723022461,107.50411224365234,45.870396635520436,1.3486325340156782,104.31026458740234,103.59310150146484,110.73999786376952
2020-12-24,104.35972155057028,106.6348615625816,103.91458078544638,105.57147979736328,518031.0,105.64566802978516,108.6602294921875,107.54120712280273,49.2235516422115,1.0983982722079872,104.01349639892578,104.31026458740234,103.59310150146484
2020-12-28,105.84350523774312,107.03052836846727,105.74457626648324,106.46174621582033,163727.0,104.7900177001953,108.56130981445312,107.58819274902343,51.08810627304817,0.9608468324098283,105.57147979736328,104.01349639892578,104.31026458740234
2020-12-29,106.83270580721404,107.03054113252792,105.59621238320064,106.56067657470705,373396.0,105.38353271484375,107.89607849121094,107.74770011901856,51.302107976811676,0.8500206693747572,106.46174621582033,105.57147979736328,104.01349639892578
2020-12-30,107.22836304769484,107.25309812046608,105.89296344843252,107.07998657226562,226938.0,105.9374771118164,107.40642852783203,107.87134857177735,52.4775028415227,0.794930647777889,106.56067657470705,106.46174621582033,105.57147979736328
2020-12-31,107.32729335868096,108.81108077230142,106.2639116242263,107.77242279052734,330516.0,106.68926239013672,106.77828979492188,107.95048370361329,54.06939473340505,0.7979469884647301,107.07998657226562,106.56067657470705,106.46174621582033
2021-01-01,107.99499830293318,109.97338538865318,107.82188674433766,109.35513305664062,369655.0,107.44599304199218,106.54583053588867,107.97150344848633,57.568142901259115,0.9174728949780899,107.77242279052734,107.07998657226562,106.56067657470705
2021-01-04,110.29488372802734,110.56690164784264,108.19284371559152,110.29488372802734,397447.0,108.21262054443359,106.50131912231446,108.12977485656738,59.53894764244023,1.0756288821863365,109.35513305664062,107.77242279052734,107.07998657226562
2021-01-05,107.87135065950643,110.4432551242697,107.87135065950643,110.3443374633789,455576.0,108.96935272216797,107.17644271850585,108.29051895141602,59.64517055709248,1.1912274164979095,110.29488372802734,109.35513305664062,107.77242279052734
2021-01-06,110.3443348412863,111.70446962681504,107.52513629128812,109.25621795654295,518451.0,109.40459899902343,107.67103805541993,108.41664123535156,56.15208589062355,1.1814192714218024,110.3443374633789,110.29488372802734,109.35513305664062
2021-01-07,110.17122845568944,110.83892834241205,109.13258167180965,110.24542236328124,259222.0,109.89919891357422,108.29423065185547,108.53039894104003,58.52982305388189,1.2391822526385,109.25621795654295,110.3443374633789,110.29488372802734
2021-01-08,110.93782436895869,113.75702250159426,110.93782436895869,111.53134155273438,1073395.0,110.33444061279297,108.89021682739258,108.77522315979004,61.45589619591875,1.3728968626918316,110.24542236328124,109.25621795654295,110.3443374633789
2021-01-11,112.27324152189328,112.27324152189328,109.2067491069132,110.8389129638672,509780.0,110.44324645996093,109.32793350219727,108.94462165832519,59.04019577431291,1.40677700464515,111.53134155273438,110.24542236328124,109.25621795654295
2021-01-12,110.91311133303454,112.99041601672984,109.99810605800212,111.2593231201172,240027.0,110.6262435913086,109.79779815673828,108.84693832397461,60.06655453467805,1.45082662115108,110.8389129638672,111.53134155273438,110.24542236328124
2021-01-13,111.28406646607743,115.141911839488,111.0862311444668,112.27325439453124,1053272.0,111.22965087890626,110.31712493896484,108.86177673339844,62.50669617272031,1.5496881987525626,111.2593231201172,110.8389129638672,111.53134155273438
2021-01-14,113.63339489019113,116.35366438848943,112.66893076461986,115.46339416503906,380176.0,112.27324523925782,111.08622207641602,108.93225593566895,68.93793273256362,1.8639676706033441,112.27325439453124,111.2593231201172,110.8389129638672
2021-01-15,117.5901563300461,117.71380905864424,112.61947059784023,113.1387939453125,561934.0,112.59473571777343,111.4645881652832,109.00520935058594,60.7593651408119,1.9035180350597614,115.46339416503906,112.27325439453124,111.2593231201172
2021-01-18,113.26245240221031,115.46339863201138,110.29487732896814,114.25164031982422,740465.0,113.27728118896485,111.86026382446289,109.18079147338867,63.02111429102929,2.001586344380584,113.1387939453125,115.46339416503906,112.27325439453124
2021-01-19,115.33973443866849,116.47731005325178,113.31189997503638,114.69676971435548,341265.0,113.9647705078125,112.29550704956054,109.7359748840332,63.91698829039702,2.09111928663863,114.25164031982422,113.1387939453125,115.46339416503906
2021-01-20,114.84515759855276,115.29028706729878,113.01514693250648,114.25164031982422,272609.0,114.36044769287109,112.79504928588867,110.2330436706543,62.291781796268936,2.1019268619307496,114.69676971435548,114.25164031982422,113.1387939453125
2021-01-21,114.30109595197864,115.73542461861206,112.49582041156764,113.03987884521484,795917.0,113.87574462890625,113.07449493408203,110.68436279296876,57.970479129096994,1.9897760199608143,114.25164031982422,114.69676971435548,114.25164031982422
2021-01-22,112.76784188467344,114.10325280265076,110.39378431960228,111.40770721435548,320909.0,113.52952728271484,113.06213150024413,110.97617416381836,52.67038267445976,1.749031315443304,113.03987884521484,114.25164031982422,114.69676971435548
2021-01-25,111.87758706420496,112.27325771914272,108.46487106336173,108.8852767944336,260762.0,112.45625457763671,112.86676788330078,111.09735069274902,45.714268359858806,1.3392621679735157,111.40770721435548,113.03987884521484,114.25164031982422
2021-01-27,109.80026924913128,109.80026924913128,106.16499459269154,107.15418243408205,209987.0,110.94773712158204,112.45625381469726,111.12702598571778,41.64898443729047,0.8648627197799783,108.8852767944336,111.40770721435548,113.03987884521484
2021-01-28,106.83271195755316,110.71529270256204,105.89298278781138,109.87448120117188,283342.0,110.07230529785156,112.21637649536133,111.26675071716309,49.28178043377715,0.7003301452676567,107.15418243408205,108.8852767944336,111.40770721435548
2021-01-29,109.8744716400807,110.64108916329664,107.77243174911972,108.1681137084961,274420.0,109.09795227050782,111.48684844970703,111.28653526306152,45.2806006759248,0.42732140348167036,109.87448120117188,107.15418243408205,108.8852767944336
2021-02-01,108.41541361280444,109.97339513747448,105.101626553876,107.79717254638672,678295.0,108.37584533691407,110.95268630981445,111.20863723754883,44.43599551571854,0.17896515805676927,108.1681137084961,109.87448120117188,107.15418243408205
2021-02-02,108.81107970420972,111.70446060420832,108.7616208789345,109.89918518066406,518268.0,108.57862701416016,110.51744079589844,111.18885231018066,50.11446342930222,0.150026484654191,107.79717254638672,108.1681137084961,109.87448120117188
2021-02-03,110.7894630815904,112.94096175248905,109.15729909289506,111.38298034667967,345728.0,109.42438659667968,110.18606185913086,111.2407844543457,53.71064861036531,0.2440094576573557,109.89918518066406,107.79717254638672,108.1681137084961
2021-02-04,112.02597088247845,114.5978642688909,111.48191237597516,113.48502349853516,563546.0,110.14649505615235,110.10940017700196,111.45222473144531,58.29718771956314,0.48254646049836936,111.38298034667967,109.89918518066406,107.79717254638672
2021-02-05,114.7462556259152,115.2408439921376,111.03678627723691,111.43245697021484,394355.0,110.79936370849609,109.94865798950195,111.51157646179199,52.79612779715687,0.5001978198895927,113.48502349853516,111.38298034667967,109.89918518066406
2021-02-08,112.05067147263418,114.35054645068288,111.77865359602568,113.50973510742188,425543.0,111.94187622070312,110.15886077880859,111.61049613952636,57.19806888398119,0.6740357697323986,111.43245697021484,113.48502349853516,111.38298034667967
2021-02-09,113.75703227070431,115.09244321878104,111.4818923045142,111.75392150878906,383773.0,112.31282348632813,110.44572525024414,111.65624656677247,52.7226634654926,0.6624873719150912,113.50973510742188,111.43245697021484,113.48502349853516
2021-02-10,112.07540701314444,113.2624414558797,109.72607320041392,111.40770721435548,452861.0,112.31776885986328,110.87107772827149,111.66366577148438,51.86098927681869,0.6182715339334095,111.75392150878906,113.50973510742188,111.43245697021484
2021-02-11,111.4818986742035,112.91622735662372,110.76473999319356,112.39690399169922,659915.0,112.10014495849609,111.12332000732422,111.66984825134277,54.165913758096465,0.6554939504147086,111.40770721435548,111.75392150878906,113.50973510742188
2021-02-12,112.7678462863538,113.36136353088826,109.89918903810376,110.64108276367188,504662.0,111.9418701171875,111.3706169128418,111.42873268127441,49.62405068326768,0.5371212847335869,112.39690399169922,111.40770721435548,111.75392150878906
2021-02-15,112.223789111506,112.223789111506,109.70135494480294,109.99810791015624,306860.0,111.23954467773437,111.59071044921875,111.27169837951661,48.03561478696995,0.3869666861590133,110.64108276367188,112.39690399169922,111.40770721435548
2021-02-16,109.30567993150622,112.24853129957177,109.30567993150622,111.80339050292967,209790.0,111.2494384765625,111.78113098144532,111.14928588867187,52.62122560265112,0.4089254646348195,109.99810791015624,110.64108276367188,112.39690399169922
2021-02-17,111.28405734283382,116.20528414705252,110.91311048502438,115.90853118896484,1046364.0,112.14960327148438,112.23368606567382,111.20987396240234,61.04046244448408,0.7489451268322398,111.80339050292967,109.99810791015624,110.64108276367188
2021-02-18,117.54069363603348,124.63814267240784,116.3289354249939,121.47273254394533,1288334.0,113.96476898193359,113.03245697021484,111.5709285736084,69.06468437702814,1.4506752252265898,115.90853118896484,111.80339050292967,109.99810791015624
2021-02-19,122.95653733022073,124.76181302552868,118.0353098919048,120.65666198730467,829508.0,115.96788482666015,113.95487747192382,111.95176773071289,66.88872098308973,1.9188322069120574,121.47273254394533,115.90853118896484,111.80339050292967
2021-02-22,120.63192798597564,122.7339564990842,118.67826463802744,119.42015838623048,355636.0,117.852294921875,114.5459197998047,112.35239028930664,63.618111538105026,2.1651163673273857,120.65666198730467,121.47273254394533,115.90853118896484
2021-02-23,120.68139386288952,123.55004004580432,119.69219459391114,121.07706451416016,448581.0,119.7070297241211,115.4782341003418,112.96197967529297,66.01604391112215,2.4655751998827498,119.42015838623048,120.65666198730467,121.47273254394533
2021-02-24,121.57165905711776,122.8081411109544,118.70300167394406,120.97814178466795,786466.0,120.72095184326172,116.43527755737304,113.65317764282227,65.73746546050005,2.6649884241773805,121.07706451416016,119.42015838623048,120.65666198730467
2021-02-25,121.29962614454524,128.19924017097551,121.29962614454524,124.8359832763672,1017275.0,121.39360198974609,117.67918548583984,114.40125274658203,70.89556953575067,3.09860165708875,120.97814178466795,121.07706451416016,119.42015838623048
2021-02-26,123.64894866013104,126.12192378439798,115.56230087230377,118.8760986328125,945482.0,121.03748931884766,118.5026870727539,114.93665199279785,56.69531982798595,2.9275830314555407,124.8359832763672,120.97814178466795,121.07706451416016
2021-03-01,122.65974680852554,124.8359689445122,120.58244231684756,122.4124526977539,571403.0,121.63594818115234,119.74412155151367,115.66741600036622,61.60902001501829,3.0423336287301908,118.8760986328125,124.8359832763672,120.97814178466795
2021-03-02,124.39086594725512,127.55627651858978,122.73396675240912,123.62423706054688,668368.0,122.14538269042968,120.92620620727538,116.35366859436036,63.151937710996606,3.19423403298606,122.4124526977539,118.8760986328125,124.8359832763672
2021-03-03,126.56707616835888,126.81437030743656,121.44800258645078,123.20381927490234,400316.0,122.59051818847657,121.65573501586914,116.94471054077148,62.217677661117754,3.243305192645252,123.62423706054688,122.4124526977539,118.8760986328125
2021-03-04,123.55003877971342,124.53923803855488,121.15125717996467,121.57166290283205,415203.0,121.93765411376953,121.6656280517578,117.34904251098632,58.59360666690082,3.1145900066558596,123.20381927490234,123.62423706054688,122.4124526977539
2021-03-05,122.11571162609737,124.3908516273802,118.9255663454856,120.16204833984376,533391.0,122.19484405517578,121.61616668701171,117.78552207946777,55.58238073819895,2.8658029868912536,121.57166290283205,123.20381927490234,123.62423706054688
2021-03-08,122.16516468473588,123.77259346558286,119.8900247908792,120.38461303710938,835068.0,121.78927612304688,121.71261215209961,118.12926597595215,55.96715888820021,2.6559801069499684,120.16204833984376,121.57166290283205,123.20381927490234
2021-03-09,119.29652214344232,121.67057997646393,115.43867674973217,117.59016418457033,724116.0,120.58246154785157,121.36392211914062,118.42107810974122,50.09891669099639,2.2384023853467028,120.38461303710938,120.16204833984376,121.57166290283205
2021-03-10,120.23623580623324,123.3769220918179,118.08474864767952,119.2223129272461,509846.0,119.78616027832031,121.18833923339844,118.81180839538574,53.186336266051555,2.0159313933599066,117.59016418457033,120.38461303710938,120.16204833984376
2021-03-12,119.32125344648192,121.91788184194196,118.57935961920762,119.37071228027344,848139.0,119.3459701538086,120.64181213378906,119.16049880981446,53.468234378261855,1.8304953065079559,119.2223129272461,117.59016418457033,120.38461303710938
2021-03-15,119.96421818445644,121.00287623599132,118.38151301301316,119.66746520996094,1147509.0,119.24705352783204,120.7209487915039,119.6118179321289,54.063925472177154,1.688022876083238,119.37071228027344,119.2223129272461,117.59016418457033
2021-03-16,120.43407761290366,121.49745937367788,119.02448406323546,119.56854248046876,1456604.0,119.0838394165039,120.43655776977539,120.09033966064453,53.816597310651055,1.5492711772316454,119.66746520996094,119.37071228027344,119.2223129272461
2021-03-17,119.69218827986444,119.69218827986444,115.58704888748296,117.02137756347656,750656.0,118.97008209228515,119.77627182006836,120.35123901367187,47.75817710773426,1.2197144263231081,119.56854248046876,119.66746520996094,119.37071228027344
2021-03-18,116.3784045464305,118.65354469258882,114.42475245617288,115.710693359375,391063.0,118.26775817871093,119.02695922851562,120.34134712219239,44.95380706668387,0.8430588083174655,117.02137756347656,119.56854248046876,119.66746520996094
2021-03-19,116.2300248641297,117.4170480745176,113.97960853462725,116.13109588623048,514896.0,117.61983489990234,118.48290252685547,120.07426528930664,46.04813127000948,0.5718871290215333,115.710693359375,117.02137756347656,119.56854248046876
2021-03-22,116.4773095769892,117.36757974279712,115.88379235965076,116.94717407226562,214427.0,117.07577667236328,118.16141510009766,119.88879089355468,48.20087472498822,0.41801370704580165,116.13109588623048,115.710693359375,117.02137756347656
2021-03-23,116.94718738584082,118.48043376828088,115.80962296680494,118.20840454101562,639990.0,116.80374908447266,117.94379425048828,119.82820320129395,51.42662981302372,0.3933048958021885,116.94717407226562,116.13109588623048,115.710693359375
2021-03-24,118.99975396441695,118.99975396441695,114.54839142728814,115.21610260009766,126507.0,116.44269409179688,117.70638809204101,119.53515510559082,44.367241993420365,0.13076188434661162,118.20840454101562,116.94717407226562,116.13109588623048
2021-03-25,114.74623796896026,116.05691391836812,111.80338670096866,112.54528045654295,522644.0,115.80961151123047,117.0386848449707,119.11351203918457,39.19547293621045,-0.2894814082664965,115.21610260009766,118.20840454101562,116.94717407226562
2021-03-26,112.86675905394696,114.69676953533347,112.86675905394696,113.65811157226562,388478.0,115.3150146484375,116.46742477416993,118.55461845397949,42.21778862213638,-0.5266600652331874,112.54528045654295,115.21610260009766,118.20840454101562
2021-03-30,113.65812427036116,114.6967823494698,113.16352464600465,113.75704193115234,117852.0,114.67698822021484,115.87638244628906,118.29866561889648,42.49145490814474,-0.6985900947376962,113.65811157226562,112.54528045654295,115.21610260009766
2021-03-31,114.20217837675406,116.6998888380308,113.16352033719332,116.00745391845705,1183409.0,114.23679809570312,115.5202735900879,117.97841567993164,48.47010983515714,-0.6458119240546409,113.75704193115234,113.65811157226562,112.54528045654295
2021-04-01,116.72460310059894,118.0600140026448,114.968786530183,117.4170379638672,211242.0,114.67698516845704,115.55983963012696,117.66805572509766,51.8469356802896,-0.4846563744661978,116.00745391845705,113.75704193115234,113.65811157226562
2021-04-05,118.70298927181491,118.70298927181491,113.50973349117302,116.2547378540039,124494.0,115.41887664794922,115.61424407958984,117.32060165405274,48.995785102922994,-0.44559085150748956,117.4170379638672,116.00745391845705,113.75704193115234
2021-04-06,116.23002679915862,117.26867354058972,115.3644803010324,116.35366821289062,77879.0,115.95798797607422,115.63650131225586,117.05970191955566,49.25159388891509,-0.4020141213977837,116.2547378540039,117.4170379638672,116.00745391845705
2021-04-07,116.72461389104996,118.06002491654613,116.23002560042202,116.69989013671876,102533.0,116.5465576171875,115.61177291870118,116.88659400939942,50.19306898424505,-0.3356726081985073,116.35366821289062,116.2547378540039,117.4170379638672
2021-04-08,117.14503030368562,119.12341760819513,116.8482773021898,118.0600357055664,563227.0,116.95707397460937,115.59693603515625,116.77036514282227,53.81780597787568,-0.17136866947961948,116.69989013671876,116.35366821289062,116.2547378540039
2021-04-09,118.15894765827208,118.15894765827208,114.72150794871592,115.7601547241211,125294.0,116.62569732666016,115.65134124755859,116.67886466979981,47.52027493769027,-0.224153882171521,118.0600357055664,116.69989013671876,116.35366821289062
2021-04-12,111.58081759834832,114.74623929363516,110.29487670880104,111.60555267333984,354590.0,115.69586029052735,115.55736846923828,116.29802665710449,38.70856566846497,-0.5943766040617362,115.7601547241211,118.0600357055664,116.69989013671876
2021-04-13,112.19906249376486,115.0182495538544,111.08622192149802,114.5731201171875,144300.0,115.33975067138672,115.64886932373047,116.05814704895019,46.359737564485435,-0.6409345917421518,111.60555267333984,115.7601547241211,118.0600357055664
2021-04-15,112.7678601228738,117.59016993075988,112.10016021609624,117.21922302246094,253315.0,115.44361724853516,115.99508743286133,115.9357349395752,52.10144903492111,-0.45902241766091834,114.5731201171875,111.60555267333984,115.7601547241211
2021-04-16,117.2192083719524,118.70299581969864,116.10636778614273,116.89772033691406,118128.0,115.21115417480469,116.08411407470703,115.80219383239746,51.38179739097928,-0.33691454772454676,117.21922302246094,114.5731201171875,111.60555267333984
2021-04-19,114.74625521898696,115.46341400766715,113.1140796550351,114.40003204345705,1196866.0,114.93912963867187,115.78241348266602,115.67112655639649,46.05916033693318,-0.43665229642367365,116.89772033691406,117.21922302246094,114.5731201171875
2021-04-20,114.44947379137702,116.08163779122737,113.5839386225899,115.0677261352539,66544.0,115.63156433105469,115.66371231079101,115.63897819519043,47.62121755510712,-0.45655496632753056,114.40003204345705,116.89772033691406,117.21922302246094
2021-04-22,115.06773366847906,115.76015732068004,112.96569367432237,115.51286315917967,252485.0,115.81951293945312,115.57963180541992,115.60806655883789,48.68805579395431,-0.4314358144424233,115.0677261352539,114.40003204345705,116.89772033691406
2021-04-23,115.61176751531048,116.3783963083139,114.47420318295676,115.58704376220705,176987.0,115.49307708740234,115.46834716796874,115.54006004333496,48.87493388211748,-0.4009213787987278,115.51286315917967,115.0677261352539,114.40003204345705
2021-04-26,116.62569742697625,116.62569742697625,114.07852808276236,114.86988067626952,78868.0,115.08750915527344,115.14933166503906,115.37313385009766,47.08937138289695,-0.429654743724754,115.58704376220705,115.51286315917967,115.0677261352539
2021-04-27,116.180567329839,116.180567329839,114.795697468623,115.19136810302734,57475.0,115.2457763671875,115.09245300292969,115.37189712524415,48.00637224182318,-0.4216245683131916,114.86988067626952,115.58704376220705,115.51286315917967
2021-04-28,114.2516275932194,115.5375796671543,114.2516275932194,114.449462890625,75782.0,115.12212371826172,115.3768440246582,115.46710624694825,46.02402149749447,-0.4697116037429083,115.19136810302734,114.86988067626952,115.58704376220705
2021-04-29,114.74623093649711,115.36447192145206,113.41081999422674,113.55919647216795,144911.0,114.73139038085938,115.27545166015625,115.46216049194337,43.69247281765571,-0.5730521964637063,114.449462890625,115.19136810302734,114.86988067626952
2021-04-30,113.26244931461834,121.59638078315922,112.2237912750576,116.00745391845705,576932.0,114.81547241210937,115.15427474975586,115.57468109130859,51.03826294883538,-0.45218395064111405,113.55919647216795,114.449462890625,115.19136810302734
2021-05-03,115.73543861269953,117.21922628722132,114.30110977263504,116.65044403076172,146864.0,115.17158508300781,115.12954711914062,115.60683059692383,52.780570004411366,-0.30104085506189904,116.00745391845705,113.55919647216795,114.449462890625
2021-05-04,116.72461261047944,121.07705744265732,116.72461261047944,119.42015838623048,584441.0,116.01734313964843,115.63155975341797,115.706986618042,59.47093529304515,0.041752639689264015,116.65044403076172,116.00745391845705,113.55919647216795
2021-05-05,119.44490293503344,121.86841968595614,119.19760877281718,121.12652587890624,183689.0,117.35275573730469,116.2374397277832,115.95057601928711,62.953495236296014,0.44596771174833805,119.42015838623048,116.65044403076172,116.00745391845705
2021-05-06,121.571660946375,123.4758542064595,120.80503209913029,121.49746704101562,396907.0,118.94040985107422,116.8359001159668,116.20776596069337,63.68403976634544,0.7871689268717574,121.12652587890624,119.42015838623048,116.65044403076172
2021-05-07,121.6705680890696,124.910172122779,119.14813401050482,124.4403076171875,498245.0,120.62698059082031,117.72122650146484,116.5947868347168,68.9203148602758,1.2802777433511494,121.49746704101562,121.12652587890624,119.42015838623048
2021-05-10,124.63814107557327,128.34760955996532,124.39084695008027,126.14665222167967,536178.0,122.5262222290039,118.84890365600586,116.99911766052246,71.48743342016594,1.7881451578360554,124.4403076171875,121.49746704101562,121.12652587890624
2021-05-11,125.18220005591074,132.0570786602755,124.93489460886488,131.48829650878906,797896.0,124.93984985351562,120.47859649658203,117.78552474975587,77.69771823650176,2.59178332989039,126.14665222167967,124.4403076171875,121.49746704101562
2021-05-12,131.48829497598064,133.2441115557004,128.0013855687177,129.7572021484375,418320.0,126.66598510742188,122.00937042236328,118.69310722351074,72.20869389871513,3.0537853866013194,131.48829650878906,126.14665222167967,124.4403076171875
2021-05-14,131.56248914477467,131.56248914477467,125.5036976757366,125.75099182128906,214883.0,127.51669006347656,123.22854995727539,119.25200080871582,61.39831254444804,3.061368107082629,129.7572021484375,131.48829650878906,126.14665222167967
2021-05-17,126.61653447261811,127.53152844362204,124.09408898285596,124.71234130859376,175768.0,127.57109680175782,124.09903869628906,119.62665672302246,58.93486022963992,2.949566287562874,125.75099182128906,129.7572021484375,131.48829650878906
2021-05-18,126.02302230273044,131.73560202516182,125.33058736785388,131.19154357910156,535859.0,128.5800750732422,125.55314865112305,120.34134788513184,67.65354850975388,3.345218418776639,124.71234130859376,125.75099182128906,129.7572021484375
2021-05-19,129.6335673801959,135.27195293332116,129.2131616880857,134.85154724121094,564682.0,129.25272521972656,127.09628753662109,121.36392364501953,71.35348527366666,3.909046239140565,131.19154357910156,124.71234130859376,125.75099182128906
2021-05-20,135.51925301240252,135.98911751315092,131.14207338890523,131.78504943847656,295372.0,129.65829467773438,128.16213989257812,122.19978981018066,64.67817808011799,4.061623239616239,134.85154724121094,131.19154357910156,124.71234130859376
2021-05-21,139.47602264964513,142.5177915015474,135.71709513434803,136.5826416015625,2176390.0,131.82462463378906,129.6706573486328,123.2532787322998,69.48764695042104,4.517591224626926,131.78504943847656,134.85154724121094,131.19154357910156
2021-05-24,137.84385697179016,141.4049491314407,136.2858756143181,140.81143188476562,651889.0,135.04444274902343,131.30776977539062,124.51449813842774,72.97999095580116,5.160687973655769,136.5826416015625,131.78504943847656,134.85154724121094
2021-05-25,141.82534165250473,143.80371719717164,139.7480371422455,142.5177764892578,2188027.0,137.3096893310547,132.94488220214845,125.89689292907715,74.26020244763447,5.741846101901018,140.81143188476562,136.5826416015625,131.78504943847656
2021-05-26,142.4188607659612,144.2735950867914,140.29210855575582,140.66305541992188,311085.0,138.47199096679688,133.86235809326172,127.17047729492188,70.35803009081302,5.983780321041863,142.5177764892578,140.81143188476562,136.5826416015625
2021-05-27,141.75115488814512,142.9381893309693,138.06642147756082,138.5115509033203,559130.0,139.81729125976562,134.73779296875,128.37358169555665,66.02391975293088,5.933508704274686,140.66305541992188,142.5177764892578,140.81143188476562
2021-05-28,138.5857498637372,140.6630545543645,138.19006792820826,138.75885009765625,231546.0,140.25253295898438,136.03857879638673,129.63356437683106,66.28103371853521,5.8462313481873025,138.5115509033203,140.66305541992188,142.5177764892578
2021-05-31,140.31683722494742,140.31683722494742,137.74494415948035,138.38790893554688,216255.0,139.76782836914063,137.40613555908203,130.75258712768556,65.48058784020559,5.681637186204853,138.75885009765625,138.5115509033203,140.66305541992188
2021-06-01,137.992236477674,141.4544110588243,137.992236477674,139.20399475097656,323733.0,139.10507202148438,138.20738067626954,131.8802646636963,66.44080555010792,5.5530345068374345,138.38790893554688,138.75885009765625,138.5115509033203
2021-06-02,139.8716885045029,143.18548645658876,139.17926493881296,142.7156219482422,399457.0,139.51558532714844,138.99378814697266,133.04503784179687,70.27274303646134,5.669124782250691,139.20399475097656,138.38790893554688,138.75885009765625
2021-06-03,142.71563334474354,143.729556341784,141.75116917777328,142.27049255371094,279254.0,140.26737365722656,140.0423324584961,134.10223617553712,69.19419595309255,5.659964393540633,142.7156219482422,139.20399475097656,138.38790893554688
2021-06-04,141.6027927363928,149.4668599242761,141.6027927363928,147.76051330566406,1196155.0,142.0677062988281,141.16011962890624,135.41538848876954,74.41073447153087,6.0262368054644355,142.27049255371094,142.7156219482422,139.20399475097656
2021-06-07,148.87335262873313,149.66470522343653,146.8702304067522,148.84861755371094,289784.0,144.15984802246095,141.96383819580078,136.63580398559571,75.30335928786505,6.331327645927388,147.76051330566406,142.27049255371094,142.7156219482422
2021-06-08,149.36793400983203,150.35713319771432,146.67238829763266,149.56578063964844,328473.0,146.23220520019532,142.66863861083985,137.80676040649413,75.90006354761073,6.55541664008652,148.84861755371094,147.76051330566406,142.27049255371094
2021-06-09,150.8022702613665,152.978492736075,147.41428947467264,148.52713012695312,688222.0,147.3945068359375,143.45504608154297,138.65870208740233,73.1437129780855,6.573424026063577,149.56578063964844,148.84861755371094,147.76051330566406
2021-06-10,148.8733294986367,149.4668353621523,146.91966640983568,147.51318359375,678625.0,148.44304504394532,144.35520935058594,139.54650115966797,70.453866796623,6.431736938057156,148.52713012695312,149.56578063964844,148.84861755371094
2021-06-11,147.88415277230305,150.4065983551233,145.4111773393188,146.0541534423828,222971.0,148.10177307128907,145.0847396850586,140.56165924072266,66.65530613746444,6.131042518705954,147.51318359375,148.52713012695312,149.56578063964844
2021-06-14,146.8949679749538,148.52713202170648,144.7187454724833,147.5626678466797,365660.0,147.8445831298828,146.00221557617186,141.70417556762695,68.54369658667298,5.945923623902274,146.0541534423828,147.51318359375,148.52713012695312
2021-06-15,148.62605423274485,148.87335971313345,147.04334896802223,147.53794860839844,150697.0,147.43901672363282,146.83561096191406,142.5214958190918,68.47526303571196,5.731155734333925,147.5626678466797,146.0541534423828,147.51318359375
2021-06-16,148.37874490318592,152.23659000658878,148.03252179419857,150.50550842285156,1151803.0,147.8346923828125,147.614599609375,143.30419387817383,72.07920959691702,5.734306395975096,147.53794860839844,147.5626678466797,146.0541534423828
2021-06-17,150.5055053481535,154.3138915468132,149.86252929065515,152.85482788085938,610883.0,148.90302124023438,148.67303314208985,144.35768280029296,74.55886135830707,5.858836741250428,150.50550842285156,147.53794860839844,147.5626678466797
2021-06-18,153.32470860361494,153.64619664262955,144.89184832857012,146.27671813964844,720129.0,148.9475341796875,148.52465362548827,144.84238662719727,58.80975038593601,5.364886385785496,152.85482788085938,150.50550842285156,147.53794860839844
2021-06-21,145.90576584768925,149.8625285033542,144.96602551914418,149.615234375,2893801.0,149.35804748535156,148.6013153076172,145.28257675170897,63.07297450216329,5.183070321095585,146.27671813964844,152.85482788085938,150.50550842285156
2021-06-22,150.85172140206348,151.6925327870978,146.99387626821186,150.15928649902344,363146.0,149.88231506347657,148.6606658935547,145.66465225219727,63.73175685911513,5.024955678356406,149.615234375,146.27671813964844,152.85482788085938
2021-06-23,150.50550639500682,151.07428855736555,147.93360214712436,148.5023956298828,179278.0,149.4816925048828,148.65819244384767,146.0566192626953,60.208889219214164,4.711638601995617,150.15928649902344,149.615234375,146.27671813964844
2021-06-24,148.92280045000902,149.1700945799487,145.5100848548431,146.15306091308594,224550.0,148.14133911132814,148.52218017578124,146.4386947631836,55.52243264801485,4.225057056475663,148.5023956298828,150.15928649902344,149.615234375
2021-06-25,148.08199236097198,148.30455142263725,146.49927593317517,147.3648223876953,168017.0,148.3589599609375,148.6532470703125,146.86899337768554,57.36574766380091,3.892348133527406,146.15306091308594,148.5023956298828,150.15928649902344
2021-06-28,149.2690109827452,149.2690109827452,146.74657691727083,147.09278869628906,171322.0,147.8544708251953,148.60625915527345,147.30423736572266,56.79666986263672,3.565620812432684,147.3648223876953,146.15306091308594,148.5023956298828
2021-06-29,147.0928021326978,148.15618396027506,143.92739172521237,144.79293823242188,339488.0,146.781201171875,148.33175811767578,147.58368453979492,52.0917769142021,3.085540158475254,147.09278869628906,147.3648223876953,146.15306091308594
2021-06-30,145.41117979734165,146.6723969498711,144.24888030535558,145.06495666503906,547637.0,146.09371337890624,147.78770294189454,147.70115127563477,52.59199794256615,2.695945217281775,144.79293823242188,147.09278869628906,147.3648223876953
2021-07-01,146.30143170669746,146.894948915892,144.91656199204323,146.5240020751953,239838.0,146.16790161132812,147.1546203613281,147.913826751709,55.28864946529599,2.476375079922917,145.06495666503906,144.79293823242188,147.09278869628906
2021-07-02,147.76049922105625,148.05725217329328,146.35089439693158,147.41427612304688,308961.0,146.17779235839845,147.26837615966798,147.89651489257812,56.89964240326823,2.347145408260417,146.5240020751953,145.06495666503906,144.79293823242188
2021-07-05,148.35401482928287,151.0495719302152,147.68631498287593,150.60443115234375,687029.0,146.88012084960937,147.36729583740234,147.98430557250975,62.16089828992362,2.473634295668063,147.41427612304688,146.5240020751953,145.06495666503906
2021-07-06,152.01402019092902,153.0774019547196,150.01090939136066,150.629150390625,879976.0,148.04736328125,147.4142822265625,148.0374740600586,62.19940311789492,2.5465176162558123,150.60443115234375,147.41427612304688,146.5240020751953
2021-07-07,151.74198406576136,151.79145421103175,148.1314445685794,151.49468994140625,794030.0,149.33330993652345,147.71351165771483,148.18585205078125,63.596275422241206,2.643645679271458,150.629150390625,150.60443115234375,147.41427612304688
2021-07-08,158.63319165609195,160.99877009210311,157.63130036200127,158.0209197998047,775687.0,151.6326934814453,148.90029754638672,148.71123886108398,71.99857726289612,3.2102270771272288,151.49468994140625,150.629150390625,150.60443115234375
2021-07-09,158.16008768853467,158.63320341079472,154.820441300939,155.32138061523438,521987.0,153.2141143798828,149.69595336914062,149.17460021972656,65.28606761839026,3.40219824218093,158.0209197998047,151.49468994140625,150.629150390625
2021-07-12,155.3213706543847,156.54591437916704,150.92417325664252,151.3416290283203,1102682.0,153.36155395507814,150.12083740234374,149.3635482788086,56.86854761505695,3.196358450122375,155.32138061523438,158.0209197998047,151.49468994140625
2021-07-13,151.73125406982732,152.8444651620047,150.39539056742365,151.53643798828125,220058.0,153.5430114746094,150.7951873779297,149.56347274780273,57.15972227089766,3.014202536339809,151.3416290283203,155.32138061523438,158.0209197998047
2021-07-14,150.8128569408434,152.78881600493074,149.31001357973227,150.31190490722656,482876.0,153.30645446777345,151.31988220214845,149.55379257202148,54.66174073467976,2.739454351994823,151.53643798828125,151.3416290283203,155.32138061523438
2021-07-15,150.36757718595896,151.2303123375338,148.11330578015762,148.6142578125,206085.0,151.4251220703125,151.5289077758789,149.3417640686035,51.31367621010108,2.357552110527024,150.31190490722656,151.53643798828125,151.3416290283203
2021-07-16,148.66992002011966,150.75719895407843,148.22462790232998,149.22653198242188,185755.0,150.20615234375,151.71013336181642,149.4892547607422,52.445007212386166,2.080316645889013,148.6142578125,150.31190490722656,151.53643798828125
2021-07-19,150.2840819158016,153.01145630145416,149.67181003665857,151.3972930908203,1012551.0,150.21728515625,151.78941955566407,149.5783576965332,56.320370564250155,2.012568189125915,149.22653198242188,148.6142578125,150.31190490722656
2021-07-20,152.2322112313751,154.18034679646505,151.5086194774548,153.84637451171875,337925.0,150.6792724609375,152.11114196777345,149.76271209716796,60.25558408511993,2.1319219823418507,151.3972930908203,149.22653198242188,148.6142578125
2021-07-22,153.28977527004164,154.95959847455302,152.56618351612136,153.84637451171875,303443.0,151.38616638183595,152.3463104248047,150.02991104125977,60.25558408511993,2.2011373817863102,153.84637451171875,151.3972930908203,149.22653198242188
2021-07-23,153.98552202332706,155.23788935620806,153.23409397975487,154.43080139160156,110474.0,152.54947509765626,151.98729858398437,150.44379806518555,61.222449561733136,2.276902732090633,153.84637451171875,153.84637451171875,151.3972930908203
2021-07-26,154.18033522976938,154.7369344296901,151.78692045089304,152.20437622070312,192964.0,153.1450439453125,151.67559814453125,150.68577575683594,55.66663771906505,2.1327088734586255,154.43080139160156,153.84637451171875,153.84637451171875
2021-07-27,151.95390615521268,152.5940016300312,149.39351151619906,149.8387908935547,93295.0,152.83334350585938,151.5253143310547,150.8230758666992,50.430126017816875,1.806724441043258,152.20437622070312,154.43080139160156,153.84637451171875
2021-07-28,150.89635625914383,150.89635625914383,145.44159465902078,147.66802978515625,235071.0,151.59767456054686,151.1384735107422,150.96683044433593,46.140788715280934,1.3575679518308448,149.8387908935547,152.20437622070312,154.43080139160156
2021-07-29,147.6680178477095,149.67180038142837,145.83121506851077,146.72178649902344,302897.0,150.17275695800782,150.7794616699219,151.04967193603517,44.36922235357279,0.9147100647868456,147.66802978515625,149.8387908935547,152.20437622070312
2021-07-30,148.61426698787483,148.61426698787483,145.02414450707363,145.4694366455078,446204.0,148.38048400878907,150.46497955322266,150.99694366455077,42.06712952611191,0.4574150360270153,146.72178649902344,147.66802978515625,149.8387908935547
2021-08-02,145.46942699474002,152.51051530725886,145.46942699474002,151.8704071044922,502040.0,148.31369018554688,150.7293670654297,151.21975021362306,54.93681044179038,0.604541474199408,145.4694366455078,146.72178649902344,147.66802978515625
2021-08-03,153.5402268304834,153.679383000143,151.45294798428463,152.81663513183594,319421.0,148.9092590332031,150.87130126953124,151.33036041259766,56.476048242472565,0.7884046917670275,151.8704071044922,145.4694366455078,146.72178649902344
2021-08-04,153.6237266947973,154.4586382529212,150.42323663523547,151.25814819335938,171586.0,149.62728271484374,150.61247863769532,151.36181030273437,53.249827771936275,0.7991486569712549,152.81663513183594,151.8704071044922,145.4694366455078
2021-08-05,149.72746415989425,150.70153186264983,146.0816820967181,147.47320556640625,270043.0,149.7775665283203,149.97516174316405,151.16073608398438,46.32809259720763,0.4965264411552823,151.25814819335938,152.81663513183594,151.8704071044922
2021-08-06,148.4472774378441,150.56237992183765,147.19491010187758,147.52886962890625,204714.0,150.189453125,149.28496856689452,150.63613357543946,46.43836095628452,0.2582112805740451,147.47320556640625,151.25814819335938,152.81663513183594
2021-08-09,147.779349606851,148.6699211092147,144.80149915523796,145.8033905029297,263501.0,148.9760498046875,148.64486999511718,150.1602340698242,43.45784428239356,-0.0690905137549862,147.52886962890625,147.47320556640625,151.25814819335938
2021-08-10,145.8312256522405,146.86094058304906,142.76987897157235,143.6326141357422,116792.0,147.13924560546874,148.02425231933594,149.7747833251953,39.98119779999477,-0.49790353274843824,145.8033905029297,147.52886962890625,147.47320556640625
2021-08-11,143.604806571428,145.2746299036539,142.15762295290128,144.1057586669922,504225.0,145.70876770019532,147.66802520751952,149.40324935913085,41.087473628358616,-0.7904503111450651,143.6326141357422,145.8033905029297,147.52886962890625
2021-08-12,144.60667441600995,145.02413018091747,141.12787212853448,142.04627990722656,278476.0,144.62338256835938,147.20047454833986,148.98996810913087,37.81976654864193,-1.1749345507118107,144.1057586669922,143.6326141357422,145.8033905029297
2021-08-13,142.7420576264931,143.60480562097888,140.9887507831048,141.9349822998047,186884.0,143.50460510253907,146.84702911376954,148.6560043334961,37.64552160107037,-1.4716575156286922,142.04627990722656,144.1057586669922,143.6326141357422
2021-08-16,141.9349812115236,143.77178430278337,140.87742984681958,143.4099884033203,146198.0,143.0259246826172,146.00098724365233,148.36517715454102,41.49271457827351,-1.5696974426690815,141.9349822998047,142.04627990722656,144.1057586669922
2021-08-17,144.66233061528732,144.66233061528732,140.59909290937725,141.21136474609375,75251.0,142.5416748046875,144.84046020507813,147.8558807373047,37.75353983694271,-1.804009843147071,143.4099884033203,141.9349822998047,142.04627990722656
2021-08-18,140.82175211989926,142.35241904585558,139.9868405712432,141.1835479736328,146534.0,141.9572326660156,143.83300018310547,147.22273941040038,37.70724109447097,-1.969248419750386,141.21136474609375,143.4099884033203,141.9349822998047
2021-08-20,140.7660989925103,140.7660989925103,136.9811605107346,137.42645263671875,145157.0,141.03326721191405,142.8283248901367,146.4017433166504,31.999270181752465,-2.3759785745096735,141.1835479736328,141.21136474609375,143.4099884033203
2021-08-23,139.20759350984164,139.54155304436384,136.14624681776326,136.73068237304688,127266.0,139.9924072265625,141.74850616455078,145.51673736572266,31.061539131379007,-2.723068163237798,137.42645263671875,141.1835479736328,141.21136474609375
2021-08-24,136.73067666328996,139.62504346724097,136.7028530731115,139.0127716064453,217788.0,139.1129638671875,141.06944427490234,144.85715713500977,37.52811362716345,-2.781925330508841,136.73068237304688,137.42645263671875,141.1835479736328
2021-08-25,139.01277948721773,144.27272504279014,139.01277948721773,143.54913330078125,274447.0,139.580517578125,141.06109619140625,144.54267425537108,47.97495303884808,-2.4344606360247667,139.0127716064453,136.73068237304688,137.42645263671875
2021-08-26,144.07791124042274,144.07791124042274,141.23921689008475,142.29676818847656,134877.0,139.80316162109375,140.88019714355468,144.27411117553712,45.70273272911888,-2.234391090774949,143.54913330078125,139.0127716064453,136.73068237304688
2021-08-27,143.5491228501077,143.88308236530355,141.96278330358015,142.74203491210938,115491.0,140.86627807617188,140.94977264404298,144.07512359619142,46.66985767234423,-2.0166584481296184,142.29676818847656,143.54913330078125,139.0127716064453
2021-08-30,144.71798573358038,145.0519579696852,142.49156361165976,144.49534606933594,94238.0,142.4192108154297,141.2058090209961,144.02641906738282,50.41508051929469,-1.6832230551884777,142.74203491210938,142.29676818847656,143.54913330078125
2021-08-31,144.49535187148686,149.3935011199764,143.38214076582602,148.5029296875,329268.0,144.31724243164064,141.71510314941406,143.8580451965332,57.72333873035492,-1.0831091902649632,144.49534606933594,142.74203491210938,142.29676818847656
2021-09-01,148.50294779282444,150.14493469235697,146.72180471071653,148.33596801757812,253670.0,145.274609375,142.4275634765625,143.6340118408203,57.34413539341172,-0.6139102647458401,148.5029296875,144.49534606933594,142.74203491210938
2021-09-02,149.4491834258648,150.72937447818745,148.22463956043552,148.39163208007812,195226.0,146.49358215332032,143.14837188720702,143.49068603515624,57.44450890466811,-0.2348677025613597,148.33596801757812,148.5029296875,144.49534606933594
2021-09-03,149.17087190562086,153.9020289911994,148.28030041070377,153.5680694580078,232844.0,148.6587890625,144.76253356933594,143.79542922973633,65.56044543723507,0.47771469627906527,148.39163208007812,148.33596801757812,148.5029296875
2021-09-06,153.90202567569034,154.34731778342575,149.7831278230297,150.17276000976562,138632.0,149.79427185058594,146.10674133300782,143.9276237487793,57.77701233696489,0.7597108112227318,153.5680694580078,148.39163208007812,148.33596801757812
2021-09-07,152.0095609199242,152.87230879388838,148.33595522242192,148.86473083496094,161056.0,149.86663208007812,147.09193725585936,144.08069076538087,55.064785521655196,0.8676460575762519,150.17276000976562,153.5680694580078,148.39163208007812
2021-09-08,149.1708728043809,150.9520158049466,148.05764887422265,150.22842407226562,223317.0,150.24512329101563,147.7598663330078,144.41048126220704,57.31453854925324,1.0511076506288077,148.86473083496094,150.17276000976562,153.5680694580078
2021-09-09,151.11900450114408,152.5661880520103,149.22654154369772,149.5605010986328,520839.0,150.47889709472656,148.48623962402343,144.68321838378907,55.83989519272956,1.129585326484147,150.22842407226562,148.86473083496094,150.17276000976562
2021-09-13,149.72747445526863,151.64777366314738,148.19680745117913,150.7572021484375,221966.0,149.9167236328125,149.28775634765626,145.1187644958496,57.928490357525455,1.2736612494152553,149.5605010986328,150.22842407226562,148.86473083496094
2021-09-14,152.23219415966346,153.51239775143551,150.84068347177825,152.538330078125,329633.0,150.38983764648438,150.09205474853516,145.64893188476563,60.89312647243048,1.5141108671920165,150.7572021484375,149.5605010986328,150.22842407226562
2021-09-15,152.67750223864985,155.68317634076325,152.3713662881148,153.5402374267578,300791.0,151.32493896484374,150.59578552246094,146.1554443359375,62.49415611203071,1.7651667281081416,152.538330078125,150.7572021484375,149.5605010986328
2021-09-16,154.09686169632772,158.29925634379632,153.28978636759695,157.35301208496094,688946.0,152.7498565673828,151.49748992919922,146.96252670288087,67.88282897714882,2.2459000194733107,153.5402374267578,152.538330078125,150.7572021484375
2021-09-17,158.187897233775,159.18980125287842,152.6496524980968,157.4086456298828,1525677.0,154.31948547363282,152.3991912841797,147.77378158569337,67.95517606361898,2.6013866129358405,157.35301208496094,153.5402374267578,152.538330078125
2021-09-20,156.8520515037232,156.8520515037232,150.56237855071336,151.64776611328125,557720.0,154.49759826660156,152.20716094970703,148.48484725952147,54.31197951523731,2.3906989784219093,157.4086456298828,157.35301208496094,153.5402374267578
2021-09-21,150.28408457539368,152.03740399133582,148.33596179969996,151.31381225585938,424286.0,154.25269470214843,152.3212661743164,149.2140037536621,53.63968102567932,2.1717456923454677,151.64776611328125,157.4086456298828,157.35301208496094
2021-09-22,151.31381300311207,155.01525521302725,151.28597667173025,154.1803436279297,507165.0,154.3807159423828,152.8528274536133,149.97238235473634,58.39979048859493,2.204121025614853,151.31381225585938,151.64776611328125,157.4086456298828
2021-09-23,155.15439501846785,157.1303540889058,154.18034001848372,155.73883056640625,1302590.0,154.05787963867186,153.40386810302735,150.58186721801758,60.75887308294396,2.3286918712672104,154.1803436279297,151.31381225585938,151.64776611328125
2021-09-24,156.963384738289,157.21386077252157,152.5383505993147,152.900146484375,115829.0,153.15617980957032,153.73783264160156,151.1120361328125,54.67682946112792,2.173304580020641,155.73883056640625,154.1803436279297,151.31381225585938
2021-09-27,152.9001396797322,155.29355458523335,151.84258840419346,154.7926025390625,125517.0,153.78514709472657,154.14137268066406,151.71456451416014,57.71570124935035,2.177760551867806,152.900146484375,155.73883056640625,154.1803436279297
2021-09-28,153.0949507830104,163.0860531310712,153.0949507830104,162.41812133789062,1542254.0,156.00600891113282,155.1293518066406,152.6107032775879,67.24562944492368,2.764737407758645,154.7926025390625,152.900146484375,155.73883056640625
2021-09-29,162.41813194175597,167.53893419730483,160.83180497665677,166.78750610351562,2082887.0,158.52744140625,156.4540786743164,153.52493209838866,71.24473969035486,3.541667490882446,162.41812133789062,154.7926025390625,152.900146484375
2021-09-30,165.45164808864124,168.45732211594003,164.11578447223758,166.98231506347656,1549730.0,160.77613830566406,157.41700897216796,154.4572494506836,71.41232896285858,4.125552829271101,166.78750610351562,162.41812133789062,154.7926025390625
2021-10-01,165.59079620028237,170.2663062499721,165.3124965805651,166.25872802734375,477850.0,163.4478546142578,158.30201721191406,155.35060424804686,69.78543138435937,4.478275962399522,166.98231506347656,166.78750610351562,162.41812133789062
2021-10-04,167.39976579233627,168.87477280022523,166.70401041384395,168.4016571044922,198980.0,166.16966552734374,159.97740631103517,156.0922836303711,71.832080932122,4.874537420863561,166.25872802734375,166.98231506347656,166.78750610351562
2021-10-05,168.09552615340294,175.74888650263105,168.09552615340294,175.05313110351562,705924.0,168.69666748046876,162.3513381958008,157.3363021850586,77.03247317118038,5.660050307948524,168.4016571044922,166.25872802734375,166.98231506347656
2021-10-06,175.05313238286902,176.83427539023427,172.29792161783163,173.4111328125,503276.0,170.02139282226562,164.2744171142578,158.56362228393556,73.42846890619015,6.079993016119829,175.05313110351562,168.4016571044922,166.25872802734375
2021-10-07,174.21822323567898,180.09042797576765,174.21822323567898,177.669189453125,491846.0,172.1587677001953,166.4674530029297,159.9356605529785,76.49904824013379,6.679394322729877,173.4111328125,175.05313110351562,168.4016571044922
2021-10-08,180.28524614425464,181.87157309247897,175.94370836092597,177.02908325195312,138186.0,174.31283874511718,168.8803466796875,161.30908966064453,75.09418091650943,7.0218296742798145,177.669189453125,173.4111328125,175.05313110351562
2021-10-11,178.11446469066726,181.31496754754315,177.1404096818264,177.613525390625,1140191.0,176.15521240234375,171.16243896484374,162.65190582275392,75.53593649735028,7.2567207935445595,177.02908325195312,177.669189453125,173.4111328125
2021-10-12,179.50597138917692,183.1239169535421,177.50218889747217,182.42816162109372,344405.0,177.63021850585938,173.16344299316407,164.14639739990236,78.86214038394914,7.742128169831602,177.613525390625,177.02908325195312,177.669189453125
2021-10-13,184.12582570909572,184.12582570909572,180.06260042228183,181.25930786132807,147506.0,179.19985351562497,174.61062316894532,165.53235092163087,76.15506441854092,7.9409618180543475,182.42816162109372,177.613525390625,177.02908325195312
2021-10-14,179.22770310093452,186.9088876467445,179.22770310093452,184.43197631835935,196615.0,180.55241088867186,176.3555892944336,166.88629913330078,78.32951576604177,8.2593382362478,181.25930786132807,182.42816162109372,177.613525390625
2021-10-18,187.02019606117548,189.079638703542,183.95884931954652,184.5711212158203,178949.0,182.0608184814453,178.18682861328125,168.24442291259766,78.42245153993187,8.425754815128471,184.43197631835935,181.25930786132807,182.42816162109372
2021-10-19,185.9069840967132,187.49331101450852,179.2833513305811,179.83995056152344,372619.0,182.50610351562497,179.33065795898438,169.65403213500977,67.77872494793613,8.08270285390725,184.5711212158203,184.43197631835935,181.25930786132807
2021-10-20,180.89751963633225,182.87346607101983,175.97153349649028,176.63946533203125,1094509.0,181.34836425781248,179.48929138183593,170.92031478881836,61.68012126454698,7.466510012946429,179.83995056152344,184.5711212158203,184.43197631835935
2021-10-21,177.0012551424794,183.624887866624,177.0012551424794,179.5338134765625,1747128.0,181.00326538085938,180.1015594482422,172.18798828125,64.76756663029741,7.129537581980259,176.63946533203125,179.83995056152344,184.5711212158203
2021-10-22,180.3409048697082,183.23525912610884,179.45033334929724,182.31686401367188,133829.0,180.5802429199219,180.5663269042969,173.5168899536133,67.48070120011067,7.006289280542774,179.5338134765625,176.63946533203125,179.83995056152344
2021-10-25,185.35038341868503,185.35038341868503,178.78241017548694,179.8677978515625,218174.0,179.63957824707032,180.8501983642578,174.86527252197266,62.89103061518108,6.634516367276262,182.31686401367188,179.5338134765625,176.63946533203125
2021-10-26,180.8975136514238,186.88103816165497,177.30739130144124,185.0442352294922,553072.0,180.68043518066406,181.59326934814453,176.37785415649415,67.86591505036623,6.680569444098609,179.8677978515625,182.31686401367188,179.5338134765625
2021-10-27,185.04424162538484,188.96832364785135,184.48762963832047,185.7121734619141,323739.0,182.49497680664064,181.92167053222656,177.5425567626953,68.45359915315403,6.6938018909862365,185.0442352294922,179.8677978515625,182.31686401367188
2021-10-28,185.7121573085764,186.43574900689964,175.55406268171345,176.5559539794922,176230.0,181.89940490722657,181.45133514404296,178.03097915649414,53.901030712992714,5.897475879084084,185.7121734619141,185.0442352294922,179.8677978515625
2021-10-29,176.44462951397037,178.1144525464046,170.6002489004506,172.85450744628906,408341.0,180.00693359375,180.29358825683593,178.32458877563477,49.33500349853013,4.911093942562417,176.5559539794922,185.7121734619141,185.0442352294922
2021-11-01,174.27387771433524,175.3314289679894,171.71348309300754,173.66160583496094,222749.0,178.76569519042968,179.20263671875,178.69473266601562,50.32318083392744,4.146704616548448,172.85450744628906,176.5559539794922,185.7121734619141
2021-11-02,174.7748231718419,175.3314351490538,168.31818283898758,168.90261840820312,327648.0,175.53737182617186,178.10890350341796,178.71978073120118,44.77744769401543,3.1209338727614124,173.66160583496094,172.85450744628906,176.5559539794922
2021-11-03,168.65214241562904,176.3333265519572,168.65214241562904,174.94180297851562,432539.0,173.3832977294922,177.93913726806642,178.71421432495117,52.00563737284118,2.7634594509273995,168.90261840820312,173.66160583496094,172.85450744628906
2021-11-04,177.50220445189814,179.72862680672844,175.66538881051477,179.17202758789062,101651.0,173.90651245117186,177.90295867919923,179.00225906372071,56.31863369272084,2.789348297806157,174.94180297851562,168.90261840820312,173.66160583496094
2021-11-08,180.6191991541219,192.94806937587504,180.59137556291768,192.41928100585935,946542.0,177.81946716308593,178.91320037841797,179.73976364135743,66.47798674272235,3.8346050938276903,179.17202758789062,174.94180297851562,168.90261840820312
2021-11-09,193.0037338591513,193.9777888896309,190.44333916061487,191.77919006347656,197809.0,181.44298400878907,180.10433959960938,180.4772689819336,65.68306609648616,4.558777891958442,192.41928100585935,179.17202758789062,174.94180297851562
2021-11-10,191.91834437910504,194.70137874448096,190.5546571578787,192.33580017089844,336201.0,186.12962036132814,180.83349609375,181.21338272094727,66.06309120323894,5.11859980342831,191.77919006347656,192.41928100585935,179.17202758789062
2021-11-11,193.61598675223289,193.61598675223289,189.0796330681829,190.49899291992188,175538.0,189.24105834960938,181.3121780395508,181.61692428588867,63.5616175534577,5.352349157881804,192.33580017089844,191.77919006347656,192.41928100585935
2021-11-12,190.38765184086196,194.5343858882285,190.38765184086196,192.94805908203125,132542.0,191.9962646484375,182.95138854980468,182.20136184692382,65.44060873326787,5.669857785751418,190.49899291992188,192.33580017089844,191.77919006347656
2021-11-15,194.81270047504967,197.3452715816428,193.86646903646232,195.5084686279297,222089.0,192.61410217285157,185.21678466796874,182.75518646240235,67.33694791471271,6.058253537336299,192.94805908203125,190.49899291992188,192.33580017089844
2021-11-16,196.4825426002318,196.4825426002318,187.15937075434408,187.8829498291016,157631.0,191.83485412597656,186.6389190673828,182.9207778930664,57.25966643155973,5.685208782832916,195.5084686279297,192.94805908203125,190.49899291992188
2021-11-17,188.60652813351732,188.60652813351732,181.00884010499465,181.37063598632807,1362269.0,189.6418212890625,187.8857208251953,182.99731216430663,50.33203097548587,4.808647728082462,187.8829498291016,195.5084686279297,192.94805908203125
2021-11-18,181.37063144177316,183.5413939356416,179.03287643782718,180.1460876464844,144770.0,187.571240234375,188.4061492919922,183.1726432800293,49.12839791044054,3.9693991967880606,181.37063598632807,187.8829498291016,195.5084686279297
2021-11-22,180.89751131899263,181.84374273427795,175.05313032126855,176.44464111328125,94982.0,184.270556640625,188.13341064453124,183.01818466186523,45.58021307399459,2.9713608896005894,180.1460876464844,181.37063598632807,187.8829498291016
2021-11-23,173.21631525184654,178.3371172794996,173.21631525184654,177.530029296875,329381.0,180.67486877441405,186.6444854736328,182.7788429260254,46.79369968029453,2.2421440551437968,176.44464111328125,180.1460876464844,181.37063598632807
2021-11-24,177.53003541651665,184.40414434245935,177.53003541651665,180.67486572265625,222821.0,179.233251953125,185.53405303955077,182.81919631958007,50.25489536997888,1.8961389674676923,177.530029296875,176.44464111328125,180.1460876464844
2021-11-25,180.34089394656544,181.5654249355589,175.0531250681687,176.0828399658203,159454.0,178.17569274902343,183.90875701904298,182.3711265563965,45.591152469671634,1.2371284940425937,180.67486572265625,177.530029296875,176.44464111328125
2021-11-26,174.71914505076964,175.49839664180982,167.3162613057573,168.2903289794922,327014.0,175.804541015625,181.687890625,181.5000343322754,38.980277473244136,0.08508660861448902,176.0828399658203,180.67486572265625,177.530029296875
2021-11-29,166.4813544776156,167.95637419411227,162.6407690721202,165.08984375,676855.0,173.53358154296876,178.90206909179688,180.92672882080078,36.630919058661156,-1.073789321166032,168.2903289794922,176.0828399658203,180.67486572265625
2021-11-30,163.9209718894597,168.06770626365994,163.25304006693364,164.08795166015625,197294.0,170.845166015625,175.76001739501953,180.48840103149413,35.90145120385748,-2.0494266485751496,165.08984375,168.2903289794922,176.0828399658203
2021-12-01,165.31249699421866,167.01014378835183,161.8615307421296,165.56297302246094,198860.0,167.82278747558593,173.52801971435548,180.08346939086914,37.86331331998795,-2.6727940568334816,164.08795166015625,165.08984375,168.2903289794922
2021-12-02,166.98230526287327,169.0695840786592,164.199271088405,167.26060485839844,487741.0,166.05834045410157,172.1170166015625,180.0013687133789,40.13436875071375,-2.995304511641052,165.56297302246094,164.08795166015625,165.08984375
2021-12-03,169.7653469088965,169.7653469088965,165.6464490151526,166.4535369873047,99490.0,165.69098205566405,170.74776153564454,179.57695541381835,39.3971511547001,-3.278230601145765,167.26060485839844,165.56297302246094,164.08795166015625
2021-12-06,165.86910596799564,168.40166431720078,163.67049441749322,165.81344604492188,195419.0,165.83570251464843,169.68464202880858,178.9090263366699,38.788596445620634,-3.5135989732139308,166.4535369873047,167.26060485839844,165.56297302246094
2021-12-07,166.7596655747094,171.99177440864727,166.42569332036385,169.208740234375,162214.0,166.8598602294922,168.8525131225586,177.7484992980957,43.75181850929403,-3.3871137000549254,165.81344604492188,166.4535369873047,167.26060485839844
2021-12-08,169.2087382527362,170.60024895370665,167.26060288779564,167.9007110595703,128682.0,167.32740783691406,167.57509765625,176.5545753479004,42.3279074225056,-3.3537601729198627,169.208740234375,165.81344604492188,166.4535369873047
2021-12-09,168.65214293797632,184.23716369367625,167.34411561599117,169.98800659179688,216435.0,167.87288818359374,166.96561431884766,175.43718566894532,45.382609800980894,-3.1229010972612627,167.9007110595703,169.208740234375,165.81344604492188
2021-12-10,169.76532457150364,172.13091551540592,168.79126970259117,170.9898681640625,93626.0,168.7801544189453,167.23556823730468,174.46172943115235,46.838109333103546,-2.82651940433081,169.98800659179688,167.9007110595703,169.208740234375
2021-12-13,172.10309874202613,173.66160199704174,165.92475838225783,166.70401000976562,128090.0,168.95826721191406,167.39698486328126,173.14952697753907,41.7165283628882,-2.9039922964878144,170.9898681640625,169.98800659179688,167.9007110595703
2021-12-14,168.65212932674623,169.15308134143413,165.70210263753552,167.65023803710938,196781.0,168.64656677246094,167.75321350097656,171.75661544799806,43.19341137286397,-2.85611392438409,166.70401000976562,170.9898681640625,169.98800659179688
2021-12-15,166.42568905607885,171.21251841455606,166.42568905607885,167.28843688964844,164303.0,168.52411193847655,167.9257598876953,170.72688980102538,42.74737634880991,-2.8149157024549254,167.65023803710938,166.70401000976562,170.9898681640625
2021-12-16,168.90259403151393,169.06957377865635,165.20115230770236,165.75775146484375,105039.0,167.67806091308594,167.77547454833984,169.94624557495118,40.82652159501435,-2.8726650416406585,167.28843688964844,167.65023803710938,166.70401000976562
2021-12-17,166.34222030266466,166.42570381671214,159.52377149496328,159.99688720703125,182912.0,165.47946472167968,167.1298095703125,168.93878555297852,34.53652906944521,-3.3447294499832765,165.75775146484375,167.28843688964844,167.65023803710938
2021-12-20,159.7464068874163,159.7464068874163,152.95579459359263,153.81854248046875,532263.0,162.90237121582032,165.9303192138672,167.8074806213379,29.319395668027767,-4.169323315618726,159.99688720703125,165.75775146484375,167.28843688964844
2021-12-21,153.8463767138597,157.71479882771794,153.8463767138597,156.3232879638672,98038.0,160.63698120117186,164.64177398681642,166.7471435546875,33.692520945309695,-4.56805022801791,153.81854248046875,159.99688720703125,165.75775146484375
2021-12-22,158.63320521723475,161.36057973423198,156.23979024690414,160.3586883544922,283514.0,159.25103149414062,163.8875717163086,165.7313346862793,40.12054129995861,-4.506473273773452,156.3232879638672,153.81854248046875,159.99688720703125
2021-12-23,161.19358912364842,165.6464464785318,161.19358912364842,164.06011962890625,146762.0,158.91150512695313,163.29478302001954,165.13019866943358,45.35347264798513,-4.111602529625571,160.3586883544922,156.3232879638672,153.81854248046875
2021-12-24,165.31248382005,165.31248382005,161.52754558535585,162.44595336914062,71543.0,159.401318359375,162.44039154052734,164.837979888916,43.56545150779366,-3.884140394338573,164.06011962890625,160.3586883544922,156.3232879638672
2021-12-27,161.41621930358352,162.3067907221306,159.16196079850306,161.77801513671875,69905.0,160.993212890625,161.94779205322266,164.67238845825196,42.81328604688399,-3.7149484334454996,162.44595336914062,164.06011962890625,160.3586883544922
2021-12-28,160.3586805009412,164.44974207607763,160.3586805009412,163.8096466064453,39407.0,162.49048461914063,161.56373291015626,164.6584732055664,45.87431798610534,-3.37798756697336,161.77801513671875,162.44595336914062,164.06011962890625
2021-12-29,165.0341811930918,165.0341811930918,161.6945351166025,162.69642639160156,520934.0,162.9580322265625,161.10453186035156,164.51514587402343,44.46970147489277,-3.1642951950870213,163.8096466064453,161.77801513671875,162.44595336914062
2021-12-30,161.47189802494918,163.39219724910166,160.19170703534087,160.74830627441406,64469.0,162.29566955566406,160.60358734130858,164.1895309448242,42.04360838314741,-3.1162176458908846,162.69642639160156,163.8096466064453,161.77801513671875
2021-12-31,161.30492089617482,163.97663550672158,160.02472988559083,162.5294647216797,96118.0,162.31237182617187,160.85684509277343,163.99332733154296,44.998162524846556,-2.9009508848198777,160.74830627441406,162.69642639160156,163.8096466064453
2022-01-03,163.92096818246458,165.45164789525035,162.75209707428235,165.201171875,53144.0,162.99700317382812,161.99510803222657,163.96271362304688,49.1829289808545,-2.4861076850284576,162.5294647216797,160.74830627441406,162.69642639160156
2022-01-04,166.09173468142237,167.42758548663082,164.2270955323572,165.7855987548828,43052.0,163.39219360351564,162.94133911132812,163.79155654907225,50.0777054983216,-2.0861354248590374,165.201171875,162.5294647216797,160.74830627441406
2022-01-05,166.87099147524293,175.58190289828792,166.17522335159384,174.83047485351562,252869.0,165.81900329589843,164.38851776123047,164.13804473876954,61.404333075947605,-1.0274646442101982,165.7855987548828,165.201171875,162.5294647216797
2022-01-06,174.83046641161408,176.41680593637548,171.96393602309513,174.80264282226562,159427.0,168.62987060546874,165.4627700805664,164.37877655029297,61.358200716892185,-0.188532945121068,174.83047485351562,165.7855987548828,165.201171875
2022-01-07,175.88804080469222,180.7861776171017,175.74888463045565,178.00314331054688,225348.0,171.7246063232422,167.01848907470702,164.72944030761718,64.64736878538113,0.7262088289583062,174.80264282226562,174.83047485351562,165.7855987548828
2022-01-10,179.22768748917085,182.28902141164548,177.6135242752477,181.5654296875,110528.0,174.9974578857422,168.99723052978516,165.4725112915039,67.92042146001664,1.7187819660258015,178.00314331054688,174.80264282226562,174.83047485351562
2022-01-11,182.56733373051185,182.56733373051185,177.00125236551943,177.30738830566406,82351.0,177.30181579589845,170.34700469970704,165.95536880493165,60.68776069496135,2.1371789065900373,181.5654296875,178.00314331054688,174.80264282226562
2022-01-12,178.6710724864452,181.28712698932824,176.30549399761253,177.557861328125,68696.0,177.8472930908203,171.83314819335936,166.46884002685547,60.951176265026824,2.4606082161561744,177.30738830566406,181.5654296875,178.00314331054688
2022-01-13,177.55786453136884,179.95126665397473,177.1404087470002,179.08853149414062,58732.0,178.7044708251953,173.66717071533202,167.1353790283203,62.60042322086227,2.8080708711832187,177.557861328125,177.30738830566406,181.5654296875
2022-01-14,178.114463954681,181.7324225831788,178.114463954681,180.8696746826172,907395.0,179.27777709960938,175.50119171142578,168.17901840209962,64.48038033415723,3.190384135926962,179.08853149414062,177.557861328125,177.30738830566406
2022-01-17,183.12394742135805,184.18151149991067,181.23148444880155,182.51168823242188,143937.0,179.46702880859374,177.23224334716798,169.61367568969726,66.16872905524815,3.5845465024664236,180.8696746826172,179.08853149414062,177.557861328125
2022-01-18,183.12392683987275,183.87535486963324,179.81211701011657,180.2017364501953,97711.0,180.0458984375,178.67385711669922,170.80759811401367,61.72387132322001,3.6682439807745197,182.51168823242188,180.8696746826172,179.08853149414062
2022-01-19,177.55787734846214,182.9569666041536,177.27956497896662,180.3409118652344,693590.0,180.60250854492188,179.2249008178711,171.80670928955078,61.88997856200224,3.7031178902694535,180.2017364501953,182.51168823242188,180.8696746826172
2022-01-20,180.48003985104577,185.01639317584787,179.33899243772117,180.95315551757807,929714.0,180.97543334960938,179.83995208740234,172.65136108398437,62.657707617934285,3.7370799296302835,180.3409118652344,180.2017364501953,182.51168823242188
2022-01-21,179.22769204890423,181.09231858884385,172.10310720968687,172.93801879882812,171169.0,179.38910217285155,179.33343963623048,173.17596435546875,48.79829661740548,3.0817164338488396,180.95315551757807,180.3409118652344,180.2017364501953
2022-01-24,171.5743218338188,174.49651223001524,167.51108396523762,168.87477111816406,167456.0,176.66171875,178.0643737792969,173.53080215454102,43.54042496628619,2.2090020118149596,172.93801879882812,180.95315551757807,180.3409118652344
2022-01-25,166.98232017224194,174.4408646559181,166.98232017224194,173.466796875,1485634.0,175.31473083496093,177.68031463623046,174.01365966796874,50.085941233260925,1.8663930291506574,168.87477111816406,172.93801879882812,180.95315551757807
2022-01-27,173.29981262250286,173.93990810268426,170.12714607330437,171.71348571777344,130259.0,173.58924560546876,177.09587707519532,174.46451263427736,47.806979808000534,1.4368324743027188,173.466796875,168.87477111816406,172.93801879882812
2022-01-28,173.2441523287173,179.5616490823923,172.57622051877914,174.2738800048828,242342.0,172.25339050292968,176.61441192626953,175.1407913208008,51.29236449202896,1.2881560001108596,171.71348571777344,173.466796875,168.87477111816406
2022-01-31,177.27954540142704,179.47814408304518,174.30169510280942,174.77481079101562,611408.0,172.6207489013672,176.0049255371094,175.75305862426757,51.96817192370533,1.1969520331835781,174.2738800048828,171.71348571777344,173.466796875
2022-02-01,172.21443497070544,172.7153870431083,161.4440800717076,162.27899169921875,610884.0,171.3015930175781,173.98165588378907,175.60694961547853,37.85745641439693,0.11503797732018484,174.77481079101562,174.2738800048828,171.71348571777344
2022-02-02,163.6426611159541,163.92096071480972,161.41622610589204,161.7501983642578,288878.0,168.9582733154297,172.13650207519532,175.40517959594726,37.39472617632354,-0.7761094034508176,162.27899169921875,174.77481079101562,174.2738800048828
2022-02-03,161.97283185012432,162.19547152069595,158.07657391642843,158.43836975097656,174793.0,166.30325012207032,169.94624786376954,174.5855743408203,34.54666603569321,-1.7296487005166057,161.7501983642578,162.27899169921875,174.77481079101562
2022-02-04,158.41055286557977,159.30112432529157,156.0171380864357,156.54591369628906,299455.0,162.75765686035157,167.50552368164062,173.6727378845215,33.000004006348135,-2.607977707417689,158.43836975097656,161.7501983642578,162.27899169921875
2022-02-07,156.65723214814395,159.32894650360538,155.09872892252338,158.8001708984375,386392.0,159.56272888183594,166.09173889160155,172.71258926391602,36.638937189831175,-3.0865798852181854,156.54591369628906,158.43836975097656,161.7501983642578
2022-02-08,159.91339664039896,160.2195325955197,156.7685663119152,159.66293334960938,184307.0,159.03951721191407,165.1705551147461,171.6174644470215,38.026266050858844,-3.3575540468177394,158.8001708984375,156.54591369628906,158.43836975097656
2022-02-09,160.02471626112805,165.17332893713237,160.02471626112805,164.61672973632812,300528.0,159.61282348632812,164.2855484008789,170.9829315185547,45.41637651375404,-3.13641837566243,159.66293334960938,158.8001708984375,156.54591369628906
2022-02-10,164.47755582033344,167.42756948552835,164.39405957935188,166.64833068847656,81004.0,161.25481567382812,163.7790328979492,170.43745498657228,48.14724055441905,-2.7653562396780558,164.61672973632812,159.66293334960938,158.8001708984375
2022-02-11,165.86911576047677,169.20876230102505,164.31061234292218,167.84506225585938,152702.0,163.5146453857422,163.1361511230469,169.8752815246582,49.74232305082402,-2.347658244689086,166.64833068847656,164.61672973632812,159.66293334960938
2022-02-14,166.14739744968372,166.14739744968372,160.44217280561264,161.27708435058594,144744.0,164.01002807617186,161.7863784790039,168.89565200805663,42.08975361051101,-2.517589298099125,167.84506225585938,166.64833068847656,164.61672973632812
2022-02-15,162.52945809018885,164.81154039414733,157.24167626992534,164.3384246826172,140406.0,164.94512634277345,161.99232177734376,167.98698883056642,46.24116415687582,-2.377826201798541,161.27708435058594,167.84506225585938,166.64833068847656
2022-02-16,164.75587154637674,170.8229046933899,164.19927235104632,169.43138122558594,164149.0,165.908056640625,162.76044006347655,167.44847106933594,52.359828488026324,-1.8349517303085747,164.3384246826172,161.27708435058594,167.84506225585938
2022-02-17,170.8785612856917,170.8785612856917,166.00823561307902,167.9007110595703,134504.0,166.15853271484374,163.70667419433593,166.82646102905272,50.49949774820031,-1.5108163401874037,169.43138122558594,164.3384246826172,161.27708435058594
2022-02-18,166.42568969726562,170.21062781243734,165.72993435377893,166.42568969726562,111636.0,165.874658203125,164.69465179443358,166.1000877380371,48.7037085501111,-1.3573123530092062,167.9007110595703,169.43138122558594,164.3384246826172
2022-02-21,165.31248345467742,166.98230651987618,162.11199349295944,163.14170837402344,397180.0,166.2475830078125,165.1288055419922,165.6102722167969,44.87737525952077,-1.4835477694329597,166.42568969726562,167.9007110595703,169.43138122558594
2022-02-22,159.7464044817522,162.52945145449928,148.89255441136032,161.88934326171875,261322.0,165.7577667236328,165.35144653320313,165.2610008239746,43.47465248191903,-1.6654474035735234,163.14170837402344,166.42568969726562,167.9007110595703
2022-02-23,160.30301382255308,164.19927187731977,160.30301382255308,161.44406127929688,73558.0,164.160302734375,165.0341796875,164.65986404418945,42.96048755636149,-1.8245029741779888,161.88934326171875,163.14170837402344,166.42568969726562
2022-02-24,157.54781430115403,159.189813887432,150.8406979971775,151.4529571533203,325091.0,160.870751953125,163.51464233398437,163.6468376159668,33.412046843595874,-2.7253382606362777,161.44406127929688,161.88934326171875,163.14170837402344
2022-02-25,152.5105328109133,154.9596078415544,147.16709058963232,148.92041015625,373162.0,157.36969604492188,161.62217712402344,162.37916412353516,31.500813409139823,-3.602089447677457,151.4529571533203,161.44406127929688,161.88934326171875
2022-02-28,148.86472600912666,152.7888075905538,146.41565137693848,152.14871215820312,142259.0,155.1710968017578,160.70933990478517,161.24785919189452,36.4881293634991,-3.990424953634516,148.92041015625,151.4529571533203,161.44406127929688
2022-03-02,149.05953318514557,156.71289319991234,147.66802244772546,148.47509765625,285239.0,152.48824768066407,159.12300720214844,160.5576644897461,33.49917244629249,-4.5422533592708305,152.14871215820312,148.92041015625,151.4529571533203
2022-03-03,151.39729027701017,158.07658268246266,150.4510588848696,155.37704467773438,516671.0,151.27484436035155,157.7175735473633,160.23900680541993,42.95404417773546,-4.372251312294566,148.47509765625,152.14871215820312,148.92041015625
2022-03-04,157.241676105514,159.8299070903912,153.06711822006017,158.2992401123047,514268.0,152.64410095214845,156.7574264526367,160.23205032348633,46.42698212212304,-3.956122992250073,155.37704467773438,148.47509765625,152.14871215820312
2022-03-07,158.91149105091023,158.91149105091023,151.4807834945414,153.76287841796875,467315.0,153.6125946044922,155.49114532470702,160.0928985595703,42.13822457443831,-3.9468875149286475,158.2992401123047,155.37704467773438,148.47509765625
2022-03-08,155.2935546385237,155.2935546385237,146.7217991059193,150.53456115722656,700368.0,153.28976440429688,154.23043060302734,159.67961807250975,39.35220999286974,-4.152202549053044,153.76287841796875,158.2992401123047,155.37704467773438
2022-03-09,153.0671244721153,153.0671244721153,148.78124656662385,149.72747802734375,333563.0,153.5402404785156,153.01424407958984,159.18284530639647,38.66396932071919,-4.330126058525195,150.53456115722656,153.76287841796875,158.2992401123047
2022-03-10,153.09495227939524,160.859632379067,153.09495227939524,155.82232666015625,524987.0,153.629296875,152.4520706176758,158.74312515258788,46.301649833171865,-3.9339799022630473,149.72747802734375,150.53456115722656,153.76287841796875
2022-03-11,154.34732620292166,164.61674143426,154.34732620292166,163.78182983398438,716949.0,154.72581481933594,153.6849578857422,158.59980010986328,54.30422225326348,-2.9438311801880275,155.82232666015625,149.72747802734375,150.53456115722656
2022-03-14,165.31248703494927,165.31248703494927,154.51429679681846,155.37704467773438,460592.0,155.04864807128905,154.33062133789062,157.97639923095704,46.43488149512853,-2.8049928926769496,163.78182983398438,155.82232666015625,149.72747802734375
2022-03-15,157.2416733265928,157.5478092647477,150.47889731551948,152.26004028320312,500961.0,155.39374389648438,154.3417541503906,157.5255470275879,43.894436959665875,-2.91290064883259,155.37704467773438,163.78182983398438,155.82232666015625
2022-03-16,154.1803432269539,155.3492143471547,151.11899650964455,154.8760986328125,270286.0,156.42346801757813,154.9818542480469,157.05243072509765,46.538090493481306,-2.7555598982867195,152.26004028320312,155.37704467773438,163.78182983398438
2022-03-17,155.29354623193325,157.63130108874887,154.0690025137131,156.62940979003906,197444.0,156.5848846435547,155.10709075927736,156.4123321533203,48.29647958411344,-2.46101956097732,154.8760986328125,152.26004028320312,155.37704467773438
2022-03-21,155.12658111762806,155.5718605192095,152.14873053046117,153.6793975830078,987530.0,154.56439819335938,154.64510650634764,155.70126647949218,45.580071488077834,-2.437537141583789,156.62940979003906,154.8760986328125,152.26004028320312
2022-03-22,153.56806111213857,159.0784695487662,153.12276901901024,155.9336395263672,830235.0,154.67571716308595,154.8621826171875,155.17666397094726,47.98747492080472,-2.2115354654766293,153.6793975830078,156.62940979003906,154.8760986328125
2022-03-23,158.1600812610711,160.41433993313942,156.76855774287634,158.38272094726562,423603.0,155.90025329589844,155.6469985961914,154.93871459960937,50.54706468054186,-1.813897623378267,155.9336395263672,153.6793975830078,156.62940979003906
2022-03-24,157.51998236178142,157.51998236178142,151.87040489962655,153.12277221679688,671921.0,155.54958801269532,155.9865280151367,154.5003860473633,45.381644809759656,-1.9012838552374092,158.38272094726562,155.9336395263672,153.6793975830078
2022-03-25,155.7945064360621,155.7945064360621,150.81286053115738,151.14682006835938,407322.0,154.45307006835938,155.51897735595702,153.98552398681642,43.579970780656105,-2.1057076116378823,153.12277221679688,158.38272094726562,155.9336395263672
2022-03-28,151.5364428694693,153.0671097629853,147.97415706796497,148.25245666503906,361088.0,153.36768188476563,153.9660400390625,153.82549896240235,41.011564955236096,-2.4727613947049747,151.14682006835938,153.12277221679688,158.38272094726562
2022-03-29,149.44917199128915,150.75719927672003,148.3637843953598,149.05953979492188,197206.0,151.99286193847655,153.33428955078125,153.83245544433595,42.037392881322475,-2.667776828117809,148.25245666503906,151.14682006835938,153.12277221679688
2022-03-30,149.783121404747,152.28785596161393,145.83121622416536,147.02792358398438,352073.0,149.7219024658203,152.8110778808594,153.576416015625,40.144850676252865,-2.9522309329107372,149.05953979492188,148.25245666503906,151.14682006835938
2022-03-31,149.47699487068283,152.0095659157893,147.94632790304064,149.9222869873047,224432.0,149.08180541992186,152.3156967163086,153.64877548217774,44.01208232393233,-2.9105607898721075,147.02792358398438,149.05953979492188,148.25245666503906
2022-04-01,150.39540935893515,154.40298762714403,150.0336134793178,154.1525115966797,322607.0,149.68294372558594,152.06800689697266,153.587548828125,49.18013820258072,-2.507290642984316,149.9222869873047,147.02792358398438,149.05953979492188
2022-04-04,154.23599994020452,156.5459185409674,153.67938798325682,155.73883056640625,310634.0,151.1802185058594,152.2739501953125,153.45952835083008,51.006485041791,-2.0362211725614543,154.1525115966797,149.9222869873047,147.02792358398438
2022-04-05,156.1284577708146,157.9652606084058,154.34731485316627,156.62940979003906,327198.0,152.6941925048828,152.3435272216797,153.60285491943358,52.048370255950594,-1.5729014935920986,155.73883056640625,154.1525115966797,149.9222869873047
2022-04-06,155.85016566809034,162.44596204664057,155.85016566809034,161.8615264892578,308166.0,155.6609130859375,152.6914077758789,154.16920318603516,57.7349624193958,-0.7746001110591294,156.62940979003906,155.73883056640625,154.1525115966797
2022-04-07,162.52945038669722,163.8653012042794,158.6331922942928,159.10630798339844,339642.0,157.49771728515626,153.28976135253907,154.63814468383788,54.096788143524364,-0.36011246867528257,161.8615264892578,156.62940979003906,155.73883056640625
2022-04-08,161.13793257623178,165.64644994619948,160.41434085221437,164.97853088378906,208086.0,159.6629211425781,154.67293243408204,155.09595489501953,59.89710251288088,0.437171841128702,159.10630798339844,161.8615264892578,156.62940979003906
2022-04-11,166.14739603274012,170.6280896511829,164.644552716657,167.8728790283203,444863.0,162.08973083496093,156.63497467041014,155.30050735473634,62.41781549551617,1.287730946195552,164.97853088378906,159.10630798339844,161.8615264892578
2022-04-12,168.09552639148131,168.09552639148131,159.57943086405726,160.77613830566406,269647.0,162.91907653808593,157.80663452148437,155.57046203613282,53.532760181217554,1.373326643842887,167.8728790283203,164.97853088378906,159.10630798339844
2022-04-13,162.52945475135033,163.8096456834013,160.63697920436715,162.89125061035156,173716.0,163.1250213623047,159.3929672241211,156.10202255249024,55.56303637889662,1.5934652615320601,160.77613830566406,167.8728790283203,164.97853088378906
2022-04-18,161.41624744460452,162.278995424718,156.9912131692601,157.60348510742188,229068.0,162.82445678710937,160.1610870361328,156.2383918762207,49.714890790445416,1.3259633377040245,162.89125061035156,160.77613830566406,167.8728790283203
2022-04-19,160.0247157949241,165.8690965645158,158.80017207724404,163.44784545898438,396055.0,162.51831970214843,161.0906204223633,156.57931365966797,55.3132465214955,1.5674881452260365,157.60348510742188,162.89125061035156,160.77613830566406
2022-04-20,165.31249898792444,168.84696153863402,163.00258026128316,166.78750610351562,375512.0,162.3012451171875,162.19548797607422,157.23471908569337,58.17854746132779,2.0052655456092907,163.44784545898438,157.60348510742188,162.89125061035156
2022-04-21,168.0955245478102,169.06959228905953,165.2289939856098,167.45542907714844,130274.0,163.63710327148436,163.27808990478516,157.81080856323243,58.74824273694623,2.378683113087021,166.78750610351562,163.44784545898438,157.60348510742188
2022-04-22,167.1492997131639,168.73563939644902,165.50731284562107,166.17523193359375,116150.0,164.2938995361328,163.70946044921874,158.20043411254883,57.14155774642169,2.5420152458063683,167.45542907714844,166.78750610351562,163.44784545898438
2022-04-25,164.3940832590907,165.28465475231064,160.3308452476387,162.2511444091797,482540.0,165.2234313964844,164.02394409179686,158.65685272216797,52.41007608515519,2.3279805587152396,166.17523193359375,167.45542907714844,166.78750610351562
2022-04-26,161.94501768699385,163.47569748102555,160.85964277453172,162.75210571289062,71951.0,165.08428344726562,163.80130157470703,159.23711700439452,52.94574222053312,2.1737225966610367,162.2511444091797,166.17523193359375,167.45542907714844
2022-04-27,161.41622795341763,163.00256753439905,156.5180785190617,156.85205078125,127164.0,163.0971923828125,162.69921875,159.66709671020507,46.3313400111108,1.5574337988334435,162.75210571289062,162.2511444091797,166.17523193359375
2022-04-28,157.2695035617583,157.93743533368684,154.93174872987802,157.10252380371094,120254.0,161.026611328125,162.33185729980468,160.06924591064453,46.63612704356228,1.0768186707165626,156.85205078125,162.75210571289062,162.2511444091797
2022-04-29,158.60536028039215,159.24546848638568,150.22842107844556,150.47889709472656,903792.0,157.88734436035156,161.0906219482422,160.24179458618164,40.14362755709614,0.15961644061235347,157.10252380371094,156.85205078125,162.75210571289062
2022-05-02,150.2840791031799,151.95390220432634,148.75341217370874,151.56427001953125,253541.0,155.74996948242188,160.48670043945313,160.32389373779296,41.57887628891348,-0.47422583046048317,150.47889709472656,157.10252380371094,156.85205078125
2022-05-04,151.9539035785495,154.0690060646024,150.5623800684299,151.25814819335938,1218087.0,153.45117797851563,159.26773071289062,160.17917556762694,41.27824237523838,-0.9898415921584842,151.56427001953125,150.47889709472656,157.10252380371094
2022-05-05,154.1525042031239,154.45864014348166,149.89445010867806,150.7015380859375,100362.0,152.22107543945313,157.6591339111328,159.92731094360352,40.70197742181372,-1.4269357548539858,151.25814819335938,151.56427001953125,150.47889709472656
2022-05-06,150.2840845544911,150.2840845544911,147.2783977675054,149.4491729736328,152875.0,150.6904052734375,155.85850830078124,159.56829910278321,39.37019543161047,-1.8530308399434148,150.7015380859375,151.25814819335938,151.56427001953125
2022-05-09,150.8406952073326,150.8406952073326,145.33027372578567,149.22653198242188,118565.0,150.43993225097657,154.16363830566405,158.9365493774414,39.12510183834683,-2.1835093949112547,149.4491729736328,150.7015380859375,151.25814819335938
2022-05-10,149.61614951808264,152.78881600493074,149.61614951808264,150.31190490722656,108947.0,150.18945922851563,152.96971435546874,158.4968292236328,41.05171319695404,-2.330965586198971,149.22653198242188,149.4491729736328,150.7015380859375
2022-05-11,151.39728911178855,152.3991804169476,145.74772439292204,146.91659545898438,95596.0,149.32114868164064,151.38616333007812,157.59373245239257,37.096467337927805,-2.6907811269684885,150.31190490722656,149.22653198242188,149.4491729736328
2022-05-12,145.83122116746463,148.6420790021225,143.66044604870083,146.13734436035156,161113.0,148.40830993652344,150.31469268798827,156.50695571899413,36.23361475102059,-3.0041861980951694,146.91659545898438,150.31190490722656,149.22653198242188
2022-05-13,147.83500406830893,148.64207928699247,142.82553477516652,143.5769500732422,120918.0,147.2338653564453,148.9621353149414,155.64699630737306,33.47823938441971,-3.4197437189114908,146.13734436035156,146.91659545898438,150.31190490722656
2022-05-16,143.32648102729377,144.63450821850086,141.10004607344095,141.5175018310547,82139.0,145.6920593261719,148.0659957885742,154.57830886840821,31.409262834107295,-3.8706380041824104,143.5769500732422,146.13734436035156,146.91659545898438
2022-05-17,143.6048121948745,143.6048121948745,139.79204961963677,142.51942443847656,115220.0,144.13356323242186,147.16151123046876,153.82410583496093,33.560495196110494,-4.099867472629569,141.5175018310547,143.5769500732422,146.13734436035156
2022-05-18,141.15572706534743,141.26704691869853,132.91793051996055,135.6731414794922,465929.0,141.88487243652344,145.60301055908204,152.43537063598632,27.267321922207458,-4.778883303923067,142.51942443847656,141.5175018310547,143.5769500732422
2022-05-19,135.2556737669578,136.14624525520207,131.916027501107,132.8622589111328,302960.0,139.2298553466797,143.81908264160157,150.73910827636718,25.179644189495306,-5.480645504219609,135.6731414794922,142.51942443847656,141.5175018310547
2022-05-20,135.0887057142124,137.203808404776,133.0849101371231,135.7566375732422,534015.0,137.6657928466797,142.4498291015625,149.15416870117187,31.03492235651001,-5.737111089762635,132.8622589111328,135.6731414794922,142.51942443847656
2022-05-23,136.36888258040312,137.00899077941338,131.13677358512146,132.24998474121094,237255.0,135.81228942871093,140.7521743774414,147.45790634155273,28.15966121144494,-6.152398471421208,135.7566375732422,132.8622589111328,135.6731414794922
2022-05-24,133.58585479070993,135.75663002695492,132.5561270961009,134.78256225585938,204888.0,134.2649169921875,139.1992401123047,146.08447723388673,32.98837474995439,-6.205624299513119,132.24998474121094,135.7566375732422,132.8622589111328
2022-05-25,135.81228471173586,135.81228471173586,129.5226116794083,130.0792236328125,287350.0,133.14613342285156,137.5155029296875,144.45083312988282,29.079290264473173,-6.551801185474773,134.78256225585938,132.24998474121094,135.7566375732422
2022-05-26,131.63772783874333,131.63772783874333,125.65419070161062,130.99761962890625,231029.0,132.77320556640626,136.00153045654298,143.15811157226562,30.803564264489225,-6.675095632787958,130.0792236328125,134.78256225585938,132.24998474121094
2022-05-27,131.08111371234293,131.22026988430736,126.5447600954873,127.908447265625,362096.0,131.2035675048828,134.43468017578124,141.69840774536132,28.31026724387172,-6.942054084787543,130.99761962890625,130.0792236328125,134.78256225585938
2022-05-30,128.01975243002897,129.8565550865719,127.26833721499618,129.0773162841797,179054.0,130.56903381347655,133.19066162109374,140.628328704834,30.599265713287735,-6.978854727070171,127.908447265625,130.99761962890625,130.0792236328125
2022-05-31,129.522621177084,129.522621177084,126.07165484035104,126.76741027832033,234194.0,128.96600341796875,131.61546020507814,139.38848571777345,28.652287948587784,-7.112422037279572,129.0773162841797,127.908447265625,130.99761962890625
2022-06-01,127.46316724670092,131.2202692128617,127.12919498364312,127.79712677001952,385526.0,128.50958404541015,130.82785873413087,138.21543464660644,30.767094223249686,-7.053872921584116,126.76741027832033,129.0773162841797,127.908447265625
2022-06-02,128.60419616024743,129.55044024624976,127.26834538776748,129.1886444091797,361112.0,128.14778900146484,130.46049728393555,137.13978996276856,33.63006972434799,-6.8166108349770695,127.79712677001952,126.76741027832033,129.0773162841797
2022-06-03,129.9679027985501,130.5245020079686,128.46505945364157,129.68959045410156,202910.0,128.50401763916017,129.8537925720215,136.15181083679198,34.67733305917346,-6.513078053168925,129.1886444091797,127.79712677001952,126.76741027832033
2022-06-06,129.6896009534278,129.6896009534278,125.29240314433969,126.76741027832033,787367.0,128.0420364379883,129.30553512573243,135.02885475158692,31.54993129506944,-6.434152747504982,129.68959045410156,129.1886444091797,127.79712677001952
2022-06-07,126.34996407786826,129.29999130995125,126.1273243591424,128.353759765625,644163.0,128.35930633544922,128.66265487670898,133.93094749450682,34.9781901515088,-6.1724466059319525,126.76741027832033,129.68959045410156,129.1886444091797
2022-06-08,128.60420174314112,130.77497685979813,128.10326245911662,129.38345336914062,256957.0,128.67657165527345,128.59307785034179,133.05429039001464,37.177609307750984,-5.814924109479705,128.353759765625,126.76741027832033,129.68959045410156
2022-06-09,129.6895776619393,136.22972601529153,128.01975471891117,132.77874755859375,888392.0,129.39459228515625,128.77119064331055,132.38636054992676,43.91441861647546,-5.197697271112219,129.38345336914062,128.353759765625,126.76741027832033
2022-06-10,132.4169855302518,133.44670049968644,130.55234621682513,132.36131286621094,586514.0,129.92893676757814,129.21647720336915,131.8255786895752,43.29963840833134,-4.688181606585772,132.77874755859375,129.38345336914062,128.353759765625
2022-06-13,128.4372189293309,130.55233407527243,125.82116451127033,126.2664566040039,256814.0,129.82874603271483,128.93539123535157,131.06302642822266,35.48782686901316,-4.721761211060624,132.36131286621094,132.77874755859375,129.38345336914062
2022-06-14,125.8211644411661,127.18485156856092,118.61309663079984,119.00271606445312,725687.0,127.95853729248047,128.15892181396484,129.88719100952147,28.815526545783882,-5.273704463179627,126.2664566040039,132.36131286621094,132.77874755859375
2022-06-15,120.5055608790097,120.5055608790097,117.11025481254693,119.58716583251952,275272.0,125.99927978515625,127.33792572021484,129.08289222717286,29.956655193254846,-5.599416665385164,119.00271606445312,126.2664566040039,132.36131286621094
2022-06-16,120.61688534313576,122.3145448113261,117.72253118359714,117.97300720214844,433452.0,123.03813171386719,126.21636199951172,128.33842964172362,28.593335055158278,-5.919558063092765,119.58716583251952,119.00271606445312,126.2664566040039
2022-06-17,116.44232227881211,119.11404937058089,116.16402268164413,116.63713836669922,336024.0,119.89329681396484,124.91111679077149,127.38245468139648,27.4787732435247,-6.209486779644919,117.97300720214844,119.58716583251952,119.00271606445312
2022-06-20,117.72251939095426,119.89329434795935,115.05080518676678,116.94326782226562,390023.0,118.02865905761719,123.92870254516602,126.61711883544922,28.169764606903627,-6.341454942543493,116.63713836669922,117.97300720214844,119.58716583251952
2022-06-21,116.94327658006038,122.17538554755689,116.94327658006038,121.59095001220705,174346.0,118.54630584716797,123.25242156982422,125.9575382232666,37.851517491206636,-6.001826235160507,116.94326782226562,116.63713836669922,117.97300720214844
2022-06-22,121.34048616413858,125.26456828314262,119.28104341889365,124.59664916992188,662194.0,119.54820251464844,122.77374114990235,125.68340950012207,43.18491702923282,-5.427567614399919,121.59095001220705,116.94326782226562,116.63713836669922
2022-06-23,125.7655168955434,126.43344873011684,122.84332626655726,125.54287719726562,173671.0,121.06217651367187,122.05015411376954,125.41067237854004,44.79118139739996,-4.840314691515616,124.59664916992188,121.59095001220705,116.94326782226562
2022-06-24,125.68201504557538,125.98815098695336,121.98058563734224,122.50936126708984,341688.0,122.23662109375,121.06495895385743,125.14071807861328,40.80796857003486,-4.567045841047445,125.54287719726562,124.59664916992188,121.59095001220705
2022-06-27,124.12352905210592,125.79335225576772,122.11973356386778,125.15324401855467,266819.0,123.87861633300781,120.9536376953125,124.94451446533203,45.36800826727867,-4.08999218211882,122.50936126708984,125.54287719726562,124.59664916992188
2022-06-28,124.68011793485302,128.0197640647128,122.75981886223585,123.8173828125,356135.0,124.3239028930664,121.43510437011719,124.79701309204101,43.5427470227394,-3.7761870221065124,125.15324401855467,122.50936126708984,125.54287719726562
2022-06-29,123.81739399515676,125.04192507482158,122.06407452273248,124.65230560302734,358244.0,124.3350341796875,121.94161834716797,124.6397720336914,45.031287155253246,-3.4206912807202485,123.8173828125,125.15324401855467,122.50936126708984
2022-06-30,124.1235291995997,125.01410072662824,120.31076706269066,120.89520263671876,197297.0,123.40549926757812,122.233837890625,124.22509994506837,39.92946035625706,-3.402898656938305,124.65230560302734,123.8173828125,125.15324401855467
2022-07-01,120.89520292946112,127.46317591953814,120.36642727835816,127.21269989013672,778784.0,124.3461669921875,123.29139404296875,124.10125541687012,50.15545642023764,-2.8462192003471642,120.89520263671876,124.65230560302734,123.8173828125
2022-07-04,125.23673325466446,126.90655636472664,124.40182169963336,126.2386245727539,141645.0,124.56324310302735,124.22092971801757,124.0748161315918,48.77669655769154,-2.4553427944291144,127.21269989013672,120.89520263671876,124.65230560302734
2022-07-05,125.5706936532686,127.43533286972438,124.23484279978072,125.73768615722656,173248.0,124.94730377197266,124.63560333251954,123.94401245117187,48.04522547220005,-2.1610803808382,126.2386245727539,127.21269989013672,120.89520263671876
2022-07-06,127.6579805854364,131.63773528488454,127.0735450040389,130.1905517578125,428696.0,126.0549530029297,125.19499359130859,123.98436737060547,54.56739852135829,-1.550690859250551,125.73768615722656,126.2386245727539,127.21269989013672
2022-07-07,131.91602664869285,136.86983609367704,131.08111508762516,136.201904296875,450140.0,129.11629333496094,126.26089630126953,124.15552520751953,61.57948590002903,-0.5752556656113654,130.1905517578125,125.73768615722656,126.2386245727539
2022-07-08,136.36888819690023,136.81418032151942,133.30755420663502,134.39292907714844,201809.0,130.55233917236328,127.44925308227539,124.25710601806641,58.646133749563745,0.05122409154211027,136.201904296875,130.1905517578125,125.73768615722656
2022-07-11,134.3094339576603,136.313216495965,131.19242757386306,135.2278289794922,170384.0,132.35018005371094,128.45671157836915,124.70517463684082,59.602596524981344,0.608073761390159,134.39292907714844,136.201904296875,130.1905517578125
2022-07-12,134.69905787260265,135.72878550507505,129.71742495018333,130.24620056152344,256958.0,133.25188293457032,129.09959335327147,125.26734886169433,51.89067074319286,0.6400275176850982,135.2278289794922,134.39292907714844,136.201904296875
2022-07-13,130.91413861523526,135.1443564483656,128.68770348315726,129.13299560546875,230628.0,133.04037170410157,129.54766235351562,125.7446403503418,50.32370761832282,0.5689660764909092,130.24620056152344,135.2278289794922,134.39292907714844
2022-07-14,129.41129152937438,133.02923736856206,129.105155592716,132.63961791992188,436259.0,132.32791442871093,130.72210388183595,126.47797088623047,54.93967138243228,0.7865377692838535,129.13299560546875,130.24620056152344,135.2278289794922
2022-07-15,133.08490088215785,134.47642443005572,131.19243802962924,133.4745330810547,318074.0,132.14423522949218,131.34828720092773,127.31984062194825,55.988294560115776,1.0146394472116356,132.63961791992188,129.13299560546875,130.24620056152344
2022-07-18,133.47452872050394,134.81037956228377,132.6117808366605,134.0311279296875,1243925.0,131.90489501953124,132.1275375366211,128.17423362731932,56.71152861359421,1.2261894740008188,133.4745330810547,132.63961791992188,129.13299560546875
2022-07-19,134.14247018551453,134.58774958497457,132.72311025038508,133.83633422851562,62185.0,132.6229217529297,132.93740234375,128.78650283813477,56.36245183737858,1.3624210290954295,134.0311279296875,133.4745330810547,132.63961791992188
2022-07-20,136.257565281927,136.257565281927,128.65987766074704,130.38536071777344,222185.0,132.87339477539064,132.9568832397461,129.07593841552733,50.43909021623184,1.178337653693319,133.83633422851562,134.0311279296875,133.4745330810547
2022-07-21,130.38535404669204,132.8622522919203,129.6895859494767,132.27781677246094,144711.0,132.80103454589843,132.5644744873047,129.4126853942871,53.33533574588615,1.1716495929551343,130.38536071777344,133.83633422851562,134.0311279296875
2022-07-22,133.02924746479928,133.02924746479928,129.82875716183784,130.41319274902344,91801.0,132.1887664794922,132.1665008544922,129.8078769683838,50.22122830603047,1.0043125908723027,132.27781677246094,130.38536071777344,133.83633422851562
2022-07-25,130.4131855781807,130.83064136603645,127.82496733731898,128.7433624267578,99610.0,131.13121337890624,131.51805419921874,129.98738288879395,47.54403140232404,0.7285571066566092,130.41319274902344,132.27781677246094,130.38536071777344
2022-07-26,128.32590719515088,129.1329951830315,125.37589307604424,127.964111328125,119501.0,129.95676879882814,131.28984527587892,130.1947193145752,46.303531143982724,0.44204423672024973,128.7433624267578,130.41319274902344,132.27781677246094
2022-07-27,128.18675120100266,129.94007061598634,127.57449205109856,129.74525451660156,110177.0,129.82874755859376,131.3510711669922,130.4493667602539,49.54408354348543,0.35461629682839657,127.964111328125,128.7433624267578,130.41319274902344
2022-07-28,130.80281836633387,131.192437824883,128.57638324111988,129.82875061035156,106979.0,129.33893432617188,131.06998443603516,130.89604415893555,49.69733912037765,0.2887380688153769,129.74525451660156,127.964111328125,128.7433624267578
2022-07-29,130.6079899773257,134.81037107078689,130.13487430945085,134.0032958984375,242306.0,130.05695495605468,131.12286071777345,131.23557395935057,56.76768111524824,0.5668457699195528,129.82875061035156,129.74525451660156,127.964111328125
2022-08-01,135.50614032779202,135.50614032779202,131.77686212999942,134.30943298339844,1251622.0,131.1701690673828,131.15069122314452,131.6391143798828,57.24231106036257,0.8026978300417227,134.0032958984375,129.82875061035156,129.74525451660156
2022-08-02,134.6155865563577,138.5953285367555,134.11463448984682,136.70286560058594,326535.0,132.917919921875,131.43734436035157,132.18737335205077,60.8601994015875,1.1692637516789546,134.30943298339844,134.0032958984375,129.82875061035156
2022-08-03,136.9255047635885,138.4840081424565,134.67124595262382,135.6174774169922,693818.0,134.0923645019531,131.96055603027344,132.45871963500977,58.445086121990165,1.3565506585248102,136.70286560058594,134.30943298339844,134.0032958984375
2022-08-04,137.70475183980494,138.0387113784858,135.0886972342522,136.257568359375,155897.0,135.3781280517578,132.35853118896483,132.46150283813478,59.46663252041123,1.5388875335540035,135.6174774169922,136.70286560058594,134.30943298339844
2022-08-05,136.73067907901796,139.93118186991256,134.83821628283843,139.5415496826172,631395.0,136.48577880859375,133.27136688232423,132.71893386840821,64.31371814644748,1.9261768997921251,136.257568359375,135.6174774169922,136.70286560058594
2022-08-08,133.72498430100265,136.36886198998184,130.8584542226326,133.0570526123047,931970.0,136.235302734375,133.7027359008789,132.61039505004882,51.27502200769567,1.6903761879618457,139.5415496826172,136.257568359375,135.6174774169922
2022-08-10,133.08489805448494,135.03303352809763,132.75093852516017,133.64151000976562,169984.0,135.62303161621094,134.27047576904297,132.78016052246093,52.215351774985685,1.5329918763485466,133.0570526123047,139.5415496826172,136.257568359375
2022-08-11,134.14246204349217,134.8938773543426,133.53019016665738,133.64151000976562,178361.0,135.22783813476562,134.66010131835938,133.00558624267578,52.215351774985685,1.3922150866076493,133.64151000976562,133.0570526123047,139.5415496826172
2022-08-12,133.64150107719152,137.42643918858465,133.64150107719152,136.8698272705078,375592.0,135.35028991699218,135.364208984375,133.21709671020508,57.47294041652798,1.5235837640310308,133.64151000976562,133.64151000976562,133.0570526123047
2022-08-16,138.59531394928976,142.49157200167272,137.03681072833658,142.04627990722656,737457.0,135.85123596191406,136.16850738525392,133.64568405151368,64.2627823925165,2.022081556234525,136.8698272705078,133.64151000976562,133.64151000976562
2022-08-17,142.54724627136898,147.66803580445023,142.49158634642723,147.16708374023438,323076.0,138.6732421875,137.4542724609375,134.302481842041,69.45778141426531,2.7980960119474787,142.04627990722656,136.8698272705078,133.64151000976562
2022-08-18,147.55672055096008,148.4751157109769,144.9406657779876,146.52699279785156,559319.0,141.25033874511718,138.43668518066406,134.9370147705078,68.12469732482496,3.323136025869303,147.16708374023438,142.04627990722656,136.8698272705078
2022-08-19,147.389709678718,147.47320592820492,145.38592708842145,146.77745056152344,550825.0,143.87752685546874,139.55268249511718,135.75661926269532,68.38042058169917,3.716601202814701,146.52699279785156,147.16708374023438,142.04627990722656
2022-08-22,149.7105795589009,152.31108846913395,148.59176690287592,149.10581970214844,388246.0,146.32472534179686,140.83750762939454,136.5980194091797,70.73125494767973,4.1682560597554925,146.77745056152344,146.52699279785156,147.16708374023438
2022-08-23,148.71271466866284,149.0150945884878,145.96100895102637,146.53553771972656,146657.0,147.2225769042969,141.53690643310546,137.40413665771484,64.98733607294676,4.269578469760887,149.10581970214844,146.77745056152344,146.52699279785156
2022-08-24,144.60028459181498,146.11221193825693,142.30216942097192,143.87457275390625,244514.0,146.56407470703124,142.61865844726563,138.16069717407225,59.59189221592265,4.088035249901793,146.53553771972656,149.10581970214844,146.77745056152344
2022-08-25,145.11433805384735,147.04961115654814,144.1164773511802,145.59815979003906,279542.0,146.37830810546876,143.81432342529297,139.04239959716796,61.80394602334312,4.036707359733327,143.87457275390625,146.53553771972656,149.10581970214844
2022-08-26,145.5981524888685,146.83793091849458,145.38647962477006,146.021484375,72754.0,146.22711486816405,145.0523208618164,139.8562110900879,62.34911027767376,3.98426032025651,145.59815979003906,143.87457275390625,146.53553771972656
2022-08-29,139.70165210645672,145.93077523646585,139.70165210645672,145.1748046875,225942.0,145.44091186523437,145.88281860351563,140.6235137939453,60.489511367998205,3.8302232593244696,146.021484375,145.59815979003906,143.87457275390625
2022-08-30,144.84220899087595,147.77532907479846,144.29791124553503,147.2612762451172,222419.0,145.5860595703125,146.4043182373047,141.2864128112793,63.38749839831895,3.8323318599503295,145.1748046875,146.021484375,145.59815979003906
2022-09-01,146.83794921345543,149.37798237291068,146.65652123965157,148.77320861816406,145511.0,146.56578674316407,146.56493072509767,142.00960159301758,65.36968725826874,3.9109205898010657,147.2612762451172,145.1748046875,146.021484375
2022-09-02,148.19866709234972,149.98272944511595,143.60242293914828,144.05599975585938,246516.0,146.25735473632812,146.31783142089844,142.37725830078125,55.30858431288342,3.5516224992176717,148.77320861816406,147.2612762451172,145.1748046875
2022-09-05,143.7536094611098,145.44696479674,143.7536094611098,144.35838317871094,56660.0,145.92473449707032,146.0759246826172,142.81430358886718,55.778436053080306,3.253768570250571,144.05599975585938,148.77320861816406,147.2612762451172
2022-09-06,144.81196349512192,146.86817480561007,144.26766575196137,144.6607666015625,219290.0,145.82192687988282,145.63141937255858,143.23446350097657,56.27350544156891,3.0074490007146153,144.35838317871094,144.05599975585938,148.77320861816406
2022-09-07,145.26552296803905,148.10793563793473,144.35836939926105,147.47293090820312,260542.0,145.8642578125,145.72515869140625,143.63103256225585,60.682004392555946,3.0045228553034633,144.6607666015625,144.35838317871094,144.05599975585938
2022-09-08,148.19865716144048,154.15563136559368,148.19865716144048,151.64584350585938,825879.0,146.43878479003905,146.50228576660157,144.5604721069336,66.13765327209514,3.300872631158427,147.47293090820312,144.6607666015625,144.35838317871094
2022-09-09,152.70418523226738,152.7949061293983,148.28936918516197,148.6219940185547,169448.0,147.35198364257812,146.80466918945314,145.30949630737305,59.67577631036481,3.254219959337803,151.64584350585938,147.47293090820312,144.6607666015625
2022-09-12,148.74294677607028,152.58323407390174,147.9567589790471,151.22250366210938,308976.0,148.7248077392578,147.32477111816405,146.18854598999025,63.021868115204526,3.3880316557238643,148.6219940185547,151.64584350585938,147.47293090820312
2022-09-13,152.03896396508074,153.15777669844925,148.16843140396594,148.4708251953125,269636.0,149.4868194580078,147.6543731689453,146.76859588623046,57.57748786881624,3.2347527178690427,151.22250366210938,148.6219940185547,151.64584350585938
2022-09-14,146.80768608574004,147.95675746142652,146.05172936763125,146.89840698242188,114993.0,149.37191467285157,147.6180862426758,147.01120223999024,54.67099527374471,2.9523640319929996,148.4708251953125,151.22250366210938,148.6219940185547
2022-09-15,146.4145919512421,147.47294247854012,143.72337594568538,144.20718383789062,241443.0,147.88418273925782,147.16148376464844,146.86320724487305,50.017249635186154,2.4827896935578053,146.89840698242188,148.4708251953125,151.22250366210938
2022-09-16,145.14457570027042,145.14457570027042,137.8268709315195,138.37115478515625,406454.0,145.83401489257812,146.59299926757814,146.45541534423828,41.72305564689962,1.6210434960635496,144.20718383789062,146.89840698242188,148.4708251953125
2022-09-19,139.2783087132661,142.96741294031605,139.2783087132661,141.33453369140625,1231862.0,143.8564208984375,146.29061431884764,146.18326950073242,46.568219324545716,1.1638076871741703,138.37115478515625,144.20718383789062,146.89840698242188
2022-09-20,141.51597892073175,143.08838237773554,140.79025318349406,141.30430603027344,123366.0,142.4231170654297,145.95496826171876,145.79319381713867,46.525727351726786,0.7899004145103845,141.33453369140625,138.37115478515625,144.20718383789062
2022-09-21,142.1207516664512,143.57218928855494,139.73190158123953,140.2761993408203,83689.0,141.0986755371094,145.23529510498048,145.48022689819337,45.02102377505552,0.40593719814208384,141.30430603027344,141.33453369140625,138.37115478515625
2022-09-22,140.54834175056476,140.85072169081923,138.09902962933762,139.30856323242188,242015.0,140.11895141601562,144.0015670776367,145.25192642211914,43.59205197193755,0.023294906606423638,140.2761993408203,141.30430603027344,141.33453369140625
2022-09-23,139.70165846573946,140.57856717829628,136.7382936440474,137.28257751464844,74962.0,139.90123596191407,142.86762542724608,144.8361473083496,40.68063122554261,-0.43837862586190113,139.30856323242188,140.2761993408203,141.30430603027344
2022-09-26,136.67781522205152,139.09688228795522,132.504903078166,133.13990783691406,353059.0,138.26231079101564,141.05936584472656,144.19206848144532,35.46479733862226,-1.125562266608057,137.28257751464844,139.30856323242188,140.2761993408203
2022-09-27,133.44231250290937,135.3473269347786,132.56538989228062,134.22850036621094,126636.0,136.84714965820314,139.6351333618164,143.64475326538087,37.724358020903075,-1.5642877974298415,133.13990783691406,137.28257751464844,139.30856323242188
2022-09-28,133.56325301179953,133.774912035786,131.77917687004506,132.6258544921875,140066.0,135.31708068847655,138.20787811279297,142.91298217773436,35.740351678695106,-2.0180383793641283,134.22850036621094,133.13990783691406,137.28257751464844
2022-09-29,132.59562269101613,133.59348334735972,129.63224410880088,130.9022674560547,273827.0,133.6358215332031,136.87738647460938,142.0194351196289,33.688334147273295,-2.4880375062193423,132.6258544921875,134.22850036621094,133.13990783691406
2022-09-30,130.93250934529968,131.7489559592929,129.26939888593557,130.7813262939453,219137.0,132.3355712890625,136.11840362548827,141.3557014465332,33.542805920873676,-2.837564464622119,130.9022674560547,132.6258544921875,134.22850036621094
2022-10-03,131.83965509732712,133.98658718135465,130.11606875260597,130.6905975341797,191840.0,131.84570922851563,135.05401000976562,140.67231216430665,33.426149252631376,-3.0863110770885385,130.7813262939453,130.9022674560547,132.6258544921875
2022-10-04,131.99084284366947,133.8051499617955,131.99084284366947,132.35369873046875,127346.0,131.4707489013672,134.15894927978516,140.05695877075195,37.70310692357638,-3.1133573466720748,130.6905975341797,130.7813262939453,130.9022674560547
2022-10-06,132.4746602034092,134.86351007689925,131.53727550751486,133.98658752441406,182452.0,131.7428955078125,133.52998809814454,139.3826416015625,41.66568636804543,-2.9688086529920668,132.35369873046875,130.6905975341797,130.7813262939453
2022-10-07,132.4746604716783,132.9282372846917,130.47892526283252,132.08157348632812,257480.0,131.9787567138672,132.80728912353516,138.40442810058593,38.58231304779381,-2.9736926065317846,133.98658752441406,132.35369873046875,130.6905975341797
2022-10-10,130.02535366744837,130.84180026887418,129.2693968961131,129.9346466064453,94489.0,131.80942077636718,132.07249603271484,137.47006072998047,35.40260970450214,-3.1148956533523062,132.08157348632812,133.98658752441406,132.35369873046875
2022-10-11,129.93463362805386,130.50916237793038,127.00150005462262,127.21317291259766,1353208.0,131.1139358520508,131.4798225402832,136.26959419250488,31.822441654314645,-3.4071250513294444,129.9346466064453,132.08157348632812,133.98658752441406
2022-10-12,127.3038821935355,130.29749180136616,126.0036277950245,127.27365112304688,441743.0,130.0979263305664,130.7843376159668,135.2097354888916,31.987045225293414,-3.5924275993232015,127.21317291259766,129.9346466064453,132.08157348632812
2022-10-13,128.2110468750537,128.4831957433259,124.37077317233812,125.48958587646484,147765.0,128.39852600097657,130.07071075439453,134.13929443359376,29.708415380478556,-3.838986907600372,127.27365112304688,127.21317291259766,129.9346466064453
2022-10-14,127.81793448876626,127.81793448876626,123.735743359489,123.9776611328125,361649.0,126.77774353027344,129.3782501220703,133.12781829833983,27.89487119190983,-4.109020397537961,125.48958587646484,127.27365112304688,127.21317291259766
2022-10-17,123.9776689146898,124.431245735302,121.52834300973107,122.31454467773438,1968845.0,125.25372314453125,128.5315719604492,132.32498779296876,26.013701487076077,-4.4064289128794485,123.9776611328125,125.48958587646484,127.27365112304688
2022-10-18,123.64504849149736,123.64504849149736,121.34691939186769,122.10289001464844,184499.0,124.2316665649414,127.6728012084961,131.36340560913087,25.775469504790905,-4.606109701009956,122.31454467773438,123.9776611328125,125.48958587646484
2022-10-19,122.94954968862062,123.46361633887294,121.89121299991923,122.40526580810548,147813.0,123.25798950195312,126.67795791625977,130.41845359802247,26.80674064062198,-4.6859423383747725,122.10289001464844,122.31454467773438,123.9776611328125
2022-10-20,121.86096364858793,124.55219340704578,120.95381003869257,124.28004455566406,106415.0,123.01608123779297,125.70730361938476,129.61864585876464,33.0205073105181,-4.545533224386688,122.40526580810548,122.10289001464844,122.31454467773438
2022-10-21,124.58243804992176,125.67101973197,123.58457727557216,124.73363494873048,85006.0,123.16727600097656,124.972509765625,128.88989944458007,34.47002123195729,-4.34754128635214,124.28004455566406,122.40526580810548,122.10289001464844
2022-10-24,126.94103076041436,126.94103076041436,125.00577155085232,125.39887237548828,54709.0,123.78414154052734,124.5189323425293,128.29571418762208,36.63583815160001,-4.089807394460024,124.73363494873048,124.28004455566406,122.40526580810548
2022-10-25,125.73149664414524,127.15270305227976,123.82646851478384,126.88055419921876,1103702.0,124.7396743774414,124.48567047119141,127.98274650573731,41.29015167653128,-3.7230747992673514,125.39887237548828,124.73363494873048,124.28004455566406
2022-10-27,127.00151092435569,127.87841965920248,125.85245332625772,127.42484283447266,165604.0,125.74358978271485,124.50078964233398,127.64256362915039,42.94798893044714,-3.3499014526515083,126.88055419921876,125.39887237548828,124.73363494873048
2022-10-28,127.60629521204704,128.54368001172932,126.4874685937848,128.09010314941406,157039.0,126.50560150146484,124.7608413696289,127.41577606201172,44.992547257726436,-2.9662844584967445,127.42484283447266,126.88055419921876,125.39887237548828
2022-10-31,128.21105315970638,129.6625046335943,127.84819721226796,129.3298797607422,70246.0,127.42485046386719,125.29606323242187,127.3371566772461,48.68336993964262,-2.5330264632154638,128.09010314941406,127.42484283447266,126.88055419921876
2022-11-01,128.75533661078262,129.45081735376513,127.18293332919998,128.27151489257812,182546.0,127.99937896728515,125.89176025390626,127.21166610717773,45.854823384384744,-2.249140884165257,129.3298797607422,128.09010314941406,127.42484283447266
2022-11-02,127.72723070977926,130.11606669735423,127.72723070977926,129.8439178466797,237630.0,128.59205169677733,126.66586303710938,127.16933212280273,50.46005364024007,-1.8756583186657991,128.27151489257812,129.3298797607422,128.09010314941406
2022-11-03,129.14844780424386,132.0815817361518,127.39461642824324,127.6365203857422,380198.0,128.63438720703127,127.18898849487304,126.9334732055664,44.710871347919294,-1.7377574358146006,129.8439178466797,128.27151489257812,129.3298797607422
2022-11-04,125.18719680039705,126.5176822874374,121.58881347128408,123.16121673583984,488623.0,127.6486099243164,127.07710571289063,126.3922046661377,35.804141357192975,-1.9669162098029886,127.6365203857422,129.8439178466797,128.27151489257812
2022-11-07,124.24978765212768,127.18292106562284,123.49383099752072,126.9410171508789,504128.0,127.17083740234375,127.29784393310547,126.13517684936524,45.651576865016565,-1.8225190200209624,123.16121673583984,127.6365203857422,129.8439178466797
2022-11-09,127.69699342720864,127.75746941518727,123.5240948884175,123.76599884033205,252751.0,126.26973419189453,127.13455657958984,125.82674446105958,40.08869202895453,-1.9418956850499285,126.9410171508789,123.16121673583984,127.6365203857422
2022-11-10,123.7659984066612,124.82434895567842,123.61480151621122,124.46147918701172,244875.0,125.19324645996093,126.89264907836915,125.68915977478028,41.7627423675656,-1.9578146321603072,123.76599884033205,126.9410171508789,123.16121673583984
2022-11-11,125.2174448418109,125.7315115374109,124.31029111886298,125.58031463623048,235250.0,124.7820053100586,126.70819625854492,125.60449295043945,44.45177420198368,-1.8587236331534172,124.46147918701172,123.76599884033205,126.9410171508789
2022-11-14,125.79197351821531,127.1829350227016,125.3383967072627,125.82220458984376,123921.0,125.31420288085937,126.4814064025879,125.62112388610839,45.04259737841599,-1.7406101346899305,125.58031463623048,124.46147918701172,123.76599884033205
2022-11-15,126.12459584368528,127.33414334289868,125.21744214030872,127.0922393798828,155653.0,125.34444732666016,126.25764236450195,125.77685279846192,48.1602836962089,-1.5269217394269532,125.82220458984376,125.58031463623048,124.46147918701172
2022-11-16,127.18294549038168,127.33414238716526,125.7919838714135,126.39674377441406,363860.0,125.87059631347657,126.07016525268554,125.9809627532959,46.60120922645106,-1.3975823699058623,127.0922393798828,125.82220458984376,125.58031463623048
2022-11-17,125.85246080632592,127.45509532440664,125.51983593614555,127.0922393798828,315456.0,126.39674835205078,125.79499740600586,126.23043022155761,48.4001263066254,-1.2248401105011766,126.39674377441406,127.0922393798828,125.82220458984376
2022-11-18,127.3038843450434,127.78770605962524,125.24767320271776,126.45720672607422,181723.0,126.57212677001954,125.67706604003907,126.43302726745605,46.84824189392386,-1.1262003171346322,127.0922393798828,126.39674377441406,127.0922393798828
2022-11-21,127.51555402929628,130.75106754326566,126.85030437911608,130.2370147705078,737832.0,127.45508880615235,126.38464584350587,126.73087577819824,55.90998062660583,-0.734561087252942,126.45720672607422,127.0922393798828,126.39674377441406
2022-11-22,129.17865362516088,130.1765280178726,127.36434661445884,128.45294189453125,170843.0,127.72722930908203,126.5358383178711,126.91684112548828,51.45119212112764,-0.5616693720417345,130.2370147705078,126.45720672607422,127.0922393798828
2022-11-23,128.48319475957888,130.35797806589227,128.331997869015,129.75320434570312,179362.0,128.39852142333984,127.1345588684082,127.13455772399902,54.3110337095671,-0.3160874694660549,128.45294189453125,130.2370147705078,126.45720672607422
2022-11-24,130.63013048331695,134.13779324005196,130.47893358864272,133.89588928222656,486065.0,129.7592514038086,128.0779998779297,127.48532447814941,61.992855334882734,0.2103927336930269,129.75320434570312,128.45294189453125,130.2370147705078
2022-11-25,133.77491444633455,138.0385475470534,132.53514982499215,136.76852416992188,173891.0,131.82151489257814,129.19682083129882,127.95250854492187,66.23254809033722,0.8496356447740538,133.89588928222656,129.75320434570312,128.45294189453125
2022-11-28,138.43164153066874,144.75147166402942,137.88734384707791,144.14669799804688,767207.0,134.60345153808595,131.02927017211914,128.7553382873535,74.19471022619817,1.9293567990637541,136.76852416992188,133.89588928222656,129.75320434570312
2022-11-29,144.9631445234331,144.9631445234331,142.6347845961881,144.14669799804688,227027.0,137.74220275878906,132.73471603393554,129.49617919921874,74.19471022619818,2.753305204287159,144.14669799804688,136.76852416992188,133.89588928222656
2022-11-30,144.14670395400688,146.05173208322302,142.0300167987067,144.60028076171875,295774.0,140.71161804199218,134.55506973266603,130.31261749267577,74.62136635656238,3.4036553695353007,144.14669799804688,144.14669799804688,136.76852416992188
2022-12-01,144.53981403073328,145.14458776042392,142.15097786945185,142.9371795654297,165746.0,142.5198760986328,136.1395637512207,130.96728057861327,70.0482390801742,3.7417318381079667,144.60028076171875,144.14669799804688,144.14669799804688
2022-12-02,143.30001867401597,144.29789313454108,141.75786037853024,142.6045379638672,247571.0,143.68707885742188,137.754296875,131.71568145751954,69.13560967228275,3.9374302331544015,142.9371795654297,144.60028076171875,144.14669799804688
2022-12-05,141.8788248321836,142.8162233935705,138.79450796968376,139.15736389160156,221468.0,142.6892120361328,138.64633178710938,132.5154888153076,60.35928540171397,3.7708959416493144,142.6045379638672,142.9371795654297,144.60028076171875
2022-12-06,139.45974017103413,140.0947448757514,135.07515553328315,135.5287322998047,329297.0,140.9656188964844,139.35391082763672,132.94487457275392,52.76600519750948,3.307983695208236,139.15736389160156,142.6045379638672,142.9371795654297
2022-12-07,136.7382887069086,141.18333577895172,136.556846914527,140.6390380859375,531299.0,140.17337036132812,140.44249420166017,133.78852653503418,60.334169947423504,3.31526506118999,135.5287322998047,139.15736389160156,142.6045379638672
2022-12-08,142.12074279785156,143.45122835526078,139.85285867789685,142.12074279785156,362749.0,140.0100830078125,141.26497955322264,134.67148971557617,62.22411842882807,3.401387703166705,140.6390380859375,135.5287322998047,139.15736389160156
2022-12-09,144.5700502403596,147.95676077537803,143.17907489845356,145.1143341064453,408255.0,140.5120422363281,142.099560546875,135.6481906890869,65.77245420336772,3.668905459211004,142.12074279785156,140.6390380859375,135.5287322998047
2022-12-12,145.11433060121135,153.06705395210128,143.96527306960903,152.4622802734375,362188.0,143.17302551269532,142.93111877441407,136.9801944732666,72.58056661069124,4.422849202091669,145.1143341064453,142.12074279785156,140.6390380859375
2022-12-13,152.64371381774268,152.67395873171355,148.1684216525995,148.74295043945312,325721.0,145.815869140625,143.3907440185547,138.0627300262451,65.48073697996747,4.666444350616615,152.4622802734375,145.1143341064453,142.12074279785156
2022-12-14,150.25488009803223,150.25488009803223,146.5657895341946,146.8076934814453,168550.0,147.04960021972656,143.61148529052736,139.0832775115967,62.078033157883326,4.649736925025962,148.74295043945312,152.4622802734375,145.1143341064453
2022-12-15,146.8076873628682,150.52702268613265,146.62625940999163,149.13604736328125,294242.0,148.4526611328125,144.2313720703125,140.1854679107666,64.47023571757454,4.769396238284855,146.8076934814453,148.74295043945312,152.4622802734375
2022-12-16,149.3779638430277,150.58749736041483,145.77958051965115,146.89840698242188,248858.0,148.80947570800782,144.66075897216797,141.207527923584,60.51906929295928,4.630293091643807,149.13604736328125,146.8076934814453,148.74295043945312
2022-12-19,147.04960687439666,148.31961640155927,144.81195390302884,147.56365966796875,128238.0,147.82975158691406,145.5013885498047,142.07386016845703,61.27886214686135,4.521610862306062,146.89840698242188,149.13604736328125,146.8076934814453
2022-12-20,146.11221313476562,147.35199163111128,144.78172757897158,146.11221313476562,101234.0,147.30360412597656,146.5597366333008,142.95682373046876,58.62785489237124,4.269147729979039,147.56365966796875,146.89840698242188,149.13604736328125
2022-12-21,146.08198005442898,146.41460493084017,139.94357690447873,140.42739868164062,250924.0,146.0275451660156,146.5385726928711,143.49053344726562,49.58068613171336,3.569208251354098,146.11221313476562,147.56365966796875,146.89840698242188
2022-12-22,141.5159689102658,141.54619998272585,136.55685492499214,139.15736389160156,303834.0,144.03180847167968,146.2422348022461,143.75360717773438,47.805789012860544,2.878834565461318,140.42739868164062,146.11221313476562,147.56365966796875
2022-12-23,139.0061846882993,139.0061846882993,135.86137790980192,137.5547332763672,320880.0,142.16307373046874,145.48627471923828,143.79291763305665,45.588031826584604,2.1772910922165067,139.15736389160156,140.42739868164062,146.11221313476562
2022-12-26,135.07517199541073,140.76001164616082,135.07517199541073,139.52023315429688,75472.0,140.55438842773438,144.19207000732422,143.56159439086915,48.72944999267226,1.7596283488285849,137.5547332763672,139.15736389160156,140.42739868164062
2022-12-27,139.64117431640625,140.82047673019613,138.2199679742692,139.64117431640625,403727.0,139.2601806640625,143.28189239501953,143.3363182067871,48.92485098164106,1.4219946870396427,139.52023315429688,137.5547332763672,139.15736389160156
2022-12-28,139.30854164192812,140.09474320680803,138.1897152732864,139.55044555664062,46374.0,139.0847900390625,142.55616760253906,143.0838264465332,48.77467217106591,1.134024199821539,139.64117431640625,139.52023315429688,137.5547332763672
2022-12-29,139.55046779176195,141.30429913700092,138.2502132799112,141.0321502685547,80560.0,139.45974731445312,141.74577789306642,142.98857498168945,51.39847053216752,1.0136816105033972,139.55044555664062,139.64117431640625,139.52023315429688
2022-12-30,139.8528553216828,142.93717211397677,139.8528553216828,142.15097045898438,224421.0,140.37899475097657,141.27103424072266,142.9658966064453,53.34184540986257,0.9970947923481788,141.0321502685547,139.55044555664062,139.64117431640625
2023-01-02,143.33026568627017,144.237419266563,141.51595852568445,143.4512176513672,62687.0,141.16519165039062,140.8597900390625,143.1805892944336,55.56554842515175,1.076459941136335,142.15097045898438,141.0321502685547,139.55044555664062
2023-01-03,142.12074100732065,144.38862509870307,142.12074100732065,143.69313049316406,126695.0,141.9755828857422,140.61788177490234,143.58880920410155,55.98584828510422,1.145671154020988,143.4512176513672,142.15097045898438,141.0321502685547
2023-01-04,143.6024269593801,147.56366644849635,143.51170605667173,145.74935913085938,225440.0,143.21536560058593,141.15007781982422,143.84432525634764,59.49309001172856,1.350870016649651,143.69313049316406,143.4512176513672,142.15097045898438
2023-01-05,146.98912450818668,150.46655611175478,146.08197084500654,148.68247985839844,295154.0,144.74543151855468,142.10258941650392,144.172412109375,63.91076950521943,1.7302249668700824,145.74935913085938,143.69313049316406,143.4512176513672
2023-01-06,148.01723348452003,151.7970309181337,147.9567575007379,150.88987731933594,238301.0,146.493212890625,143.43610382080078,144.46118927001953,66.84162007105911,2.183811406611966,148.68247985839844,145.74935913085938,143.69313049316406
2023-01-09,150.82940947525222,151.67608713595985,148.04747254494612,148.19866943359375,103668.0,147.4427032470703,144.30394744873047,144.24800872802734,60.401215848999364,2.2996154080415465,150.88987731933594,148.68247985839844,145.74935913085938
2023-01-10,148.77318917282886,151.19227003356332,147.01935797115783,150.7386932373047,197456.0,148.85181579589843,145.4136993408203,144.34779586791993,63.933424057046814,2.5667615768873304,148.19866943359375,150.88987731933594,148.68247985839844
2023-01-11,151.1922735177634,157.78425275074903,149.89201908238684,155.0325469970703,973643.0,150.7084533691406,146.96190948486327,144.75903854370117,68.97204555164512,3.0893429312989724,150.7386932373047,148.19866943359375,150.88987731933594
2023-01-12,155.6070757993796,155.6070757993796,149.95249509227995,151.04107666015625,177502.0,151.1801727294922,147.96280212402343,144.85429000854492,60.50950501446272,3.145158690000983,155.0325469970703,150.7386932373047,148.19866943359375
2023-01-13,150.55725360053293,152.82513761429317,148.95461925535983,151.91798400878906,962917.0,151.38579406738282,148.93950347900392,145.1052688598633,61.62353806533846,3.222999443974686,151.04107666015625,155.0325469970703,150.7386932373047
2023-01-16,151.9482406276241,152.12966859428855,149.04535163479324,149.52915954589844,86102.0,151.65189208984376,149.54729766845702,145.20354385375975,56.913383939105735,3.056694955672498,151.91798400878906,151.04107666015625,155.0325469970703
2023-01-17,150.01297767422523,150.88988641294745,146.3843630603502,147.14031982421875,379858.0,150.93221740722657,149.8920166015625,145.25494918823242,52.584889055918566,2.701002573014904,149.52915954589844,151.91798400878906,151.04107666015625
2023-01-18,147.0193614098204,148.25913986086675,146.1726837808635,147.0496063232422,610626.0,149.33562927246095,150.02204132080078,145.5860595703125,52.42184521283213,2.384309144096818,147.14031982421875,149.52915954589844,151.91798400878906
2023-01-19,147.11007860238672,150.28511617048093,146.50530492777557,148.65223693847656,68483.0,148.857861328125,150.0190170288086,146.06080322265626,55.07220443723803,2.2368610748594904,147.0496063232422,147.14031982421875,149.52915954589844
2023-01-20,148.04747013918168,149.9827293773323,147.26126847829562,148.9243927001953,812312.0,148.25914306640624,149.82246856689454,146.62928619384766,55.52528879066769,2.117558220125659,148.65223693847656,147.0496063232422,147.14031982421875
2023-01-23,149.37796443674802,151.7970314811372,147.8962682234262,151.4039306640625,193864.0,148.63409729003905,150.14299468994142,147.22347106933594,59.52969683349701,2.1977535051854318,148.9243927001953,148.65223693847656,147.0496063232422
2023-01-24,151.43417396701716,152.79490435579305,149.8617707154365,150.7386932373047,499607.0,149.35377197265626,150.14299468994142,147.77834701538086,58.020326015090376,2.1824715719132826,151.4039306640625,148.9243927001953,148.65223693847656
2023-01-25,150.04320549139658,151.04108002538766,148.89414791315176,150.13392639160156,420366.0,149.97063598632812,149.65313262939452,148.3075210571289,56.61495994017467,2.0973835673059398,150.7386932373047,151.4039306640625,148.9243927001953
2023-01-27,148.98485921812835,150.5874935100501,138.12924738386474,141.72763061523438,506622.0,148.5857147216797,148.72178802490234,148.3422950744629,41.54965062831963,1.3362296719369056,150.13392639160156,150.7386932373047,151.4039306640625
2023-01-30,140.57855588834337,143.11858860668744,139.7621232269771,141.7578582763672,801692.0,147.15240783691405,147.70577545166014,148.32263946533203,41.60981941148018,0.7270676622431438,141.72763061523438,150.13392639160156,150.7386932373047
2023-01-31,142.3324004931851,145.2353032130842,142.24169343447954,143.87457275390625,326157.0,145.64653625488282,147.14031677246095,148.34380722045898,45.81608703150452,0.41037302422699895,141.7578582763672,141.72763061523438,150.13392639160156
2023-02-01,143.93504068576556,145.38647812242635,139.21783095093855,142.57431030273438,594352.0,144.01365966796874,146.6837158203125,148.2878662109375,43.732027505514765,0.05384918894449697,143.87457275390625,141.7578582763672,141.72763061523438
2023-02-02,139.8528465957818,142.42311042899252,136.980189011324,139.1271209716797,653899.0,141.8122985839844,145.89146728515624,147.9567543029785,38.70534078971848,-0.5010817305084743,142.57431030273438,143.87457275390625,141.7578582763672
2023-02-03,139.18760516828746,140.39713871846698,134.3796881971735,137.64544677734375,146405.0,140.99586181640626,144.79078826904296,147.40490264892577,36.750045513103224,-1.0483425663174444,139.1271209716797,142.57431030273438,143.87457275390625
2023-02-06,137.6454422062742,140.76000379846585,136.4661397669281,140.30642700195312,243098.0,140.70557556152343,143.92899169921876,146.87573013305663,42.37980442325369,-1.2528893278363284,137.64544677734375,139.1271209716797,142.57431030273438
2023-02-07,139.21783453930922,140.4576129880797,138.8247337179414,140.09475708007812,130595.0,139.94961242675782,142.7980743408203,146.47053451538085,42.059109680398606,-1.4157541709099632,140.30642700195312,137.64544677734375,139.1271209716797
2023-02-08,140.42737109323974,141.03213089329674,137.8873384068067,140.2156982421875,438521.0,139.47789001464844,141.7457748413086,145.944384765625,42.32764428256117,-1.5175731527405958,140.09475708007812,140.30642700195312,137.64544677734375
2023-02-09,139.15736540478605,141.27406649852185,138.67355750363473,140.36691284179688,303498.0,139.72584838867186,140.76907348632812,145.21110305786132,42.685316542378736,-1.567988875257413,140.2156982421875,140.09475708007812,140.30642700195312
2023-02-10,142.21144727075645,142.69526900051085,139.12713046054446,140.760009765625,450788.0,140.34876098632813,140.67231140136718,144.69704971313476,43.66345067612923,-1.5582613946987465,140.36691284179688,140.2156982421875,140.09475708007812
2023-02-13,139.8226121289583,141.93929933548554,139.15736243699664,139.70166015625,258362.0,140.2278076171875,140.46669158935546,144.08623352050782,41.6047661793831,-1.617308934100663,140.760009765625,140.36691284179688,140.2156982421875
2023-02-14,138.18973679388634,141.66716839871606,137.8268808653092,141.39501953125,291509.0,140.48786010742188,140.21873626708984,143.67952651977538,45.992408488724074,-1.5100575811067074,139.70166015625,140.760009765625,140.36691284179688
2023-02-15,139.943555100127,142.453342977553,139.943555100127,142.24168395996094,121337.0,140.89305725097657,140.1854736328125,143.4345947265625,48.09246545877468,-1.3412799275406542,141.39501953125,139.70166015625,140.760009765625
2023-02-16,142.1207346752218,142.15096574599144,139.15735611033182,139.9435577392578,114971.0,140.80838623046876,140.26711730957032,143.07929229736328,43.18399348924655,-1.3770877900445555,142.24168395996094,141.39501953125,139.70166015625
2023-02-17,140.00403342235725,143.1185950185411,139.610932608738,141.51596069335938,215490.0,140.95957641601564,140.65416870117187,142.72247848510742,47.1579540648528,-1.2640152211373277,139.9435577392578,142.24168395996094,141.39501953125
2023-02-20,140.3668986322669,142.0602537990084,139.03639935465645,140.51808166503906,236712.0,141.12286071777345,140.67533416748046,142.30216293334962,45.00652486850427,-1.2406237552083326,141.51596069335938,139.9435577392578,142.24168395996094
2023-02-21,139.12712468093585,141.78810947887794,136.25446701989037,137.5244903564453,161344.0,140.3487548828125,140.41830749511718,141.60819091796876,39.22509334857347,-1.4469639503345775,140.51808166503906,141.51596069335938,139.9435577392578
2023-02-22,136.07304423365025,136.37542416236977,133.29110736323335,135.3775634765625,371923.0,138.9759307861328,139.9344940185547,140.84013442993165,35.68470098885123,-1.7634017010328478,137.5244903564453,140.51808166503906,141.51596069335938
2023-02-23,134.8635061600558,136.13351566021024,133.92610764932056,134.3796844482422,176579.0,137.8631561279297,139.3357711791992,140.05242233276368,34.14220412759019,-2.0708301552518265,135.3775634765625,137.5244903564453,140.51808166503906
2023-02-24,134.80301658802077,135.13562754391236,131.02320569732842,131.23487854003906,179525.0,135.80693969726562,138.3832580566406,139.5277847290039,29.774200677366522,-2.538961408012227,134.3796844482422,135.3775634765625,137.5244903564453
2023-02-27,131.32559773688294,131.59774658239775,128.02960820425932,129.69271850585938,1464959.0,133.6418670654297,137.38236389160156,138.9245277404785,27.8898656506356,-2.99981818816633,131.23487854003906,134.3796844482422,135.3775634765625
2023-02-28,129.54154480538392,130.90227528896554,128.54367024726423,130.11607360839844,410504.0,132.16018371582032,136.2544692993164,138.23660278320312,29.2142794736222,-3.2929304357977287,129.69271850585938,131.23487854003906,134.3796844482422
2023-03-01,130.17654959597542,131.32560720200445,129.7229727681149,130.11607360839844,197735.0,131.1078857421875,135.04190826416016,137.61369094848632,29.2142794736222,-3.485050510884463,130.11607360839844,129.69271850585938,131.23487854003906
2023-03-02,130.176542911698,132.59562381676184,129.4810621692409,131.9303741455078,128516.0,130.61802368164064,134.24058990478517,137.25385360717775,35.13546297226918,-3.4511257347199376,130.11607360839844,130.11607360839844,129.69271850585938
2023-03-03,132.05133450143202,133.1096850600038,131.1139359194856,132.53515625,180632.0,130.87807922363282,133.3425094604492,136.99833908081055,37.02647906681853,-3.3369726996489817,131.9303741455078,130.11607360839844,130.11607360839844
2023-03-06,132.5653815077517,134.59136163251745,132.4746606082292,133.29110717773438,223400.0,131.5977569580078,132.61981201171875,136.6475730895996,39.40445763070715,-3.1492046044362496,132.53515625,131.9303741455078,130.11607360839844
2023-03-08,132.95848979194602,135.71019574101135,132.92824487638708,135.28684997558594,237617.0,132.6319122314453,132.39604797363282,136.407177734375,45.27931264496597,-2.8069999236923877,133.29110717773438,132.53515625,131.9303741455078
2023-03-09,135.28684763332603,137.58497670368544,135.28684763332603,137.22210693359375,313296.0,134.05311889648436,132.58050231933595,136.25749816894532,50.31017771842728,-2.3525227677848477,135.28684997558594,133.29110717773438,132.53515625
2023-03-10,135.9218447750585,139.91332896892047,135.4077919849342,138.88522338867188,232680.0,135.4440887451172,133.03105621337892,136.18341369628905,54.20657274391242,-1.83697128719254,137.22210693359375,135.28684997558594,133.29110717773438
2023-03-13,138.2199835143423,139.8226179829239,137.22210893462173,138.06878662109375,139995.0,136.55081481933593,133.71444702148438,136.0488525390625,52.048870927559115,-1.4772439002424846,138.88522338867188,137.22210693359375,135.28684997558594
2023-03-14,138.03855458445577,139.1271362188761,136.103281427405,138.25021362304688,491036.0,137.54263610839843,134.57019653320313,135.97628021240234,52.501335860507645,-1.1640987063196633,138.06878662109375,138.88522338867188,137.22210693359375
2023-03-15,140.63904134364316,141.45548790207627,138.91545501261595,139.39927673339844,120827.0,138.36512145996093,135.49851684570314,135.87649307250976,55.37347701946625,-0.8138277939438296,138.25021362304688,138.06878662109375,138.88522338867188
2023-03-16,140.76000995896146,149.317493483832,140.76000995896146,148.04747009277344,1130784.0,140.5301940917969,137.29165649414062,136.1667823791504,70.0514566611055,0.15975974492118894,139.39927673339844,138.25021362304688,138.06878662109375
2023-03-17,148.16841198800577,148.80341671931575,145.14457136525135,146.77745056152344,271252.0,142.1086395263672,138.7763641357422,136.50847702026368,66.58777912680694,0.8194092814830185,148.04747009277344,139.39927673339844,138.25021362304688
2023-03-20,148.5615289243145,150.5270331556804,146.77746650051049,149.71058654785156,455281.0,144.43699951171874,140.49390716552733,136.91820831298827,70.2467666782214,1.5608730793341579,146.77745056152344,148.04747009277344,139.39927673339844
2023-03-21,149.52916344104756,149.52916344104756,146.47507747540587,147.92652893066406,149112.0,146.37226257324218,141.95744934082032,137.28863067626952,65.54504602795225,1.9816862953184113,149.71058654785156,146.77745056152344,148.04747009277344
2023-03-22,147.71484475518506,148.92439215616005,147.32174392617807,148.41033935546875,57749.0,148.17447509765626,143.2697982788086,137.8329231262207,66.20562676981532,2.327394503605973,147.92652893066406,149.71058654785156,146.77745056152344
2023-03-23,148.16841198800577,148.4708057397267,146.35410484594013,146.77745056152344,64132.0,147.92047119140625,144.22533264160157,138.40291748046874,61.892628988465965,2.4414665635324013,148.41033935546875,147.92652893066406,149.71058654785156
2023-03-24,145.77959413511903,146.62627182898737,144.23743564195178,144.47933959960938,102411.0,147.46084899902343,144.7847442626953,138.90790023803712,56.33066374091057,2.3196911882961047,146.77745056152344,148.41033935546875,147.92652893066406
2023-03-27,143.5419325499598,146.56577307726425,142.24167821638534,142.9976348876953,123410.0,146.11825866699218,145.27762908935546,139.49603805541992,53.02222828263724,2.0796492370802753,144.47933959960938,146.77745056152344,148.41033935546875
2023-03-28,142.96741446457568,142.96741446457568,139.2480791269641,141.6671600341797,161761.0,144.86638488769532,145.61932373046875,140.09476013183593,50.17268763717337,1.761747728729489,142.9976348876953,144.47933959960938,146.77745056152344
2023-03-29,141.66715956848304,142.84644818388588,140.1249873629891,141.4857177734375,173048.0,143.48146057128906,145.82796783447264,140.6632423400879,49.77978373003593,1.4781286717147566,141.6671600341797,142.9976348876953,144.47933959960938
2023-03-31,140.4576292588135,144.3886379278634,140.4576292588135,143.20933532714844,117242.0,142.76783752441406,145.34415435791016,141.3179054260254,53.50468939352203,1.376571794615046,141.4857177734375,141.6671600341797,142.9976348876953
2023-04-03,140.2761851458537,140.69953088092515,133.5632539480163,136.43589782714844,419993.0,141.15914916992188,144.30999908447265,141.5431816101074,40.72207916759486,0.7409858163219383,143.20933532714844,141.4857177734375,141.6671600341797
2023-04-05,136.3149404612402,136.76851724968006,134.89373411359966,136.49636840820312,203979.0,139.85889587402343,142.98857727050782,141.7412422180176,40.85792426186935,0.23939917522119458,136.43589782714844,143.20933532714844,141.4857177734375
2023-04-06,136.40566934248486,138.76426047523165,136.37542442852094,137.796630859375,158399.0,139.0847900390625,141.9755874633789,141.9665184020996,43.83824647164826,-0.05258536714569573,136.49636840820312,136.43589782714844,143.20933532714844
2023-04-10,137.85710689427168,139.70165906888116,137.3732990072042,138.67355346679688,116223.0,138.52235717773436,141.0019088745117,142.13585357666017,45.82119308492259,-0.21079498160295884,137.796630859375,136.49636840820312,136.43589782714844
2023-04-11,138.31068721281505,140.00404254457538,138.31068721281505,139.8528594970703,73204.0,137.85106201171874,140.3094497680664,142.26739120483398,48.45686372944838,-0.23827046650802686,138.67355346679688,137.796630859375,136.49636840820312
2023-04-12,138.82473261181923,140.42738079788734,137.67567507023736,139.066650390625,77212.0,138.37721252441406,139.76818084716797,142.27646255493164,46.821540394301,-0.31979904617563193,139.8528594970703,138.67355346679688,137.796630859375
2023-04-13,137.8571061604051,137.9175821459666,135.01469331281726,136.0730438232422,217754.0,138.29254760742188,139.07572174072266,142.17667541503906,41.12978638175849,-0.6188365023312201,139.066650390625,139.8528594970703,138.67355346679688
2023-04-17,136.13351355189042,137.4942439275815,134.47040326228972,137.19186401367188,207336.0,138.17159423828124,138.62819213867186,142.1237579345703,43.875788892170135,-0.7568222262669053,136.0730438232422,139.066650390625,139.8528594970703
2023-04-18,137.28257219917535,138.3409226696865,137.28257219917535,138.219970703125,126459.0,138.08087768554688,138.30161743164064,142.06479263305664,46.352184003108256,-0.7742917358753232,137.19186401367188,136.0730438232422,139.066650390625
2023-04-19,137.4639981282706,144.41884683984227,137.4639981282706,144.14669799804688,205860.0,138.93964538574218,138.39535369873047,141.8697540283203,57.88776394986847,-0.3063674735990105,138.219970703125,137.19186401367188,136.0730438232422
2023-04-20,145.14458339112696,147.2007946312836,143.84432890877702,144.90267944335938,249048.0,140.10685119628906,139.24203186035157,141.7760154724121,59.095952041695604,0.12403743377745968,144.14669799804688,138.219970703125,137.19186401367188
2023-04-21,145.5679154098108,146.53554504367904,144.35838182799202,146.11221313476562,106173.0,142.11468505859375,140.2036163330078,141.59609680175782,61.022719490527564,0.5563227419050918,144.90267944335938,144.14669799804688,138.219970703125
2023-04-24,145.7493573212577,147.5636646163685,145.02363163480013,147.32174682617188,69070.0,144.14066162109376,141.1561279296875,141.56585769653321,62.90449982798413,0.985154970186727,146.11221313476562,144.90267944335938,144.14669799804688
2023-04-25,146.89842037298754,149.95250627879992,146.62627150019964,149.3477325439453,96056.0,146.3662139892578,142.22354583740236,141.61272735595702,65.87628109191752,1.4715248932475617,147.32174682617188,146.11221313476562,144.90267944335938
2023-04-26,147.74509711059818,150.28513017010016,147.74509711059818,149.52915954589844,41703.0,147.4427062988281,143.19117584228516,141.75031280517578,66.13789437863824,1.850287244596359,149.3477325439453,147.32174682617188,146.11221313476562
2023-04-27,150.58750775771918,153.30896874129243,150.40607979389424,151.46441650390625,289013.0,148.7550537109375,144.4309524536133,142.0995666503906,68.87872512538793,2.280331952478832,149.52915954589844,149.3477325439453,147.32174682617188
2023-04-28,152.9158585116698,152.9158585116698,149.49891695548848,151.91798400878906,106061.0,149.91620788574218,146.01544647216798,142.54558410644532,69.5017862292774,2.6274569011810627,151.46441650390625,149.52915954589844,149.3477325439453
2023-05-02,152.31108640035922,155.51636896587465,151.8575095929227,153.12753295898438,148493.0,151.07736511230468,147.60901336669923,143.11860275268555,71.15997905492023,2.965966598884364,151.91798400878906,151.46441650390625,149.52915954589844
2023-05-03,154.24635317031706,157.23996301473946,153.52064131645278,155.12327575683594,361399.0,152.23247375488282,149.29934387207032,143.80048065185548,73.70077284357573,3.3565851140202767,153.12753295898438,151.91798400878906,151.46441650390625
2023-05-04,156.3932863992106,160.8685787385915,155.06280081607565,156.15138244628906,317819.0,153.55691833496093,150.49981231689452,144.4475830078125,74.92626672400607,3.7063877878407823,155.12327575683594,153.12753295898438,151.91798400878906
2023-05-05,156.24210271529222,157.4818812320811,153.308968850795,153.55087280273438,133875.0,153.97420959472657,151.36463165283203,145.3033317565918,66.48691116110695,3.730763611572229,156.15138244628906,155.12327575683594,153.12753295898438
2023-05-08,152.12965750051717,154.21611357017383,151.5551287269429,153.3089599609375,450173.0,154.25240478515624,152.0843063354492,146.14396133422852,65.74504872666378,3.6880477640210927,153.55087280273438,156.15138244628906,155.12327575683594
2023-05-09,153.61133806087884,155.00231337150254,153.15776126164192,154.54873657226562,435404.0,154.5366455078125,152.8070053100586,146.98156661987304,67.73217780107134,3.7114514562847205,153.3089599609375,153.55087280273438,156.15138244628906
2023-05-10,154.5184985596123,156.8771035577975,153.58111384843056,154.82089233398438,209211.0,154.47616882324218,153.3543212890625,147.78893356323243,68.16870946178778,3.7092023704599058,154.54873657226562,153.3089599609375,153.55087280273438
2023-05-11,156.48399447814276,156.7258984112394,155.002312124828,156.3025665283203,113972.0,154.50640563964845,154.0316619873047,148.6114189147949,70.5079302366208,3.7833663857241504,154.82089233398438,154.54873657226562,153.3089599609375
2023-05-12,155.09302811789198,157.99593085062892,154.30684029001398,157.75401306152344,223305.0,155.34703369140624,154.6606216430664,149.54578704833983,72.62984181169097,3.9141417178735765,156.3025665283203,154.82089233398438,154.54873657226562
2023-05-15,158.6006832043669,161.7152448221749,156.2118472353612,156.96780395507812,384652.0,156.07880249023438,155.1656036376953,150.59052505493165,69.7043193888789,3.9092778845092653,157.75401306152344,156.3025665283203,154.82089233398438
2023-05-16,158.63093609305548,160.8685752937965,156.7259078994259,157.93545532226562,133974.0,156.7561462402344,155.64639587402343,151.62770462036133,71.23980478595603,3.9381085755862557,156.96780395507812,157.75401306152344,156.3025665283203
2023-05-17,157.54235785972085,159.7195211201477,155.72805052867636,156.15138244628906,153346.0,157.02224426269532,155.74920654296875,152.52427520751954,64.72617216157045,3.773498789878232,157.93545532226562,156.96780395507812,157.75401306152344
2023-05-18,155.21399111565285,156.87710148445487,153.36943894779918,153.97421264648438,121925.0,156.55657348632812,155.53148956298827,153.0156509399414,57.782898869465065,3.4278508108932044,156.15138244628906,157.93545532226562,156.96780395507812
2023-05-19,153.03681181595405,155.39541674767867,152.2203791007001,155.0325469970703,143240.0,156.0122802734375,155.67965698242188,153.52214431762695,60.02760640768406,3.2024056950867816,153.97421264648438,156.15138244628906,157.93545532226562
2023-05-22,152.4925327418619,154.9720758789002,152.4925327418619,154.45802307128906,97244.0,155.51032409667968,155.79456329345703,153.93943481445314,58.21794171350527,2.943449286115282,155.0325469970703,153.97421264648438,156.15138244628906
2023-05-23,154.2161137852349,160.5359441454306,154.2161137852349,159.3868865966797,150145.0,155.8006103515625,156.27837829589845,154.5426918029785,67.32021113968031,3.10020532343529,154.45802307128906,155.0325469970703,153.97421264648438
2023-05-24,159.35666867342508,160.1126254638592,155.96995789024274,156.12115478515625,139203.0,155.79456481933593,156.4084045410156,154.88136291503906,58.263422095617834,2.927175688810223,159.3868865966797,154.45802307128906,155.0325469970703
2023-05-25,156.12113905807013,156.78637487612932,154.09515900699924,155.939697265625,111704.0,156.18766174316406,156.3721176147461,155.2018898010254,57.79813421739367,2.743777789026751,156.12115478515625,159.3868865966797,154.45802307128906
2023-05-26,156.63518689007452,158.23782116422996,155.78850930631856,156.18161010742188,101879.0,156.41747436523437,156.21487731933593,155.43774948120117,58.276516347128634,2.588119743367912,155.939697265625,156.12115478515625,159.3868865966797
2023-05-29,156.21185494471356,157.17948457684915,155.0023213650606,155.8489990234375,39843.0,156.69566955566407,156.10299682617188,155.6343002319336,57.31452651280121,2.410138114076659,156.18161010742188,155.939697265625,156.12115478515625
2023-05-30,155.48612872435532,156.57472416856487,154.48826802325132,155.33494567871094,55424.0,155.88528137207032,155.84294586181642,155.74467086791992,55.78193426429207,2.2022207517868253,155.8489990234375,156.18161010742188,155.939697265625
2023-05-31,155.45589833171695,159.65904171302293,154.91160060723246,157.93545532226562,239024.0,156.24814147949218,156.02135314941407,155.8852798461914,61.404488793773794,2.2216740634183623,155.33494567871094,155.8489990234375,156.18161010742188
2023-06-01,158.47973075031322,161.68501325516124,157.05852437004944,157.33067321777344,209661.0,156.52633666992188,156.35699920654298,155.94424438476562,59.50933618536946,2.1633523127609067,157.93545532226562,155.33494567871094,155.8489990234375
2023-06-02,157.3609031566507,157.6935279856912,155.69779285351345,156.3025665283203,75689.0,156.55052795410157,156.48400115966797,156.08182907104492,56.32673249207828,2.0109908370157825,157.33067321777344,157.93545532226562,155.33494567871094
2023-06-05,154.85112348550783,156.54447879142117,153.15776817959446,155.15350341796875,159119.0,156.41142883300782,156.55354919433594,156.17405624389647,52.92022374100593,1.777038881836802,156.3025665283203,157.33067321777344,157.93545532226562
2023-06-06,155.00232109425977,159.0542675763611,155.00232109425977,158.6309356689453,205314.0,157.07062683105468,156.4779541015625,156.37816619873047,60.67192636184732,1.8508940380356194,155.15350341796875,156.3025665283203,157.33067321777344
2023-06-07,158.6611622592389,168.36771704597265,158.6611622592389,167.36984252929688,529956.0,158.95750427246094,157.60282287597656,157.0056137084961,72.7946488900408,2.584785730036657,158.6309356689453,155.15350341796875,156.3025665283203
2023-06-08,165.5555299710695,165.5555299710695,160.1730844208952,160.6569061279297,387163.0,159.62275085449218,158.07454376220704,157.22333068847655,58.00377443160115,2.594810952663039,167.36984252929688,158.6309356689453,155.15350341796875
2023-06-09,160.8988152637486,162.32002167615423,158.2075854805967,158.50997924804688,346152.0,160.0642333984375,158.30738067626953,157.26112899780273,54.21006775006613,2.40183015430091,160.6569061279297,167.36984252929688,158.6309356689453
2023-06-12,158.7216507799119,166.37198115244095,158.7216507799119,165.3136444091797,311301.0,162.09626159667968,159.25384521484375,157.6784210205078,62.56582984646734,2.7660056082750657,158.50997924804688,160.6569061279297,167.36984252929688
2023-06-13,166.37197623940662,167.52104769659786,165.01124574505354,165.88816833496094,123681.0,163.5477081298828,160.30916748046874,158.07605667114257,63.176893372530564,3.065637794405177,165.3136444091797,158.50997924804688,160.6569061279297
2023-06-14,165.8579122260465,169.0934258158925,165.3741043542533,166.70458984375,136721.0,163.41465759277344,161.1860809326172,158.6037170410156,64.07435064301168,3.330583954673699,165.88816833496094,165.3136444091797,158.50997924804688
2023-06-15,166.6138870977204,167.64199269393484,165.0414837895968,165.6160125732422,87377.0,164.40647888183594,162.01461486816407,159.18580703735353,61.90780294933632,3.4133694096051386,166.70458984375,165.88816833496094,165.3136444091797
2023-06-16,165.2833994932255,166.28127408871194,163.9831449485311,165.3136444091797,79945.0,165.7672119140625,162.91572265625,159.699861907959,61.287904857096486,3.4152104747731755,165.6160125732422,166.70458984375,165.88816833496094
2023-06-19,164.52742260909395,165.91838404767014,164.0133698371769,165.01123046875,53408.0,165.70672912597655,163.90149536132813,160.22752227783204,60.633959791538864,3.353608938277631,165.3136444091797,165.6160125732422,166.70458984375
2023-06-20,163.9226587312287,165.37411008100156,162.56192828159138,165.07171630859375,137529.0,165.54343872070314,164.54557342529296,160.51176376342772,60.72422654643445,3.271952941771218,165.01123046875,165.3136444091797,165.6160125732422
2023-06-21,165.10196420790805,166.52317066931093,163.7714648062149,165.73696899414062,115664.0,165.34991455078125,164.38228607177734,160.99255447387696,61.76273613484202,3.2237588232212886,165.07171630859375,165.01123046875,165.3136444091797
2023-06-22,163.95290180558905,166.9767426012752,163.71098402196418,166.31149291992188,177721.0,165.4890106201172,164.94774475097657,161.5111442565918,62.68049338527646,3.1950928745824,165.73696899414062,165.07171630859375,165.01123046875
2023-06-23,166.28126701672178,166.31149808932344,160.2638163099732,162.9550323486328,306653.0,165.0172882080078,165.39225006103516,161.84981536865234,54.45705765664754,2.868470642758723,166.31149291992188,165.73696899414062,165.07171630859375
2023-06-26,162.59216770758076,164.7995757297332,161.23143730387304,163.9226531982422,91813.0,164.79957275390626,165.2531509399414,162.25349807739258,56.239484352816675,2.657070037250179,162.9550323486328,166.31149291992188,165.73696899414062
2023-06-27,163.31787774187643,165.91838655298983,160.83833473956872,161.50357055664062,94985.0,164.08594360351563,164.81469116210937,162.56192932128906,50.87838248232976,2.2681875283365116,163.9226531982422,162.9550323486328,166.31149291992188
2023-06-28,162.71312594930723,164.98101004292874,161.05000171927412,162.8038330078125,164308.0,163.49931640625,164.42461547851562,162.80534820556642,53.4471455274209,2.041383849043683,161.50357055664062,163.9226531982422,162.9550323486328
2023-06-30,162.83408102793234,166.2812676844021,162.19907623801942,165.5555419921875,251363.0,163.34812622070314,164.41856842041017,163.21659164428712,58.40454002840083,2.059934573718323,162.8038330078125,161.50357055664062,163.9226531982422
2023-07-03,166.34173927988698,177.43925572121907,164.92053284777205,171.51251220703125,648884.0,165.05962219238282,165.0384552001953,163.97708892822266,66.67736919997117,2.5261934825681465,165.5555419921875,162.8038330078125,161.50357055664062
2023-07-04,171.90561780307212,172.87324744661743,167.36984952330766,168.85153198242188,216663.0,166.04539794921874,165.4224853515625,164.6619903564453,60.85493205330261,2.6504355900164853,171.51251220703125,165.5555419921875,162.8038330078125
2023-07-05,168.851543295099,176.6530707958053,167.21866383657127,175.8366241455078,619916.0,168.9120086669922,166.4989761352539,165.52227478027345,68.60495001074504,3.274787207551043,168.85153198242188,171.51251220703125,165.5555419921875
2023-07-06,174.2642213677096,185.66411795804817,174.2642213677096,182.7612152099609,842348.0,172.9034851074219,168.20140075683594,166.29184341430664,74.08290700380071,4.279021098709109,175.8366241455078,168.85153198242188,171.51251220703125
2023-07-07,182.64025606477267,186.2083945306396,181.15857367639785,184.9383850097656,464417.0,176.78005371093747,170.0640899658203,167.50591735839845,75.52867239491249,5.1907276231198125,182.7612152099609,175.8366241455078,168.85153198242188
2023-07-10,185.08958269573185,185.66412535899005,177.9835501151177,180.25143432617188,171910.0,178.5278381347656,171.79373016357422,168.59299011230468,66.87927485120045,5.471986211666376,184.9383850097656,182.7612152099609,175.8366241455078
2023-07-11,179.88857236468988,181.34000990591528,177.86259217944792,178.58831787109375,175282.0,180.47519531249998,173.2602966308594,169.2567237854004,64.07525359577306,5.497316428935477,180.25143432617188,184.9383850097656,182.7612152099609
2023-07-12,178.10449449474262,179.01164814045788,175.68542733421265,176.1692352294922,171692.0,180.54171752929685,174.72686309814452,169.77077713012696,60.12642864211071,5.261539306623263,178.58831787109375,180.25143432617188,184.9383850097656
2023-07-13,177.13686863240594,177.52996947672062,172.35919635449895,173.35707092285156,156907.0,178.660888671875,175.78218688964844,170.10340118408203,55.81977173446703,4.792520883693669,176.1692352294922,178.58831787109375,180.25143432617188
2023-07-14,173.44776281641236,175.62493972731875,171.63345564502296,173.68966674804688,86600.0,176.41114501953126,176.59559936523436,170.50708389282227,56.219182273720946,4.396972545417469,173.35707092285156,176.1692352294922,178.58831787109375
2023-07-17,174.20372248812018,178.3766345901497,174.20372248812018,178.01377868652344,92666.0,175.96361389160157,177.2457260131836,171.14209060668946,61.13820912509599,4.3819054544480025,173.68966674804688,173.35707092285156,176.1692352294922
2023-07-18,178.43712677933317,180.28167906211505,175.20161289759452,175.74591064453125,366908.0,175.39513244628907,177.93516387939454,171.6788246154785,57.489893802705055,4.139251958692512,178.01377868652344,173.68966674804688,173.35707092285156
2023-07-19,174.5061255936741,180.493331376481,174.5061255936741,179.97927856445312,222696.0,176.15714111328126,178.34942932128905,172.4242027282715,62.04315605635802,4.239672421912701,175.74591064453125,178.01377868652344,173.68966674804688
2023-07-20,180.4933334180443,184.787197766429,180.40262635728763,181.702880859375,167012.0,177.82630310058593,178.24359588623048,173.2224983215332,63.745802606415786,4.407529407541517,179.97927856445312,175.74591064453125,178.01377868652344
2023-07-21,178.43711403102827,184.27313656750695,178.43711403102827,182.30763244628903,174359.0,179.54989624023438,177.98052062988282,174.02230529785157,64.3500543563627,4.537055327345911,181.702880859375,179.97927856445312,175.74591064453125
2023-07-24,180.85619883932287,184.1521885456811,180.85619883932287,181.9145355224609,76787.0,180.33004760742188,178.1468307495117,174.97028045654298,63.60792744773786,4.5554732554645625,182.30763244628903,181.702880859375,179.97927856445312
2023-07-25,179.9792728139013,183.6986081956771,179.9792728139013,181.61215209960935,68021.0,181.5032958984375,178.44921417236327,175.85475540161133,63.00598621756048,4.493867276464357,181.9145355224609,182.30763244628903,181.702880859375
2023-07-26,181.61214876410557,187.38769522222023,180.85619204141196,182.5193023681641,328221.0,182.01130065917968,179.08422088623047,176.9055419921875,64.10347770424207,4.4667535846940325,181.61215209960935,181.9145355224609,182.30763244628903
2023-07-27,183.2450246056838,184.9081349014496,175.08064232127214,175.776123046875,330116.0,180.8259490966797,179.3261260986328,177.5541564941406,51.80133370029898,3.856690050301694,182.5193023681641,181.61215209960935,181.9145355224609
2023-07-28,177.62068759434962,177.62068759434962,167.9141462992413,169.032958984375,337917.0,178.17101440429687,178.86045532226564,177.72802734375,42.929070769016,2.796852939449593,175.776123046875,182.5193023681641,181.61215209960935
2023-07-31,169.63771957983343,172.66156023461446,167.21863875076954,170.7565460205078,577070.0,175.93941650390624,178.13473205566407,177.69022903442382,45.49860979767275,2.0721173832375825,169.032958984375,175.776123046875,182.5193023681641
2023-08-01,170.81702811697625,173.56872002764078,169.48652876864696,172.41966247558594,182774.0,174.10091857910157,177.80210723876954,177.86863555908204,47.934536085166876,1.6133610107331435,170.7565460205078,169.032958984375,175.776123046875
2023-08-02,171.78466518377792,172.66157392161347,165.73696955274585,167.12794494628906,348563.0,171.02264709472655,176.51697387695313,177.4332015991211,41.5683665833358,0.8134193090180872,172.41966247558594,170.7565460205078,169.032958984375
2023-08-03,167.52104052556024,168.00484840929565,162.22930182377644,163.52955627441406,437379.0,168.57333374023438,174.69964141845702,176.47161865234375,37.883854928252525,-0.1096363263671094,167.12794494628906,172.41966247558594,170.7565460205078
2023-08-04,166.1603311635559,166.1603311635559,161.05001977003252,161.3826446533203,347067.0,167.04327087402345,172.60714263916014,175.2938316345215,35.84255546868991,-1.0028422517690387,163.52955627441406,167.12794494628906,172.41966247558594
2023-08-07,161.65476941343132,162.6828749853652,159.08450548359667,162.01763916015625,255251.0,165.2954895019531,170.6174530029297,174.38214187622071,36.9251094123939,-1.640564229794819,161.3826446533203,163.52955627441406,167.12794494628906
2023-08-08,162.10836293154568,163.40861748708625,158.75189702010542,160.26382446289062,326694.0,162.86432189941405,168.4826202392578,173.46591720581054,35.16047152212573,-2.2614135134454045,162.01763916015625,161.3826446533203,163.52955627441406
2023-08-09,161.9873921686975,161.9873921686975,159.17521049643932,161.17095947265625,151312.0,161.6729248046875,166.34778594970703,172.71600341796875,36.841739253730516,-2.649698751840532,160.26382446289062,162.01763916015625,161.3826446533203
2023-08-10,161.32215129669638,163.07598259303813,159.71951688795747,160.20333862304688,219111.0,161.00768127441407,164.7905075073242,172.0583168029785,35.77610526940052,-3.000903963636432,161.17095947265625,160.26382446289062,162.01763916015625
2023-08-11,160.9895295143173,163.01550971009067,160.05214478270452,161.20120239257812,181375.0,160.9713928222656,164.00733184814453,171.43389358520508,37.77497163899689,-3.1622647381163347,160.20333862304688,161.17095947265625,160.26382446289062
2023-08-14,160.86856649796556,161.08023936169874,158.57045143594345,159.23568725585938,75481.0,160.41500244140624,162.8552459716797,170.49498901367187,35.435511500147825,-3.4094430226110433,161.20120239257812,160.20333862304688,161.17095947265625
2023-08-16,159.23569947258062,161.05000680476843,157.72378592380176,158.2378387451172,112949.0,160.00980529785156,161.43706359863282,169.61958541870118,34.27496789294098,-3.643847622173354,159.23568725585938,161.20120239257812,160.20333862304688
2023-08-17,158.66117066299668,159.59856924425804,157.48188197072776,158.2378387451172,140945.0,159.42318115234374,160.5480529785156,168.5325134277344,34.27496789294099,-3.7859726204381445,158.2378387451172,159.23568725585938,161.20120239257812
2023-08-18,158.23783183976357,159.5078413800464,157.0887742707395,157.96568298339844,256889.0,158.97565002441405,159.99166564941407,167.34565353393555,33.923532006276474,-3.8758895588119344,158.2378387451172,158.2378387451172,159.23568725585938
2023-08-21,156.78637259430354,158.5402037732473,156.78637259430354,157.54234313964844,134664.0,158.24387817382814,159.60763549804688,166.1073890686035,33.3506960785204,-3.9359383207564917,157.96568298339844,158.2378387451172,158.2378387451172
2023-08-22,158.57047247917475,158.84262136265244,156.81664103706743,157.2702178955078,181235.0,157.8507843017578,159.13289337158204,164.87517318725585,32.96534973451426,-3.959839070293981,157.54234313964844,157.96568298339844,158.2378387451172
2023-08-23,158.99379101098347,158.99379101098347,156.81662781092163,157.23995971679688,105185.0,157.65120849609374,158.83050689697265,163.65656356811525,32.91980248078946,-3.9358521154379957,157.2702178955078,157.54234313964844,157.96568298339844
2023-08-24,157.2702067826409,161.17097025800996,157.2702067826409,160.173095703125,250567.0,158.03825988769532,158.73072052001953,162.53925323486328,41.37564156501143,-3.6382235437447434,157.23995971679688,157.2702178955078,157.54234313964844
2023-08-25,160.26380552134813,162.0478677887992,157.6330518049887,158.20758056640625,203717.0,158.08663940429688,158.53114471435546,161.66082611083985,37.925604458358634,-3.520370758666388,160.173095703125,157.23995971679688,157.2702178955078
2023-08-28,157.63304955023295,160.71738001749537,157.63304955023295,159.8102264404297,226043.0,158.54021606445312,158.3920471191406,161.19968948364257,42.160560995868195,-3.2600713757493622,158.20758056640625,160.173095703125,157.23995971679688
2023-08-29,159.3868802510688,161.29190829410376,159.20545230460476,159.6287841796875,92561.0,159.01192932128907,158.43135681152344,160.64330139160157,41.81275997229157,-3.03345532872828,159.8102264404297,158.20758056640625,160.173095703125
2023-08-30,158.41925854698178,158.41925854698178,155.42564883471172,155.72804260253906,412515.0,158.7095458984375,158.1803771972656,159.80872039794923,35.10747183238746,-3.1325081205073104,159.6287841796875,159.8102264404297,158.20758056640625
2023-08-31,155.93971534821372,155.93971534821372,149.2570145854836,150.0129852294922,327290.0,156.67752380371093,157.35789184570314,158.95297241210938,28.0181308237794,-3.630317498577199,155.72804260253906,159.6287841796875,159.8102264404297
2023-09-01,150.13393188168965,151.7063352623027,149.015105334556,151.28298950195312,204521.0,155.2926055908203,156.6896224975586,158.34064407348632,31.336331041527814,-3.877657069363522,150.0129852294922,155.72804260253906,159.6287841796875
2023-09-04,151.52488034710782,153.39967734923275,150.49677479243624,153.00657653808594,141695.0,153.93187561035157,156.23604583740234,157.9218406677246,35.67046752200437,-3.889757686677086,151.28298950195312,150.0129852294922,155.72804260253906
2023-09-05,153.18802079083,156.39328976216336,152.82515101157838,154.03469848632812,184535.0,152.81305847167968,155.91249389648436,157.5226936340332,38.17726853493418,-3.7728950783116773,153.00657653808594,151.28298950195312,150.0129852294922
2023-09-06,153.30897276989162,154.27660244445138,151.19228545217968,154.03469848632812,274814.0,152.4743896484375,155.5919677734375,157.21123733520508,38.17726853493418,-3.63834009935519,154.03469848632812,153.00657653808594,151.28298950195312
2023-09-07,154.42778499379136,155.93969843367975,152.7344297600988,153.85325622558594,258407.0,153.24244384765626,154.9599838256836,156.84535217285156,37.8751847521189,-3.5059309930598204,154.03469848632812,154.03469848632812,153.00657653808594
2023-09-08,154.39752896493076,159.14496949166204,153.4903754294822,157.4516143798828,620804.0,154.47616882324218,154.88438720703124,156.70776596069337,46.85620622964342,-3.0751895214820877,153.85325622558594,154.03469848632812,154.03469848632812
2023-09-11,158.96355532079417,162.53169379206534,157.42138310331276,160.77786254882812,315518.0,156.03042602539062,154.98115081787108,156.68659896850585,53.5420417515675,-2.4373273804556845,157.4516143798828,153.85325622558594,154.03469848632812
2023-09-12,162.38049699407907,162.6828769182212,151.8272784577635,152.2506103515625,560222.0,155.6736083984375,154.2433334350586,156.33734512329102,39.73936776808348,-2.5900386716789114,160.77786254882812,157.4516143798828,153.85325622558594
2023-09-13,152.70417948671033,154.76040439376587,150.73868931543728,153.91372680664062,200630.0,155.6494140625,154.06190185546876,156.1211395263672,42.83464425440322,-2.547497901472326,152.2506103515625,160.77786254882812,157.4516143798828
2023-09-14,154.9418425288183,156.84685684358377,154.0951648860117,156.39328002929688,86077.0,156.15741882324218,154.6999313354492,156.02891159057617,47.18994215054244,-2.2873378056117133,153.91372680664062,152.2506103515625,160.77786254882812
2023-09-15,156.03043126523102,156.03043126523102,151.79704285719097,152.67396545410156,439131.0,155.20188903808594,154.83902893066406,155.76432571411132,42.01862734333849,-2.3541396019688534,156.39328002929688,153.91372680664062,152.2506103515625
2023-09-18,152.64372455203258,157.965694735758,152.09944064087443,155.5768585205078,547076.0,154.16168823242188,155.09605712890624,155.6660514831543,46.90882773160847,-2.1480795727123336,152.67396545410156,156.39328002929688,153.91372680664062
2023-09-20,153.58110519694168,156.6654218589165,152.73442759211355,155.78851318359375,412839.0,154.86926879882813,155.2714385986328,155.5919662475586,47.258109040692524,-1.9452728578895346,155.5768585205078,152.67396545410156,156.39328002929688
2023-09-21,155.4558922318622,160.86856898155654,155.24421936486107,159.3868865966797,457628.0,155.96390075683593,155.80665740966796,155.69931259155274,52.92804715602168,-1.4771606254843164,155.78851318359375,155.5768585205078,152.67396545410156
2023-09-22,157.93545486386907,160.8685748268868,157.39115714096437,157.75401306152344,298639.0,156.23604736328124,156.1967330932617,155.57835845947267,50.286230301264474,-1.2238300060284644,159.3868865966797,155.78851318359375,155.5768585205078
2023-09-25,157.39115119559744,158.2680598915235,154.97207029038486,157.30043029785156,127235.0,157.16134033203124,156.1816146850586,155.53300094604492,49.546424334150075,-1.0475880601833012,157.75401306152344,159.3868865966797,155.78851318359375
2023-09-26,155.93969988405678,159.4776072651626,155.93969988405678,157.30043029785156,99104.0,157.5060546875,155.83387145996093,155.40751113891602,49.54642433415007,-0.8975684381087774,157.30043029785156,157.75401306152344,159.3868865966797
2023-09-27,156.12114584165803,157.179482519225,152.94610812482532,155.0023193359375,272696.0,157.34881591796875,156.10904235839843,155.17618789672852,45.6040656872536,-0.9531280879967028,157.30043029785156,157.30043029785156,157.75401306152344
2023-09-28,153.97421240121216,155.39541882510252,150.61773291302504,151.01083374023438,370537.0,155.6736053466797,155.81875305175782,154.9403274536133,39.6960769694574,-1.3042049770191397,155.0023193359375,157.30043029785156,157.30043029785156
2023-09-29,151.52488780132563,155.84899693666367,151.52488780132563,154.12539672851562,240602.0,154.94788208007813,155.5919647216797,155.14594802856445,45.616472279055515,-1.3159473157690798,151.01083374023438,155.0023193359375,157.30043029785156
2023-10-03,154.51849204862802,156.66542408270018,153.39967942520633,153.85325622558594,169792.0,154.258447265625,155.70989379882812,155.2744613647461,45.19891705876938,-1.3318598171228757,154.12539672851562,151.01083374023438,155.0023193359375
2023-10-04,153.88348850130765,154.21611333646564,149.46867243077264,151.22250366210938,139058.0,153.04286193847656,155.2744583129883,155.18525772094728,41.26648521545043,-1.5390095902885434,153.85325622558594,154.12539672851562,151.01083374023438
2023-10-05,154.2765974616108,157.60283214664148,152.52276613772915,153.39968872070312,426075.0,152.7223358154297,155.03557586669922,155.15350723266602,45.49302789129369,-1.510089270114122,151.22250366210938,153.85325622558594,154.12539672851562
2023-10-06,155.18375131212113,156.81663066289718,153.03681914525745,155.81875610351562,343146.0,153.68392028808594,154.67876281738282,155.2427101135254,49.81434528364402,-1.277247868840135,153.39968872070312,151.22250366210938,153.85325622558594
2023-10-09,153.5206337170908,153.5206337170908,150.67822090395774,152.2506103515625,123390.0,153.3089630126953,154.12842254638673,155.1625778198242,44.24268205071642,-1.3649051458457393,155.81875610351562,153.39968872070312,151.22250366210938
2023-10-10,151.8575095291449,153.9137345395084,151.8575095291449,152.2506103515625,102255.0,152.98843383789062,153.62344055175782,154.90252761840821,44.24268205071643,-1.4180280250285477,152.2506103515625,155.81875610351562,153.39968872070312
2023-10-11,154.12540949111917,154.4580343630784,152.6437269466223,153.6416015625,126270.0,153.47225341796874,153.25755767822267,154.54571456909179,46.92653690488187,-1.332526389042556,152.2506103515625,152.2506103515625,155.81875610351562
2023-10-12,155.36516802447295,158.38902255644194,154.63944238311777,156.3025665283203,272246.0,154.05282897949218,153.38758239746093,154.7483123779297,51.71472611117696,-1.0380817323608085,153.6416015625,152.2506103515625,152.2506103515625
2023-10-13,156.30256491525603,157.11899760206407,154.79063766487482,155.093017578125,122700.0,153.90768127441407,153.79580078125,154.8072769165039,49.52742486696858,-0.8920497183680709,156.3025665283203,153.6416015625,152.2506103515625
2023-10-16,154.00444187491982,156.30257082876338,152.09942758627218,155.2139892578125,199850.0,154.50035705566407,153.9046600341797,154.7483123779297,49.756311709960734,-0.7578212005540479,155.093017578125,156.3025665283203,153.6416015625
2023-10-17,154.48825434273994,161.17095409359936,154.48825434273994,158.44949340820312,233636.0,155.7401336669922,154.3642837524414,155.03708877563477,55.56092521601951,-0.38591737316937724,155.2139892578125,155.093017578125,156.3025665283203
2023-10-18,158.29830707621758,159.02403274240137,154.8813654570984,155.36517333984375,216276.0,156.08484802246093,154.77855072021484,155.02650451660156,49.66994412640627,-0.33618443838480516,158.44949340820312,155.2139892578125,155.093017578125
2023-10-19,154.5789791655741,158.72164665126516,153.85326730635214,158.2378387451172,158158.0,156.4719024658203,155.26236572265626,155.14897079467772,54.507925472640395,-0.06423023278091478,155.36517333984375,158.44949340820312,155.2139892578125
2023-10-20,157.87495498158228,157.87495498158228,151.6458456895907,152.82513427734375,196282.0,156.01832580566406,154.96300354003907,154.82088317871094,45.61133644657095,-0.2822114225970722,158.2378387451172,155.36517333984375,158.44949340820312
2023-10-23,153.03682129480737,153.12754219859497,149.86178345117207,150.58750915527344,197339.0,155.09302978515626,154.79669342041015,154.46255798339843,42.52153543426438,-0.6282783312210825,152.82513427734375,158.2378387451172,155.36517333984375
2023-10-25,151.1922897950834,152.82515540138516,147.59390602533836,148.77320861816406,92395.0,153.15777282714845,154.4489532470703,154.03619689941405,40.146800006640426,-1.036984033744659,150.58750915527344,152.82513427734375,158.2378387451172
2023-10-26,148.50104526001903,148.50104526001903,144.69100281328608,146.50531005859375,150908.0,151.38580017089845,153.73532409667968,153.49644088745117,37.33958991537662,-1.526292557183325,148.77320861816406,150.58750915527344,152.82513427734375
2023-10-27,146.53553336604978,148.77318623246876,146.1726774730405,147.29150390625,119078.0,149.196533203125,152.83421783447267,153.11090011596679,38.933692769454304,-1.8295439702389444,146.50531005859375,148.77320861816406,150.58750915527344
2023-10-30,149.3477295692816,149.7408304127974,146.1726917481511,148.68247985839844,209207.0,148.36800231933594,152.1931640625,152.994482421875,41.756896871556144,-1.935323560122697,147.29150390625,146.50531005859375,148.77320861816406
2023-10-31,148.4708169572898,150.76893212843677,148.3196200700058,149.95249938964844,58640.0,148.24100036621093,151.6670150756836,152.78583755493165,44.289421891639435,-1.8948322384775054,148.68247985839844,147.29150390625,146.50531005859375
2023-11-01,150.76892063922045,153.9439581357711,150.76892063922045,152.34132385253906,216327.0,148.95462341308593,151.0561981201172,152.7102409362793,48.79909819989052,-1.6509532431291234,149.95249938964844,148.68247985839844,147.29150390625
2023-11-02,153.09730671930654,156.33282075086234,152.85540275038542,154.30685424804688,116856.0,150.51493225097656,150.9503662109375,152.86445846557618,52.225837001495236,-1.284271226697399,152.34132385253906,149.95249938964844,148.68247985839844
2023-11-03,155.00232872951915,157.14926097090597,154.2161270206676,155.75828552246094,96370.0,152.20828857421876,150.70241088867186,152.98238830566407,54.64005934754275,-0.8665654856457934,154.30685424804688,152.34132385253906,149.95249938964844
2023-11-06,156.66542906886298,160.17309161571168,156.45375619739818,158.479736328125,375851.0,154.16773986816406,151.26787109375,153.11543731689454,58.84004462953131,-0.31233197199804863,155.75828552246094,154.30685424804688,152.34132385253906
2023-11-07,158.6006914994523,169.3353522280271,157.3609130016695,168.51890563964844,1091639.0,157.88102111816406,153.0610107421875,153.92885208129883,69.90876241174315,0.9263013182121824,158.479736328125,155.75828552246094,154.30685424804688
2023-11-08,170.24251229715682,182.79146695285056,170.24251229715682,180.9469146728516,2667538.0,163.60213928222657,156.27838134765625,155.3636672973633,77.84995188340696,2.877592493325153,168.51890563964844,158.479736328125,155.75828552246094
2023-11-09,181.15857514417533,184.15218485856516,178.73949421017227,180.40261840820312,465800.0,168.8212921142578,159.6681121826172,156.70171813964845,76.89286790826324,4.330169153645954,180.9469146728516,168.51890563964844,158.479736328125
2023-11-10,179.19307304958355,183.09383642814365,178.7999860623962,181.24929809570312,191690.0,173.91949462890625,163.0638916015625,157.94905471801758,77.35915437413607,5.486422533200454,180.40261840820312,180.9469146728516,168.51890563964844
2023-11-13,182.51932500011853,184.1824355330924,178.5883301757862,183.30552673339844,289912.0,178.88465270996093,166.5261962890625,159.35968017578125,78.49416522611743,6.493825356847651,181.24929809570312,180.40261840820312,180.9469146728516
2023-11-15,183.36598369214187,190.29058783072583,182.61002695417767,189.7765350341797,575972.0,183.13617858886718,170.50859985351562,161.08780746459962,81.61736872986685,7.725303155985728,183.30552673339844,181.24929809570312,180.40261840820312
2023-11-16,190.50225961384132,197.57806059648289,189.7765339516612,193.6168212890625,717746.0,185.67015991210937,174.63614959716796,162.84617385864257,83.17865000051928,8.90844616816733,189.7765350341797,183.30552673339844,181.24929809570312
2023-11-17,194.76589759915717,202.20455520807997,186.6015142581784,187.3272399902344,798715.0,187.05508422851562,177.9381881713867,164.44427719116212,72.34174480898305,9.232156331443889,193.6168212890625,189.7765350341797,183.30552673339844
2023-11-20,187.50865851397057,188.6879610388768,184.69649047680403,185.69435119628903,240300.0,187.9440948486328,180.93179473876953,165.8171028137207,69.79922941386803,9.250306711343683,187.3272399902344,193.6168212890625,189.7765350341797
2023-11-21,187.0853285279568,187.0853285279568,181.6121616035691,184.4545745849609,245421.0,188.1739044189453,183.52927856445314,167.39857482910156,67.84941955298814,9.060210935018546,185.69435119628903,187.3272399902344,193.6168212890625
2023-11-22,186.1176914056137,190.26035873470988,182.85193279429637,184.5452880859375,839531.0,187.12765502929688,185.13191680908204,169.09646377563476,67.92003321216626,8.815261635297333,184.4545745849609,185.69435119628903,187.3272399902344
2023-11-23,185.69435049272164,199.30165532377697,185.0895767750971,197.33615112304688,730394.0,187.87152099609375,186.77084045410157,171.5246109008789,75.9432628921913,9.543244715281787,184.5452880859375,184.4545745849609,185.69435119628903
2023-11-24,197.3059117429071,197.3059117429071,190.50225961384132,193.6168212890625,610646.0,189.1294372558594,188.0922607421875,173.88018646240235,70.42748201535808,9.708148227484173,197.33615112304688,184.5452880859375,184.4545745849609
2023-11-28,197.94091460117463,208.46390199632907,196.91280902384327,207.3753204345703,2138835.0,193.46563110351562,190.70486297607422,176.88437728881837,77.0638365328501,10.824256059449766,193.6168212890625,197.33615112304688,184.5452880859375
2023-11-29,205.5610225309193,212.24370908634404,203.89789827865116,207.25436401367188,1069952.0,198.0255889892578,193.09974670410156,179.81297149658204,76.9004513336001,11.565697226878797,207.3753204345703,193.6168212890625,197.33615112304688
2023-11-30,207.07291875830967,211.36678269891848,203.5652564272826,210.0665283203125,689615.0,203.1298370361328,195.12874603271484,182.81867294311525,78.0648434892533,12.239127804432627,207.25436401367188,207.3753204345703,193.6168212890625
2023-12-01,212.2437011650132,215.35826283512324,208.0405579244522,208.91748046875,469744.0,205.44610290527345,196.6588119506836,185.6474807739258,76.37087377008162,12.535605176984859,210.0665283203125,207.25436401367188,207.3753204345703
2023-12-04,214.6930261476789,229.4493878801832,214.6930261476789,227.695556640625,1988857.0,212.26184997558593,200.69564361572264,189.3169158935547,82.9009668138961,14.122998309624222,208.91748046875,210.0665283203125,207.25436401367188
2023-12-05,228.90509442074256,236.6159141087616,226.39530640523816,230.59844970703125,1142204.0,216.90647583007814,205.18605346679686,193.0589241027832,83.65306189824972,15.437306355483798,227.695556640625,208.91748046875,210.0665283203125
2023-12-06,232.4127694906005,235.76922128817276,226.60697799305632,232.35227966308597,461839.0,221.92605895996093,209.97582397460937,196.75255126953124,84.10786617254361,16.431017825452415,230.59844970703125,227.695556640625,208.91748046875
2023-12-07,236.97876909764489,239.48855710334368,231.17297758990009,231.65679931640625,684382.0,226.24411315917968,214.68697509765624,199.90944595336913,83.1202751055804,16.966838717852795,232.35227966308597,230.59844970703125,227.695556640625
2023-12-08,232.23133529100224,234.0456425979632,225.82078372921129,228.2700958251953,427017.0,230.11463623046876,217.7803695678711,202.27560501098634,78.2988762137484,16.92312274288065,231.65679931640625,232.35227966308597,230.59844970703125
2023-12-11,229.81225923799397,231.082282685574,216.8097278709152,218.3216552734375,618348.0,228.23985595703124,220.2508529663086,204.17155685424805,66.15892246817941,15.902408442202358,228.2700958251953,231.65679931640625,232.35227966308597
2023-12-12,218.89616905044676,223.64359612936505,215.17683370940856,215.872314453125,628122.0,225.29462890625,221.10055236816407,205.90270767211913,63.5465657322012,14.726090466635185,218.3216552734375,228.2700958251953,231.65679931640625
2023-12-13,220.196417481003,228.0584059988184,219.2892638949424,226.72792053222656,1148802.0,224.1697570800781,223.04790802001952,208.07382736206054,69.32732910765321,14.502629398450892,215.872314453125,218.3216552734375,228.2700958251953
2023-12-14,229.8122482787581,230.5379739510432,223.37146581213415,227.81651306152344,1349787.0,223.40169982910157,224.82290649414062,209.97582626342773,69.84376897687517,14.249120223168376,226.72792053222656,215.872314453125,218.3216552734375
2023-12-15,206.86125814789887,237.43234646920072,206.86125814789887,232.1708526611328,1455589.0,224.18185119628907,227.14824371337892,211.90352783203124,71.88305406877514,14.235473512894004,227.81651306152344,226.72792053222656,215.872314453125
2023-12-18,232.38250298878995,233.86418534599517,228.6027055770021,229.4796142578125,242655.0,226.41344299316407,227.32664947509767,214.01114654541016,68.78690945294474,13.847868342894003,232.1708526611328,227.81651306152344,226.72792053222656
2023-12-19,230.5379668102696,232.83608188557957,227.6653091240667,230.3262939453125,277678.0,229.30423889160156,227.29943389892577,216.24274368286132,69.23585250505081,13.45392001277557,229.4796142578125,232.1708526611328,227.81651306152344
2023-12-20,232.23133268524745,232.68490950689832,219.86380652717577,220.83143615722656,1182580.0,228.12494201660155,226.14734954833983,218.06158676147462,58.98922035134178,12.234525457504674,230.3262939453125,229.4796142578125,232.1708526611328
2023-12-21,216.74924193873787,228.60271513399232,216.74924193873787,227.12103271484372,556160.0,227.98584594726563,225.6937728881836,220.19037399291992,62.90554025355355,11.641468759737648,220.83143615722656,230.3262939453125,229.4796142578125
2023-12-22,226.7883969963561,227.0303009286015,220.0754659820901,223.25050354003903,867392.0,226.20177612304687,225.19181365966796,221.48609161376953,59.16141047742875,10.735396726064096,227.12103271484372,220.83143615722656,230.3262939453125
2023-12-26,223.85527549417003,237.1299552050093,221.85954026093043,232.32205200195312,912987.0,226.770263671875,226.59185333251952,223.42135314941407,64.49529563428945,10.626826813725387,223.25050354003903,227.12103271484372,220.83143615722656
2023-12-27,232.83607700194207,234.13634523536865,227.9072221217889,230.90081787109372,430869.0,226.88516845703126,228.0947036743164,224.59762802124024,63.10469167152636,10.307286674659508,232.32205200195312,223.25050354003903,227.12103271484372
2023-12-28,233.7130247396727,257.299020435949,231.2032365811585,252.6725311279297,2393032.0,233.25338745117188,230.6891647338867,226.86853637695313,72.7851024951064,11.676247604145743,230.90081787109372,232.32205200195312,223.25050354003903
2023-12-29,241.60526444663589,248.0158021356253,240.30499611801068,241.1516876220703,1528847.0,236.05951843261718,232.0226821899414,228.42279434204102,63.317827260677994,11.696691042972134,252.6725311279297,230.90081787109372,232.32205200195312
2024-01-01,245.9595945132272,245.9595945132272,240.90978722352145,241.78668212890625,362512.0,239.76675415039062,232.98426513671876,230.06625442504884,63.59886703024569,11.630067190256398,241.1516876220703,252.6725311279297,230.90081787109372
2024-01-02,243.0869260719459,248.4391266065272,237.73472553736457,247.10862731933597,791899.0,242.72406921386718,234.7471664428711,231.0369079589844,65.95323172438735,11.869875273088809,241.78668212890625,241.1516876220703,252.6725311279297
2024-01-03,247.3505605865301,256.149962346741,245.2641181984223,255.12185668945312,663560.0,247.56827697753906,237.22672271728516,232.26307830810546,69.18501787511042,12.561721837333351,247.10862731933597,241.78668212890625,241.1516876220703
2024-01-04,252.79346866239305,252.8539584902408,249.16485414721933,251.28155517578125,521927.0,247.2900817871094,240.27173461914063,233.20954208374025,65.95392246269907,12.654264502390674,255.12185668945312,247.10862731933597,241.78668212890625
2024-01-05,251.5839379267693,258.2363791237736,251.5839379267693,253.8518218994141,1085053.0,249.83010864257812,242.94481353759767,234.3192932128906,67.06264777534858,12.787596819037162,251.28155517578125,255.12185668945312,247.10862731933597
2024-01-08,256.1499751938508,264.94937739539256,255.51495651302972,259.4761962890625,880979.0,253.36801147460938,246.5673828125,235.87959823608398,69.41019480740893,13.194999903686124,253.8518218994141,251.28155517578125,255.12185668945312
2024-01-09,264.67719294643666,266.88461492649617,260.68572242292146,265.64483642578125,433028.0,257.07525329589845,249.8996612548828,238.24575729370116,71.78539131399523,13.855905238420718,259.4761962890625,253.8518218994141,251.28155517578125
2024-01-10,263.9514797465951,263.9514797465951,257.45019349828624,260.4438171386719,372850.0,258.1396453857422,252.8539611816406,240.4743324279785,67.0576380891955,13.80091038388872,265.64483642578125,259.4761962890625,253.8518218994141
2024-01-11,263.34669190228385,270.48296908401863,262.34884504072454,269.3036804199219,425570.0,261.7440704345703,254.51707611083984,242.60312042236328,70.6087183718971,14.307317635578585,260.4438171386719,265.64483642578125,259.4761962890625
2024-01-12,270.42246701567376,274.1720330134486,265.1912187963641,272.20654296875,903416.0,265.4150146484375,257.6225616455078,244.8226219177246,71.685669963164,14.772596481845227,269.3036804199219,260.4438171386719,265.64483642578125
2024-01-15,273.3556260947884,274.3232418321018,269.2129450880557,271.9041748046875,331413.0,267.9006103515625,260.6343109130859,246.80928802490234,71.39222756386971,14.9446619752988,272.20654296875,269.3036804199219,260.4438171386719
2024-01-16,271.9041917318185,277.800690471578,271.0272691521882,273.7789611816406,1485491.0,269.5274353027344,263.3013442993164,249.02425537109374,72.15336596445165,15.058717192829363,271.9041748046875,272.20654296875,269.3036804199219
2024-01-17,272.2065823435573,277.3471104185715,269.84797733826883,271.5715637207031,485485.0,271.75298461914065,264.9463150024414,251.08651885986328,69.79864203592611,14.800378694662214,273.7789611816406,271.9041748046875,272.20654296875
2024-01-18,271.2389585780755,279.2823899645727,265.9169883144352,274.988525390625,424556.0,272.88995361328125,267.31701202392577,253.79437332153321,71.35692830250387,14.701889592050264,271.5715637207031,273.7789611816406,271.9041748046875
2024-01-19,277.589000579159,283.2133639521276,274.0208760182086,281.6409606933594,523163.0,274.77683715820314,270.09592590332034,256.520369720459,74.15304559203635,14.987861463531942,274.988525390625,271.5715637207031,273.7789611816406
2024-01-23,289.4122486904913,289.4122486904913,264.163156936477,266.3100891113281,1148850.0,273.65802001953125,270.77931518554686,258.67334899902346,59.69138082880029,13.818136148735505,281.6409606933594,274.988525390625,271.5715637207031
2024-01-24,266.8543558058326,276.1980549993679,266.7938936607805,273.6277770996094,848210.0,273.627783203125,271.5776092529297,260.73863525390624,63.364101272507106,13.327960244199687,266.3100891113281,281.6409606933594,274.988525390625
2024-01-25,275.38161180268327,276.4701795295058,252.18870480814093,260.201904296875,8909600.0,271.3538513183594,271.55341796875,262.2036895751953,53.69705603346482,11.72102391029452,273.6277770996094,266.3100891113281,281.6409606933594
2024-01-29,263.044319534558,277.3773357008302,260.3530897378754,273.5370483398437,721941.0,271.0635559082031,271.9767547607422,263.24691543579104,60.19309665597772,11.392227459405717,260.201904296875,273.6277770996094,266.3100891113281
2024-01-30,276.2888062301881,293.61542067773144,274.92807560755574,285.2696228027344,1572707.0,271.78928833007814,273.28306274414064,265.4528121948242,64.86373283978179,11.9407293144738,273.5370483398437,260.201904296875,273.6277770996094
2024-01-31,287.2350893298113,288.77726164674766,278.3449944127736,280.1593017578125,593647.0,274.559130859375,274.10857543945315,267.3714431762695,61.480037023903456,11.826729609710299,285.2696228027344,273.5370483398437,260.201904296875
2024-02-01,283.3040997768045,284.4229264055257,275.8956868511125,281.6712341308594,394891.0,276.167822265625,274.897802734375,269.0995735168457,62.10981143088228,11.72324604616756,280.1593017578125,285.2696228027344,273.5370483398437
2024-02-02,287.23508621879904,302.83814029079247,284.9369709890758,295.82281494140625,1012211.0,283.29200439453126,277.3229278564453,271.13462142944337,67.4706402010834,12.63747196792366,281.6712341308594,280.1593017578125,285.2696228027344
2024-02-05,302.172902831029,312.6656325233864,296.7299806341956,307.494873046875,1356490.0,290.0835693359375,280.5735626220703,273.94528732299807,71.10222911051571,14.14083341397594,295.82281494140625,281.6712341308594,280.1593017578125
2024-02-06,312.8470603369012,327.11961492777965,305.5595999930268,324.15625,1422365.0,297.86089477539065,284.82509155273436,277.4605087280273,75.33521342739533,16.48664429345166,307.494873046875,295.82281494140625,281.6712341308594
2024-02-07,331.8577013237815,336.3081248072553,325.9553397852125,330.2164001464844,934274.0,307.872314453125,291.21572265625,280.9975189208984,76.67361644161792,18.62007910480088,324.15625,307.494873046875,295.82281494140625
2024-02-08,330.2163957960473,339.9694778244894,328.29103551223045,331.54205322265625,541205.0,317.8464782714844,297.0071502685547,284.29237976074216,76.96803937581063,20.185129084386745,330.2164001464844,324.15625,307.494873046875
2024-02-09,331.57360820361293,331.8261116274485,308.9426493006648,322.0099182128906,663431.0,323.0838989257812,303.1879516601563,287.3706848144531,70.11504428016039,20.420879647848665,331.54205322265625,330.2164001464844,324.15625
2024-02-12,321.0945886264364,322.00993525916965,307.5538678534209,316.45477294921875,340460.0,324.87587890625,307.47972412109374,289.72823944091795,66.40433971685815,19.929722436959253,322.0099182128906,331.54205322265625,330.2164001464844
2024-02-13,315.88662371771227,320.30549163442026,310.8996086224015,316.7703857421875,213210.0,323.3987060546875,310.6298004150391,291.95643157958983,66.51277439521274,19.342970401234766,316.45477294921875,322.0099182128906,331.54205322265625
2024-02-14,312.0358857481625,346.1243709727629,310.2999173394655,342.43145751953125,807732.0,325.8417175292969,316.8570159912109,295.48279571533203,73.89137351945723,20.709868744073674,316.7703857421875,316.45477294921875,322.0099182128906
2024-02-15,346.97654481008,365.9461749830084,340.2535617496138,362.9476318359375,846849.0,332.1228332519531,324.9846557617187,299.94122924804685,78.0547167090887,23.18140848812999,342.43145751953125,316.7703857421875,316.45477294921875
2024-02-16,364.9992923935467,375.2573817004992,352.7211178125502,357.0453186035156,735233.0,339.1299133300781,331.1069061279297,304.2149169921875,74.37999150889189,24.38278462817317,362.9476318359375,342.43145751953125,316.7703857421875
2024-02-19,360.9275850619332,360.9275850619332,348.8072471356554,350.1013488769531,303741.0,345.859228515625,335.3675537109375,307.9705581665039,70.19311201090534,24.49223234229123,357.0453186035156,362.9476318359375,342.43145751953125
2024-02-20,350.3538366733412,357.96061046637465,340.25355551875,355.40399169921875,447287.0,353.58594970703126,338.49232788085936,311.65870971679686,71.51187701002141,24.721871063193646,350.1013488769531,357.0453186035156,362.9476318359375
2024-02-21,355.78275391364457,359.2862750118911,336.5290645849275,342.5892333984375,383890.0,353.6175048828125,339.7296112060547,315.47266693115233,64.12774467951121,23.597796794172325,355.40399169921875,350.1013488769531,357.0453186035156
2024-02-22,343.2205275813509,347.197499897669,333.877756307519,340.3482360839844,262280.0,349.0976257324219,340.6102294921875,318.8086898803711,62.90448543114643,22.269422047841147,342.5892333984375,355.40399169921875,350.1013488769531
2024-02-23,338.61226084354104,340.5376211054634,329.6482448939499,332.93084716796875,487660.0,344.2747314453125,341.7023223876953,322.4451370239258,58.89969335036575,20.383189474961114,340.3482360839844,342.5892333984375,355.40399169921875
2024-02-26,332.2048958468303,343.03113185997177,322.54648094529284,342.0211181640625,354371.0,342.6586853027344,344.2589569091797,325.86934051513674,62.085464411766615,19.398234695612928,332.93084716796875,340.3482360839844,342.5892333984375
2024-02-27,342.9049036941755,345.6193590340716,330.1532776275553,334.3512268066406,446777.0,338.44813232421876,346.017041015625,328.323420715332,58.00041189831259,17.793640789313656,342.0211181640625,332.93084716796875,340.3482360839844
2024-02-28,334.35120907489807,334.57215679862355,318.6957653662377,320.052978515625,451268.0,333.9408813476563,343.77919311523436,330.31810455322267,51.23281842197598,15.193102784931966,334.3512268066406,342.0211181640625,332.93084716796875
2024-02-29,319.390131074864,325.1031294196614,317.0860156529773,321.5680236816406,204101.0,330.1848388671875,339.6412322998047,332.31294403076174,51.87360578516336,13.103361765854345,320.052978515625,334.3512268066406,342.0211181640625
2024-03-01,325.1346697427774,332.17329628491103,325.1031140404927,326.3656311035156,360596.0,328.8717956542969,336.57326354980466,333.8400848388672,53.93763720533106,11.69948934563422,321.5680236816406,320.052978515625,334.3512268066406
2024-03-04,326.839098517435,333.2780514484488,325.63969279919826,331.4789428710937,282352.0,326.76336059570315,334.7110229492188,335.03928833007814,56.09872477122876,10.87416130161455,326.3656311035156,321.5680236816406,320.052978515625
2024-03-05,331.5736041051392,335.3612132101847,329.2694887182464,332.99395751953125,244655.0,326.4919067382813,332.47001953125,335.4811737060547,56.74623893402641,10.224470568977495,331.4789428710937,326.3656311035156,321.5680236816406
2024-03-06,332.8993124667562,334.2880813727024,318.53794106046536,326.27099609375,4100802.0,327.7355102539062,330.83819580078125,335.28390350341795,53.0098089691951,9.06263081492341,332.99395751953125,331.4789428710937,326.3656311035156
2024-03-07,326.20784005105503,327.2178826492804,317.9697785402467,321.1261291503906,170099.0,327.6471313476562,328.9159851074219,334.7631072998047,50.28130543885628,7.638662923075515,326.27099609375,332.99395751953125,331.4789428710937
2024-03-11,318.9798154145853,329.52199216463924,314.1190523225424,322.9252319335937,473014.0,326.95905151367185,327.9154235839843,334.80887298583986,51.226708186535895,6.579486444383804,321.1261291503906,326.27099609375,332.99395751953125
2024-03-12,321.63112460022086,329.2063426783196,320.36860751864685,324.9137268066406,255220.0,325.64600830078126,326.2046844482421,335.23182067871096,52.30618274215081,5.833293792040649,322.9252319335937,321.1261291503906,326.27099609375
2024-03-13,325.0715333774154,326.33407935289006,302.0302643808565,304.90252685546875,606017.0,320.02772216796876,323.25981445312493,334.638427734375,42.1870585341519,3.585858597751894,324.9137268066406,322.9252319335937,321.1261291503906
2024-03-14,306.1650997608411,318.8851410509367,303.2612524309796,315.7287902832031,262621.0,317.9192810058594,322.82739562988274,333.3032943725586,48.04333182481013,2.6478166124418294,304.90252685546875,324.9137268066406,322.9252319335937
2024-03-15,309.3214221382422,309.3214221382422,284.7019612422124,296.0332336425781,1694518.0,312.90070190429685,320.27391662597654,329.95757446289065,40.08759170653094,0.3115533692864574,315.7287902832031,304.90252685546875,324.9137268066406
2024-03-18,296.0332190445791,299.7892725224862,290.0046058369977,291.0146484375,379222.0,306.5185852050781,316.73881835937493,326.65604095458986,38.34516005875851,-1.922745750619697,296.0332336425781,315.7287902832031,304.90252685546875
2024-03-19,289.9099090868269,289.9099090868269,279.683375880856,281.2931213378906,360047.0,297.7944641113281,311.72023620605466,323.2156295776367,35.15730051735025,-4.426859806918287,291.0146484375,296.0332336425781,315.7287902832031
2024-03-20,281.9559199807684,287.8582811332764,281.4824688604833,286.4063720703125,270893.0,294.09523315429686,307.0614776611328,319.76574859619143,38.073469288335126,-5.930429338959868,281.2931213378906,291.0146484375,296.0332336425781
2024-03-21,288.2370610593933,299.0001860467601,288.2370610593933,298.1479797363281,302636.0,290.5790710449219,304.2491760253906,317.54368591308594,44.27137615178454,-6.10420395237054,286.4063720703125,281.2931213378906,291.0146484375
2024-03-22,299.7577227899566,305.24974465417165,297.2641863915481,298.8739318847656,313517.0,291.1472106933594,302.0239562988281,315.469970703125,44.64029190478271,-6.112877863260053,298.1479797363281,286.4063720703125,281.2931213378906
2024-03-26,296.5698182724622,301.5568333063468,292.56126126362915,298.0848388671875,329862.0,292.5612487792969,299.5399169921875,313.72767028808596,44.29702782641285,-6.112958827743739,298.8739318847656,298.1479797363281,286.4063720703125
2024-03-27,301.36741381264113,305.7231698683465,296.2225918267341,297.1063537597656,160814.0,295.72389526367186,296.7591796875,311.48193206787107,43.84678193367873,-6.121414705036727,298.0848388671875,298.8739318847656,298.1479797363281
2024-03-28,301.55682760506414,302.4090338977765,296.8854275014828,300.357421875,121152.0,298.51410522460935,296.30466918945314,309.78224182128906,45.817352213595605,-5.798935503352595,297.1063537597656,298.0848388671875,298.8739318847656
2024-04-01,300.3889891531995,302.0302903935263,294.7391308253757,296.1910400390625,370570.0,298.1227172851562,294.35089416503905,308.5891448974609,43.700821555273706,-5.812557067254886,300.357421875,297.1063537597656,298.0848388671875
2024-04-02,297.3273107002018,306.0388230821306,296.0647647166453,304.39752197265625,589876.0,299.22743530273436,295.18732299804685,307.7306198120117,48.72518776956083,-5.102341134672258,296.1910400390625,300.357421875,297.1063537597656
2024-04-03,303.00873858088335,304.6184840634604,297.737635580643,299.3789367675781,498886.0,299.4862548828125,296.0237518310547,306.3812850952148,46.020368282774626,-4.88810079206047,304.39752197265625,296.1910400390625,300.357421875
2024-04-04,300.7046176277568,302.9771773461987,290.3833595405101,291.48809814453125,311858.0,298.36260375976565,297.0432495117187,304.3817428588867,42.06628786504599,-5.2940124275556855,299.3789367675781,304.39752197265625,296.1910400390625
2024-04-05,290.0677749716256,291.9615797507718,283.471013951688,291.1093444824219,413831.0,296.51298828125,297.5135467529297,302.2875122070312,41.88028339466629,-5.581917705590001,291.48809814453125,299.3789367675781,304.39752197265625
2024-04-08,293.5397091898702,297.8007694845619,287.92143576813874,291.8352966308594,269222.0,295.6418395996094,296.8822784423828,300.5657272338867,42.40594071800195,-5.6859622083842964,291.1093444824219,291.48809814453125,299.3789367675781
2024-04-09,293.1925154638367,293.1925154638367,288.42644822885626,289.65740966796875,74450.0,292.6938171386719,295.96062622070315,298.99229125976564,41.201988014157266,-5.876415839141657,291.8352966308594,291.1093444824219,291.48809814453125
2024-04-10,290.35181382095607,308.6901574094904,290.35181382095607,307.7748107910156,949167.0,294.37299194335935,296.92962341308595,298.2347702026367,53.124633899365804,-4.513401177194112,289.65740966796875,291.8352966308594,291.1093444824219
2024-04-12,307.7432417420014,307.7432417420014,301.1149257660198,301.9986877441406,497051.0,296.47510986328126,297.4188568115234,297.0890182495117,49.66682028772059,-3.8548507742543734,307.7748107910156,289.65740966796875,291.8352966308594
2024-04-15,290.4149337821422,301.2096137325607,289.3101952175279,295.023193359375,586235.0,297.25787963867185,296.88543395996095,296.59505157470704,45.79062671208167,-3.8514122525107837,301.9986877441406,307.7748107910156,289.65740966796875
2024-04-16,292.6243789078295,302.9456086394192,289.75211618100934,296.0647888183594,237581.0,298.10377807617186,296.8728088378906,295.61185150146486,46.462528389507234,-3.7217372800289468,295.023193359375,301.9986877441406,307.7748107910156
2024-04-18,303.0087327595261,312.28836364142074,299.1895678962801,301.2727355957031,921602.0,300.4268432617188,296.5603302001953,295.8738265991211,49.81205111510348,-3.1622783731394293,296.0647888183594,295.023193359375,301.9986877441406
2024-04-19,295.11786941352693,303.2612348500557,289.0261448608103,302.0302734375,515388.0,299.27793579101564,296.8254638671875,296.4246078491211,50.29914359226274,-2.6274881382178137,301.2727355957031,296.0647888183594,295.023193359375
2024-04-22,303.860941242968,316.23381140565465,303.860941242968,310.6155090332031,876910.0,301.0013000488281,298.7382049560547,297.8907272338867,55.56284006846355,-1.493687956348765,302.0302734375,301.2727355957031,296.0647888183594
2024-04-23,313.39312280490105,313.39312280490105,303.92409928493964,304.807861328125,291497.0,302.95823364257814,300.108056640625,298.81080169677733,51.58299428037403,-1.051649021598962,310.6155090332031,302.0302734375,301.2727355957031
2024-04-24,306.3860434235201,309.3214175226671,302.5668495092283,307.4907531738281,196978.0,305.24342651367186,301.67360229492186,299.27794036865237,53.24894002962065,-0.47931775429907475,304.807861328125,310.6155090332031,302.0302734375
2024-04-25,308.9110974381063,311.37304919686306,305.5653836849359,310.3630065917969,165829.0,307.0614807128906,303.74416198730466,299.8523941040039,55.03280903039182,0.20367787313057306,307.4907531738281,304.807861328125,310.6155090332031
2024-04-26,309.63705243614817,314.0559202085571,306.29133867842665,310.04736328125,307661.0,308.66489868164064,303.97141723632814,300.45052032470704,54.78541173656302,0.7112877687297328,310.3630065917969,307.4907531738281,304.807861328125
2024-04-29,312.44617737573503,322.51490240396754,310.9311280419888,319.20074462890625,707016.0,310.38194580078124,305.6916229248047,301.55523986816405,60.351720128643166,1.8310662529156048,310.04736328125,310.3630065917969,307.4907531738281
2024-04-30,322.3255301215985,325.481880685254,309.6686010607384,312.60400390625,803129.0,311.94117431640626,307.4497039794922,302.1675689697266,55.08816106269893,2.1612829990839373,319.20074462890625,310.04736328125,310.3630065917969
2024-05-02,319.6742338226601,338.8647839438636,318.6326354755505,336.5922241210937,944475.0,317.7614685058594,311.5024475097656,304.1876281738281,66.52220759907684,4.3089600338860805,312.60400390625,319.20074462890625,310.04736328125
2024-05-03,340.53763893744326,341.2320378315524,334.2249663775264,337.28662109375,383260.0,323.14619140625,315.1038360595703,305.8320831298828,66.78581475544269,5.997901514425735,336.5922241210937,312.60400390625,319.20074462890625
2024-05-06,340.53761550404204,340.53761550404204,323.7143224721639,324.2508850097656,686020.0,325.9868957519531,317.3258972167969,307.0756805419922,57.61426303909169,6.212906331346403,337.28662109375,336.5922241210937,312.60400390625
2024-05-07,333.9092998191901,337.4128497553852,322.0730215174012,324.6296691894531,742431.0,327.0726806640625,318.72731323242186,308.7327590942383,57.79562949800145,6.340771449178419,324.2508850097656,337.28662109375,336.5922241210937
2024-05-08,328.2278995317912,334.54057191610195,324.7243494536572,330.2164001464844,712662.0,330.59515991210935,321.26816711425784,310.68811187744143,60.48151868158928,6.814356316426199,324.6296691894531,324.2508850097656,337.28662109375
2024-05-09,333.1202309819054,333.1202309819054,313.7403176535439,316.45477294921875,801074.0,326.5676696777344,322.16456909179686,311.91908569335936,51.74573385206905,6.009948486523058,330.2164001464844,324.6296691894531,324.2508850097656
2024-05-10,321.9467622975437,324.8190247258568,309.38452973928094,316.5494079589844,674522.0,322.42022705078125,322.7832092285156,313.26368560791013,51.797294383221946,5.3187742218621,316.45477294921875,330.2164001464844,324.6296691894531
2024-05-13,320.3370502672844,320.3370502672844,300.1364862658546,315.7287902832031,423489.0,320.71580810546874,323.3513519287109,313.66138458251953,51.285553127391715,4.651180732998569,316.5494079589844,316.45477294921875,330.2164001464844
2024-05-14,315.63413758888777,318.6957924830215,309.3530203690313,311.4046325683594,1794214.0,318.07080078125,322.5717407226563,314.13168182373045,48.56289408861134,3.730185438454157,315.7287902832031,316.5494079589844,316.45477294921875
2024-05-15,314.1506174220584,321.6627244508247,313.58247025983127,319.83203125,321569.0,315.9939270019531,323.29454345703124,315.3721237182617,53.71959627389612,3.6383698126205672,311.4046325683594,315.7287902832031,316.5494079589844
2024-05-16,325.5766013811246,325.5766013811246,309.6370688371399,314.9397277832031,288938.0,315.69091796875,321.12929382324216,316.3158706665039,50.551254698609846,3.1347023669651435,319.83203125,311.4046325683594,315.7287902832031
2024-05-17,315.63411163741074,322.8936863511379,313.5509150053116,319.611083984375,495947.0,316.3032531738281,319.3617401123047,317.2327880859375,53.37872273011991,3.077011815995661,314.9397277832031,319.83203125,311.4046325683594
2024-05-21,320.05297082584974,335.1402670106007,316.89662025829546,332.7098999023437,481513.0,319.6994750976562,320.2076416015625,318.7667694091797,60.243471122776086,4.041666792982994,319.611083984375,314.9397277832031,319.83203125
2024-05-22,331.5105182303722,338.3597824091255,326.49191844137266,334.6352844238281,544139.0,324.34560546875,321.208203125,319.96775817871094,61.14902134240198,4.904983653670001,332.7098999023437,319.611083984375,314.9397277832031
2024-05-23,337.0656709533952,343.88335033402615,334.57216343174565,338.1072692871094,287078.0,328.0006530761719,321.9972900390625,321.63272857666016,62.79473224265866,5.802441711351264,334.6352844238281,332.7098999023437,319.611083984375
2024-05-24,339.622274398632,347.1974926298072,333.4358538824161,342.8101806640625,861908.0,333.5747436523437,324.63283081054686,323.39869995117186,64.95989541431825,6.814614695885837,338.1072692871094,334.6352844238281,332.7098999023437
2024-05-27,343.22055396369984,356.0037359790028,336.3397339170603,351.963623046875,605801.0,340.0452514648438,328.17425231933595,325.4787307739258,68.76940285284772,8.260157427174192,342.8101806640625,338.1072692871094,334.6352844238281
2024-05-28,352.84737444236464,353.22612960008377,341.6107980470339,345.082763671875,434477.0,342.51982421875,331.1096496582031,327.23050079345705,63.206422155118275,8.749671839982113,351.963623046875,342.8101806640625,338.1072692871094
2024-05-29,341.5160895747391,344.9249436641878,336.93941434921703,339.4644775390625,172006.0,343.48566284179685,333.91563415527344,328.24368743896486,59.00905631365046,8.585300798510616,345.082763671875,351.963623046875,342.8101806640625
2024-05-30,340.8532512236747,342.5261079973,334.9824457677538,337.1287536621094,367567.0,343.2899597167969,335.6453063964844,329.4699249267578,57.30527996504913,8.172356330837204,339.4644775390625,345.082763671875,351.963623046875
2024-05-31,340.9479722312369,343.6939831534233,336.24501638117346,339.0225830078125,529137.0,342.5324401855469,338.0535919189453,329.59144287109376,58.35520589111213,7.906766780256362,337.1287536621094,339.4644775390625,345.082763671875
2024-06-03,359.8544364924213,375.41521332778274,359.8544364924213,368.02935791015625,1254275.0,345.74558715820314,342.8954193115234,331.1285797119141,70.37281680585339,9.922508956139268,339.0225830078125,337.1287536621094,339.4644775390625
2024-06-04,369.2603349936661,369.2603349936661,295.59131997269185,312.2252502441406,1554622.0,339.17408447265626,340.8469543457031,330.5272979736328,44.0415626035149,6.937107383189982,368.02935791015625,339.0225830078125,337.1287536621094
2024-06-05,323.11463757840846,323.11463757840846,291.74060942545856,318.7273254394531,825266.0,335.0266540527344,339.25615844726565,330.2321807861328,46.55100183565263,5.037746253203977,312.2252502441406,368.02935791015625,339.0225830078125
2024-06-06,320.7789465063098,337.980996103066,320.7789465063098,325.41876220703125,643094.0,332.6846557617188,337.9873077392578,329.99229888916017,49.08168181548069,4.026022417686136,318.7273254394531,312.2252502441406,368.02935791015625
2024-06-07,325.103162021632,332.5521293814944,319.29549598309814,330.50048828125,583594.0,330.98023681640626,336.75633850097654,330.69458465576173,50.97990959213163,3.5928605534125495,325.41876220703125,318.7273254394531,312.2252502441406
2024-06-10,332.7098786365105,335.771533000885,326.3656222034669,329.33258056640625,462277.0,323.2408813476562,334.4932342529297,331.3337432861328,50.513823147415394,3.119378015223049,330.50048828125,325.41876220703125,318.7273254394531
2024-06-11,331.4158034786721,336.1187592529944,325.92378172274863,331.0370483398437,273634.0,327.00324096679685,333.0886627197266,332.09915618896486,51.21482669227758,2.8488363844345486,329.33258056640625,330.50048828125,325.41876220703125
2024-06-12,334.5721819480137,339.4013609401187,331.1001873101489,331.9839782714844,640902.0,329.6545715332031,332.3406127929687,333.1281234741211,51.62481613467974,2.6799467664328063,331.0370483398437,329.33258056640625,330.50048828125
2024-06-13,336.1187514970548,336.1187514970548,331.28954412122374,333.5305480957031,505820.0,331.2769287109375,331.9807922363281,333.81304931640625,52.329462540037376,2.6404582281475655,331.9839782714844,331.0370483398437,329.33258056640625
2024-06-14,337.66537181964287,343.1889494007284,334.3512137121254,338.517578125,787427.0,332.8803466796875,331.9302917480469,334.99194183349607,54.62468809105657,2.977254979940426,333.5305480957031,331.9839782714844,331.0370483398437
2024-06-18,343.3783225670037,343.3783225670037,333.1833453728595,334.6983947753906,536108.0,333.95350952148436,328.5971954345703,335.7463073730469,52.53844115086965,2.9025340484139406,338.517578125,333.5305480957031,331.9839782714844
2024-06-19,336.81314283469726,337.0972019516338,324.1562141308222,325.54498291015625,709133.0,332.8550964355469,329.9291687011719,335.3880615234375,47.82410275799503,2.0807279954509568,334.6983947753906,338.517578125,333.5305480957031
2024-06-20,329.4273032971147,331.73144763128795,324.6296804048605,330.7214050292969,649209.0,332.6025817871094,331.1285766601562,335.19236755371094,50.52767072325246,1.826084812514523,325.54498291015625,334.6983947753906,338.517578125
2024-06-21,331.22640605620734,334.06711289681687,318.2064997034136,322.8463439941406,706506.0,330.4657409667969,330.8713348388672,334.4293212890625,46.57383774861778,0.9775579648166968,330.7214050292969,325.54498291015625,334.6983947753906
2024-06-24,323.7932549038203,326.4919033565901,317.9697826076368,319.8162536621094,246113.0,326.72547607421876,329.80291137695315,333.27962493896484,45.11112505601368,0.0599008586256673,322.8463439941406,330.7214050292969,325.54498291015625
2024-06-25,320.05298799681435,322.2308518000565,313.7087308178928,316.9755554199219,95443.0,323.180908203125,328.5672088623047,331.5302215576172,43.72469488157469,-0.8863522992612047,319.8162536621094,322.8463439941406,330.7214050292969
2024-06-26,319.0587557920966,319.57954052148733,314.65563678273423,315.7919311523437,135855.0,321.2302978515625,327.0426971435547,330.0656799316406,43.12990133240396,-1.712038022093168,316.9755554199219,319.8162536621094,322.8463439941406
2024-06-27,315.93393027376027,318.11182278940686,309.63703608390256,315.9812927246094,198739.0,318.282275390625,325.4424285888672,328.8915206909179,43.26287616491904,-2.3243266194349985,315.7919311523437,316.9755554199219,319.8162536621094
2024-06-28,318.585278185179,321.3786225248347,313.8507668666129,314.4662475585937,183545.0,316.60625610351565,323.53599853515624,327.7583953857421,42.40848520814224,-2.8984101591492504,315.9812927246094,315.7919311523437,316.9755554199219
2024-07-01,312.85653389001146,316.454780195454,312.0516611047699,313.708740234375,209716.0,315.38475341796874,321.05511474609375,326.49270324707027,41.96226817013222,-3.375588329698928,314.4662475585937,315.9812927246094,315.7919311523437
2024-07-02,313.66138556317185,315.5078565993153,307.22246150896734,310.7259826660156,293753.0,314.1348388671875,318.6578735351562,323.62753448486325,40.169968268483046,-3.948918402338336,313.708740234375,314.4662475585937,315.9812927246094
2024-07-03,311.53085258986147,312.95120602112223,308.1693610280768,311.8622741699219,111165.0,313.3489074707031,317.2896026611328,323.6093856811523,41.20031456694479,-4.262462374580821,310.7259826660156,313.708740234375,314.4662475585937
2024-07-04,314.1348316770612,316.7388129494407,311.1520952717684,312.4777526855469,97094.0,312.6481994628906,315.4652374267578,323.296907043457,41.785112549651075,-4.410443412845382,311.8622741699219,310.7259826660156,313.708740234375
2024-07-05,310.7260006715954,316.3600812183749,309.87379433520994,314.6556396484375,309239.0,312.6860778808594,314.6461669921875,322.7587509155273,43.91088404341672,-4.302386936806727,312.4777526855469,311.8622741699219,310.7259826660156
2024-07-08,316.1706723728303,318.39589855854604,308.9268755530874,310.34722900390625,285717.0,312.01377563476564,313.6992645263672,321.7510879516601,40.741424822399495,-4.512388131647185,314.6556396484375,312.4777526855469,311.8622741699219
2024-07-09,310.5839755239804,315.6025464964462,309.637073159578,313.4246826171875,122498.0,312.553515625,313.34417724609375,320.9556930541992,43.85856005415391,-4.380000880600676,310.34722900390625,314.6556396484375,312.4777526855469
2024-07-10,313.99281666043305,319.10608343455056,305.8494508883081,317.5910339355469,537242.0,313.699267578125,313.5240875244141,320.28339233398435,47.85750395459656,-3.894005625688294,313.4246826171875,310.34722900390625,314.6556396484375
2024-07-11,321.89944553190577,334.2091753205498,320.14767051331967,331.4158020019531,1373222.0,317.48687744140625,315.0675384521484,320.25498352050784,58.43681204153449,-2.3660334790699835,317.5910339355469,313.4246826171875,310.34722900390625
2024-07-12,335.6295202468121,335.6295202468121,323.17773231247355,324.0773010253906,202863.0,319.3712097167969,316.0286437988281,319.7823211669922,52.36346609821086,-1.7273484451879426,331.4158020019531,317.5910339355469,313.4246826171875
2024-07-15,325.4029716408015,331.41580706265705,323.2724414525416,329.7587280273437,471572.0,323.2535095214843,317.633642578125,319.34437866210936,56.16208844110923,-0.7540500572877136,324.0773010253906,331.4158020019531,317.5910339355469
2024-07-16,331.0370542209104,341.7844012469417,329.5220047415163,339.0857238769531,1238073.0,328.3857177734375,320.46961669921876,319.5637451171875,61.57869303973734,0.7611326797230049,329.7587280273437,324.0773010253906,331.4158020019531
2024-07-18,339.2750578758778,345.6193143837041,335.7241745089219,338.6122436523437,414781.0,332.5899597167969,323.1446136474609,320.21710815429685,61.16552309978168,1.901797282771497,339.0857238769531,329.7587280273437,324.0773010253906
2024-07-19,338.6595924054906,339.93791625440383,322.3728906363358,323.3671264648437,530553.0,330.980224609375,324.23355102539057,319.8493942260742,49.620970442321436,1.5576727684046432,338.6122436523437,339.0857238769531,329.7587280273437
2024-07-22,324.077318440215,335.7242053965121,320.0056500303656,328.2436828613281,389515.0,331.8135009765625,325.59235534667965,320.11926116943357,52.69657282738621,1.6593213341512865,323.3671264648437,338.6122436523437,339.0857238769531
2024-07-23,330.8949973907765,330.8949973907765,312.0042862544421,327.8648986816406,465223.0,331.4347351074219,327.3441223144531,320.52169342041014,52.428832467827704,1.6898344772067162,328.2436828613281,323.3671264648437,338.6122436523437
2024-07-24,327.72287751468576,337.23923365573154,326.0184361107318,335.0140075683594,189396.0,330.6203918457031,329.50305480957024,321.42361602783205,56.88168223481708,2.26478269731939,327.8648986816406,328.2436828613281,323.3671264648437
2024-07-25,332.7414505171368,356.8874583018907,328.57508632586695,354.52020263671875,754536.0,333.80198364257814,333.19597167968743,323.36002960205076,66.18283476770574,4.245480964144974,335.0140075683594,327.8648986816406,328.2436828613281
2024-07-26,358.40253348988944,359.2074062533818,350.7326188035392,356.4613952636719,719214.0,340.42083740234375,335.7005310058593,325.38403472900393,66.94696443628061,5.9037815142165755,354.52020263671875,335.0140075683594,327.8648986816406
2024-07-29,363.75251192068174,368.5343858628738,358.8759708664414,360.9591674804688,540530.0,346.96393432617185,339.3887176513672,327.7086807250977,68.71110657750569,7.4945369195816625,356.4613952636719,354.52020263671875,335.0140075683594
2024-07-30,354.1414479528585,380.3706523146497,350.353838883844,374.736572265625,2457655.0,356.33826904296876,343.8865020751953,330.7600723266602,73.39530379592757,9.754499662548653,360.9591674804688,356.4613952636719,354.52020263671875
2024-07-31,377.8613476533112,385.05781084412746,370.2861293255392,371.75384521484375,997384.0,363.6862365722656,347.1533142089844,333.81146545410155,70.91991207352267,11.176025013670824,374.736572265625,360.9591674804688,356.4613952636719
2024-08-01,371.7538488224663,372.70075112262685,364.55738556181313,370.5702209472656,637988.0,366.896240234375,350.34911193847654,336.7468627929687,69.9122521507667,12.06797342396061,371.75384521484375,374.736572265625,360.9591674804688
2024-08-02,370.4755292825101,377.2458750286232,363.1843699269019,369.1498718261719,313153.0,369.433935546875,354.92738647460936,339.58046875,68.65169371508728,12.515962437474116,370.5702209472656,371.75384521484375,374.736572265625
2024-08-05,364.6047261627466,371.6118264370559,356.9821740580393,367.91888427734375,1016991.0,370.82587890625,358.89490661621096,342.24363098144534,67.51548962439075,12.6261204933121,369.1498718261719,370.5702209472656,371.75384521484375
2024-08-06,371.4224426313408,378.7136022036205,364.0839495009574,365.5989990234375,318996.0,368.9983642578125,362.66831665039064,345.0062194824219,65.32138171750637,12.383477177850068,367.91888427734375,369.1498718261719,370.5702209472656
2024-08-07,372.6060401185747,381.9330331792475,367.729499248425,375.6361389160156,1179499.0,369.7748229980469,366.73052978515625,348.1167922973633,69.88186431339444,12.852933293316482,365.5989990234375,367.91888427734375,369.1498718261719
2024-08-08,377.8140243536398,377.8140243536398,362.8529793090285,368.2503051757813,491551.0,369.31083984375,368.1035400390625,350.649755859375,63.2865613551411,12.485085298596971,375.6361389160156,365.5989990234375,367.91888427734375
2024-08-09,371.4172979938105,375.6562263398599,364.54733220898896,366.9347534179688,320400.0,368.86781616210936,369.15087585449226,352.42570343017576,62.16122352973956,11.949660828622541,368.2503051757813,375.6361389160156,365.5989990234375
2024-08-12,365.619251153856,373.7072981227268,361.0392541185666,369.9068908691406,189139.0,369.2654174804687,370.0456481933594,354.7171829223633,63.7303585470721,11.631083837384267,366.9347534179688,368.2503051757813,375.6361389160156
2024-08-13,368.2990535068763,368.2990535068763,354.8027074975128,361.62396240234375,220354.0,368.47041015625,368.73438720703126,356.3104446411133,56.67651141156371,10.588192085217997,369.9068908691406,366.9347534179688,368.2503051757813
2024-08-14,360.8931018699638,367.7143565519028,359.4314044381197,363.5241394042969,122330.0,366.0480102539062,367.9114166259766,357.5323654174805,57.82965054817822,9.802029566323597,361.62396240234375,369.9068908691406,366.9347534179688
2024-08-16,366.1552144036858,372.1969091447929,364.35244825204006,369.7120056152344,841630.0,366.34035034179686,367.8255950927734,359.087353515625,61.42996069100615,9.568005187249526,363.5241394042969,361.62396240234375,369.9068908691406
2024-08-19,376.2896410898046,384.81620955174384,374.04838356084775,378.0924072265625,991877.0,368.57188110351564,368.7198486328125,361.82361755371096,65.70090558241967,9.944137723211952,369.7120056152344,363.5241394042969,361.62396240234375
2024-08-20,381.5517321989203,394.41468119562086,381.5030208476481,386.2778930664063,1659733.0,371.8460815429688,370.5557495117188,364.72532806396487,69.27916051493368,10.77847817908787,378.0924072265625,369.7120056152344,363.5241394042969
2024-08-21,386.8138886986701,401.2846699729653,383.93920509010735,397.094482421875,420311.0,378.940185546875,373.7052978515625,368.1868072509766,73.25048283247732,12.172193890206586,386.2778930664063,378.0924072265625,369.7120056152344
2024-08-22,403.1848758702748,403.4284921094713,392.8555413806793,396.0225524902344,817179.0,385.4398681640625,375.7439392089844,371.2372344970703,72.25364942624068,13.039911858613664,397.094482421875,386.2778930664063,378.0924072265625
2024-08-23,395.6327556797942,403.18485877466713,393.68382584885927,395.2916870117188,349251.0,390.55580444335936,378.4480773925781,373.2758087158203,71.5388083040524,13.512842230348895,396.0225524902344,397.094482421875,386.2778930664063
2024-08-26,399.6767816983634,399.6767816983634,390.0782962716979,394.0736083984375,727310.0,393.7520446777344,381.161962890625,375.1564193725586,70.29064948700255,13.632210555516679,395.2916870117188,396.0225524902344,397.094482421875
2024-08-28,398.0202083097803,400.6999868387061,392.7580739532421,396.168701171875,358899.0,395.73020629882814,383.78814392089845,376.9168960571289,71.22073000055579,13.737509828608836,394.0736083984375,395.2916870117188,396.0225524902344
2024-08-29,396.4123164584229,406.6441980899724,392.27084055993856,405.4261169433594,311993.0,397.396533203125,388.168359375,378.4513732910156,74.952111866742,14.401939749940595,396.168701171875,394.0736083984375,395.2916870117188
2024-08-30,409.42144610818536,414.1476071015951,405.0850948885785,408.54443359375,648173.0,399.9009094238281,392.67038879394534,380.29090270996096,76.07727550687171,15.00713443819535,405.4261169433594,396.168701171875,394.0736083984375
2024-09-02,414.7810049132575,426.8156531353994,410.3472012337733,416.8760986328125,1075309.0,404.21779174804686,397.3867980957031,382.60619659423827,78.81544423971822,15.974902593782247,408.54443359375,405.4261169433594,396.168701171875
2024-09-03,418.3865434653168,419.5558835937316,413.8552872737986,414.7322998046875,190453.0,408.3495300292969,401.0507873535156,384.88531799316405,76.39253362130047,16.380060044562242,416.8760986328125,408.54443359375,405.4261169433594
2024-09-04,419.5071492833416,436.2192167624144,417.4120556468938,433.149658203125,1592885.0,415.7457214355469,405.7379638671875,388.1468566894531,81.62007795055587,17.980014728159063,414.7322998046875,416.8760986328125,408.54443359375
2024-09-05,436.3166920735858,445.5253979724733,432.9547760182305,436.8039245605469,1045536.0,422.0212829589844,409.7089080810547,391.7071029663086,82.4504484493671,19.320148452046,433.149658203125,414.7322998046875,416.8760986328125
2024-09-06,438.7528366030504,440.2632453556659,421.84586404780833,423.25885009765625,914463.0,424.96416625976565,412.4325378417969,394.08823852539064,69.85308356656034,19.069419378826012,436.8039245605469,433.149658203125,414.7322998046875
2024-09-09,424.3307823122429,424.3307823122429,409.3239980108111,410.5908203125,878870.0,423.7071105957031,413.962451171875,396.20526428222655,60.537249690341476,17.64510881861179,423.25885009765625,436.8039245605469,433.149658203125
2024-09-10,412.6859143335056,413.66037930241583,406.6929607223695,410.8831481933594,347716.0,422.9372802734375,415.6434051513672,398.4026840209961,60.66760609655597,16.35143172838599,410.5908203125,423.25885009765625,436.8039245605469
2024-09-11,417.0709872682245,424.6718017763871,397.0944563359848,399.1408386230469,629115.0,416.13551635742186,415.94061889648435,399.86438140869143,53.082458605617745,14.214817498487378,410.8831481933594,410.5908203125,423.25885009765625
2024-09-12,402.9412533684182,407.0827293703911,399.6767898662599,402.64892578125,631169.0,409.3045166015625,415.66289978027345,401.9156295776367,54.89678815396085,12.65868717715864,399.1408386230469,410.8831481933594,410.5908203125
2024-09-13,402.98997550628906,406.839124024117,396.314914268039,400.4563903808594,773512.0,404.7440246582031,414.8540954589844,403.76224212646486,53.504178033575464,11.120335102272747,402.64892578125,399.1408386230469,410.8831481933594
2024-09-16,400.0665890757928,403.33105273446034,395.535332827582,399.7742614746094,252904.0,402.580712890625,413.14391174316404,405.2653549194336,53.05325834750408,9.733931198062692,400.4563903808594,402.64892578125,399.1408386230469
2024-09-17,400.4563849451085,401.8206299337397,395.82767641125656,398.1176452636719,203053.0,400.0276123046875,411.4824462890625,406.26661682128906,51.90907679637922,8.404637601606169,399.7742614746094,400.4563903808594,402.64892578125
2024-09-18,397.1431828905978,400.4076464570377,394.5608566920628,396.8995666503906,56446.0,399.57935791015626,407.85743713378906,406.7977005004883,51.0374907126831,7.170220249458453,398.1176452636719,399.7742614746094,400.4563903808594
2024-09-19,396.50976823604464,398.1176293992285,382.0876993795402,388.1293640136719,268165.0,396.6754455566406,402.98998107910154,406.3494445800781,45.158227991684555,5.421754931319981,396.8995666503906,398.1176452636719,399.7742614746094
2024-09-20,388.12936931010864,393.1478874849089,384.4264144753781,388.0806579589844,1365420.0,394.20029907226564,399.4721618652344,405.9523498535156,45.12713737429803,3.986202932047604,388.1293640136719,396.8995666503906,398.1176452636719
2024-09-23,388.6166166363496,398.2151025013562,386.57026399791965,393.001708984375,699976.0,392.8457885742188,397.7132507324219,405.8378509521484,48.95130317797764,3.2086183656169283,388.0806579589844,388.1293640136719,396.8995666503906
2024-09-24,392.7093643362184,408.6905831407003,392.5144594561123,406.5954895019531,264515.0,394.541357421875,397.28448486328125,406.46394500732424,57.71742652844113,3.6472383806063817,393.001708984375,388.0806579589844,388.1293640136719
2024-09-25,406.5955091375654,408.3008228367642,397.2893805601186,406.4006042480469,255120.0,396.4415649414062,398.0104614257813,406.9755401611328,57.56480935801966,3.9337761683281087,406.5954895019531,393.001708984375,388.0806579589844
2024-09-26,405.5723280646693,412.3935827815972,398.2638408679607,411.51654052734375,206404.0,401.11900024414064,398.8972229003906,407.28006134033205,60.51632340974515,4.5215511049960355,406.4006042480469,406.5954895019531,393.001708984375
2024-09-27,413.3193110117576,428.2773542465284,410.4446571937037,425.79248046875,925299.0,408.66136474609374,401.4308319091797,408.14246368408203,67.34234897536822,6.069352305916482,411.51654052734375,406.4006042480469,406.5954895019531
2024-09-30,425.5488707089717,435.1473270175085,419.4097234624448,429.300537109375,385500.0,415.92113037109374,404.3834594726562,408.76368560791013,68.77109063996147,7.492695630608694,425.79248046875,411.51654052734375,406.4006042480469
2024-10-01,429.20309794844127,434.6113665108191,427.44904320025455,433.3445739746094,289016.0,421.270947265625,407.90615234375,409.6942993164063,70.37984341251853,8.845065043698412,429.300537109375,425.79248046875,411.51654052734375
2024-10-03,422.4792842148651,422.4792842148651,402.4540405801138,404.8414916992188,461535.0,420.95912475585936,408.7003448486328,408.278890991211,50.59601922336275,7.530065114108481,433.3445739746094,429.300537109375,425.79248046875
2024-10-04,395.1942579617983,403.0387188385658,385.35218552372817,396.55853271484375,534323.0,417.9675231933594,409.54326171875,406.2666213989258,46.504926889146255,5.753232941298847,404.8414916992188,433.3445739746094,429.300537109375
2024-10-07,396.50979544957664,398.9946989980511,381.1132606207026,383.40325927734375,334326.0,409.48967895507815,409.0755218505859,404.27384185791016,40.854721455575586,3.2461405323591634,396.55853271484375,404.8414916992188,433.3445739746094
2024-10-08,377.16664427999,385.10855735581777,371.95328062576544,380.86962890625,278661.0,399.8034973144531,407.86231384277346,402.7877822875977,39.850505387081,1.0427883244432223,383.40325927734375,396.55853271484375,404.8414916992188
2024-10-09,391.2476935063201,402.9412733869573,383.3545211392277,384.8649597167969,538243.0,390.1075744628906,405.6892608642578,401.4868728637695,42.26069193889047,-0.37665255242092144,380.86962890625,383.40325927734375,396.55853271484375
2024-10-10,387.7883543520284,393.6351442872973,381.06452213582014,382.1851806640625,197397.0,385.57631225585936,403.26771850585936,400.6390899658203,41.07193047171439,-1.698229317106211,384.8649597167969,380.86962890625,383.40325927734375
2024-10-11,382.9647316070324,386.7651390264629,377.4102694059573,385.2547302246094,83385.0,383.3155517578125,400.64153747558595,399.7693801879883,43.048110906241156,-2.469435315182352,382.1851806640625,384.8649597167969,380.86962890625
2024-10-14,386.3753540392625,397.240632322465,386.2291902439085,395.4378662109375,146308.0,385.72247314453125,397.6060760498047,399.51845397949216,49.14150744755495,-2.2331848895213966,385.2547302246094,382.1851806640625,384.8649597167969
2024-10-15,403.42847979390734,415.9016189646753,401.47954993983046,412.2473754882813,488669.0,391.9980224609375,395.9007598876953,400.1421096801758,57.26893645907652,-0.6817094867280389,395.4378662109375,385.2547302246094,382.1851806640625
2024-10-16,415.0246303561704,427.2541837371076,414.58613895676046,423.9409790039063,528956.0,399.8132263183594,394.960400390625,401.4332763671875,61.837733577036445,1.4744257615699325,412.2473754882813,395.4378662109375,385.2547302246094
2024-10-17,421.8946079848913,427.790108980991,417.509515751601,422.3330993652344,380489.0,407.8428100585938,396.7095611572266,402.7049530029297,60.8739500282382,3.018639038928484,423.9409790039063,412.2473754882813,395.4378662109375
2024-10-18,419.01994076873314,423.8922656613928,411.9063583207744,420.3841857910156,210995.0,414.868701171875,399.0921264648438,404.31769409179685,59.66018596164613,4.038623412261131,422.3330993652344,423.9409790039063,412.2473754882813
2024-10-21,421.4561020601276,424.7692770303947,403.4285000066886,404.5978698730469,152982.0,416.70070190429686,401.2115875244141,405.1435546875,50.82088521147942,3.532425017145272,420.3841857910156,422.3330993652344,423.9409790039063
2024-10-22,403.9157254168293,405.7672028908608,390.3219273464393,391.5400085449219,204618.0,412.559228515625,402.27862548828125,405.07046966552736,44.895554513117,2.0539225216667205,404.5978698730469,420.3841857910156,422.3330993652344
2024-10-23,389.834702092514,393.0017132672683,384.5725971651997,387.3011169433594,86281.0,405.23125610351565,402.5222412109375,404.10575103759766,43.137274605244905,0.5339998972023068,391.5400085449219,404.5978698730469,420.3841857910156
2024-10-24,385.8881144797218,395.0480789262755,383.93918460861215,394.3172302246094,95324.0,399.6280822753906,403.7354461669922,403.50158233642577,46.84779580851799,-0.10321819237469754,387.3011169433594,391.5400085449219,404.5978698730469
2024-10-25,394.6583166443533,395.3891653788798,361.1367273017297,362.842041015625,246681.0,388.1196533203125,401.4941772460937,401.06785736083987,35.618759681534854,-3.1121281630747717,394.3172302246094,387.3011169433594,391.5400085449219
2024-10-28,370.10178897192674,383.64687603812814,369.71200892604793,373.8534851074219,301019.0,381.9707763671875,399.3357391357422,398.4709075927734,40.9511887578777,-4.555664615268313,362.842041015625,394.3172302246094,387.3011169433594
2024-10-29,374.2432642352682,379.70027407911937,365.9603118928388,378.3360290527344,220675.0,379.32998046875,395.9446044921875,395.9226821899414,43.02014842031982,-5.277142209067165,373.8534851074219,362.842041015625,394.3172302246094
2024-10-31,367.61690480584105,372.7815571794922,364.40118234501074,370.9788208007813,158700.0,376.0655212402344,390.648388671875,392.80439453125,40.51121405693599,-6.369163862950643,378.3360290527344,373.8534851074219,362.842041015625
2024-11-01,371.2711388677906,373.70730119631946,370.2966739363792,371.36859130859375,26402.0,371.4757934570313,385.55193786621095,391.13074951171876,40.7084974192031,-7.121060515792237,370.9788208007813,378.3360290527344,373.8534851074219
2024-11-04,373.6585948461593,373.6585948461593,354.31545975108804,359.09033203125,357530.0,370.72545166015624,379.42255249023435,389.25733947753906,36.591777080246615,-8.608463926715103,371.36859130859375,370.9788208007813,378.3360290527344
2024-11-06,367.6169158909531,383.74429951052656,367.6169158909531,381.6004943847656,389884.0,372.274853515625,377.12281494140626,389.16720123291014,47.14487377626495,-7.880023859474306,359.09033203125,371.36859130859375,370.9788208007813
2024-11-07,381.5517321989203,389.7859727689891,375.8511361378216,386.2778930664063,220190.0,373.86322631835935,376.59660339355474,389.43761444091797,49.04267786472128,-6.846382044616632,381.6004943847656,359.09033203125,371.36859130859375
2024-11-08,387.3011125411522,387.3011125411522,370.49159188159615,373.0251770019531,183327.0,374.2724975585937,375.1690093994141,388.84562530517576,44.20013928443765,-7.015723989176024,386.2778930664063,381.6004943847656,359.09033203125
2024-11-11,370.3454059288939,377.6051819678585,365.619274538784,371.466064453125,410388.0,374.2919921875,372.8838928222657,388.3096694946289,43.654028816345225,-7.192821681951841,373.0251770019531,386.2778930664063,381.6004943847656
2024-11-12,373.7073145384964,380.4798579489251,364.4498973595767,365.5705261230469,584680.0,375.58803100585936,373.15674133300786,387.3254592895508,41.562842224479105,-7.71990331166046,371.466064453125,373.0251770019531,386.2778930664063
2024-11-13,365.5705198008106,368.1528459689248,358.5543900084802,362.3547973632813,198906.0,371.7388916015625,372.0068725585938,385.67130584716796,40.4253132321197,-8.301408269485705,365.5705261230469,371.466064453125,373.0251770019531
2024-11-14,362.7445734625695,369.5658280340617,356.21564647738865,362.9881896972656,567851.0,367.08095092773436,370.47208862304694,383.2083465576172,40.76917437203104,-8.611873354877218,362.3547973632813,365.5705261230469,371.466064453125
2024-11-18,360.6007543495858,365.9116003917412,356.995251762614,358.0671691894531,96084.0,364.0893493652344,369.18092346191406,379.9146560668945,38.89099345498526,-9.149534264512397,362.9881896972656,362.3547973632813,365.5705261230469
2024-11-19,356.6541603255434,364.9858234870049,350.9048232515639,352.3177795410156,182042.0,360.2596923828125,367.2758422851563,376.4138900756836,36.7602312114527,-9.925151139862464,358.0671691894531,362.9881896972656,362.3547973632813
2024-11-21,353.14607867719553,354.7052284863357,345.7401393875113,351.1484375,121282.0,357.3752746582031,366.4816528320313,372.9521026611328,36.324330003338204,-10.513001890034104,352.3177795410156,358.0671691894531,362.9881896972656
2024-11-22,351.5869389892753,355.6797036387992,349.5405864028233,351.34332275390625,115128.0,355.1729797363281,363.4559356689453,370.2893753051758,36.45956283299922,-10.838216025725558,351.1484375,352.3177795410156,358.0671691894531
2024-11-25,358.6031060687933,374.7304892969433,358.6031060687933,367.0809631347656,468246.0,355.9915344238281,361.53624267578124,369.066423034668,46.365550072876864,-9.714076688255943,351.34332275390625,351.1484375,352.3177795410156
2024-11-26,372.7328377513268,379.5540922984099,368.59136177631206,369.858154296875,146343.0,358.3497314453125,361.21954040527345,368.19427490234375,47.90889147232667,-8.501096696528748,367.0809631347656,351.34332275390625,351.1484375
2024-11-27,376.7768726640799,376.8743251082148,366.49627918153305,370.3453979492188,512828.0,361.95525512695315,361.1074737548828,366.99568328857424,48.190568933226004,-7.415009212834434,369.858154296875,367.0809631347656,351.34332275390625
2024-11-28,372.5379494501474,376.1921931201592,367.61691320318926,370.2966918945313,337739.0,365.7849060058594,361.58009033203126,367.36841583251953,48.162532726070026,-6.483469824412737,370.3453979492188,369.858154296875,367.0809631347656
2024-11-29,370.4915974247736,374.9741125437392,366.9347764558435,373.268798828125,326639.0,370.1700012207031,362.67149047851564,367.3391815185547,50.071387405908176,-5.442654424827936,370.2966918945313,370.3453979492188,369.858154296875
2024-12-02,372.2943305899472,375.0715617073071,369.7607454538541,371.5147705078125,98519.0,371.0567626953125,363.52414855957034,366.9981185913086,48.92632658195743,-4.70509869942515,373.268798828125,370.2966918945313,370.3453979492188
2024-12-03,374.29199777322304,377.8487889361136,372.7328478866885,374.5356140136719,147638.0,371.99225463867185,365.1709930419922,367.17595825195315,51.004452485731,-3.8326433220818217,371.5147705078125,373.268798828125,370.2966918945313
2024-12-04,373.2687774682585,381.5030179763542,373.22006611735287,377.6538696289063,94856.0,373.4539489746094,367.70460205078126,367.49022216796874,53.12470199598596,-2.8566690791065525,374.5356140136719,371.5147705078125,373.268798828125
2024-12-05,379.5541077538705,382.96473516629294,374.9741104761503,381.9415588378906,136007.0,375.7829223632813,370.78391418457034,368.6327835083008,55.94760618333864,-1.7174243754422491,377.6538696289063,374.5356140136719,371.5147705078125
2024-12-06,382.7211024946429,391.9785193595674,382.0389651461141,388.9576721191406,606626.0,378.9206970214844,374.54534912109375,369.00064239501955,60.17405983519882,-0.2455920025520868,381.9415588378906,377.6538696289063,374.5356140136719
2024-12-09,389.0064339097461,394.26853888111657,387.8857753863401,389.0551452636719,442187.0,382.42877197265625,376.7427673339844,369.13950500488284,60.231144933522934,0.9181274236641457,388.9576721191406,381.9415588378906,377.6538696289063
2024-12-10,389.1038572962699,395.6327846025228,387.34983221552415,394.4147033691406,487026.0,386.40458984375,379.19842224121095,370.2089813232422,63.342491246995316,2.246953519014312,389.0551452636719,388.9576721191406,381.9415588378906
2024-12-11,394.6582959750522,402.4053040506271,394.6582959750522,400.3101806640625,291036.0,390.93585205078125,382.1949005126953,371.65118713378905,66.45170375317224,3.7327447623278545,394.4147033691406,389.0551452636719,388.9576721191406
2024-12-12,399.481912001217,403.3310306515066,395.8276684949428,401.47955322265625,280014.0,394.84345092773435,385.3131866455078,373.4466384887695,67.04870948048148,4.9475710999419675,400.3101806640625,394.4147033691406,389.0551452636719
2024-12-13,401.1872316630669,407.32634895048943,398.8484919932772,404.4029541015625,599946.0,397.93250732421876,388.4266021728516,375.5490463256836,68.55523515640502,6.0761813080715115,401.47955322265625,400.3101806640625,394.4147033691406
2024-12-16,404.4029584505048,408.3008182909916,390.1270527323841,396.6072387695313,204464.0,399.44292602539065,390.93584899902345,377.22999877929686,60.598769419546166,6.269295418346417,404.4029541015625,401.47955322265625,400.3101806640625
2024-12-17,397.58171357291246,399.4331910953201,394.3659910202208,396.5097961425781,229503.0,399.8619445800781,393.1332672119141,379.1521301269531,60.50424519693579,6.34137748415128,396.6072387695313,404.4029541015625,401.47955322265625
2024-12-18,396.6072415352435,398.5561714690776,387.1549194608237,387.93450927734375,113882.0,397.3868103027344,394.1613311767578,380.9329666137695,52.71183507180376,5.641517159174555,396.5097961425781,396.6072387695313,404.4029541015625
2024-12-19,380.1874891187003,400.3589252043964,379.9438728845171,396.99700927734375,320898.0,396.49030151367185,395.6668762207031,383.2253952026367,58.757146828843084,5.7518372218375475,387.93450927734375,396.5097961425781,396.6072387695313
2024-12-20,400.06657899562725,402.9412625341821,387.8370555951741,389.7372741699219,379517.0,393.5571655273437,395.7448364257813,385.1450927734375,52.92069120831838,5.193598148723993,396.99700927734375,387.93450927734375,396.5097961425781
2024-12-23,389.4449146718851,400.7974254894369,389.250039523194,393.6351318359375,388064.0,392.962744140625,396.2028350830078,386.4728012084961,55.47783221100242,5.007985262534021,389.7372741699219,396.99700927734375,387.93450927734375
2024-12-24,393.6351305333744,407.3263512580888,391.4425843842579,402.8925476074219,387592.0,394.2392944335937,397.0506195068359,388.12452087402346,60.908523859666325,5.543974313386457,393.6351318359375,389.7372741699219,396.99700927734375
2024-12-26,402.89253383338064,410.7369645589333,398.166373014756,408.6905822753906,691719.0,398.3905090332031,397.88865966796874,390.04178009033205,63.880190035476396,6.363250844537447,402.8925476074219,393.6351318359375,389.7372741699219
2024-12-27,410.2010386721839,410.2010386721839,398.50745909902247,399.8717041015625,359165.0,398.9654479980469,397.7278747558594,391.5205307006836,56.806685738700416,6.2291182343413425,408.6905822753906,402.8925476074219,393.6351318359375
2024-12-30,399.0433952514665,399.9691488451761,390.76044321327976,396.0712890625,88538.0,400.2322509765625,396.89470825195315,392.66065521240233,54.030127527183815,5.749874468429596,399.8717041015625,408.6905822753906,402.8925476074219
2024-12-31,395.8276872286101,400.0178747521263,392.2221549031202,398.31256103515625,86984.0,401.16773681640626,397.06524047851565,394.0005447387695,55.41417922533082,5.487663875081751,396.0712890625,399.8717041015625,408.6905822753906
2025-01-01,399.0433922454732,403.2823206748636,394.2197789054237,402.0642395019531,102969.0,401.0020751953125,397.6206848144531,395.3769760131836,57.709470822320455,5.5189699388975555,398.31256103515625,396.0712890625,399.8717041015625
2025-01-02,402.8925557952791,405.0851019889541,394.07362992884447,401.9180908203125,108161.0,399.6475769042969,399.01904296875,396.5901870727539,57.58510380188475,5.46894465316484,402.0642395019531,398.31256103515625,396.0712890625
2025-01-03,401.9667929374722,406.35188522406287,397.3380844127377,402.6001892089844,100742.0,400.1932739257812,399.57936096191406,397.6231185913086,58.03960445958941,5.421839304713728,401.9180908203125,402.0642395019531,398.31256103515625
2025-01-06,401.7718734971489,402.6001746244944,377.8000603228318,378.5796203613281,301522.0,396.6949401855469,398.4635955810547,397.10421600341795,41.26866268726695,3.406975328140277,402.6001892089844,401.9180908203125,402.0642395019531
2025-01-07,379.55411156054686,387.3498314385556,375.51008782149216,376.53326416015625,74509.0,392.3390808105469,396.75340881347654,396.4781219482422,40.20287010571569,1.6263101757098184,378.5796203613281,402.6001892089844,401.9180908203125
2025-01-08,375.9485686159525,384.7187532313012,372.0994498777581,381.1132507324219,119918.0,388.1488830566406,394.5754791259766,395.81304931640625,43.70695557116007,0.5780237552033327,376.53326416015625,378.5796203613281,402.6001892089844
2025-01-09,381.2107063261816,382.4774988857656,373.6586028449976,375.1203002929688,64704.0,382.7893249511719,391.21845092773435,394.5535552978516,40.37309410375743,-0.7279405552376375,381.1132507324219,376.53326416015625,378.5796203613281
2025-01-10,375.7536877905906,383.013433769518,369.9068981353584,378.482177734375,140948.0,377.96572265625,389.0794982910156,393.4036865234375,42.999729450189655,-1.4746523922487995,375.1203002929688,381.1132507324219,376.53326416015625
2025-01-13,373.8047608626248,373.8047608626248,351.19716212155737,355.1924743652344,333495.0,373.2882934570313,384.9916168212891,390.9431625366211,32.36364637201547,-3.9007459533457336,378.482177734375,375.1203002929688,381.1132507324219
2025-01-14,355.2411981963336,365.9603130255977,354.70525435019493,364.0113830566406,101386.0,370.78391723632814,381.5614990234375,389.31336975097656,38.56086299311582,-5.053575873940929,355.1924743652344,378.482177734375,375.1203002929688
2025-01-15,366.4475396933852,370.1992357716591,351.5382375631617,353.6333312988281,162759.0,365.2879333496094,376.718408203125,387.16954650878904,34.54906994705266,-6.727078363646513,364.0113830566406,355.1924743652344,378.482177734375
2025-01-16,358.4569410341728,358.4569410341728,348.4686752066977,349.19952392578125,98565.0,360.10377807617186,371.44655151367186,385.23279724121096,32.97084977755503,-8.31525921168003,353.6333312988281,364.0113830566406,355.1924743652344
2025-01-17,353.29226027963404,353.82823385202664,346.27613039221166,349.7842102050781,104306.0,354.3641845703125,366.1649536132812,382.87215728759764,33.402883274394554,-9.418158016643474,349.19952392578125,353.6333312988281,364.0113830566406
2025-01-20,350.95355331028446,354.120564465604,344.47336720167743,351.24591064453125,152590.0,353.5748718261719,363.43158264160155,380.9475891113281,34.53882913714922,-10.058320201810716,349.7842102050781,349.19952392578125,353.6333312988281
2025-01-21,352.26908996646534,362.7932998460726,349.39440638261783,360.45458984375,403136.0,352.86351318359374,361.82371520996094,379.28856201171874,41.328560622466,-9.71065154806604,351.24591064453125,349.7842102050781,349.19952392578125
2025-01-22,363.0369008711596,364.6447918100149,354.02310019181454,360.6007385253906,142691.0,354.2569946289062,359.7724639892578,377.17397155761716,41.43238721344588,-9.315940297188604,360.45458984375,351.24591064453125,349.7842102050781
2025-01-23,362.50097796111913,363.8165116513823,350.8073980268895,352.95123291015625,106875.0,355.00733642578126,357.55555725097656,374.38700408935546,37.67443110019319,-9.510746001024756,360.6007385253906,360.45458984375,351.24591064453125
2025-01-24,364.9371098236487,370.2966668437557,342.6218692694105,343.6937866210937,863771.0,353.78925170898435,354.07671813964845,371.578108215332,33.69173113692128,-10.293472726507957,352.95123291015625,360.6007385253906,360.45458984375
2025-01-27,342.3782744486847,342.3782744486847,334.631266012637,336.9212646484375,174603.0,350.9243225097656,352.2495971679688,368.62060699462893,31.101403055787912,-11.329673791568439,343.6937866210937,352.95123291015625,360.6007385253906
2025-01-28,341.0627231368718,342.6218729617308,332.6336074984367,340.6729431152344,110370.0,346.9679931640625,349.91575317382814,365.73862609863284,34.12292416004878,-11.713119947280802,336.9212646484375,343.6937866210937,352.95123291015625
2025-01-29,340.8191132321037,343.2552755854425,335.02103493583326,336.4340209960937,138263.0,342.1346496582031,348.19582214355466,362.45711517333984,32.39430836814313,-12.218205509582049,340.6729431152344,336.9212646484375,343.6937866210937
2025-01-30,341.0140249022588,344.9605960978849,337.01871261560984,342.3295288085937,181325.0,340.0103088378906,347.5088226318359,359.4776870727539,37.16217241015119,-12.004392087486622,336.4340209960937,340.6729431152344,336.9212646484375
2025-01-31,343.74250348866667,349.83290929108813,340.2831648882151,349.0046081542969,66591.0,341.0724731445313,347.4308624267578,356.7979080200195,42.13787990394123,-11.167587298011142,342.3295288085937,336.4340209960937,340.6729431152344
2025-02-01,349.3456913667158,349.3456913667158,324.496834658623,336.04425048828125,266483.0,340.8970703125,345.9106964111328,354.6711395263672,36.15219811225587,-11.418579743454586,349.0046081542969,342.3295288085937,336.4340209960937
2025-02-03,324.2045083238428,324.5942883652741,310.5619987055703,316.65240478515625,1024299.0,336.09296264648435,341.5304779052734,351.6770965576172,29.418567239733107,-13.032027843769754,336.04425048828125,349.0046081542969,342.3295288085937
2025-02-04,319.6732196414499,326.0072419093634,319.0398233623207,325.3251342773437,179683.0,333.8711853027344,338.00291748046874,348.88769073486327,35.2290989170986,-13.45577055154854,316.65240478515625,336.04425048828125,349.0046081542969
2025-02-05,332.48744521350443,340.57549221777293,331.1719116134992,334.0953063964844,256107.0,332.2243408203125,336.11732482910156,346.83644104003906,40.55820446632999,-12.934805717067093,325.3251342773437,316.65240478515625,336.04425048828125
2025-02-06,340.52677657065914,340.52677657065914,332.0976312620789,334.4363708496094,96893.0,329.310693359375,335.19158325195315,344.63415069580077,40.76232439929276,-12.352029771089462,334.0953063964844,325.3251342773437,316.65240478515625
2025-02-07,335.6057193816605,337.65210170328186,330.9282995650776,333.7542419433594,150139.0,328.8526916503906,334.8748809814453,343.562239074707,40.46305189858338,-11.80908989971283,334.4363708496094,334.0953063964844,325.3251342773437
2025-02-10,334.6800073298731,334.82617112836084,326.4457664014378,329.46661376953125,88553.0,331.4155334472656,333.754248046875,341.8350006103516,38.547308755887286,-11.591166152247752,333.7542419433594,334.4363708496094,334.0953063964844
2025-02-11,326.5919293511887,328.78447553773924,319.8194156401636,321.7196044921875,34887.0,330.6944274902344,332.2828063964844,340.2393142700195,35.29567393389222,-11.906330153967758,329.46661376953125,333.7542419433594,334.4363708496094
2025-02-12,320.7451454784526,321.81706291500666,310.2209354828398,316.8960266113281,97938.0,327.25457153320315,329.7394561767578,338.6241394042969,33.40614326663861,-12.402355682518248,321.7196044921875,329.46661376953125,333.7542419433594
2025-02-13,319.67322765049755,325.0327850883943,311.2441114458314,311.82879638671875,318090.0,322.733056640625,326.021875,336.7263687133789,31.498453613685953,-13.053865779128955,316.8960266113281,321.7196044921875,329.46661376953125
2025-02-14,313.9238749263614,314.8983398677677,296.6758633064568,304.5202941894531,334446.0,316.8862670898437,322.8694793701172,334.390087890625,28.932169071988156,-13.99856057962711,311.82879638671875,316.8960266113281,321.7196044921875
2025-02-17,303.30220978991616,312.3160104021466,295.3603265495048,310.2209167480469,185282.0,313.03712768554686,322.22633056640626,331.87840423583987,33.48433516656647,-14.12442780520513,304.5202941894531,311.82879638671875,316.8960266113281
2025-02-18,310.2696311283562,312.4621772446283,304.3741301332596,311.6826171875,102658.0,311.02973022460935,320.86207885742186,329.4324981689453,34.64038171203505,-13.945476704089572,310.2209167480469,304.5202941894531,311.82879638671875
2025-02-19,313.58280525562014,317.67556989188245,308.90538544701457,316.1651611328125,66008.0,310.88355712890626,319.0690643310547,327.59319458007815,38.188294783662016,-13.288768185309266,311.6826171875,310.2209167480469,304.5202941894531
2025-02-20,315.19070993214194,323.71727851406234,313.0955864327925,323.1813049316406,85081.0,313.1540588378906,317.9435577392578,326.5675704956055,43.36995552457002,-12.063121627551425,316.1651611328125,311.6826171875,310.2209167480469
2025-02-21,324.59427377433985,324.59427377433985,313.82641846667445,314.7034606933594,84848.0,315.19069213867186,316.0384796142578,325.45668029785156,39.10422365688048,-11.64168102578003,323.1813049316406,316.1651611328125,311.6826171875
2025-02-24,312.36471811250783,316.84726269076094,309.7336806723203,311.1466369628906,74748.0,315.37583618164064,314.20648193359375,323.98036499023436,37.44040236682186,-11.46255901684242,314.7034606933594,323.1813049316406,316.1651611328125
2025-02-25,313.09557329734025,313.09557329734025,301.3045713150929,301.84051513671875,123506.0,313.40741577148435,312.21857299804685,322.2506896972656,33.43228736320462,-11.933962500054918,311.1466369628906,314.7034606933594,323.1813049316406
2025-02-27,305.68965765485615,305.68965765485615,294.7756386428388,299.2094421386719,523943.0,310.0162719726562,310.4499145507813,320.09468536376954,32.37696615647252,-12.377182305834197,301.84051513671875,311.1466369628906,314.7034606933594
2025-02-28,297.65032660039793,297.65032660039793,285.0797051351865,286.63885498046875,278473.0,302.70778198242186,307.93092041015626,316.9763977050781,27.85319216697765,-13.586165661377379,299.2094421386719,301.84051513671875,311.1466369628906
2025-03-03,287.0773737494814,291.2188496936692,280.2073781637841,290.244384765625,252905.0,297.815966796875,306.5033294677734,314.6864044189453,30.83809305038831,-14.090926134723418,286.63885498046875,299.2094421386719,301.84051513671875
2025-03-04,289.3673674405373,308.46685592025943,282.7897292862009,307.2975158691406,299057.0,297.046142578125,306.2109893798828,314.21865997314455,42.876003419715474,-12.965449652480856,290.244384765625,286.63885498046875,299.2094421386719
2025-03-05,305.9332929513177,325.95853643328473,305.9332929513177,318.1141052246094,372998.0,300.3008605957031,306.85413818359376,313.8581085205078,48.945954637939245,-11.073049842851901,307.2975158691406,290.244384765625,286.63885498046875
2025-03-06,324.5942852944482,333.5593451157981,323.37620409005467,330.392333984375,554766.0,306.5374389648438,308.27685546875,313.67295989990237,54.81528105738158,-8.484751973071866,318.1141052246094,307.2975158691406,290.244384765625
2025-03-07,332.29255439026093,332.29255439026093,321.67089217706143,323.814697265625,139366.0,313.972607421875,308.34019470214844,313.1418762207031,51.4057941819982,-6.884902702539648,330.392333984375,318.1141052246094,307.2975158691406
2025-03-10,326.98170563412793,335.16723509381944,316.116427271096,317.2857971191406,283916.0,319.3808898925781,308.5984283447266,312.3184539794922,48.20101308640217,-6.073823055516925,323.814697265625,330.392333984375,318.1141052246094
2025-03-11,313.4853783097118,325.3738325533147,313.4853783097118,321.57342529296875,232536.0,322.23607177734374,309.6411071777344,311.9237945556641,50.38842746701181,-5.02711142013095,317.2857971191406,323.814697265625,330.392333984375
2025-03-12,324.15574549714466,334.19275188629416,317.67555981063254,318.9423522949219,511304.0,322.40172119140624,311.3512908935547,311.7849319458008,49.020423609826395,-4.359635347577182,321.57342529296875,317.2857971191406,323.814697265625
2025-03-13,318.942355680856,319.86810924803234,314.8008797804626,315.6291809082031,52005.0,319.4490905761719,312.99326477050784,311.72158966064455,47.27971122197394,-4.05130012673834,318.9423522949219,321.57342529296875,317.2857971191406
2025-03-17,316.79854925261463,321.9632013976362,315.43430432169464,317.1396179199219,116187.0,318.11407470703125,316.0433410644531,311.9871307373047,48.18307975239487,-3.6430675838158777,315.6291809082031,318.9423522949219,321.57342529296875
2025-03-18,318.1140981589763,320.111739432102,311.58517103018147,314.8983459472656,1042974.0,317.63658447265624,318.5087371826172,312.5060333251953,46.89889815775763,-3.460501759301451,317.1396179199219,315.6291809082031,318.9423522949219
2025-03-19,317.18833847700705,321.8657583011597,316.1164210936317,319.4295959472656,124847.0,317.20781860351565,319.72194519042966,312.9664672851562,49.81126629369148,-2.9165627029519214,314.8983459472656,317.1396179199219,315.6291809082031
2025-03-20,322.9864291560056,330.78214898730886,318.79621190369346,327.9561767578125,207623.0,319.0105834960938,320.70615234375,313.7801452636719,54.83145883462075,-1.7769793582133389,319.4295959472656,314.8983459472656,317.1396179199219
2025-03-21,328.3459864595355,350.7586809690379,325.86108292093,347.9327087402344,582162.0,325.4712890625,322.46018981933594,315.36852264404297,63.93365405309126,0.7296765755295951,327.9561767578125,319.4295959472656,314.8983459472656
2025-03-24,349.5893004654026,361.4777847389229,345.2042081947564,352.5126953125,459010.0,332.5459045410156,325.3299896240234,316.83509216308596,65.6430905240347,3.050620448750749,347.9327087402344,327.9561767578125,319.4295959472656
2025-03-25,351.7331447621939,355.6797160171973,343.6938087152298,352.1229248046875,215393.0,339.9908203125,328.81370239257814,318.70606536865233,65.35917649915436,4.803166058785166,352.5126953125,347.9327087402344,327.9561767578125
2025-03-26,349.784206322335,354.948858671232,342.0371980606793,342.96295166015625,46500.0,344.69749145507814,330.95265502929686,320.2968811035156,58.91063579549415,5.390796060145362,352.1229248046875,352.5126953125,347.9327087402344
2025-03-27,341.40380173686435,354.3154623454185,340.38059569470977,350.4176025390625,152499.0,349.1897766113281,334.1001800537109,322.7257354736328,62.18090703295884,6.384429367104985,342.96295166015625,352.1229248046875,352.5126953125
2025-03-28,353.2435508683507,359.9673531992861,348.8584585127436,350.9535522460937,171196.0,349.7939453125,337.6326171875,325.3129409790039,62.41252853676114,7.1329137937214,350.4176025390625,342.96295166015625,352.1229248046875
2025-04-01,347.8352903711741,354.02311927227913,340.624225648402,352.3665466308594,104365.0,349.76471557617185,341.1553100585937,328.5993255615234,63.05495736585883,7.750763950183114,350.9535522460937,350.4176025390625,342.96295166015625
2025-04-02,351.58694200606243,353.77948814319694,343.9861272926537,352.8050231933594,54910.0,349.90113525390626,344.94597778320315,331.7273574829102,63.26478137022115,8.181484978605454,352.3665466308594,350.9535522460937,350.4176025390625
2025-04-03,352.2203637982053,364.69350311150464,350.5637615079861,353.1460876464844,118798.0,351.93776245117186,348.317626953125,334.01978607177733,63.43871964260864,8.452915598517848,352.8050231933594,352.3665466308594,350.9535522460937
2025-04-04,361.67266239593016,368.2015894950858,341.54996700641004,348.9071655273437,570695.0,351.6356750488281,350.4127258300781,335.55943908691404,59.65791484105005,8.231097760187026,353.1460876464844,352.8050231933594,352.3665466308594
2025-04-07,332.3412722767405,357.5311981653143,332.3412722767405,344.32720947265625,553660.0,350.31040649414064,350.0521759033203,336.2561828613281,55.78916819646922,7.598154551888001,348.9071655273437,353.1460876464844,352.8050231933594
2025-04-08,351.2458972841454,362.1598866997386,344.2297378654493,359.7237243652344,451787.0,351.78184204101564,350.7732788085938,338.05163421630857,64.195172443893,8.243882234230966,344.32720947265625,348.9071655273437,353.1460876464844
2025-04-09,361.5265057718361,372.9764692295695,355.77716836625353,369.7120056152344,579307.0,355.1632385253906,352.5321868896484,340.6729446411133,68.39361968756984,9.452632828838944,359.7237243652344,344.32720947265625,348.9071655273437
2025-04-11,374.24326750072606,374.8766935348525,367.4220125709712,372.3430786132813,285998.0,359.00263671875,355.47019958496094,343.21142730712893,69.41112670415909,10.501823501622823,369.7120056152344,359.7237243652344,344.32720947265625
2025-04-15,375.3639200257432,375.6562476227322,366.5449941646354,369.419677734375,131788.0,363.1051391601562,357.3704071044922,345.73529357910155,66.83648721317633,10.970954317576343,372.3430786132813,369.7120056152344,359.7237243652344
2025-04-16,370.2479601985464,381.259401957194,367.8117978857209,380.0413208007813,216706.0,370.2479614257813,360.27918395996096,348.95590057373045,71.03967485980694,12.060792388733887,369.419677734375,372.3430786132813,369.7120056152344
2025-04-17,380.041336872963,381.2107067278964,375.3151758385473,377.8000793457031,100415.0,373.86323242187507,362.8225372314453,351.98892364501955,69.05097298844873,12.598420705745866,380.0413208007813,369.419677734375,372.3430786132813
2025-04-21,376.87431491839646,386.86258053678966,374.68176880704186,385.059814453125,184698.0,376.93279418945315,366.0480163574219,355.4969970703125,71.8043613048,13.455191894814561,377.8000793457031,380.0413208007813,369.419677734375
2025-04-22,385.6932111851077,391.73490570574415,382.9647212496454,387.7395935058594,201660.0,380.01209716796876,369.5073669433594,358.91249694824216,72.76746153741081,14.186887401627132,385.059814453125,377.8000793457031,380.0413208007813
2025-04-23,388.1781060525425,388.61659742267904,374.291980970342,378.8719482421875,112276.0,381.9025512695313,372.50384521484375,361.4582855224609,64.87097363994704,13.89108867622582,387.7395935058594,385.059814453125,377.8000793457031
2025-04-24,380.0413417822625,383.7442968068678,377.5077268893852,380.4311218261719,129652.0,381.9805114746094,376.11423645019534,363.0832061767578,65.57826818044074,13.625413052753686,378.8719482421875,387.7395935058594,385.059814453125
2025-04-25,379.11557228309766,382.9647206840244,368.34774661211503,370.1505126953125,133267.0,380.4505981445312,377.15691528320315,363.96509704589846,57.375346303936766,12.441881701386421,380.4311218261719,378.8719482421875,387.7395935058594
2025-04-28,368.0554383204962,382.9160294059711,368.0554383204962,382.1851806640625,96230.0,379.87567138671875,378.40423278808595,365.4682098388672,63.18133998933231,12.332856216182563,370.1505126953125,380.4311218261719,378.8719482421875
2025-04-29,382.6723851394604,386.4240512825791,379.4079217169632,380.9670715332031,142267.0,378.5211669921875,379.2666320800781,367.36841583251953,62.25698130924419,12.009720920000689,382.1851806640625,370.1505126953125,380.4311218261719
2025-04-30,385.8393965612042,392.4657461148715,364.74220727487216,369.0298767089844,189070.0,376.55275268554686,379.22765197753904,368.2990295410156,53.93007825453257,10.667434466416239,380.9670715332031,382.1851806640625,370.1505126953125
2025-05-02,369.0785896857562,380.3336476541169,369.0785896857562,374.9740905761719,242119.0,375.4613464355469,378.72092895507814,369.5000564575195,57.01331075532692,9.968401633595306,369.0298767089844,380.9670715332031,382.1851806640625
2025-05-05,380.528563568659,403.4772012816369,380.528563568659,399.92041015625,841490.0,381.4153259277344,380.93296203613284,371.87774963378905,66.99608057557,11.297146114170914,374.9740905761719,369.0298767089844,380.9670715332031
2025-05-06,400.4563872512377,400.89487864029945,385.0111116858819,386.76513671875,223395.0,382.33131713867186,381.10349426269534,373.5757553100586,59.18983403926465,11.16001930918975,399.92041015625,374.9740905761719,369.0298767089844
2025-05-07,385.4008861523131,394.6583031395368,382.5262026662196,386.5215148925781,293808.0,383.44220581054685,380.9816864013672,375.2445266723633,59.05260912887679,10.905969851242787,386.76513671875,399.92041015625,374.9740905761719
2025-05-08,386.9600426948936,392.4170524345086,375.1690106967618,377.2153930664063,172726.0,385.0793090820313,380.81603088378904,376.6599380493164,53.910985020995206,9.840275003740771,386.5215148925781,386.76513671875,399.92041015625
2025-05-09,370.34540528296543,377.94625000133874,370.34540528296543,376.2409362792969,155809.0,385.3326782226562,380.3970123291016,378.25562438964846,53.38681308709682,8.81545456750979,377.2153930664063,386.5215148925781,386.76513671875
2025-05-12,385.88810895167416,386.81386252251326,376.3870759661216,379.4566345214844,113368.0,381.23992309570315,381.32762451171874,379.2422698974609,54.94367345766886,8.16859448929813,376.2409362792969,377.2153930664063,386.5215148925781
2025-05-13,380.4798500807692,383.3545038286324,376.4357967640113,379.0668640136719,145079.0,379.7002685546875,381.0157928466797,379.7100128173828,54.705173865759875,7.5376130827905286,379.4566345214844,376.2409362792969,377.2153930664063
2025-05-14,382.4775062743832,387.8370636871453,382.4775062743832,386.3753662109375,174432.0,379.67103881835936,381.55662231445314,380.4116271972656,58.355500174827256,7.540370126672826,379.0668640136719,379.4566345214844,376.2409362792969
2025-05-15,388.3242777001044,396.899557257129,387.6908814382178,392.2221374511719,404933.0,382.6723876953125,383.8758483886719,381.55175018310547,61.05921101166235,7.923009161679943,386.3753662109375,379.0668640136719,379.4566345214844
2025-05-16,392.4170368922657,400.6512476592233,392.4170368922657,399.4331665039063,103358.0,387.3108337402344,386.32175598144534,382.5213424682617,64.15057807255693,8.707745661556885,392.2221374511719,386.3753662109375,379.0668640136719
2025-05-19,400.0178617148949,400.9436153121171,393.97616713349936,394.5608520507813,67319.0,390.33167724609376,385.7858001708984,383.3593811035156,60.647258543595896,8.83465947959803,399.4331665039063,392.2221374511719,386.3753662109375
2025-05-20,395.5353244154672,399.8717054167681,382.8185684831521,388.2268371582031,143262.0,392.163671875,385.9319702148438,383.51773223876955,56.339783188630456,8.328135961224007,394.5608520507813,399.4331665039063,392.2221374511719
2025-05-21,384.8162077243785,395.4378698674362,380.33366294944017,394.51214599609375,678806.0,393.79102783203126,386.7310333251953,383.8563598632812,59.419832621421946,8.337771676503792,388.2268371582031,394.5608520507813,399.4331665039063
2025-05-22,394.1223585544763,396.6072322667202,387.8370477694217,391.0040588378906,53472.0,393.547412109375,388.1098999023437,384.4629653930664,57.00272572401951,7.97045627640756,394.51214599609375,388.2268371582031,394.5608520507813
2025-05-23,393.196598088308,401.28464508798527,393.196598088308,397.6304016113281,283033.0,393.1868591308594,390.24884643554685,385.3229293823242,60.28871806392315,8.120439289296883,391.0040588378906,394.51214599609375,388.2268371582031
2025-05-26,397.8740160333036,406.64420033738793,397.8740160333036,403.9157104492188,81270.0,395.05783081054693,392.6947540283203,387.01118927001954,63.16433814017019,8.646798887155342,397.6304016113281,391.0040588378906,394.51214599609375
2025-05-27,403.9157195163452,404.84147310899255,396.0225475178209,400.8461608886719,85749.0,397.5816955566406,394.8726837158203,387.94423828125,60.84699962942646,8.715785514412119,403.9157104492188,397.6304016113281,391.0040588378906
2025-05-28,400.5538063753946,409.6163482663498,398.6048764726056,407.37506103515625,88857.0,400.15427856445314,396.9726531982422,389.26463775634767,63.882209744738105,9.191333618513397,400.8461608886719,403.9157104492188,397.6304016113281
2025-05-29,407.4725279786372,409.2265827965549,401.9668067549888,404.2568054199219,53743.0,402.80482788085936,398.1761199951172,391.0259841918945,61.432697211994146,9.21041976360516,407.37506103515625,400.8461608886719,403.9157104492188
2025-05-30,403.72080366144894,408.3982531111748,398.7510563699348,400.6512451171875,135816.0,403.40899658203125,398.2979278564453,392.3098419189453,58.633144461902354,8.832788203403652,404.2568054199219,407.37506103515625,400.8461608886719
2025-06-02,398.7997714191823,401.9667824322851,396.6559366842196,397.6304016113281,70380.0,402.1519348144531,398.6048828125,392.1953414916992,56.31749638059823,8.195285496756696,400.6512451171875,404.2568054199219,407.37506103515625
2025-06-03,398.9946735680943,399.5306173790107,390.9553379744922,391.3938293457031,77025.0,400.2614685058594,398.92158203125,392.42677612304686,51.771563023579866,7.104919657006178,397.6304016113281,400.6512451171875,404.2568054199219
2025-06-04,393.6351367389748,397.0944754890148,391.2476856658637,396.2661743164063,34321.0,398.03969116210936,399.09698486328125,392.9140090942383,54.83863216200688,6.558353772733426,391.3938293457031,397.6304016113281,400.6512451171875
2025-06-05,397.5816972108645,398.9459421850044,389.6885252156338,391.0040588378906,94258.0,395.38914184570314,399.09698486328125,393.6034423828125,51.061833671554275,5.63562366827648,396.2661743164063,391.3938293457031,397.6304016113281
2025-06-06,391.734903213213,397.0457489953827,391.734903213213,396.4123229980469,121599.0,394.541357421875,398.9751770019531,394.61201171875,54.52810428490622,5.279891825215543,391.0040588378906,396.2661743164063,391.3938293457031
2025-06-09,397.0944686674736,399.043398575044,394.6583062830106,397.8253173828125,37720.0,394.58034057617186,398.3661376953125,395.5304458618164,55.416599686250876,5.053732334135248,396.4123229980469,391.0040588378906,396.2661743164063
2025-06-10,397.7278786585943,399.62809727934376,394.0249236018086,394.70703125,39741.0,395.24298095703125,397.7522247314453,396.3124542236328,52.957371888804126,4.570197288259521,397.8253173828125,396.4123229980469,391.0040588378906
2025-06-11,396.1200017440718,412.1499620494574,396.1200017440718,404.1106262207031,238882.0,396.81187133789064,397.42578125,397.19921722412107,58.88310193849391,4.88942159712235,394.70703125,397.8253173828125,396.4123229980469
2025-06-12,400.7000043495553,400.7000043495553,380.3336628490492,382.2825927734375,335270.0,395.067578125,395.2283599853516,396.7022399902344,44.78184939132632,3.342538582949544,404.1106262207031,394.70703125,397.8253173828125
2025-06-13,365.4730765246139,378.57964231741374,361.8675739645775,376.8743286132813,382879.0,391.15997924804685,392.850668334961,395.5742980957031,42.092194568480636,1.6610731136797767,382.2825927734375,404.1106262207031,394.70703125
2025-06-16,373.4149773231419,385.88811667384107,373.4149773231419,385.3521728515625,275822.0,388.66535034179685,391.62284545898444,395.1138641357422,47.4231082626333,1.001051296494495,376.8743286132813,382.2825927734375,404.1106262207031
2025-06-17,385.2059844765829,390.6629941674341,381.8440982277829,382.916015625,176641.0,386.30714721679686,390.7750640869141,394.848323059082,46.10951867380344,0.2781948655666042,385.3521728515625,376.8743286132813,382.2825927734375
2025-06-18,380.9670973793966,385.20599626902816,378.5796462733393,383.9879150390625,39182.0,382.28260498046876,389.5472381591797,394.32211151123045,46.80767401791046,-0.20580830928719251,382.916015625,385.3521728515625,376.8743286132813
2025-06-19,384.47514155101214,386.22919633786734,379.2617777584954,381.06451416015625,100581.0,382.0389892578125,388.55328369140625,393.82513427734375,45.09190960820169,-0.815873450190395,383.9879150390625,382.916015625,385.3521728515625
2025-06-20,379.16432245200434,384.0853586120565,378.5796375274658,381.9902648925781,104352.0,383.0621765136719,387.1110778808594,393.0431274414062,45.769819573743696,-1.2106979500188686,381.06451416015625,383.9879150390625,382.916015625
2025-06-23,380.1387795910264,387.1061979744335,374.194537500774,383.2570495605469,90215.0,382.6431518554688,385.6542510986328,392.0101943969727,46.73885486844416,-1.4051822091346935,381.9902648925781,381.06451416015625,383.9879150390625
2025-06-24,401.5282778403223,403.4284964216908,393.68384674966927,395.6814880371094,688872.0,385.1962463378906,385.75169677734374,391.75196075439453,55.19518434576584,-0.5504191466747557,383.2570495605469,381.9902648925781,381.06451416015625
2025-06-25,398.1176295528263,400.992312950468,394.804454785952,397.67913818359375,220557.0,387.9344909667969,385.1085479736328,391.2671646118164,56.39398008251928,0.2848963030824052,395.6814880371094,383.2570495605469,381.9902648925781
2025-06-26,397.1431737673036,413.5142025761395,397.1431737673036,409.5188903808594,382899.0,393.6253662109375,387.832177734375,391.53026885986327,62.7546194859369,1.880580704775582,397.67913818359375,395.6814880371094,383.2570495605469
2025-06-27,409.3239977654941,429.0569133603794,408.5931490397576,427.8875732421875,567745.0,402.80482788085936,392.9335021972656,392.89208526611327,70.05301666508706,4.574637706951364,409.5188903808594,397.67913818359375,395.6814880371094
2025-06-30,429.59287966656143,431.6392620116595,425.2564987385752,426.7669372558594,207833.0,411.5068054199219,397.0749786376953,394.34891204833986,69.16259121121443,6.543838040721653,427.8875732421875,409.5188903808594,397.67913818359375
2025-07-01,428.61842495081794,430.12883376586046,422.7716351042363,429.3492736816406,73748.0,418.2403625488281,401.7183044433594,396.2466842651367,70.10555319838785,8.218083509513178,426.7669372558594,427.8875732421875,409.5188903808594
2025-07-02,433.1009723398906,435.1960660996326,422.18695266646034,425.7437438964844,124830.0,423.85328369140626,405.8938873291016,397.72056274414064,67.02387836084966,9.148540306935502,429.3492736816406,426.7669372558594,427.8875732421875
2025-07-03,425.3052368164063,430.0313680054059,424.2820307819501,425.3052368164063,93177.0,427.01055297851565,410.3179595947266,399.4356216430664,66.64020387985434,9.738293183918927,425.7437438964844,429.3492736816406,426.7669372558594
2025-07-04,427.6439525441989,435.0011510779594,425.30524259387374,433.29583740234375,147101.0,428.0922058105469,415.4485168457031,401.27979736328126,70.0092585514739,10.72679940853726,425.3052368164063,425.7437438964844,429.3492736816406
2025-07-07,435.1473192323185,443.3815601009461,430.22628304300594,435.34222412109375,345105.0,429.80726318359376,420.6570343017578,403.1556427001953,70.82196495468051,11.542271893611087,433.29583740234375,425.3052368164063,425.7437438964844
2025-07-08,436.4628397614804,443.3815467686085,433.0035011270712,441.1402893066406,400013.0,432.16546630859375,425.2029144287109,405.47730560302733,73.05029996093339,12.512162694226959,435.34222412109375,433.29583740234375,425.3052368164063
2025-07-09,441.4326160473712,443.23538212679387,431.8828715690433,433.68560791015625,133982.0,433.75383911132815,428.8035614013672,406.9560546875,66.06439634969365,12.534784461437425,441.1402893066406,435.34222412109375,433.29583740234375
2025-07-10,435.0499010927246,438.02200737872414,428.7645900926332,429.9339599609375,167623.0,434.67958374023436,430.845068359375,409.338623046875,62.80902660622909,12.110384762175386,433.68560791015625,441.1402893066406,435.34222412109375
2025-07-11,432.1752113784379,432.9060601011748,422.2356568538914,424.62310791015625,63487.0,432.9450378417969,430.51862182617185,411.72606201171874,58.42044178179238,11.216210079076632,429.9339599609375,433.68560791015625,441.1402893066406
2025-07-14,425.3052487586568,426.2309726387088,417.21717165122834,418.9224853515625,495363.0,429.6610900878906,429.7341766357422,413.4045776367187,54.054508224992404,9.933075293295758,424.62310791015625,429.9339599609375,433.68560791015625
2025-07-15,421.4560826546177,429.7390345680611,418.28907162888936,422.6741638183594,162564.0,425.9678649902344,429.06666564941406,415.3924850463867,56.365661196016546,9.113852016393764,418.9224853515625,424.62310791015625,429.9339599609375
2025-07-16,422.6741632538526,436.9500685261767,422.6741632538526,434.6113586425781,259505.0,426.15301513671875,429.95342712402345,417.9236572265625,62.78090229016967,9.32040371401348,422.6741638183594,418.9224853515625,424.62310791015625
2025-07-17,433.8805228488699,434.8549878075423,427.30288437783145,428.5209655761719,104938.0,425.87041625976565,430.275,420.2964797973633,58.08842771362922,8.890173218657253,434.6113586425781,422.6741638183594,418.9224853515625
2025-07-18,430.1775638365556,430.7135076634372,418.53269579512727,419.312255859375,114167.0,424.80824584960936,428.87664184570315,422.16257934570314,51.78577989186495,7.71718760279424,428.5209655761719,434.6113586425781,422.6741638183594
2025-07-21,420.4816244842854,423.4050193242689,417.2659020556277,421.1150207519531,146915.0,425.2467529296875,427.45392150878905,424.05547790527345,52.864009003298534,6.8540469253546235,419.312255859375,428.5209655761719,434.6113586425781
2025-07-22,421.9433257154969,426.2797066626316,417.5582334159132,418.09417724609375,103953.0,424.33075561523435,425.14931030273436,425.17611236572264,50.813376757099554,5.858709340849259,421.1150207519531,419.312255859375,428.5209655761719
2025-07-23,419.50716941842273,424.86672675129455,417.60695083235294,423.405029296875,62054.0,422.08948974609376,424.1212524414062,426.46240692138673,54.17862036075083,5.435778242044478,418.09417724609375,421.1150207519531,419.312255859375
2025-07-24,423.74609375,425.6950236697532,421.115026463009,423.74609375,225172.0,421.1345153808594,423.5024658203125,427.17376708984375,54.39441688752979,5.069683198021721,423.405029296875,418.09417724609375,421.1150207519531
2025-07-25,423.1127027846727,423.1127027846727,409.7625207714671,411.46783447265625,54166.0,419.5656311035156,422.1869384765625,426.3527801513672,45.99626243317628,3.745620150546017,423.74609375,423.405029296875,418.09417724609375
2025-07-28,411.56527043117615,419.70205857000025,408.78803942425526,411.029296875,113596.0,417.548486328125,421.3976196289062,425.5658981323242,45.724721492828586,2.6305806309095487,411.46783447265625,423.74609375,423.405029296875
2025-07-29,413.1244430442097,415.99909691224826,409.0316782043745,414.6835632324219,84755.0,416.8663635253906,420.5985595703125,424.8326126098633,48.455420457432396,2.0185044701806305,411.029296875,411.46783447265625,423.74609375
2025-07-30,414.1476056478783,424.5256514652748,405.5235848531957,415.4143981933594,182837.0,415.2682373046875,418.6788635253906,424.316145324707,49.00797835897026,1.574254945465782,414.6835632324219,411.029296875,411.46783447265625
2025-07-31,409.2752654919915,410.2497304098296,399.9691374219616,407.8135681152344,230701.0,412.08173217773435,416.6081237792969,423.4415618896484,43.75453280320961,0.6019219504061084,415.4143981933594,414.6835632324219,411.029296875
2025-08-01,408.9829433073622,409.2265595400356,391.8810659307065,393.14788818359375,172172.0,408.41774291992186,413.99168701171874,421.4341644287109,35.78392732243029,-1.3366487035225987,407.8135681152344,415.4143981933594,414.6835632324219
2025-08-04,394.9993610351667,399.0433845031041,389.54235153874447,398.2638244628906,95870.0,405.8646484375,411.7065673828125,419.58024444580076,39.897049962094336,-2.4321305245938447,393.14788818359375,407.8135681152344,415.4143981933594
2025-08-05,397.53300316197175,397.53300316197175,384.4264371974318,392.0272521972656,280489.0,401.33338623046876,409.09987487792966,417.12459259033204,36.802412871167846,-3.760201755744049,398.2638244628906,393.14788818359375,407.8135681152344
2025-08-06,394.9506455212872,394.9506455212872,389.59108811741015,391.1502380371094,27967.0,396.4805541992188,405.8743957519531,414.99782409667966,36.3751267495781,-4.8278233455665145,392.0272521972656,398.2638244628906,393.14788818359375
2025-08-07,391.1989558794375,392.70936461725705,382.2825780286215,392.2708435058594,256241.0,393.37200927734375,402.72687072753905,413.11466827392576,37.37562586238801,-5.519868048398223,391.1502380371094,392.0272521972656,398.2638244628906
2025-08-08,397.1919132713891,404.69527542446,389.5423575874876,399.0921020507813,540227.0,394.5608520507813,401.4892974853516,411.838117980957,43.22785763288406,-5.455017854174059,392.2708435058594,391.1502380371094,392.0272521972656
2025-08-11,404.89019729692944,407.27764838209134,390.5655502625801,399.8229675292969,477171.0,394.8726806640625,400.36866455078126,410.8831420898438,43.833495659660976,-5.283741192559262,399.0921020507813,392.2708435058594,391.1502380371094
2025-08-12,404.208039869311,404.208039869311,396.4123204524424,397.6304016113281,260028.0,395.993310546875,398.66334838867186,409.6309539794922,42.37310828778988,-5.264242044379273,399.8229675292969,399.0921020507813,392.2708435058594
2025-08-13,399.6280947799359,402.6489421696368,396.41234249865,400.7000122070313,195727.0,397.90326538085935,397.19190979003906,407.93538665771484,45.12935046006348,-4.944104350343025,397.6304016113281,399.8229675292969,399.0921020507813
2025-08-14,402.0,406.0,393.7999877929688,394.2999877929688,240190.0,398.30909423828126,395.8405517578125,406.22433776855473,40.75279344741368,-5.147484408270145,400.7000122070313,397.6304016113281,399.8229675292969
2025-08-18,398.9500122070313,398.9500122070313,383.3500061035156,387.2000122070313,233721.0,395.93067626953126,395.2457641601562,404.61872558593757,36.52142249551282,-5.814546786341737,394.2999877929688,400.7000122070313,397.6304016113281
2025-08-19,387.3500061035156,398.0,386.0,395.6000061035156,180047.0,395.086083984375,394.97938232421876,403.34297485351567,43.93793308207063,-5.60082638099351,387.2000122070313,394.2999877929688,400.7000122070313
2025-08-20,392.0499877929688,397.0,390.1000061035156,390.5499877929688,201878.0,393.67000122070317,394.83165588378904,401.9657653808594,40.84804746555231,-5.772405001223092,395.6000061035156,387.2000122070313,394.2999877929688
2025-08-21,392.0499877929688,395.2999877929688,390.25,393.0499877929688,86406.0,392.1399963378907,395.021630859375,400.4480133056641,42.9856108165979,-5.641620102528577,390.5499877929688,395.6000061035156,387.2000122070313
2025-08-22,393.9500122070313,393.9500122070313,387.8999938964844,390.4500122070313,45151.0,391.37000122070316,394.8395477294922,398.78320922851566,41.3135340895461,-5.682266794423526,393.0499877929688,390.5499877929688,395.6000061035156
2025-08-25,391.0499877929688,391.5,387.75,390.1499938964844,41972.0,391.9599975585937,393.9453369140625,397.71731719970705,41.11478994136674,-5.673290400659255,390.4500122070313,393.0499877929688,390.5499877929688
2025-08-26,388.9500122070313,391.3999938964844,382.0499877929688,383.2000122070313,72405.0,389.47999877929686,392.283041381836,396.3258529663086,36.709259474559545,-6.156019225208809,390.1499938964844,390.4500122070313,393.0499877929688
2025-08-28,382.3500061035156,386.5499877929688,380.6499938964844,381.7000122070313,80348.0,387.71000366210944,390.6900024414063,394.6766754150391,35.81721956602878,-6.5837296236426255,383.2000122070313,390.1499938964844,390.4500122070313
2025-08-29,382.1499938964844,383.6000061035156,375.1000061035156,375.8999938964844,67849.0,384.28000488281253,388.2100006103516,392.7009552001954,32.52596386131398,-7.306481628685503,381.7000122070313,383.2000122070313,390.1499938964844
2025-09-01,377.0499877929688,385.6000061035156,376.25,385.25,97984.0,383.2400024414063,387.3050018310547,391.57277679443365,41.8090506596485,-7.043606141430871,375.8999938964844,381.7000122070313,383.2000122070313
2025-09-02,385.8500061035156,387.2000122070313,381.8500061035156,384.7000122070313,84956.0,382.1500061035157,387.0550018310547,391.1503829956055,41.44782111300007,-6.801254217334986,385.25,375.8999938964844,381.7000122070313
2025-09-03,382.0499877929688,391.6499938964844,382.0499877929688,387.2000122070313,66499.0,382.95000610351565,386.2150024414063,390.5971923828125,43.823770514668695,-6.334439983729055,384.7000122070313,385.25,375.8999938964844
2025-09-04,388.3999938964844,391.7000122070313,383.7000122070313,384.5,153994.0,383.5100036621094,385.6100036621094,390.2208297729493,41.848683085031276,-6.111900575239929,387.2000122070313,384.7000122070313,385.25
2025-09-05,385.9500122070313,386.5499877929688,380.2999877929688,383.6499938964844,166481.0,385.06000366210935,384.6700042724609,389.845817565918,41.21886716262871,-5.93570180390941,384.5,387.2000122070313,384.7000122070313
2025-09-08,383.9500122070313,395.2000122070313,383.9500122070313,394.0499877929688,216171.0,386.82000122070315,385.0300018310547,389.9347747802735,50.94632043548946,-4.900381865353495,383.6499938964844,384.5,387.2000122070313
2025-09-09,394.0499877929688,396.9500122070313,389.2000122070313,389.75,78118.0,387.8299987792969,384.99000244140626,389.4676696777344,47.4499624231843,-4.376407927002674,394.0499877929688,383.6499938964844,384.5
2025-09-10,391.4500122070313,394.0,389.0,392.6499938964844,65136.0,388.9199951171875,385.93500061035155,389.1090209960938,49.94493429434015,-3.684674896073716,389.75,394.0499877929688,383.6499938964844
2025-09-11,392.4500122070313,405.5,392.0,397.8999938964844,214753.0,391.59999389648436,387.55499877929685,389.1225006103516,54.18566694798353,-2.6819248018009603,392.6499938964844,389.75,394.0499877929688
2025-09-12,399.4500122070313,400.7000122070313,396.6000061035156,398.6499938964844,80121.0,394.59999389648436,389.8299987792969,389.0199996948242,54.775130322414675,-1.805902080626538,397.8999938964844,392.6499938964844,389.75
2025-09-15,399.0,400.5499877929688,396.0,399.7999877929688,261497.0,395.7499938964844,391.2849975585938,389.29499969482424,55.71598256773596,-1.0072420072731916,398.6499938964844,397.8999938964844,392.6499938964844
2025-09-16,400.2999877929688,402.75,400.2999877929688,401.7999877929688,208419.0,398.1599914550781,392.9949951171875,390.0249984741211,57.37675363260068,-0.21048847963419348,399.7999877929688,398.6499938964844,397.8999938964844
2025-09-17,403.2999877929688,408.2000122070313,402.5,405.4500122070313,99822.0,400.7199951171875,394.81999511718755,390.5174987792969,60.302749079998456,0.7073173825111212,401.7999877929688,399.7999877929688,398.6499938964844
2025-09-18,405.6499938964844,409.0,405.1000061035156,408.7000122070313,66489.0,402.8799987792969,397.23999633789066,391.425,62.754483360935,1.6775947117416763,405.4500122070313,401.7999877929688,399.7999877929688
2025-09-19,408.1499938964844,415.8999938964844,408.1499938964844,413.0499877929688,252190.0,405.7599975585938,400.1799957275391,392.425,65.7991388000145,2.765672213444475,408.7000122070313,405.4500122070313,401.7999877929688
2025-09-22,412.5499877929688,417.2999877929688,410.0,412.5,122770.0,408.30000000000007,402.02499694824223,393.5274993896484,65.07482283650975,3.542763284416992,413.0499877929688,408.7000122070313,405.4500122070313
2025-09-23,412.0,425.1000061035156,412.0,424.4500122070313,172768.0,412.8300048828125,405.49499816894536,395.2425003051758,72.22820961903466,5.064499276373283,412.5,413.0499877929688,408.7000122070313
2025-09-24,422.2000122070313,431.0,422.2000122070313,424.8500061035156,363075.0,416.7100036621094,408.7149993896485,397.325,72.43175065339811,6.230935828464567,424.4500122070313,412.5,413.0499877929688
2025-09-25,424.8500061035156,427.5499877929688,420.75,423.2999877929688,199482.0,419.62999877929695,411.25499877929695,399.40499877929693,70.28213319425025,6.950154619962973,424.8500061035156,424.4500122070313,412.5
2025-09-26,424.4500122070313,425.2000122070313,420.25,422.1000061035156,57143.0,421.44000244140625,413.6000000000001,401.7149993896485,68.58512245362172,7.338716049813456,423.2999877929688,424.8500061035156,424.4500122070313
2025-09-29,421.8500061035156,444.5,421.3500061035156,441.8500061035156,370157.0,427.31000366210935,417.80500183105477,404.54499969482424,78.00037689598777,9.135011004256796,422.1000061035156,423.2999877929688,424.8500061035156
