Date,Open,High,Low,Close,Volume,MA_5,MA_10,MA_20,RSI,MACD,Close_Lag1,Close_Lag2,Close_Lag3
2020-01-28,139.01174478971092,142.13660745059923,135.4404731772671,136.02081298828125,12763.0,135.66366271972657,134.6994171142578,134.11685485839843,54.2743894077276,0.7940453105223639,138.29745483398438,136.60113525390625,133.02984619140625
2020-01-29,136.1547233124993,137.71715456362634,134.81549652581896,135.30654907226562,4233.0,135.85115966796874,134.9672637939453,134.23738555908204,52.505180324162936,0.7566417871622093,136.02081298828125,138.29745483398438,136.60113525390625
2020-01-30,134.90479327457308,134.90479327457308,131.11031711138784,131.69064331054688,2700.0,135.58331909179688,134.7976333618164,134.03203659057618,44.582196766050146,0.4302660110915326,135.30654907226562,136.02081298828125,138.29745483398438
2020-01-31,132.31559442999588,134.1012300191276,129.45858021204882,131.02101135253906,3970.0,134.46729431152343,134.30211944580077,133.95614776611328,43.27970599617368,0.11623724388920209,131.69064331054688,135.30654907226562,136.02081298828125
2020-02-03,129.01219103344465,130.3514179299856,126.69085896344548,128.1640167236328,4168.0,132.44060668945312,133.71286163330078,133.87356338500976,38.15756241175532,-0.35902973493011814,131.02101135253906,131.69064331054688,135.30654907226562
2020-02-04,129.45859999895828,129.81572172204102,127.89616861966051,128.1640167236328,2465.0,130.86924743652344,133.266455078125,133.77981872558593,38.15756241175532,-0.727298396569978,128.1640167236328,131.02101135253906,131.69064331054688
2020-02-05,129.68180452663051,129.68180452663051,125.39627573155109,126.6015853881836,3234.0,129.12825469970704,132.48970718383788,133.50751152038575,35.49331305596655,-1.1321780710920848,128.1640167236328,128.1640167236328,131.02101135253906
2020-02-06,128.2086424182356,129.68178634912195,124.90520563667712,126.7801284790039,8594.0,128.14615173339843,131.86473541259767,133.17717056274415,36.04286661895162,-1.4222464234175618,126.6015853881836,128.1640167236328,128.1640167236328
2020-02-07,128.38720692452384,130.35140342962146,124.99449643936305,125.79802703857422,5059.0,127.10155487060547,130.78442459106446,132.7642421722412,34.31129528743459,-1.711644291018331,126.7801284790039,126.6015853881836,128.1640167236328
2020-02-10,125.88727727193812,128.6996471659214,124.10164213332908,126.0211944580078,3451.0,126.67299041748046,129.5567985534668,132.26202964782715,35.07459457902996,-1.9010720650411201,125.79802703857422,126.7801284790039,126.6015853881836
2020-02-11,126.37837544894133,126.60157992213855,123.43207367807376,125.48555755615234,1760.0,126.13729858398438,128.5032730102539,131.60134506225586,34.05184527272927,-2.0705483694515294,126.0211944580078,125.79802703857422,126.7801284790039
2020-02-12,128.5657664822942,128.5657664822942,123.20885954553194,124.01239013671876,26806.0,125.61945953369141,127.37385711669921,131.17056045532226,31.344726457418517,-2.2972505859164585,125.48555755615234,126.0211944580078,125.79802703857422
2020-02-13,125.44091578892298,125.61947664545316,122.76246207101003,123.43207550048828,1009.0,124.94984893798828,126.54800033569336,130.67281684875488,30.322088567024423,-2.4949796941747167,124.01239013671876,125.48555755615234,126.0211944580078
2020-02-14,123.20887539950284,124.45881506292318,120.97683055530896,122.76246643066406,4140.0,124.34273681640624,125.72214584350586,130.01213264465332,29.140681441423965,-2.67487895328982,123.43207550048828,124.01239013671876,125.48555755615234
2020-02-17,122.94101701649096,125.3516225220458,120.97682044245812,122.40533447265624,2657.0,123.61956481933593,125.1462776184082,129.4295696258545,28.502828583589874,-2.813831874280467,122.76246643066406,123.43207550048828,124.01239013671876
2020-02-18,122.3160397801183,123.25350120382672,120.53040416289028,122.94100952148438,2059.0,123.11065521240235,124.62397689819336,128.9452159881592,30.94444159263709,-2.847899750087052,122.40533447265624,122.76246643066406,123.43207550048828
2020-02-19,124.14631970568946,128.5657651583438,121.69107071829052,123.25350189208984,11413.0,122.95887756347656,124.28916854858399,128.38943786621093,32.3948504122872,-2.817208241453187,122.94100952148438,122.40533447265624,122.76246643066406
2020-02-20,124.81592511433838,127.36044754700416,123.69990291843644,123.8784637451172,1357.0,123.04815521240235,123.9990020751953,127.93186874389649,35.32072500476741,-2.7112027436614596,123.25350189208984,122.94100952148438,122.40533447265624
2020-02-24,121.2446528632604,123.16420557150316,117.85194269731063,119.28045654296876,1355.0,122.35175323486328,123.34724502563476,127.0658348083496,26.301684849571885,-2.9640457031850644,123.8784637451172,123.25350189208984,122.94100952148438
2020-02-25,119.19117889763854,121.24466260705562,117.94123939972488,120.35184478759766,466.0,121.94105529785156,122.78031005859376,126.16855430603027,30.739586795304064,-3.0428968718649685,119.28045654296876,123.8784637451172,123.25350189208984
2020-02-26,118.74476872306803,119.45902569569006,117.89659452828128,118.5662078857422,615.0,121.06609497070312,122.08837509155273,125.29582405090332,27.741270475688268,-3.2124419349745494,120.35184478759766,119.28045654296876,123.8784637451172
2020-02-27,118.74477164790316,119.63758947984228,114.28068248820756,118.2983627319336,2433.0,120.07506713867187,121.51697235107422,124.44541473388672,27.310950445868542,-3.330033926204962,118.5662078857422,120.35184478759766,119.28045654296876
2020-02-28,116.066311784398,116.78056873542718,112.13791217705578,113.12001037597656,2788.0,117.92337646484376,120.48576583862305,123.5168830871582,20.643717715310416,-3.7973032363199053,118.2983627319336,118.5662078857422,120.35184478759766
2020-03-02,116.06631761528106,116.06631761528106,108.07560078104665,112.04863739013672,1779.0,116.47701263427734,119.41438293457031,122.56826438903809,19.57877070682551,-4.205588965493249,113.12001037597656,118.2983627319336,118.5662078857422
2020-03-03,129.4139351921677,129.4139351921677,111.64686672259232,112.49504089355467,1135.0,114.90565185546875,118.42335357666016,121.78481559753418,21.398236774359958,-4.44193347137643,112.04863739013672,113.12001037597656,118.2983627319336
2020-03-04,112.093275303908,113.38785836371194,108.78984542206425,109.05769348144533,2718.0,113.00394897460937,117.03502197265625,120.82949943542481,18.017913285732263,-4.850687695796452,112.49504089355467,112.04863739013672,113.12001037597656
2020-03-05,110.70941368300912,112.1825645016069,110.57548964283484,111.4683074951172,1007.0,111.6379379272461,115.85650253295898,120.07283554077148,26.756447785265394,-4.923358546364852,109.05769348144533,112.49504089355467,112.04863739013672
2020-03-06,115.61990622622972,115.61990622622972,104.28112278044463,110.039794921875,3820.0,111.02189483642579,114.47263565063477,119.23581886291504,25.05229610653174,-5.038143166796857,111.4683074951172,109.05769348144533,112.49504089355467
2020-03-09,109.90587458206498,109.90587458206498,93.74587306386412,103.43294525146484,16932.0,109.2987564086914,112.88788452148438,118.11756477355956,19.01891699343497,-5.59770153922733,110.039794921875,111.4683074951172,109.05769348144533
2020-03-11,104.9953788551216,104.9953788551216,101.64731188390176,103.5668716430664,8327.0,107.51312255859375,111.20938720703126,116.9948486328125,19.442438837482925,-5.961626916140801,103.43294525146484,110.039794921875,111.4683074951172
2020-03-12,106.2453135172526,106.2453135172526,91.7370249067034,93.74586486816406,3476.0,104.4507568359375,108.72735290527343,115.40786399841309,13.759533049037984,-6.962257003559344,103.5668716430664,103.43294525146484,110.039794921875
2020-03-13,91.06742206117032,102.13836492897788,84.81769701775669,98.16532135009766,5485.0,101.7901596069336,106.71404876708985,114.11551055908203,24.459816556258872,-7.3143352500884475,93.74586486816406,103.5668716430664,103.43294525146484
2020-03-16,90.17459898926916,95.88863434696066,89.37106159633984,91.42454528808594,21990.0,98.06710968017578,104.54450225830078,112.51513404846192,20.31879211864677,-8.044551508012901,98.16532135009766,93.74586486816406,103.5668716430664
2020-03-17,94.23692226802852,94.81724839334046,88.1211148398091,88.61216735839844,1289.0,95.1029541015625,102.20085525512695,110.80761909484863,18.88243921046731,-8.749331698692174,91.42454528808594,98.16532135009766,93.74586486816406
2020-03-18,92.47295806407078,93.8684252166542,87.12366731250098,92.05431365966795,5711.0,92.80044250488281,100.15678253173829,109.29006805419922,25.796424200788735,-8.927215257685006,88.61216735839844,91.42454528808594,98.16532135009766
2020-03-19,84.65834934597459,88.37959547107236,78.14616862705347,85.91426849365234,3223.0,91.23412322998047,97.84244003295899,107.43873100280761,22.16693059962924,-9.454652244410724,92.05431365966795,88.61216735839844,91.42454528808594
2020-03-20,86.51896299898462,90.147178995904,81.86740584850158,87.0771484375,3282.0,89.01648864746093,95.40332412719727,105.62991333007812,24.33818775309588,-9.66737567445115,85.91426849365234,92.05431365966795,88.61216735839844
2020-03-23,85.58864984176795,92.56598542669468,69.91290398050845,76.3320541381836,1100.0,85.99799041748047,92.03255004882813,103.25259284973144,19.050045242104588,-10.581028326713763,87.0771484375,85.91426849365234,92.05431365966795
2020-03-24,74.93659798323452,76.7507026616051,71.58747073437523,75.4482650756836,1825.0,83.3652099609375,89.23408203125,101.06098327636718,18.690333155338777,-11.246773226472627,76.3320541381836,87.0771484375,85.91426849365234
2020-03-25,74.424921918431,80.93710258629372,65.1683250939116,74.84355926513672,1117.0,79.92305908203124,86.36175079345703,98.78556900024414,18.433852083291868,-11.688438517706558,75.4482650756836,76.3320541381836,87.0771484375
2020-03-26,77.63448805611613,80.93709655940707,76.28553928587793,79.30905151367188,1910.0,78.60201568603516,84.9180694580078,96.82271118164063,26.459410593702557,-11.545049395369006,74.84355926513672,75.4482650756836,76.3320541381836
2020-03-27,81.7278517661584,85.58864533960706,79.07646580289783,80.28587341308594,1920.0,77.24376068115234,83.13012466430663,94.92208671569824,28.125397184566097,-11.223216861443376,79.30905151367188,74.84355926513672,75.4482650756836
2020-03-30,89.30990962004533,89.30990962004533,74.4249246833711,78.7973861694336,8688.0,77.73682708740235,81.8674087524414,93.2059555053711,27.117293616824625,-10.961908680665445,80.28587341308594,79.30905151367188,74.84355926513672
2020-03-31,79.07648766177824,84.61183895901696,78.7508800144785,80.9371109008789,1391.0,78.8345962524414,81.09990310668945,91.6503791809082,30.94884711823235,-10.46156772078777,78.7973861694336,80.28587341308594,79.30905151367188
2020-04-01,81.86740396332848,85.58864959802524,79.1694994586308,85.03046417236328,2101.0,80.87197723388672,80.39751815795898,90.27715034484864,37.6967259704659,-9.623807246568191,80.9371109008789,78.7973861694336,80.28587341308594
2020-04-03,81.96044676935438,86.51897481915364,80.23937180808603,81.21620178222656,929.0,81.25340728759765,79.9277114868164,88.8850757598877,34.33015249743245,-9.162040829266687,85.03046417236328,80.9371109008789,78.7973861694336
2020-04-07,85.40260359249142,85.40260359249142,83.63501021835745,84.42577362060547,1098.0,82.08138732910156,79.66257400512696,87.5329490661621,39.246860413413245,-8.439813081262159,81.21620178222656,85.03046417236328,80.9371109008789
2020-04-08,86.51895986060573,89.30989404965754,83.72802567155394,84.89091491699219,2259.0,83.30009307861329,80.51846008300781,86.27550506591797,39.9485649322584,-7.740679635891439,84.42577362060547,81.21620178222656,85.03046417236328
2020-04-09,87.82141420135851,91.1705344556985,83.72804184707006,89.68203735351562,3637.0,85.04907836914063,81.94183731079102,85.58795967102051,46.76865403141027,-6.72251483747786,84.89091491699219,84.42577362060547,81.21620178222656
2020-04-13,100.38061719303172,100.38061719303172,90.333249661141,92.47296905517578,1349.0,86.53757934570312,83.70477828979492,85.03326454162598,50.30896433719275,-5.625559092292292,89.68203735351562,84.89091491699219,84.42577362060547
2020-04-15,92.14735076555732,96.56633009570112,90.33323920297576,91.72870635986328,1592.0,88.64008026123047,84.94674377441406,84.93240661621094,49.366067582063614,-4.761383277971916,92.47296905517578,89.68203735351562,84.89091491699219
2020-04-16,91.86825937163375,95.8220831926914,91.86825937163375,94.51964569091795,3664.0,90.65885467529296,86.37012100219727,84.75012283325195,52.928797381431174,-3.8074226417339787,91.72870635986328,92.47296905517578,89.68203735351562
2020-04-17,96.8919391203532,106.00898708897395,95.77556111961326,99.58984375,2381.0,93.59864044189453,88.44936676025391,85.15838775634765,58.62445838167969,-2.612167909008434,94.51964569091795,91.72870635986328,92.47296905517578
2020-04-20,106.98581753666014,111.63737482086276,101.403948795617,106.33460235595705,6400.0,96.92915344238281,90.98911590576172,86.04450950622558,64.737149177043,-1.1079030540159494,99.58984375,94.51964569091795,91.72870635986328
2020-04-21,100.4736367532809,102.33425965611944,95.82207949618456,101.03182220458984,1869.0,98.64092407226562,92.58925170898438,86.49338493347167,57.53970564319778,-0.3397360936150591,106.33460235595705,99.58984375,94.51964569091795
2020-04-22,101.8691041350904,107.1718765797496,101.03182240758814,102.7994155883789,1278.0,100.85506591796874,94.74757308959961,87.337642288208,59.16928353912668,0.4069803543359285,101.03182220458984,106.33460235595705,99.58984375
2020-04-23,104.19488816548454,110.70706867582732,104.19488816548454,106.38111877441406,2305.0,103.22736053466797,96.94310760498047,88.3028408050537,62.32459317978274,1.27309656794894,102.7994155883789,101.03182220458984,106.33460235595705
2020-04-24,106.05550773224824,106.05550773224824,102.3342618469062,102.75289916992188,609.0,103.85997161865234,98.72930603027343,89.62388305664062,57.47893935090636,1.6477388002737285,106.38111877441406,102.7994155883789,101.03182220458984
2020-04-27,108.14871001878872,109.31159937382944,103.54367101191274,106.4276351928711,1095.0,103.87857818603516,100.40386581420898,91.1728515625,60.80295828090225,2.2156256017859732,102.75289916992188,106.38111877441406,102.7994155883789
2020-04-28,108.939474889406,109.77675665632744,105.03216944072378,105.5903549194336,3229.0,104.7902847290039,101.71560440063476,92.71019134521484,59.65860042353185,2.5685102751548357,106.4276351928711,102.75289916992188,106.38111877441406
2020-04-29,106.520656142916,106.93929343714366,103.9622997726713,104.19487762451172,1330.0,105.06937713623047,102.96222152709962,93.95448265075683,57.709122959463045,2.7043959726420326,105.5903549194336,106.4276351928711,102.75289916992188
2020-04-30,104.70656721210362,108.56735444506562,104.24141143967796,105.31126403808594,1367.0,104.85540618896485,104.0413833618164,95.20575218200683,58.8671285027993,2.869096264660527,104.19487762451172,105.5903549194336,106.4276351928711
2020-05-04,103.26457165601433,103.40411979401102,101.40394874329334,101.82258605957033,1557.0,104.66934356689453,104.26465759277343,96.35701217651368,53.90022681319465,2.687139603258842,105.31126403808594,104.19487762451172,105.5903549194336
2020-05-05,105.1717132815307,105.1717132815307,101.49697875976562,101.49697875976562,841.0,103.68321228027344,103.7808952331543,97.385005569458,53.446960279243825,2.487983920372713,101.82258605957033,105.31126403808594,104.19487762451172
2020-05-06,102.1482151498598,105.26475754854188,101.49699277996044,102.0086669921875,640.0,102.96687469482421,103.87857971191406,98.23391571044922,54.10019592300081,2.3444156070753905,101.49697875976562,101.82258605957033,105.31126403808594
2020-05-07,105.0321607583106,105.12519048078644,100.05499607986904,101.26439666748048,1301.0,102.38077850341799,103.72507781982422,99.23632545471192,52.93663764484057,2.1458443316427207,102.0086669921875,101.49697875976562,101.82258605957033
2020-05-08,105.07867808890244,105.07867808890244,99.07817192413188,103.0785140991211,8830.0,101.934228515625,103.39481735229492,100.1689624786377,55.451650981813906,2.110530400062615,101.26439666748048,102.0086669921875,101.49697875976562
2020-05-11,105.03216835908364,105.03216835908364,100.84576666530212,101.59001159667967,449.0,101.88771362304688,103.27852859497071,101.00391731262206,52.95128984098945,1.9400702209938316,103.0785140991211,101.26439666748048,102.0086669921875
2020-05-12,101.40395543497422,101.40395543497422,96.75239784621394,97.031494140625,292.0,100.99461669921875,102.33891448974609,101.37139015197754,46.096214147331104,1.4207673181521727,101.59001159667967,103.0785140991211,101.26439666748048
2020-05-13,109.63720587141722,109.63720587141722,97.86876429718096,100.98531341552734,3132.0,100.78994598388672,101.87841033935547,101.79700736999511,51.91130588136068,1.3131193755402109,97.031494140625,101.59001159667967,103.0785140991211
2020-05-14,100.47364294201228,104.19488897690164,100.47364294201228,103.63670349121094,4016.0,101.26440734863282,101.8225929260254,102.3924072265625,55.38699017492704,1.4253223966191086,100.98531341552734,97.031494140625,101.59001159667967
2020-05-15,104.19488722278226,106.93930328822552,100.93879699707033,100.93879699707033,439.0,100.83646392822266,101.38534622192383,102.71336479187012,51.32217900510509,1.281770144124195,103.63670349121094,100.98531341552734,97.031494140625
2020-05-18,104.4739924853386,104.4739924853386,94.89178044450404,96.42679595947266,758.0,99.80382080078125,100.84576721191407,102.55521240234376,45.330480974844725,0.7947616567585669,100.93879699707033,103.63670349121094,100.98531341552734
2020-05-19,98.61301985455448,99.86893897089524,98.10134568603505,98.65953826904295,1477.0,100.12942962646484,100.5620231628418,102.17145919799805,48.53255615690039,0.5822556852924379,96.42679595947266,100.93879699707033,103.63670349121094
2020-05-20,100.52015383933517,100.52015383933517,97.31057511563692,97.68270111083984,2249.0,99.46890716552734,100.12942657470703,102.00400314331054,47.22919414242503,0.3312026786712323,98.65953826904295,96.42679595947266,100.93879699707033
2020-05-21,112.5211657262108,112.5211657262108,97.68270111083984,97.68270111083984,1778.0,98.27810668945312,99.77125701904296,101.7481674194336,47.22919414242503,0.13073433811420898,97.68270111083984,98.65953826904295,96.42679595947266
2020-05-22,98.24089116985488,98.24089116985488,94.98480097986538,96.9384536743164,874.0,97.47803802490235,99.1572509765625,101.27603416442871,46.134427459933605,-0.08718776794931671,97.68270111083984,97.68270111083984,98.65953826904295
2020-05-26,96.00813802278157,96.9849678764497,93.96145568845488,95.2638931274414,209.0,97.24545745849609,98.52463912963867,100.90158386230469,43.68100760754228,-0.39051404546546564,96.9384536743164,97.68270111083984,97.68270111083984
2020-05-27,97.03148283912796,105.07867085223646,90.28672512100418,92.75204467773438,1176.0,96.06395874023437,98.09669418334961,100.21780433654786,40.22540035631074,-0.8240879107842005,95.2638931274414,96.9384536743164,97.68270111083984
2020-05-28,94.89177661607305,96.84542942097885,94.33359111434476,95.8686065673828,923.0,95.70113983154297,97.58502349853515,99.73171691894531,45.93986869688612,-0.9057765957111457,92.75204467773438,95.2638931274414,96.9384536743164
2020-05-29,96.19420717781776,97.91528197348605,92.24038344017106,94.566162109375,916.0,95.07783203125,96.67796936035157,99.25028114318847,44.04481263779188,-1.0633541649313543,95.8686065673828,92.75204467773438,95.2638931274414
2020-06-01,98.05482843505328,100.93879251596684,98.05482843505328,99.58984375,2296.0,95.60811004638671,96.54307403564454,98.96421012878417,52.230104734480555,-0.7739448456673301,94.566162109375,95.8686065673828,92.75204467773438
2020-06-02,107.91613056503724,107.91613056503724,98.7060455886509,99.54332733154295,1879.0,96.46399688720702,96.85472717285157,98.85024719238281,52.154028233788964,-0.5420904796744992,99.58984375,94.566162109375,95.8686065673828
2020-06-03,99.54333773132971,102.33427243407728,99.45030799411424,99.96197509765624,8814.0,97.90598297119139,96.98497085571289,98.77349700927735,52.82008913431441,-0.32086412634717476,99.54332733154295,99.58984375,94.566162109375
2020-06-04,100.47363808172211,100.47363808172211,95.58950289719397,96.98497009277344,1581.0,98.12925567626954,96.91519775390626,98.52231216430664,47.73158759586337,-0.38136394533951545,99.96197509765624,99.54332733154295,99.58984375
2020-06-05,98.14786231908276,104.61352434367156,98.14786231908276,99.82242584228516,3599.0,99.18050842285156,97.12917022705078,98.45021362304688,52.4349944541829,-0.1980683141577657,96.98497009277344,99.96197509765624,99.54332733154295
2020-06-08,111.4513177504606,111.4513177504606,100.05500216060796,102.1016845703125,8512.0,99.68287658691406,97.64549331665039,98.40137214660645,55.87021234736411,0.12961777192877832,99.82242584228516,96.98497009277344,99.96197509765624
2020-06-09,104.66004368487368,104.66004368487368,98.56650052458008,99.63636016845705,300494.0,99.70148315429688,98.08274002075196,98.3036895751953,51.53478109102406,0.18821070450465527,102.1016845703125,99.82242584228516,96.98497009277344
2020-06-10,101.9156207023695,102.33425800968756,94.659188658961,98.00830841064452,3634.0,99.31074981689453,98.60836639404297,98.35253028869629,48.83951209515887,0.10209892222998462,99.63636016845705,102.1016845703125,99.82242584228516
2020-06-11,98.00830847465863,100.47363520240847,93.96145514299312,94.47312927246094,10004.0,98.80838165283203,98.46881866455078,98.02692108154297,43.51730714199054,-0.24853968655517633,98.00830841064452,99.63636016845705,102.1016845703125
2020-06-12,93.03114095185212,97.5431498684744,92.1008295423336,94.84524536132812,5008.0,97.81294555664063,98.4967269897461,97.58734817504883,44.20652323365599,-0.49073970986404447,94.47312927246094,98.00830841064452,99.63636016845705
2020-06-15,101.40396148156768,101.40396148156768,93.96146889576455,94.6592025756836,5882.0,96.32444915771484,98.00366287231445,97.27336845397949,43.917986239969125,-0.6897461074951821,94.84524536132812,94.47312927246094,98.00830841064452
2020-06-16,95.35691946312936,95.82207516782756,92.24037766119405,92.75204467773438,4133.0,94.94758605957031,97.3245346069336,97.08963088989258,40.96610857530989,-0.98994039826772,94.6592025756836,94.84524536132812,94.47312927246094
2020-06-17,100.47363710937556,100.47363710937556,92.1008340169276,92.65901947021484,2728.0,93.87772827148437,96.59423904418945,96.78960494995117,40.821980466731794,-1.2212747976407314,92.75204467773438,94.6592025756836,94.84524536132812
2020-06-18,92.70554668509652,97.31058598413937,92.70554668509652,96.3337631225586,6904.0,94.2498550415039,96.52911834716797,96.7221580505371,48.52608645095058,-1.0954600921461264,92.65901947021484,92.75204467773438,94.6592025756836
2020-06-22,97.17104743726505,101.12487188603949,95.17088310017428,99.17121887207033,17394.0,95.11504974365235,96.46399765014648,96.79658393859863,53.55409475227148,-0.7580536950921868,96.3337631225586,92.65901947021484,92.75204467773438
2020-06-23,99.45029457496256,110.52100215493078,97.68270141552009,106.84626770019533,38924.0,97.55246276855469,96.93845596313477,97.29197463989257,63.84242370384339,0.1271894421092412,99.17121887207033,96.3337631225586,92.65901947021484
2020-06-24,110.61403600186756,110.8466138710482,100.47363948604784,102.1016845703125,23732.0,99.42239074707031,97.18498840332032,97.63386421203613,55.63763061769589,0.44082128634069306,106.84626770019533,99.17121887207033,96.3337631225586
2020-06-25,104.84610294974485,104.84610294974485,100.7062196241426,101.72956085205078,8179.0,101.2364990234375,97.55711364746094,98.08274002075196,55.04016629149704,0.651835553881881,102.1016845703125,106.84626770019533,99.17121887207033
2020-06-26,103.72973241739324,105.03216993903771,102.3342651651413,103.17154693603516,1820.0,102.60405578613282,98.42695541381836,98.44788703918456,56.96852569046439,0.9247620259897502,101.72956085205078,102.1016845703125,106.84626770019533
2020-06-29,97.96180413594904,102.33426536234568,97.96180413594904,101.0783462524414,6299.0,102.98548126220703,99.05026550292969,98.77349624633788,53.3888140917181,0.9610757370583372,103.17154693603516,101.72956085205078,102.1016845703125
2020-06-30,101.59000972731182,101.77607628001742,99.07817159634884,99.54332733154295,2241.0,101.52489318847657,99.53867797851562,98.77117042541504,50.864655076166166,0.8561225684272102,101.0783462524414,103.17154693603516,101.72956085205078
2020-07-01,99.82243822547947,101.21790563535453,99.17121584224256,100.1945571899414,1445.0,101.14346771240234,100.28292922973633,98.80373191833496,51.90358065039939,0.81608788007361,99.54332733154295,101.0783462524414,103.17154693603516
2020-07-02,96.75239372677228,106.10202692118511,96.75239372677228,103.86927795410156,13344.0,101.5714111328125,101.403955078125,98.99909706115723,57.37979774467125,1.0685616424068058,100.1945571899414,99.54332733154295,101.0783462524414
2020-07-06,104.19489256338764,105.59035987450444,103.77625520913811,104.52050018310548,15967.0,101.84120178222656,102.22262878417969,99.37587356567383,58.28623318319875,1.3061407321051348,103.86927795410156,100.1945571899414,99.54332733154295
2020-07-07,105.0321734738746,105.822936857221,103.72973590839683,104.7065658569336,2062.0,102.566845703125,102.77616348266602,99.62008056640624,58.55743321942944,1.4922362466516006,104.52050018310548,103.86927795410156,100.1945571899414
2020-07-08,103.82276826896911,106.05551742374873,102.4738193513491,104.0088348388672,4055.0,103.45994720458984,102.4924201965332,99.71543807983399,57.05932422478133,1.5653725800071925,104.7065658569336,104.52050018310548,103.86927795410156
2020-07-09,104.47399185001431,105.12520710805828,103.26458397340238,103.49716186523438,1705.0,104.12046813964844,102.6319679260254,99.90847816467286,55.9292945387956,1.5640169050528812,104.0088348388672,104.7065658569336,104.52050018310548
2020-07-10,103.3110894369472,104.19488247600664,102.56683743731904,103.1250228881836,1076.0,103.97161712646485,102.77151412963867,100.1643138885498,55.0749855320433,1.5154449119187916,103.49716186523438,104.0088348388672,104.7065658569336
2020-07-13,103.26457473858684,104.33443436488064,102.10168538342258,102.56684112548828,4768.0,103.58088531494141,102.71104354858399,100.56899948120117,53.74881401475659,1.415592583955771,103.1250228881836,103.49716186523438,104.0088348388672
2020-07-14,102.33426029530597,103.03199388822851,99.12468860694754,99.72938537597656,1967.0,102.58544921875,102.5761474609375,100.81320648193359,47.48880850286378,1.094878847454396,102.56684112548828,103.1250228881836,103.49716186523438
2020-07-15,101.96213284032596,102.14819938774916,98.56649465026764,99.12468719482422,2000.0,101.6086196899414,102.53428344726562,101.03648071289062,46.25247661649935,0.7828921181097712,99.72938537597656,102.56684112548828,103.1250228881836
2020-07-16,100.61317947375026,100.6596907851893,95.82207433734068,97.12451171875,1352.0,100.33408966064454,102.22727890014649,101.2551040649414,42.32714053427959,0.3699780657670715,99.12468719482422,99.72938537597656,102.56684112548828
2020-07-17,97.07800641167088,100.28758543807758,97.07800641167088,98.61302185058594,2144.0,99.431689453125,101.70165328979492,101.55280418395996,45.999997489983194,0.16099517982432587,97.12451171875,99.12468719482422,99.72938537597656
2020-07-20,100.00848342610304,100.00848342610304,97.72922315454691,98.56649780273438,1811.0,98.63162078857422,101.10625305175782,101.66444091796875,45.90160300329748,-0.00828387343322845,98.61302185058594,97.12451171875,99.12468719482422
2020-07-21,99.40379678082176,101.26442005083324,98.33393698102223,99.17121887207033,13977.0,98.51998748779297,100.55271835327149,101.66444091796875,47.47430716484824,-0.09257565181125926,98.56649780273438,98.61302185058594,97.12451171875
2020-07-22,97.68270724630372,99.0781744926795,97.49664778587234,98.51998901367188,2066.0,98.3990478515625,100.00383377075195,101.24812698364258,45.9259033440066,-0.2095111859476333,99.17121887207033,98.56649780273438,98.61302185058594
2020-07-23,100.24107537246732,110.381473279805,99.45031192828304,102.61337280273438,78689.0,99.49682006835937,99.91545486450195,101.27371139526367,55.70526580524916,0.02779798485019569,98.51998901367188,99.17121887207033,98.56649780273438
2020-07-24,99.54332900647276,106.52066515178628,99.54332900647276,103.68321228027344,54968.0,100.51085815429687,99.97127380371094,101.3713939666748,57.85078121095691,0.2987505073604382,102.61337280273438,98.51998901367188,99.17121887207033
2020-07-27,104.19489075129908,104.19489075129908,100.4736446530384,100.70622253417967,4219.0,100.93880310058594,99.78521194458008,101.24812774658203,50.517994669859455,0.2701500195263833,103.68321228027344,102.61337280273438,98.51998901367188
2020-07-28,100.61320110523025,101.6365424471692,99.26424502464845,100.05501556396484,12130.0,101.11556243896484,99.81777496337891,101.1969612121582,49.05327600217288,0.19271546283555097,100.70622253417967,103.68321228027344,102.61337280273438
2020-07-29,99.86894931117052,104.6135370739904,98.79908954658508,102.61337280273438,12295.0,101.93423919677734,100.16664352416993,101.35046348571777,54.61999710829437,0.33393665299003317,100.05501556396484,100.70622253417967,103.68321228027344
2020-07-30,103.21805999497936,104.19488992713168,99.8224286353464,100.2410659790039,6828.0,101.45977783203125,100.47829895019531,101.3527889251709,49.24654568041769,0.25153064050020646,102.61337280273438,100.05501556396484,100.70622253417967
2020-07-31,99.17121738275344,102.70640438177094,98.14787601915816,98.24090576171876,6356.0,100.3713165283203,100.44108734130859,101.07137031555176,45.208251309997515,0.02454413884582607,100.2410659790039,102.61337280273438,100.05501556396484
2020-08-03,100.93879679261116,100.93879679261116,96.00814305029226,99.82242584228516,2168.0,100.1945571899414,100.56668014526367,100.83646659851074,48.78442699044713,-0.027412847634167292,98.24090576171876,100.2410659790039,102.61337280273438
2020-08-04,99.21772472961943,101.2178959111562,98.84559870319411,100.2410659790039,3245.0,100.23176727294921,100.67366485595703,100.61319160461426,49.719941007812,-0.03441169681747169,99.82242584228516,98.24090576171876,100.2410659790039
2020-08-05,107.91613144985465,107.91613144985465,99.9154541584598,100.00848388671876,798.0,99.71078948974609,100.82251434326173,100.41317405700684,49.18244104805576,-0.0580565267950135,100.2410659790039,99.82242584228516,98.24090576171876
2020-08-06,99.2642342612388,100.84576807066868,98.14786329975824,98.1943817138672,5671.0,99.30145263671875,100.380615234375,100.14803504943848,45.08813539714358,-0.2206347688932766,100.00848388671876,100.2410659790039,99.82242584228516
2020-08-07,98.75256999916252,100.84577093467024,98.42696238429296,98.61302185058594,5154.0,99.3758758544922,99.87359619140625,99.9224349975586,46.20116535182416,-0.3121007337745425,98.1943817138672,100.00848388671876,100.2410659790039
2020-08-10,99.26423407073533,100.75273814680403,98.65953727476004,100.28758239746094,6726.0,99.46890716552734,99.83173217773438,99.80847206115723,50.52135794628837,-0.24662222122398703,98.61302185058594,98.1943817138672,100.00848388671876
2020-08-11,100.47364014226234,101.2644034830986,99.82242494338855,100.79924774169922,6474.0,99.5805435180664,99.90615539550782,99.86196517944336,51.79512791549658,-0.15169427400181235,100.28758239746094,98.61302185058594,98.1943817138672
2020-08-12,100.42711805562465,104.19488226222794,98.42695411893985,101.35742950439452,14932.0,99.85033264160157,99.78056106567384,99.97360229492188,53.210263832123616,-0.031064496401910446,100.79924774169922,100.28758239746094,98.61302185058594
2020-08-13,100.89228432397164,101.40395851335391,99.86894304292092,100.33409881591795,5160.0,100.27827606201171,99.78986434936523,100.13408164978027,50.295131935076505,-0.01783319284568563,101.35742950439452,100.79924774169922,100.28758239746094
2020-08-14,100.4271238323059,101.45047216298738,98.61301924194048,99.31075286865234,6302.0,100.417822265625,99.8968490600586,100.1689682006836,47.49303058398501,-0.08889799419637257,100.33409881591795,101.35742950439452,100.79924774169922
2020-08-17,99.68287264166776,100.4736359495055,98.1013389282792,99.12468719482422,4042.0,100.18524322509765,99.8270751953125,100.19687767028809,46.98051843792225,-0.15840530833267508,99.31075286865234,100.33409881591795,101.35742950439452
2020-08-18,98.14786047864064,100.47363916296862,98.14786047864064,98.56649780273438,4932.0,99.73869323730469,99.65961837768555,100.1666416168213,45.39778088970015,-0.25558534574769,99.12468719482422,99.31075286865234,100.33409881591795
2020-08-19,96.38028102249253,100.84577957317832,96.38028102249253,100.1945571899414,5127.0,99.50611877441406,99.67822570800782,100.25037002563477,50.62283289657594,-0.19893721487686378,98.56649780273438,99.12468719482422,99.31075286865234
2020-08-20,100.00848618776816,102.70639095563205,98.14786318892595,99.63636016845705,17098.0,99.36657104492187,99.82242355346679,100.1015193939209,48.89521136773375,-0.19681622271896515,100.1945571899414,98.56649780273438,99.12468719482422
2020-08-21,99.2642358236343,104.00883022888924,99.2642358236343,102.33426666259766,38167.0,99.97127380371094,100.19454803466797,100.03407211303711,56.60384606654099,0.022306055258923152,99.63636016845705,100.1945571899414,98.56649780273438
2020-08-24,104.0088243382187,106.52066244768136,104.0088243382187,105.03216552734376,15692.0,101.15276947021485,100.66900634765625,100.25036926269532,62.66812450064819,0.40894585707025044,102.33426666259766,99.63636016845705,100.1945571899414
2020-08-25,102.42729406483852,114.14921746912148,102.42729406483852,109.7767562866211,173491.0,103.39482116699219,101.56675720214844,100.73645629882813,70.48066438490974,1.085694299604711,105.03216552734376,102.33426666259766,99.63636016845705
2020-08-26,111.63737241683468,114.893462445659,107.91612666960684,108.1487045288086,86347.0,104.98565063476562,102.24588470458984,101.01322288513184,65.42141049489203,1.4736646565272338,109.7767562866211,105.03216552734376,102.33426666259766
2020-08-27,109.77676447348418,114.1027146625329,108.93948264694023,113.45149230957033,49101.0,107.74867706298828,103.55762405395508,101.67374420166016,72.37666873304585,2.1838505465241553,108.1487045288086,109.7767562866211,105.03216552734376
2020-08-28,116.102873529507,125.5920476218504,115.68422911213958,118.05652618408205,163066.0,110.89312896728515,105.43220138549805,102.66452522277832,76.75025286234452,3.0827299369782395,113.45149230957033,108.1487045288086,109.7767562866211
2020-08-31,118.242595749056,120.01018910109552,113.4980082971601,114.47483825683594,63093.0,112.78166351318359,106.96721649169922,103.39714584350585,67.76360850099687,3.466130651120892,118.05652618408205,113.45149230957033,108.1487045288086
2020-09-01,115.54468837185205,117.73092613010108,113.2189095632583,116.2889404296875,7762.0,114.08410034179687,108.73946075439453,104.19953956604004,69.69885153705933,3.871730464866161,114.47483825683594,118.05652618408205,113.45149230957033
2020-09-02,116.61455022215269,118.19608410017372,114.42831952077016,114.80044555664062,13320.0,115.41444854736328,110.20004959106446,104.93913764953614,66.18779910611775,4.026645480464936,116.2889404296875,114.47483825683594,118.05652618408205
2020-09-03,116.56803512225312,117.35879848675424,114.0561897848975,115.35862731933594,5798.0,115.7958755493164,111.77227630615235,105.79734992980957,66.86194164800557,4.146657266001313,114.80044555664062,116.2889404296875,114.47483825683594
2020-09-04,114.00967242322898,115.35862120305036,112.70723495784546,113.07936096191406,71783.0,114.80044250488281,112.84678573608399,106.52066688537597,61.47227733212101,4.0116064225559995,115.35862731933594,114.80044555664062,116.2889404296875
2020-09-07,116.75409429969385,116.75409429969385,111.91647729528596,112.47466278076172,6500.0,114.40040740966796,113.59103546142578,107.13002090454101,60.08838740855435,3.811843013125909,113.07936096191406,115.35862731933594,114.80044555664062
2020-09-08,112.80027018546596,114.24225585991196,106.52066751534724,108.9394760131836,8702.0,112.93051452636719,113.50730743408204,107.53703231811524,52.62896113271413,3.3298842121630656,112.47466278076172,113.07936096191406,115.35862731933594
2020-09-09,111.1722283841576,111.1722283841576,104.47398817415576,107.5905303955078,9325.0,111.48853149414063,113.45149002075195,107.8486873626709,50.074505812304736,2.8067255671249995,108.9394760131836,112.47466278076172,113.07936096191406
2020-09-10,110.38145936112554,112.70723807881586,108.19522878603932,109.31159973144533,6846.0,110.2791259765625,113.03750076293946,108.29756240844726,53.19588250482856,2.50215124163293,107.5905303955078,108.9394760131836,112.47466278076172
2020-09-11,109.17203319097467,110.38144075944746,107.91611431461426,108.56732940673828,3868.0,109.37671966552735,112.08858108520508,108.76039123535156,51.69082095728692,2.175638097562711,109.31159973144533,107.5905303955078,108.9394760131836
2020-09-14,111.218738848878,111.35827989092046,108.38128603212756,109.03250122070312,2333.0,108.68828735351562,111.54434738159179,109.2557819366455,52.593598208652836,1.93213708269505,108.56732940673828,109.31159973144533,107.5905303955078
2020-09-15,111.63737265481682,111.63737265481682,106.9858154608661,109.91629791259766,6933.0,108.88365173339844,110.9070831298828,109.82327194213867,54.33948244153444,1.7898435782895348,109.03250122070312,108.56732940673828,109.31159973144533
2020-09-16,110.24191069991666,110.24191069991666,107.45097625181752,108.52083587646484,5402.0,109.06971282958985,110.27912216186523,110.23958587646484,51.137157685160325,1.5466440767613392,109.91629791259766,109.03250122070312,108.56732940673828
2020-09-17,110.70706212535922,111.07918812347448,107.77657964955708,108.28825378417967,7519.0,108.86504364013672,109.57208480834962,110.67218055725098,50.60190400243951,1.319924026016949,108.52083587646484,109.91629791259766,109.03250122070312
2020-09-18,109.59069414426226,109.59069414426226,106.98581918586883,107.2649154663086,7568.0,108.60456085205078,108.99064025878906,110.91871299743653,48.210817851030654,1.0456186614609209,108.28825378417967,108.52083587646484,109.91629791259766
2020-09-21,107.7765837908922,109.12553969867972,99.40378045128136,101.45046997070312,15828.0,107.08815460205078,107.8882209777832,110.7396282196045,37.39777582825233,0.35496075896604395,107.2649154663086,108.28825378417967,108.52083587646484
2020-09-22,100.47364458441751,103.77625333345374,94.984805173689,98.93862915039062,14465.0,104.89262084960937,106.88813629150391,110.19772186279297,33.86421259620218,-0.39057288545193103,101.45046997070312,107.2649154663086,108.28825378417967
2020-09-23,100.6131880677108,101.35743299372022,98.51998723591814,99.68287658691406,2282.0,103.12502899169922,106.09737091064453,109.77443046569825,35.79980261299242,-0.9108593026897722,98.93862915039062,101.45046997070312,107.2649154663086
2020-09-24,98.61301732922436,98.93862492916496,96.7523943607484,98.70604705810548,5126.0,101.20858764648438,105.03681564331055,109.037158203125,34.37767219248131,-1.386034671169213,99.68287658691406,98.93862915039062,101.45046997070312
2020-09-25,100.42713452633228,100.7062308458221,98.61302974279116,100.05501556396484,6493.0,99.76660766601563,104.1855842590332,108.13708267211913,38.038254307598386,-1.6349177751096988,98.70604705810548,99.68287658691406,98.93862915039062
2020-09-28,101.91562317495344,102.56683835718364,101.21788958068689,101.49697875976562,1784.0,99.77590942382812,103.43203201293946,107.48818969726562,41.77703416735908,-1.696251715282827,100.05501556396484,98.70604705810548,99.68287658691406
2020-09-29,103.031998872345,103.77625091321708,102.19471710079226,102.52032470703124,1991.0,100.49224853515625,102.69243469238282,106.79975891113281,44.343723915195156,-1.6433404336960535,101.49697875976562,100.05501556396484,98.70604705810548
2020-09-30,101.91561262314237,102.79940557862474,100.14801961446514,100.42710876464844,2629.0,100.64109497070312,101.88306198120117,106.0810920715332,40.418738481916265,-1.750138388726171,102.52032470703124,101.49697875976562,100.05501556396484
2020-10-01,101.68303478246672,101.68303478246672,98.14784876511231,100.42710876464844,2724.0,100.98530731201171,101.09694747924804,105.33451614379882,40.418738481916265,-1.813867403194493,100.42710876464844,102.52032470703124,101.49697875976562
2020-10-05,101.77607597908992,101.77607597908992,99.54332703721715,99.86893463134766,1749.0,100.94809112548828,100.35734939575195,104.6739948272705,39.341813859652426,-1.887653400625922,100.42710876464844,100.42710876464844,102.52032470703124
2020-10-06,101.31091478456192,101.31091478456192,99.68286980394866,100.14802551269533,4278.0,100.67830047607421,100.22710494995117,104.05766296386719,40.19977183732238,-1.9016875630572798,99.86893463134766,100.42710876464844,100.42710876464844
2020-10-07,100.2410714070166,100.9388050827035,99.58985614879442,99.96197509765624,1254.0,100.16663055419922,100.32943954467774,103.60878791809083,39.79567803893491,-1.905852964873489,100.14802551269533,99.86893463134766,100.42710876464844
2020-10-08,99.54331093449694,100.28756282729763,96.75237698306243,99.4037628173828,6381.0,99.96196136474609,100.30152816772461,103.19944953918457,38.543787346826115,-1.9319270887698394,99.96197509765624,100.14802551269533,99.86893463134766
2020-10-09,98.61301027596366,100.00847740251032,96.98496529499256,99.4968032836914,2803.0,99.7759002685547,100.3806037902832,102.70870971679688,38.888858040120624,-1.9229172387976945,99.4037628173828,99.96197509765624,100.14802551269533
2020-10-12,98.65953456738671,100.3340909604414,98.42695669909747,99.21772003173828,4425.0,99.64565734863281,100.29687423706055,102.24122924804688,38.196058777659516,-1.916207704202705,99.4968032836914,99.4037628173828,99.96197509765624
2020-10-13,98.6130184397978,99.54332993451288,98.56650002597668,98.84559631347656,2914.0,99.38517150878906,100.03173599243163,101.73188400268555,37.243330624089644,-1.9187989044331601,99.21772003173828,99.4968032836914,99.4037628173828
2020-10-14,98.47346948746572,99.21772151621197,97.68270614299368,98.38043975830078,4653.0,99.06886444091796,99.6177474975586,101.1550910949707,36.03342238066107,-1.9360688987082852,98.84559631347656,99.21772003173828,99.4968032836914
2020-10-15,99.03165277401584,99.03165277401584,94.89176958700156,96.65936279296876,2843.0,98.51998443603516,99.24097290039063,100.5620174407959,31.90361623928426,-2.064829946742819,98.38043975830078,98.84559631347656,99.21772003173828
2020-10-16,95.96163296707468,95.96163296707468,93.86843208503932,95.44995880126952,1214.0,97.71061553955079,98.74325790405274,99.92010269165038,29.357387867766334,-2.238656955831445,96.65936279296876,98.38043975830078,98.84559631347656
2020-10-19,96.93844912043396,99.03164985852338,95.96162636795336,97.68270111083984,6546.0,97.40361175537109,98.52463455200196,99.44099197387695,39.031571545699,-2.171223950156431,95.44995880126952,96.65936279296876,98.38043975830078
2020-10-20,98.0548317123694,98.75256532451,96.28723847540384,96.9384536743164,3789.0,97.02218322753906,98.20367736816407,99.21539115905762,37.20269090913369,-2.15301869620032,97.68270111083984,95.44995880126952,96.65936279296876
2020-10-21,97.0314961814596,100.47364603045447,94.89177680654034,98.75257110595705,7212.0,97.09660949707032,98.08273696899414,99.20608825683594,44.08071462564863,-1.9695035745232161,96.9384536743164,97.68270111083984,95.44995880126952
2020-10-22,94.93829300988553,97.6361907270632,94.93829300988553,96.70587921142578,2645.0,97.10591278076171,97.81294860839844,99.05723838806152,38.90363785558569,-1.9665483046872367,98.75257110595705,96.9384536743164,97.68270111083984
2020-10-23,97.3105775530898,97.3105775530898,92.10083478289302,93.77539825439452,7355.0,96.77100067138672,97.24080810546874,98.81070594787597,32.93861130388305,-2.1755926761209565,96.70587921142578,98.75257110595705,96.9384536743164
2020-10-26,96.75238202734369,96.75238202734369,87.9144240536921,90.42626190185548,59868.0,95.31971282958985,96.36166229248047,98.3292682647705,27.70948400071012,-2.5817483721633465,93.77539825439452,96.70587921142578,98.75257110595705
2020-10-27,90.24021201686186,92.75205013082324,90.24021201686186,91.03097534179688,9560.0,94.13821716308594,95.5802001953125,97.80596809387207,29.874211152373476,-2.8223006416922516,90.42626190185548,93.77539825439452,96.70587921142578
2020-10-28,92.89159623643312,92.89159623643312,90.9379436241525,91.0774917602539,6330.0,92.60320129394532,94.84990539550782,97.2338264465332,30.04773730493571,-2.9748938378087217,91.03097534179688,90.42626190185548,93.77539825439452
2020-10-29,91.03097661383468,93.21720716545644,90.00763540857699,92.93811798095705,7466.0,91.84964904785156,94.47778091430663,96.85937690734863,36.7858606821156,-2.9121189643076235,91.0774917602539,91.03097534179688,90.42626190185548
2020-10-30,93.26373324699676,99.26423992854092,92.10084380501426,94.70571899414062,16971.0,92.03571319580078,94.40335693359376,96.57330741882325,42.45663346883249,-2.6887446211760704,92.93811798095705,91.0774917602539,91.03097534179688
2020-11-02,99.68287456533324,99.68287456533324,94.9847988435019,95.21737670898438,4087.0,92.99393615722656,94.15682449340821,96.34072952270508,44.02203267772175,-2.4422792682942998,94.70571899414062,92.93811798095705,91.0774917602539
2020-11-03,95.26389750658282,96.75239446340017,92.3334149085814,93.4032745361328,2353.0,93.46839599609375,93.80330657958984,96.00349197387695,39.8796684498338,-2.3660620937193073,95.21737670898438,94.70571899414062,92.93811798095705
2020-11-04,94.10101361003494,94.2405617604583,92.56599815080548,93.12418365478516,3860.0,93.877734375,93.24046783447265,95.6616024017334,39.26748738736741,-2.3016477726216777,93.4032745361328,95.21737670898438,94.70571899414062
2020-11-05,94.65919911401464,94.65919911401464,92.89160576998414,93.12418365478516,2916.0,93.91494750976562,92.88229827880859,95.34762344360351,39.26748738736741,-2.2249511076862376,93.12418365478516,93.4032745361328,95.21737670898438
2020-11-06,93.96145918621473,95.07783011963888,92.7520514269108,92.93811798095705,4936.0,93.56142730712891,92.79857025146484,95.01968917846679,38.80688402481773,-2.1543484056326747,93.12418365478516,93.12418365478516,93.4032745361328
2020-11-09,93.0311508178711,94.05449205732496,92.56599506378171,93.0311508178711,1593.0,93.12418212890626,93.0590591430664,94.71036071777344,39.19095972247607,-2.067060496456449,92.93811798095705,93.12418365478516,93.12418365478516
2020-11-10,93.12419018902362,93.35676809014392,92.61252306518752,92.9846420288086,6707.0,93.0404556274414,93.25442581176758,94.41731300354004,39.05897654785645,-1.9788263912839739,93.0311508178711,92.93811798095705,93.12418365478516
2020-11-11,93.0311477091235,96.51981574821562,92.2403843731386,92.93811798095705,8916.0,93.00324249267578,93.44048843383788,94.14519691467287,38.9177852488493,-1.890857698555422,92.9846420288086,93.0311508178711,92.93811798095705
2020-11-12,93.0311595437782,96.28725012781044,92.70555190491784,93.17070770263672,10329.0,93.01254730224609,93.46374740600587,93.97076416015626,40.08386584236096,-1.7818339563856114,92.93811798095705,92.9846420288086,93.0311508178711
2020-11-13,93.96145205817211,93.96145205817211,92.42643681787725,93.72887420654295,8658.0,93.17069854736329,93.36606292724609,93.88470993041992,42.90095487307556,-1.6315845916231666,93.17070770263672,92.93811798095705,92.9846420288086
2020-11-14,94.84526004900742,95.82209001935828,93.96146691218628,94.70571899414062,7040.0,93.50561218261718,93.31489715576171,93.73586082458496,47.5488692560555,-1.4173493559283088,93.72887420654295,93.17070770263672,92.93811798095705
2020-11-17,94.89177661607305,96.2872439192506,94.14752454862618,95.8686065673828,5568.0,94.08240509033203,93.56143035888672,93.68236846923828,52.50532304643674,-1.1405831471232375,94.70571899414062,93.72887420654295,93.17070770263672
2020-11-18,95.82207818020196,101.40394681205838,94.98479646588088,99.7759017944336,40148.0,95.44996185302735,94.22660217285156,93.73353500366211,64.60723272682581,-0.5990523597519797,95.8686065673828,94.70571899414062,93.72887420654295
2020-11-19,100.47364575609656,103.68321771199749,97.72922956758498,100.84577178955078,43054.0,96.98497467041015,94.99876098632812,93.94052963256836,67.08066216027842,-0.08260353972522694,99.7759017944336,95.8686065673828,94.70571899414062
2020-11-20,99.07818074417212,103.35761248353252,99.07818074417212,102.24124145507812,18418.0,98.68744812011718,95.92907333374023,94.36382179260254,70.0233375532118,0.4342824725283947,100.84577178955078,99.7759017944336,95.8686065673828
2020-11-23,107.73008186547976,107.73008186547976,100.93880461454032,104.47399139404295,28630.0,100.64110260009765,97.07335739135742,95.06620826721192,74.0242873924177,1.0124121641826633,102.24124145507812,100.84577178955078,99.7759017944336
2020-11-24,106.28809399926536,109.77676229245787,104.7530785307179,105.31126403808594,23730.0,102.52963409423828,98.30601959228515,95.78022270202636,75.35278037025293,1.5206162968931949,104.47399139404295,102.24124145507812,100.84577178955078
2020-11-25,106.0554975343138,106.5671716334328,102.65985957090948,103.77623748779295,34319.0,103.32970123291015,99.38983154296875,96.41515998840332,68.441695513913,1.7790007068635987,105.31126403808594,104.47399139404295,102.24124145507812
2020-11-26,103.7297370796964,103.7297370796964,101.96214372785388,102.42729949951172,6563.0,103.64600677490235,100.31549072265625,96.88961906433106,62.97556735769529,1.853557533765425,103.77623748779295,105.31126403808594,104.47399139404295
2020-11-27,98.84558913443706,109.21856296667586,98.84558913443706,106.56717681884766,39182.0,104.51119384765624,101.59932098388671,97.48269195556641,70.70760699541253,2.221094463122526,102.42729949951172,103.77623748779295,105.31126403808594
2020-12-01,108.79992214460287,119.21940763230094,106.5206619122043,116.94014739990234,151491.0,107.00442504882812,103.8227638244629,98.5688304901123,81.26504705386739,3.311212565658849,106.56717681884766,102.42729949951172,103.77623748779295
2020-12-02,115.96334086523022,119.07988326552736,111.63739056143191,112.42815399169922,52844.0,108.42780303955078,105.47871856689453,99.52007446289062,69.52673614990613,3.76762798590147,116.94014739990234,106.56717681884766,102.42729949951172
2020-12-03,113.31193517474036,114.42830605324784,112.5676831905934,112.98632049560548,15113.0,110.26981964111329,106.79976043701171,100.51318130493163,70.10207391017106,4.1268085862789405,112.42815399169922,116.94014739990234,106.56717681884766
2020-12-04,113.45148730382468,115.35862876359867,110.24191539101967,112.75375366210938,33686.0,112.33511047363281,107.99055862426758,101.49465980529786,69.51317637998245,4.342636390896601,112.98632049560548,112.42815399169922,116.94014739990234
2020-12-07,111.73041161099256,116.19590972523676,111.73041161099256,114.70741271972656,36264.0,113.9631576538086,109.23717575073242,102.58312454223633,71.66643303144012,4.618090961607564,112.75375366210938,112.98632049560548,112.42815399169922
2020-12-08,116.28894142668231,117.2192529580958,112.3816358338313,112.89330291748048,13790.0,113.15378875732422,110.07910690307617,103.5762321472168,66.9386244864048,4.6365598181209435,114.70741271972656,112.75375366210938,112.98632049560548
2020-12-09,114.4283062972782,116.84711460434474,114.1957284389504,114.75391387939452,14600.0,113.61894073486329,111.02337188720703,104.6646957397461,69.18403885995608,4.746616237500689,112.89330291748048,114.70741271972656,112.75375366210938
2020-12-10,114.1957415984982,115.40514944025618,111.683903278187,113.03285217285156,10279.0,113.6282470703125,111.94903335571288,105.66943244934082,64.79998354297078,4.641457612418719,114.75391387939452,112.89330291748048,114.70741271972656
2020-12-11,114.1027084164526,114.80044205075902,112.00950751353334,113.2654266357422,19795.0,113.73058166503907,113.03284606933593,106.67416839599609,65.12162837843343,4.5247272210048095,113.03285217285156,114.75391387939452,112.89330291748048
2020-12-14,112.56768991281167,114.10270528571088,112.47466018366607,113.17239379882812,10432.0,113.42357788085937,113.69336776733398,107.64634437561035,64.86629257653212,4.374286520274225,113.2654266357422,113.03285217285156,114.75391387939452
2020-12-15,113.0328579434498,113.77711005294502,112.10254635543788,112.42815399169922,5409.0,113.33054809570312,113.24216842651367,108.53246612548828,62.746764787370275,4.147200898104359,113.17239379882812,113.2654266357422,113.03285217285156
2020-12-16,114.66088073528232,116.38195541602596,112.98631736618906,113.54450988769533,22518.0,113.08866729736329,113.35380401611329,109.4162612915039,64.61451849174428,4.011077295251823,112.42815399169922,113.17239379882812,113.2654266357422
2020-12-17,113.96316463825087,118.56820396209876,112.93982335491955,114.6143798828125,35590.0,113.40497283935547,113.51660995483398,110.15818519592285,66.35545636932062,3.9440632208866617,113.54450988769533,112.42815399169922,113.17239379882812
2020-12-18,114.52134200990857,114.52134200990857,112.56768931733224,113.8236083984375,8601.0,113.51660919189453,113.6235954284668,110.80707702636718,63.854786853485194,3.783531241124635,114.6143798828125,113.54450988769533,112.42815399169922
2020-12-21,113.54452473507726,113.54452473507726,102.47381614173442,105.35778045654295,24695.0,111.9536865234375,112.68863220214844,110.96290397644043,44.51383660374812,2.9393044554491468,113.8236083984375,114.6143798828125,113.54450988769533
2020-12-22,109.77674369236205,109.77674369236205,100.1480222541423,103.91577911376952,17369.0,110.25121154785157,111.79087982177734,110.93499336242675,42.17081009320853,2.129345419892971,105.35778045654295,113.8236083984375,114.6143798828125
2020-12-23,104.05533663210458,109.31159786382251,103.68321062408934,107.2649154663086,7063.0,108.99529266357422,111.04197998046875,111.0326759338379,48.898523347929334,1.7376636575384907,103.91577911376952,105.35778045654295,113.8236083984375
2020-12-24,107.86960999567933,109.07901772208837,104.84609777736983,106.9858169555664,10227.0,107.469580078125,110.43727645874023,111.19315490722656,48.39326365981033,1.3887237783977042,107.2649154663086,103.91577911376952,105.35778045654295
2020-12-28,106.98581699345172,113.963152884329,106.98581699345172,112.93981170654295,24414.0,107.29282073974609,110.40471496582032,111.71878051757812,58.29373397676003,1.5744744654348324,106.9858169555664,107.2649154663086,103.91577911376952
2020-12-29,116.2424199965652,120.5683770227112,114.10270778843064,119.54502868652344,175558.0,110.1302703857422,111.04197845458984,112.36767311096192,66.0703715566306,2.228974797380502,112.93981170654295,106.9858169555664,107.2649154663086
2020-12-30,116.84711174876864,119.5450162589808,112.56768067966286,117.87045288085938,42156.0,112.92120513916015,111.58620834350586,112.41418838500977,62.869747440277656,2.5827741407905904,119.54502868652344,112.93981170654295,106.9858169555664
2020-12-31,116.2889391005634,121.87080817739044,116.2889391005634,118.24259185791016,30845.0,115.11674041748047,112.05601654052734,112.70491027832031,63.29528200924184,2.860220335183854,117.87045288085938,119.54502868652344,112.93981170654295
2021-01-01,118.10303979360944,119.7776033001926,116.84712071252872,117.68440246582033,17475.0,117.25645751953125,112.36301879882812,112.93981437683105,62.144818183531754,3.000469677459918,118.24259185791016,117.87045288085938,119.54502868652344
2021-01-04,120.89395829514476,125.12687781880643,119.40546863760343,122.52200317382812,40663.0,119.17289581298829,113.23285827636718,113.428226852417,67.63525547141194,3.462063723728562,117.68440246582033,118.24259185791016,117.87045288085938
2021-01-05,120.01017530131122,122.33595389242193,119.40547854579285,121.03352355957033,28977.0,119.47059478759766,114.80043258666993,113.74453239440918,64.53379425733004,3.665518648599644,122.52200317382812,117.68440246582033,118.24259185791016
2021-01-06,120.05670246320447,123.17323748520282,118.14956104039616,120.52185821533205,41445.0,120.0008758544922,116.46104049682617,114.12596015930175,63.45659077104055,3.7423317543160834,121.03352355957033,122.52200317382812,117.68440246582033
2021-01-07,120.47534841478516,123.91749838755057,119.49851842639048,123.21976470947266,15965.0,120.99631042480469,118.05652542114258,114.54925270080567,66.62044633975107,3.97508291924683,120.52185821533205,121.03352355957033,122.52200317382812
2021-01-08,123.21976470947266,127.9178409809495,122.80112734171152,123.21976470947266,66940.0,122.10338287353515,119.6799201965332,115.05859832763672,66.62044633975108,4.112137730298031,123.21976470947266,120.52185821533205,121.03352355957033
2021-01-11,125.59205538287983,125.9641743132508,120.05670466990505,120.80095672607422,18864.0,121.75917358398438,120.46603469848633,115.43537483215331,61.118409444545996,3.979701543924051,123.21976470947266,123.21976470947266,120.52185821533205
2021-01-12,125.40601366938124,125.40601366938124,120.8474780522094,121.5452117919922,10618.0,121.86151123046875,120.6660530090332,115.85401573181153,62.154122914083715,3.889959049386036,120.80095672607422,123.21976470947266,123.21976470947266
2021-01-13,121.5917117507372,123.35931214037804,118.7542658984322,119.6845703125,28041.0,121.69405364990234,120.84746475219727,116.21683654785156,57.994910803505725,3.6268907199806932,121.5452117919922,120.80095672607422,123.21976470947266
2021-01-14,119.6845615237467,121.638221233196,119.6845615237467,120.19623565673828,12400.0,121.08934783935547,121.04282913208007,116.5494228363037,58.81117088924658,3.4202675751723746,119.6845703125,121.5452117919922,120.80095672607422
2021-01-15,120.01017809765858,120.28927437418028,114.70740562545195,115.4981689453125,22970.0,119.54502868652344,120.8242057800293,116.5936122894287,49.33194728205124,2.8446313841669593,120.19623565673828,119.6845703125,121.5452117919922
2021-01-18,115.4981673211514,116.75408635241162,113.03284057225508,113.91663360595705,38963.0,118.1681640625,119.96366882324219,116.59826354980468,46.60847926342439,2.235054553497122,115.4981689453125,120.19623565673828,119.6845703125
2021-01-19,115.8237818788316,116.7540933798664,114.66089250253812,115.87030029296876,52717.0,117.0331817626953,119.44734649658203,117.12388954162597,50.26142807680876,1.8878432161413912,113.91663360595705,115.4981689453125,120.19623565673828
2021-01-20,116.33546275617675,123.03370311103808,116.33546275617675,122.14990997314452,77904.0,117.52624969482422,119.61015167236329,118.03559608459473,59.78546746747911,2.095235183114397,115.87030029296876,113.91663360595705,115.4981689453125
2021-01-21,124.661731358423,128.38297707061471,119.0798627901354,120.24275207519533,92565.0,117.53555297851562,119.31245040893555,118.68448791503906,56.261912537405394,2.081706490927914,122.14990997314452,115.87030029296876,113.91663360595705
2021-01-22,120.94050873470655,126.7084378506607,118.52169997955528,121.35914611816406,50983.0,118.70774841308594,119.12638854980469,119.40315437316895,57.828727345332894,2.1364410119767143,120.24275207519533,122.14990997314452,115.87030029296876
2021-01-25,120.94049334434422,121.49868591487343,115.91680989357494,116.38196563720705,19112.0,119.20081481933593,118.68448944091797,119.57526206970215,49.342251099232776,1.7579372392522714,121.35914611816406,120.24275207519533,122.14990997314452
2021-01-27,116.0098382907186,117.68440178765192,114.19573375046856,115.12604522705078,24253.0,119.05196380615234,118.04257278442383,119.35431289672852,47.44998060809805,1.3411678434100764,116.38196563720705,121.35914611816406,120.24275207519533
2021-01-28,114.70741061458058,117.49834511033472,114.5678624702502,116.19590759277344,8229.0,117.86116333007813,117.69370651245117,119.27058563232421,49.2359380233522,1.084700296429986,115.12604522705078,116.38196563720705,121.35914611816406
2021-01-29,117.82393750400412,118.38212291154947,114.61435898962142,115.21906280517578,8748.0,116.85642547607422,117.19598922729492,119.1194091796875,47.64377788704484,0.7934779868631097,116.19590759277344,115.12604522705078,116.38196563720705
2021-02-01,118.61471618713196,118.84729406200869,114.42831443935084,117.9635009765625,14425.0,116.1772964477539,117.44252243041993,119.13336410522462,52.309794635933066,0.7751994162661902,115.21906280517578,116.19590759277344,115.12604522705078
2021-02-02,119.54502232068344,120.0101780495577,116.1028727660992,116.94014739990234,10493.0,116.28893280029297,117.74487380981445,118.85427131652833,50.50242425073821,0.6704093743126265,117.9635009765625,115.21906280517578,116.19590759277344
2021-02-03,118.47516001163558,122.42899071423672,117.8704561584042,121.03352355957033,19409.0,117.47042846679688,118.26119613647461,118.85427131652833,56.914978963373756,0.9072060507691191,116.94014739990234,117.9635009765625,115.21906280517578
2021-02-04,121.45217143076236,129.17375986395672,121.31261618590166,128.19692993164062,48614.0,119.87063293457031,118.86589813232422,119.23802490234375,65.3701184573186,1.6538318064398254,121.03352355957033,116.94014739990234,117.9635009765625
2021-02-05,130.24360643329857,136.80230516777496,126.7549384038352,132.33680725097656,112988.0,123.29418182373047,120.07530364990234,119.69387702941894,69.13934447717959,2.5501945429785593,128.19692993164062,121.03352355957033,116.94014739990234
2021-02-08,137.1279077763627,139.5467233255089,133.0345429036518,135.49986267089844,61674.0,126.80145416259765,121.48937530517578,120.30788192749023,71.67599077544541,3.4757345034744276,132.33680725097656,128.19692993164062,121.03352355957033
2021-02-09,137.63957522691902,137.63957522691902,129.35980905792866,129.68540954589844,16011.0,129.3505065917969,122.81971969604493,120.75210456848144,61.64508840470178,3.697432120632456,135.49986267089844,132.33680725097656,128.19692993164062
2021-02-10,131.31347010099353,132.5228779596534,127.26662336044384,128.89466857910156,7534.0,130.92273559570313,124.19658203125,121.11957740783691,60.40696659075032,3.7659118048649702,129.68540954589844,135.49986267089844,132.33680725097656
2021-02-11,128.89466979557596,133.49970918986915,127.63874350830152,131.91818237304688,16047.0,131.66698608398437,125.76880950927735,121.73125801086425,63.431345978291475,4.0178395888391805,128.89466857910156,129.68540954589844,135.49986267089844
2021-02-12,134.80214598616405,141.50040090346766,132.61592223005204,137.87217712402344,42280.0,132.77406005859376,128.03412094116212,122.61505508422852,68.52939251884914,4.644394105263373,131.91818237304688,128.89466857910156,129.68540954589844
2021-02-15,146.98922239677532,154.98990726869482,143.0353983766089,149.82667541503906,130989.0,135.63942260742186,131.22043838500977,124.33148040771485,75.81864564455125,6.035992019064054,137.87217712402344,131.91818237304688,128.89466857910156
2021-02-16,152.19895702430054,161.40903458773582,148.84983016736444,156.8970184326172,67913.0,141.0817443847656,135.21612548828125,126.48049964904786,78.9274214300041,7.621505018241038,149.82667541503906,137.87217712402344,131.91818237304688
2021-02-17,157.68777370949337,157.96686995337387,151.1290758577127,152.05938720703125,60585.0,145.71468811035157,138.31871185302734,128.289953994751,72.09764027320927,8.390953395404296,156.8970184326172,149.82667541503906,137.87217712402344
2021-02-18,153.31532571044482,161.08341759352828,152.57107373120743,153.7339630126953,53206.0,150.07784423828124,140.8724151611328,129.86915664672853,72.96958377100691,9.031758559782844,152.05938720703125,156.8970184326172,149.82667541503906
2021-02-19,153.50141202162052,154.85036098514908,147.17529038406806,148.98939514160156,11522.0,152.30128784179686,142.5376739501953,131.30648880004884,66.61755263210301,9.052403817829429,153.7339630126953,152.05938720703125,156.8970184326172
2021-02-22,149.78013312492317,150.29180722623622,140.84913814240986,143.87265014648438,47129.0,151.11048278808593,143.3749526977539,132.43216400146486,60.50089283143965,8.557244190559373,148.98939514160156,153.7339630126953,152.05938720703125
2021-02-23,145.82629778370352,151.64074346885917,145.59371995629732,149.78012084960938,9094.0,149.68710327148438,145.384423828125,134.10207176208496,64.54811856076003,8.543031385505202,143.87265014648438,148.98939514160156,153.7339630126953
2021-02-24,149.78014871101792,151.5477348499338,144.19827981495513,147.268310546875,16835.0,148.72888793945313,147.22178802490234,135.70918502807618,61.655367997170075,8.234167182062265,149.78012084960938,143.87265014648438,148.98939514160156
2021-02-25,148.61727821663635,154.98991835980905,146.61711395323798,152.80368041992188,18094.0,148.54283142089844,149.31033782958986,137.5395736694336,65.34158262272862,8.339910862319385,147.268310546875,149.78012084960938,143.87265014648438
2021-02-26,149.594074414866,153.03622372024856,146.98919968267035,149.50103759765625,14891.0,148.64515991210936,150.4732238769531,139.25367240905763,61.540257645587175,8.064258069151265,152.80368041992188,147.268310546875,149.78012084960938
2021-03-01,152.105914016134,154.43169251790977,148.10557215399464,149.64059448242188,7144.0,149.7987487792969,150.4546157836914,140.8375270843506,61.64180715516331,7.767523147144431,149.50103759765625,152.80368041992188,147.268310546875
2021-03-02,146.61709895297176,152.3850274483011,146.61709895297176,150.5709228515625,68136.0,149.9569091796875,149.82200622558594,142.5190658569336,62.35538926259118,7.520733968214159,149.64059448242188,149.50103759765625,152.80368041992188
2021-03-03,152.3850414576936,163.5952989692715,152.3850414576936,161.17648315429688,63967.0,152.73854370117186,150.7337158203125,144.5262138366699,69.35439106831006,8.08770185538765,150.5709228515625,149.64059448242188,149.50103759765625
2021-03-04,160.47875194712438,164.89773207320462,158.38555083477058,160.15313720703125,88689.0,154.20843505859375,151.3756332397461,146.12402420043946,68.03986180853849,8.358105487945238,161.17648315429688,150.5709228515625,149.64059448242188
2021-03-05,160.01356453755753,162.7114619824042,153.96654029631262,156.47837829589844,152612.0,155.6039031982422,152.1245315551758,147.33110275268555,63.39330999821114,8.181567959426246,160.15313720703125,161.17648315429688,150.5709228515625
2021-03-08,157.1761206125123,161.17646278774365,151.08257762185573,152.75714111328125,79165.0,156.22721252441406,153.01298065185546,148.1939666748047,58.999334249297206,7.653167009871538,156.47837829589844,160.15313720703125,161.17648315429688
2021-03-09,153.50139446807424,154.71080223327166,148.84983705995077,150.1522674560547,90695.0,156.1434814453125,153.0501953125,149.2173095703125,56.06961633312324,6.944165894289256,152.75714111328125,156.47837829589844,160.15313720703125
2021-03-10,152.3384988663185,152.7571361767896,145.45419986289653,147.8730010986328,64695.0,153.4827850341797,153.11066436767578,150.16622619628907,53.5632821535721,6.127723078420047,150.1522674560547,152.75714111328125,156.47837829589844
2021-03-12,147.9195239716958,151.64076985777623,147.45436823593576,148.4311981201172,20191.0,151.13839721679688,152.6734161376953,150.99187698364258,54.104360231260756,5.462756838886861,147.8730010986328,150.1522674560547,152.75714111328125
2021-03-15,162.8045037014215,162.8045037014215,147.96603891743433,150.75697326660156,28625.0,149.9941162109375,152.79900970458985,151.6361167907715,56.38471306748272,5.065050174711331,148.4311981201172,147.8730010986328,150.1522674560547
2021-03-16,152.7571568365234,165.17682196456903,152.7571568365234,163.50225830078125,71700.0,152.1431396484375,154.18517608642577,152.31989593505858,66.27394700397491,5.712453159354965,150.75697326660156,148.4311981201172,147.8730010986328
2021-03-17,166.55178936664203,171.2433890671108,160.4527097560326,162.84542846679688,49222.0,154.68177185058593,155.41262664794922,152.61731643676757,65.45033289428619,6.102181856756744,163.50225830078125,150.75697326660156,148.4311981201172
2021-03-18,163.2676735116508,164.67515345571675,152.9461539218338,154.25979614257812,130637.0,155.959130859375,154.72095794677733,152.72733688354492,55.70533344579538,5.653090572655117,162.84542846679688,163.50225830078125,150.75697326660156
2021-03-19,141.73321581997834,162.5639135697157,141.73321581997834,160.35885620117188,47978.0,158.34466247558595,154.7415298461914,153.05858154296874,60.234812923313044,5.723350447931608,154.25979614257812,162.84542846679688,163.50225830078125
2021-03-22,162.32936962049715,164.48750861192525,157.63776934244808,162.98619079589844,46759.0,160.7905059814453,155.3923110961914,153.7584213256836,62.03579078901139,5.922761936711254,160.35885620117188,154.25979614257812,162.84542846679688
2021-03-23,167.0209503173828,173.30769108939953,165.23814814778706,167.0209503173828,109067.0,161.49424438476564,156.81869201660157,154.91583633422852,64.68123047435657,6.333361304999329,162.98619079589844,160.35885620117188,154.25979614257812
2021-03-24,165.14428924589373,168.09999096841543,161.4848476544265,163.1269073486328,50813.0,161.5505401611328,158.11615600585938,155.5831756591797,60.31303131950235,6.2722450028176695,167.0209503173828,162.98619079589844,160.35885620117188
2021-03-25,162.1417040936284,163.36152299650072,157.77850736231133,158.71682739257812,56937.0,162.44194641113282,159.2005386352539,156.15560150146484,55.72325967716801,5.801082034496403,163.1269073486328,167.0209503173828,162.98619079589844
2021-03-26,160.54656950336965,161.86021187267642,156.1833725927468,157.2155303955078,26890.0,161.81328125,160.07897186279297,156.37619400024414,54.21084482668122,5.246066477959943,158.71682739257812,163.1269073486328,167.0209503173828
2021-03-30,164.1590525747775,164.1590525747775,155.52651294026074,157.8253936767578,47683.0,160.78112182617187,160.7858139038086,156.79241180419922,54.7481503541976,4.800091058916166,157.2155303955078,158.71682739257812,163.1269073486328
2021-03-31,157.73158840193236,157.73158840193236,152.94615095779747,153.7437286376953,12917.0,158.12567749023438,159.8099609375,156.9975685119629,50.47884112226292,4.070375316561581,157.8253936767578,157.2155303955078,158.71682739257812
2021-04-01,148.25453307390558,164.20597017679415,148.25453307390558,159.84278869628906,21855.0,157.46885375976564,159.50969696044922,157.4611618041992,56.00023523234039,3.938809365640992,153.7437286376953,157.8253936767578,157.2155303955078
2021-04-05,165.14430670090664,165.14430670090664,149.9904456482999,152.00782775878906,27149.0,156.1270538330078,159.2845001220703,157.00272903442382,48.516685025694706,3.1658327838298135,159.84278869628906,153.7437286376953,157.8253936767578
2021-04-06,148.8175622266637,165.75422728465517,148.8175622266637,163.26768493652344,67143.0,157.33748474121094,159.57538299560548,157.15845642089843,57.33979164451876,3.422368709308927,152.00782775878906,159.84278869628906,153.7437286376953
2021-04-07,163.26767430160984,165.05047651233545,162.1886120663222,162.56393432617188,7758.0,158.28519287109376,159.5331573486328,157.4627342224121,56.68590763787039,3.5282173918721185,163.26768493652344,152.00782775878906,159.84278869628906
2021-04-08,162.79851622808548,165.61347616286503,136.05639684767948,157.63775634765625,28577.0,159.06399841308593,158.59483795166017,157.70676498413087,52.19866077472696,3.177968203094224,162.56393432617188,163.26768493652344,152.00782775878906
2021-04-09,163.1738044823679,164.62820300905878,158.10688338290294,161.2971649169922,4125.0,159.35487365722656,158.4118637084961,158.26400985717774,55.04550353836079,3.159258915957764,157.63775634765625,162.56393432617188,163.26768493652344
2021-04-12,155.76111130949425,157.54391348297415,145.43959188537113,147.55081176757812,27249.0,158.46347045898438,157.2952621459961,158.247900390625,44.358389049796884,2.0120225119408133,161.2971649169922,157.63775634765625,162.56393432617188
2021-04-13,149.89659586409772,154.9166127828404,146.2840587187269,149.61509704589844,12785.0,155.7329528808594,156.53521881103515,158.30709533691407,46.052254141135734,1.2549338698910901,147.55081176757812,161.2971649169922,157.63775634765625
2021-04-15,149.6620222627945,152.00782198478188,146.14332267981345,148.53604125976562,10918.0,152.92737426757813,155.60628356933594,158.19604873657227,45.27634766901707,0.5613934879681324,149.61509704589844,147.55081176757812,161.2971649169922
2021-04-16,152.47697271608516,156.6994119605306,151.0694929679367,152.852294921875,34248.0,151.97028198242188,155.51714019775392,157.66355056762694,48.9793359208572,0.35594027873270306,148.53604125976562,149.61509704589844,147.55081176757812
2021-04-19,153.79062704262626,153.79062704262626,143.84444461820115,148.62986755371094,17638.0,149.43682250976562,154.3958480834961,156.95277252197266,45.72004014672961,-0.14591544765835351,152.852294921875,148.53604125976562,149.61509704589844
2021-04-20,152.94616442165815,157.16860454372846,150.13120434027795,154.9635467529297,16706.0,150.91936950683595,154.69141998291016,156.98796005249022,50.98854116949709,-0.03219363964916511,148.62986755371094,152.852294921875,148.53604125976562
2021-04-22,158.05999755453652,158.05999755453652,150.31885772996537,153.08689880371094,7217.0,151.61372985839844,153.6733413696289,156.62436218261718,49.45680134180343,-0.09243258784576369,154.9635467529297,148.62986755371094,152.852294921875
2021-04-23,155.33888435747144,158.57608560843772,153.2276642828029,155.38580322265625,20908.0,152.98368225097656,152.95552825927734,156.24434280395508,51.3835217766553,0.044813404541088175,153.08689880371094,154.9635467529297,148.62986755371094
2021-04-26,158.5291322242471,158.5291322242471,153.41529202042446,154.07211303710938,2888.0,153.22764587402344,152.59896392822264,155.5969009399414,50.20573669718623,0.04703582360920677,155.38580322265625,153.08689880371094,154.9635467529297
2021-04-27,155.9956861533765,163.6899066068901,155.10428509602522,161.9071044921875,23239.0,155.88309326171876,152.6599578857422,155.53591079711913,56.595787582857966,0.6732545777159942,154.07211303710938,155.38580322265625,153.08689880371094
2021-04-28,161.3441075681635,164.0652439299044,156.69942682228557,161.10952758789062,18993.0,157.11228942871094,154.01582946777344,155.65554580688476,55.81062317822733,1.0925850214430284,161.9071044921875,154.07211303710938,155.38580322265625
2021-04-29,167.02096224121928,167.02096224121928,160.45272215308142,164.01834106445312,16943.0,159.29857788085937,155.4561538696289,155.99568634033204,58.09401546991898,1.6407112587162658,161.10952758789062,161.9071044921875,154.07211303710938
2021-04-30,163.92448339633236,170.3519804277902,162.5639224070996,164.29981994628906,32597.0,161.08138122558594,157.03253173828125,156.31940765380858,58.318466174246936,2.0739114835216412,164.01834106445312,161.10952758789062,161.9071044921875
2021-05-03,170.49273940743592,177.1078982038742,160.92187836802344,174.29293823242188,44016.0,165.12554626464845,159.17659606933594,157.34686813354492,65.40316223743713,3.1868508792455827,164.29981994628906,164.01834106445312,161.10952758789062
2021-05-04,176.4041368090793,184.8490156988757,170.16431535644648,173.72991943359375,77491.0,167.4901092529297,161.6866012573242,158.04122467041014,64.73554598907657,3.9775813748008773,174.29293823242188,164.29981994628906,164.01834106445312
2021-05-05,177.01405844915098,177.9992972913936,169.8359163312616,173.8237762451172,13241.0,170.032958984375,163.57262420654297,159.13202209472655,64.80005163987971,4.559258159704484,173.72991943359375,174.29293823242188,164.29981994628906
2021-05-06,174.05832151845286,178.28076058493824,169.46056026199605,175.37196350097656,29102.0,172.30368347167968,165.80113067626954,159.73723602294922,65.90784171110568,5.086532593817708,173.8237762451172,173.72991943359375,174.29293823242188
2021-05-07,175.46581398566394,180.81423432918865,171.24337461167738,176.5448760986328,30250.0,174.75269470214843,167.9170379638672,160.43628311157227,66.7613076967295,5.535238838091914,175.37196350097656,173.8237762451172,173.72991943359375
2021-05-10,178.37460971703982,191.1357511225926,176.59179340641774,189.3060302734375,59936.0,177.75531311035155,171.4404296875,162.01969680786132,74.29970224719663,6.841693478312891,176.5448760986328,175.37196350097656,173.8237762451172
2021-05-11,188.60229270166428,197.7509113774913,186.49107300724265,190.6196746826172,51847.0,181.13326416015624,174.31168670654296,163.48582229614257,74.93002273650006,7.89209318088993,189.3060302734375,176.5448760986328,175.37196350097656
2021-05-12,190.103615827804,197.09409615900063,188.2738805844813,190.33819580078125,36279.0,184.43614807128907,177.23455352783202,165.62519149780275,74.50834481344059,8.602663371185457,190.6196746826172,189.3060302734375,176.5448760986328
2021-05-14,197.04718400908004,206.38346438788983,190.4789445421107,197.1410217285156,88577.0,188.7899597167969,180.54682159423828,168.0014877319336,77.76512152867807,9.604017430510481,190.33819580078125,190.6196746826172,189.3060302734375
2021-05-17,203.2401149089248,205.30441601677583,195.12363843089165,196.671875,43872.0,192.81535949707032,183.78402709960938,170.4082794189453,77.03418868097775,10.241681784339278,197.1410217285156,190.33819580078125,190.6196746826172
2021-05-18,200.84738344894603,202.4894433229217,196.1088649490912,196.76568603515625,26214.0,194.30729064941406,186.03130187988282,172.60394897460938,77.08057887490861,10.632045542601219,196.671875,197.1410217285156,190.33819580078125
2021-05-19,197.0471522117477,200.51893250623945,194.7013527806554,196.29649353027344,8027.0,195.44265441894532,188.28795928955077,174.9872802734375,76.25097340132959,10.779294719851663,196.76568603515625,196.671875,197.1410217285156
2021-05-20,195.45200900140551,235.51825991650549,193.6222883317143,194.98284912109372,13607.0,196.3715850830078,190.40386657714845,176.9882453918457,73.85427321702767,10.66702777229446,196.29649353027344,196.76568603515625,196.671875
2021-05-21,200.0498084128116,201.1288849347558,194.6075498954273,195.59278869628903,9626.0,196.0619384765625,192.4259490966797,179.1135398864746,74.25883989325374,10.506163915992687,194.98284912109372,196.29649353027344,196.76568603515625
2021-05-24,191.41727117216615,205.0229105446976,191.41727117216615,198.1731719970703,59512.0,196.36219787597653,194.58877868652343,181.2529083251953,75.95401313163843,10.46624515894112,195.59278869628903,194.98284912109372,196.29649353027344
2021-05-25,200.65971229201352,200.89429226227887,196.3903539696595,198.97073364257807,38925.0,196.8032073974609,195.5552490234375,183.49783935546876,76.46980700869574,10.379319481588624,198.1731719970703,195.59278869628903,194.98284912109372
2021-05-26,200.0029011448787,227.0265198559836,199.3460800121088,222.0534210205078,208402.0,201.9545928955078,198.69862365722656,186.50515518188476,85.89790392540142,12.034286454191886,198.97073364257807,198.1731719970703,195.59278869628903
2021-05-27,226.79190823010856,231.43658869266335,213.28010791765365,214.59375,66703.0,205.87677307128905,201.12417907714843,189.17936630249022,75.38545076513223,12.598696662382508,222.0534210205078,198.97073364257807,198.1731719970703
2021-05-28,221.9126509410203,221.9126509410203,208.3070127226491,208.87001037597656,48460.0,208.53221740722657,202.29707794189454,191.4219497680664,68.4620961459495,12.440728887824775,214.59375,222.0534210205078,198.97073364257807
2021-05-31,213.74928196458927,219.8014426225824,210.18366338296036,217.8778839111328,35279.0,212.47315979003906,204.4176788330078,194.1008529663086,72.70987298386531,12.89376707993216,208.87001037597656,214.59375,222.0534210205078
2021-06-01,220.2706060458817,220.2706060458817,209.71450671460937,212.15414428710935,56003.0,215.1098419189453,205.95652465820314,195.99391326904296,66.57400736437913,12.645179401975355,217.8778839111328,208.87001037597656,214.59375
2021-06-02,207.41561457061263,219.3322743113853,207.41561457061263,215.57899475097656,36424.0,213.81495666503906,207.88477478027343,198.08636703491212,68.29792521984125,12.579519812067275,212.15414428710935,217.8778839111328,208.87001037597656
2021-06-03,218.62853980173136,218.62853980173136,210.183660581922,214.0776824951172,43928.0,213.7117431640625,209.79425811767578,200.09906234741212,66.6745954859791,12.264957961249422,215.57899475097656,212.15414428710935,217.8778839111328
2021-06-04,215.86049401176675,243.86933419656657,214.40609531568447,237.11343383789065,143451.0,219.3604278564453,213.94632263183593,203.1861358642578,76.07221357602566,13.716344561755847,214.0776824951172,215.57899475097656,212.15414428710935
2021-06-07,237.8640818519026,246.7781204222895,235.9874421528738,242.18035888671875,45829.0,224.2209228515625,218.34704132080077,206.4679100036621,77.57048024613525,15.101358345970738,237.11343383789065,214.0776824951172,215.57899475097656
2021-06-08,242.602622930031,243.77552292221887,234.5799984375677,236.97271728515625,50103.0,229.18463745117188,222.1472396850586,208.85124435424805,72.54285899316898,15.598963452613077,242.18035888671875,237.11343383789065,214.0776824951172
2021-06-09,239.271572346668,241.8988565889233,227.0734137564457,230.07603454589844,29705.0,232.08404541015625,222.94950103759766,210.8240623474121,66.40456282751518,15.260896312490502,236.97271728515625,242.18035888671875,237.11343383789065
2021-06-10,234.5799459209828,237.58256636524663,229.88834700256317,233.07862854003903,14357.0,235.8842346191406,224.79798889160156,212.961083984375,67.68653258731811,15.061638714348788,230.07603454589844,236.97271728515625,242.18035888671875
2021-06-11,241.61737144056627,241.9457891287977,233.6416523833049,237.9110107421875,46498.0,236.04375,227.70208892822265,214.99958343505858,69.69108415770465,15.119371783618874,233.07862854003903,230.07603454589844,236.97271728515625
2021-06-14,238.1456119613927,238.1456119613927,228.0586722537407,234.3454132080078,13362.0,234.4767608642578,229.34884185791014,216.88326034545898,66.41715220038937,14.707868581219373,237.9110107421875,233.07862854003903,230.07603454589844
2021-06-15,234.43923363109928,237.25419334177425,231.29585622712867,233.8762359619141,22719.0,233.8574645996094,231.52105102539062,218.73878784179686,65.97793388265535,14.180427504651334,234.3454132080078,237.9110107421875,233.07862854003903
2021-06-16,234.62690645283908,235.14298528906627,225.2437069491673,226.32276916503903,19317.0,233.1068115234375,232.59542846679688,220.24010162353517,59.19133200023604,13.003034124630489,233.8762359619141,234.3454132080078,237.9110107421875
2021-06-17,225.19678064480223,232.4687600197907,223.93004302662496,226.93267822265625,8503.0,231.87762145996095,233.88092803955078,221.83759307861328,59.553110069682184,11.981045912690405,226.32276916503903,233.8762359619141,234.3454132080078
2021-06-18,227.87099560922985,227.87099560922985,212.1541371347538,221.06817626953125,13594.0,228.5090545654297,232.27640228271486,223.1113624572754,54.5458276312528,10.575983244252257,226.93267822265625,226.32276916503903,233.8762359619141
2021-06-21,211.54421269836428,223.46087223286983,211.121971618652,222.10031127929688,21959.0,226.0600341796875,230.26839752197264,224.3077194213867,55.25883656698072,9.43696220002414,221.06817626953125,226.93267822265625,226.32276916503903
2021-06-22,224.39920445091803,232.70334151844517,224.39920445091803,229.0438995361328,17965.0,225.09356689453125,229.47551574707032,225.81137771606444,59.824601472063314,8.990927542555738,222.10031127929688,221.06817626953125,226.93267822265625
2021-06-23,228.01173641036144,228.29323524476357,217.7840551955477,219.3791961669922,14184.0,223.70485229492186,228.40583190917968,225.67766647338868,51.887558035474655,7.768035988966062,229.0438995361328,222.10031127929688,221.06817626953125
2021-06-24,221.81881444995585,223.88312964512795,214.78141533266503,215.95431518554688,16567.0,221.5091796875,226.69340057373046,225.745694732666,49.38702034117382,6.448195565394855,219.3791961669922,229.0438995361328,222.10031127929688
2021-06-25,219.84835966980629,236.83194159648943,216.98648105613535,229.41921997070312,72138.0,223.17938842773438,225.84422149658204,226.77315521240234,57.96399447313757,6.414772303972427,215.95431518554688,219.3791961669922,229.0438995361328
2021-06-28,226.13508900874805,228.9500486229648,221.72498847666677,223.32012939453125,11427.0,223.42335205078126,224.74169311523437,227.04526748657227,53.53828285000321,5.82894602978476,229.41921997070312,215.95431518554688,219.3791961669922
2021-06-29,224.58686308603887,226.69808276039743,220.7866648086685,223.22628784179688,9036.0,222.25982971191405,223.67669830322265,227.59887466430663,53.47063485460254,5.296052659422031,223.32012939453125,229.41921997070312,215.95431518554688
2021-06-30,224.4461276377393,228.0117462868197,222.47566434682392,223.3670654296875,20687.0,223.05740356445312,223.3811279296875,227.9882781982422,53.56542321333296,4.8294198530787185,223.22628784179688,223.32012939453125,229.41921997070312
2021-07-01,220.97431460358408,226.79189454490947,220.97431460358408,225.80665588378903,11773.0,225.02787170410156,223.26852569580078,228.5747268676758,55.266141288048075,4.6033994301673715,223.3670654296875,223.22628784179688,223.32012939453125
2021-07-02,226.0412544790348,228.9500518484214,223.3670513984296,227.5425720214844,12813.0,224.6525421142578,223.91596527099608,228.09618377685547,56.48738548602653,4.512335150492618,225.80665588378903,223.3670654296875,223.22628784179688
2021-07-05,232.23418909988723,237.1134500073495,228.1055870207175,232.56260681152344,32978.0,226.50103759765625,224.96219482421876,227.61529617309571,59.89700291353571,4.7900244855597975,227.5425720214844,225.80665588378903,223.3670654296875
2021-07-06,233.6416513024023,242.08653026513971,232.6094937021288,234.15773010253903,31288.0,228.68732604980468,225.47357788085938,227.47454681396485,60.94424649405853,5.080246483707015,232.56260681152344,227.5425720214844,225.80665588378903
2021-07-07,234.0639083860303,239.60000467503207,232.14034962728925,237.48878479003903,11114.0,231.511669921875,227.28453674316407,227.84518432617188,63.11067223423486,5.515459004520864,234.15773010253903,232.56260681152344,227.5425720214844
2021-07-08,237.62952884665228,240.77290642616592,228.95006925403024,232.56260681152344,30018.0,232.86286010742188,228.94536590576172,227.8193832397461,57.98785513663227,5.400611778900583,237.48878479003903,234.15773010253903,232.56260681152344
2021-07-09,233.6416511761273,236.7850285153864,230.1229516102218,233.7354888916016,22493.0,234.1014434814453,229.37699279785156,227.6106071472168,58.84442666780144,5.342649568305205,232.56260681152344,237.48878479003903,234.15773010253903
2021-07-12,238.4271013242332,238.84934243165927,229.7476419213448,231.2020263671875,8789.0,233.82932739257814,230.1651824951172,227.45343780517578,56.17993227823444,5.034253109984519,233.7354888916016,232.56260681152344,237.48878479003903
2021-07-13,234.0638671764319,234.5799459209828,231.764986569931,233.07862854003903,2842.0,233.61350708007814,231.1504165649414,227.41355743408204,57.70755015156311,4.884962005601977,231.2020263671875,233.7354888916016,232.56260681152344
2021-07-14,232.56260252752207,240.20990430066877,231.999604837267,238.66168212890625,23187.0,233.84808654785155,232.67987823486328,228.0305030822754,61.95671836458703,5.157698754207871,233.07862854003903,231.2020263671875,233.7354888916016
2021-07-15,238.3801365877119,255.73903773514465,236.55041592924417,251.8450164794922,128583.0,237.7045684814453,235.2837142944336,229.2761199951172,69.69853471240468,6.3642661977012835,238.66168212890625,233.07862854003903,231.2020263671875
2021-07-16,252.87721355629247,255.22301331098905,244.6200098738608,246.26206970214844,57506.0,240.2098846435547,237.1556640625,230.53581466674805,63.77927525500101,6.791692045006869,251.8450164794922,238.66168212890625,233.07862854003903
2021-07-19,251.1882657368068,257.75650548271244,243.68170602720036,250.8598480224609,36714.0,244.14144897460938,238.98538818359376,231.97379150390626,66.31634367870797,7.415945984601592,246.26206970214844,251.8450164794922,238.66168212890625
2021-07-20,251.9388752002,252.2672928688515,239.50613741099087,243.72857666015625,31818.0,246.2714385986328,239.94247283935547,232.70802536010743,59.370151146904185,7.251645276070633,250.8598480224609,246.26206970214844,251.8450164794922
2021-07-22,242.08657527903088,248.23256021282648,238.70861733878397,239.92843627929688,12785.0,246.52478942871093,240.18643798828126,233.73548736572266,56.00378768435681,6.737134715915715,243.72857666015625,250.8598480224609,246.26206970214844
2021-07-23,246.77812177092352,260.6652441655297,241.57045803175856,252.1265563964844,61998.0,246.5810974121094,242.14283294677733,235.54409942626953,63.21407373599063,7.230321098750466,239.92843627929688,243.72857666015625,250.8598480224609
2021-07-26,252.64262214849765,257.4280591585832,244.94838784716407,247.20037841796875,28057.0,246.76875915527344,243.48932189941405,236.43315734863282,59.00824322830068,7.141352402129712,252.1265563964844,239.92843627929688,243.72857666015625
2021-07-27,248.9362324294665,252.032704962352,238.70855229774912,241.05435180664065,17856.0,244.8076599121094,244.47455444335938,237.3198684692383,54.16613126495935,6.49998332436212,247.20037841796875,252.1265563964844,239.92843627929688
2021-07-28,238.14557996745927,238.14557996745927,225.75976085394743,231.43658447265625,48694.0,242.34926147460936,244.3103500366211,237.73038330078126,47.58558337804584,5.156182996626853,241.05435180664065,247.20037841796875,252.1265563964844
2021-07-29,234.62690554479,236.8319488290432,225.57210946821468,226.69810485839844,13059.0,239.70319519042968,243.1139923095703,237.8969352722168,44.70400708538808,3.666589688043018,231.43658447265625,241.05435180664065,247.20037841796875
2021-07-30,228.7624044567838,235.33064404313657,228.3401633469006,232.89100646972656,14872.0,235.85608520507813,241.21859130859374,238.25115280151368,49.04677157491318,2.951765547030078,226.69810485839844,231.43658447265625,241.05435180664065
2021-08-02,239.27157220367397,239.27157220367397,233.64165285770517,236.2689514160156,11246.0,233.6697998046875,240.21927947998046,238.68747177124024,51.293757312436604,2.6275454830113176,232.89100646972656,226.69810485839844,231.43658447265625
2021-08-03,235.51827912714623,236.92575888288616,228.19938153377376,230.12294006347656,18567.0,231.4835174560547,238.14558868408204,238.56548843383788,47.214081712098526,1.853303268172823,236.2689514160156,232.89100646972656,226.69810485839844
2021-08-04,236.99584550358557,236.99584550358557,229.7911660142452,230.4073638916016,13843.0,231.27767333984374,236.81346740722657,238.37797012329102,47.422491648987915,1.248272057444126,230.12294006347656,236.2689514160156,232.89100646972656
2021-08-05,229.69636472217624,229.69636472217624,217.088183486908,219.64773559570312,27976.0,229.8675994873047,234.7853973388672,237.4859176635742,40.851585921038186,-0.09829849373912225,230.4073638916016,230.12294006347656,236.2689514160156
2021-08-06,219.7425300663153,224.7194423513016,219.7425300663153,221.1645050048828,3968.0,227.52229919433594,231.68919219970704,236.9160125732422,42.070155155289825,-1.031187850273028,219.64773559570312,230.4073638916016,230.12294006347656
2021-08-09,219.93214096306997,222.91828278063204,216.23501162084276,216.9459991455078,29166.0,223.65770874023437,228.66375427246095,236.0765380859375,39.62503321419109,-2.0868516272195734,221.1645050048828,219.64773559570312,230.4073638916016
2021-08-10,218.41535814327403,220.880120640313,209.0777308210029,211.210693359375,20543.0,219.87525939941406,225.67938842773438,235.07697143554688,36.51753776874141,-3.3476741177128417,216.9459991455078,221.1645050048828,219.64773559570312
2021-08-11,211.21069355364665,211.6846852292764,199.83489333853183,207.5135498046875,14033.0,215.29649658203124,223.2870849609375,233.7987174987793,34.63209215577061,-4.592276704453724,211.210693359375,216.9459991455078,221.1645050048828
2021-08-12,209.5043241239307,225.3830455224639,205.71239065562423,222.8708953857422,29027.0,215.94112854003907,222.90436401367188,233.0091781616211,46.89704167037124,-4.289971656779642,207.5135498046875,211.210693359375,216.9459991455078
2021-08-13,227.3738105768428,227.3738105768428,215.2870229550673,219.55294799804688,8945.0,215.6188171386719,221.5705581665039,231.39457473754882,44.93536479397238,-4.268913970506048,222.8708953857422,207.5135498046875,211.210693359375
2021-08-16,225.57263570599997,225.57263570599997,208.55633743132347,211.6372833251953,10703.0,214.55707397460938,219.10739135742188,229.66333541870117,40.57481591004374,-4.8352162247299475,219.55294799804688,222.8708953857422,207.5135498046875
2021-08-17,199.07650846390908,216.42460709449395,199.07650846390908,209.9783172607422,16927.0,214.31059875488282,217.09292907714843,227.61925888061523,39.7051851150073,-5.356137321075607,211.6372833251953,219.55294799804688,222.8708953857422
2021-08-18,213.2962380686114,214.05462758587072,204.10080314266887,205.71237182617188,5922.0,213.9503631591797,214.62342987060546,225.71844863891602,37.48060804026407,-6.043531122724431,209.9783172607422,211.6372833251953,219.55294799804688
2021-08-20,203.8164136504211,205.0961969175129,193.90999085670688,197.4175262451172,17222.0,208.85968933105468,212.40040893554686,223.59290313720703,33.54504961997765,-7.174912453869894,205.71237182617188,209.9783172607422,211.6372833251953
2021-08-23,195.5689896146123,204.52743036928948,195.28459168516167,199.8349151611328,10345.0,204.91608276367188,210.26744995117187,220.97832107543945,35.665209117951235,-7.786716803160743,197.4175262451172,205.71237182617188,209.9783172607422
2021-08-24,200.87766459291896,204.95399586077875,196.2325519983137,203.0580291748047,15464.0,203.20023193359376,208.87865295410157,218.77120361328124,38.48325691755327,-7.920198673415797,199.8349151611328,197.4175262451172,205.71237182617188
2021-08-25,205.71238757997588,213.39105852452232,196.32735817226623,197.4649353027344,16330.0,200.6975555419922,207.5040771484375,216.59173278808595,35.5714340089029,-8.380692542488276,203.0580291748047,199.8349151611328,197.4175262451172
2021-08-26,197.6545370812956,201.30427892374425,197.46494329605585,198.7921142578125,7529.0,199.31350402832032,206.63193359375,214.95950927734376,36.79356151706646,-8.540100044148659,197.4649353027344,203.0580291748047,199.8349151611328
2021-08-27,197.180518476116,199.74007039024255,195.66373947103835,197.22792053222656,9645.0,199.27558288574218,204.06763610839843,213.48600006103516,35.92854690536258,-8.692447870634169,198.7921142578125,197.4649353027344,203.0580291748047
2021-08-30,199.12391628134625,205.71239802555445,196.4695598654201,204.62222290039065,17374.0,200.23304443359376,202.57456359863284,212.07256088256835,42.77729719596805,-8.12289058998573,197.22792053222656,198.7921142578125,197.4649353027344
2021-08-31,200.9724649783309,207.5609461966333,200.9724649783309,206.51817321777344,6465.0,200.92507324218752,202.06265258789065,210.58502197265625,44.41787317840217,-7.432843799601159,204.62222290039065,197.22792053222656,198.7921142578125
2021-09-01,206.5181807900069,207.98754342614347,201.9204557073529,203.29502868652344,4954.0,202.09109191894532,201.39432373046878,209.2436264038086,42.202709470096146,-7.064621019888449,206.51817321777344,204.62222290039065,197.22792053222656
2021-09-02,202.7262564902072,204.52741916963245,198.60252290168248,200.92507934570312,18259.0,202.51768493652344,200.9155944824219,207.76951217651367,40.599420274831104,-6.8846746752799675,203.29502868652344,206.51817321777344,204.62222290039065
2021-09-03,200.92507051035625,204.8118080772501,200.49848089083815,201.9204559326172,7241.0,203.45619201660156,201.3658874511719,206.88314819335938,41.60287104200877,-6.585829980402366,200.92507934570312,203.29502868652344,206.51817321777344
2021-09-06,201.0672653169204,205.7123777378737,199.2660883535332,200.78286743164065,12418.0,202.68832092285157,201.46068267822267,205.86406631469725,40.7554991423992,-6.367388006084354,201.9204559326172,200.92507934570312,203.29502868652344
2021-09-07,198.6973415313697,201.68348368235024,198.6973415313697,200.0719146728516,4117.0,201.3990692138672,201.16207122802737,205.02036209106444,40.20435638702596,-6.180395363019727,200.78286743164065,201.9204559326172,200.92507934570312
2021-09-08,200.0718826321167,200.92506183431212,197.4175264423967,199.21868896484372,5759.0,200.58380126953125,201.3374465942383,204.4207618713379,39.51374466140269,-6.031522888744433,200.0719146728516,200.78286743164065,201.9204559326172
2021-09-09,197.74934027958253,203.8164281692881,197.70193821722515,203.43724060058597,4015.0,201.08623352050782,201.8019592285156,204.21694641113282,44.582399003040905,-5.509626969139106,199.21868896484372,200.0719146728516,200.78286743164065
2021-09-13,203.10544158113944,203.38983949153837,198.08112671435455,198.7921142578125,7539.0,200.46056518554687,201.95837860107423,203.01300735473635,40.552683214261435,-5.408497772072508,203.43724060058597,199.21868896484372,200.0719146728516
2021-09-14,200.68807773150573,203.8164257641573,198.55511513629943,203.10543823242188,17503.0,200.92507934570312,201.80670013427735,202.1906318664551,45.480578317732515,-4.923547368737303,198.7921142578125,203.43724060058597,199.21868896484372
2021-09-15,203.34241946900423,205.4753819109868,200.30887577786672,200.78286743164065,13216.0,201.06726989746093,201.23316955566406,201.64791107177737,43.39461529238636,-4.67276797281059,203.10543823242188,198.7921142578125,203.43724060058597
2021-09-16,202.7736598854185,202.7736598854185,198.36554250467984,199.55052185058597,21127.0,201.1336364746094,200.8587188720703,201.12652130126955,42.28638648224665,-4.5213442420369745,200.78286743164065,203.10543823242188,198.7921142578125
2021-09-17,199.5978779742966,203.29500689649203,197.89150521594615,202.29962158203125,25748.0,200.90611267089847,200.9961730957031,200.9558837890625,45.6226062311263,-4.131880722346494,199.55052185058597,200.78286743164065,203.10543823242188
2021-09-20,199.0764894952499,202.9632267428546,191.58742734312605,198.31809997558597,15999.0,200.81130981445315,200.6359375,201.00091247558595,41.849413231941114,-4.097272785526513,202.29962158203125,199.55052185058597,200.78286743164065
2021-09-21,197.7967235499129,199.55049856322196,194.3365900496936,198.22332763671875,10167.0,199.83488769531252,200.3799835205078,200.92033309936525,41.760878076174556,-4.031025924331914,198.31809997558597,202.29962158203125,199.55052185058597
2021-09-22,200.6880529355634,205.28577752541364,200.6880529355634,202.29962158203125,9832.0,200.13823852539062,200.60275421142578,200.88241271972657,46.958566193270755,-3.608011049703407,198.22332763671875,198.31809997558597,202.29962158203125
2021-09-23,204.7644078905584,206.0915788223363,200.214084822197,200.87767028808597,11551.0,200.40366821289064,200.76865234375,201.05304946899415,45.43524263015855,-3.3489042163952263,202.29962158203125,198.22332763671875,198.31809997558597
2021-09-24,202.8684225128028,204.76438907834304,199.12389143887629,199.6926727294922,6147.0,199.8822784423828,200.39419555664062,201.09807739257812,44.14988400242433,-3.202265856324857,200.87767028808597,202.29962158203125,198.22332763671875
2021-09-27,196.9435461484469,201.11466721225028,196.46955446096567,197.1805419921875,6575.0,199.65476684570314,200.23303833007813,201.09570846557617,41.47139669567652,-3.251283087663552,199.6926727294922,200.87767028808597,202.29962158203125
2021-09-28,197.3701280554709,198.5551072278321,195.7585592740752,196.2799530029297,11419.0,199.2660919189453,199.5504898071289,200.67859497070313,40.52227281494426,-3.324477098964678,197.1805419921875,199.6926727294922,200.87767028808597
2021-09-29,200.02448542608929,200.02448542608929,193.38860202332805,194.3839874267578,13261.0,197.68296508789064,198.9106018066406,200.07188568115234,38.52339043658898,-3.4951821725964862,196.2799530029297,197.1805419921875,199.6926727294922
2021-09-30,198.60252809810063,200.78289287477105,188.6487021075037,197.89154052734372,19055.0,197.0857391357422,198.7447036743164,199.80171127319335,44.024495619294264,-3.3092895222886796,194.3839874267578,196.2799530029297,197.1805419921875
2021-10-01,193.9099873782186,198.74469354089567,191.1134395294528,192.1088104248047,21425.0,195.5689666748047,197.72562255859376,199.36089782714845,37.98902020536486,-3.5872348383778103,197.89154052734372,194.3839874267578,196.2799530029297
2021-10-04,191.87182780277408,196.04296329896897,185.5677441947068,187.22671508789065,42540.0,193.5782012939453,196.61648406982422,198.6262107849121,33.778674849345734,-4.153572992237059,192.1088104248047,197.89154052734372,194.3839874267578
2021-10-05,190.2602578051164,190.44985158444567,187.1793118795114,189.1226806640625,11064.0,192.14674682617186,195.7064193725586,198.0432014465332,36.71219151921105,-4.39870593870296,187.22671508789065,192.1088104248047,197.89154052734372
2021-10-06,190.40247695140167,193.7678065425799,187.0371328951443,188.7908935546875,14965.0,191.02812805175782,194.3555465698242,197.479150390625,36.40824013568574,-4.567101310742288,189.1226806640625,187.22671508789065,192.1088104248047
2021-10-07,190.734248210074,190.7816502708588,188.26950016512467,189.2174835205078,8398.0,189.29331665039064,193.1895278930664,196.9790901184082,37.12898260433089,-4.612958299417187,188.7908935546875,189.1226806640625,187.22671508789065
2021-10-08,189.786263144342,191.87182361437425,189.45447765199472,189.7388610839844,12672.0,188.81932678222657,192.19414672851562,196.29417114257814,38.05309598939115,-4.5547254416125895,189.2174835205078,188.7908935546875,189.1226806640625
2021-10-11,192.1562471791296,207.08698688626475,189.78628849545737,200.49850463867188,37710.0,191.47368469238282,192.52594299316405,196.3794906616211,53.306358550598915,-3.5988765607180824,189.7388610839844,189.2174835205078,188.7908935546875
2021-10-12,201.7308697928081,201.92046357920947,195.5689777117524,196.89614868164065,21320.0,193.02837829589845,192.58756256103518,196.06902618408202,48.95970197104221,-3.0963466983477588,200.49850463867188,189.7388610839844,189.2174835205078
2021-10-13,201.16205883161012,202.29963592949733,197.9389213100836,199.64529418945312,25960.0,195.19925842285159,193.11369323730472,196.01214752197265,52.16534213517658,-2.448035663692565,196.89614868164065,200.49850463867188,189.7388610839844
2021-10-14,199.2661089683222,201.44647369426409,196.46956081475875,198.17593383789065,22526.0,196.99094848632814,193.1421325683594,195.94341812133788,50.345322919224444,-2.029415756737535,199.64529418945312,196.89614868164065,200.49850463867188
2021-10-18,200.0244982953284,213.2488638915061,197.2279501458265,207.2765655517578,90592.0,200.4984893798828,194.6589080810547,196.19226531982423,59.719211420895476,-0.9523336330114489,198.17593383789065,199.64529418945312,196.89614868164065
2021-10-19,207.2765467464346,226.14142345839244,205.8071841752296,212.5378570556641,115446.0,202.90635986328124,197.19002227783204,196.90325317382812,63.955662341958394,0.3220910982309988,207.2765655517578,198.17593383789065,199.64529418945312
2021-10-20,212.6326703357909,214.48123499299115,201.2568700267704,204.6696014404297,36094.0,204.46105041503907,198.74471435546877,197.22556686401367,54.69170663489963,0.6892343445904601,212.5378570556641,207.2765655517578,198.17593383789065
2021-10-21,207.18175400385465,215.5240099729414,201.9204437730897,211.35287475585935,19340.0,206.8025665283203,201.00091247558595,197.67822952270507,59.992644993309376,1.5021662767913995,204.6696014404297,212.5378570556641,207.2765655517578
2021-10-22,216.0928262075188,217.6570075911767,208.7933564790207,211.58990478515625,17874.0,209.48536071777343,203.2381546020508,198.2138412475586,60.17062751097434,2.140868433681419,211.35287475585935,204.6696014404297,212.5378570556641
2021-10-25,213.15407066564947,213.15407066564947,202.2048596367228,203.86383056640625,21575.0,208.8028137207031,204.65065155029296,198.4223991394043,52.04338480600158,2.0005537364878023,211.58990478515625,211.35287475585935,204.6696014404297
2021-10-26,204.71701204864144,207.89276222019996,202.8684473142609,203.2476348876953,5557.0,206.94476928710938,204.92556457519532,198.7257537841797,51.44654285603659,1.818667025154184,203.86383056640625,211.58990478515625,211.35287475585935
2021-10-27,203.91124294090105,208.55635599289283,203.3424470930705,205.52281188964844,11289.0,207.11541137695312,205.7882308959961,199.18789672851562,53.56407089499845,1.836933242639418,203.2476348876953,203.86383056640625,211.58990478515625
2021-10-28,217.04077730401625,217.04077730401625,197.18052972693863,199.74008178710935,38493.0,204.79285278320313,205.7977096557617,199.4557014465332,47.8517892779138,1.3690102624878477,205.52281188964844,203.2476348876953,203.86383056640625
2021-10-29,198.41293762864083,198.41293762864083,189.83368457147105,191.3504638671875,32072.0,200.74496459960938,205.11516265869142,199.1286476135254,41.01742167757308,0.3175454124894088,199.74008178710935,205.52281188964844,203.2476348876953
2021-11-01,194.33660286728303,195.00018837430187,186.9897312954712,190.1654815673828,26737.0,198.0052947998047,203.4040542602539,199.0314811706543,40.14527613314111,-0.604399088348373,191.3504638671875,199.74008178710935,205.52281188964844
2021-11-02,191.4926467700668,194.24179284360557,186.894921494754,188.22210693359372,19958.0,195.00018920898438,200.97247924804688,199.08125076293945,38.69224832753504,-1.4748595758785257,190.1654815673828,191.3504638671875,199.74008178710935
2021-11-03,190.544660604407,190.5920626667273,186.9897229065636,187.46371459960935,5459.0,191.38836975097655,199.25189056396482,198.9983024597168,38.11251381089219,-2.200535305561857,188.22210693359372,190.1654815673828,191.3504638671875
2021-11-04,189.928466253454,192.67761212879316,189.4070725281096,190.8764495849609,2413.0,189.61564331054686,197.20424804687497,199.10258026123046,42.30198652685199,-2.471766373512935,187.46371459960935,188.22210693359372,190.1654815673828
2021-11-08,186.75271588380377,192.96200958412345,186.51572005146392,188.12728881835935,11170.0,188.97100830078122,194.85798645019528,199.04807052612304,39.95551385511379,-2.8754073411976435,190.8764495849609,187.46371459960935,188.22210693359372
2021-11-09,191.5400576628822,197.18055625900612,190.54467215413572,191.3504638671875,27399.0,189.20800476074217,193.60664978027341,199.1286506652832,43.88556135163142,-2.9017627126544028,188.12728881835935,190.8764495849609,187.46371459960935
2021-11-10,192.29842287744725,194.71576877929752,190.44984382533465,191.3978271484375,17354.0,189.84314880371093,192.42166900634763,198.6736167907715,43.94362338776604,-2.8855647195632343,191.3504638671875,188.12728881835935,190.8764495849609
2021-11-11,195.28456721690253,195.28456721690253,188.9804838185045,190.3550567626953,5975.0,190.42141723632812,190.9048934936523,198.34656219482423,42.89137280247736,-2.9231740182026726,191.3978271484375,191.3504638671875,188.12728881835935
2021-11-12,191.1608351884178,192.7724184423872,188.36428722165343,190.26025390625,9231.0,190.29817810058594,189.95691070556637,197.87731018066407,42.79105137878288,-2.926890089523198,190.3550567626953,191.3978271484375,191.3504638671875
2021-11-15,191.25564345977335,192.014033043088,186.8001245472825,187.74810791015625,9302.0,190.22234191894532,189.59667510986327,197.35591888427734,40.11358889063138,-3.0968457793968867,190.26025390625,190.3550567626953,191.3978271484375
2021-11-16,187.6532565552282,188.7434458271776,183.10293466574163,184.5723114013672,14433.0,188.86671142578126,189.0373580932617,196.2207061767578,36.96474836032455,-3.4480501493221993,187.74810791015625,190.26025390625,190.3550567626953
2021-11-17,187.08453432637756,187.1793239896358,183.90878407310416,186.1365509033203,6618.0,187.8144561767578,188.82880249023438,194.90064086914063,39.48451839451099,-3.559133611081421,184.5723114013672,187.74810791015625,190.26025390625
2021-11-18,185.56772837919348,185.89952831558296,181.0648077671824,181.3018035888672,7294.0,186.0038055419922,188.21261138916014,193.7322509765625,34.84782566343715,-3.991282734569012,186.1365509033203,184.5723114013672,187.74810791015625
2021-11-22,182.0128185480276,182.249814405512,168.7410505289006,173.76536560058594,42780.0,182.70482788085937,186.50150299072266,191.85287551879884,29.10941106163766,-4.885573736542483,181.3018035888672,186.1365509033203,184.5723114013672
2021-11-23,173.48095950230896,177.0358971970284,169.6890259612749,175.61392211914062,23750.0,180.27799072265626,185.2501663208008,190.05407638549804,32.06445920798845,-5.38308982792995,173.76536560058594,181.3018035888672,186.1365509033203
2021-11-24,177.98387938475258,179.87984614251295,176.372310533672,177.5098876953125,12638.0,178.86550598144532,183.8661087036133,188.73637924194335,35.05469960647956,-5.56029076720921,175.61392211914062,173.76536560058594,181.3018035888672
2021-11-25,179.26364580404783,181.1122103252848,177.9838625773807,180.35382080078125,42509.0,177.7089599609375,182.76170806884767,187.59168853759766,39.36591302492503,-5.408891816439507,177.5098876953125,175.61392211914062,173.76536560058594
2021-11-26,184.8567582166383,184.8567582166383,173.5283597727882,174.33413696289062,17416.0,176.3154266357422,181.15961608886718,186.03225479125976,34.19203971261116,-5.708837311406796,180.35382080078125,177.5098876953125,175.61392211914062
2021-11-29,174.42893336683957,174.5711250808358,167.84045209192286,173.4335479736328,14299.0,176.24906311035156,179.47694549560546,184.71692810058593,33.48302094596406,-5.950621224710517,174.33413696289062,180.35382080078125,177.5098876953125
2021-11-30,172.62779423597078,176.89371981545858,172.62779423597078,173.38616943359375,12372.0,175.8035125732422,178.0407516479492,183.81871337890624,33.443730481711654,-6.076019203003312,173.4335479736328,174.33413696289062,180.35382080078125
2021-12-01,175.04514513943204,180.401260521588,173.95496991509697,175.85093688964844,5890.0,175.4717224121094,177.16861419677736,183.10298614501954,37.549347782884126,-5.908403472088651,173.38616943359375,173.4335479736328,174.33413696289062
2021-12-02,179.12142487863298,191.72960448169272,170.6369780306783,182.15496826171875,154751.0,175.8319519042969,176.77045593261718,182.79962921142578,46.61922603549506,-5.206862679188788,175.85093688964844,173.38616943359375,173.4335479736328
2021-12-03,182.15498516280323,196.3747346513929,173.05435416915213,186.1839141845703,174884.0,178.2019073486328,177.2586669921875,182.73563919067382,51.470218204468615,-4.276487594846742,182.15496826171875,175.85093688964844,173.38616943359375
2021-12-06,181.06483315259803,186.7527336704807,177.2728994740096,178.4104766845703,42730.0,179.19729309082032,177.72317810058593,182.1123405456543,43.29515114924272,-4.118929621702989,186.1839141845703,182.15496826171875,175.85093688964844
2021-12-07,183.43477863058035,185.5677411727964,178.64745980947984,180.54342651367188,14850.0,180.62874450683594,178.21612854003905,181.73314743041993,45.837226512127266,-3.7783975524260995,178.4104766845703,186.1839141845703,182.15496826171875
2021-12-08,181.6810031468092,182.01280310516756,178.03127593025758,178.315673828125,26098.0,181.12169189453124,178.2967071533203,181.0814079284668,43.63687104963565,-3.646252726028564,180.54342651367188,178.4104766845703,186.1839141845703
2021-12-09,179.73766183963954,188.696102246764,177.27289916679686,179.78504943847656,35291.0,180.6477081298828,178.23983001708984,180.50076904296876,45.49535396045604,-3.3839525686118463,178.315673828125,180.54342651367188,178.4104766845703
2021-12-10,178.22088750447247,179.64286267073155,176.32492061612703,178.12608337402344,29556.0,179.03614196777343,178.61902465820313,179.88932037353516,43.741682166693444,-3.272222358471197,179.78504943847656,178.315673828125,180.54342651367188
2021-12-13,184.85674285252676,184.85674285252676,177.27287647908977,178.8844451904297,6735.0,179.1309356689453,179.16411437988282,179.32052993774414,44.78935984382056,-3.086898061941497,178.12608337402344,179.78504943847656,178.315673828125
2021-12-14,181.6336121703796,181.6336121703796,176.32489972593336,178.50526428222656,8144.0,178.72330322265626,179.6760238647461,178.85838775634767,44.34469042449935,-2.9367706876857653,178.8844451904297,178.12608337402344,179.78504943847656
2021-12-15,178.6000594494649,180.5908302938536,176.04050726744953,177.69947814941406,20481.0,178.60006408691407,179.86087799072266,178.51474609375,43.359534376526675,-2.849961288961225,178.50526428222656,178.8844451904297,178.12608337402344
2021-12-16,179.9746245184549,179.9746245184549,172.5329502728535,173.52833557128906,35570.0,177.34872131347657,178.9982147216797,177.88433532714845,38.58137108759594,-3.082210754438165,177.69947814941406,178.50526428222656,178.8844451904297
2021-12-17,173.43355950572706,173.5757656942567,161.48897738824976,165.4705047607422,36147.0,174.8176055908203,176.92687377929687,177.0927703857422,31.385906413371757,-3.871837599690906,173.52833557128906,177.69947814941406,178.50526428222656
2021-12-20,164.00113747334618,164.00113747334618,157.64965122722094,162.15257263183594,15464.0,171.47123107910156,175.30108337402345,176.5121307373047,28.988503539712923,-4.711045951984687,165.4705047607422,173.52833557128906,177.69947814941406
2021-12-21,164.00114016935348,166.65549677609306,159.92480835883336,162.9109649658203,32240.0,168.3523712158203,173.53783721923827,175.87698287963866,30.29906108259955,-5.254359706176416,162.15257263183594,165.4705047607422,173.52833557128906
2021-12-22,166.37105169138772,169.54680119916242,163.71669583691454,167.9826202392578,22820.0,166.40899963378905,172.50453186035156,175.40061950683594,38.476360891030055,-5.215577643275452,162.9109649658203,162.15257263183594,165.4705047607422
2021-12-23,168.88326922320422,171.3480323206262,167.65090213957475,169.4046630859375,43532.0,165.58426513671876,171.46649322509765,174.85316162109376,40.58131189007542,-5.012316738495116,167.9826202392578,162.9109649658203,162.15257263183594
2021-12-24,169.49942141439146,169.49942141439146,164.80690684834207,166.2288818359375,58454.0,165.7359405517578,170.27677307128906,174.4478988647461,37.4959447057418,-5.049284998413697,169.4046630859375,167.9826202392578,162.9109649658203
2021-12-27,167.7930435180664,171.49017258921327,165.47048733413686,170.63699340820312,50029.0,167.43282470703124,169.4520278930664,174.3080711364746,43.87457060024056,-4.669062797446514,166.2288818359375,169.4046630859375,167.9826202392578
2021-12-28,170.21041687972544,171.86938777628205,165.28090625154425,168.93063354492188,55901.0,168.63675842285156,168.49456481933595,174.085294342041,42.084208673480894,-4.454079092934023,170.63699340820312,166.2288818359375,169.4046630859375
2021-12-29,170.21043858954206,171.58501175756734,169.21505303163408,169.92604064941406,27235.0,169.02544250488282,167.71722106933595,173.7890495300293,43.53180233637646,-4.155480135559515,168.93063354492188,170.63699340820312,166.2288818359375
2021-12-30,170.54221618700123,173.0069789331769,167.9826637752523,168.59886169433594,11876.0,168.8642822265625,167.22427368164062,173.11124420166016,42.023610871471035,-3.980051009981082,169.92604064941406,168.93063354492188,170.63699340820312
2021-12-31,170.49480925844767,177.0358885097236,169.21502596511735,175.23472595214844,13368.0,170.6654510498047,168.20069580078126,172.56378479003905,51.13881707428633,-3.267893138776685,168.59886169433594,169.92604064941406,168.93063354492188
2022-01-03,174.6659381431221,178.22087582581796,174.6659381431221,176.56190490722656,24068.0,171.85043334960938,169.64162902832032,172.4713562011719,52.739232685937935,-2.5668219197496,175.23472595214844,168.59886169433594,169.92604064941406
2022-01-04,175.42433144344665,175.9931128056329,170.63701237004898,172.6751708984375,34129.0,172.5993408203125,170.61804962158203,172.07794342041015,47.80126535378637,-2.2983509207030295,176.56190490722656,175.23472595214844,168.59886169433594
2022-01-05,170.68440946169963,172.5329741488502,167.41386971288267,170.7318115234375,17508.0,172.7604949951172,170.89296875,171.6987503051758,45.506990205181324,-2.216844180188417,172.6751708984375,176.56190490722656,175.23472595214844
2022-01-06,167.46125114440642,172.29597196211165,167.46125114440642,171.53758239746094,34833.0,173.34823913574218,171.10626068115235,171.286376953125,46.65034457316275,-2.0634444228239204,170.7318115234375,172.6751708984375,176.56190490722656
2022-01-07,170.82658396982882,173.48094004384288,168.26703200973833,169.45201110839844,30674.0,172.1916961669922,171.42857360839844,170.85267333984376,44.07278499689286,-2.0861147508217073,171.53758239746094,170.7318115234375,172.6751708984375
2022-01-10,170.30521108674515,174.0023550054463,169.9734255776183,170.96881103515625,25593.0,171.0730773925781,171.46175537109374,170.45689163208007,46.392667535638815,-1.959104731582073,169.45201110839844,171.53758239746094,170.7318115234375
2022-01-11,172.53298237577405,181.8232227813315,171.4901948281306,178.4104766845703,38336.0,172.2201385498047,172.40973968505858,170.45215225219727,56.02943512858815,-1.243632331579704,170.96881103515625,169.45201110839844,171.53758239746094
2022-01-12,180.7330128627273,184.3827544043193,174.8081171556476,176.89369201660156,96240.0,173.4525146484375,173.10650482177735,170.41186294555663,53.902498527959175,-0.7899016517397399,178.4104766845703,170.96881103515625,169.45201110839844
2022-01-13,177.27289902526445,183.2451974469389,174.38154670964408,182.1076202392578,42880.0,175.56652221679687,174.45738067626954,170.84082717895507,59.58232915126415,-0.00948702553654357,176.89369201660156,178.4104766845703,170.96881103515625
2022-01-14,179.16887174196245,187.41632484976705,179.16887174196245,184.4775848388672,48703.0,178.57163696289064,175.3816665649414,171.79118118286132,61.8814203659286,0.7911140545121498,182.1076202392578,176.89369201660156,178.4104766845703
2022-01-17,183.71917524285703,186.5157232189438,180.11683563709948,180.6382293701172,45691.0,180.50552062988282,175.78929901123047,172.7154640197754,56.294739297449574,1.103076697447591,184.4775848388672,182.1076202392578,176.89369201660156
2022-01-18,187.2267274008226,187.2267274008226,174.47635316198495,175.5665283203125,57847.0,179.93673095703124,176.07843475341798,173.3482421875,49.887573105209746,0.9303410581966887,180.6382293701172,184.4775848388672,182.1076202392578
2022-01-19,174.47636049144865,177.65209643589844,172.62779561854802,174.23936462402344,57671.0,179.40586547851564,176.42919006347657,173.66107940673828,48.3372035590634,0.6785340823480226,175.5665283203125,180.6382293701172,184.4775848388672
2022-01-20,173.4809563447819,175.89831682620846,171.5375875473575,172.62777709960938,30367.0,177.50989685058593,176.5382095336914,173.82223510742188,46.449482509874635,0.34495714396805965,174.23936462402344,175.5665283203125,180.6382293701172
2022-01-21,174.99775506321112,174.99775506321112,167.1294893370392,168.74105834960938,48356.0,174.3625915527344,176.4671142578125,173.94784393310547,42.17194496670249,-0.23037508289908715,172.62777709960938,174.23936462402344,175.5665283203125
2022-01-24,168.9306276366965,169.21502553060384,155.8484547026595,158.31321716308594,34713.0,169.89758911132813,175.20155487060546,173.3316551208496,33.30912140203445,-1.5103591720145175,168.74105834960938,172.62777709960938,174.23936462402344
2022-01-25,158.64502961124413,164.71211765539698,154.52129598750912,163.479736328125,106360.0,167.48023071289063,173.70848083496094,173.05911026000976,40.033407232787745,-2.0838396597569613,158.31321716308594,168.74105834960938,172.62777709960938
2022-01-27,163.47973600337633,164.00112977138787,160.73058990306671,163.0531463623047,106043.0,165.24298706054688,172.32442626953124,172.7154655456543,39.677675000901026,-2.5434302424723967,163.479736328125,158.31321716308594,168.74105834960938
2022-01-28,163.05314330161053,166.750272741604,161.25198064419396,161.8681640625,54225.0,163.091064453125,170.30048065185548,172.3789306640625,38.650275921384655,-2.9690518768638015,163.0531463623047,163.479736328125,158.31321716308594
2022-01-31,164.9490932519627,164.9964953097057,159.3085955423966,161.96295166015625,83842.0,161.73544311523438,168.04901733398438,171.7153419494629,38.78681666325155,-3.2611193675071206,161.8681640625,163.0531463623047,163.479736328125
2022-02-01,164.94909994942802,164.94909994942802,158.92939999857586,159.26119995117188,41373.0,161.92503967285157,165.91131439208985,170.85030670166014,36.30647059995681,-3.6683077729442743,161.96295166015625,161.8681640625,163.0531463623047
2022-02-02,160.4461665320337,169.68900330418924,160.4461665320337,167.84043884277344,90374.0,162.79718017578125,165.13870544433593,170.60857009887695,47.73579370664277,-3.2611422214872903,159.26119995117188,161.96295166015625,161.8681640625
2022-02-03,170.6370171201508,170.6370171201508,163.76413726392252,164.6647186279297,79706.0,163.11949462890624,164.18124084472657,170.30521545410156,44.54908655488827,-3.1583076644474204,167.84043884277344,159.26119995117188,161.96295166015625
2022-02-04,164.90169732884183,166.18148061012732,159.8773827877904,160.2091827392578,64895.0,162.7876983642578,162.93938140869142,169.7387954711914,40.46734831140946,-3.39717453350454,164.6647186279297,167.84043884277344,159.26119995117188
2022-02-07,156.79643671497584,161.86815330741794,155.46926584138532,156.08544921875,30530.0,161.61219787597656,161.67382049560547,169.070467376709,37.080989366385396,-3.8745655005442075,160.2091827392578,164.6647186279297,167.84043884277344
2022-02-08,158.21841609120372,158.21841609120372,150.72935337615553,152.19873046875,30662.0,160.1997039794922,161.06237182617187,168.13196334838867,34.177959034630106,-4.514486808047707,156.08544921875,160.2091827392578,164.6647186279297
2022-02-09,158.31322446516612,158.31322446516612,152.90972209200547,154.66348266601562,57944.0,157.56431274414064,160.18074645996094,166.94461364746093,37.51857108804236,-4.767784103796515,152.19873046875,156.08544921875,160.2091827392578
2022-02-10,154.52128417889162,154.52128417889162,148.35939247850635,150.06576538085938,34766.0,154.64452209472657,158.88200836181642,165.60321731567382,34.04728165312494,-5.278672149095996,154.66348266601562,152.19873046875,156.08544921875
2022-02-11,150.1131826154608,150.1131826154608,141.53392964157135,143.71429443359375,38220.0,151.34554443359374,157.06662139892578,163.6835510253906,29.92785425274279,-6.125454799763816,150.06576538085938,154.66348266601562,152.19873046875
2022-02-15,136.7939787294923,136.7939787294923,130.63208792604738,132.90724182128906,100059.0,146.70990295410155,154.16105041503906,161.10503387451172,24.496828061566802,-7.5811838108154745,143.71429443359375,150.06576538085938,154.66348266601562
2022-02-16,137.36279184173375,138.64257524541537,132.3384912852452,133.3338623046875,68048.0,142.93692932128906,151.5683166503906,158.73981552124025,25.074861539618325,-8.60128457794022,132.90724182128906,143.71429443359375,150.06576538085938
2022-02-17,133.66565053811993,138.87955889244375,132.81247132071624,137.2679901123047,108450.0,139.45783081054688,148.51107177734374,156.82488861083985,30.36884793133187,-8.988654931314187,133.3338623046875,132.90724182128906,143.71429443359375
2022-02-18,138.87955575669938,138.87955575669938,131.81708294741173,132.3858642578125,24827.0,135.9218505859375,145.28318634033204,154.7322135925293,27.74860471008624,-9.579172741508955,137.2679901123047,133.3338623046875,132.90724182128906
2022-02-21,133.7753887553325,133.7753887553325,126.3008300524629,127.97781372070312,98334.0,132.77455444335936,142.06004943847657,152.49971542358398,25.60082594730862,-10.284304142866745,132.3858642578125,137.2679901123047,133.3338623046875
2022-02-22,126.49247626146652,127.97780750563074,124.00095194079518,124.62384033203124,13523.0,131.1178741455078,138.91388854980468,150.2938545227051,24.073983970161578,-10.98711090550134,127.97781372070312,132.3858642578125,137.2679901123047
2022-02-23,130.7089060525479,130.7089060525479,125.43838541136226,129.36732482910156,24381.0,130.32456665039064,136.63074798583983,148.84655990600587,30.39655085235094,-11.03413611970231,124.62384033203124,127.97781372070312,132.3858642578125
2022-02-24,128.16946249159557,128.16946249159557,119.78454438466876,120.7428207397461,32758.0,127.0195327758789,133.2386817932129,146.7097141265869,26.135177344976128,-11.633228723486951,129.36732482910156,124.62384033203124,127.97781372070312
2022-02-25,121.31777824510246,127.83405270530017,121.31777824510246,126.30081939697266,25393.0,125.80252380371094,130.86218719482423,144.87209777832032,32.684678293975864,-11.526657751249019,120.7428207397461,129.36732482910156,124.62384033203124
2022-02-28,129.79852720434485,129.79852720434485,123.95305030922138,126.58831024169922,23876.0,125.52462310791016,129.14958877563475,143.10810508728028,33.015531183959226,-11.288870309588702,126.30081939697266,120.7428207397461,129.36732482910156
2022-03-02,126.01332478639442,127.4028224014372,124.04885558202746,125.63002014160156,15434.0,125.72585906982422,128.421866607666,141.29145851135254,32.44312883922025,-11.0503663070468,126.58831024169922,126.30081939697266,120.7428207397461
2022-03-03,127.25909669320728,129.12773257035477,123.80929613375338,124.57592010498048,17346.0,124.767578125,127.54607238769532,139.55719451904298,31.790229412421354,-10.821661848637063,125.63002014160156,126.58831024169922,126.30081939697266
2022-03-04,124.57591632218568,125.29462353173676,122.18022562368212,122.56353759765624,18783.0,125.13172149658203,126.07562713623047,137.2933494567871,30.52717080935666,-10.67968560005545,124.57592010498048,125.63002014160156,126.58831024169922
2022-03-07,121.70109807017744,121.74901481274269,117.48468061183164,118.25130462646484,30143.0,123.52181854248047,124.6621711730957,134.97267875671386,27.963308169998115,-10.790740621232615,122.56353759765624,124.57592010498048,125.63002014160156
2022-03-08,121.7011028042197,121.7011028042197,118.49087832632216,120.93447875976562,22928.0,122.39105224609375,123.95783767700195,133.00894355773926,31.80139683065464,-10.540735756863299,118.25130462646484,122.56353759765624,124.57592010498048
2022-03-09,124.57592010498048,125.53419641348032,121.03030068795825,124.57592010498048,19451.0,122.18023223876953,123.95304565429687,131.43346710205077,36.728361704567234,-9.934255305595414,120.93447875976562,118.25130462646484,122.56353759765624
2022-03-10,129.4631356224026,129.4631356224026,124.81548965954586,125.34254455566406,26685.0,122.33355712890625,123.55056762695312,130.09065780639648,37.74801198395722,-9.284726445366957,124.57592010498048,120.93447875976562,118.25130462646484
2022-03-11,125.91749104858386,128.64858415891192,124.57591017250316,125.19878387451172,20409.0,122.86060638427735,123.99616394042968,128.6174228668213,37.62555959304847,-8.68149555285406,125.34254455566406,124.57592010498048,120.93447875976562
2022-03-14,126.1570643973346,135.11695332102252,124.76756673796392,132.43377685546875,116614.0,125.69710083007813,124.6094596862793,127.73582344055175,46.95216357242391,-7.532793897243636,125.19878387451172,125.34254455566406,124.57592010498048
2022-03-15,135.02114794637927,135.11698144164714,127.6903388446772,129.2235870361328,48505.0,127.35492248535157,124.87298736572265,127.01128807067872,43.82119725673684,-6.803053680889107,132.43377685546875,125.19878387451172,125.34254455566406
2022-03-16,128.40901412663808,133.7753668345157,128.40901412663808,130.61305236816406,87677.0,128.56234893798828,125.37129058837891,126.89657859802246,45.514767747863026,-6.0429516765645275,129.2235870361328,132.43377685546875,125.19878387451172
2022-03-17,132.62541517806457,144.84343626255304,132.2421105615224,138.42298889160156,126654.0,131.17843780517578,126.75599746704101,127.15103492736816,53.9229143108945,-4.755549737670606,130.61305236816406,129.2235870361328,132.43377685546875
2022-03-21,140.8666259765625,144.36432886794208,138.03971361778676,138.9500732421875,35911.0,133.92869567871094,128.39465103149413,127.23513908386231,54.43398365335663,-3.650660581081098,138.42298889160156,130.61305236816406,129.2235870361328
2022-03-22,141.7290570532191,141.7290570532191,135.97939932899703,136.1710662841797,16180.0,134.67615356445313,130.18662719726564,127.42439918518066,51.208945510423725,-2.965090878624636,138.9500732421875,138.42298889160156,130.61305236816406
2022-03-23,137.752235020368,138.6625946925968,134.73367015399415,136.98561096191406,21966.0,136.2285583496094,131.79174041748047,127.87478904724121,52.10465667436591,-2.329195486412118,136.1710662841797,138.9500732421875,138.42298889160156
2022-03-24,136.84185378196128,138.85422516834967,134.49407985344047,134.8294677734375,25810.0,137.07184143066405,132.81709518432618,128.38507041931152,49.51347103928951,-1.9764433339142613,136.98561096191406,136.1710662841797,138.9500732421875
2022-03-25,136.31482472582712,136.7939629498195,131.2838733739073,131.81092834472656,16294.0,135.74942932128906,133.46393356323242,128.50725059509278,46.06004407504232,-1.9183421622086883,134.8294677734375,136.98561096191406,136.1710662841797
2022-03-28,134.15867896993564,134.15867896993564,126.39663526639228,127.01952362060548,60872.0,133.36331939697266,133.6460075378418,128.82108573913575,41.15341255991381,-2.233180171916729,131.81092834472656,134.8294677734375,136.98561096191406
2022-03-29,128.55273951189997,129.60684912442713,126.58828510457856,127.2111587524414,27644.0,131.571337890625,133.12374572753907,128.8666027069092,41.422187763097334,-2.4391116485282396,127.01952362060548,131.81092834472656,134.8294677734375
2022-03-30,128.6485852564215,130.75679006059136,125.2467016790314,126.7320327758789,21134.0,129.52062225341797,132.87459030151368,128.87378883361816,40.91897467304411,-2.6108787049892044,127.2111587524414,127.01952362060548,131.81092834472656
2022-03-31,125.0550512657168,129.84643254026534,125.0550512657168,126.5403823852539,36772.0,127.86280517578125,132.46732330322266,128.91930694580077,40.70595411877605,-2.7309887808989117,126.7320327758789,127.2111587524414,127.01952362060548
2022-04-01,126.49248254686668,134.15869361031315,126.49248254686668,133.10458374023438,35975.0,128.1215362548828,131.93548278808595,129.3457401275635,50.25763983632526,-2.270329743326613,126.5403823852539,126.7320327758789,127.2111587524414
2022-04-04,134.06284135718772,142.4477585341203,134.06284135718772,141.20201110839844,47866.0,130.9580337524414,132.16067657470703,130.27766380310058,59.026145888875696,-1.2375932173600006,133.10458374023438,126.5403823852539,126.7320327758789
2022-04-05,139.57294196568367,147.38290284805228,139.57294196568367,144.31642150878906,24240.0,134.37908630371095,132.97521209716797,131.5809196472168,61.81428003296037,-0.16592253724260786,141.20201110839844,133.10458374023438,126.5403823852539
2022-04-06,143.8372668499298,149.29943839389816,142.35193578058835,147.2391357421875,29023.0,138.48050689697266,134.0005645751953,132.8961524963379,64.27135597268651,0.9087473365933079,144.31642150878906,141.20201110839844,133.10458374023438
2022-04-07,148.14954959973446,150.01818581058623,146.42464901197178,148.6765899658203,31125.0,142.90774841308593,135.3852767944336,134.10118598937987,65.44888603121379,1.8550377759671335,147.2391357421875,144.31642150878906,141.20201110839844
2022-04-08,151.40766706611385,158.06768493984777,149.92233576224038,157.5885467529297,54225.0,147.804541015625,137.9630386352539,135.71348609924317,71.68054985621652,3.286218715462894,148.6765899658203,147.2391357421875,144.31642150878906
2022-04-11,159.50509100163322,159.50509100163322,153.89918328667554,155.28868103027344,161959.0,150.621875,140.7899543762207,137.21798095703124,68.25905173966873,4.186599465505907,157.5885467529297,148.6765899658203,147.2391357421875
2022-04-12,155.7198917934464,155.7198917934464,147.76619593433873,151.9826202392578,43075.0,152.15511474609374,143.26710052490233,138.1954231262207,63.562199154168916,4.580584098700712,155.28868103027344,157.5885467529297,148.6765899658203
2022-04-13,151.79095028998896,155.62405524299004,148.7723859883546,150.64102172851562,30935.0,152.8354919433594,145.65799942016602,139.26629486083985,61.70663921151489,4.730039025860208,151.9826202392578,155.28868103027344,157.5885467529297
2022-04-18,148.29324813851278,150.2577173549201,145.41841941854162,146.18504333496094,29017.0,152.3371826171875,147.62246551513672,140.04489440917968,55.87246858961588,4.4377670994952325,150.64102172851562,151.9826202392578,155.28868103027344
2022-04-19,143.93311847852183,150.59313681741313,143.93311847852183,147.7183074951172,13495.0,150.363134765625,149.083837890625,140.50966033935546,57.36615797662261,4.280517949455401,146.18504333496094,150.64102172851562,151.9826202392578
2022-04-20,146.76000662727554,149.0598784755991,144.65180173291398,148.34117126464844,23838.0,148.9736328125,149.79775390625,140.9792152404785,57.98828891834548,4.158223355404402,147.7183074951172,146.18504333496094,150.64102172851562
2022-04-21,149.3952627812341,156.24694679957705,148.4369865231835,153.1804656982422,41813.0,149.21320190429688,150.6841583251953,141.82968521118164,62.559606504829844,4.401061923367337,148.34117126464844,147.7183074951172,146.18504333496094
2022-04-22,154.52208234042195,154.52208234042195,147.09543962328542,148.6765899658203,8465.0,148.8203155517578,150.8279037475586,142.41423416137695,56.40784399481388,4.181881974616687,153.1804656982422,148.34117126464844,147.7183074951172
2022-04-25,149.20361147163652,156.1990311275425,147.14332335163047,150.59310913085938,37759.0,149.7019287109375,151.0195556640625,143.20241622924806,58.287520071408785,4.115387737625781,148.6765899658203,153.1804656982422,148.34117126464844
2022-04-26,152.07846154734645,156.5823576967522,151.26393538174418,152.4138641357422,1062603.0,150.6410400390625,150.50208740234376,144.23256301879883,60.04996229049642,4.161637521140676,150.59310913085938,148.6765899658203,153.1804656982422
2022-04-27,148.53280756446156,151.6472051424261,148.53280756446156,150.06605529785156,14021.0,150.98601684570312,149.97982482910157,145.38488960266113,56.72187028809234,3.9631574439927704,152.4138641357422,150.59310913085938,148.6765899658203
2022-04-28,152.07844979048113,160.9425057930829,151.2160069471906,156.82191467285156,41474.0,151.714306640625,150.46375427246093,146.86542739868165,63.065244897932885,4.301417875640539,150.06605529785156,152.4138641357422,150.59310913085938
2022-04-29,160.31964654390788,160.31964654390788,154.66580694363824,156.15113830566406,20181.0,153.20921630859374,151.01476593017577,148.3363826751709,62.09211643809209,4.4639084993422955,156.82191467285156,150.06605529785156,152.4138641357422
2022-05-04,151.31181866789098,152.46176190087553,140.96244654811466,142.6873321533203,14329.0,151.62806091308593,150.6649948120117,149.14373016357422,46.56168404492232,3.4663093975046593,156.15113830566406,156.82191467285156,150.06605529785156
2022-05-05,143.69353833533822,146.52045069411398,138.42301831580698,138.9500732421875,10170.0,148.935302734375,149.78817138671874,149.43600463867188,43.32253477251753,2.3470836422137893,142.6873321533203,156.15113830566406,156.82191467285156
2022-05-06,135.02112602399643,137.08142886063243,133.34414248405682,135.45236206054688,15066.0,146.01256408691407,148.4992904663086,149.1485221862793,40.483957715928526,1.1644302793654333,138.9500732421875,142.6873321533203,156.15113830566406
2022-05-09,136.07522958571062,136.07522958571062,131.04427919609807,132.43377685546875,13925.0,141.1349365234375,146.42462158203125,148.55438995361328,38.16014551091152,-0.016218671184276445,135.45236206054688,138.9500732421875,142.6873321533203
2022-05-10,125.53419722237716,134.01494845610213,125.53419722237716,131.33177185058594,14079.0,136.1710632324219,144.6901397705078,147.7590217590332,37.31797326274563,-1.0289529357231686,132.43377685546875,135.45236206054688,138.9500732421875
2022-05-11,132.5296356807151,133.29625976353051,124.00096652036814,131.81092834472656,21495.0,133.99578247070312,142.81192169189453,146.9157386779785,37.95910525957227,-1.7724564376302112,131.33177185058594,132.43377685546875,135.45236206054688
2022-05-12,129.2714871860528,131.6192761849904,128.40904423037574,129.4152374267578,10254.0,132.08881530761718,140.5120590209961,145.50707321166993,35.97768876933546,-2.5258837395590774,131.81092834472656,131.33177185058594,132.43377685546875
2022-05-13,130.32559193084387,134.39826667868277,130.32559193084387,132.72128295898438,8890.0,131.5425994873047,138.77758178710937,144.37870330810546,40.58668465814918,-2.823660657421925,129.4152374267578,131.81092834472656,131.33177185058594
2022-05-16,134.92531326149273,138.13553026682698,131.8588318600777,136.41064453125,4835.0,132.33797302246094,136.73645477294923,143.60010452270507,45.317644475470445,-2.7304751467642916,132.72128295898438,129.4152374267578,131.81092834472656
2022-05-17,137.03351075355152,141.48948969493503,136.79394167880756,140.77078247070312,15504.0,134.22577514648438,135.19841918945312,143.10659255981446,50.34944348497073,-2.278532758380834,136.41064453125,132.72128295898438,129.4152374267578
2022-05-18,139.04590285238834,142.78317473140265,139.04590285238834,140.53121948242188,12747.0,135.96983337402344,134.9828079223633,142.8239013671875,50.076786455648374,-1.9175910940870722,140.77078247070312,136.41064453125,132.72128295898438
2022-05-19,139.8604088464423,139.8604088464423,134.30240394687982,135.78773498535156,7037.0,137.24433288574218,134.66657409667968,142.2273727416992,44.89282882287764,-1.991346774602306,140.53121948242188,140.77078247070312,136.41064453125
2022-05-20,140.24373965419548,147.6224640977296,140.24373965419548,146.28086853027344,19754.0,139.95625,135.74942474365236,142.12435760498047,55.794512459537344,-1.18938006743835,135.78773498535156,140.53121948242188,140.77078247070312
2022-05-23,146.2808816023171,163.57777295447886,145.61009106971323,156.91775512695312,29439.0,144.05767211914062,138.19782257080078,142.31122207641602,63.645698581137296,0.3010221816980163,146.28086853027344,135.78773498535156,140.53121948242188
2022-05-24,156.91777353949828,159.1697291154855,147.09543962328542,148.6765899658203,21852.0,145.63883361816406,139.93230438232422,142.31122207641602,55.43134690919313,0.8078709146723497,156.91775512695312,146.28086853027344,135.78773498535156
2022-05-25,148.6765638059641,150.20981175245117,140.33956282451362,141.44158935546875,19877.0,145.82090759277344,140.89537048339844,141.8536460876465,49.40307475141812,0.6186170708529914,148.6765899658203,156.91775512695312,146.28086853027344
2022-05-26,142.0644733418541,146.99959085023733,137.46474379320475,145.94549560546875,10450.0,147.8524597167969,142.54839630126952,141.5302276611328,52.84130274687772,0.8225774687625744,141.44158935546875,148.6765899658203,156.91775512695312
2022-05-27,148.2453397085597,150.97643299441475,144.1247487212893,144.89137268066406,9851.0,147.574560546875,143.7654052734375,141.27149353027343,51.951496987398635,0.8889118210576044,145.94549560546875,141.44158935546875,148.6765899658203
2022-05-30,145.75383445550932,149.97024442433582,145.75383445550932,148.43699645996094,6240.0,145.87840881347657,144.9680404663086,140.8522476196289,54.71381400323646,1.2135949134143402,144.89137268066406,145.94549560546875,141.44158935546875
2022-05-31,147.62246898862384,149.77859069355367,146.80792827346255,147.43081665039062,5170.0,145.62925415039064,145.63404388427733,140.41623153686524,53.76911346342569,1.3738810560823822,148.43699645996094,144.89137268066406,145.94549560546875
2022-06-01,149.1557126572447,151.21601564696203,143.69354021716993,149.53903198242188,9793.0,147.24874267578124,146.53482513427736,140.75881652832032,55.50273596372135,1.6519813247611808,147.43081665039062,148.43699645996094,144.89137268066406
2022-06-02,149.77860019607485,152.8450816687637,148.0057830551372,151.5993194580078,8087.0,148.37950744628907,148.11598358154296,141.39127883911132,57.19217683181609,2.0153935695020095,149.53903198242188,147.43081665039062,148.43699645996094
2022-06-03,152.74925218218522,152.74925218218522,149.9702564733864,150.01817321777344,2659.0,149.40486755371094,148.48971405029297,142.11956939697265,55.45214599259915,2.151019490582229,151.5993194580078,149.53903198242188,147.43081665039062
2022-06-06,151.407657704323,151.88679586161518,147.86203826478825,151.02435302734375,3950.0,149.9223388671875,147.90037384033204,143.0490982055664,56.36200346086522,2.3130311287665393,150.01817321777344,151.5993194580078,149.53903198242188
2022-06-07,153.324216697992,153.324216697992,144.7955629930209,146.32879638671875,4697.0,149.70193481445312,147.66559448242188,143.79894943237304,51.11522176825425,2.039029675912161,151.02435302734375,150.01817321777344,151.5993194580078
2022-06-08,145.2747020042634,149.1078074437201,142.30403943982972,143.07066345214844,5834.0,148.40826110839845,147.82850189208983,144.36193618774413,47.79079173381787,1.5412113271755175,146.32879638671875,151.02435302734375,150.01817321777344
2022-06-09,143.64561362630957,147.33498328423264,142.83108753265404,145.37051391601562,5864.0,147.1625,147.77100372314453,145.15970001220703,50.250432810834255,1.3170828991897565,143.07066345214844,146.32879638671875,151.02435302734375
2022-06-10,143.74144086057734,145.17885526918312,142.39985992806615,143.21438598632812,5894.0,145.80174255371094,147.60330505371093,145.68435516357422,47.968813339392206,0.9544754025399413,145.37051391601562,143.07066345214844,146.32879638671875
2022-06-13,142.87900251529595,142.87900251529595,134.44616813101172,135.11695861816406,17261.0,142.620263671875,146.27130126953125,145.61967086791992,40.526619088488154,0.013555375481644205,143.21438598632812,145.37051391601562,143.07066345214844
2022-06-14,135.93152128996303,138.9500862810054,128.4090452527912,130.08602905273438,8310.0,139.37171020507813,144.5368225097656,145.08543319702147,36.715302726928094,-1.12511487174055,135.11695861816406,143.21438598632812,145.37051391601562
2022-06-15,130.08602405853156,135.1169752652151,128.40904032297038,129.7985382080078,20724.0,136.71728515625,142.56277313232422,144.54879913330078,36.50403364454139,-2.027347356502588,130.08602905273438,135.11695861816406,143.21438598632812
2022-06-16,130.7567952573423,133.96702663869144,126.0612473422488,127.01952362060548,18440.0,133.04708709716797,140.10479354858398,144.1103885650635,34.440956231540014,-2.932808759154483,129.7985382080078,130.08602905273438,135.11695861816406
2022-06-17,125.43836975097656,126.87578429184552,121.3177857871266,125.43836975097656,11203.0,129.49188385009765,137.6468132019043,143.06826362609863,33.28821156004507,-3.734925451582569,127.01952362060548,129.7985382080078,130.08602905273438
2022-06-20,126.49248104443888,126.49248104443888,118.82627007204864,120.11994171142578,8862.0,126.49248046875,134.5563720703125,141.22837295532227,29.688704681538425,-4.745063268445307,125.43836975097656,127.01952362060548,129.7985382080078
2022-06-21,119.59288764463074,125.96541932293452,119.20957565446774,123.61764526367188,7307.0,125.1988037109375,132.2852569580078,139.97542572021484,34.69036501818886,-5.203387904059468,120.11994171142578,125.43836975097656,127.01952362060548
2022-06-22,123.2822456984106,124.09678643894948,121.0782144957884,121.70109558105467,4085.0,123.57931518554688,130.14830017089844,138.98840103149413,33.29283346479055,-5.656063443349922,123.61764526367188,120.11994171142578,125.43836975097656
2022-06-23,122.41980051411112,125.05506040776126,121.7490100110638,123.52181243896484,5515.0,122.87977294921875,127.96343002319335,137.86721687316896,35.93336688472564,-5.801024832267274,121.70109558105467,123.61764526367188,120.11994171142578
2022-06-24,124.91133097490136,126.01334295416278,123.85722111654404,124.48009490966795,4194.0,122.68811798095703,126.09000091552734,136.84665298461914,37.339254313136735,-5.772045839228838,123.52181243896484,121.70109558105467,123.61764526367188
2022-06-27,126.44455826053272,128.31319417135117,125.5341986754813,125.9175033569336,2194.0,123.84763031005859,125.1700553894043,135.72067832946777,39.48440252620599,-5.568898138471241,124.48009490966795,123.52181243896484,121.70109558105467
2022-06-28,127.16327470839116,127.78616313850353,124.5759313659866,127.35492706298828,3423.0,124.59508666992187,124.89694519042969,134.71688385009764,41.636167534581794,-5.231607329263966,125.9175033569336,124.48009490966795,123.52181243896484
2022-06-29,129.36729534694877,129.36729534694877,124.57591403780252,128.84024047851562,4451.0,126.02291564941406,124.80111541748047,133.68194427490235,43.85761652695983,-4.789242151247379,127.35492706298828,125.9175033569336,124.48009490966795
2022-06-30,129.03189564671106,132.48169611408767,128.55275750524962,128.98399353027344,1707.0,127.11535186767578,124.99756240844727,132.55117797851562,44.079460456540794,-4.376614008772236,128.84024047851562,127.35492706298828,125.9175033569336
2022-07-01,128.4569409219086,130.66097933603518,128.02571951139458,130.32557678222656,1192.0,128.2844482421875,125.48628311157226,131.5665481567383,46.21545169532881,-3.896433022246754,128.98399353027344,128.84024047851562,127.35492706298828
2022-07-04,130.32556452116805,136.02730504454223,128.50484557156437,135.26068115234375,4959.0,130.15308380126953,127.00035705566407,130.7783645629883,53.28438072572357,-3.0821355129967003,130.32557678222656,128.98399353027344,128.84024047851562
2022-07-05,136.0752346685024,136.0752346685024,130.85263175530042,131.52342224121094,4778.0,130.98678283691407,127.79093475341797,130.0380958557129,48.12595711881711,-2.7071579985122867,135.26068115234375,130.32557678222656,128.98399353027344
2022-07-06,131.52341914482045,135.06903844870544,129.36729751949554,131.04428100585938,4387.0,131.4275909423828,128.72525329589843,129.43677673339843,47.49117448614893,-2.4207434860124977,131.52342224121094,135.26068115234375,130.32557678222656
2022-07-07,131.7150738653774,133.96702900820077,130.51722849624497,133.58370971679688,5564.0,132.3475341796875,129.73144302368163,128.8474365234375,51.16748281800918,-1.9661823213750722,131.04428100585938,131.52342224121094,135.26068115234375
2022-07-08,133.24834169166945,136.6023092262638,133.20042494531907,134.73367309570312,7021.0,133.22915344238282,130.75680084228514,128.42340087890625,52.77976278150197,-1.495903050234972,133.58370971679688,131.04428100585938,131.52342224121094
2022-07-11,134.73364596170327,136.5543649792391,132.76917673406615,135.5481719970703,9231.0,133.28665161132812,131.71986770629883,128.44496154785156,53.93973855780748,-1.04542903028414,134.73367309570312,133.58370971679688,131.04428100585938
2022-07-12,135.06902592081505,137.99177122181507,135.06902592081505,135.97938537597656,6744.0,134.17784423828124,132.58231353759766,128.73962936401367,54.57593777876515,-0.6461810353639237,135.5481719970703,134.73367309570312,133.58370971679688
2022-07-13,138.4709235250142,138.4709235250142,135.2127899968093,136.1710662841797,4656.0,135.2032012939453,133.31539611816407,129.05825576782226,54.87431240065192,-0.31072522859983565,135.97938537597656,135.5481719970703,134.73367309570312
2022-07-14,136.9376891937881,139.5729492453435,135.1169699161138,137.89596557617188,3624.0,136.0656524658203,134.20659332275392,129.6020778656006,57.574958965196814,0.09323610459190945,136.1710662841797,135.97938537597656,135.5481719970703
2022-07-15,140.62705296532442,141.82489839092344,137.56057160021825,140.53121948242188,7398.0,137.22516174316405,135.22715759277344,130.35672035217286,61.377928829853545,0.6188871917268557,137.89596557617188,136.1710662841797,135.97938537597656
2022-07-18,142.78315697950458,146.9995665045421,142.78315697950458,146.04129028320312,8431.0,139.32378540039062,136.3052185058594,131.6527877807617,67.8643742840197,1.4632190510347698,140.53121948242188,137.89596557617188,136.1710662841797
2022-07-19,145.13096494977262,148.5328492604889,144.69974347312143,146.85586547851562,10283.0,141.49908142089845,137.83846282958984,132.8146987915039,68.70124234858508,2.173038112499995,146.04129028320312,140.53121948242188,137.89596557617188
2022-07-20,147.6224481199449,150.4972766534506,147.14331003102728,150.06605529785156,12877.0,144.2780792236328,139.74064025878906,134.23294677734376,71.81621195857787,2.9604837090650733,146.85586547851562,146.04129028320312,140.53121948242188
2022-07-21,147.62247832969925,155.67199402193037,147.62247832969925,155.19285583496094,17120.0,147.73745727539062,141.90155487060548,135.81649894714354,75.93535250485007,3.952666100114044,150.06605529785156,146.85586547851562,146.04129028320312
2022-07-22,155.04911106847814,157.73228768143036,150.16189600123886,154.95327758789062,7325.0,150.6218688964844,143.92351531982422,137.34015808105468,75.38091285061921,4.665860693333542,155.19285583496094,150.06605529785156,146.85586547851562
2022-07-25,155.67199064948198,155.67199064948198,148.91613943514352,149.58694458007812,2361.0,151.33099975585938,145.327392578125,138.5236301422119,64.09251065316579,4.743375639610662,154.95327758789062,155.19285583496094,150.06605529785156
2022-07-26,146.04131547758797,150.7847952892472,146.04131547758797,150.20982360839844,3214.0,152.00179138183594,146.75043640136718,139.66637496948243,64.75231094570358,4.799739515567211,149.58694458007812,154.95327758789062,155.19285583496094
2022-07-27,150.16190681674516,154.3304149462261,148.0537016912008,152.6055145263672,3898.0,152.50968322753906,148.39388122558594,140.854638671875,67.2452598798925,4.980310608242121,150.20982360839844,149.58694458007812,154.95327758789062
2022-07-28,155.14491310414076,160.36753016499742,152.60548698742673,157.5406036376953,10261.0,152.97923278808594,150.35834503173828,142.2824691772461,71.68756913140092,5.458710332372675,152.6055145263672,150.20982360839844,149.58694458007812
2022-07-29,158.06767966891843,159.69674652568958,153.89918635501604,156.96566772460938,12758.0,153.3817108154297,152.00178985595704,143.61447372436524,70.48818016094478,5.7254535723727145,157.5406036376953,152.6055145263672,150.20982360839844
2022-08-01,157.97186412660434,163.96109138918203,157.15732337003902,160.17588806152344,12016.0,155.49949951171874,153.41524963378907,144.86023406982423,73.18580215451681,6.1252790599627644,156.96566772460938,157.5406036376953,152.6055145263672
2022-08-02,160.70292158576495,161.5174622338656,159.02593817555126,160.41543579101562,5712.0,157.54062194824218,154.77120666503907,146.30483474731446,73.38133211877296,6.387838117721174,160.17588806152344,156.96566772460938,157.5406036376953
2022-08-03,160.51274261098905,160.90185847373067,156.6701678020958,158.4212188720703,8089.0,158.70376281738282,155.60672302246093,147.673681640625,68.87838849094163,6.361668074080711,160.41543579101562,160.17588806152344,156.96566772460938
2022-08-04,159.00487888010696,161.33961838558545,152.9734944676346,160.1722412109375,8788.0,159.23009033203124,156.1046615600586,149.00310821533202,70.58518227958908,6.408349530464875,158.4212188720703,160.41543579101562,160.17588806152344
2022-08-05,160.5127508098349,160.99915308501622,156.18377352948505,156.5242462158203,2067.0,159.14180603027344,156.26175842285156,150.0926368713379,62.85157091088922,6.080885549041767,160.1722412109375,158.4212188720703,160.41543579101562
2022-08-08,158.37257495007364,158.37257495007364,155.64871939195078,156.28103637695312,3809.0,158.3628356933594,156.93116760253906,151.12928009033203,62.36100933448126,5.735626253954024,156.5242462158203,160.1722412109375,158.4212188720703
2022-08-10,158.90762348472893,158.95625183543055,151.80614755548416,153.80039978027344,6337.0,157.03982849121093,157.29022521972655,152.02033081054688,57.436822864328306,5.20187515460367,156.28103637695312,156.5242462158203,160.1722412109375
2022-08-11,163.43115526604834,169.65709810056086,158.56713278789215,161.3882598876953,79365.0,157.63323669433595,158.1684997558594,153.28119049072265,66.22273231003308,5.329712847105242,153.80039978027344,156.28103637695312,156.5242462158203
2022-08-12,160.3181927942843,174.91026104296637,160.3181927942843,172.72145080566406,109224.0,160.14307861328126,159.68658447265625,155.02246475219727,74.64215917037325,6.273205325032961,161.3882598876953,153.80039978027344,156.28103637695312
2022-08-16,176.66129171358074,178.2664130972568,169.75437427269475,171.3108673095703,80528.0,163.10040283203125,161.12110443115233,156.5614471435547,72.22891975919151,6.828394134831711,172.72145080566406,161.3882598876953,153.80039978027344
2022-08-17,170.43534786197958,180.50388051810413,170.3867046675221,178.50962829589844,815661.0,167.5461212158203,162.95447845458983,158.18486404418945,76.41899781582117,7.759814800850307,171.3108673095703,172.72145080566406,161.3882598876953
2022-08-18,177.97458311500674,183.42229433850923,175.6398582156879,180.64979553222656,421649.0,172.91600036621094,164.97791442871093,159.874560546875,77.50561866496477,8.571854990505301,178.50962829589844,171.3108673095703,172.72145080566406
2022-08-19,180.94163330842943,183.86004674888795,175.15344962028365,179.19058227539062,31048.0,176.47646484375,167.05485076904296,161.33078689575194,74.96901102809986,8.993979380823504,180.64979553222656,178.50962829589844,171.3108673095703
2022-08-22,176.17490057982408,178.6069118255764,175.1534528878444,177.147705078125,42318.0,177.3617156982422,168.7523971557617,162.42852935791015,71.44374034384089,9.059243563988133,179.19058227539062,180.64979553222656,178.50962829589844
2022-08-23,174.13200019840895,184.83284937261288,174.13200019840895,182.5467529296875,83125.0,179.60889282226563,171.35464782714843,163.808203125,74.8144526083737,9.437830504039596,177.147705078125,179.19058227539062,180.64979553222656
2022-08-24,183.8600397336367,193.9772000036748,183.8600397336367,190.47511291503903,1404666.0,182.00198974609376,174.77405548095703,165.85261154174805,78.77625835096528,10.259352344745707,182.5467529296875,177.147705078125,179.19058227539062
2022-08-25,191.73975141191335,212.65504581931728,191.73975141191335,211.0012664794922,1534472.0,188.07228393554686,180.4941421508789,168.89218368530274,85.24676138837535,12.42349307585647,190.47511291503903,182.5467529296875,177.147705078125
2022-08-26,213.96833368147244,217.8595514427861,205.50493801937876,214.69793701171875,339009.0,195.1737548828125,185.82510986328126,171.9968048095703,86.07041056078731,14.272357758632467,211.0012664794922,190.47511291503903,182.5467529296875
2022-08-29,207.30466180914425,217.66502464230004,206.28321403200297,212.9955596923828,150327.0,202.34332580566405,189.85252075195314,174.7695526123047,83.75153502949573,15.422448333525523,214.69793701171875,211.0012664794922,190.47511291503903
2022-08-30,216.4003443166959,226.6634341088427,211.09856309707664,220.63204956054688,98221.0,209.96038513183595,194.78463897705078,177.95287170410157,85.62274368375894,16.756940729736584,212.9955596923828,214.69793701171875,211.0012664794922
2022-09-01,222.72357046727197,224.37733502347567,214.40608965234944,218.00547790527344,54367.0,215.46645812988282,198.73422393798828,180.84435119628907,82.11976315114939,17.4019938342706,220.63204956054688,212.9955596923828,214.69793701171875
2022-09-02,218.8810068968232,221.5562192033399,213.0441800462412,218.73509216308597,61195.0,217.01322326660156,202.54275360107422,183.76033401489258,82.33594918366552,17.76726684745725,218.00547790527344,220.63204956054688,212.9955596923828
2022-09-05,223.35589935397743,227.83079075132676,219.95108390555595,225.15557861328125,53089.0,219.10475158691406,207.13925323486328,187.09705200195313,84.151850443271,18.363148989457187,218.73509216308597,218.00547790527344,220.63204956054688
2022-09-06,225.73927495391467,230.55465399905543,217.4704371522608,227.4903259277344,13844.0,222.0037048339844,212.17351531982422,190.46295623779298,84.76518270410403,18.806989211385513,225.15557861328125,218.73509216308597,218.00547790527344
2022-09-07,226.66345670685928,237.31566339878265,226.5175419641036,235.3214111328125,24119.0,224.9415771484375,217.45098114013672,194.40281448364257,86.63369274586846,19.56510456730271,227.4903259277344,225.15557861328125,218.73509216308597
2022-09-08,238.2884601244136,264.40825213280624,237.31565562107343,253.4155731201172,179840.0,232.02359619140626,223.74502716064453,199.2595413208008,89.75904984442177,21.379514368592027,235.3214111328125,227.4903259277344,225.15557861328125
2022-09-09,253.4642122056576,259.7388133930163,246.605952041684,255.84759521484372,34448.0,239.44609680175782,228.2296600341797,204.3619010925293,90.09431352595973,22.751426780365648,253.4155731201172,235.3214111328125,227.4903259277344
2022-09-12,259.446954570259,259.4955829169325,241.3527861500517,242.71470642089844,23659.0,242.95792236328126,231.03133697509764,208.42822341918946,75.68527271297037,22.519373560667077,255.84759521484372,253.4155731201172,235.3214111328125
2022-09-13,242.2283172607422,250.9835576436606,238.4830140482997,242.2283172607422,37943.0,245.9055206298828,233.9546127319336,211.90356674194337,75.20554384710493,22.04213416994301,242.71470642089844,255.84759521484372,253.4155731201172
2022-09-14,239.35854304232663,251.1294682343495,234.5431638799619,243.3956756591797,23691.0,247.52037353515624,236.23097534179686,215.50780715942383,75.60520021504546,21.510158859479645,242.2283172607422,242.71470642089844,255.84759521484372
2022-09-15,244.1739134469217,252.39412280654355,239.89357986585733,243.1524658203125,18493.0,245.4677520751953,238.74567413330078,218.73994903564454,75.33275598312497,20.828837716164486,243.3956756591797,242.2283172607422,242.71470642089844
2022-09-16,236.63470678992067,247.77331591877072,227.63626470232865,231.5761260986328,24008.0,240.61345825195312,240.02977752685547,221.28626556396483,63.587271250636974,19.134204731881425,243.1524658203125,243.3956756591797,242.2283172607422
2022-09-19,227.0039309340396,238.58029828752788,227.0039309340396,236.6346893310547,6037.0,239.39745483398437,241.1776885986328,224.15847091674806,66.0763053016715,17.991979321347088,231.5761260986328,243.1524658203125,243.3956756591797
2022-09-20,238.33710689495464,239.74767047720175,228.2685741967626,230.94378662109372,17416.0,237.1405487060547,241.52303466796874,226.8482749938965,61.022631508656104,16.438061426585733,236.6346893310547,231.5761260986328,243.1524658203125
2022-09-21,230.9437801216672,237.85069794217807,226.76073268730943,227.78216552734372,17027.0,234.0178466796875,240.76911010742188,229.11004562377929,58.352490518914685,14.781066961085116,230.94378662109372,236.6346893310547,231.5761260986328
2022-09-22,229.7277744446409,240.9150260829849,228.6090552183339,232.88938903808597,29515.0,231.9652313232422,238.71649169921875,231.23075942993165,61.29847886326393,13.721820557791006,227.78216552734372,230.94378662109372,236.6346893310547
2022-09-23,233.71628220629583,234.9322878369217,225.78793143214253,229.14410400390625,9751.0,231.47882690429688,236.046142578125,232.13790130615234,58.05531658399539,12.436783452109893,232.88938903808597,227.78216552734372,230.94378662109372
2022-09-26,220.0483499412428,230.6032835050895,216.93537886353397,222.86949157714844,10459.0,228.7257873535156,234.06162109375,232.54647903442384,52.99645798417623,10.787719389944755,229.14410400390625,232.88938903808597,227.78216552734372
2022-09-27,220.04836648246288,229.5332099932916,214.01698178280208,228.02536010742188,12810.0,228.14210205078126,232.64132537841797,233.29796905517577,56.36142431428138,9.784075014424673,222.86949157714844,229.14410400390625,232.88938903808597
2022-09-28,223.35592749407087,228.75498079601385,222.0912786279921,224.6692047119141,11721.0,227.5195098876953,230.7686782836914,233.49982681274415,53.668084555372225,8.618517024681267,228.02536010742188,222.86949157714844,229.14410400390625
2022-09-29,220.3402220244423,231.52747391530804,219.70790502900783,229.1927490234375,30957.0,226.78018188476562,229.3727066040039,234.05919036865234,56.67336893888491,7.9679663849219935,224.6692047119141,228.02536010742188,222.86949157714844
2022-09-30,222.86950709304776,239.26125329138603,222.86950709304776,234.78636169433597,26284.0,227.90863342285155,229.69373016357423,234.86175384521485,60.11827569562435,7.813686793217357,229.1927490234375,224.6692047119141,228.02536010742188
2022-10-03,234.49452628779872,236.537406819259,220.68070543938637,223.1127166748047,98495.0,227.9572784423828,228.3415328979492,234.759610748291,51.0039394296833,6.672536663762884,234.78636169433597,229.1927490234375,224.6692047119141
2022-10-04,229.48456755805503,235.4186807373078,225.78792246285428,226.7607269287109,18326.0,227.70435180664063,227.92322692871093,234.72313079833984,53.38243510831936,5.9934422331484996,223.1127166748047,234.78636169433597,229.1927490234375
2022-10-06,231.13835498357645,238.33710234125425,229.387303915979,233.37579345703125,18329.0,229.44566955566407,228.4825897216797,234.62584991455077,57.41906767235108,5.920784470873315,226.7607269287109,223.1127166748047,234.78636169433597
2022-10-07,235.12683191101857,254.9233935045357,234.29995703721903,250.88626098632807,85973.0,233.78437194824218,230.28227691650392,234.49938430786133,65.84895611674123,7.193231958939236,233.37579345703125,226.7607269287109,223.1127166748047
2022-10-10,250.448520416999,252.92915991806404,243.2984016894804,249.28114318847656,31641.0,236.6833282470703,232.29598083496094,234.17106170654296,64.58671104850336,7.980146013191444,250.88626098632807,233.37579345703125,226.7607269287109
2022-10-11,250.3512347798808,265.5756187058967,246.65457484744536,251.85906982421875,88409.0,242.43259887695314,235.19493865966797,234.62827987670897,65.7231447012667,8.711378852699653,249.28114318847656,250.88626098632807,233.37579345703125
2022-10-12,252.92917910746365,280.45953557372064,246.02226097123213,274.52545166015625,169568.0,251.98554382324218,239.8449478149414,236.24313659667968,73.71125434920009,10.993151521817083,251.85906982421875,249.28114318847656,250.88626098632807
2022-10-13,278.6598340891848,283.1347106085309,269.56410695179017,276.0818786621094,77404.0,260.5267608642578,244.98621520996093,237.87744674682617,74.15662693659579,12.779746490405984,274.52545166015625,251.85906982421875,249.28114318847656
2022-10-14,272.5311327181921,281.9186887582764,261.1006816055571,264.602783203125,41914.0,263.2700653076172,248.5272186279297,238.9499626159668,65.3615515681399,13.11815092786685,276.0818786621094,274.52545166015625,251.85906982421875
2022-10-17,264.6028492043964,281.0432408828768,262.51132526769845,277.9789123535156,91589.0,269.009619140625,252.84647369384766,241.27010192871094,69.84899385839176,14.300829653796171,264.602783203125,276.0818786621094,274.52545166015625
2022-10-18,278.0275042742398,283.232014100496,269.85595270423005,272.2879638671875,37531.0,273.09539794921875,257.7639984130859,243.0527656555176,65.93521096468444,14.61047858085658,277.9789123535156,264.602783203125,276.0818786621094
2022-10-19,277.1519785065228,277.1519785065228,259.8846997284186,264.84600830078125,59949.0,271.1595092773438,261.572526550293,244.74787673950195,61.11288602180345,14.09291956307544,272.2879638671875,277.9789123535156,264.602783203125
2022-10-20,264.11641584123885,269.22363935198103,259.10647871584763,262.1708068847656,19060.0,268.377294921875,264.45202789306643,246.46730880737306,59.43021027814823,13.313415153415718,264.84600830078125,272.2879638671875,277.9789123535156
2022-10-21,262.65719106506947,262.65719106506947,244.80622417923132,248.5028839111328,38503.0,265.1573150634766,264.21369018554685,247.24798355102538,51.6113480021039,11.460653852755286,262.1708068847656,264.84600830078125,272.2879638671875
2022-10-24,250.6430600860853,260.76022040761336,250.6430600860853,257.6958923339844,12153.0,261.1007110595703,265.05516510009767,248.6755729675293,55.8214053512164,10.611799900468156,248.5028839111328,262.1708068847656,264.84600830078125
2022-10-25,258.03639515550395,260.7116075463716,251.85908060633668,255.99349975585935,19349.0,257.84181823730466,265.4686080932617,250.33177337646484,54.86935248313711,9.690007795999975,257.6958923339844,248.5028839111328,262.1708068847656
2022-10-27,256.5285404633454,258.2795765650032,250.0593672437183,256.28533935546875,14781.0,256.1296844482422,263.644596862793,251.7447723388672,55.01100873362595,8.880659217300007,255.99349975585935,257.6958923339844,248.5028839111328
2022-10-28,252.92917018404475,257.8418210375645,249.67026916914597,252.54005432128903,35138.0,254.20353393554683,261.29041442871096,253.13831481933593,52.723848362041,7.84658093533784,256.28533935546875,255.99349975585935,257.6958923339844
2022-10-31,255.020694613101,257.54999225931294,251.17813463748973,253.4155731201172,37221.0,255.1860717773437,260.1716934204102,254.3494560241699,53.21355092581651,7.016827872905452,252.54005432128903,256.28533935546875,255.99349975585935
2022-11-01,254.6801969376341,263.38680877018885,252.0049846601899,254.82614135742188,37594.0,254.6121215820312,257.8564163208008,255.35144500732423,54.03956547121097,6.399296553771592,253.4155731201172,252.54005432128903,256.28533935546875
2022-11-02,254.29110941482665,258.6201016392244,253.0264753451309,254.3397674560547,35181.0,254.2813751220703,256.0615966796875,256.91279754638674,53.68759807906209,5.803750205580172,254.82614135742188,253.4155731201172,252.54005432128903
2022-11-03,252.92912291201068,260.90613020198066,252.4913490934564,257.16082763671875,18961.0,254.45647277832032,255.29307861328124,258.4328025817871,55.498087650450685,5.4960562981261205,254.3397674560547,254.82614135742188,253.4155731201172
2022-11-04,254.14514802513668,272.3852304192853,254.14514802513668,269.17498779296875,75620.0,257.78345947265626,255.99349670410157,260.222762298584,62.263920307183284,6.150746995085171,257.16082763671875,254.3397674560547,254.82614135742188
2022-11-07,276.519636422486,292.96002399609404,272.9202484532792,291.3062744140625,126104.0,265.3615997314453,260.27383575439455,262.2437629699707,71.00807078252232,8.359046080766177,269.17498779296875,257.16082763671875,254.3397674560547
2022-11-09,293.7869415748405,299.57513988158445,268.2994533115054,275.9359741210937,145796.0,269.5835662841797,262.0978439331055,263.5765045166016,60.51949519841995,8.767814331581235,291.3062744140625,269.17498779296875,257.16082763671875
2022-11-10,272.3852653946211,296.3162625061047,272.3852653946211,291.8899841308594,64251.0,277.09360961914064,265.68749237060547,265.5780502319336,66.11443835107121,10.260840804291377,275.9359741210937,291.3062744140625,269.17498779296875
2022-11-11,293.7383278501772,300.40201486154984,276.2764753665665,279.7299194335937,93133.0,281.6074279785156,268.03195037841795,265.8382736206055,59.225213990199386,10.343624579945697,291.8899841308594,275.9359741210937,291.3062744140625
2022-11-14,289.99302012920344,290.67396544957745,278.31936642138686,288.9715576171875,49625.0,285.5667419433594,271.6751007080078,266.4827575683594,62.42941486068485,11.027832298252804,279.7299194335937,291.8899841308594,275.9359741210937
2022-11-15,287.9501058563931,292.7168415360835,283.18337017670274,286.7341003417969,33590.0,284.6523071289063,275.00695343017577,267.58932342529295,61.17598655429163,11.25973255361032,288.9715576171875,279.7299194335937,291.8899841308594
2022-11-16,283.1347315157098,317.71794852960323,283.1347315157098,313.2430419921875,267791.0,292.113720703125,280.84864349365233,269.35252990722654,69.09340671081061,13.427778155376245,286.7341003417969,288.9715576171875,279.7299194335937
2022-11-17,314.2158150468589,337.6604065652814,307.0170685653555,334.01239013671875,270949.0,300.5382019042969,288.81590576171874,272.4387512207031,73.63070153684598,16.63018036594889,313.2430419921875,286.7341003417969,288.9715576171875
2022-11-18,334.01243957108795,361.5427957514565,327.54329541785347,347.33984375,249907.0,314.0601867675781,297.83380737304685,276.5634429931641,76.05948271961016,20.01282591471113,334.01239013671875,313.2430419921875,286.7341003417969
2022-11-21,345.394210232036,347.3884771794423,313.34032121901936,319.85809326171875,144139.0,320.23749389648435,302.90211791992186,279.4478073120117,63.14416895237359,20.242704001830475,347.33984375,334.01239013671875,313.2430419921875
2022-11-22,329.7321259805143,329.7321259805143,312.27027180366457,317.6206970214844,78883.0,326.41481323242186,305.53356018066404,282.9036979675293,62.21787261570318,20.013640079391507,319.85809326171875,347.33984375,334.01239013671875
2022-11-23,317.8152528563211,329.09976169079164,314.2644925601999,321.41461181640625,59031.0,328.04912719726565,310.0814239501953,286.0896339416504,63.20358796767219,19.90874684654119,317.6206970214844,319.85809326171875,347.33984375
2022-11-24,325.74359299444205,326.61911110753795,311.5892696967824,313.8753662109375,28437.0,324.0217224121094,312.27996215820315,288.9837272644043,59.86135544660614,18.998263930948326,321.41461181640625,317.6206970214844,319.85809326171875
2022-11-25,313.7781234615128,317.3288841329668,302.1531258740915,304.8283386230469,80140.0,315.51942138671876,314.78980407714846,291.4108772277832,56.03226345256777,17.346717976609966,313.8753662109375,321.41461181640625,317.6206970214844
2022-11-28,312.270246060204,324.62487514698665,309.6436620220257,318.5934753417969,84375.0,315.26649780273436,317.7519958496094,294.7135482788086,60.2034009972056,16.95316190474523,304.8283386230469,313.8753662109375,321.41461181640625
2022-11-29,316.6478812387126,319.8094960283464,309.78962103163934,312.6107482910156,33516.0,314.26450805664064,320.33966064453125,297.67330703735354,57.643776987647634,15.974367247184944,318.5934753417969,304.8283386230469,313.8753662109375
2022-11-30,316.30738370395585,335.6175593612541,313.2916837547764,323.40887451171875,101895.0,314.6633605957031,321.3562438964844,301.10244369506836,60.87690050680179,15.88685025106497,312.6107482910156,318.5934753417969,304.8283386230469
2022-12-01,325.9381518094549,337.75775081330954,322.3874211481214,326.2300109863281,45358.0,317.13428955078126,320.5780059814453,304.696955871582,61.69946561531091,15.862284001355022,323.40887451171875,312.6107482910156,318.5934753417969
2022-12-02,331.2885384010974,333.81783586914275,323.45747457589306,326.035400390625,29250.0,321.3757019042969,318.4475616455078,308.1406845092773,61.60324509759572,15.646745678405296,326.2300109863281,323.40887451171875,312.6107482910156
2022-12-05,326.37590749401414,334.10971509061125,324.7221279803905,331.6777038574219,25526.0,323.9925476074219,319.6295227050781,311.2658203125,63.386064456797996,15.749664412153209,326.035400390625,326.2300109863281,323.40887451171875
2022-12-06,331.7263853313565,337.174097303652,324.9653811452941,326.7650756835937,22020.0,326.82341308593743,320.543960571289,313.03876037597655,60.74157986665245,15.258924826013242,331.6777038574219,326.035400390625,326.2300109863281
2022-12-07,328.75929099330995,336.34715418001684,315.5777722721543,332.990966796875,43640.0,328.7398315429688,321.70159606933595,315.8915100097656,62.85653877364869,15.19720364561249,326.7650756835937,331.6777038574219,326.035400390625
2022-12-08,334.8879036479546,339.36280967779965,327.05684036145084,333.4773254394531,31470.0,330.1892944335938,323.6617919921875,317.9708770751953,63.02412079506707,15.014456929941616,332.990966796875,326.7650756835937,331.6777038574219
2022-12-09,333.5260530759093,333.5260530759093,323.7007209721348,327.73785400390625,34857.0,330.52978515625,325.95274353027344,320.37127380371095,59.606390249673694,14.242324808219223,333.4773254394531,332.990966796875,326.7650756835937
2022-12-12,326.8622930251522,331.58040051378646,322.67924579303934,325.2571716308594,18949.0,329.2456787109375,326.6191131591797,322.18555450439453,58.13887839416125,13.277183101233902,327.73785400390625,333.4773254394531,332.990966796875
2022-12-13,327.008252874815,334.790689496855,324.67352782573096,326.5218505859375,20330.0,329.19703369140626,328.0102233886719,324.17494201660156,58.69717167769097,12.470597086750388,325.2571716308594,327.73785400390625,333.4773254394531
2022-12-14,326.667715794041,330.5589335149355,323.3601866688077,324.7221069335937,18774.0,327.54326171875,328.14154663085935,324.7488952636719,57.52147153034002,11.552972116392539,326.5218505859375,325.2571716308594,327.73785400390625
2022-12-15,324.5762332856276,339.70336190270694,324.5762332856276,328.8565673828125,29948.0,326.6191101074219,328.4042022705078,324.49110412597656,59.52703888460217,11.032191880677942,324.7221069335937,326.5218505859375,325.2571716308594
2022-12-16,330.7535264995735,337.22267041858186,305.8497256256076,309.9355163574219,91449.0,323.058642578125,326.7942138671875,322.62088775634766,48.2903314616275,8.989078601318454,328.8565673828125,324.7221069335937,326.5218505859375
2022-12-19,312.02706246824334,315.91828070635086,302.6881327592576,304.5851135253906,43574.0,318.9242309570312,324.0849548339844,321.85723876953125,45.66528569060997,6.859096420332662,309.9355163574219,328.8565673828125,324.7221069335937
2022-12-20,305.4606011977244,318.64208978836785,305.4606011977244,315.2372741699219,36497.0,316.6673156738281,322.9321746826172,321.7380676269531,51.33696649638232,5.961885630003451,304.5851135253906,309.9355163574219,328.8565673828125
2022-12-21,314.6536070992732,318.78802595752927,302.05577776200346,310.3246154785156,67203.0,313.7878173828125,320.66553955078126,321.1835678100586,48.80663828745116,4.799107985502246,315.2372741699219,304.5851135253906,309.9355163574219
2022-12-22,306.43343551410624,314.8481889962515,302.7367900718489,304.1473388671875,24110.0,308.8459716796875,317.7325408935547,320.6971664428711,45.75290918328409,3.340634967562039,310.3246154785156,315.2372741699219,304.5851135253906
2022-12-23,301.5693732229217,310.9083016860618,287.8041964794669,291.9872436523437,41928.0,305.2563171386719,314.15747985839846,320.0551116943359,40.39490755288676,1.189850677478148,304.1473388671875,310.3246154785156,315.2372741699219
2022-12-26,276.3251311115141,306.4334449595831,276.3251311115141,298.8455810546875,27841.0,304.10841064453126,311.5163208007813,319.06771697998045,44.35305534660047,0.03830755720076695,291.9872436523437,304.1473388671875,310.3246154785156
2022-12-27,305.2174064768615,315.57776828109854,300.839786304285,314.55633544921875,33210.0,303.97222290039065,310.31976928710935,319.16499633789056,52.186023798814176,0.3889444083170588,298.8455810546875,291.9872436523437,304.1473388671875
2022-12-28,315.188648715415,315.188648715415,306.1415790069716,307.6494140625,13972.0,303.4371826171875,308.6125,318.37702331542965,48.92546404288043,0.1082479912104759,314.55633544921875,298.8455810546875,291.9872436523437
2022-12-29,294.1760780713491,313.14576602827066,294.1760780713491,306.2875061035156,9602.0,303.86521606445314,306.3555938720703,317.379898071289,48.28484953970819,-0.22154667978878706,307.6494140625,314.55633544921875,298.8455810546875
2022-12-30,306.62798692510063,320.10130535279285,306.62798692510063,313.778076171875,23537.0,308.2233825683594,306.73984985351564,316.7670318603515,52.00698077586354,0.12013028348309263,306.2875061035156,307.6494140625,314.55633544921875
2023-01-02,314.8481776731528,315.6750674545521,304.5364438002839,306.3847961425781,17076.0,309.7312255859375,306.91981811523436,315.50238647460935,48.31102228588401,-0.20332042037580322,313.778076171875,306.2875061035156,307.6494140625
2023-01-03,311.78388088090543,314.45909358737185,305.55793724702085,307.6980895996094,30772.0,308.3595764160156,306.1658996582031,314.5490371704101,49.00430168342134,-0.34965502175140273,306.3847961425781,313.778076171875,306.2875061035156
2023-01-04,306.91987642350523,313.24310684110515,306.4334740836898,309.06005859375,25680.0,308.64170532226564,306.03944396972656,313.3524917602539,49.75692332256731,-0.35167286635351047,307.6980895996094,306.3847961425781,313.778076171875
2023-01-05,311.9297367165872,315.14000917054864,304.9255625843388,306.9197998046875,30668.0,308.7681640625,306.3166900634766,312.02461547851556,48.54446551854784,-0.5199790255954326,309.06005859375,307.6980895996094,306.3847961425781
2023-01-06,308.37903216772,311.29744572135775,301.0343699327869,302.1044311523437,9999.0,306.4334350585938,307.3284088134766,310.74294433593747,45.838092900446846,-1.030049110936659,306.9197998046875,309.06005859375,307.6980895996094
2023-01-09,309.8868703595073,309.8868703595073,298.69961829327764,301.3262023925781,23961.0,305.4217163085938,307.57647094726565,309.5463958740234,45.39759571442366,-1.480019145975234,302.1044311523437,306.9197998046875,309.06005859375
2023-01-10,304.8769552792165,306.77393612163905,298.11598113118686,299.380615234375,13809.0,303.7582214355469,306.05889892578125,308.18933410644524,44.25265235637997,-1.9708969906515108,301.3262023925781,302.1044311523437,306.9197998046875
2023-01-11,302.3962576731041,308.622199977841,300.3047341229956,303.3204040527344,16098.0,302.61029052734375,305.62599792480466,307.11924896240237,47.15888297781851,-2.0187423821310517,299.380615234375,301.3262023925781,302.1044311523437
2023-01-12,303.3204330153975,311.68655770230885,303.3204330153975,308.3790283203125,45598.0,302.9021362304687,305.83515014648435,306.09537200927736,50.711860449269274,-1.6296854979036084,303.3204040527344,299.380615234375,301.3262023925781
2023-01-13,311.2001251890541,311.2001251890541,304.0013784840781,305.8497009277344,9581.0,303.65119018554685,305.0423126220703,305.89108123779295,48.93995187500483,-1.5080666427412552,308.3790283203125,303.3204040527344,299.380615234375
2023-01-16,305.4606162202051,310.5678398990461,304.9742139650773,309.6923217773437,36745.0,305.32441406249995,305.37306518554686,306.1464416503906,51.701018639275574,-1.0890614133119811,305.8497009277344,308.3790283203125,303.3204040527344
2023-01-17,308.42766613169533,315.6750717968478,305.60653891603084,307.7953491210937,16390.0,307.0073608398437,305.38279113769534,305.7743453979492,50.256231628438165,-0.8996954606872123,309.6923217773437,305.8497009277344,308.3790283203125
2023-01-18,306.4334191216363,319.07987768856094,306.4334191216363,315.18865966796875,43827.0,309.3810119628906,305.9956512451172,306.0175476074219,55.47826206460422,-0.15129912414289493,307.7953491210937,309.6923217773437,305.8497009277344
2023-01-19,311.3947500919505,316.55060245937653,307.4548737544514,309.8382568359375,18319.0,309.6728576660156,306.28749694824216,306.3020935058594,51.28257797049,0.009962726994956483,315.18865966796875,307.7953491210937,309.6923217773437
2023-01-20,309.4004524280982,316.1614554268973,309.2545376938901,313.2430419921875,21492.0,311.1515258789062,307.40135803222654,307.36488342285156,53.68310860296256,0.4078007399007788,309.8382568359375,315.18865966796875,307.7953491210937
2023-01-23,311.0542263187953,325.2571773829978,311.0542263187953,320.733642578125,22240.0,313.3597900390625,309.34210205078125,308.45928649902345,58.52505905034744,1.312390674361552,313.2430419921875,309.8382568359375,315.18865966796875
2023-01-24,324.18709162336705,324.18709162336705,303.0285942706041,305.5578918457031,39390.0,312.91229858398435,309.95982971191404,308.00936431884764,47.65549452109284,0.7955577648784811,320.733642578125,313.2430419921875,309.8382568359375
2023-01-25,316.01557980880904,316.01557980880904,293.10601369802976,299.380615234375,20447.0,309.7506896972656,309.56585083007815,307.5959243774414,44.06774083644221,-0.11120869177256054,305.5578918457031,320.733642578125,313.2430419921875
2023-01-27,293.5923672075473,302.007149337591,280.31359258020524,290.33349609375,21134.0,305.8497375488281,307.76129760742185,306.7982238769531,39.39041005525736,-1.5420784261014546,299.380615234375,305.5578918457031,320.733642578125
2023-01-30,290.33348989744394,298.0672671938529,282.356481809344,284.642578125,12940.0,300.1296447753906,305.6405853271484,305.34144897460936,36.748184519759036,-3.0995330311187104,290.33349609375,299.380615234375,305.5578918457031
2023-01-31,294.759773841271,307.9412634036718,285.372216024448,303.5150146484375,185659.0,296.6859191894531,305.0228546142578,305.19795989990234,48.97226058696076,-2.778945172426404,284.642578125,290.33349609375,299.380615234375
2023-02-01,313.8267605161128,313.8267605161128,291.8899996292976,297.4349975585937,11179.0,295.06134033203125,303.9868194580078,304.68480529785154,45.894962427287616,-2.981119066117401,303.5150146484375,284.642578125,290.33349609375
2023-02-02,305.46059351067134,305.46059351067134,289.8957225037581,297.14312744140625,7778.0,294.6138427734375,302.18226623535156,304.0889587402344,45.74635332143543,-3.128827635296375,297.4349975585937,303.5150146484375,284.642578125
2023-02-03,298.65100826219685,302.4935982565873,291.8900045062866,298.8455810546875,14209.0,296.316259765625,301.08299865722654,303.68524780273435,46.82787385013567,-3.073089301425,297.14312744140625,297.4349975585937,303.5150146484375
2023-02-06,304.7310153063218,304.7310153063218,297.3376950309553,301.66668701171875,10907.0,299.72108154296876,299.9253631591797,303.6633605957031,48.65444859490861,-2.7693532164757357,298.8455810546875,297.14312744140625,297.4349975585937
2023-02-07,311.2974802685147,311.2974802685147,292.0845889081923,297.0458984375,14679.0,298.42725830078126,297.5565887451172,303.44934539794923,45.874684773954755,-2.868433683288174,301.66668701171875,298.8455810546875,297.14312744140625
2023-02-08,300.7425374878563,301.22893979001606,295.9758008642186,297.2890930175781,7545.0,298.3980773925781,296.7297088623047,303.3447692871094,46.04938931183184,-2.8939719892655944,297.0458984375,301.66668701171875,298.8455810546875
2023-02-09,297.67816145019015,321.0254682305972,296.802643383452,317.6692810058594,80211.0,302.50330810546876,298.55857543945314,304.0622131347656,58.21997372653723,-1.2552309138093847,297.2890930175781,297.0458984375,301.66668701171875
2023-02-10,316.16147938909774,326.08409769421115,303.8555077442499,306.2388610839844,55447.0,303.9819641113281,300.14911193847655,303.95520477294923,51.23845684201584,-0.8688407098401854,317.6692810058594,297.2890930175781,297.0458984375
2023-02-13,313.3403469384887,314.0699503403848,306.433428796345,307.35760498046875,12645.0,305.1201477050781,302.4206146240234,304.0305999755859,51.847087084606024,-0.46696749607247057,306.2388610839844,317.6692810058594,297.2890930175781
2023-02-14,307.40624681446195,309.8868866146493,301.1316454079083,303.4664001464844,22818.0,306.404248046875,302.41575317382814,303.719303894043,49.5313240262514,-0.4571975005771378,307.35760498046875,306.2388610839844,317.6692810058594
2023-02-15,302.3962722507947,306.6766059361672,299.67240195091324,303.7095642089844,10017.0,307.68834228515624,303.0432098388672,303.5150146484375,49.68257151732001,-0.4249350147836708,303.4664001464844,307.35760498046875,306.2388610839844
2023-02-16,310.3732472217816,310.3732472217816,301.6666652258168,304.0500183105469,4798.0,304.96448974609376,303.73389892578126,302.9580825805664,49.908916336664724,-0.3676568424301081,303.7095642089844,303.4664001464844,307.35760498046875
2023-02-17,303.0772724656912,306.43346033489183,302.20175423083407,304.8283386230469,4363.0,304.68238525390626,304.33217468261716,302.70758666992185,50.45758951639217,-0.25650272984620415,304.0500183105469,303.7095642089844,303.4664001464844
2023-02-20,311.2974285927548,318.1070598432213,303.9041087261496,305.4606018066406,11593.0,304.3029846191406,304.71156616210936,302.3184646606445,50.92782223997984,-0.11605611725195786,304.8283386230469,304.0500183105469,303.7095642089844
2023-02-21,310.27602608000177,328.8079410605793,305.849747522372,322.9224853515625,28460.0,308.19420166015624,307.2992248535156,302.4279067993164,61.7311781607012,1.388273746537891,305.4606018066406,304.8283386230469,304.0500183105469
2023-02-22,317.13423987189213,322.436035818424,308.8167739834348,310.5678100585937,40745.0,309.56585083007815,308.62709655761716,302.67840270996095,52.8636001036835,1.5655008387115004,322.9224853515625,305.4606018066406,304.8283386230469
2023-02-23,304.9790457809326,323.2160248376408,304.9790457809326,310.763916015625,27449.0,310.90863037109375,307.9365600585937,303.24756774902346,52.979061254954686,1.702157288255023,310.5678100585937,322.9224853515625,305.4606018066406
2023-02-24,309.83245286918645,313.11707504696807,306.40076430892645,308.0675964355469,18993.0,311.5564819335938,308.11943359375,304.13427276611327,51.12477760762373,1.574735482640392,310.763916015625,310.5678100585937,322.9224853515625
2023-02-27,307.72445623592097,309.97955414631303,299.09619178852114,301.2532653808594,10048.0,310.7150146484375,307.5089996337891,304.9648071289063,46.67823103457694,0.9133645196607745,308.0675964355469,310.763916015625,310.5678100585937
2023-02-28,300.8120488029843,312.9700569438394,299.48842123454415,308.99908447265625,15302.0,307.9303344726562,308.06226806640626,305.2390106201172,51.80903947451557,1.0026877722883683,301.2532653808594,308.0675964355469,310.763916015625
2023-03-01,308.7048989627588,311.1070629622556,302.8220043848003,304.047607421875,9863.0,306.6262939453125,308.0960723876953,305.56964111328125,48.590320087045065,0.6662541140591998,308.99908447265625,301.2532653808594,308.0675964355469
2023-03-02,305.46932531597247,306.4498078622243,301.5473951309652,303.65545654296875,10244.0,305.20460205078126,308.0566162109375,305.8952575683594,48.33420494238168,0.36379115941917917,304.047607421875,308.99908447265625,301.2532653808594
2023-03-03,306.057603504344,314.8819459211263,303.1161560320832,313.55828857421875,17598.0,306.3027404785156,308.9296112060547,306.6308929443359,54.8116389038813,0.9126424976280418,303.65545654296875,304.047607421875,308.99908447265625
2023-03-06,313.7544275960787,327.67729228943625,312.0875952306929,320.0785522460937,43833.0,310.06779785156243,310.39140624999993,307.5514862060547,58.500818806037955,1.8523887393074006,313.55828857421875,303.65545654296875,304.047607421875
2023-03-08,323.6572926967553,384.0550231933594,323.6572926967553,384.0550231933594,1103518.0,325.0789855957031,316.50466003417966,311.90194244384764,77.72055485915482,7.671083463033881,320.0785522460937,313.55828857421875,303.65545654296875
2023-03-09,387.2905952653117,397.5856617217313,370.181163328481,382.4371948242188,509586.0,340.75690307617185,323.6915985107422,316.1593475341797,76.75250593814158,12.013412582226863,384.0550231933594,320.0785522460937,313.55828857421875
2023-03-10,374.05406451907385,380.9174418496991,364.73948099893965,368.4162902832031,95832.0,353.7090698242188,329.4568359375,318.6966979980469,68.75929791570424,14.160140588781587,382.4371948242188,384.0550231933594,320.0785522460937
2023-03-13,364.73947560379605,367.1416696027624,351.01272114558867,353.512939453125,54607.0,361.7,334.0013702392578,321.0604019165039,61.43543713292874,14.491809580819279,368.4162902832031,382.4371948242188,384.0550231933594
2023-03-14,354.9837055436598,365.5238932615407,354.93469338352094,359.1997985839844,31575.0,369.5242492675781,339.7960235595703,323.6525115966797,63.05264280122231,15.040167957318317,353.512939453125,368.4162902832031,382.4371948242188
2023-03-15,364.7395088534657,367.68095650550976,356.6015156515915,364.249267578125,19851.0,365.56309814453124,345.3210418701172,326.69165496826173,64.4770803649697,15.701202183939131,359.1997985839844,353.512939453125,368.4162902832031
2023-03-16,362.38632476012265,372.2401615567541,354.64051927717423,368.7104187011719,19007.0,362.8177429199219,351.7873229980469,329.9416976928711,65.73400515776581,16.39605071678892,364.249267578125,359.1997985839844,353.512939453125
2023-03-17,363.1216856282436,378.8094050134243,363.1216856282436,373.171630859375,23742.0,363.76881103515626,358.7389404296875,333.3977783203125,66.99180919859907,17.109478306806636,368.7104187011719,364.249267578125,359.1997985839844
2023-03-20,373.1716277613113,377.4857445720302,359.10169857014563,373.3677062988281,37267.0,367.73976440429686,364.7198822021484,336.8247467041016,67.04905880008275,17.489093082682245,373.171630859375,368.7104187011719,364.249267578125
2023-03-21,373.2207018575085,377.4858072222023,364.7885453741281,373.3187561035156,523189.0,370.5635559082031,370.0439025878906,340.2176544189453,67.01780830636072,17.583301303668918,373.3677062988281,373.171630859375,368.7104187011719
2023-03-22,373.563812599316,386.31008442029,373.563812599316,380.0840148925781,72410.0,373.7305053710937,369.6468017578125,343.0757308959961,69.15739513554944,17.996410425180102,373.3187561035156,373.3677062988281,373.171630859375
2023-03-23,379.5447525202949,386.31007526516817,374.3972197915077,380.7213134765625,28092.0,376.1326843261719,369.4752136230469,346.58340606689455,69.35904407266976,18.165822753004534,380.0840148925781,373.3187561035156,373.3677062988281
2023-03-24,373.8089982397119,381.79992559474033,367.7790361213508,377.5838623046875,19214.0,377.0151306152344,370.3919708251953,349.92440338134764,67.03540934595802,17.841254281002307,380.7213134765625,380.0840148925781,373.3187561035156
2023-03-27,386.310086313822,386.310086313822,366.2101960360724,373.416748046875,7204.0,377.0249389648437,372.3823516845703,353.1918609619141,63.97002863112164,17.051224235009784,377.5838623046875,380.7213134765625,380.0840148925781
2023-03-28,373.0735945928402,373.75994431777065,356.6995247273436,369.69091796875,14400.0,376.29937133789065,373.43146362304685,356.6137435913086,61.2721905449647,15.940721665848855,373.416748046875,377.5838623046875,380.7213134765625
2023-03-29,366.21021825705367,386.3101097544288,364.4453617041136,384.8393859863281,46416.0,377.2504455566406,375.4904754638672,360.4057586669922,67.30888767854105,16.097433948782054,369.69091796875,373.416748046875,377.5838623046875
2023-03-31,387.2905737529306,395.9678495543167,377.48574910095766,386.16302490234375,59312.0,378.3387878417969,377.23573608398436,364.51152954101565,67.78145949137027,16.14235711590436,384.8393859863281,369.69091796875,373.416748046875
2023-04-03,392.1930051926017,400.08587745332215,383.2706083400797,389.1535034179688,18126.0,380.65271606445316,378.8339233398438,368.78643188476565,68.87614006526496,16.232151534515594,386.16302490234375,384.8393859863281,369.69091796875
2023-04-05,389.1534991678428,391.9478802837117,377.7308840007503,380.7703857421875,32637.0,382.1234436035156,379.5741912841797,372.14703674316405,62.46857926124859,15.448782771148387,389.1535034179688,386.16302490234375,384.8393859863281
2023-04-06,382.388170644506,386.261088444173,375.1326062115389,378.95648193359375,13527.0,383.9765563964844,380.1379638671875,375.09093322753904,61.143124417596376,14.514278931686363,380.7703857421875,389.1535034179688,386.16302490234375
2023-04-10,379.93699641548784,383.3196732555813,368.9065674872962,370.1811828613281,8760.0,381.0449157714844,379.1476806640625,374.3972412109375,55.056906844180574,12.916689058175734,378.95648193359375,380.7703857421875,389.1535034179688
2023-04-11,373.2696583437119,387.2415324199997,371.6028263096913,383.8588562011719,15126.0,380.58408203125,379.46143493652346,374.4683242797852,61.49112347497487,12.608913793410693,370.1811828613281,378.95648193359375,380.7703857421875
2023-04-12,378.5152571984295,387.8298409494682,371.2106805257857,385.18255615234375,10383.0,379.789892578125,380.22130432128904,375.3066375732422,62.057262881963375,12.329682299532635,383.8588562011719,370.1811828613281,378.95648193359375
2023-04-13,377.3877305239948,399.05640103640656,377.3877305239948,394.3991088867188,31313.0,382.51563720703126,382.3195404052734,377.3509460449219,65.82464142538707,12.705625566050855,385.18255615234375,383.8588562011719,370.1811828613281
2023-04-17,398.9583017182051,407.0963239818481,385.7217886830981,388.8593444824219,37027.0,384.4962097167969,384.23638305664065,378.83392333984375,61.84948556625169,12.41345602960638,394.3991088867188,385.18255615234375,383.8588562011719
2023-04-18,387.3396026662744,393.1244733987903,378.0250188438899,382.7803649902344,8491.0,387.01604614257815,384.0304809570313,379.7604782104492,57.7295723685365,11.558151549771935,388.8593444824219,394.3991088867188,385.18255615234375
2023-04-19,384.5452706138408,391.9479019463605,384.5452706138408,387.9279174804688,8700.0,387.8298583984375,384.20697021484375,380.7213531494141,60.15022586743288,11.166955343427162,382.7803649902344,388.8593444824219,394.3991088867188
2023-04-20,389.10448788885736,395.23250354188224,387.97693899309104,393.76177978515625,18578.0,389.545703125,384.6677978515625,381.7508605957031,62.753509108792485,11.198583167964898,387.9279174804688,382.7803649902344,388.8593444824219
2023-04-21,396.1149470563732,402.5861378194074,383.3196618491996,388.3200988769531,20069.0,388.32990112304685,385.4227691650391,382.49848022460935,58.88902518809483,10.66164941766948,393.76177978515625,387.9279174804688,382.7803649902344
2023-04-24,389.3005239261769,410.82212451828894,389.3005239261769,409.98870849609375,44730.0,392.55577392578124,388.52599182128904,384.3319778442383,67.47756291453365,11.848024603806323,388.3200988769531,393.76177978515625,387.9279174804688
2023-04-25,408.8612197092514,410.6751183949899,396.8012964204214,399.2034606933594,33496.0,395.84039306640625,391.4282196044922,385.28795013427737,60.682286106367464,11.782138960774546,409.98870849609375,388.3200988769531,393.76177978515625
2023-04-26,394.0069003780963,402.5861222916086,394.0069003780963,400.281982421875,5571.0,398.3112060546875,393.0705322265625,386.26598358154297,61.10411360850759,11.682285686477087,399.2034606933594,409.98870849609375,388.3200988769531
2023-04-27,405.2824186158923,405.2824186158923,379.7408333491856,387.14349365234375,26288.0,396.987548828125,393.2666259765625,386.7439651489258,53.56486831972233,10.422837029142102,400.281982421875,399.2034606933594,409.98870849609375
2023-04-28,388.27105528919066,393.3205339884858,384.3981375921472,386.2120361328125,5457.0,396.56593627929686,392.4479187011719,387.3837295532227,53.06498597205295,9.243006432473862,387.14349365234375,400.281982421875,399.2034606933594
2023-05-02,392.1929946378468,392.1929946378468,368.9065355812247,376.8484497070313,28890.0,389.93788452148436,391.2468292236328,387.7416061401367,48.19575474459544,7.466351561432418,386.2120361328125,387.14349365234375,400.281982421875
2023-05-03,376.79945656807286,378.02505983549696,366.7004976132805,369.05364990234375,10062.0,383.9079223632813,389.87415771484376,386.9523193359375,44.532424194728286,5.367491475069585,376.8484497070313,386.2120361328125,387.14349365234375
2023-05-04,369.1026545250192,387.6337680633088,369.1026545250192,384.7903747558594,7591.0,380.8096008300781,389.56040344238284,386.8836868286133,52.39887153643429,4.91726870084841,369.05364990234375,376.8484497070313,386.2120361328125
2023-05-05,386.310095049212,391.0163989592039,382.8784063876073,385.8688659667969,9458.0,380.55467529296874,388.7711120605469,386.7194549560547,52.89195616811578,4.594526296837103,384.7903747558594,369.05364990234375,376.8484497070313
2023-05-08,378.46618404250097,391.2124544895282,378.46618404250097,389.6436767578125,8311.0,381.2410034179687,388.9034698486328,387.1631195068359,54.66217972547506,4.590430672500872,385.8688659667969,384.7903747558594,369.05364990234375
2023-05-09,380.42719934736925,391.2125065453616,379.1035420250437,381.6037902832031,23676.0,382.19207153320315,386.0649780273437,387.2954849243164,50.324551094307786,3.893550784547813,389.6436767578125,385.8688659667969,384.7903747558594
2023-05-10,378.0740264054805,388.51615817390353,378.0740264054805,380.91741943359375,5632.0,384.5648254394531,384.2363739013672,387.83229675292966,49.9600641256509,3.248438089065303,381.6037902832031,389.6436767578125,385.8688659667969
2023-05-11,383.27063572660455,414.7441326266335,379.7408924432637,402.3410339355469,75814.0,388.0749572753906,384.44227905273436,388.75640563964845,59.75737694163308,4.414994962115827,380.91741943359375,381.6037902832031,389.6436767578125
2023-05-12,401.9488000446202,414.8421385246705,398.86025633040697,412.2438659667969,23489.0,393.34995727539064,386.9523162841797,390.1094711303711,63.331239235036534,6.068620196062966,402.3410339355469,380.91741943359375,381.6037902832031
2023-05-15,412.8811941492779,425.52941264203565,406.9002448074765,417.2933654785156,36030.0,398.87989501953126,390.06044921875,391.2541839599609,65.0363099690855,7.697846534750568,412.2438659667969,402.3410339355469,380.91741943359375
2023-05-16,421.55846939062775,430.43182418465136,417.1953102290869,428.2257385253906,50396.0,408.20428466796875,395.19817810058595,393.2225036621094,68.45619167367724,9.758679304871919,417.2933654785156,412.2438659667969,402.3410339355469
2023-05-17,431.31426926936814,431.4613356679921,418.6660503145146,420.5289611816406,25070.0,416.1265930175781,400.3457092285156,395.1099334716797,63.72994352780305,10.648093917233325,428.2257385253906,417.2933654785156,412.2438659667969
2023-05-19,426.3628086075664,434.5988553816785,383.3686462588523,407.78265380859375,78074.0,417.2149169921875,402.6449371337891,396.10267028808596,56.74315767399468,10.206783479299304,420.5289611816406,428.2257385253906,417.2933654785156
2023-05-22,416.6070443152146,422.0977527747237,400.0368946157661,413.0773010253906,46671.0,417.38160400390626,405.36578063964845,397.06844635009764,58.765399170468164,10.167075837479501,407.78265380859375,420.5289611816406,428.2257385253906
2023-05-23,411.4105118510402,411.70464466719625,390.2320813511115,394.8893737792969,31178.0,412.9008056640625,405.8903503417969,397.3969100952148,50.10071067333572,8.569212966422583,413.0773010253906,407.78265380859375,420.5289611816406
2023-05-24,386.3591193268405,390.5752120536979,376.4072278803196,380.6723327636719,34930.0,403.39012451171874,405.7972045898438,395.93109130859375,44.56882563926112,6.0855483229928495,394.8893737792969,413.0773010253906,407.78265380859375
2023-05-25,383.6137794450954,384.5452497920813,371.8479894046069,378.5643005371094,19142.0,394.9971923828125,405.5618927001953,394.8991333007813,43.796638173573456,3.9021441276113364,380.6723327636719,394.8893737792969,413.0773010253906
2023-05-26,377.093569431283,400.2329620442396,377.093569431283,394.3500671386719,542546.0,392.3106750488281,404.76279602050784,394.60253753662107,50.686778215178556,3.406294368646627,378.5643005371094,380.6723327636719,394.8893737792969
2023-05-30,383.0254793195351,393.4185997138104,380.9664601029978,391.9478759765625,10068.0,388.0847900390625,402.7331970214844,394.842756652832,49.68850761943559,2.787362135800663,394.3500671386719,378.5643005371094,380.6723327636719
2023-05-31,392.6832388090762,411.80264744022975,381.7018229085563,398.4190673828125,20386.0,388.7907287597656,400.84576721191405,395.453108215332,52.407769385865976,2.7868993061686638,391.9478759765625,394.3500671386719,378.5643005371094
2023-06-01,399.1544258130399,406.0668153667159,395.2815080267131,398.6641845703125,23080.0,392.38909912109375,397.8896118164063,396.5438949584961,52.512467202636806,2.7743306619421446,398.4190673828125,391.9478759765625,394.3500671386719
2023-06-02,399.2034632831712,403.5666225889058,394.69323757968255,401.2134704589844,25033.0,396.91893310546874,395.95806274414065,398.1518859863281,53.6543974037222,2.9362289669927577,398.6641845703125,398.4190673828125,391.9478759765625
2023-06-05,398.124913979724,423.1762602372524,398.124913979724,412.979248046875,78370.0,400.6447692871094,396.47772216796875,399.5613296508789,58.60231831666224,3.9681916179382597,401.2134704589844,398.6641845703125,398.4190673828125
2023-06-06,418.6170128947252,418.6170128947252,404.2529204161991,409.3024291992188,11479.0,404.11567993164067,396.10023498535156,400.7330078125,56.569796958198296,4.438180321083223,412.979248046875,401.2134704589844,398.6641845703125
2023-06-07,413.6655743221242,418.66604122038814,408.4199867908272,410.3319396972656,10989.0,406.4982543945313,397.6444915771484,401.76742095947264,57.019304506862944,4.837953728564287,409.3024291992188,412.979248046875,401.2134704589844
2023-06-08,404.1058346784887,419.0581920001165,404.1058346784887,412.8811645507813,105072.0,409.341650390625,400.86537475585936,403.33128967285154,58.1737051809652,5.2993901047508984,410.3319396972656,409.3024291992188,412.979248046875
2023-06-09,407.0472897825529,415.9206740531766,402.48805229996407,407.9297180175781,9361.0,410.6848999023438,403.8019165039062,404.6819046020508,55.079279769652366,5.205535233248327,412.8811645507813,410.3319396972656,409.3024291992188
2023-06-12,399.84070951497904,418.5679292814672,399.84070951497904,412.1947937011719,7581.0,410.52800903320315,405.5863891601563,405.17459259033205,57.19160863270172,5.412913833090101,407.9297180175781,412.8811645507813,410.3319396972656
2023-06-13,414.0577255343953,417.9796553236747,408.61605992055,412.8811645507813,9973.0,411.24375610351564,407.6797180175781,405.2064575195313,57.537656007253744,5.568457546518005,412.1947937011719,407.9297180175781,412.8811645507813
2023-06-14,416.7050618650436,428.5198640032602,413.4694815887543,417.8816528320313,11635.0,412.7536987304687,409.6259765625,405.23587188720705,60.07011804045613,6.025763423673425,412.8811645507813,412.1947937011719,407.9297180175781
2023-06-15,418.1757916299625,419.2543283782285,400.0858773034496,406.55706787109375,11439.0,411.48887939453124,410.41526489257814,404.15243835449223,52.44207078054364,5.411996140530505,417.8816528320313,412.8811645507813,412.1947937011719
2023-06-16,403.0273547624232,411.8026858705898,403.0273547624232,406.6061401367188,29112.0,411.2241638183594,410.95453186035155,403.4562973022461,52.47023638283443,4.873363764493604,406.55706787109375,417.8816528320313,412.8811645507813
2023-06-19,413.4204580980557,420.2838358961753,407.43950860387525,410.0378112792969,15879.0,410.7927673339844,410.66038818359374,403.5690551757813,54.499625442425035,4.669572976812901,406.6061401367188,406.55706787109375,417.8816528320313
2023-06-20,404.10586624260935,415.2833610307236,404.10586624260935,410.5770568847656,5707.0,410.3319458007812,410.78785095214846,403.44404296875007,54.82602801557542,4.499710066367584,410.0378112792969,406.6061401367188,406.55706787109375
2023-06-21,405.9197765793268,413.8126491551437,405.0373482668058,407.5866088867188,2386.0,408.2729370117188,410.51331787109376,404.0789047241211,52.573651116995144,4.076793586073393,410.5770568847656,410.0378112792969,406.6061401367188
2023-06-22,407.2433764177889,407.9787382278889,390.1339463340153,398.5661010742188,22876.0,406.67474365234375,409.0818115234375,404.9735931396485,46.38355078500964,2.9794049103605857,407.5866088867188,410.5770568847656,410.0378112792969
2023-06-23,401.9488236706569,401.9488236706569,383.3196556688624,384.44720458984375,19027.0,402.2429565429687,406.7335601806641,405.2677383422852,38.70246483614378,0.9593803889218862,398.5661010742188,407.5866088867188,410.5770568847656
2023-06-26,382.4371692628828,387.2415572256578,375.7208883896829,384.3001098632813,12097.0,397.0954162597656,403.94409179687506,404.7652404785157,38.63069001304242,-0.645927067759203,384.44720458984375,398.5661010742188,407.5866088867188
2023-06-27,382.68230100214834,391.4576311904772,381.8489148294725,385.67279052734375,10056.0,392.11456298828125,401.2232543945313,404.4514862060547,39.75354100881303,-1.7867840014416174,384.3001098632813,384.44720458984375,398.5661010742188
2023-06-28,384.3981421223759,395.6246784231131,375.1816128473428,377.1916198730469,19986.0,386.0355651855469,397.1542510986328,403.39011383056646,35.43909994433233,-3.3368161925447453,385.67279052734375,384.3001098632813,384.44720458984375
2023-06-30,378.172104658588,391.1144554466814,378.172104658588,383.5647583007813,16672.0,383.0352966308594,394.8550201416016,402.6351425170899,40.6515326687382,-4.004803975469599,377.1916198730469,385.67279052734375,384.3001098632813
2023-07-07,393.075408930111,399.05635787029655,382.38815619021045,384.34912109375,12117.0,383.01567993164065,392.6293182373047,401.79192504882815,41.27988910715298,-4.4199471840146884,383.5647583007813,377.1916198730469,385.67279052734375
2023-07-10,378.5152366923484,391.1634841961005,378.5152366923484,382.29010009765625,10455.0,382.6136779785156,389.85454711914065,400.2574676513672,40.08023701179564,-4.859084453258163,384.34912109375,383.5647583007813,377.1916198730469
2023-07-14,394.8403148433633,398.4190699851022,380.6723307451124,396.06591796875,27762.0,384.6923034667969,388.40343322753904,399.5956420898438,50.4545999025836,-4.0488380453900845,382.29010009765625,384.34912109375,383.5647583007813
2023-07-17,396.01687414345935,406.3119403512891,389.6437379195648,400.527099609375,29295.0,389.3593994140625,387.6974822998047,399.1054000854493,53.27590126599076,-3.0120112639576746,396.06591796875,382.29010009765625,384.34912109375
2023-07-19,420.3328476118589,420.3328476118589,410.331914431137,412.1458129882813,20610.0,395.0756103515625,389.0554534912109,399.0686325073242,59.71061961863069,-1.2385087438462392,400.527099609375,396.06591796875,382.29010009765625
2023-07-20,409.89071874210464,416.7540966035475,408.7141576333147,409.74365234375,11719.0,400.1545166015625,391.58509826660156,399.1593292236328,57.93417318887283,-0.026523758207645187,412.1458129882813,400.527099609375,396.06591796875
2023-07-21,411.410520237537,417.6856031264065,400.1349699183969,405.0863952636719,14681.0,404.7137756347656,393.6637268066406,398.8039093017578,54.54592146503961,0.55182030971622,409.74365234375,412.1458129882813,400.527099609375
2023-07-24,404.9392713731813,414.6950841898145,403.6646560955087,409.2043762207031,23139.0,407.3414672851562,396.0168853759766,398.6200698852539,56.943738171739064,1.32715023631755,405.0863952636719,409.74365234375,412.1458129882813
2023-07-26,406.9492519437338,413.7636173258188,405.5275702639132,408.9592590332031,16573.0,409.02789916992185,399.1936492919922,398.1739501953125,56.75182839685023,1.8999247309616862,409.2043762207031,405.0863952636719,409.74365234375
2023-07-28,406.2628984344457,440.2366084471464,406.2628984344457,431.069091796875,81534.0,412.81255493164065,403.94408264160154,399.39955139160156,67.41830846419248,4.0907754559933664,408.9592590332031,409.2043762207031,405.0863952636719
2023-08-03,439.01103585005984,448.27660736944455,433.03008666369226,446.3646545410156,23490.0,420.1367553710937,410.1456359863281,401.3874771118164,72.47577639424549,6.980794271935508,431.069091796875,408.9592590332031,409.2043762207031
2023-08-04,450.60399200181695,453.5123987679156,436.0620183456719,443.0618896484375,23917.0,427.7318542480469,416.2228149414062,403.03868103027344,69.95084625874676,8.902032392460114,446.3646545410156,431.069091796875,408.9592590332031
2023-08-07,438.77322606611153,442.32245948982313,426.3509542138812,429.6044006347656,23123.0,431.8118591308594,419.5766632080078,403.99004821777345,60.67530030071957,9.232296384459005,443.0618896484375,446.3646545410156,431.069091796875
2023-08-08,429.90015044842215,448.04066985055954,426.8931782026492,445.13226318359375,16002.0,439.0464599609375,424.0371795654297,405.86733093261716,66.23823518476455,10.624528759470536,429.6044006347656,443.0618896484375,446.3646545410156
2023-08-09,445.2308952331268,445.723843516138,435.12545543139777,440.1535339355469,21722.0,440.86334838867185,426.83795166015625,407.9467025756836,63.153434896633804,11.197068272704087,445.13226318359375,429.6044006347656,443.0618896484375
2023-08-10,433.9423870809362,444.6393713219712,431.8719981815139,434.9282836914063,19721.0,438.57607421875,429.3564147949219,410.4707565307617,59.99545114094103,11.101208119463251,440.1535339355469,445.13226318359375,429.6044006347656
2023-08-11,479.1950044191378,483.3850647420049,459.0827208868109,472.2444458007813,223587.0,444.41258544921874,436.0722198486328,414.8679733276367,71.10710186616791,13.87638237713685,434.9282836914063,440.1535339355469,445.13226318359375
2023-08-14,482.6456223712724,511.4338123750099,480.2794767748276,491.272216796875,128534.0,456.74614868164065,444.27900390625,420.14794464111327,74.93081305398867,17.410413657029494,472.2444458007813,434.9282836914063,440.1535339355469
2023-08-16,498.8143772785635,505.4691790680584,476.6809874401141,484.3216857910156,34149.0,464.584033203125,451.81524658203125,425.5044479370117,71.22290942295771,19.42637399656877,491.272216796875,472.2444458007813,434.9282836914063
2023-08-17,486.0470115162944,526.2222969509577,486.0470115162944,501.9199523925781,68352.0,476.93731689453125,458.90033264160155,431.4222076416016,74.64414405743074,22.18829725078757,484.3216857910156,491.272216796875,472.2444458007813
2023-08-18,502.85650316292,520.5533575618721,502.85650316292,512.468994140625,32373.0,492.445458984375,465.5107666015625,437.8282012939453,76.45143559172375,24.940858147802658,501.9199523925781,484.3216857910156,491.272216796875
2023-08-21,520.5041216576824,521.5393010521212,469.2867812869749,471.7022399902344,93529.0,492.33701782226564,468.3748016357422,442.2988082885742,58.961249706410214,23.561147885343928,512.468994140625,501.9199523925781,484.3216857910156
2023-08-22,477.2232048283997,482.9414227728787,454.1039491787239,458.3432922363281,43774.0,485.75123291015626,471.2486907958984,445.4126770019531,54.55664220923959,21.146004150794454,471.7022399902344,512.468994140625,501.9199523925781
2023-08-23,458.4911651542774,479.6386575691216,458.4911651542774,461.9418029785156,43788.0,481.27525634765624,472.9296447753906,448.48341217041013,55.5205493203905,19.29987810286559,458.3432922363281,471.7022399902344,512.468994140625
2023-08-24,463.6178590491796,469.976903919493,454.744789976468,458.0968322753906,50888.0,472.51063232421876,474.723974609375,450.7809631347656,54.19772924723709,17.326820110616552,461.9418029785156,458.3432922363281,471.7022399902344
2023-08-25,463.3220890408363,463.3220890408363,453.75888060856704,459.2799072265625,12918.0,461.87281494140626,477.1591369628906,453.2577758789063,54.55650464791757,15.677896664240109,458.0968322753906,461.9418029785156,458.3432922363281
2023-08-28,463.6178380910089,466.624810439292,452.13214966131926,456.8644409179688,16876.0,458.90525512695314,475.6211364746094,455.84667816162107,53.632786621194235,14.014652815091665,459.2799072265625,458.0968322753906,461.9418029785156
2023-08-29,453.7096321779854,460.7587869254854,452.32935285357127,457.50531005859375,26546.0,458.73765869140624,472.24444580078125,458.2617248535156,53.85602095037728,12.602953858286241,456.8644409179688,459.2799072265625,458.0968322753906
2023-08-30,466.2797817918906,471.25854729644976,456.8644517590814,459.3291931152344,22374.0,458.21513671875,469.7451965332031,460.7802215576172,54.52701057377835,11.498793450968037,457.50531005859375,456.8644409179688,459.2799072265625
2023-08-31,464.99811180772525,491.9623890485637,462.23761344312464,477.0260620117188,125055.0,462.0009826660156,467.2558074951172,463.07807006835935,60.52501598615719,11.914386166880263,459.3291931152344,457.50531005859375,456.8644409179688
2023-09-01,481.7583442785572,487.03289685095706,479.4907942430685,484.7160339355469,24157.0,467.0882080078125,464.4805114746094,464.9956390380859,62.819980450249545,12.717661568804829,477.0260620117188,459.3291931152344,457.50531005859375
2023-09-04,490.729999500907,511.68030083570216,486.14558663802205,507.58880615234375,52860.0,477.2330810546875,468.0691680908203,468.22198486328125,68.65679777394814,15.026686387392715,484.7160339355469,477.0260620117188,459.3291931152344
2023-09-05,506.7508235609692,520.7505665191188,503.20158998551966,516.41259765625,35248.0,489.01453857421876,473.8760986328125,472.5623947143555,70.5758696437534,17.36839932662764,507.58880615234375,484.7160339355469,477.0260620117188
2023-09-06,518.6308744462144,525.4828675875261,496.7439888203901,501.82135009765625,24960.0,497.5129699707031,477.8640533447266,475.39684906005857,63.63713375815878,17.841170065495078,516.41259765625,507.58880615234375,484.7160339355469
2023-09-07,503.3494974156345,518.4337033703687,496.3496556209186,500.7368774414063,50208.0,502.2551330566406,482.1280578613281,478.42601623535154,63.14026534915138,17.921745673904127,501.82135009765625,516.41259765625,507.58880615234375
2023-09-08,503.9903070311376,518.6308461082972,495.4622781653937,501.87060546875,17530.0,505.68604736328126,486.3871276855469,481.77313232421875,63.461451657552914,17.871078136532276,500.7368774414063,501.82135009765625,516.41259765625
2023-09-11,501.9198993772347,543.9683778457469,501.9198993772347,526.8630981445312,77562.0,509.54090576171876,493.3869934082031,484.5040649414062,69.72444925692076,19.6214254573257,501.87060546875,500.7368774414063,501.82135009765625
2023-09-12,533.3700072523695,533.3700072523695,486.7371147714588,490.7792663574219,104235.0,504.41423950195315,496.7143890380859,484.4794174194336,55.05228807313583,17.89069189991784,526.8630981445312,501.87060546875,500.7368774414063
2023-09-13,491.2229485030792,504.2367947983417,479.1457159508209,481.3639831542969,31015.0,500.32276611328126,498.91786804199216,484.33153228759767,51.9787389590521,15.579744818509482,490.7792663574219,526.8630981445312,501.87060546875
2023-09-14,482.2020000912503,500.0960161397319,479.8851372223056,484.5681457519531,47878.0,497.0890197753906,499.6720764160156,483.4639419555664,52.941609055571234,13.847229508176213,481.3639831542969,490.7792663574219,526.8630981445312
2023-09-15,484.1244903868151,498.86365589119777,473.1810627166494,480.5752868652344,72973.0,492.8299560546875,499.25800170898435,481.8692565917969,51.55436249014634,12.013523875120654,484.5681457519531,481.3639831542969,490.7792663574219
2023-09-18,479.7865384389866,484.96249520133375,461.793926836542,466.5755310058594,60047.0,480.77244262695314,495.15667419433595,481.6129211425781,46.912752753638564,9.323164021407763,480.5752868652344,484.5681457519531,481.3639831542969
2023-09-20,470.22333021277245,491.2721956348015,469.2374337494578,481.75830078125,35301.0,478.96824951171874,491.6912445068359,482.7836715698242,51.96385938695765,8.32024646543698,466.5755310058594,480.5752868652344,484.5681457519531
2023-09-21,481.511863901977,486.3920638076517,477.27252081675374,480.4766845703125,6777.0,478.79078979492186,489.55677795410156,483.7104156494141,51.51825531932098,7.337430033357293,481.75830078125,466.5755310058594,480.5752868652344
2023-09-22,482.20200668606,485.0611006521438,470.2726524615297,475.00494384765625,5621.0,476.8781494140625,486.98358459472655,484.55582122802736,49.564064958839936,6.047307585523356,480.4766845703125,481.75830078125,466.5755310058594
2023-09-25,475.0049365260687,484.6667405806506,467.8079038857727,478.1105346679688,20947.0,476.38519897460935,484.60757751464854,485.49735260009766,50.70693011773856,5.2153521424245355,475.00494384765625,480.4766845703125,481.75830078125
2023-09-26,485.0118256083405,506.15931889364447,484.66675579427823,503.20159912109375,44234.0,483.7104125976563,482.2414276123047,487.81421051025393,58.82492620551683,6.50566738249762,478.1105346679688,475.00494384765625,480.4766845703125
2023-09-27,503.743842647218,518.729481896703,502.9058245815974,514.4407958984375,26102.0,490.2469116210938,484.6075805664062,490.6609848022461,61.8553119316052,8.339033568411367,503.20159912109375,478.1105346679688,475.00494384765625
2023-09-28,520.0111506569486,545.1022300497331,516.2154128105715,522.0322265625,63125.0,498.5580200195312,488.6744049072266,493.7961364746094,63.79361519310165,10.285984068258642,514.4407958984375,503.20159912109375,478.1105346679688
2023-09-29,531.1517500904121,538.6445395718322,524.2504744511863,532.7785034179688,44352.0,510.11273193359375,493.4954406738281,496.58375854492186,66.39670194290599,12.551406299421217,522.0322265625,514.4407958984375,503.20159912109375
2023-10-03,526.2222701403605,549.8837867368356,526.0743615918931,545.2500610351562,67415.0,523.5406372070313,499.9629180908203,499.61045989990237,69.1672348296138,15.178155876781034,532.7785034179688,522.0322265625,514.4407958984375
2023-10-04,545.6445178674444,545.6445178674444,518.5816425475354,524.6942138671875,29760.0,527.83916015625,505.7747863769531,500.46573028564455,60.33713779125953,15.423397442489602,545.2500610351562,532.7785034179688,522.0322265625
2023-10-05,526.2715339180817,536.5248814758506,520.701254858519,525.6307373046875,25584.0,530.0771484375,510.1620300292969,500.92663726806643,60.58402878540677,15.514481479668802,524.6942138671875,545.2500610351562,532.7785034179688
2023-10-06,532.3348512958995,532.3348512958995,518.8280565999015,521.9336547851562,10941.0,530.0574340820312,514.3077270507813,501.93225250244143,59.022100689776295,15.114116447642346,525.6307373046875,524.6942138671875,545.2500610351562
2023-10-09,522.5251989923698,522.5251989923698,501.722774675427,511.3352966308594,11376.0,525.7687927246094,517.9407623291015,502.46217346191406,54.67076889975769,13.782746425083417,521.9336547851562,525.6307373046875,524.6942138671875
2023-10-10,524.4969358937277,533.2220958139505,517.7928517555193,523.8560791015625,19973.0,521.4899963378906,522.5153167724609,503.5614471435547,58.55788089421058,13.581390776296132,511.3352966308594,521.9336547851562,525.6307373046875
2023-10-11,526.5673979251022,536.9686561414392,526.5673979251022,533.7151489257812,20422.0,523.2941833496094,525.5666717529297,503.9040496826172,61.36715760540264,14.055338322040996,523.8560791015625,511.3352966308594,521.9336547851562
2023-10-12,533.4192646502169,543.6233290584748,527.9475513628379,535.9332885742188,14490.0,525.3546936035157,527.7159210205078,506.16175079345703,61.99142659131073,14.443435564057836,533.7151489257812,523.8560791015625,511.3352966308594
2023-10-13,537.0178054495456,539.9262119962066,533.9122075790807,535.3910522460938,10900.0,528.0461730957031,529.0518035888672,508.86310424804685,61.72883092274274,14.539647478903817,535.9332885742188,533.7151489257812,523.8560791015625
2023-10-16,531.4475807818649,542.2431612080603,526.8631974326288,530.2152099609375,20246.0,531.8221557617187,528.7954742431641,511.1454574584961,59.153042869676106,14.036445492244695,535.3910522460938,535.9332885742188,533.7151489257812
2023-10-17,537.2643478849742,556.292139652117,531.4968168455564,535.48974609375,46454.0,534.1488891601563,527.8194427490234,513.8911804199219,60.94168516121317,13.903000145858641,530.2152099609375,535.3910522460938,535.9332885742188
2023-10-18,539.3839478763166,555.0597262029411,530.0179311819508,549.5880126953125,38886.0,537.3234619140625,530.3088226318359,518.0418045043946,65.31375600847238,14.764658248434557,535.48974609375,530.2152099609375,535.3910522460938
2023-10-19,558.0667407207769,566.545487316861,545.2008025331205,549.2922973632812,78280.0,539.995263671875,532.6749786376953,521.4185043334961,65.14902535602843,15.247898464724472,549.5880126953125,535.48974609375,530.2152099609375
2023-10-20,551.6583273978782,568.6157577836415,548.1584071568351,562.2567138671875,43663.0,545.3683959960938,536.7072845458985,525.5075057983398,68.8574369310414,16.4869387146681,549.2922973632812,549.5880126953125,535.48974609375
2023-10-23,559.0526545781809,563.5384720699647,512.0747177278295,523.757568359375,65436.0,544.0768676757813,537.94951171875,527.9451370239258,51.37482990514814,14.198654497166785,562.2567138671875,549.2922973632812,549.5880126953125
2023-10-25,534.25737620702,540.7149867159756,506.8987463457735,513.4056396484375,26431.0,539.6600463867187,536.9044677734375,529.7098922729492,47.856389959552914,11.418236315663194,523.757568359375,562.2567138671875,549.2922973632812
2023-10-26,508.42686704275377,512.6662102076779,488.6596230007103,495.807373046875,50656.0,528.9039184570313,533.1136901855468,529.3401809692383,42.52459723031877,7.705873324153572,513.4056396484375,523.757568359375,562.2567138671875
2023-10-27,506.55363122641927,530.8067222633523,503.00442774508736,527.8983154296875,22276.0,524.6251220703125,532.3101928710937,530.0130569458008,52.842303657794936,7.269471816338751,495.807373046875,513.4056396484375,523.757568359375
2023-10-30,528.0461905529837,540.3206151570345,516.4619055981349,520.0111694335938,25873.0,516.1760131835938,530.7722045898438,529.9120040893555,50.44543041237666,6.215544779857055,527.8983154296875,495.807373046875,513.4056396484375
2023-10-31,532.9756617006352,540.8628342610551,527.1096252483038,535.48974609375,6399.0,518.5224487304688,531.299658203125,530.0475662231445,54.780398292434626,6.553744302171822,520.0111694335938,527.8983154296875,495.807373046875
2023-11-01,542.2430891468321,555.8484491669192,532.384123889617,550.7711181640625,17846.0,525.9955444335938,532.8277954101562,530.3236190795899,58.62828041255305,7.963055724954302,535.48974609375,520.0111694335938,527.8983154296875
2023-11-02,553.5316805130389,562.0103675465333,545.2008418709178,554.9612426757812,32602.0,537.826318359375,533.3651184082031,531.8369705200196,59.64235546525997,9.31072496909519,550.7711181640625,535.48974609375,520.0111694335938
2023-11-03,498.91295668309607,528.342005960776,498.91295668309607,525.975830078125,181678.0,537.4418212890625,531.0334716796875,531.8542251586914,50.43319123973677,7.948259412194943,554.9612426757812,550.7711181640625,535.48974609375
2023-11-06,518.7294418660871,541.0599603810517,515.4759354376678,536.8206176757812,45764.0,540.8037109375,528.4898620605469,532.5985733032227,53.33634747023386,7.65533344905532,525.975830078125,554.9612426757812,550.7711181640625
2023-11-07,532.433419648666,555.6512713600182,532.433419648666,539.92626953125,28190.0,541.691015625,530.1067321777343,534.0281219482422,54.16428929261887,7.5863370909172545,536.8206176757812,525.975830078125,554.9612426757812
2023-11-08,547.1233489154218,549.4894647317266,531.3982855727847,535.0953979492188,24287.0,538.5558715820313,532.2757080078125,534.590087890625,52.600884128942745,7.060457458015549,539.92626953125,536.8206176757812,525.975830078125
2023-11-09,535.9826787940518,547.3697718121863,535.9826787940518,541.7008666992188,7425.0,535.9037963867188,536.8650573730469,534.9893737792969,54.53336045529008,7.094914427018239,535.0953979492188,539.92626953125,536.8206176757812
2023-11-10,548.5528555124914,548.5528555124914,533.3207420294,537.9544677734375,12565.0,538.2995239257813,537.8706726074219,535.0904327392578,53.2083515207021,6.742198868174341,541.7008666992188,535.0953979492188,539.92626953125
2023-11-13,550.7217256935373,554.0737976494098,538.8909684483542,551.411865234375,6926.0,541.2177734375,541.0107421875,535.8914733886719,57.228505723221566,7.462545178007645,537.9544677734375,541.7008666992188,535.0953979492188
2023-11-15,558.4118917973748,558.4118917973748,542.5389194808702,545.4473266601562,20509.0,542.3219848632813,542.0065002441406,536.6530792236329,54.9740956544368,7.466072170640132,551.411865234375,537.9544677734375,541.7008666992188
2023-11-16,550.080975307158,550.080975307158,530.4616104916198,532.7785034179688,21046.0,541.8586059570313,540.2072387695313,536.5175170898438,50.429941248095076,6.3731336621219725,545.4473266601562,551.411865234375,537.9544677734375
2023-11-17,532.4333584345515,536.3769441800893,526.5672626031954,531.6446533203125,7939.0,539.84736328125,537.8755798339844,535.6203491210938,50.031337709863955,5.3537649235880735,532.7785034179688,545.4473266601562,551.411865234375
2023-11-20,527.5531879520333,539.285380257726,527.5531879520333,533.4685668945312,13749.0,538.9501831054688,538.624853515625,534.8291625976562,50.70629676858239,4.639600015573819,531.6446533203125,532.7785034179688,545.4473266601562
2023-11-21,539.7290849751695,539.7290849751695,522.5251779310597,526.2222900390625,19517.0,533.9122680664062,537.5650207519532,533.02744140625,47.935936352982225,3.449145594721017,533.4685668945312,531.6446533203125,532.7785034179688
2023-11-22,528.637647072352,528.637647072352,518.7786833454314,522.8701171875,13750.0,529.396826171875,535.8594055175781,532.9830688476562,46.66574615058637,2.209737082022457,526.2222900390625,533.4685668945312,531.6446533203125
2023-11-23,525.4828415445099,535.3418066766772,525.4828415445099,534.1094360351562,8071.0,529.6630126953125,535.7608093261719,534.0182586669922,51.322997145201484,2.110092177219599,522.8701171875,526.2222900390625,533.4685668945312
2023-11-24,537.2643610681145,546.630378713432,529.2785625501268,530.1658935546875,25346.0,529.3672607421875,534.6073120117187,535.7361846923828,49.683660230066266,1.6933915875250705,534.1094360351562,522.8701171875,526.2222900390625
2023-11-28,522.5744421139107,561.66526348013,522.5744421139107,553.0879516601562,23229.0,533.2911376953125,536.1206604003906,536.9956665039062,58.0677536035583,3.176159104439648,530.1658935546875,534.1094360351562,522.8701171875
2023-11-29,561.91181733251,561.91181733251,544.2642429253206,554.2711181640625,8919.0,538.9009033203125,536.4065856933594,538.7086639404297,58.45258281991579,4.396059653850216,553.0879516601562,530.1658935546875,534.1094360351562
2023-11-30,556.0456462729256,596.713878380653,548.0599084015116,589.516845703125,79650.0,552.2302490234375,540.8135375976562,541.4100189208984,67.9026413655915,8.113349635520535,554.2711181640625,553.0879516601562,530.1658935546875
2023-12-01,592.4744873045471,594.8406026944863,573.594546101247,575.4677734375,42332.0,560.5019165039063,545.0824645996094,542.6448516845703,61.862542039717994,9.81257277791292,589.516845703125,554.2711181640625,553.0879516601562
2023-12-04,581.728202409545,588.5801949382513,571.8199548813832,585.2774658203125,31727.0,571.5242309570312,550.4457458496094,544.1606628417969,64.25355894803266,11.814588332799076,575.4677734375,589.516845703125,554.2711181640625
2023-12-05,587.5450385674199,588.4323093239226,567.8763911112492,573.2002563476562,12388.0,575.5466918945312,554.4189147949219,546.5218841552735,59.32243658241606,12.285055737437574,585.2774658203125,575.4677734375,589.516845703125
2023-12-06,581.5310301358537,600.6574464266463,576.7494561503293,591.09423828125,24445.0,582.9113159179688,560.9061096191406,549.2355651855469,63.76015737015585,13.941095074948862,573.2002563476562,585.2774658203125,575.4677734375
2023-12-07,592.5238671172757,593.5097637347753,584.6859769732828,588.8760375976562,14894.0,582.783154296875,567.5067016601563,551.6830535888672,62.84487845618065,14.90273843214311,591.09423828125,573.2002563476562,585.2774658203125
2023-12-08,592.5238023607801,611.5023101735005,591.5379058510283,601.2489624023438,48169.0,587.9393920898438,574.220654296875,554.9907318115235,65.79443713446344,16.473344882374136,588.8760375976562,591.09423828125,573.2002563476562
2023-12-11,604.3545606084947,615.9388446005825,604.3545606084947,615.051513671875,17255.0,593.8942016601562,582.7092163085938,558.6582641601562,68.77258381712286,18.617204796422357,601.2489624023438,588.8760375976562,591.09423828125
2023-12-12,615.9389302597092,618.6501460391637,604.9955015469261,616.3333129882812,29411.0,602.5208129882812,589.0337524414062,562.5772064208984,69.04215004652906,20.186957041541746,615.051513671875,601.2489624023438,588.8760375976562
2023-12-13,618.1570708733075,620.1288637628555,606.5727876472129,618.1077880859375,13966.0,607.9235229492188,595.4174194335938,565.9120025634766,69.43550195100381,21.328322688197204,616.3333129882812,615.051513671875,601.2489624023438
2023-12-14,621.114851341652,630.4808689412482,617.5163047204871,627.7696533203125,13202.0,615.70224609375,599.2427001953125,570.0281188964843,71.55481439448097,22.750244308254082,618.1077880859375,616.3333129882812,615.051513671875
2023-12-15,630.4315637668661,630.7273206983259,615.1994499660108,620.5233154296875,19272.0,619.5571166992188,603.7482543945313,574.4153594970703,67.75997627712351,23.026967975903972,627.7696533203125,618.1077880859375,616.3333129882812
2023-12-18,621.1148111026079,629.9878798326451,615.248714740658,627.6217041015625,4729.0,622.0711547851563,607.9826782226562,579.2142120361328,69.4681550502286,23.547611906139423,620.5233154296875,627.7696533203125,618.1077880859375
2023-12-19,631.8117921801813,636.0511955664043,618.6500970536412,633.093505859375,22932.0,625.423193359375,613.9720031738282,584.195458984375,70.75448534783311,24.12367196998241,627.6217041015625,620.5233154296875,627.7696533203125
2023-12-20,635.903276112015,643.0510261148245,611.5516192399872,626.4879760742188,26835.0,627.0992309570313,617.511376953125,589.2087432861329,67.08033713667282,23.77315059018906,633.093505859375,627.6217041015625,620.5233154296875
2023-12-21,614.1149957180755,647.7340445865407,609.629118198277,644.135498046875,28023.0,630.3723999023438,623.0373229980469,595.2720123291016,71.359373422891,24.635386013067887,626.4879760742188,633.093505859375,627.6217041015625
2023-12-22,645.7622729016505,652.1706008006745,634.966693098424,649.0650024414062,19932.0,636.0807373046875,627.8189270019532,601.0197906494141,72.43712655026536,25.423418264595625,644.135498046875,626.4879760742188,633.093505859375
2023-12-26,649.3607492806937,662.7689175177477,642.459473828668,658.578857421875,9422.0,642.27216796875,632.1716613769531,607.4404388427735,74.43650479559577,26.51003688443859,649.0650024414062,644.135498046875,626.4879760742188
2023-12-27,658.8746198691484,669.2758159243396,647.6847186476848,653.60009765625,14275.0,646.373486328125,635.89833984375,612.4660461425781,71.51299362729817,26.66210155532633,658.578857421875,649.0650024414062,644.135498046875
2023-12-28,656.8535896680688,661.6845069301148,647.4875722544153,651.5297241210938,19186.0,651.3818359375,639.2405334472656,617.3289764404296,70.27692172394416,26.31224092651837,653.60009765625,658.578857421875,649.0650024414062
2023-12-29,654.5860339551684,660.9450788108624,643.396071879031,645.91015625,10958.0,651.736767578125,641.0545837402344,620.1486419677734,66.89701724227905,25.289994382305167,651.5297241210938,653.60009765625,658.578857421875
2024-01-01,646.2058476702439,656.6563260915199,646.2058476702439,653.2056884765625,3823.0,652.5649047851563,644.3228210449219,624.0355377197266,68.98263780908363,24.782863684743575,645.91015625,651.5297241210938,653.60009765625
2024-01-02,660.4027518278695,660.4027518278695,649.8537073315267,654.5859985351562,10763.0,651.7663330078125,647.0192504882813,627.5009643554688,69.37576919574636,24.21322347127409,653.2056884765625,645.91015625,651.5297241210938
2024-01-03,656.0648211790653,659.3182675109795,650.0015337894132,652.4169921875,4476.0,651.5297119140625,648.9515991210938,631.461801147461,67.91899263100493,23.31796384072254,654.5859985351562,653.2056884765625,645.91015625
2024-01-04,665.3322598486078,665.3816028153765,656.1141512153225,660.945068359375,5313.0,653.4127807617188,652.3973083496094,634.9543426513671,70.53847394575253,23.031120191286504,652.4169921875,654.5859985351562,653.2056884765625
2024-01-05,669.4237816143025,677.310954299007,650.6424636937201,653.0579223632812,12007.0,654.842333984375,653.28955078125,638.1634368896484,65.2334070780112,21.914748190572254,660.945068359375,652.4169921875,654.5859985351562
2024-01-08,653.8465452668595,661.930908285598,638.1707674601062,647.6846923828125,20602.0,653.738134765625,653.1515197753906,640.4852233886719,61.82218952726774,20.361723311906076,653.0579223632812,660.945068359375,652.4169921875
2024-01-09,653.3536815708783,654.1916696017946,635.1145946742189,649.4100952148438,6722.0,652.7029541015625,652.2346435546875,642.2031524658203,62.500309904376074,19.050562469786428,647.6846923828125,653.0579223632812,660.945068359375
2024-01-10,650.8396859959427,676.6701296272174,650.8396859959427,667.3534545898438,21799.0,655.6902465820312,653.6099792480469,644.7541595458985,68.72229048567345,19.237578370179563,649.4100952148438,647.6846923828125,653.0579223632812
2024-01-11,679.8249738010832,698.5077260021362,669.078737197969,689.8318481445312,26331.0,661.4676025390625,657.4401916503906,648.3403625488281,74.44307694101508,20.958017340717106,667.3534545898438,649.4100952148438,647.6846923828125
2024-01-12,696.4373665783955,703.9301564994048,679.2827420561483,695.3528442382812,14970.0,669.9265869140625,662.3844604492188,651.7195220947266,75.622440935633,22.507523147440565,689.8318481445312,667.3534545898438,649.4100952148438
2024-01-15,699.493591308366,699.6907826501586,674.4517952594404,677.4094848632812,20637.0,675.8715454101563,664.8048400878906,654.5638305664063,65.1067812345929,22.033648337637715,695.3528442382812,689.8318481445312,667.3534545898438
2024-01-16,683.0783417643208,684.8530035409494,666.5152931857638,677.6066284179688,9156.0,681.5108520507813,667.1069030761719,657.0630767822265,65.16409730556879,21.427009743577514,677.4094848632812,695.3528442382812,689.8318481445312
2024-01-17,678.1489300768942,679.5292093415248,658.6774728632632,671.2969970703125,8962.0,682.299560546875,668.9949035644531,658.9732513427734,61.67243252111976,20.204208233391682,677.6066284179688,677.4094848632812,695.3528442382812
2024-01-19,694.8599189791207,694.8599189791207,679.8249956704327,683.7192993164062,5059.0,681.07705078125,671.2723266601563,661.8348175048828,65.58251631256007,20.00687836061661,671.2969970703125,677.6066284179688,677.4094848632812
2024-01-23,685.2966368108328,686.0360591898581,660.2056188887216,672.036376953125,21123.0,676.4137573242188,673.1701721191406,663.2298614501954,59.44075151130654,18.692305555410144,683.7192993164062,671.2969970703125,677.6066284179688
2024-01-24,684.0643139901697,687.169912268873,658.6774772026181,664.0013427734375,14610.0,673.73212890625,674.8018371582032,663.9766784667969,55.58521088195543,16.808380482234497,672.036376953125,683.7192993164062,671.2969970703125
2024-01-25,664.0013498526328,681.2052572919997,664.0013498526328,677.4588623046875,3349.0,673.7025756835938,677.6067138671875,664.9206787109375,60.23721184050209,16.214356635575655,664.0013427734375,672.036376953125,683.7192993164062
2024-01-29,678.4447410172646,685.3460169289592,672.7264928366658,679.0362548828125,7935.0,675.2504272460938,678.7749938964844,666.1924865722656,60.75606468262084,15.690006230487256,677.4588623046875,664.0013427734375,672.036376953125
2024-01-30,674.9941826632626,703.9302260071174,672.4800980023225,684.8531494140625,5182.0,675.477197265625,678.2771240234375,667.8586578369141,62.689520621154074,15.564412670811294,679.0362548828125,677.4588623046875,664.0013427734375
2024-01-31,695.550018339787,716.5003200970095,690.5712527805877,699.6907958984375,37270.0,681.0080810546875,678.7109191894531,670.5476898193359,67.13712181919969,16.472270853057353,684.8531494140625,679.0362548828125,677.4588623046875
2024-02-01,705.2118143715675,705.2118143715675,686.6276878363014,696.3387451171875,7092.0,687.4755615234375,680.6038452148438,672.7043426513671,65.24490090447492,16.728437504995895,699.6907958984375,684.8531494140625,679.0362548828125
2024-02-02,692.0993252747162,706.6905810661517,689.8317754176595,700.2329711914062,4645.0,692.0303833007813,682.8664794921875,674.9866912841796,66.42868559521025,17.04915092192266,696.3387451171875,699.6907958984375,684.8531494140625
2024-02-05,705.0639395320596,707.3807723473598,690.8177223955598,701.4653930664062,7946.0,696.5162109375,685.8833190917969,677.439111328125,66.8139270137574,17.204442655447338,700.2329711914062,696.3387451171875,699.6907958984375
2024-02-06,699.690779328115,729.5634321502064,699.690779328115,720.1481323242188,10019.0,703.5752075195312,689.5262023925782,680.3992645263672,72.05006688055099,18.620408909909543,701.4653930664062,700.2329711914062,696.3387451171875
2024-02-07,725.7183995786933,759.633263715687,725.7183995786933,758.1544189453125,23677.0,715.2679321289063,698.1380065917969,685.6540893554687,79.2296442483046,22.549426316542394,720.1481323242188,701.4653930664062,700.2329711914062
2024-02-08,767.0767740650177,815.58289480256,764.9571326551804,812.03369140625,80237.0,738.4069213867188,712.9412414550782,693.8715393066407,85.08053823904342,29.66880440903276,758.1544189453125,720.1481323242188,701.4653930664062
2024-02-09,821.3503897977462,848.8569275476,794.7805259774027,837.71630859375,26330.0,765.9035888671875,728.9669860839844,703.2868499755859,86.96539521416757,36.957314491792545,812.03369140625,758.1544189453125,720.1481323242188
2024-02-12,842.0049744284038,871.1875497278083,745.1899168216188,800.5480346679688,58071.0,785.7201171875,741.1181640625,709.9465789794922,72.65893830388856,39.281529149541484,837.71630859375,812.03369140625,758.1544189453125
2024-02-13,836.631774823297,841.7091660439901,764.2177225283035,803.9493408203125,27127.0,802.4803588867187,753.027783203125,715.6524536132813,73.09512716882733,40.926171561360434,800.5480346679688,837.71630859375,812.03369140625
2024-02-14,793.5974518045576,856.3497320442425,789.8017139257831,850.8287353515625,63344.0,821.0152221679688,768.1415771484375,723.4262481689453,78.2463687227296,45.48798074620299,803.9493408203125,800.5480346679688,837.71630859375
2024-02-15,853.5399419565407,883.0675557951629,843.3359366884232,851.617431640625,27020.0,828.9319702148438,783.6694458007812,732.1366455078125,78.32156932151506,48.60658216768638,850.8287353515625,803.9493408203125,800.5480346679688
2024-02-16,876.3634138179788,885.92656162918,837.7162593844921,880.2083740234375,228364.0,837.4303833007813,801.6669860839844,742.266732788086,80.89932424077516,52.77676863194836,851.617431640625,850.8287353515625,803.9493408203125
2024-02-19,887.2575856176559,906.9755160267404,869.7579223795932,893.961669921875,26853.0,856.1131103515625,820.9166137695313,753.3999664306641,82.00764338399573,56.53969310004072,880.2083740234375,851.617431640625,850.8287353515625
2024-02-20,884.4478091310491,893.567352612386,863.9904548350772,881.5887451171875,23223.0,871.6409912109375,837.0606750488281,763.2934387207031,77.6428105069221,57.856512364411174,893.961669921875,880.2083740234375,851.617431640625
2024-02-21,878.5817582146422,886.8632533526022,874.1945064143621,876.3141479492188,5931.0,876.7380737304687,848.8766479492188,773.5073272705079,75.79085020135999,57.8081093089728,881.5887451171875,893.961669921875,880.2083740234375
2024-02-22,887.2576346413161,892.2364003098322,869.6100618803646,887.7998657226562,8586.0,883.974560546875,856.4532653808594,784.6972534179688,77.07325840952115,58.02764440918588,876.3141479492188,881.5887451171875,893.961669921875
2024-02-23,900.3062171435499,936.9847849582104,899.6635761666805,929.3228149414062,47029.0,893.7974487304688,865.613916015625,797.2904510498047,80.99313187300665,60.8507331643051,887.7998657226562,876.3141479492188,881.5887451171875
2024-02-26,930.8551534640926,958.7348486804844,918.4477178903531,925.3187866210938,22540.0,900.0688720703125,878.0909912109375,809.6045776367188,79.58017715103071,62.049689523370034,929.3228149414062,887.7998657226562,876.3141479492188
2024-02-27,930.1136954977344,939.6046879025132,897.9334342016567,903.6675415039062,15670.0,904.4846313476562,888.0628112792969,820.545297241211,72.24120172096723,60.55475897456131,925.3187866210938,929.3228149414062,887.7998657226562
2024-02-28,916.9647686055094,938.6160363352084,895.906721836906,901.0476684570312,10796.0,909.4313354492188,893.0847045898438,830.6131408691406,71.38335530068943,58.48444164654677,903.6675415039062,925.3187866210938,929.3228149414062
2024-02-29,913.9000117299536,924.379585027743,887.6021178117403,903.1732177734376,13700.0,912.506005859375,898.240283203125,840.9548645019531,71.67721240801652,56.36546828207145,901.0476684570312,903.6675415039062,925.3187866210938
2024-03-01,921.2653516661352,922.6988935890084,901.5420064242973,905.7931518554688,13502.0,907.8000732421875,900.7987609863281,851.2328735351563,72.05808309276,54.27196003688027,903.1732177734376,901.0476684570312,903.6675415039062
2024-03-04,900.0095756922277,907.9187060252116,883.8453147109423,889.134521484375,4065.0,900.5632202148438,900.3160461425781,860.6163299560546,65.98229550114186,50.68436955834545,905.7931518554688,903.1732177734376,901.0476684570312
2024-03-05,887.7998320901592,888.788473328567,862.1939998786495,871.833251953125,11118.0,894.1963623046875,899.3404968261718,868.2005859375,60.295972260470066,45.91582139109346,889.134521484375,905.7931518554688,903.1732177734376
2024-03-06,861.5514718640623,872.6242664784376,824.6256831506241,828.382568359375,36671.0,879.6633422851562,894.5473388671875,871.7119934082032,48.89861830641984,38.1903707580916,871.833251953125,889.134521484375,905.7931518554688
2024-03-07,877.8640094333846,877.8640094333846,818.6443744602548,826.6524047851562,4816.0,864.3591796875,888.4325927734375,872.4429290771484,48.505447302343626,31.56443062365838,828.382568359375,871.833251953125,889.134521484375
2024-03-11,820.5228877273418,826.8996364039473,795.9551143571744,800.7500610351562,20320.0,843.3505615234375,875.5753173828125,870.5946166992187,42.939053333551456,23.947174542565108,826.6524047851562,828.382568359375,871.833251953125
2024-03-12,808.2636968371585,808.2636968371585,772.8703497485183,796.4989013671875,26601.0,824.8234375,862.6933288574219,870.3921600341797,42.085426232768285,17.36721274434842,800.7500610351562,826.6524047851562,828.382568359375
2024-03-13,794.1755838888613,805.248379070297,739.5037293365036,750.3787841796875,16011.0,800.5325439453125,847.364453125,867.7136322021485,34.1529078954819,8.334957397519474,796.4989013671875,800.7500610351562,826.6524047851562
2024-03-14,750.1809966127945,792.3465716460285,722.301300247096,775.0453491210938,34119.0,789.8651000976563,834.7642211914062,863.924462890625,40.60140464090907,3.131121979830823,750.3787841796875,796.4989013671875,800.7500610351562
2024-03-15,771.189653810763,870.3998470198915,771.189653810763,842.8661499023438,20416.0,793.1078491210938,828.7335144042969,863.4868988037109,53.95369082647668,4.428566977241985,775.0453491210938,750.3787841796875,796.4989013671875
2024-03-18,849.3911523260173,858.1406032337597,816.4199305012553,828.4319458007812,12263.0,798.6442260742188,820.9973937988282,860.8980773925781,51.31008440414448,4.243169232328569,842.8661499023438,775.0453491210938,750.3787841796875
2024-03-19,811.3285016739741,831.2001675372215,811.3285016739741,823.8347778320312,3036.0,804.1114013671875,814.4674194335937,857.391732788086,50.462032196384,3.6828337340223243,828.4319458007812,842.8661499023438,775.0453491210938
2024-03-20,821.0171163367143,834.8086734764876,797.9323075568839,821.4125366210938,9350.0,818.3181518554687,809.4253479003906,854.3829223632813,49.993173189327855,3.0086276061688295,823.8347778320312,828.4319458007812,842.8661499023438
2024-03-21,821.1159915998722,856.7564971791288,821.1159915998722,845.4860229492188,9438.0,832.4062866210937,811.135693359375,852.8415161132813,54.51630789797504,4.366509149197668,821.4125366210938,823.8347778320312,828.4319458007812
2024-03-22,828.5802189733258,860.9088003648118,828.5802189733258,854.8781127929688,2398.0,834.8086791992188,813.9582641601562,851.1954284667969,56.181541820624524,6.129842207206593,845.4860229492188,821.4125366210938,823.8347778320312
2024-03-26,855.1747227487144,855.1747227487144,834.9075761402188,842.9650268554688,3379.0,837.7152954101563,818.1797607421875,846.8775390625,53.50566554778411,6.491183562971855,854.8781127929688,845.4860229492188,821.4125366210938
2024-03-27,850.1821153324057,868.0270790927595,841.5809237787148,849.984375,19462.0,842.94521484375,823.5283081054688,843.1108184814453,54.86961600438995,7.2602601630586605,842.9650268554688,854.8781127929688,845.4860229492188
2024-03-28,864.7151328701835,882.4611958431987,814.5415871453545,849.4406127929688,10280.0,848.550830078125,833.4344909667968,840.3994720458984,54.73565887559071,7.736698005151879,849.984375,842.9650268554688,854.8781127929688
2024-04-01,864.418472832475,886.8112218006459,855.1747010675125,878.5560913085938,5098.0,855.16484375,843.7855651855468,839.2748931884765,60.32150194087562,10.344410292879957,849.4406127929688,849.984375,842.9650268554688
2024-04-02,878.8526968308119,905.2988516397384,868.6202231575594,892.3970947265625,15100.0,862.6686401367188,848.7386596679687,838.7360870361329,62.67932057420923,13.373730331788124,878.5560913085938,849.4406127929688,849.984375
2024-04-03,894.9675298623328,906.040324404564,871.9816198161584,880.3850708007812,17782.0,870.1526489257812,853.9339721679687,837.4656829833984,59.381409298976685,14.63649790857096,892.3970947265625,878.5560913085938,849.4406127929688
2024-04-04,898.3783749053507,905.5954444356436,884.8833968204049,894.3743896484375,14489.0,879.0306518554687,860.9879333496094,837.7276763916016,61.89590774155473,16.575005087247177,880.3850708007812,892.3970947265625,878.5560913085938
2024-04-05,908.7591025027948,908.7591025027948,874.6509773722601,887.552734375,8468.0,886.653076171875,867.601953125,838.5136505126953,59.94708441646289,17.360711942320563,894.3743896484375,880.3850708007812,892.3970947265625
2024-04-08,904.5572671026034,904.5572671026034,877.962795006491,888.8872680664062,2233.0,888.7193115234375,871.9420776367188,841.5388854980469,60.21101990944727,17.884909893133226,887.552734375,894.3743896484375,880.3850708007812
2024-04-09,895.3135301255475,895.3135301255475,867.681054280639,874.5520629882812,7958.0,885.1503051757812,873.90947265625,843.9338684082031,55.94626743966961,16.948240533342414,888.8872680664062,887.552734375,894.3743896484375
2024-04-10,884.3890541427304,888.739099956669,863.9241673657644,881.0277099609375,2951.0,885.2788330078125,877.7157409667968,847.9477508544921,57.413678903778596,16.537816257440795,874.5520629882812,888.8872680664062,887.552734375
2024-04-12,887.9481383715045,890.1725811227467,865.1599099130592,876.3316040039062,3572.0,881.6702758789063,880.3504638671875,851.9393859863281,55.957983017331294,15.653175494764014,881.0277099609375,874.5520629882812,888.8872680664062
2024-04-15,771.1896528631793,879.890778525843,771.1896528631793,857.4486083984375,20644.0,875.6494506835937,881.1512634277344,857.2928771972656,50.42201968958203,13.275361282033714,876.3316040039062,881.0277099609375,874.5520629882812
2024-04-16,854.7792217317991,896.5493155762892,849.2922747271108,886.6629028320312,10588.0,875.2045776367188,881.9619445800781,862.8737548828125,57.43763957943548,13.591600286340622,857.4486083984375,876.3316040039062,881.0277099609375
2024-04-18,889.6782751393201,893.1879394695001,875.4912371541245,880.582763671875,13499.0,876.4107177734375,880.7805114746094,864.7595855712891,55.67194172338305,13.199450510143038,886.6629028320312,857.4486083984375,876.3316040039062
2024-04-19,908.116473836118,908.116473836118,861.4031713931511,873.8106079101562,5847.0,874.9672973632812,880.1230651855469,867.0285186767578,53.69210955810282,12.201560618909298,880.582763671875,886.6629028320312,857.4486083984375
2024-04-22,904.1618651749428,939.060890082883,876.0844891951566,927.4938354492188,19056.0,885.1997436523437,883.435009765625,872.2114715576172,64.47666222504274,15.563111640358898,873.8106079101562,880.582763671875,886.6629028320312
2024-04-23,931.300048828125,953.0501561255973,922.1056973571136,931.300048828125,30814.0,899.9700317382812,887.8097412109375,877.7058471679687,65.09731004493733,18.32307762026369,927.4938354492188,873.8106079101562,880.582763671875
2024-04-24,890.2219893902497,948.4035004474516,890.2219893902497,942.0762329101562,14786.0,911.0526977539063,893.1286376953125,882.5353576660157,66.8625629620484,21.13627274359601,931.300048828125,927.4938354492188,873.8106079101562
2024-04-25,960.563873311645,960.563873311645,929.8665726836714,942.8178100585938,6501.0,923.49970703125,899.9552124023437,886.9323425292969,66.9863052638085,23.15863094330598,942.0762329101562,931.300048828125,927.4938354492188
2024-04-26,948.6506951372972,1016.3232004662922,946.8217329697052,1008.7600708007812,53677.0,950.489599609375,912.7284484863281,895.2220947265625,75.6822215326334,29.739534880423662,942.8178100585938,942.0762329101562,931.300048828125
2024-04-29,1027.9397758302234,1042.0279141380672,980.9298948082142,996.5504150390624,51303.0,964.3009155273437,924.7503295898438,902.5503967285156,71.90556085066473,33.582612036713044,1008.7600708007812,942.8178100585938,942.0762329101562
2024-04-30,999.5657413537848,1024.9243536579115,988.987267724046,1009.3038940429688,11250.0,979.9016845703125,939.9358581542969,910.5435607910156,73.39878662418516,37.22823363768748,996.5504150390624,1008.7600708007812,942.8178100585938
2024-05-02,1011.874355729231,1037.5790291527385,997.7367974146767,1009.3533325195312,12155.0,993.3571044921875,952.2049011230469,917.0834228515625,73.40468770138918,39.66418031307501,1009.3038940429688,996.5504150390624,1008.7600708007812
2024-05-03,1030.3125410986122,1030.3125410986122,985.3787825485248,1007.5737915039062,9119.0,1006.30830078125,964.90400390625,922.8422576904297,72.77884868186948,40.97871440436211,1009.3533325195312,1009.3038940429688,996.5504150390624
2024-05-06,997.63788476876,1023.6885581839476,987.1583114083356,1004.4595336914062,19286.0,1005.448193359375,977.968896484375,929.0459808349609,71.62790953573727,41.293195312443345,1007.5737915039062,1009.3533325195312,1009.3038940429688
2024-05-07,1008.4141616864948,1025.665904708511,964.024141608838,993.9305419921876,11199.0,1004.92421875,984.6125671386719,934.0237884521484,67.72818847073125,40.22908619818247,1004.4595336914062,1007.5737915039062,1009.3533325195312
2024-05-08,993.6338892864168,1043.016532440481,979.8423315995162,1022.2550659179688,14272.0,1007.514453125,993.7080688476562,940.7589050292969,72.1249021763862,41.19643753353114,993.9305419921876,1004.4595336914062,1007.5737915039062
2024-05-09,1107.2781895544117,1153.793808201602,1025.2704469140365,1040.98974609375,81830.0,1013.8417358398438,1003.5994201660156,948.3640289306641,74.59074361128903,42.97936320876954,1022.2550659179688,993.9305419921876,1004.4595336914062
2024-05-10,1043.0165608408404,1049.047248572459,993.584496346014,1032.5369873046875,31860.0,1018.834375,1012.571337890625,956.2632751464844,71.51681493684194,43.21215483772028,1040.98974609375,1022.2550659179688,993.9305419921876
2024-05-13,1030.1642056661794,1112.1225912709965,1028.1869231217145,1090.1746826171875,90239.0,1035.9774047851563,1020.7127990722656,966.7206237792968,78.13397341000169,47.49997406096975,1032.5369873046875,1040.98974609375,1022.2550659179688
2024-05-14,1096.5515593134292,1135.9488923211495,1093.387834635614,1126.6556396484375,54688.0,1062.5224243164062,1033.723321533203,979.2368255615235,81.12318111140354,53.22822815505742,1090.1746826171875,1032.5369873046875,1040.98974609375
2024-05-15,1123.1459036879762,1186.3694612890058,1123.1459036879762,1172.47900390625,27187.0,1092.5672119140625,1050.0408325195312,994.9883453369141,84.06916399367697,60.76501209372577,1126.6556396484375,1090.1746826171875,1032.5369873046875
2024-05-16,1195.2178438012918,1220.7743177916393,1179.4490634395363,1189.73095703125,44392.0,1122.3154541015624,1068.078594970703,1010.141748046875,85.0172113778885,67.3536452055746,1172.47900390625,1126.6556396484375,1090.1746826171875
2024-05-17,1195.267336975206,1285.2336956722645,1190.521810440761,1273.2216796875,41606.0,1170.452392578125,1094.6433837890625,1029.7736938476562,88.56409320064368,78.40834537455225,1189.73095703125,1172.47900390625,1126.6556396484375
2024-05-21,1276.7313055715167,1348.5066345648318,1243.6611840951462,1343.7611083984375,17434.0,1221.169677734375,1128.5735412597655,1053.2712188720702,90.59077789464835,91.80296978730667,1273.2216796875,1189.73095703125,1172.47900390625
2024-05-22,1349.49539471424,1363.6823734449977,1267.0426849224211,1282.1689453125,30974.0,1252.2723388671875,1157.3973815917968,1071.0049743652344,77.65064210906553,96.33781100654323,1343.7611083984375,1273.2216796875,1189.73095703125
2024-05-23,1307.8240900488256,1309.5542122847744,1227.299306254884,1282.3665771484375,7917.0,1274.249853515625,1183.4085327148437,1088.55830078125,77.66166820365663,98.80864799420738,1282.1689453125,1343.7611083984375,1273.2216796875
2024-05-24,1277.324546664854,1286.6671585817426,1246.1328656922233,1270.2557373046875,20688.0,1290.3548095703125,1206.3351318359375,1104.9672760009767,75.21288165359371,98.65235757826963,1282.3665771484375,1282.1689453125,1343.7611083984375
2024-05-27,1250.927833357778,1274.7045832278402,1218.2037111360075,1260.9130859375,8952.0,1287.8930908203124,1229.1727416992187,1120.8720397949219,73.29294476686228,96.66038170084153,1270.2557373046875,1282.3665771484375,1282.1689453125
2024-05-28,1236.8890077413944,1264.8676025756392,1198.727480738749,1209.7508544921875,19708.0,1261.0910400390626,1241.1303588867188,1130.921578979492,63.702951592666146,89.91685642002994,1260.9130859375,1270.2557373046875,1282.3665771484375
2024-05-29,1196.3052915569267,1259.7265258281952,1187.7535213316694,1195.316650390625,19101.0,1243.7205810546875,1247.9964599609375,1140.8598907470703,61.267312129816396,82.45732766576475,1209.7508544921875,1260.9130859375,1270.2557373046875
2024-05-30,1236.3946856669977,1236.3946856669977,1186.5177843886004,1192.2518310546875,3568.0,1225.6976318359375,1249.9737426757813,1150.0072875976562,60.73630720358932,75.4287958723396,1195.316650390625,1209.7508544921875,1260.9130859375
2024-05-31,1215.9792878912483,1254.2397776433218,1159.676215554494,1230.01806640625,13096.0,1217.65009765625,1254.0024536132812,1161.0405242919921,64.78638891618796,72.07521514060886,1192.2518310546875,1195.316650390625,1209.7508544921875
2024-06-03,1285.3325195719106,1306.983788003115,1262.3466095332778,1303.9683837890625,15586.0,1226.2611572265625,1257.0771240234376,1175.86025390625,71.0775255657087,74.52556649368671,1230.01806640625,1192.2518310546875,1195.316650390625
2024-06-04,1323.6916963572774,1323.6916963572774,1082.562089089163,1192.597900390625,65700.0,1222.83056640625,1241.9608032226563,1185.267172241211,55.1092561868906,66.71180814885906,1303.9683837890625,1230.01806640625,1192.2518310546875
2024-06-05,1246.2810606688458,1246.2810606688458,1077.6188976979986,1193.2899169921875,29072.0,1222.4252197265625,1233.072900390625,1195.235140991211,55.176640847063126,59.88487278538514,1192.597900390625,1303.9683837890625,1230.01806640625
2024-06-06,1235.7520708916668,1283.1080104714426,1189.3354129010706,1202.0394287109375,14815.0,1224.3827392578125,1225.040185546875,1204.2243591308593,56.07442854158855,54.55165230683269,1193.2899169921875,1192.597900390625,1303.9683837890625
2024-06-07,1215.1389154806136,1245.1441527687991,1206.6366250126034,1225.66796875,15015.0,1223.5127197265624,1220.5814086914063,1213.458270263672,58.492312958207,51.63642974348386,1202.0394287109375,1193.2899169921875,1192.597900390625
2024-06-10,1211.3328213303894,1278.3132731933836,1195.069719299151,1216.6715087890625,7766.0,1206.0533447265625,1216.1572509765624,1222.6649963378907,57.20126261432278,48.04630779818149,1225.66796875,1202.0394287109375,1193.2899169921875
2024-06-11,1220.576488690283,1276.1382005148196,1216.028762981735,1266.3011474609375,17805.0,1220.793994140625,1221.8122802734374,1231.4713195800782,62.16281262895776,48.64505741830021,1216.6715087890625,1225.66796875,1202.0394287109375
2024-06-12,1275.9403828531238,1300.9530549425565,1267.092091871579,1277.2750244140625,18309.0,1237.591015625,1230.0081176757812,1239.0022888183594,63.17925473517412,49.43521260504349,1266.3011474609375,1216.6715087890625,1225.66796875
2024-06-13,1297.6411245593386,1301.1013689439335,1253.745428800867,1276.286376953125,5937.0,1252.4404052734376,1238.411572265625,1244.1926574707031,63.01501663620572,49.412049348713026,1277.2750244140625,1266.3011474609375,1216.6715087890625
2024-06-14,1285.2336809663575,1331.6998217397563,1284.9865206430948,1322.6043701171875,31613.0,1271.827685546875,1247.6702026367188,1250.836328125,67.303411915192,52.52568386639973,1276.286376953125,1277.2750244140625,1266.3011474609375
2024-06-18,1334.665710327704,1411.285408513183,1289.4353723665984,1307.2803955078125,19631.0,1289.949462890625,1248.0014038085938,1252.5392639160157,64.63328453121818,53.14413249271206,1322.6043701171875,1276.286376953125,1277.2750244140625
2024-06-19,1316.5242081039498,1332.2929885273863,1267.8336241964782,1306.093994140625,24538.0,1297.9080322265625,1259.3510131835938,1250.655908203125,64.4201951374662,52.92839917072888,1307.2803955078125,1322.6043701171875,1276.286376953125
2024-06-20,1329.277674032507,1341.6356899649663,1276.583045823003,1325.61962890625,8741.0,1307.576953125,1272.583984375,1252.8284423828125,66.38447648563024,53.713805191267966,1306.093994140625,1307.2803955078125,1322.6043701171875
2024-06-21,1354.1913499497732,1403.870572680181,1340.2020521486406,1361.6556396484375,20984.0,1324.6508056640625,1288.54560546875,1256.7928955078125,69.70831415028256,56.591696176066534,1325.61962890625,1306.093994140625,1307.2803955078125
2024-06-24,1369.8613091363472,1399.421707020835,1359.3817358909555,1389.0904541015625,10707.0,1337.9480224609374,1304.8878540039063,1262.7346313476562,71.97985381820082,60.3900666626846,1361.6556396484375,1325.61962890625,1306.093994140625
2024-06-25,1384.147359654129,1418.0083256301918,1352.461356357771,1359.085205078125,38879.0,1348.308984375,1319.1292236328125,1267.6432373046875,66.13828247253102,60.284210949046155,1389.0904541015625,1361.6556396484375,1325.61962890625
2024-06-26,1362.2487852576596,1401.9427550791495,1352.4612128698786,1380.736328125,5568.0,1363.237451171875,1330.5727416992188,1276.1925109863282,68.14707863709911,61.241431120743755,1359.085205078125,1389.0904541015625,1361.6556396484375
2024-06-27,1404.0682241831662,1413.7569564941764,1334.6656582287678,1355.4271240234375,17025.0,1369.1989501953126,1338.3879516601562,1284.1980346679688,63.411453274977994,59.274514049205436,1380.736328125,1359.085205078125,1389.0904541015625
2024-06-28,1393.8853508488712,1403.4751228953287,1362.2981898589692,1378.2647705078125,24339.0,1372.5207763671874,1348.585791015625,1293.498681640625,65.72593248442186,58.879795675110245,1355.4271240234375,1380.736328125,1359.085205078125
2024-07-01,1408.4182976829711,1431.8491676694698,1389.0409533600357,1402.4864501953125,28196.0,1375.1999755859374,1356.5739990234374,1302.1221008300781,68.03541554386362,59.83176232945061,1378.2647705078125,1355.4271240234375,1380.736328125
2024-07-02,1403.8705874210698,1433.5298251834868,1375.0023109391495,1384.5426025390625,12819.0,1380.291455078125,1364.3002197265625,1306.150811767578,64.5645388392365,58.46434365780033,1402.4864501953125,1378.2647705078125,1355.4271240234375
2024-07-03,1412.2739726761995,1412.2739726761995,1369.663560535493,1384.0482177734375,7337.0,1380.9538330078126,1372.0956420898438,1315.7233276367188,64.46695554039908,56.687305815143645,1384.5426025390625,1402.4864501953125,1378.2647705078125
2024-07-04,1370.2567743554869,1395.36828627624,1370.2072940194212,1373.1732177734375,4265.0,1384.5030517578125,1376.8510009765625,1324.7174926757812,62.238572053241015,53.78150914850198,1384.0482177734375,1384.5426025390625,1402.4864501953125
2024-07-05,1383.3564185088728,1384.0978995264763,1364.325072390384,1377.1279296875,11531.0,1384.27568359375,1378.3982299804688,1333.4719177246093,62.74292183065351,51.207468731617155,1373.1732177734375,1384.0482177734375,1384.5426025390625
2024-07-08,1376.287507548529,1384.1966378218444,1354.4385593052457,1370.70166015625,22572.0,1377.9187255859374,1376.5593505859374,1340.7236022949219,61.30993226210073,48.094572616389314,1377.1279296875,1373.1732177734375,1384.0482177734375
2024-07-09,1372.2341246941503,1389.881347766183,1360.3209487530958,1365.4124755859375,5191.0,1374.0927001953125,1377.1920776367188,1348.1606506347657,60.09341124490492,44.685678342537585,1370.70166015625,1377.1279296875,1373.1732177734375
2024-07-10,1375.1012589584864,1375.1012589584864,1324.927711135348,1348.852783203125,18307.0,1367.05361328125,1374.0037231445312,1352.288232421875,56.325163343483254,40.18465262915265,1365.4124755859375,1370.70166015625,1377.1279296875
2024-07-11,1341.4873871708428,1374.804550286722,1330.8594933300171,1333.2816162109375,10052.0,1359.07529296875,1371.7891723632813,1355.0885620117188,52.96212666027338,34.95811884716204,1348.852783203125,1365.4124755859375,1370.70166015625
2024-07-12,1367.8840311833535,1367.8840311833535,1292.3518143417357,1300.3104248046875,6330.0,1343.7117919921875,1363.9937377929687,1356.2897644042969,46.61531090148792,27.834692565648993,1333.2816162109375,1348.852783203125,1365.4124755859375
2024-07-15,1298.234266059506,1333.034389370123,1298.234266059506,1313.014404296875,3628.0,1332.1743408203124,1355.046533203125,1355.8102661132812,49.144150125127396,22.94987897049964,1300.3104248046875,1333.2816162109375,1348.852783203125
2024-07-16,1286.8154621731142,1322.1593878304418,1286.8154621731142,1304.5616455078125,2469.0,1320.0041748046874,1347.0484375,1355.6743286132812,47.53082021551161,18.186914581206565,1313.014404296875,1300.3104248046875,1333.2816162109375
2024-07-18,1286.4200841297252,1315.6344844724845,1270.6513027753226,1275.989990234375,11914.0,1305.4316162109376,1336.2426147460938,1354.1691284179688,42.45713363289866,11.968768675119463,1304.5616455078125,1313.014404296875,1300.3104248046875
2024-07-19,1275.9898566884533,1284.4426669871636,1203.176404304361,1210.9866943359375,9624.0,1280.9726318359376,1320.0239624023438,1348.437481689453,33.65508637402792,1.7751576095049586,1275.989990234375,1304.5616455078125,1313.014404296875
2024-07-22,1186.8144566776994,1275.891138585282,1184.9361346654928,1215.8311767578125,12866.0,1264.0767822265625,1303.894287109375,1341.146258544922,34.74093813957141,-5.845065084710313,1210.9866943359375,1275.989990234375,1304.5616455078125
2024-07-23,1275.2977899375396,1275.2977899375396,1180.9320266235804,1209.5037841796875,5264.0,1243.374658203125,1287.7744995117187,1332.166925048828,33.95916280592327,-12.253463867496066,1215.8311767578125,1210.9866943359375,1275.989990234375
2024-07-24,1228.8315849123098,1244.649844802871,1199.6666682390878,1204.3133544921875,10071.0,1223.325,1271.6645874023438,1324.4283325195313,33.297233232612854,-17.548699881872608,1209.5037841796875,1215.8311767578125,1210.9866943359375
2024-07-25,1227.8924353257664,1227.8924353257664,1193.092311519179,1205.1536865234375,4621.0,1209.1577392578124,1257.294677734375,1315.6492004394531,33.523154700090885,-21.43036884925459,1204.3133544921875,1209.5037841796875,1215.8311767578125
2024-07-26,1205.1537160152604,1220.329335472304,1191.3127381446996,1203.126953125,9214.0,1207.585791015625,1244.2792114257813,1308.0341918945312,33.23081684356089,-24.38901849537774,1205.1536865234375,1204.3133544921875,1209.5037841796875
2024-07-29,1179.1031101216754,1235.5545061079604,1179.1031101216754,1208.169189453125,4262.0,1206.0533935546875,1235.065087890625,1299.5294128417968,34.75521096211713,-26.02688163359653,1203.126953125,1205.1536865234375,1204.3133544921875
2024-07-30,1216.028760349879,1225.91517303565,1202.1877825897986,1209.256591796875,2897.0,1206.003955078125,1224.689306640625,1289.867919921875,35.09934058753363,-26.92676075282975,1208.169189453125,1203.126953125,1205.1536865234375
2024-07-31,1217.0174805675924,1232.8852222311111,1205.6481052414126,1220.9720458984375,9312.0,1209.335693359375,1216.3303466796874,1281.6893920898438,38.84202227712514,-26.390370439251456,1209.256591796875,1208.169189453125,1203.126953125
2024-08-01,1237.8266456466963,1262.910405819396,1183.7925629973213,1189.1959228515625,29625.0,1206.144140625,1207.6509399414062,1271.94677734375,33.24246746168426,-28.20422407834394,1220.9720458984375,1209.256591796875,1208.169189453125
2024-08-02,1188.7499189340442,1214.5276486190194,1160.443940426958,1168.2269287109375,18701.0,1199.1641357421875,1203.3749633789062,1261.699462890625,30.153258464994977,-30.976659093656053,1189.1959228515625,1220.9720458984375,1209.256591796875
2024-08-05,1140.1191261475983,1152.5122647031694,1087.1261140946751,1106.0133056640625,9903.0,1178.732958984375,1192.3931762695313,1248.143731689453,23.249810758326362,-37.75869452997745,1168.2269287109375,1189.1959228515625,1220.9720458984375
2024-08-06,1110.5739445466293,1149.5378991317732,1079.3432357212484,1088.0184326171875,8501.0,1154.4853271484376,1180.2446411132812,1234.0095703125,21.702127526880247,-44.07744499203136,1106.0133056640625,1168.2269287109375,1189.1959228515625
2024-08-07,1219.43516873129,1219.43516873129,1114.1927367510052,1156.37890625,24691.0,1141.56669921875,1175.4511962890624,1223.5578918457031,38.461280631564726,-43.07246873954705,1088.0184326171875,1106.0133056640625,1168.2269287109375
2024-08-08,1215.072977679876,1222.4096192017448,1136.10387117165,1148.744873046875,39108.0,1133.4764892578125,1169.8103149414062,1213.5524963378907,37.49607124315085,-42.403222543809306,1156.37890625,1088.0184326171875,1106.0133056640625
2024-08-09,1159.9481452254424,1219.9805566641908,1150.3807391034732,1211.4541015625,37899.0,1142.121923828125,1170.6430297851562,1207.4611206054688,48.851270173289585,-36.39321116933456,1148.744873046875,1156.37890625,1088.0184326171875
2024-08-12,1211.5532451878958,1268.0659579339758,1211.5532451878958,1262.76171875,31326.0,1173.4716064453125,1176.1022827148438,1205.5836853027345,55.909103965582766,-27.17686001860011,1211.4541015625,1148.744873046875,1156.37890625
2024-08-13,1286.358241893339,1286.358241893339,1219.6831522768246,1231.38232421875,5556.0,1202.144384765625,1178.3148559570313,1201.5020812988282,51.25122478728936,-22.14956383725712,1262.76171875,1211.4541015625,1148.744873046875
2024-08-14,1231.729159817777,1264.7445274444494,1223.053963327092,1239.859130859375,16380.0,1218.8404296875,1180.203564453125,1198.2669555664063,52.40478788436077,-17.28216984535993,1231.38232421875,1262.76171875,1211.4541015625
2024-08-16,1230.9855904640738,1274.0145899244576,1230.9855904640738,1259.6385498046875,9612.0,1241.0191650390625,1187.2478271484374,1197.4493835449218,55.07607909602223,-11.693891333616648,1239.859130859375,1231.38232421875,1262.76171875
2024-08-19,1269.0077402316888,1286.4077548056523,1246.8984541331547,1266.18212890625,14388.0,1251.9647705078125,1197.0433471679687,1200.2091552734375,55.9567702583934,-6.660351815361537,1259.6385498046875,1239.859130859375,1231.38232421875
2024-08-20,1266.1820748865362,1353.1819019911584,1266.1820748865362,1342.4246826171875,42813.0,1267.89736328125,1220.6844848632813,1206.5388305664062,64.65194424905613,3.441233024205303,1266.18212890625,1259.6385498046875,1239.859130859375
2024-08-21,1323.6368052364917,1367.2110315439652,1323.6368052364917,1360.2708740234375,28229.0,1293.6750732421874,1247.9097290039062,1214.0771850585938,66.32767786193546,12.73999159445907,1342.4246826171875,1266.18212890625,1259.6385498046875
2024-08-22,1348.4230879830295,1364.2863052420694,1305.741070634728,1316.300048828125,17052.0,1308.9632568359375,1263.9018432617188,1219.6765197753907,58.916607535545275,16.372514486120508,1360.2708740234375,1342.4246826171875,1266.18212890625
2024-08-23,1326.660639894454,1326.660639894454,1275.1548057104378,1310.351318359375,13000.0,1319.105810546875,1280.0624877929688,1224.9364013671875,57.972861290622404,18.55738424149763,1316.300048828125,1360.2708740234375,1342.4246826171875
2024-08-26,1290.9189198634067,1313.672673610722,1274.2624934024002,1284.7718505859375,7230.0,1322.8237548828124,1287.3942626953126,1229.0186462402344,53.969559991468564,18.017169278838082,1310.351318359375,1316.300048828125,1360.2708740234375
2024-08-28,1308.269311092249,1308.8145365660637,1279.8145926962327,1299.098388671875,5465.0,1314.15849609375,1291.0279296875,1233.5651062011718,55.81012333819844,18.531457810346637,1284.7718505859375,1310.351318359375,1316.300048828125
2024-08-29,1308.7153027267634,1309.6571327536392,1269.0572632501949,1272.0316162109375,7901.0,1296.51064453125,1295.0928588867187,1236.703857421875,51.61127554322074,16.564032984184905,1299.098388671875,1284.7718505859375,1310.351318359375
2024-08-30,1272.3292407842257,1332.4606529766647,1269.8506130425178,1322.248779296875,16038.0,1297.700390625,1303.3318237304688,1241.7676940917968,57.934563193911764,18.839766908045476,1272.0316162109375,1299.098388671875,1284.7718505859375
2024-09-02,1337.1699851542276,1343.416175191274,1298.8008778601984,1337.51708984375,6323.0,1303.133544921875,1311.119677734375,1249.1837524414063,59.66060625015547,21.626036015572254,1322.248779296875,1272.0316162109375,1299.098388671875
2024-09-03,1359.2298803967185,1367.2111104164485,1325.1735582331016,1349.265869140625,17299.0,1316.0323486328125,1319.4280517578125,1258.2356994628906,60.98714635638541,24.499784393977052,1337.51708984375,1322.248779296875,1272.0316162109375
2024-09-04,1325.371869742145,1392.9391649193565,1325.371869742145,1351.3974609375,25863.0,1326.4921630859376,1320.3253295898437,1270.5049072265624,61.23621164727189,26.642138344968316,1349.265869140625,1337.51708984375,1322.248779296875
2024-09-05,1366.3186345187978,1366.3186345187978,1305.7410010446986,1314.0692138671875,13575.0,1334.8996826171874,1315.7051635742187,1281.8074462890625,54.65570637078854,25.03925476996551,1351.3974609375,1349.265869140625,1337.51708984375
2024-09-06,1308.7650266879853,1330.5769501167192,1302.122231936826,1311.7393798828125,322405.0,1332.797802734375,1315.2490966796875,1289.5754699707031,54.26375442198171,23.312230970056135,1314.0692138671875,1351.3974609375,1349.265869140625
2024-09-09,1314.2180161416654,1320.315343409552,1258.5480142756526,1268.7598876953125,41665.0,1319.0463623046876,1311.0899536132813,1295.576220703125,47.49694451682677,18.264919716194754,1311.7393798828125,1314.0692138671875,1351.3974609375
2024-09-10,1294.1412068979294,1316.2009945148302,1268.2642356135584,1302.3206787109375,9399.0,1309.65732421875,1312.8448364257813,1300.1195495605468,52.48010840762588,16.779540442009193,1268.7598876953125,1311.7393798828125,1314.0692138671875
2024-09-11,1297.71033919419,1302.766715482724,1265.240316414845,1270.4454345703125,11996.0,1293.4669189453125,1309.979541015625,1300.5037353515625,47.83620356117278,12.881807398970523,1302.3206787109375,1268.7598876953125,1311.7393798828125
2024-09-12,1269.1070003667871,1291.7616332859232,1269.1070003667871,1285.8624267578125,6186.0,1287.8255615234375,1311.3626220703125,1303.2277404785157,50.134568491801275,10.911072256003536,1270.4454345703125,1302.3206787109375,1268.7598876953125
2024-09-13,1286.903522258937,1290.8197056763768,1270.8420629187915,1276.2950439453125,4633.0,1280.7366943359375,1306.7672485351563,1305.0495361328126,48.70052725321607,8.479496267143077,1285.8624267578125,1270.4454345703125,1302.3206787109375
2024-09-16,1289.4812486780725,1291.3650299328433,1264.1001252701535,1270.842041015625,5194.0,1281.153125,1300.0997436523437,1305.6097106933594,47.86024243634074,6.042785543392483,1276.2950439453125,1285.8624267578125,1270.4454345703125
2024-09-17,1264.248763966786,1282.9375910687393,1264.248763966786,1275.303466796875,6290.0,1275.7496826171875,1292.7035034179687,1306.0657775878906,48.64102804546998,4.420715260401039,1270.842041015625,1276.2950439453125,1285.8624267578125
2024-09-18,1271.6847908342563,1278.6249486063707,1258.1514589732842,1265.835205078125,9281.0,1274.82763671875,1284.1472778320312,1302.2363037109376,47.03137694330151,2.3441810239644383,1275.303466796875,1270.842041015625,1276.2950439453125
2024-09-19,1270.0985478163452,1279.170229043858,1222.4096505410882,1233.26611328125,7764.0,1264.3083740234374,1276.0669677734375,1295.8860656738282,41.89548049040647,-1.9075517664298332,1265.835205078125,1275.303466796875,1270.842041015625
2024-09-20,1234.9514879420817,1263.703570353992,1221.3190350743655,1237.677978515625,5001.0,1256.5849609375,1268.6608276367188,1291.9549621582032,42.80660084086868,-4.864999298424891,1233.26611328125,1265.835205078125,1275.303466796875
2024-09-23,1229.3993002455068,1235.397627500142,1198.4660759403478,1231.4813232421875,12028.0,1248.7128173828125,1264.9329711914063,1288.0114624023438,41.81481970541609,-7.620966311989378,1237.677978515625,1233.26611328125,1265.835205078125
2024-09-24,1217.700171446344,1230.5395355842502,1193.360119980408,1196.6318359375,16958.0,1232.9784912109376,1254.3640869140625,1283.6044616699219,36.669276993646335,-12.473367189520559,1231.4813232421875,1237.677978515625,1233.26611328125
2024-09-25,1196.631861017269,1211.850732278137,1185.180673387331,1202.6798095703125,6347.0,1220.347412109375,1247.5875244140625,1278.7835327148437,38.0930429219694,-15.650499699048396,1196.6318359375,1231.4813232421875,1237.677978515625
2024-09-26,1226.7719272580946,1229.1018130102682,1194.6985101333075,1200.448974609375,5085.0,1213.783984375,1239.0461791992188,1275.2044006347655,37.75587140172341,-18.139311152695655,1202.6798095703125,1196.6318359375,1231.4813232421875
2024-09-27,1218.493353812139,1241.5942119411616,1186.5190570990053,1220.0301513671875,19835.0,1210.2544189453124,1233.4196899414062,1270.0934692382812,42.561644320819404,-18.320487665298288,1200.448974609375,1202.6798095703125,1196.6318359375
2024-09-30,1244.1720036373133,1244.1720036373133,1198.8626159682417,1215.419921875,4803.0,1207.042138671875,1227.8774780273438,1263.9886108398437,41.744437637894265,-18.62142218406143,1220.0301513671875,1200.448974609375,1202.6798095703125
2024-10-01,1201.6386404704729,1201.6386404704729,1163.8643806808325,1178.9840087890625,9091.0,1203.5125732421875,1218.2455322265625,1255.4745178222656,35.88079650338628,-21.551555717764586,1215.419921875,1220.0301513671875,1200.448974609375
2024-10-03,1145.1755525018175,1186.7172535432207,1145.1755525018175,1163.9635009765625,18737.0,1195.7693115234374,1208.0583618164062,1246.1028198242188,33.77460120370881,-24.7998597566459,1178.9840087890625,1215.419921875,1220.0301513671875
2024-10-04,1151.7190918116903,1175.8608997384094,1136.2028592750569,1145.7703857421875,10884.0,1184.83359375,1199.3087890625,1237.6878784179687,31.372492142853986,-28.51351046384889,1163.9635009765625,1178.9840087890625,1215.419921875
2024-10-07,1145.1756178832047,1164.9053975455147,1098.5277961781208,1104.823486328125,16069.0,1161.7922607421874,1186.02333984375,1227.3420837402343,26.75953256286637,-34.36454489752168,1145.7703857421875,1163.9635009765625,1178.9840087890625
2024-10-08,1087.2748633411288,1149.2405565394931,1087.2748633411288,1138.2354736328125,6841.0,1146.35537109375,1176.6987548828124,1220.8158630371095,35.140090585343145,-35.89172622270303,1104.823486328125,1145.7703857421875,1163.9635009765625
2024-10-09,1140.168739588371,1180.1242664385563,1130.2542288093416,1134.6661376953125,8374.0,1137.491796875,1170.5021850585938,1212.4331359863281,34.68351287263185,-36.963946638042216,1138.2354736328125,1104.823486328125,1145.7703857421875
2024-10-10,1157.221709372237,1171.8456135251656,1141.308991367642,1149.1414794921875,9201.0,1134.527392578125,1165.1483520507813,1206.367938232422,38.19095069638991,-36.22803569033181,1134.6661376953125,1138.2354736328125,1104.823486328125
2024-10-11,1151.0746847529488,1182.0575304881163,1146.266171300199,1160.5430908203125,6952.0,1137.48193359375,1161.157763671875,1200.1019714355468,40.883703393100234,-34.329081928026426,1149.1414794921875,1134.6661376953125,1138.2354736328125
2024-10-14,1162.129369012198,1190.534465715704,1160.6916923779231,1185.8250732421875,8620.0,1153.6822509765625,1157.737255859375,1195.5784729003906,46.45426366117118,-30.433286713899406,1160.5430908203125,1149.1414794921875,1134.6661376953125
2024-10-15,1179.8763662325132,1221.3189473578689,1179.8763662325132,1215.766845703125,9861.0,1169.188525390625,1157.7719482421876,1192.8247131347657,52.19911339762293,-24.64568996276921,1185.8250732421875,1160.5430908203125,1149.1414794921875
2024-10-16,1227.9120359209594,1227.9120359209594,1184.5856766047675,1195.3428955078125,3921.0,1181.323876953125,1159.4078369140625,1188.8266845703124,48.38566875080268,-21.459646484298446,1215.766845703125,1185.8250732421875,1160.5430908203125
2024-10-17,1217.7994026033557,1234.3565871284377,1178.835326984508,1193.8558349609375,10150.0,1190.266748046875,1162.3970703125,1185.227716064453,48.11007841927174,-18.837530110497482,1195.3428955078125,1215.766845703125,1185.8250732421875
2024-10-18,1195.1942880855172,1195.1942880855172,1161.3858301475923,1168.078125,6668.0,1191.7737548828125,1164.6278442382813,1181.9683166503905,43.48627076374475,-18.62483425770256,1193.8558349609375,1195.3428955078125,1215.766845703125
2024-10-21,1188.7498019462878,1188.7498019462878,1136.2028966058765,1139.970458984375,5690.0,1182.60283203125,1168.1425415039062,1177.082940673828,39.07624019082345,-20.488150359947895,1168.078125,1193.8558349609375,1195.3428955078125
2024-10-22,1136.2029347515477,1141.755036579889,1087.2748482850038,1104.1295166015625,5959.0,1160.2753662109376,1164.7319458007812,1170.715350341797,34.29964556113758,-24.573636722900574,1139.970458984375,1168.078125,1193.8558349609375
2024-10-23,1085.6388678150274,1125.3960295451895,1085.6388678150274,1118.6046142578125,3606.0,1144.9277099609376,1163.1257934570312,1166.8139892578124,37.616323824926575,-26.3397662629161,1104.1295166015625,1139.970458984375,1168.078125
2024-10-24,1126.7345544323207,1131.2457053490118,1060.8526772335167,1064.9176025390625,8032.0,1119.1400634765625,1154.7034057617188,1159.92587890625,31.304258733117663,-31.706042293051496,1118.6046142578125,1104.1295166015625,1139.970458984375
2024-10-25,1041.0236638740737,1049.4013773297902,1000.473289333058,1006.1245727539062,12399.0,1086.7493530273437,1139.2615539550782,1150.2096588134766,26.13270762240441,-40.23910945287912,1064.9176025390625,1118.6046142578125,1104.1295166015625
2024-10-28,995.4168589463692,1060.3072820675854,995.4168589463692,1052.7227783203125,8992.0,1069.2998168945312,1125.9513244628906,1141.844290161133,35.26140300038628,-42.74875980980687,1006.1245727539062,1064.9176025390625,1118.6046142578125
2024-10-29,1050.9877592152986,1093.620155389628,1037.00820225302,1088.0184326171875,11454.0,1066.0776000976562,1113.1764831542969,1135.4742156982422,41.18990714140596,-41.4122369853153,1052.7227783203125,1006.1245727539062,1064.9176025390625
2024-10-31,1106.3603500115107,1145.3243071509785,1103.5347384712318,1136.7978515625,6736.0,1069.7162475585938,1107.3219787597657,1133.364907836914,48.244020658450005,-36.00193369430326,1088.0184326171875,1052.7227783203125,1006.1245727539062
2024-11-01,1130.2541455612204,1149.0917146539073,1130.2541455612204,1143.9857177734375,1245.0,1085.5298706054687,1102.3349670410157,1132.366018676758,49.21076206683398,-30.7794226011074,1136.7978515625,1088.0184326171875,1052.7227783203125
2024-11-04,1155.040554715761,1155.040554715761,1099.51929199981,1115.9278564453125,3782.0,1107.49052734375,1097.119940185547,1130.8738922119142,45.62798073471933,-28.57518293203111,1143.9857177734375,1136.7978515625,1088.0184326171875
2024-11-06,1098.7756620449554,1190.4848871648817,1098.7756620449554,1181.21484375,27782.0,1133.1889404296876,1101.2443786621093,1134.6934600830077,54.0170501458333,-21.314492660648057,1115.9278564453125,1143.9857177734375,1136.7978515625
2024-11-07,1227.416484733448,1227.416484733448,1157.17219719133,1161.4849853515625,5998.0,1147.8822509765625,1106.9799255371095,1135.8559356689452,51.43435216453822,-16.95690929849252,1181.21484375,1115.9278564453125,1143.9857177734375
2024-11-08,1159.997756714257,1183.1977360538908,1151.0746970472244,1163.7156982421875,7296.0,1153.2658203125,1111.491033935547,1137.308413696289,51.71544860879728,-13.171658521500149,1161.4849853515625,1181.21484375,1115.9278564453125
2024-11-11,1165.5995730512386,1175.3653427098204,1146.5141383425384,1171.895263671875,4484.0,1158.8477294921875,1122.1888000488282,1138.4461029052734,52.79437339351746,-9.403400886770442,1163.7156982421875,1161.4849853515625,1181.21484375
2024-11-12,1155.0404830548052,1179.2814130223835,1122.9174445567742,1129.114013671875,10768.0,1161.4849609375,1134.487744140625,1136.8746490478516,46.89244701517139,-9.756650308144572,1171.895263671875,1163.7156982421875,1161.4849853515625
2024-11-13,1135.2610315034856,1154.9908098522185,1080.7312257569213,1086.779052734375,25505.0,1142.597802734375,1137.8933715820312,1131.922348022461,41.90064621897326,-13.299373658273225,1129.114013671875,1171.895263671875,1163.7156982421875
2024-11-14,1101.4524992363824,1177.8438513026952,1092.3311979568557,1127.7259521484375,16843.0,1135.84599609375,1141.8641235351563,1127.5203033447265,47.6997953774701,-12.657032470406193,1086.779052734375,1129.114013671875,1171.895263671875
2024-11-18,1150.0335965411298,1158.0148259008856,1109.731208197392,1126.6353759765625,13777.0,1128.429931640625,1140.8478759765626,1124.084927368164,47.56362345280258,-12.096531548091207,1127.7259521484375,1086.779052734375,1129.114013671875
2024-11-19,1148.050751737171,1158.0148836933467,1101.9978965968792,1110.1773681640625,12599.0,1116.0863525390625,1137.467041015625,1119.9010040283204,45.454723286151975,-12.832429949575499,1126.6353759765625,1127.7259521484375,1086.779052734375
2024-11-21,1092.777285846476,1104.8234401654368,1045.980845256138,1048.55859375,12835.0,1099.9752685546875,1130.7301147460937,1113.9250274658202,38.561053794180765,-18.17820779630938,1110.1773681640625,1126.6353759765625,1127.7259521484375
2024-11-22,1040.8254429740057,1074.1381766819031,1031.1091735052755,1057.134765625,11788.0,1094.0464111328124,1118.3221069335937,1109.7832427978515,39.92663798718339,-21.47519715290923,1048.55859375,1110.1773681640625,1126.6353759765625
2024-11-25,1090.992797529362,1114.4901398200268,1074.9808383102156,1106.0133056640625,6562.0,1089.7038818359374,1112.7749389648438,1109.8774322509767,47.138152664182044,-19.914434085557787,1057.134765625,1048.55859375,1110.1773681640625
2024-11-26,1091.2901948120982,1122.322663149093,1090.596227441698,1099.717529296875,10555.0,1084.3203125,1106.3751220703125,1108.9330780029297,46.36607561308908,-18.966896075350633,1106.0133056640625,1057.134765625,1048.55859375
2024-11-27,1101.5517348371343,1138.97901188371,1101.5517348371343,1111.119140625,8643.0,1084.5086669921875,1100.297509765625,1111.2431549072267,48.02632427992777,-17.098845778211853,1099.717529296875,1106.0133056640625,1057.134765625
2024-11-28,1120.290077273306,1159.7498778873949,1120.290077273306,1144.7293701171875,8504.0,1103.742822265625,1101.8590454101563,1118.1733947753905,52.67680211141753,-12.75925705853274,1111.119140625,1099.717529296875,1106.0133056640625
2024-11-29,1170.0113632111943,1170.0113632111943,1095.9500179772706,1112.5072021484375,12841.0,1114.8173095703125,1104.4318603515626,1121.162615966797,48.22201022879319,-11.784319101208439,1144.7293701171875,1111.119140625,1099.717529296875
2024-12-02,1105.5175379480456,1109.5328420708267,1078.1038923035626,1080.78076171875,15578.0,1109.77080078125,1099.7373413085938,1120.800732421875,44.253672633817864,-13.417068723322927,1112.5072021484375,1144.7293701171875,1111.119140625
2024-12-03,1081.673148697564,1119.3482904487169,1078.996279141733,1109.9791259765625,16806.0,1111.8231201171875,1098.0717163085938,1119.4597961425782,48.45755158528338,-12.214173201868562,1080.78076171875,1112.5072021484375,1144.7293701171875
2024-12-04,1110.42521548899,1110.42521548899,1065.809916652379,1091.2901611328125,26736.0,1107.85732421875,1096.1829956054687,1116.825018310547,46.06313956076226,-12.623398428129576,1109.9791259765625,1080.78076171875,1112.5072021484375
2024-12-05,1080.731365315424,1103.43549963674,1079.3433095118294,1091.5380859375,4466.0,1097.2190673828125,1100.4809448242188,1115.6055297851562,46.10118792825303,-12.780382613251959,1091.2901611328125,1109.9791259765625,1080.78076171875
2024-12-06,1091.835528508423,1114.3414201632331,1083.9535406406726,1111.5654296875,12165.0,1097.030712890625,1105.9240112304688,1112.1230590820312,49.21757812136973,-11.160107671530113,1091.5380859375,1091.2901611328125,1109.9791259765625
2024-12-09,1128.2217149243888,1170.854111623197,1125.296982631331,1167.185791015625,24081.0,1114.31171875,1112.041259765625,1112.4080993652344,56.70460627316531,-5.326528877093779,1111.5654296875,1091.5380859375,1091.2901611328125
2024-12-10,1175.8609763089312,1186.0233498394257,1148.050725212344,1164.40966796875,19382.0,1125.1978271484375,1118.5104736328126,1112.4427978515625,56.258769511899885,-0.916817086023002,1167.185791015625,1111.5654296875,1091.5380859375
2024-12-11,1151.6201234599378,1170.655936993145,1138.2850329717232,1153.3055419921875,17620.0,1137.6009033203125,1122.7291137695313,1111.5133117675782,54.4158215262305,1.6627341491475818,1164.40966796875,1167.185791015625,1111.5654296875
2024-12-12,1154.990886438359,1159.9481418349385,1127.8747236244178,1134.963623046875,7790.0,1146.2860107421875,1121.7525390625,1111.8057922363282,51.41945203632701,2.201628515548009,1153.3055419921875,1164.40966796875,1167.185791015625
2024-12-13,1132.2370873236596,1132.4849500835817,1096.5448498948926,1108.73974609375,7478.0,1145.7208740234375,1121.3757934570312,1112.903826904297,47.40069545403605,0.5068162135835337,1134.963623046875,1153.3055419921875,1164.40966796875
2024-12-16,1107.500471030981,1111.1191706310224,1080.7807919607783,1103.4354248046875,6256.0,1132.97080078125,1123.641259765625,1111.6893005371094,46.60721718505816,-1.249940606896189,1108.73974609375,1134.963623046875,1153.3055419921875
2024-12-17,1110.3260619572884,1110.3260619572884,1092.2320801830472,1098.3790283203125,17040.0,1119.7646728515624,1122.48125,1110.2764831542968,45.819809614397556,-3.015431959508078,1103.4354248046875,1108.73974609375,1134.963623046875
2024-12-18,1091.5877059261695,1092.7773988843264,1070.9654737886171,1075.9227294921875,10722.0,1104.2881103515624,1120.9445068359375,1108.5637512207031,42.39422386350966,-6.155673444744025,1098.3790283203125,1103.4354248046875,1108.73974609375
2024-12-19,1069.874807143723,1074.2372159825024,1033.091997280819,1037.40478515625,14475.0,1084.7763427734376,1115.5311767578125,1108.0060607910157,37.250025121862336,-11.618483006188853,1075.9227294921875,1098.3790283203125,1103.4354248046875
2024-12-20,1038.0492038553664,1052.227001659691,1015.6424353127368,1025.6064453125,13783.0,1068.1496826171874,1106.9352783203126,1106.4296447753907,35.816400435568525,-16.7072357497716,1037.40478515625,1075.9227294921875,1098.3790283203125
2024-12-23,1038.4953459902,1041.0235945591105,996.4082976494342,1004.6868896484376,13113.0,1048.3999755859375,1090.6853881835937,1101.3633239746093,33.36446356170838,-22.17255090669437,1025.6064453125,1037.40478515625,1075.9227294921875
2024-12-24,1014.700583227235,1017.2287712871168,993.979232199372,1005.033935546875,11906.0,1029.73095703125,1074.7478149414062,1096.6291442871093,33.44586302620837,-26.174129765300677,1004.6868896484376,1025.6064453125,1037.40478515625
2024-12-26,1006.4219103742408,1021.0458129799435,996.3091583389578,1015.0475463867188,7060.0,1017.5559204101562,1060.9220153808594,1091.8255645751954,35.87974420557171,-28.21218265287871,1005.033935546875,1004.6868896484376,1025.6064453125
2024-12-27,1016.2373346437408,1037.05780686571,1016.2373346437408,1023.5740966796876,7195.0,1014.7897827148438,1049.7830627441406,1085.7678009033202,37.960216431344826,-28.80726073056894,1015.0475463867188,1005.033935546875,1004.6868896484376
2024-12-30,1040.9244890824664,1040.9244890824664,1005.3313719262768,1008.3057250976562,4417.0,1011.329638671875,1039.7396606445313,1080.5577270507813,35.72488675939498,-30.163191877974896,1023.5740966796876,1015.0475463867188,1005.033935546875
2024-12-31,1015.4937226713683,1026.3996840571483,998.3911923163954,1017.8236083984376,6228.0,1013.956982421875,1031.1784790039062,1077.4098693847657,38.16916343667778,-30.12252967171503,1008.3057250976562,1023.5740966796876,1015.0475463867188
2025-01-01,1038.7432522394363,1038.7432522394363,992.1451118073504,999.9775390625,8311.0,1012.945703125,1021.338330078125,1071.9097900390625,35.44723465772563,-31.17101319307676,1017.8236083984376,1008.3057250976562,1023.5740966796876
2025-01-02,1000.423601477135,1039.0406293361468,1000.423601477135,1034.2816162109375,5513.0,1016.7925170898437,1017.17421875,1069.0593627929688,43.75086174698255,-28.90074184107084,999.9775390625,1017.8236083984376,1008.3057250976562
2025-01-03,1038.9911028873037,1054.8543200453437,1030.117664200222,1042.461181640625,10397.0,1020.5699340820313,1017.6798583984375,1066.605517578125,45.54942064461411,-26.14018508552317,1034.2816162109375,999.9775390625,1017.8236083984376
2025-01-06,1049.8970641134863,1049.8970641134863,979.553658977188,996.904052734375,13933.0,1018.289599609375,1014.809619140625,1060.8724487304687,38.21942468670809,-27.313648792808863,1042.461181640625,1034.2816162109375,999.9775390625
2025-01-07,997.1023869486868,1010.437416394186,992.4425546593,1004.88525390625,10328.0,1015.7019287109375,1014.8294555664063,1052.757421875,40.0398797683901,-27.285085520785742,996.904052734375,1042.461181640625,1034.2816162109375
2025-01-08,995.466433369513,1006.421955575357,971.6716077220526,980.9912719726562,5830.0,1011.9046752929687,1012.4251892089844,1043.5865020751953,36.566031793990945,-28.85783837620204,1004.88525390625,996.904052734375,1042.461181640625
2025-01-09,971.6716349661052,979.2066996070944,951.7930525851016,957.4443359375,5723.0,996.5372192382813,1006.6648681640625,1033.793441772461,33.48303276390607,-31.639575956598264,980.9912719726562,1004.88525390625,996.904052734375
2025-01-10,959.7246298944508,959.7246298944508,930.675125823667,934.5913696289062,10412.0,974.9632568359375,997.7665954589844,1023.7748291015625,30.77137247291543,-35.28146367005456,957.4443359375,980.9912719726562,1004.88525390625
2025-01-13,924.0819577260944,927.0067504853804,880.6068525102836,890.7196655273438,27738.0,953.7263793945312,986.0079895019531,1012.8738250732422,26.358183026844017,-41.23246361696067,934.5913696289062,957.4443359375,980.9912719726562
2025-01-14,887.4478755387657,940.044405997756,887.4478755387657,933.15380859375,12966.0,939.3800903320313,977.5410095214844,1004.3597442626954,35.92964828784058,-42.039982491809496,890.7196655273438,934.5913696289062,957.4443359375
2025-01-15,951.1981923321132,951.1981923321132,927.006761724541,938.8546142578124,12564.0,930.9527587890625,971.4287170410156,996.3835235595703,37.112215171654746,-41.738800731189826,933.15380859375,890.7196655273438,934.5913696289062
2025-01-16,940.8870640065306,949.26483763803,931.269976539406,935.7315063476562,5776.0,926.6101928710938,961.5737060546875,989.3739624023438,36.71243865826184,-41.2763130798769,938.8546142578124,933.15380859375,890.7196655273438
2025-01-17,955.8579281762366,955.8579281762366,925.6186713069924,930.2289428710938,5701.0,925.7377075195312,950.3504821777344,984.015170288086,35.97709683449057,-40.882530803276154,935.7315063476562,938.8546142578124,933.15380859375
2025-01-20,930.9725682572404,940.6392163301992,913.770916148145,924.2802734375,9783.0,932.4498291015625,943.0881042480469,978.948861694336,35.157254307149245,-40.58265187125994,930.2289428710938,935.7315063476562,938.8546142578124
2025-01-21,927.2050674877712,927.3041883909964,903.0631972419516,909.4580688476562,13319.0,927.7106811523438,933.5453857421875,974.1874206542968,33.13134040345861,-41.06762171378466,924.2802734375,930.2289428710938,935.7315063476562
2025-01-22,903.905958814054,928.9896589542204,893.1982992873733,922.4956665039062,15753.0,924.4388916015625,927.6958251953125,970.0605072021484,36.592458389889806,-39.939540475790864,909.4580688476562,924.2802734375,930.2289428710938
2025-01-23,913.2255895326252,926.362316687145,900.5845879311063,914.018798828125,9598.0,920.0963500976562,923.353271484375,965.0090698242187,35.312645289637146,-39.27678205006555,922.4956665039062,909.4580688476562,924.2802734375
2025-01-24,925.9657601452892,925.9657601452892,877.2359147329222,880.6564331054688,6470.0,910.1818481445313,917.9597778320312,957.8631866455078,30.753754165438664,-40.97131351718701,914.018798828125,922.4956665039062,909.4580688476562
2025-01-27,897.3623464024398,897.3623464024398,847.6906716049708,862.2154541015625,20764.0,897.7688842773438,915.1093566894531,950.5586730957032,28.559009851196237,-43.30310357843791,880.6564331054688,914.018798828125,922.4956665039062
2025-01-28,861.6205071513635,870.2957036803007,821.6154822204123,837.4786987304688,7697.0,883.3730102539063,905.541845703125,941.5414276123047,25.889938090964705,-46.60982438448025,862.2154541015625,880.6564331054688,914.018798828125
2025-01-29,848.6821052548424,887.3486964989299,837.7761436218948,857.9521484375,16927.0,870.464306640625,897.4515991210938,934.4401580810547,31.588668623888452,-47.03618430563927,837.4786987304688,862.2154541015625,880.6564331054688
2025-01-30,866.4786679111992,885.1674962282958,860.579521988443,873.964111328125,8596.0,862.453369140625,891.2748596191407,926.424282836914,35.74982010405266,-45.55689450552154,857.9521484375,837.4786987304688,862.2154541015625
2025-01-31,870.3453165017062,902.3196142038222,870.0478932769191,895.6273193359375,4066.0,865.4475463867187,887.814697265625,919.0825897216797,40.980342285116244,-42.15062072411638,873.964111328125,857.9521484375,837.4786987304688
2025-02-01,895.379399787295,919.2238454375236,854.9282099201981,866.6769409179688,11532.0,866.33984375,882.0543640136718,912.5712341308594,36.68254154183007,-41.310970646965984,895.6273193359375,873.964111328125,857.9521484375
2025-02-03,848.8308832658859,866.6770030615871,828.1590915278415,836.635986328125,11856.0,866.1713012695312,874.7721557617188,904.1587707519532,32.8344562374168,-42.57877427862252,866.6769409179688,895.6273193359375,873.964111328125
2025-02-04,837.8257187180183,856.5641682384501,837.8257187180183,846.5504760742188,9947.0,863.890966796875,867.17763671875,897.4367309570313,35.2486676812905,-42.295940058395786,836.635986328125,866.6769409179688,895.6273193359375
2025-02-05,846.5504710628162,860.9265115633589,843.2291341870048,845.3111572265625,13335.0,858.1603759765625,860.3068725585938,891.8300720214844,35.078932251365586,-41.69120432317766,846.5504760742188,836.635986328125,866.6769409179688
2025-02-06,852.9948523251451,852.9948523251451,826.870142414634,832.9675903320312,5017.0,845.6284301757812,855.53798828125,886.7488830566406,33.35608349192363,-41.72696708263402,845.3111572265625,846.5504760742188,836.635986328125
2025-02-07,822.9043798659131,836.1898482763254,808.2804767297417,813.2872924804688,15488.0,834.9505004882812,850.6451721191406,882.8772644042969,30.761960987570248,-42.84940363637679,832.9675903320312,845.3111572265625,846.5504760742188
2025-02-10,822.9044345303432,828.4565366302585,804.9591933561759,811.5027465820312,10178.0,829.9238525390625,848.0475769042969,876.794711303711,30.53010174142142,-43.38285014033693,813.2872924804688,832.9675903320312,845.3111572265625
2025-02-11,827.8121040959956,827.8121040959956,769.6634731532273,774.9181518554688,9136.0,815.5973876953125,839.7441772460937,868.5978881835938,26.17453574073363,-46.22483031233526,811.5027465820312,813.2872924804688,832.9675903320312
2025-02-12,699.0721332165812,777.8429337282362,685.1422576270443,741.90283203125,149537.0,794.91572265625,826.5380493164063,858.9064544677734,22.987351123074717,-50.55837498791459,774.9181518554688,811.5027465820312,813.2872924804688
2025-02-13,744.5797570926754,745.9181918381594,704.9712745561098,710.4738159179688,20375.0,770.4169677734375,808.0226989746094,847.9186981201171,20.436240983399742,-55.8845964608621,741.90283203125,774.9181518554688,811.5027465820312
2025-02-14,695.5029471621705,717.1165690554122,662.1405934172532,669.3782348632812,21189.0,741.63515625,788.2928283691406,835.1735961914062,17.674205779659545,-62.69898047439017,710.4738159179688,741.90283203125,774.9181518554688
2025-02-17,726.9814942349532,726.9814942349532,629.1748223565354,633.4381103515625,94784.0,706.0222290039062,767.9730407714844,821.3725982666016,15.678478292977431,-70.19038551185679,669.3782348632812,710.4738159179688,741.90283203125
2025-02-18,634.5286721321605,647.7645194470693,610.4364237148166,615.988525390625,20046.0,674.2363037109375,744.916845703125,806.0472412109375,14.804415174589366,-76.65181919323027,633.4381103515625,669.3782348632812,710.4738159179688
2025-02-19,627.6876427162969,627.6876427162969,593.2843392991919,602.6535034179688,43207.0,646.3864379882813,720.6510803222657,790.4789764404297,14.15497191235967,-81.90443344063533,615.988525390625,633.4381103515625,669.3782348632812
2025-02-20,604.5372924548021,604.5372924548021,585.0552546426692,589.4176635742188,30261.0,622.1752075195312,696.2960876464844,775.9170379638672,13.520956484651393,-86.14219611840986,602.6535034179688,615.988525390625,633.4381103515625
2025-02-21,591.9067603668301,636.7104680480873,567.5136306292568,582.9957885742188,115816.0,604.8987182617187,673.2669372558594,761.9560546875,13.211751672779954,-88.99298942870712,589.4176635742188,602.6535034179688,615.988525390625
2025-02-24,583.4935927722074,606.8413142264163,573.039394577987,598.4281616210938,65873.0,597.896728515625,651.9594787597656,750.0035278320313,18.061111871822135,-88.98127933555736,582.9957885742188,589.4176635742188,602.6535034179688
2025-02-25,603.3068078601387,609.1810351081175,587.3766011907737,600.41943359375,24124.0,594.78291015625,634.5096069335938,737.1268920898438,18.692413835521904,-87.799225181162,598.4281616210938,582.9957885742188,589.4176635742188
2025-02-27,600.3198949202613,602.3609404987466,572.4918029533542,575.6778564453125,26485.0,589.3877807617188,617.887109375,722.2125793457031,16.945458211963185,-87.8462404716829,600.41943359375,598.4281616210938,582.9957885742188
2025-02-28,574.9311318787628,582.6473257966234,541.7764011338677,573.6865844726562,46972.0,586.2415649414063,604.2083862304687,706.1155426025391,16.809296840692667,-87.04082696239789,575.6778564453125,600.41943359375,598.4281616210938
2025-03-03,574.8315724594142,589.5670634096184,568.0612462430321,576.1757202148438,38675.0,584.8775512695313,594.888134765625,691.5904815673828,17.699533714292315,-85.21932319121777,573.6865844726562,575.6778564453125,600.41943359375
2025-03-04,576.4743721655082,598.7268560062988,571.2970426796683,582.9957885742188,41747.0,581.7910766601562,589.8439025878906,678.9084716796875,20.21869936433926,-82.27700768152567,576.1757202148438,573.6865844726562,575.6778564453125
2025-03-05,582.3486884935058,601.763629426359,575.5285317557409,598.5775756835938,23447.0,581.422705078125,588.1028076171875,666.5098266601562,25.806411557401077,-77.79115345088769,582.9957885742188,576.1757202148438,573.6865844726562
2025-03-06,635.167251582707,638.2039352205342,598.577556388706,634.3209228515625,35803.0,593.151318359375,591.2695495605469,655.9603149414063,36.749921178251526,-70.53876528014086,598.5775756835938,582.9957885742188,576.1757202148438
2025-03-07,641.7384138828321,685.5464826837182,636.4117752793819,649.6537475585938,46383.0,608.3447509765625,597.2931579589844,646.7946228027344,40.784839891391535,-62.829702887340886,634.3209228515625,598.5775756835938,582.9957885742188
2025-03-10,649.4048572841426,658.4651383829159,628.247550703402,643.0825805664062,67033.0,621.726123046875,603.3018371582032,638.2843872070313,39.61836528846993,-56.5980268366626,649.6537475585938,634.3209228515625,598.5775756835938
2025-03-11,632.429258689722,663.6424851360925,632.1803491940766,635.4659423828125,37305.0,632.2201538085938,607.005615234375,629.4825469970704,38.252700442288905,-51.67826287044454,643.0825805664062,649.6537475585938,634.3209228515625
2025-03-12,632.2300706400058,650.1515529573603,628.247519013927,644.0781860351562,9709.0,641.3202758789063,611.3714904785156,622.9405487060546,40.740103329634344,-46.54780428224683,635.4659423828125,643.0825805664062,649.6537475585938
2025-03-13,651.9437295500676,662.0992489814618,634.7689745952854,649.9524536132812,28220.0,644.44658203125,618.7989501953125,618.3430297851562,42.44322897002896,-41.529152370364045,644.0781860351562,635.4659423828125,643.0825805664062
2025-03-17,650.1515941299131,673.0512674300479,645.9699025039308,664.8870239257812,32785.0,647.4932373046875,627.918994140625,616.0636901855469,46.64188203510171,-35.93253170369951,649.9524536132812,644.0781860351562,635.4659423828125
2025-03-18,681.4146408531109,741.3519971416025,670.3630230889319,715.3161010742188,119489.0,661.93994140625,641.8330322265625,618.3605834960938,57.828638082871855,-27.115395036167342,664.8870239257812,649.9524536132812,644.0781860351562
2025-03-19,724.5755236043781,733.7851747116821,709.8400939864754,730.59912109375,72321.0,680.9665771484375,656.5933654785156,623.2186340332031,60.52942291206503,-18.679216334563648,715.3161010742188,664.8870239257812,649.9524536132812
2025-03-20,745.0358877367851,758.2778607073424,708.5457922577529,722.634033203125,37363.0,696.6777465820312,668.9990112304688,628.5509094238281,58.429186086438364,-12.492197681168363,730.59912109375,715.3161010742188,664.8870239257812
2025-03-21,725.4218059319563,746.280433709564,718.1038911065835,743.990478515625,38854.0,715.4853515625,679.965966796875,635.6177581787109,62.21488098000066,-5.79880910806753,722.634033203125,730.59912109375,715.3161010742188
2025-03-24,765.6456112666318,765.6456112666318,739.9581633805211,746.7782592773438,35889.0,731.8635986328125,689.67841796875,643.4857879638672,62.69248474208131,-0.2662308876597308,743.990478515625,722.634033203125,730.59912109375
2025-03-25,758.6263789612715,759.671786697438,723.8785887877262,744.4385375976562,20353.0,737.6880859375,699.814013671875,651.5579254150391,61.9843445837195,3.8847996739687005,746.7782592773438,743.990478515625,722.634033203125
2025-03-26,754.6438194175419,754.6935891627792,688.4836634644615,719.2489013671875,52268.0,735.4180419921875,708.1923095703125,657.5989624023438,54.806731790520395,5.083330703309912,744.4385375976562,746.7782592773438,743.990478515625
2025-03-27,708.2968470875005,735.5275201415183,708.2968470875005,732.73974609375,34149.0,737.4391845703125,717.0584655761719,664.2149780273437,57.63613913783434,7.040613787638449,719.2489013671875,744.4385375976562,746.7782592773438
2025-03-28,740.6550747537113,740.6550747537113,714.7684887722626,716.4112548828125,12983.0,731.92333984375,723.704345703125,671.2516479492188,53.28763608716435,7.1913050672213785,732.73974609375,719.2489013671875,744.4385375976562
2025-04-01,711.8811287541458,726.1187391754453,702.2234285599214,722.3353271484375,10962.0,727.0347534179688,729.4491760253907,678.6840850830079,54.625212125071904,7.699991406406184,716.4112548828125,732.73974609375,719.2489013671875
2025-04-02,717.8549824967547,731.6943747054388,698.9876306504416,726.0192260742188,14045.0,723.3508911132812,730.5194885253907,686.1762603759765,55.47894908513227,8.30465792370569,722.3353271484375,716.4112548828125,732.73974609375
2025-04-03,731.2960819468082,762.1608587206014,728.8069870456959,749.6158447265625,70194.0,729.4242797851563,732.4211608886719,694.5072631835938,60.593464392260735,10.566110866236045,726.0192260742188,722.3353271484375,716.4112548828125
2025-04-04,748.7197443700157,752.3040167110282,711.8811399262783,719.7467041015625,20206.0,726.8256713867188,732.1324279785156,700.5657196044922,52.38921908383994,9.834769493674457,749.6158447265625,726.0192260742188,722.3353271484375
2025-04-07,602.4605241794486,713.8724397044967,583.1949533569164,707.799072265625,23620.0,725.1032348632813,728.5132873535156,704.2396270751954,49.502002216811135,8.196616653687556,719.7467041015625,749.6158447265625,726.0192260742188
2025-04-08,709.9396037833124,727.2139580856386,702.0242701980728,710.9352416992188,16074.0,722.8232177734375,724.9289855957031,707.3037017822265,50.2766428853525,7.069933595367047,707.799072265625,719.7467041015625,749.6158447265625
2025-04-09,706.9527216698775,713.8724176488488,691.0225143025392,698.7387084960938,9811.0,717.3671142578125,720.3590026855469,710.0865081787109,47.24155095495414,5.133692840076151,710.9352416992188,707.799072265625,719.7467041015625
2025-04-11,720.7921022220728,729.4043339824099,706.6042615100441,723.0322875976562,20617.0,712.0504028320313,720.7373413085937,714.4648254394531,53.29013815021342,5.496140805256914,698.7387084960938,710.9352416992188,707.799072265625
2025-04-15,725.0235427288042,732.7397365793348,718.3527565364977,728.906494140625,17189.0,713.8823608398437,720.3540161132812,718.7062408447266,54.64419590796487,6.186073598438725,723.0322875976562,698.7387084960938,710.9352416992188
2025-04-16,729.8025911142942,756.684814797904,726.8156773716709,753.2996215820312,16802.0,722.982470703125,724.0428527832031,723.8735992431641,59.84924975945722,8.602013177044455,728.906494140625,723.0322875976562,698.7387084960938
2025-04-17,750.9101532471858,759.6717550441075,740.9040040140843,742.3974609375,9484.0,729.2749145507812,726.0490661621094,727.74912109375,56.716460015195196,9.527126662404953,753.2996215820312,728.906494140625,723.0322875976562
2025-04-21,742.3974724476074,754.4944372534746,731.395624326072,747.2760620117188,122813.0,738.9823852539063,728.1747497558594,729.347119140625,57.781444596029026,10.532535585204528,742.3974609375,753.2996215820312,728.906494140625
2025-04-22,751.7066650390625,763.6543206423323,739.3109601968862,751.7066650390625,30407.0,744.7172607421875,728.3838317871093,730.4024963378906,58.77352967301398,11.553658651286128,747.2760620117188,742.3974609375,753.2996215820312
2025-04-23,750.7607872296993,760.7669365158786,739.31095075611,754.9922485351562,23044.0,749.9344116210938,731.9083862304688,732.0204071044922,59.53294867555996,12.484116048602118,751.7066650390625,747.2760620117188,742.3974609375
2025-04-24,741.8000405265029,763.3556263944058,741.8000405265029,749.1677856445312,19100.0,749.1080444335937,736.0452575683594,732.2792724609375,57.510486511292854,12.606208239855732,754.9922485351562,751.7066650390625,747.2760620117188
2025-04-25,741.8000588434156,749.7153928741577,718.9003854886937,731.3956298828125,16074.0,746.9076782226563,738.0912963867188,731.510140991211,51.735145909883954,11.140482195146888,749.1677856445312,754.9922485351562,751.7066650390625
2025-04-28,730.0515569672594,741.0035748692571,722.8829512776223,737.3197021484375,10787.0,744.91640625,741.9493957519531,731.15419921875,53.41451479967973,10.337739837203685,731.3956298828125,749.1677856445312,754.9922485351562
2025-04-29,736.7720727512647,748.719727985069,735.9258048131037,745.6830444335938,14856.0,743.7116821289062,744.2144714355469,732.4759063720703,55.75509015391197,10.258162846324012,737.3197021484375,731.3956298828125,749.1677856445312
2025-04-30,741.7502994713748,748.2717161250237,724.0777252222246,743.0446166992188,15592.0,741.3221557617187,745.6282836914063,732.9911499023438,54.819348653373034,9.868441192649584,745.6830444335938,737.3197021484375,731.3956298828125
2025-05-02,738.8131468336957,744.7372049358328,728.5083181050524,735.8262329101562,9258.0,738.6538452148437,743.8809448242188,733.9618988037109,52.236353055094796,8.874817358960627,743.0446166992188,745.6830444335938,737.3197021484375
2025-05-05,748.421059112891,748.421059112891,734.8305767888388,742.7459106445312,2303.0,740.9239013671875,743.9157897949219,734.9824279785156,54.451947126076576,8.547196711844435,735.8262329101562,743.0446166992188,745.6830444335938
2025-05-06,740.90399832611,741.4018172967601,718.4025443913752,721.9868774414062,13895.0,737.8573364257812,741.3868713378906,734.780810546875,47.35510055738501,6.537118664859122,742.7459106445312,735.8262329101562,743.0446166992188
2025-05-07,707.9483245279479,724.9737692689647,707.9483245279479,716.66015625,8264.0,732.0527587890625,737.8822204589844,733.1330261230469,45.70887236502347,4.46285048554364,721.9868774414062,742.7459106445312,735.8262329101562
2025-05-08,718.9003887369107,722.8331708976445,686.0443355142905,692.4164428710938,7038.0,721.9271240234375,731.6246398925781,731.7665130615235,39.05435451277553,0.8528814659899808,716.66015625,721.9868774414062,742.7459106445312
2025-05-09,659.1620671387906,686.7412494404541,659.1620671387906,666.8284912109375,28953.0,708.1275756835937,723.3907104492188,729.717984008789,33.50933629685005,-4.026365407872163,692.4164428710938,716.66015625,721.9868774414062
2025-05-12,702.9204132635433,719.9956289131363,694.9055396853563,696.8470458984375,48033.0,698.947802734375,719.9358520507812,729.01357421875,43.622326829566724,-5.408610129896715,666.8284912109375,692.4164428710938,716.66015625
2025-05-13,703.9160343332836,717.3571467286151,695.5526512019546,715.3161010742188,11922.0,697.6136474609375,717.7354919433594,729.8424438476562,48.783715732206474,-4.956613870965839,696.8470458984375,666.8284912109375,692.4164428710938
2025-05-14,726.2183620270113,737.8175079545157,709.7903354676874,731.744140625,14356.0,700.6304443359375,716.3416015625,730.2780364990234,52.913099833105406,-3.235501238168922,715.3161010742188,696.8470458984375,666.8284912109375
2025-05-15,722.5344909818465,874.1701424983312,722.5344909818465,856.9456176757812,383500.0,733.536279296875,727.7317016601562,736.6799926757812,71.66405280544727,8.137402854120865,731.744140625,715.3161010742188,696.8470458984375
2025-05-16,866.2050379803776,919.521439371248,852.2661063347164,893.2366333007812,159787.0,778.8179077148437,743.4727416992188,743.6768432617188,74.79697922102474,19.850073656010295,856.9456176757812,731.744140625,715.3161010742188
2025-05-19,891.5440285879041,891.5440285879041,863.3674863108591,882.633056640625,47014.0,815.9751098632812,757.4614562988281,750.688623046875,72.28230127811085,27.95458656031576,893.2366333007812,856.9456176757812,731.744140625
2025-05-20,876.460069951337,900.2060713771396,866.3045507687312,874.6181640625,29733.0,847.8355224609375,772.7245849609375,757.0557281494141,70.3568406092469,33.34634072058702,882.633056640625,893.2366333007812,856.9456176757812
2025-05-21,884.1265204851018,884.1265204851018,852.2661053324855,856.2486572265625,9989.0,872.73642578125,786.6834350585938,762.282827758789,66.01635147109585,35.72526049205703,874.6181640625,882.633056640625,893.2366333007812
2025-05-22,856.2486419776669,864.2635153679765,842.3594803406409,846.2424926757812,17085.0,870.59580078125,802.0660400390625,766.8453399658204,63.7106698241732,36.38374849138518,856.2486572265625,874.6181640625,882.633056640625
2025-05-23,845.4459856370466,866.1552427474134,834.3445982383606,849.8765258789062,8412.0,861.923779296875,820.3708435058594,771.8807769775391,64.19970529400194,36.7749226667047,846.2424926757812,856.2486572265625,874.6181640625
2025-05-26,851.3201957426284,882.085431937218,848.0346027434285,864.2634887695312,31275.0,858.2498657226563,837.1124877929688,778.524169921875,66.14484640056209,37.80998867378048,849.8765258789062,846.2424926757812,856.2486572265625
2025-05-27,864.3133039591061,871.1334605663243,851.9674294994732,857.642578125,16632.0,854.8547485351562,851.3451354980468,784.5403137207031,64.4104275743002,37.66189095071445,864.2634887695312,849.8765258789062,846.2424926757812
2025-05-28,858.2896853963205,872.37798674157,844.7988032843377,848.9307250976562,12899.0,853.391162109375,863.0637939453125,789.7026977539062,62.10289772166134,36.421701997974765,857.642578125,864.2634887695312,849.8765258789062
2025-05-29,846.4913946260829,896.0243824854065,846.4913946260829,886.5160522460938,27090.0,861.4458740234375,866.0208374023438,796.87626953125,67.51073388341115,38.033241571082954,848.9307250976562,857.642578125,864.2634887695312
2025-05-30,898.364132754259,917.1319450457298,889.7519007312322,900.7039184570312,35884.0,871.6113525390625,866.7675659179688,805.1201538085937,69.29209180108651,39.99421214152926,886.5160522460938,848.9307250976562,857.642578125
2025-06-02,897.2689625415258,913.7467590083776,875.8627459044458,878.0531616210938,27421.0,874.369287109375,866.3095764160156,811.8855163574219,63.32281375937404,39.26791261702874,900.7039184570312,886.5160522460938,848.9307250976562
2025-06-03,880.1936991262393,886.864485405441,861.0774387324509,865.6574096679688,8158.0,875.9722534179688,865.4135009765625,819.06904296875,60.26320963617488,37.26254203471183,878.0531616210938,900.7039184570312,886.5160522460938
2025-06-04,868.1963241336202,885.520449404405,863.3176736927326,871.979736328125,7406.0,880.5820556640625,866.9866088867187,826.8350219726562,61.290541748667216,35.77108353957897,865.6574096679688,878.0531616210938,900.7039184570312
2025-06-05,880.5919740080129,893.8339462430151,868.9927678862097,871.0338134765625,19897.0,877.4856079101562,869.4657409667968,835.7658905029297,61.03628666098512,34.119456017745506,871.979736328125,865.6574096679688,878.0531616210938
2025-06-06,871.0338261919741,877.6050730474457,861.7246357745358,865.4085083007812,10193.0,870.4265258789062,871.0189392089844,845.6948913574219,59.456669566866935,31.987877848238213,871.0338134765625,871.979736328125,865.6574096679688
2025-06-09,881.0898337164534,918.4760273366436,865.8067544154082,909.81396484375,28061.0,876.7786865234375,875.5739868164062,856.3432373046875,66.76798237362851,33.49561937301223,865.4085083007812,871.0338134765625,871.979736328125
2025-06-10,914.9912478452036,921.4628943207136,892.6889341451098,894.3815307617188,32636.0,882.5235107421875,879.2478820800782,865.2965087890625,62.54652958736111,33.064104522653,909.81396484375,865.4085083007812,871.0338134765625
2025-06-11,904.985136240462,908.8680878245898,881.6871836600212,898.8619384765625,10549.0,887.899951171875,884.2410034179687,873.6523986816406,63.272555602519105,32.70663561688718,894.3815307617188,909.81396484375,865.4085083007812
2025-06-12,888.308220274445,933.51014822542,888.308220274445,892.6392211914062,63961.0,892.2210327148438,884.8533203125,875.4370788574219,61.489725777045976,31.557443093988354,898.8619384765625,894.3815307617188,909.81396484375
2025-06-13,858.2399166606887,892.639195830138,858.2399166606887,878.4513549804688,29591.0,894.8296020507812,882.6280639648437,874.6978149414062,57.510801856320896,29.165654005443002,892.6392211914062,898.8619384765625,894.3815307617188
2025-06-16,862.7700775718971,876.908149011475,834.0459462178345,865.10986328125,67300.0,885.8887817382813,881.3337341308594,873.8216552734375,53.9739316475426,25.89509450985929,878.4513549804688,892.6392211914062,898.8619384765625
2025-06-17,866.1054628713853,883.5788964548074,852.8136599945542,856.5473022460938,11117.0,878.3219360351562,880.4227233886719,872.9181121826172,51.77324086308851,22.35453625256787,865.10986328125,878.4513549804688,892.6392211914062
2025-06-18,861.1770465572421,861.1770465572421,847.3874246557069,850.8223876953125,10928.0,868.7140258789062,878.3069885253906,872.6467987060547,50.29663723302801,18.869153707874602,856.5473022460938,865.10986328125,878.4513549804688
2025-06-19,852.2661083136968,857.2940679437729,829.4162045877175,831.8555297851562,12726.0,856.5572875976562,874.38916015625,871.9274505615234,45.651246144281814,14.410382095035516,850.8223876953125,856.5473022460938,865.10986328125
2025-06-20,831.3577071872689,849.0302812023276,822.8947844194943,841.3140869140625,9490.0,849.129833984375,871.9797180175781,871.4993286132812,48.219645409098604,11.50735040756706,831.8555297851562,850.8223876953125,856.5473022460938
2025-06-23,832.4528783128785,843.8031754225906,824.886054085683,842.2599487304688,7414.0,844.5598510742187,865.22431640625,870.3991516113281,48.48183822662629,9.17721084966172,841.3140869140625,831.8555297851562,850.8223876953125
2025-06-24,843.3551305374418,861.1273047675653,843.3551305374418,847.7359619140625,4727.0,842.7975830078125,860.5597595214844,869.9038208007812,50.05850101772438,7.683852295012116,842.2599487304688,841.3140869140625,831.8555297851562
2025-06-25,844.8485512753117,865.408498786945,844.8485512753117,850.7228393554688,18395.0,842.7776733398438,855.745849609375,869.9934265136719,50.94044233575489,6.664546188603822,847.7359619140625,842.2599487304688,841.3140869140625
2025-06-26,854.2573470685711,874.3692454820108,851.7682522344552,863.6661376953125,30145.0,849.139794921875,852.8485412597656,868.8509307861328,54.6757071353476,6.822509121649205,850.7228393554688,847.7359619140625,842.2599487304688
2025-06-27,874.1203842497719,874.1203842497719,848.4827060431865,858.090576171875,10417.0,852.4950927734375,850.8124633789063,866.720263671875,52.810419885659975,6.423745724055607,863.6661376953125,850.7228393554688,847.7359619140625
2025-06-30,852.415429232261,865.3587221879592,841.463412115901,847.93505859375,10408.0,853.6301147460938,849.0949829101562,865.2143585205079,49.498059231685936,5.2279924208590955,858.090576171875,863.6661376953125,850.7228393554688
2025-07-01,846.3420326474227,863.2678779054904,846.3420326474227,853.7097778320312,17123.0,854.8248779296875,848.81123046875,864.616976928711,51.36603471690068,4.6922317673246425,847.93505859375,858.090576171875,863.6661376953125
2025-07-02,860.729023326527,860.729023326527,836.3358931107955,843.3053588867188,10609.0,853.3413818359375,848.0595275878907,863.1832580566406,47.92642047608952,3.389021404760456,853.7097778320312,847.93505859375,858.090576171875
2025-07-03,838.3271536300675,850.1254390262014,836.1865077306896,844.151611328125,6883.0,849.4384765625,849.2891357421875,861.8391479492187,48.23007379346914,2.3968736356299587,843.3053588867188,853.7097778320312,847.93505859375
2025-07-04,842.4590689161045,861.2268198149086,838.1280074071299,852.21630859375,18928.0,848.263623046875,850.3793579101563,861.1795379638672,51.15333951344441,2.2355727592313315,844.151611328125,843.3053588867188,853.7097778320312
2025-07-07,837.381266123935,860.2311686962114,837.381266123935,843.2555541992188,17406.0,847.3277221679688,850.4789184570312,857.8516174316406,47.915830712992154,1.3689028017001874,852.21630859375,844.151611328125,843.3053588867188
2025-07-08,846.2424981991271,849.6276308095498,828.0721053873999,830.362060546875,5391.0,842.6581787109375,848.7415283203125,854.6506439208985,43.63630486740884,-0.35425295839525006,843.2555541992188,852.21630859375,844.151611328125
2025-07-09,830.4118187074861,841.5132061396897,826.3794971702581,829.217041015625,10057.0,839.8405151367188,846.5909484863281,851.1683990478516,43.266734014022255,-1.791607286223325,830.362060546875,843.2555541992188,852.21630859375
2025-07-10,826.4292814459975,934.9040499851752,826.4292814459975,915.5388793945312,303495.0,854.11796875,851.77822265625,852.3133819580078,66.38247916174623,3.9887501599348525,829.217041015625,830.362060546875,843.2555541992188
2025-07-11,901.1020966049016,962.5827387968784,891.6933060104027,912.8008422851562,440421.0,866.2348754882812,857.2492492675781,854.0308563232422,65.47125731001577,8.253645481847343,915.5388793945312,829.217041015625,830.362060546875
2025-07-14,910.1126356769907,927.38699075855,902.1973625036154,917.1817016601562,57901.0,881.0201049804688,864.1739135742188,856.6344482421875,66.269074844566,11.85049931118806,912.8008422851562,915.5388793945312,829.217041015625
2025-07-15,916.1362821117308,926.5904805651828,905.7318534018927,912.3030395507812,18723.0,897.40830078125,870.0332397460937,859.4222351074219,64.48222147814238,14.144317735009736,917.1817016601562,912.8008422851562,915.5388793945312
2025-07-16,907.0261859717144,952.8753020989378,907.0261859717144,940.6289672851562,69997.0,919.6906860351562,879.7656005859375,863.912564086914,69.60644023177692,18.039898282512354,912.3030395507812,917.1817016601562,912.8008422851562
2025-07-17,940.678738339225,951.6307559677424,928.9302224915084,933.858642578125,32774.0,923.354638671875,888.7363037109375,869.0127197265625,67.11410914055728,20.34632553503741,940.6289672851562,912.3030395507812,917.1817016601562
2025-07-18,938.5381246111284,938.5381246111284,910.5108924071576,914.8917236328124,10174.0,923.7728149414063,895.0038452148438,872.6916015625,60.57087947183173,20.408457904939155,933.858642578125,940.6289672851562,912.3030395507812
2025-07-21,915.9868954165066,931.2699133313783,908.7685204254526,916.18603515625,26537.0,923.573681640625,902.2968933105469,876.387905883789,60.851372190435356,20.327812015364998,914.8917236328124,933.858642578125,940.6289672851562
2025-07-22,929.3782624463636,929.3782624463636,899.7082635029069,904.5868530273438,28747.0,922.0304443359375,909.7193725585937,879.2304504394531,56.94197108558391,19.107681054385694,916.18603515625,914.8917236328124,933.858642578125
2025-07-23,894.7300672102903,921.6620615779764,894.7300672102903,912.6515502929688,15937.0,916.4349609375,918.0628234863282,882.3268859863281,58.91818895153105,18.577324316353383,904.5868530273438,916.18603515625,914.8917236328124
2025-07-24,905.3833312105309,939.5835307136654,905.3833312105309,935.899658203125,35352.0,916.8431640625,920.0989013671875,885.9385620117188,64.04166259188264,19.804645174644065,912.6515502929688,904.5868530273438,916.18603515625
2025-07-25,936.9450678826072,939.0857137534044,905.33356340234,911.5065307617188,17213.0,916.1661254882813,919.9694702148438,888.6093597412109,56.131488533194265,18.59463687541904,935.899658203125,912.6515502929688,904.5868530273438
2025-07-28,901.201705387257,912.5021716947864,888.7064006294396,898.3143310546875,22257.0,912.5917846679688,918.0827331542969,891.1283233642578,52.36449578861018,16.382350774036126,911.5065307617188,935.899658203125,912.6515502929688
2025-07-29,898.7125953992924,918.973802822426,889.9011633204144,917.1318969726562,6645.0,915.1007934570313,918.5656188964844,894.299429321289,56.81632723573468,15.9635011008927,898.3143310546875,911.5065307617188,935.899658203125
2025-07-30,917.6297407743064,926.4908820665,910.4611353817006,913.0,9153.0,915.1704833984375,915.8027221679688,897.7841613769531,55.58787371315773,15.123812269689324,917.1318969726562,898.3143310546875,911.5065307617188
2025-07-31,901.0499877929688,913.5,896.4500122070312,904.5,11153.0,908.8905517578125,912.8668579101562,900.8015808105469,53.0469025914721,13.61552258974723,913.0,917.1318969726562,898.3143310546875
2025-08-01,900.75,907.4000244140624,861.5999755859375,871.25,15852.0,900.8392456054687,908.502685546875,901.7532653808594,44.48135582195945,9.62622984802897,904.5,913.0,917.1318969726562
2025-08-04,872.9500122070312,888.7999877929688,863.5499877929688,884.0999755859375,9940.0,897.9963745117187,905.2940795898437,903.7954864501953,47.97744177506912,7.4160842441590376,871.25,904.5,913.0
2025-08-05,870.0499877929688,889.0,860.0,866.5999755859375,12747.0,887.889990234375,901.4953918457031,905.6073822021484,43.92107992747537,4.203963508999777,884.0999755859375,871.25,904.5
2025-08-06,872.0,945.0,871.5999755859375,917.25,367203.0,888.739990234375,901.9552368164062,910.0090301513671,55.61717389296972,5.679894071361446,866.5999755859375,884.0999755859375,871.25
2025-08-07,914.0,917.75,884.5,910.4000244140624,35652.0,889.9199951171875,899.4052734375,909.7520874023437,53.97753466574318,6.22508498862021,917.25,866.5999755859375,884.0999755859375
2025-08-08,892.3499755859375,918.4500122070312,892.3499755859375,904.3499755859376,9052.0,896.539990234375,898.6896179199218,909.3295440673828,52.505233959521654,6.098662752449741,910.4000244140624,917.25,866.5999755859375
2025-08-11,909.5,915.0,898.5999755859375,911.2000122070312,6376.0,901.9599975585937,899.9781860351562,909.0304595947266,54.03399270328865,6.476555229469454,904.3499755859376,910.4000244140624,917.25
2025-08-12,916.75,916.75,888.5999755859375,895.5,8298.0,907.7400024414062,897.8149963378906,908.1903076171875,50.05704237101584,5.44639531056805,911.2000122070312,904.3499755859376,910.4000244140624
2025-08-13,898.5,922.0999755859376,891.4500122070312,904.8499755859376,11112.0,905.2599975585938,896.9999938964844,906.4013580322265,52.308279622584415,5.323089776283609,895.5,911.2000122070312,904.3499755859376
2025-08-14,935.9500122070312,935.9500122070312,899.0,902.3499755859376,12178.0,903.6499877929688,896.7849914550782,904.8259246826171,51.63803866686583,4.966390685020542,904.8499755859376,895.5,911.2000122070312
2025-08-18,923.5499877929688,956.25,908.5499877929688,946.0999755859376,23599.0,911.9999877929689,904.2699890136719,906.3863372802734,61.04494953403709,8.120357030212972,902.3499755859376,904.8499755859376,895.5
2025-08-19,947.4500122070312,977.0,940.2000122070312,960.9000244140624,108807.0,921.939990234375,911.9499938964843,908.622036743164,63.622713775805344,11.679504278060676,946.0999755859376,902.3499755859376,904.8499755859376
2025-08-20,972.0499877929688,972.0499877929688,950.5499877929688,961.7000122070312,17161.0,935.1799926757812,921.4599975585937,911.4776947021485,63.76230076345032,14.398726882758638,960.9000244140624,946.0999755859376,902.3499755859376
2025-08-21,961.4000244140624,966.75,935.0499877929688,947.1500244140624,25441.0,943.6400024414063,924.45,913.2026184082031,59.305019468565334,15.204401100872246,961.7000122070312,960.9000244140624,946.0999755859376
2025-08-22,949.0,966.0,943.1500244140624,947.4500122070312,22395.0,952.660009765625,928.1549987792969,913.7801361083984,59.36808600509695,15.686288462071161,947.1500244140624,961.7000122070312,960.9000244140624
2025-08-25,941.0499877929688,988.7999877929688,941.0499877929688,974.75,47107.0,958.3900146484375,935.1950012207031,916.9423095703125,64.72557869523163,18.06285122185625,947.4500122070312,947.1500244140624,961.7000122070312
2025-08-26,975.0499877929688,980.0,916.3499755859376,924.9500122070312,15416.0,951.2000122070312,936.5700012207031,918.2740936279297,51.40918826511617,15.746337534820213,974.75,947.4500122070312,947.1500244140624
2025-08-28,908.0499877929688,915.4000244140624,894.4500122070312,899.75,27208.0,938.810009765625,936.9950012207031,917.4049987792969,46.2264710117305,11.74170233290829,924.9500122070312,974.75,947.4500122070312
2025-08-29,899.0,909.6500244140624,895.5,897.9000244140625,5739.0,928.960009765625,936.3000061035157,916.65,45.86095217207703,8.322782656943446,899.75,924.9500122070312,974.75
2025-09-01,889.8499755859375,919.75,889.8499755859375,915.8499755859376,7145.0,922.6400024414063,937.6500061035156,917.2174987792969,49.992705126260475,6.981200295958956,897.9000244140625,899.75,924.9500122070312
2025-09-02,935.6500244140624,940.25,913.2999877929688,917.5499877929688,8100.0,911.2,934.7950073242188,919.5324981689453,50.37895035831543,5.986158675851584,915.8499755859376,897.9000244140625,899.75
2025-09-03,906.25,910.5,871.4500122070312,892.2999877929688,73991.0,904.6699951171875,927.9350036621094,919.9424987792969,44.839296995340035,3.1241043162134474,917.5499877929688,915.8499755859376,897.9000244140625
2025-09-04,899.9500122070312,905.0,872.0,879.75,17797.0,900.6699951171875,919.7400024414062,920.6,42.34687569679609,-0.15498692130358904,892.2999877929688,917.5499877929688,915.8499755859376
2025-09-05,881.0,881.5,862.0499877929688,866.1500244140625,7002.0,894.3199951171875,911.6400024414063,918.0450012207032,39.76718845985402,-3.8072076023241834,879.75,892.2999877929688,917.5499877929688
2025-09-08,859.1500244140625,870.7999877929688,855.9500122070312,863.6500244140625,6323.0,883.8800048828125,903.2600036621094,915.7075012207031,39.2933273680788,-6.82467728002041,866.1500244140625,879.75,892.2999877929688
2025-09-09,872.0,878.0999755859375,861.9000244140625,862.7999877929688,13112.0,872.9300048828125,892.0650024414062,913.6300018310546,39.12262620724789,-9.178826788957736,863.6500244140625,866.1500244140625,879.75
2025-09-10,875.0499877929688,898.2000122070312,864.6500244140625,888.0499877929688,27949.0,872.0800048828125,888.375,912.4725006103515,46.55057851206979,-8.90439889095751,862.7999877929688,863.6500244140625,866.1500244140625
2025-09-11,891.0,894.0,880.2000122070312,882.5499877929688,7645.0,872.6400024414063,886.6549987792969,911.825,45.255284124636006,-9.026663086074564,888.0499877929688,862.7999877929688,863.6500244140625
2025-09-12,883.0,890.3499755859375,878.8499755859375,886.0,9619.0,876.6099975585937,885.4649963378906,910.8825012207031,46.26532888901785,-8.744371517744185,882.5499877929688,888.0499877929688,862.7999877929688
2025-09-15,890.0499877929688,898.0499877929688,887.5999755859375,889.1500244140625,7563.0,881.7099975585937,882.7950012207032,910.2225036621094,47.22279362008402,-8.172267953768142,886.0,882.5499877929688,888.0499877929688
2025-09-16,897.2000122070312,970.0,888.4000244140625,931.2999877929688,193497.0,895.4099975585938,884.1700012207032,909.4825042724609,58.005515627756836,-4.2685171659678645,889.1500244140625,886.0,882.5499877929688
2025-09-17,935.6500244140624,954.5,930.9000244140624,950.2000122070312,33259.0,907.8400024414062,889.9600036621093,908.9475036621094,61.77655987723653,0.3463153665184109,931.2999877929688,889.1500244140625,886.0
2025-09-18,950.0,958.75,934.9000244140624,940.8499755859376,25303.0,919.5,896.0700012207031,907.9050018310547,58.95601430624299,3.212106419444467,950.2000122070312,931.2999877929688,889.1500244140625
2025-09-19,935.2999877929688,968.5,935.2999877929688,963.0999755859376,17432.0,934.9199951171875,905.7649963378906,908.7024993896484,63.25538142817782,7.195707883481077,940.8499755859376,950.2000122070312,931.2999877929688
2025-09-22,981.4500122070312,981.4500122070312,956.25,964.7999877929688,12123.0,950.0499877929688,915.8799926757813,909.5699981689453,63.569380430830336,10.370374301922652,963.0999755859376,940.8499755859376,950.2000122070312
2025-09-23,969.9500122070312,971.2000122070312,951.2000122070312,954.7000122070312,8747.0,954.7299926757812,925.0699951171875,908.5674987792969,60.27391403858324,11.933771599522402,964.7999877929688,963.0999755859376,940.8499755859376
2025-09-24,946.6500244140624,984.4000244140624,946.6500244140624,972.25,39254.0,959.139990234375,933.4899963378906,910.9324981689454,63.786895399404656,14.42265715121755,954.7000122070312,964.7999877929688,963.0999755859376
2025-09-25,966.0499877929688,973.0,940.2000122070312,949.1500244140624,9305.0,960.8,940.15,913.4024993896485,56.681899250809685,14.365544848382797,972.25,954.7000122070312,964.7999877929688
2025-09-26,940.5499877929688,949.0,911.3499755859376,915.0,24815.0,951.1800048828125,943.05,914.2574981689453,48.14420525694483,11.432870357594084,949.1500244140624,972.25,954.7000122070312
2025-09-29,919.0,942.4000244140624,906.0499877929688,921.0,17298.0,942.4200073242188,946.2349975585937,914.5149993896484,49.58113061473558,9.483534270992322,915.0,949.1500244140624,972.25
