Date,Open,High,Low,Close,Volume,MA_5,MA_10,MA_20,RSI,MACD,Close_Lag1,Close_Lag2,Close_Lag3
2020-01-28,68.35003064519678,68.35003064519678,66.6756487467608,67.13390350341797,235446.0,69.16782836914062,69.60845413208008,68.90080680847169,38.86842473399716,0.07121051741231099,67.99752807617188,69.4251480102539,70.9408950805664
2020-01-29,67.13389815257268,68.24427668260189,66.74614562972421,67.80364990234375,383921.0,68.66022491455078,69.53266754150391,68.8461685180664,43.32432484833185,-0.03805768210641247,67.13390350341797,67.99752807617188,69.4251480102539
2020-01-30,67.76839853198167,68.8259028003611,67.73314743348105,68.52627563476562,306146.0,68.17730102539062,69.46216659545898,68.8320686340332,47.74966499743955,-0.06558760698221988,67.80364990234375,67.13390350341797,67.99752807617188
2020-01-31,69.09027885675538,69.09027885675538,65.28326540362167,65.88251495361328,2048199.0,67.4687744140625,69.092041015625,68.72543716430664,36.5158994018082,-0.29730748728188416,68.52627563476562,67.80364990234375,67.13390350341797
2020-02-03,64.15525280433647,66.60513937057087,62.5689965536798,66.16451263427734,742113.0,67.1021713256836,68.48926162719727,68.63026275634766,38.186401913998964,-0.45297074105592117,65.88251495361328,68.52627563476562,67.80364990234375
2020-02-04,66.16451478429205,68.82589844554408,66.16451478429205,68.49102020263672,301986.0,67.37359466552735,68.27071151733398,68.67432518005371,49.899413841773104,-0.3841767237042859,66.16451263427734,65.88251495361328,68.52627563476562
2020-02-05,69.07265569142568,69.07265569142568,66.28789062717344,66.81664276123047,460445.0,67.17619323730469,67.91820907592773,68.65758171081544,43.509407250323775,-0.4594687655642815,68.49102020263672,66.16451263427734,65.88251495361328
2020-02-06,66.975279101436,68.24428534589518,66.6051544714762,68.03278350830078,682285.0,67.07749481201172,67.62739791870118,68.6567008972168,48.652671888919656,-0.41620806907218366,66.81664276123047,68.49102020263672,66.16451263427734
2020-02-07,67.90940382981888,67.90940382981888,66.53464912206125,67.13390350341797,1409995.0,67.32777252197266,67.39827346801758,68.6232135772705,45.36501588583498,-0.4492767765511161,68.03278350830078,66.81664276123047,68.49102020263672
2020-02-10,67.16914237263785,67.3101467628026,65.12463608852588,65.79438781738281,895735.0,67.25374755859374,67.17795944213867,68.47956924438476,40.92670958412462,-0.5769212969485125,67.13390350341797,68.03278350830078,66.81664276123047
2020-02-11,66.0235062852716,67.39826548640346,66.0235062852716,66.79901123046875,1209155.0,66.91534576416015,67.14447021484375,68.37646217346192,45.252824917885114,-0.5902121868490298,65.79438781738281,67.13390350341797,68.03278350830078
2020-02-12,66.79902141438026,67.64502389559699,66.48177108156233,66.74614715576172,497602.0,66.9012466430664,67.03871994018554,68.28569374084472,45.06580147232961,-0.5981162896041354,66.79901123046875,65.79438781738281,67.13390350341797
2020-02-13,66.62277018517364,67.38064730248736,66.19976655726957,67.09864807128906,1043954.0,66.71441955566407,66.8959571838379,68.17906188964844,46.64914814695437,-0.5693730914972264,66.74614715576172,66.79901123046875,65.79438781738281
2020-02-14,67.29251615873874,67.50401795450412,64.68400676058228,64.91313171386719,1867169.0,66.2702651977539,66.79901885986328,67.94552993774414,39.12051289341606,-0.7147080948089695,67.09864807128906,66.74614715576172,66.79901123046875
2020-02-17,64.87788724363901,65.49476475531053,63.6793833200414,64.68401336669922,598129.0,66.04819030761719,66.65096893310547,67.57011528015137,38.420468335655684,-0.838706975869357,64.91313171386719,67.09864807128906,66.74614715576172
2020-02-18,64.50778074522276,65.53003423796916,63.802777676968965,65.21278381347656,1116801.0,65.73094482421875,66.32314529418946,67.29692840576172,41.04258243650394,-0.8841180638419104,64.68401336669922,64.91313171386719,67.09864807128906
2020-02-19,65.88252208468055,66.23502354557355,64.54301844572997,66.07640075683594,133625.0,65.5969955444336,66.24912109375,67.08366508483887,45.150542423829826,-0.8407286123405555,65.21278381347656,64.68401336669922,64.91313171386719
2020-02-20,66.12926964929648,67.25727136388322,65.54764324227914,66.74614715576172,337454.0,65.52649536132813,66.12045745849609,66.87392768859863,48.166808298917175,-0.7437260118215789,66.07640075683594,65.21278381347656,64.68401336669922
2020-02-24,66.74615463363016,66.74615463363016,65.2832744820552,65.75914764404297,371219.0,65.69569854736328,65.9829818725586,66.69062767028808,44.30049456391534,-0.737986317058386,66.74614715576172,66.07640075683594,65.21278381347656
2020-02-25,65.75912984812285,66.11163122448612,65.3361310651505,65.65338134765625,860509.0,65.88957214355469,65.96888122558593,66.5734203338623,43.89389362960493,-0.7335165021601426,65.75914764404297,66.74614715576172,66.07640075683594
2020-02-26,65.56526617362378,66.41126865190083,64.86026331154181,65.60051727294922,1118491.0,65.96711883544921,65.84903182983399,66.49675102233887,43.678108436218444,-0.7258724251975792,65.65338134765625,65.75914764404297,66.74614715576172
2020-02-27,65.84725801720778,66.19975940869413,63.96137939764069,65.97063446044922,1890813.0,65.94596557617187,65.77148056030273,66.40510025024415,45.69114419260709,-0.6820864077745057,65.60051727294922,65.65338134765625,65.75914764404297
2020-02-28,65.03651198079764,65.31851120431513,63.2035026846144,63.97900772094727,851970.0,65.39253768920898,65.45951652526855,66.17773685455322,37.85128499033648,-0.7988842661323758,65.97063446044922,65.60051727294922,65.65338134765625
2020-03-02,64.57826153145379,66.00589035840528,64.10238366210113,64.87788391113281,1418066.0,65.21628494262696,65.45599174499512,66.1275053024292,42.63535118691082,-0.8095832423679639,63.97900772094727,65.97063446044922,65.60051727294922
2020-03-03,64.87788033411175,68.52627075652063,64.24337973069551,67.90939331054688,369062.0,65.66748733520508,65.77852973937988,66.21474933624268,55.16921780652114,-0.5669098016606142,64.87788391113281,63.97900772094727,65.97063446044922
2020-03-04,67.32778262022659,69.76004187384578,66.48178002519913,69.47804260253906,417091.0,66.44299240112305,66.20505561828614,66.2641004562378,60.035194808717065,-0.24518611055820827,67.90939331054688,64.87788391113281,63.97900772094727
2020-03-05,69.77765830997018,70.28878250256626,68.68490294691718,69.09027862548828,256754.0,67.06692123413086,66.50644340515137,66.37778224945069,58.349204923304164,-0.021261984809001433,69.47804260253906,67.90939331054688,64.87788391113281
2020-03-06,67.68026164601736,67.89176341988231,66.41125578393338,67.20438385009766,411630.0,67.71199645996094,66.55226707458496,66.33636226654053,50.86714648535679,0.0039776984084625155,69.09027862548828,69.47804260253906,67.90939331054688
2020-03-09,66.76376425451528,66.76376425451528,62.780500343930726,63.80275344848633,1512678.0,67.49697036743164,66.3566276550293,66.16980476379395,40.723659036254276,-0.24764808265690874,67.20438385009766,69.09027862548828,69.47804260253906
2020-03-11,63.450255591022085,64.77213591583505,62.60425313936309,63.97900772094727,2820455.0,66.71089324951171,66.1891902923584,66.07903575897217,41.37598206932171,-0.42790841836473703,63.80275344848633,67.20438385009766,69.09027862548828
2020-03-12,63.99662970507124,63.99662970507124,58.16273322439977,58.46236038208008,2140385.0,64.50775680541992,65.47537460327149,65.66220321655274,30.180778106927704,-1.0043360084914355,63.97900772094727,63.80275344848633,67.20438385009766
2020-03-13,56.7527344278084,60.85937543484146,52.87521841100162,59.20262145996094,772374.0,62.530225372314455,64.79857330322265,65.2850269317627,32.807993513592734,-1.385455475927941,58.46236038208008,63.97900772094727,63.80275344848633
2020-03-16,61.32669009517343,61.32669009517343,58.33560102170584,59.50193786621094,1499457.0,60.98973617553711,64.35086631774902,64.90519142150879,33.8911975217878,-1.644387590646815,59.20262145996094,58.46236038208008,63.97900772094727
2020-03-17,59.25737915929702,64.05440509124011,58.59896383530483,61.00688171386719,713613.0,60.43056182861328,63.96376609802246,64.70987892150879,39.19858495789745,-1.7084626717030247,59.50193786621094,59.20262145996094,58.46236038208008
2020-03-18,61.90984774221475,61.98509724594685,48.816791305988495,54.12173843383789,2235774.0,58.45910797119141,62.585000610351564,64.18176517486572,28.08831597148813,-2.2884364849351257,61.00688171386719,59.50193786621094,59.20262145996094
2020-03-19,54.87421676477602,57.13164079264713,52.72966189708027,55.41975784301758,2212610.0,57.85058746337891,61.179172134399415,63.69211387634277,32.001296644929994,-2.6132071665364194,54.12173843383789,61.00688171386719,59.50193786621094
2020-03-20,56.24747907850477,60.724702145081054,56.05936041937934,59.25737762451172,3718321.0,57.86153869628906,60.19588203430176,63.35116271972656,42.042452035171344,-2.531742080759706,55.41975784301758,54.12173843383789,61.00688171386719
2020-03-23,53.33164625391167,58.54253475682543,53.33164625391167,57.48906707763672,862627.0,57.45896453857422,59.22435035705566,62.888308715820315,39.17206290722604,-2.580126207257898,59.25737762451172,55.41975784301758,54.12173843383789
2020-03-24,57.94054154028039,58.93756931890354,54.761334460001656,55.344505310058594,559870.0,56.3264892578125,58.37852554321289,62.367576599121094,35.96506759348999,-2.7597070034121955,57.48906707763672,59.25737762451172,55.41975784301758
2020-03-25,55.49500324614131,59.01282311659048,55.49500324614131,56.49203109741211,454429.0,56.80054779052735,57.629827880859374,61.909509086608885,38.84994467968059,-2.777414037266567,55.344505310058594,57.48906707763672,59.25737762451172
2020-03-26,58.69301286480994,60.83756729916501,55.476186316321794,59.690040588378906,652478.0,57.65460433959961,57.75259590148926,61.613985252380374,46.133317867317395,-2.5045237592432557,56.49203109741211,55.344505310058594,57.48906707763672
2020-03-27,59.82172309853522,62.58706792275562,58.91875471388318,60.21677017211914,579742.0,57.846482849121095,57.85401077270508,61.32629203796387,47.247789498003016,-2.220160939191665,59.690040588378906,56.49203109741211,55.344505310058594
2020-03-30,60.2167827247114,60.2167827247114,57.69599567137632,58.58015441894531,5676039.0,58.064700317382815,57.76183242797852,61.05634937286377,44.18862402385177,-2.102624819014771,60.21677017211914,59.690040588378906,56.49203109741211
2020-03-31,61.590045016781566,61.590045016781566,58.881134549026974,59.82172775268555,248971.0,58.9601448059082,57.64331703186035,60.803541564941405,46.992563338900915,-1.887533691751429,58.58015441894531,60.21677017211914,59.690040588378906
2020-04-01,60.19795973208131,60.969244049930886,57.65835830588413,58.09103012084961,1535483.0,59.279944610595706,58.040246200561526,60.31262340545654,43.69699050595551,-1.8355659963867055,59.82172775268555,58.58015441894531,60.21677017211914
2020-04-03,60.009865264022,60.292043313852815,57.18808476571375,58.8247184753418,313491.0,59.10688018798828,58.38074226379395,59.77995719909668,45.44370435081334,-1.7154045885900473,58.09103012084961,59.82172775268555,58.58015441894531
2020-04-07,60.19798137245994,60.89402155268824,58.89996035789783,59.42669677734375,230209.0,58.948865509033205,58.39767417907715,59.29677810668945,46.89931156764807,-1.553691204104311,58.8247184753418,58.09103012084961,59.82172775268555
2020-04-08,60.16034474334179,61.13856276824269,58.48609177859235,59.577178955078125,309907.0,59.14827041625976,58.60648536682129,58.91541786193848,47.27799833510459,-1.3972825245414668,59.42669677734375,58.8247184753418,58.09103012084961
2020-04-09,60.49895723969306,62.66232176621818,59.76529754904639,61.79697799682617,583059.0,59.54332046508789,59.251732635498044,58.815129089355466,52.64308405579627,-1.0817386779691205,59.577178955078125,59.42669677734375,58.8247184753418
2020-04-13,62.26728060669544,62.26728060669544,59.20094726510173,60.25440979003906,716738.0,59.97599639892578,59.62797050476074,58.62889919281006,48.9177386395597,-0.9452440832989453,61.79697799682617,59.577178955078125,59.42669677734375
2020-04-15,60.8751890357008,61.59004394042418,59.63360806978744,60.04747009277344,327047.0,60.22054672241211,59.663713455200195,58.70815467834473,48.42267828742599,-0.8440398714925124,60.25440979003906,61.79697799682617,59.577178955078125
2020-04-16,60.04748807875698,62.69995961999429,59.44550723801594,61.47718811035156,529442.0,60.630644989013675,59.789755249023436,58.821883010864255,52.034389479393276,-0.6410785546123847,60.04747009277344,60.25440979003906,61.79697799682617
2020-04-17,62.30490935424312,65.14549945021639,62.26728459671749,63.095008850097656,496729.0,61.33421096801758,60.241240692138675,59.0015365600586,55.8056430887462,-0.34570061423239906,61.47718811035156,60.04747009277344,60.25440979003906
2020-04-20,63.96035300602097,63.96035300602097,61.02570355637485,62.286094665527344,167630.0,61.43203430175781,60.48767738342285,59.0654972076416,53.5390019392918,-0.17486830969262712,63.095008850097656,61.47718811035156,60.04747009277344
2020-04-21,62.07915455654124,62.39895728244151,60.96925247931236,61.19499588012695,345527.0,61.62015151977539,60.79807395935059,59.41916007995606,50.556193755464236,-0.1260717541484766,62.286094665527344,63.095008850097656,61.47718811035156
2020-04-22,60.55539202271548,61.232617082875024,58.93756866315372,61.04449844360352,186953.0,61.819557189941406,61.02005195617676,59.70039710998535,50.141239868199904,-0.09840961292746186,61.19499588012695,62.286094665527344,63.095008850097656
2020-04-23,61.51480918789492,61.51480918789492,59.31381958166382,59.46431350708008,236445.0,61.41698226928711,61.02381362915039,59.71074390411377,45.88290444157845,-0.2016701569022885,61.04449844360352,61.19499588012695,62.286094665527344
2020-04-24,59.33262816633502,60.19797197221752,58.56133858861379,59.95341873168945,203998.0,60.78866424560547,61.06143760681152,59.833961486816406,47.3727276251369,-0.24125711609433154,59.46431350708008,61.04449844360352,61.19499588012695
2020-04-27,60.9504385318963,60.9504385318963,59.389054861719,60.04747009277344,142497.0,60.340939331054685,60.88648681640625,60.069109725952146,47.67105266871413,-0.2620204984392913,59.95341873168945,59.46431350708008,61.04449844360352
2020-04-28,60.235588250132935,60.46133163387561,59.03162693886839,59.16331100463867,281719.0,59.93460235595703,60.77737693786621,60.202673721313474,45.08374063938983,-0.3458333264133202,60.04747009277344,59.95341873168945,59.46431350708008
2020-04-29,60.57421577523598,60.57421577523598,58.71183877695292,59.46431350708008,320621.0,59.61856536865234,60.719061279296874,60.19138736724854,46.15516735544154,-0.3835459313103087,59.16331100463867,60.04747009277344,59.95341873168945
2020-04-30,60.19798040145562,61.4583766367203,59.200952371665714,60.96926498413086,4833441.0,59.9195556640625,60.6682689666748,60.22901210784912,51.27387657940836,-0.28866884089437406,59.46431350708008,59.16331100463867,60.04747009277344
2020-05-04,60.95044302698696,60.95044302698696,59.27618498904,59.802921295166016,163177.0,59.88945617675781,60.33906021118164,60.29015045166015,47.504738165495624,-0.30408692654411595,60.96926498413086,59.46431350708008,59.16331100463867
2020-05-05,60.235591056852016,62.36133072146961,60.235591056852016,61.55242156982422,402019.0,60.19044647216797,60.26569290161133,60.37668514251709,53.0766828162982,-0.17313996972666246,59.802921295166016,60.96926498413086,59.46431350708008
2020-05-06,62.26726913452149,62.71875590662409,61.23261662624394,62.26726913452149,599847.0,60.81123809814453,60.372920227050784,60.585497093200686,55.17048126805463,-0.011548218116317344,61.55242156982422,59.802921295166016,60.96926498413086
2020-05-07,62.64351581479093,62.64351581479093,60.5930203129685,60.81876373291016,117601.0,61.08212814331055,60.35034675598145,60.6851993560791,50.2750594284919,-0.0003636787425520538,62.26726913452149,61.55242156982422,59.802921295166016
2020-05-08,62.06033812843688,62.06033812843688,59.52073662138184,59.84053421020508,264694.0,60.85638198852539,60.38796882629394,60.70589122772217,47.22729266611008,-0.0696321220274072,60.81876373291016,62.26726913452149,61.55242156982422
2020-05-11,60.197968816293255,61.08212750389158,59.63361285864051,59.76529693603516,123499.0,60.84885711669923,60.36915664672851,60.71529712677002,46.991340515181044,-0.12911057528091874,59.84053421020508,60.81876373291016,62.26726913452149
2020-05-12,59.44550723801594,61.87224042914075,59.42669740985529,61.47718811035156,265207.0,60.833810424804696,60.51212844848633,60.69930763244629,52.77295875948131,-0.03767803813771309,59.76529693603516,59.84053421020508,60.81876373291016
2020-05-13,65.46529661861526,65.46529661861526,60.988073330250096,62.699951171875,423929.0,60.92034683227539,60.865792465209964,60.821584701538086,56.42853304345739,0.13192887237393336,61.47718811035156,59.76529693603516,59.84053421020508
2020-05-14,61.665309573872406,61.83461844710754,60.19798471700469,60.55541229248047,357794.0,60.86767654418945,60.97490234375,60.846981811523435,49.231055486824026,0.09223398997553289,62.699951171875,61.47718811035156,59.76529693603516
2020-05-15,60.29203404784205,60.81876530596604,59.65242852530507,60.17916488647461,716553.0,60.93540267944336,60.89589233398438,60.78208065032959,48.07253724285419,0.030068873201670954,60.55541229248047,62.699951171875,61.47718811035156
2020-05-18,60.17914951094505,60.79993994594765,57.67716774377264,58.12865447998047,2406451.0,60.60807418823242,60.72846565246582,60.53376293182373,42.23878130098033,-0.18255213530960646,60.17916488647461,60.55541229248047,62.699951171875
2020-05-19,58.24154168106907,59.89699015871287,57.92174400534071,59.50193786621094,256982.0,60.2130241394043,60.52341728210449,60.39455509185791,46.887475987415634,-0.23750550848598095,58.12865447998047,60.17916488647461,60.55541229248047
2020-05-20,58.35441483131815,60.38609552945709,58.35441483131815,59.67124557495117,926877.0,59.60728302001953,60.26381492614746,60.31836757659912,47.44901097333323,-0.2643475020609998,59.50193786621094,58.12865447998047,60.17916488647461
2020-05-21,59.46430403012666,59.93460066150396,59.08806672502483,59.76529693603516,181650.0,59.44925994873047,60.15846824645996,60.254407501220705,47.77930110270701,-0.2748623741821774,59.67124557495117,59.50193786621094,58.12865447998047
2020-05-22,59.37024151378964,59.37024151378964,58.01579137063593,58.655391693115234,905441.0,59.14450531005859,60.039953994750974,60.21396141052246,44.245144269657544,-0.36850763668460473,59.76529693603516,59.67124557495117,59.50193786621094
2020-05-26,58.35441698678547,59.70887253659024,58.35441698678547,59.21976089477539,1717483.0,59.36272659301758,59.985400390625,60.17727851867676,46.41557863306507,-0.3926560098895777,58.655391693115234,59.76529693603516,59.67124557495117
2020-05-27,59.40788291733292,59.42669784867867,58.61778337696637,59.1445198059082,3149587.0,59.29124298095703,59.75213356018067,60.132131004333495,46.157600063832284,-0.4131031012858486,59.21976089477539,58.655391693115234,59.76529693603516
2020-05-28,60.00985993969452,60.00985993969452,58.74946374166856,59.200950622558594,3783867.0,59.197183990478514,59.40223350524902,60.13401298522949,46.39822739798335,-0.4199135709799151,59.1445198059082,59.21976089477539,58.655391693115234
2020-05-29,59.40787197971955,59.69004997053808,58.97520008107352,59.27618789672852,1213633.0,59.099362182617185,59.27431106567383,60.124606704711915,46.7399889498769,-0.4144622353821674,59.200950622558594,59.1445198059082,59.21976089477539
2020-06-01,60.34845931942785,60.61182745938656,59.55836000259647,59.78410339355469,4078454.0,59.325104522705075,59.23480491638183,60.065348625183105,49.09943342663275,-0.364950554065814,59.27618789672852,59.200950622558594,59.1445198059082
2020-06-02,60.009864123805215,63.32075113769322,59.70887625092312,62.060359954833984,1894173.0,59.8932243347168,59.62797546386719,60.1782205581665,58.06537158573367,-0.14041865009407672,59.78410339355469,59.27618789672852,59.200950622558594
2020-06-03,62.4365865208636,63.03856216224433,61.665296937895846,61.87223052978516,301201.0,60.43876647949219,59.86500473022461,60.19421100616455,57.16906941860184,0.022089396319707078,62.060359954833984,59.78410339355469,59.27618789672852
2020-06-04,62.45539372524304,63.90390839550379,62.22965031767531,63.65935516357422,435209.0,61.330447387695315,60.26381568908691,60.263815307617186,63.010259252119226,0.2917214331419373,61.87223052978516,62.060359954833984,59.78410339355469
2020-06-05,63.24550551888245,65.59698917809844,62.02273401609014,64.52471160888672,576087.0,62.38015213012695,60.73975715637207,60.44911270141601,65.46617449943489,0.5686784270516156,63.65935516357422,61.87223052978516,62.060359954833984
2020-06-08,65.82272767109403,65.82272767109403,64.29896331289049,64.806884765625,726925.0,63.384708404541016,61.354906463623045,60.69743022918701,66.25298969623552,0.8016963985776258,64.52471160888672,63.65935516357422,61.87223052978516
2020-06-09,65.08906485666995,65.46530222578365,63.94154292209153,64.18609619140625,234211.0,63.80985565185547,61.85153999328613,60.918470191955564,62.859758441067335,0.9256025994243942,64.806884765625,64.52471160888672,63.65935516357422
2020-06-10,64.073214984907,64.4118326629012,63.471239341907,63.99797058105469,245051.0,64.23500366210938,62.33688507080078,61.04450931549072,61.82635357689879,0.9971247582429612,64.18609619140625,64.806884765625,64.52471160888672
2020-06-11,63.602913535837615,67.72271401283649,63.20786641198073,64.28014373779297,4463097.0,64.35916137695312,62.84480438232422,61.12351894378662,62.813841001490076,1.064306932119905,63.99797058105469,64.18609619140625,64.806884765625
2020-06-12,63.39599821810237,63.54649214875276,62.041542636156855,62.831642150878906,1289409.0,64.02054748535156,63.20034980773926,61.23733043670654,54.954927190805755,0.9892637003651714,64.28014373779297,63.99797058105469,64.18609619140625
2020-06-15,62.90687717204612,62.90687717204612,61.17618461075647,61.4583625793457,1122635.0,63.350843048095705,63.36777572631836,61.301290321350095,48.73007653864967,0.8096461176388345,62.831642150878906,64.28014373779297,63.99797058105469
2020-06-16,62.07916179244015,62.587083227714686,60.78114091374363,61.11975860595703,1461025.0,62.73757553100586,63.273715591430665,61.45084552764892,47.307199686245,0.632682211726646,61.4583625793457,62.831642150878906,64.28014373779297
2020-06-17,60.61182254501068,60.76231642576594,59.633604665535,60.00984191894531,531186.0,61.93994979858398,63.08747673034668,61.476240730285646,42.88665846996908,0.3982848607035976,61.11975860595703,61.4583625793457,62.831642150878906
2020-06-18,60.19796449431638,62.54944748237561,60.12271499748061,62.22964477539063,498749.0,61.529850006103516,62.944505691528335,61.604160690307616,52.45546026875872,0.3871796441973743,60.00984191894531,61.11975860595703,61.4583625793457
2020-06-19,62.455405946018985,64.86332419079844,62.11679331993293,64.46827697753906,301943.0,61.85717697143555,62.93886222839355,61.83930969238281,59.77479029586271,0.5526470189670505,62.22964477539063,60.00984191894531,61.11975860595703
2020-06-22,66.89499438539995,67.57222463264847,64.24252328371787,67.23361206054688,1700518.0,63.01222686767578,63.181534957885745,62.26822071075439,66.61241668810248,0.896585259166514,64.46827697753906,62.22964477539063,60.00984191894531
2020-06-23,68.11775797017316,71.03359691018024,67.47815765161135,70.6385498046875,862919.0,64.91598510742188,63.82678031921387,62.83916015625,72.7537178557752,1.427454010887672,67.23361206054688,64.46827697753906,62.22964477539063
2020-06-24,70.69498885096961,70.86429768006528,66.61281305597727,67.2524185180664,1681035.0,66.3645004272461,64.15222511291503,63.24455509185791,60.7803135580946,1.5569908047747845,70.6385498046875,67.23361206054688,64.46827697753906
2020-06-25,66.93261924422214,68.96429978308518,65.6722231820887,67.34648132324219,1003750.0,67.3878677368164,64.45885887145997,63.65183162689209,60.97246004563765,1.6482398464977877,67.2524185180664,70.6385498046875,67.23361206054688
2020-06-26,68.6633076749843,68.6633076749843,67.04548931618898,67.38410186767578,340473.0,67.97103271484374,64.91410484313965,64.05722732543946,61.05464188697767,1.7039489699507229,67.34648132324219,67.2524185180664,70.6385498046875
2020-06-29,67.38411093713565,67.79797304600932,66.68807081353614,67.0643081665039,198267.0,67.93717193603516,65.47469940185547,64.42123756408691,59.89996421965051,1.702666888574484,67.38410186767578,67.34648132324219,67.2524185180664
2020-06-30,67.76035335401264,67.76035335401264,65.57817348189215,65.80391693115234,1863879.0,66.97024536132812,65.943115234375,64.60841541290283,55.44898249127528,1.5817147674274565,67.0643081665039,67.38410186767578,67.34648132324219
2020-07-01,65.29597887706753,65.935584303829,64.71281312558395,65.20191955566406,1559463.0,66.56014556884766,66.46232299804687,64.77489986419678,53.407682252034775,1.4209038873738535,65.80391693115234,67.0643081665039,67.38410186767578
2020-07-02,65.82272764895407,66.48114302370993,64.97619359569653,65.84153747558594,1269949.0,66.2591567993164,66.82351226806641,64.88400897979736,55.29098073624613,1.3297434719709287,65.20191955566406,65.80391693115234,67.0643081665039
2020-07-03,66.12371880392048,67.47817437755452,66.08609404572726,66.85738372802734,624609.0,66.15381317138672,67.06242294311524,65.00064258575439,58.18205702152239,1.3242038906167295,65.84153747558594,65.20191955566406,65.80391693115234
2020-07-06,66.8949882325899,67.23360587659172,66.16132857769055,66.9702377319336,272883.0,66.13499908447265,67.03608551025391,65.10881023406982,58.503093074437665,1.3137757187492127,66.85738372802734,65.84153747558594,65.20191955566406
2020-07-07,67.27123602483628,67.27123602483628,64.63757457929724,65.23955535888672,895947.0,66.02212677001953,66.49618606567383,65.16148319244385,51.92025678357632,1.1525735632395993,66.9702377319336,66.85738372802734,65.84153747558594
2020-07-08,65.23955986116464,65.65342199463399,63.52768184464329,63.9039192199707,1288359.0,65.76252670288086,66.16133613586426,65.15678062438965,47.48007175839454,0.9065943640722196,65.23955535888672,66.9702377319336,66.85738372802734
2020-07-09,64.05441822398836,64.84451779537811,63.77224017013819,64.50590515136719,764267.0,65.4954002380371,65.87727851867676,65.16806869506836,49.57325863971934,0.751565728322305,63.9039192199707,65.23955535888672,66.9702377319336
2020-07-10,64.33658399342643,65.31480208060223,63.79103781893066,64.9573745727539,1234701.0,65.11539840698242,65.63460578918458,65.27435531616212,51.145836452645405,0.6575543495596747,64.50590515136719,63.9039192199707,65.23955535888672
2020-07-13,64.97618575416669,65.54054172156346,63.3019276763382,63.65935516357422,935351.0,64.45322189331054,65.2941104888916,65.38440494537353,46.642157724312355,0.47285950621211725,64.9573745727539,64.50590515136719,63.9039192199707
2020-07-14,63.75341107781384,63.75341107781384,61.32667850672842,61.4583625793457,422238.0,63.696983337402344,64.85955505371093,65.40133514404297,40.18113340287513,0.147189100788097,63.65935516357422,64.9573745727539,64.50590515136719
2020-07-15,61.83460759839776,62.54945752088448,61.3643109253084,61.51480484008789,359945.0,63.21916046142578,64.49084358215332,65.4765832901001,40.40910103301759,-0.1051406273998623,61.4583625793457,63.65935516357422,64.9573745727539
2020-07-16,61.85341871557083,61.85341871557083,60.02866656527514,61.02569961547852,304089.0,62.523119354248045,64.00925979614257,65.4163860321045,39.02132432649663,-0.34065361609260236,61.51480484008789,61.4583625793457,63.65935516357422
2020-07-17,61.13854885831544,61.62765520796439,60.81874619752469,61.42072677612305,306974.0,61.815789794921876,63.465594100952146,65.26400852203369,40.789986562430194,-0.4897781087652078,61.02569961547852,61.51480484008789,61.4583625793457
2020-07-20,61.70292778225698,61.74055253931874,61.13857173546804,61.53361892700195,271537.0,61.39064254760742,62.921932220458984,64.97900886535645,41.31385707708162,-0.5920263789227533,61.42072677612305,61.02569961547852,61.51480484008789
2020-07-21,61.70290292402303,65.55933435677447,61.70290292402303,65.31478118896484,1384403.0,62.16192626953125,62.9294548034668,64.71282043457032,55.51166257865207,-0.3637575055400575,61.53361892700195,61.42072677612305,61.02569961547852
2020-07-22,65.4652981633288,68.24945350138998,65.31480424563141,67.55341339111328,1251134.0,63.36964797973633,63.29440422058106,64.72787017822266,61.45696178858963,-0.002188639834770356,65.31478118896484,61.53361892700195,61.42072677612305
2020-07-23,65.84153537324099,68.58806595044938,65.84153537324099,68.41876220703125,516427.0,64.84826049804687,63.68568992614746,64.7814842224121,63.48816928165352,0.35014742704271384,67.55341339111328,65.31478118896484,61.53361892700195
2020-07-24,67.91084416216108,68.94549691255412,67.2336189485767,68.45639038085938,518553.0,66.25539321899414,64.03559150695801,64.8350986480713,63.57805239994454,0.6252055967017753,68.41876220703125,67.55341339111328,65.31478118896484
2020-07-27,68.09894561767578,68.28706425197875,67.25241176331241,68.09894561767578,1629181.0,67.5684585571289,64.47955055236817,64.88683052062989,62.01623450210383,0.8050680494091438,68.45639038085938,68.41876220703125,67.55341339111328
2020-07-28,67.72272293201529,68.77618546973949,67.2524262449874,68.39994812011719,1147873.0,68.18549194335938,65.17370910644532,65.01663208007812,62.843982585831235,0.9608229564326649,68.09894561767578,68.45639038085938,68.41876220703125
2020-07-29,67.83559209568372,69.37816624974431,67.83559209568372,68.39994812011719,293995.0,68.35479888916015,65.86222343444824,65.17653350830078,62.843982585831235,1.071903604882067,68.39994812011719,68.09894561767578,68.45639038085938
2020-07-30,68.81380869211876,68.85143344685183,66.06727814228769,66.59400939941406,538166.0,67.98984832763672,66.4190544128418,65.21415710449219,54.5693086421256,1.0026536895668698,68.39994812011719,68.39994812011719,68.09894561767578
2020-07-31,66.97023287869725,67.40290471095634,66.31181766781117,67.19597625732422,2001171.0,67.73776550292969,66.99657936096192,65.23108673095703,56.619687528348706,0.9849919532464639,66.59400939941406,68.39994812011719,68.39994812011719
2020-08-03,66.31181766781117,67.4969640267972,65.55934314108424,67.19597625732422,271805.0,67.55717163085937,67.56281509399415,65.24237365722657,56.619687528348706,0.9599294310211093,67.19597625732422,66.59400939941406,68.39994812011719
2020-08-04,66.59400729570021,67.30885720086418,66.12371063400741,67.1019287109375,216283.0,67.29756774902344,67.74152984619141,65.3354923248291,56.16042667441495,0.9218518166767069,67.19597625732422,67.19597625732422,66.59400939941406
2020-08-05,67.21481255882316,67.21481255882316,65.93560638004779,66.198974609375,1904114.0,66.857373046875,67.60608596801758,65.45024509429932,51.8148345127142,0.8094829675167006,67.1019287109375,67.19597625732422,67.19597625732422
2020-08-06,65.93559537626642,66.81975416654302,65.93559537626642,66.16133880615234,235457.0,66.77083892822266,67.38034362792969,65.53301677703857,51.635490422637844,0.7092175319631195,66.198974609375,67.1019287109375,67.19597625732422
2020-08-07,66.2177776509773,66.91381781166778,65.95440944864706,66.1801528930664,285230.0,66.56767425537109,67.1527198791504,65.5941556930542,51.72544388490782,0.6240805790528867,66.16133880615234,66.198974609375,67.1019287109375
2020-08-10,66.7821205336891,67.25241715716578,66.40588323490775,66.70687103271484,347211.0,66.46985321044922,67.0135124206543,65.74653148651123,54.28871385201306,0.5922832102313151,66.1801528930664,66.16133880615234,66.198974609375
2020-08-11,66.04844884810154,68.53161578081243,66.04844884810154,66.51874542236328,736594.0,66.35321655273438,66.82539215087891,65.9995506286621,53.20213940667264,0.5456139043717627,66.70687103271484,66.1801528930664,66.16133880615234
2020-08-12,66.5187551211972,67.45934840686483,65.84152999673456,66.9326171875,1744354.0,66.49994506835938,66.67865905761718,66.27044124603272,55.320783670719045,0.5358472225910305,66.51874542236328,66.70687103271484,66.1801528930664
2020-08-13,67.68509039981139,67.79796465355686,66.38707475457645,67.2524185180664,256765.0,66.7181610107422,66.74449996948242,66.5817771911621,56.94287830311854,0.5475999601289203,66.9326171875,66.51874542236328,66.70687103271484
2020-08-14,67.79796170736421,67.79796170736421,65.5217230407638,65.99201965332031,332418.0,66.68053436279297,66.62410430908203,66.81034183502197,49.339936794594074,0.45002285121015007,67.2524185180664,66.9326171875,66.51874542236328
2020-08-17,66.91381774612701,68.62569575045885,66.04846872720812,67.21480560302734,834553.0,66.78212127685546,66.62598724365235,67.09440116882324,55.541788044346575,0.4659892621340731,65.99201965332031,67.2524185180664,66.9326171875
2020-08-18,67.72272769737332,67.72272769737332,66.46233146684078,66.913818359375,286830.0,66.86113586425782,66.6071762084961,67.17435302734376,53.79601393262965,0.449177761089274,67.21480560302734,65.99201965332031,67.2524185180664
2020-08-19,66.87617901663825,67.49696953120481,66.59400104610391,66.7256851196289,1612065.0,66.81974945068359,66.65984725952148,67.13296661376953,52.68139205689712,0.4158797424437779,66.913818359375,67.21480560302734,65.99201965332031
2020-08-20,66.70688397569457,70.7514357223489,66.49995546243295,68.13658905029297,1222967.0,66.9965835571289,66.85737228393555,67.11885795593261,59.464511552674324,0.4976029218207145,66.7256851196289,66.913818359375,67.21480560302734
2020-08-21,69.60390356775062,71.67320880895402,68.70093502856182,71.1276626586914,1105467.0,68.02371215820312,67.35212326049805,67.25242156982422,69.45959875847393,0.7945645277367674,68.13658905029297,66.7256851196289,66.913818359375
2020-08-24,71.14647103085895,71.7296367766103,69.37815376463747,69.66033172607422,395649.0,68.5128173828125,67.64746932983398,67.33049087524414,61.45411140356707,0.901119847972339,71.1276626586914,68.13658905029297,66.7256851196289
2020-08-25,70.61974400704229,70.61974400704229,68.90786121189348,69.50984191894531,255814.0,69.03202209472656,67.94657897949219,67.38598556518555,60.681650361826506,0.9623293040215799,69.66033172607422,71.1276626586914,68.13658905029297
2020-08-26,69.5098489090432,71.33460103768402,69.3029204122372,69.75440216064453,446763.0,69.63776550292968,68.22875747680663,67.45370826721191,61.52796957875347,1.0188277939504502,69.50984191894531,69.66033172607422,71.1276626586914
2020-08-27,70.48806265672249,70.54449723390057,69.49103478309242,69.67915344238281,343867.0,69.94627838134765,68.47143096923828,67.60796546936035,61.092234158070774,1.0454796727063211,69.75440216064453,69.50984191894531,69.66033172607422
2020-08-28,69.86727715928576,70.093015484339,68.43757218335686,68.58806610107422,267830.0,69.43835906982422,68.73103561401368,67.67756996154785,55.009068217128835,0.967408169602038,69.67915344238281,69.75440216064453,69.50984191894531
2020-08-31,69.22766443423279,69.73558581889732,66.98905041810343,67.30885314941406,687339.0,68.96806335449219,68.74044036865234,67.68321380615234,48.865583791606234,0.7931709653895922,68.58806610107422,69.67915344238281,69.75440216064453
2020-09-01,67.1583647496492,68.55044493973966,67.1583647496492,67.81678009033203,239622.0,68.62945098876953,68.83073654174805,67.71895637512208,51.196232952023934,0.6881397383973393,67.30885314941406,68.58806610107422,69.67915344238281
2020-09-02,69.65149585536415,71.7087130325268,68.67186862814384,71.04256439208984,687043.0,68.8870834350586,69.26242446899414,67.96113586425781,62.79442671974648,0.8553357898866949,67.81678009033203,67.30885314941406,68.58806610107422
2020-09-03,71.1209551692886,71.1209551692886,69.65151394678264,69.92581176757812,261361.0,68.93641510009766,69.44134674072265,68.1493595123291,57.68355075137889,0.8874967514641838,71.04256439208984,67.81678009033203,67.30885314941406
2020-09-04,69.35762504313857,69.59273669946897,68.08410932906963,68.59351348876953,415979.0,68.93750457763672,69.18793182373047,68.27002754211426,52.22267239775809,0.7962999583624963,69.92581176757812,71.04256439208984,67.81678009033203
2020-09-07,68.59350692834224,69.35761840963005,67.79021460376269,69.08332061767578,311659.0,69.29239807128906,69.13023071289062,68.3888500213623,53.94874977281148,0.7548477693965765,68.59351348876953,69.92581176757812,71.04256439208984
2020-09-08,68.57392279500462,69.06373652925465,68.12329522245842,68.53473663330078,277698.0,69.43598937988281,69.03272018432617,68.48964958190918,51.69607406965732,0.6700070440241745,69.08332061767578,68.59351348876953,69.92581176757812
2020-09-09,68.96577085748038,69.76906322165415,67.96655300791606,68.67188262939453,469521.0,68.96185302734375,68.92446823120117,68.57661285400391,52.2330679431045,0.6068414036740819,68.53473663330078,69.08332061767578,68.59351348876953
2020-09-10,69.35763725315167,69.86704150252926,68.26045641688297,69.6319351196289,221891.0,68.9030776977539,68.91974639892578,68.69558868408203,55.92674212974275,0.6270224663965678,68.67188262939453,68.53473663330078,69.08332061767578
2020-09-11,70.08255633029792,70.08255633029792,68.26045014141334,68.57392883300781,324081.0,68.89916076660157,68.91833267211913,68.8246841430664,51.22567077724128,0.5512889232561093,69.6319351196289,68.67188262939453,68.53473663330078
2020-09-14,69.004963269022,69.004963269022,66.92814974684183,67.16326141357422,356322.0,68.51514892578125,68.90377349853516,68.82210693359374,45.70873877859481,0.37313915744191206,68.57392883300781,69.6319351196289,68.67188262939453
2020-09-15,67.24162112382656,68.12328572252669,67.10447223439841,67.86858367919922,164041.0,68.38191833496094,68.90895385742188,68.86984519958496,48.68455247851954,0.28557585604255564,67.16326141357422,68.57392883300781,69.6319351196289
2020-09-16,68.4955510756545,68.4955510756545,66.94774285066589,67.35918426513672,172018.0,68.11937866210937,68.54061584472656,68.90152015686036,46.69391741508494,0.17308185347063443,67.86858367919922,67.16326141357422,68.57392883300781
2020-09-17,67.08489317063254,67.2220367684596,65.81137742358061,65.9681167602539,218891.0,67.38661499023438,68.14484634399415,68.7930965423584,41.681798512479574,-0.027995264073183534,67.35918426513672,67.86858367919922,67.16326141357422
2020-09-18,66.22281902041374,67.7706325968186,65.5958563572566,67.31999969482422,421662.0,67.13582916259766,68.0174949645996,68.60271339416504,47.57163126855064,-0.07737276863241505,65.9681167602539,67.35918426513672,67.86858367919922
2020-09-21,67.39835692892206,67.39835692892206,65.73299055131787,66.73220825195312,205465.0,67.04961853027343,67.78238372802734,68.45630722045898,45.42355915010457,-0.1620664526200244,67.31999969482422,65.9681167602539,67.35918426513672
2020-09-22,66.73222007537959,66.73222007537959,65.26277889361269,66.10526275634766,235707.0,66.69695434570312,67.53943634033203,68.2860782623291,43.18374331631452,-0.2765877379848689,66.73220825195312,67.31999969482422,65.9681167602539
2020-09-23,66.02688054363371,66.14443369463868,63.8717004665418,64.224365234375,223350.0,66.06999053955079,67.09468460083008,68.00957641601562,37.24942598498778,-0.5132035019125851,66.10526275634766,66.73220825195312,67.31999969482422
2020-09-24,62.6961562323232,64.63582069168831,62.12797019054017,62.51982116699219,355170.0,65.38033142089844,66.3834732055664,67.6516098022461,32.844479410204514,-0.8287127753005876,64.224365234375,66.10526275634766,66.73220825195312
2020-09-25,61.91244816027694,63.67577738003165,61.91244816027694,63.02922439575195,243475.0,64.52217636108398,65.82900276184083,67.37366771697998,35.30665385199546,-1.025826475230005,62.51982116699219,64.224365234375,66.10526275634766
2020-09-28,63.323123789173394,66.22282017778097,63.16638444934963,65.87015533447266,1459937.0,64.34976577758789,65.69969215393067,67.30173282623291,46.981434691883976,-0.9419429860433723,63.02922439575195,62.51982116699219,64.224365234375
2020-09-29,66.02688688596577,66.26199852537808,63.67578112148034,63.969669342041016,225979.0,63.922647094726564,65.30980072021484,67.10937728881837,41.57611145407859,-1.0170936308228278,65.87015533447266,63.02922439575195,62.51982116699219
2020-09-30,63.47985798690926,64.3419322583381,62.833304940747134,63.714969635009766,260953.0,63.82076797485352,64.94537925720215,66.74299755096436,40.897008849329254,-1.0846994558596776,63.969669342041016,65.87015533447266,63.02922439575195
2020-10-01,63.8912885779848,65.02766046578742,63.83251200460627,64.47906494140625,376886.0,64.21261672973633,64.79647407531738,66.47066020965576,43.85959403551878,-1.0643522635023857,63.714969635009766,63.969669342041016,65.87015533447266
2020-10-05,64.45948570005355,65.1844110702824,63.55823057911111,63.77374649047852,227569.0,64.36152114868165,64.44184875488281,66.22967185974122,41.77783840320133,-1.092546080236616,64.47906494140625,63.714969635009766,63.969669342041016
2020-10-06,65.2431826927929,65.2431826927929,63.44066727315142,63.93048095703125,183366.0,63.97358627319336,64.16167602539062,65.97202987670899,42.431739694059175,-1.0896815509417053,63.77374649047852,64.47906494140625,63.714969635009766
2020-10-07,64.06763274094153,64.06763274094153,62.34348955888915,62.50022888183594,2110375.0,63.67969818115235,63.80117263793945,65.67030448913575,38.214005636453024,-1.1891134208721894,63.93048095703125,63.77374649047852,64.47906494140625
2020-10-08,63.67578260818436,63.67578260818436,61.95163940360346,62.030006408691406,410350.0,63.34270553588867,63.5817367553711,65.33821067810058,36.91483913831848,-1.2909753576113445,62.50022888183594,63.93048095703125,63.77374649047852
2020-10-09,62.06919744247149,62.42186228010668,61.42264435433707,61.87327194213867,660445.0,62.821546936035155,63.517081832885744,64.95027751922608,36.469776474341906,-1.3685727827859893,62.030006408691406,62.50022888183594,63.93048095703125
2020-10-12,62.676560758679685,63.793331699718486,62.38267255002345,62.57859802246094,392775.0,62.58251724243164,63.47201919555664,64.65051097869873,39.97688213015614,-1.3575068868967008,61.87327194213867,62.030006408691406,62.50022888183594
2020-10-13,62.8920732797768,63.87170058943065,62.441445780299695,62.99003601074219,271591.0,62.39442825317383,63.184007263183595,64.44184970855713,41.988662084951365,-1.3005455974693092,62.57859802246094,61.87327194213867,62.030006408691406
2020-10-14,62.69614444416799,62.89206989555601,61.26588971199901,61.52059173583984,295881.0,62.19850082397461,62.93909950256348,64.12445011138917,37.193900009636344,-1.358317400075741,62.99003601074219,62.57859802246094,61.87327194213867
2020-10-15,61.20713050663338,61.55979535623437,60.59975824610215,60.952423095703125,199051.0,61.982984161376955,62.662844848632815,63.80411205291748,35.50563310320945,-1.4334248018999318,61.52059173583984,62.99003601074219,62.57859802246094
2020-10-16,61.50100803920265,63.14677882186776,60.89363588461811,62.28470993041992,182258.0,62.0652717590332,62.44340934753418,63.61994171142578,42.137992418063185,-1.3696550153528761,60.952423095703125,61.52059173583984,62.99003601074219
2020-10-19,62.28471925949905,63.63660203544429,62.28471925949905,62.59819793701172,262231.0,62.06919174194336,62.3258544921875,63.38385162353516,43.607512059808975,-1.2790767374428427,62.28470993041992,60.952423095703125,61.52059173583984
2020-10-20,62.598205637299465,62.81372159024791,61.48142907470288,61.5989875793457,195251.0,61.79098205566406,62.092705154418944,63.127190589904785,40.110770151921976,-1.273243565475937,62.59819793701172,62.28470993041992,60.952423095703125
2020-10-21,61.853667207256976,65.04725106083431,61.677332171827466,64.14599609375,1027067.0,62.316062927246094,62.25728187561035,63.0292272567749,50.9153140539301,-1.05098335192573,61.5989875793457,62.59819793701172,62.28470993041992
2020-10-22,63.87170854869003,64.98848488382417,63.20555976918715,64.59663391113281,733661.0,63.04490509033203,62.51394462585449,63.047840690612794,52.54651601536113,-0.8289225228068418,64.14599609375,61.5989875793457,62.59819793701172
2020-10-23,64.61622890316796,67.0065210685782,64.61622890316796,66.67344665527344,2158009.0,63.92265243530274,62.993962097167966,63.25552196502686,59.26516654826693,-0.4798251583200681,64.59663391113281,64.14599609375,61.5989875793457
2020-10-26,67.00651627320421,67.77062779522974,66.53629298044713,67.43755340576172,1164657.0,64.89052352905273,63.47985763549805,63.475938415527345,61.42896412918208,-0.13989334954281674,66.67344665527344,64.59663391113281,64.14599609375
2020-10-27,63.87170107309991,68.67187492675313,63.87170107309991,68.02532196044922,1458286.0,66.17579040527343,63.98338623046875,63.58369674682617,63.05468884814589,0.17491673690494736,67.43755340576172,66.67344665527344,64.59663391113281
2020-10-28,68.33880640867143,68.33880640867143,67.18284926475695,67.75102996826172,2189838.0,66.89679718017578,64.60643005371094,63.77276477813721,61.74673868863505,0.39768862022194185,68.02532196044922,67.43755340576172,66.67344665527344
2020-10-29,66.3207830769385,67.88818710829894,66.3207830769385,67.22203826904297,3048569.0,67.42187805175782,65.23339157104492,63.94811820983887,59.1964469692293,0.5254941639631454,67.75102996826172,68.02532196044922,67.43755340576172
2020-10-30,66.26199218234842,67.37876837653766,66.26199218234842,67.00650787353516,278669.0,67.48849029541016,65.70557136535645,64.07449035644531,58.14274993657765,0.6024448670935101,67.22203826904297,67.75102996826172,68.02532196044922
2020-11-02,67.79022820170508,68.33881858083585,67.45715376318361,67.82941436767578,369725.0,67.56686248779297,66.22869300842285,64.27727375030517,60.99732310139789,0.7215133734422636,67.00650787353516,67.22203826904297,67.75102996826172
2020-11-03,67.79021768509571,70.76828611457238,67.79021768509571,70.55276489257812,1025794.0,68.07235107421874,67.12407073974609,64.60838794708252,68.62358257225804,1.023825625434867,67.82941436767578,67.00650787353516,67.22203826904297
2020-11-04,70.53316375549514,70.53316375549514,68.4367603253543,69.39679718017578,362921.0,68.40150451660156,67.64915084838867,64.95321636199951,62.99320272055643,1.1567984768564088,70.55276489257812,67.82941436767578,67.00650787353516
2020-11-05,69.55354470406328,70.41561893336508,69.20087990655573,70.1609115600586,26407803.0,68.9892791748047,68.20557861328125,65.35976161956788,65.03536681841541,1.308751590446775,69.39679718017578,70.55276489257812,67.82941436767578
2020-11-06,70.02377060596963,70.27847267401887,69.39680798974301,69.9649887084961,231273.0,69.58097534179687,68.53473281860352,65.76434745788575,64.05924868618419,1.3972594537852814,70.1609115600586,69.39679718017578,70.55276489257812
2020-11-09,70.53318371499667,72.3748856379272,70.27848161454533,72.12017822265625,4004253.0,70.43912811279297,69.00299530029297,66.24142646789551,69.4849080549536,1.6226039865471904,69.9649887084961,70.1609115600586,69.39679718017578
2020-11-10,71.70872264951835,73.1781636874183,71.14053665560293,72.86468505859375,719970.0,70.9015121459961,69.48693161010742,66.73515892028809,71.10753214591509,1.8400556160901829,72.12017822265625,69.9649887084961,70.1609115600586
2020-11-11,72.37488506404108,74.80435818384615,72.06140106112393,74.25576782226562,531677.0,71.87330627441406,70.13740539550781,67.37191772460938,73.90014245447225,2.1004239723373956,72.86468505859375,72.12017822265625,69.9649887084961
2020-11-12,74.25576596156723,74.8239520486785,73.35451076975568,74.23617553710938,397761.0,72.68835906982422,70.83881912231445,68.03610534667969,73.79196131322934,2.2789169013808674,74.25576782226562,72.86468505859375,72.12017822265625
2020-11-13,73.66798608154984,74.4320976375787,72.98224684940776,74.00106048583984,1542206.0,73.49557342529297,71.53827438354492,68.62192287445069,72.42184979059634,2.3740356092039008,74.23617553710938,74.25576782226562,72.86468505859375
2020-11-14,74.45166472225928,74.45166472225928,73.4328514052017,73.68755340576172,69721.0,73.80904846191406,72.12408828735352,69.17639064788818,70.54105918863341,2.39649516468063,74.00106048583984,74.23617553710938,74.25576782226562
2020-11-17,73.49164977304378,74.15779857040971,72.82550629049695,73.19776153564453,1303239.0,73.87566375732422,72.38858795166016,69.75632934570312,67.58788807798241,2.3477094801623792,73.68755340576172,74.00106048583984,74.23617553710938
2020-11-18,73.19776603780736,74.3145424715777,72.39447359876908,72.62958526611328,1182038.0,73.55042724609375,72.71186676025391,70.18050880432129,64.22871728261617,2.2374079510739335,73.19776153564453,73.68755340576172,74.00106048583984
2020-11-19,71.70873339076839,77.27301974701804,70.02377620751413,74.39291381835938,1995425.0,73.58177490234375,73.13506698608398,70.67032279968262,69.32428659460422,2.2661562335789824,72.62958526611328,73.19776153564453,73.68755340576172
2020-11-20,74.9218990068476,75.62722854611722,74.1577875769569,75.1570053100586,644294.0,73.8129638671875,73.65426864624024,71.09450073242188,71.23633643005576,2.3238078419041983,74.39291381835938,72.62958526611328,73.19776153564453
2020-11-23,75.62722657321328,76.78318889805753,74.82393432362196,76.37174224853516,412923.0,74.34980163574218,74.07942504882813,71.54121017456055,74.00987645408034,2.4393964322152044,75.1570053100586,74.39291381835938,72.62958526611328
2020-11-24,76.7048332444758,77.41016291849726,75.7447961686172,76.27379608154297,398897.0,74.96500854492187,74.42033615112305,71.95363388061523,73.39533864737787,2.494344534582382,76.37174224853516,75.1570053100586,74.39291381835938
2020-11-25,76.05827779212316,77.27301691722195,75.9211288834344,76.52849578857422,553377.0,75.74479064941406,74.64760894775391,72.39250717163085,73.99992618596215,2.5292873887405705,76.27379608154297,76.37174224853516,75.1570053100586
2020-11-26,76.05827614639533,77.95875445899667,75.54886668440518,77.46894073486328,2164647.0,76.35999603271485,74.9708854675293,72.90485229492188,76.15466438379823,2.602861730149769,76.52849578857422,76.27379608154297,76.37174224853516
2020-11-27,77.46893975354655,77.48853017633611,74.00105756764685,75.43131256103516,662038.0,76.41485748291015,75.11391067504883,73.32609252929687,63.8146286029732,2.468297365761586,77.46894073486328,76.52849578857422,76.27379608154297
2020-12-01,75.82315138138641,76.92033180774794,75.13741228620592,75.3529281616211,594941.0,76.21109466552734,75.28044815063477,73.70226821899413,63.38910474946207,2.3284878134727194,75.43131256103516,77.46894073486328,76.52849578857422
2020-12-02,75.66641633845876,76.4305224700608,74.33412422722937,76.01908111572266,294633.0,76.16015167236328,75.56258010864258,73.97558403015137,65.49489917383823,2.2455553478929886,75.3529281616211,75.43131256103516,77.46894073486328
2020-12-03,76.21501688008469,76.41094237334968,74.82394800383085,75.82316589355469,1879401.0,76.01908569335937,75.88193817138672,74.29690246582031,64.32310448347536,2.1393608303810225,76.01908111572266,75.3529281616211,75.43131256103516
2020-12-04,75.86234652274587,77.13586213609449,75.54886256749188,76.15623474121094,1510193.0,75.75654449462891,76.05827026367187,74.59666862487794,65.45468061188032,2.058349411854138,75.82316589355469,76.01908111572266,75.3529281616211
2020-12-07,75.94070564925002,77.23381686527246,75.41171116273262,75.84274291992188,605275.0,75.83883056640624,76.1268440246582,74.89055633544922,63.41589422453588,1.946414059323061,76.15623474121094,75.82316589355469,76.01908111572266
2020-12-08,75.8427547378554,76.21501529323584,74.90231345272787,75.2157974243164,1239602.0,75.81140441894532,76.01124954223633,75.04533729553222,59.42914641290513,1.7865213184105642,75.84274291992188,76.15623474121094,75.82316589355469
2020-12-09,75.25498193086851,76.29339132591849,74.98068942155777,75.50968933105469,419774.0,75.70952606201172,75.9348388671875,75.17758750915527,60.67712861001302,1.6643343792769087,75.2157974243164,75.84274291992188,76.15623474121094
2020-12-10,75.64681792278408,76.52848249211638,75.05904154322921,75.56845092773438,1336321.0,75.65858306884766,75.83883438110351,75.24322166442872,60.93586830695703,1.5543246326335236,75.50968933105469,75.2157974243164,75.84274291992188
2020-12-11,75.84274422515469,76.46970676660831,75.35293057008441,75.74478149414062,681739.0,75.5762924194336,75.66641845703126,75.31865196228027,61.74921717732301,1.4644878149751577,75.56845092773438,75.50968933105469,75.2157974243164
2020-12-14,76.66562537888562,77.13584857166795,75.58803543400913,76.17581176757812,699474.0,75.64290618896484,75.74086837768554,75.4273895263672,63.73681925401762,1.4117977054033446,75.74478149414062,75.56845092773438,75.50968933105469
2020-12-15,76.19541346222321,76.19541346222321,75.00026496823737,75.56845092773438,1710817.0,75.71343688964843,75.76242065429688,75.52143440246581,59.07837053645284,1.3059769804190466,76.17581176757812,75.74478149414062,75.56845092773438
2020-12-16,76.09747014088681,77.09668811505242,75.50969361142009,76.88117218017578,2947974.0,75.98773345947265,75.84862976074218,75.70560493469239,65.02790511831418,1.3129045809204882,75.56845092773438,76.17581176757812,75.74478149414062
2020-12-17,80.0165171162337,80.16016888323315,78.64152074825091,79.31875610351562,1154759.0,76.7377944946289,76.19818878173828,76.0400634765625,72.90534986976066,1.497821451768715,76.88117218017578,75.56845092773438,76.17581176757812
2020-12-18,79.35979031284265,79.97545974030142,78.88777819853105,79.62657928466797,276109.0,77.51415405273437,76.54522323608398,76.30174674987794,73.71067199585579,1.6501858470634545,79.31875610351562,76.88117218017578,75.56845092773438
2020-12-21,79.0314437307539,79.27771265810296,75.7068326961643,76.11727905273438,908121.0,77.50244750976563,76.57267684936524,76.34976043701172,54.00391319876241,1.4708099462761623,79.62657928466797,79.31875610351562,76.88117218017578
2020-12-22,75.5426516634803,78.41577623415164,75.5426516634803,78.19003295898438,388662.0,78.02676391601562,76.87010040283204,76.44067497253418,60.68904962383875,1.478859794918293,76.11727905273438,79.62657928466797,79.31875610351562
2020-12-23,78.41576786522985,78.41576786522985,77.63592096411239,77.9027099609375,163154.0,78.23107147216797,77.10940246582031,76.52212066650391,59.400251184462,1.4453932001935073,78.19003295898438,76.11727905273438,79.62657928466797
2020-12-24,78.39525324706808,78.88779109637673,77.82062946756461,77.96428680419922,225123.0,77.96017761230469,77.3489860534668,76.59391021728516,59.59826994712935,1.4076133291429045,77.9027099609375,78.19003295898438,76.11727905273438
2020-12-28,77.98478982939258,78.90829391947749,77.98478982939258,78.62097930908203,115331.0,77.7590576171875,77.63660583496093,76.6515121459961,61.74136665895582,1.414358264417075,77.96428680419922,77.9027099609375,78.19003295898438
2020-12-29,78.62098460083838,79.0930022878345,77.5127829583668,77.82061767578125,393225.0,78.09972534179687,77.80108642578125,76.7709774017334,57.72256723489329,1.339678202907976,78.62097930908203,77.96428680419922,77.9027099609375
2020-12-30,77.67697086252893,78.19002879424974,76.71242083748686,78.04637145996094,181771.0,78.07099304199218,78.0488784790039,76.9056495666504,58.54227494550609,1.2839100440202174,77.82061767578125,78.62097930908203,77.96428680419922
2020-12-31,78.0668929439387,78.39524777587198,77.28704047578667,77.9027099609375,298886.0,78.07099304199218,78.15103225708008,76.99983100891113,57.77459994503644,1.2141254119892295,78.04637145996094,77.82061767578125,78.62097930908203
2021-01-01,77.36914505008673,77.88220304113506,77.36914505008673,77.75907135009766,130002.0,78.02994995117187,77.99506378173828,77.09662628173828,56.97020182516722,1.1341563049807206,77.9027099609375,78.04637145996094,77.82061767578125
2021-01-04,77.82063195482137,78.08742097879261,77.18443674854443,77.28704833984375,264622.0,77.76316375732422,77.76111068725587,77.15316696166992,54.294917560069344,1.0209233308086993,77.75907135009766,77.9027099609375,78.04637145996094
2021-01-05,77.77957940608897,77.77957940608897,76.48667458213875,77.16390991210938,203694.0,77.63182220458984,77.86577377319335,77.2192253112793,53.58794204419828,0.9107505752614031,77.28704833984375,77.75907135009766,77.9027099609375
2021-01-06,77.16391190497247,81.10419788161207,76.87659724021451,80.50904846191406,1683507.0,78.12435760498047,78.09767532348633,77.48388786315918,66.39083485736064,1.0809026246003839,77.16390991210938,77.28704833984375,77.75907135009766
2021-01-07,80.85794532626804,82.80756583540393,80.22175559746962,80.8374252319336,1706829.0,78.71130065917968,78.39114685058594,77.75027465820312,67.34317958452755,1.2280899540316312,80.50904846191406,77.16390991210938,77.28704833984375
2021-01-08,81.96612833848921,84.96238410173677,81.20680157006684,83.66947937011719,1358066.0,79.8933822631836,78.96166610717773,78.15532608032227,74.14710379474826,1.5553311837940385,80.8374252319336,80.50904846191406,77.16390991210938
2021-01-11,84.10046120042347,84.18255270231208,82.66389888661963,83.46427154541016,602414.0,81.12882690429687,79.44599533081055,78.54130058288574,72.96091749184781,1.7776223358102499,83.66947937011719,80.8374252319336,80.50904846191406
2021-01-12,82.66388626178585,83.97731668919849,82.06874244861011,83.64895629882812,453102.0,82.42583618164062,80.02882919311523,78.91495780944824,73.37376557708231,1.9462569527815248,83.46427154541016,83.66947937011719,80.8374252319336
2021-01-13,83.71054056271826,84.75717659408781,83.30009418695997,84.12098693847656,714481.0,83.14822387695312,80.6362907409668,79.34258460998535,74.44763922101984,2.0938533908616535,83.64895629882812,83.46427154541016,83.66947937011719
2021-01-14,84.96239468862075,85.12657211567486,83.58739829885202,84.10045623779297,1555789.0,83.800830078125,81.25606536865234,79.70354881286622,74.30726318854929,2.1839922720281777,84.12098693847656,83.64895629882812,83.46427154541016
2021-01-15,83.73105173050679,84.40828706492013,83.09486214270161,83.34112548828125,259569.0,83.73515930175782,81.8142707824707,79.9046672821045,69.1164504864975,2.1691517086274814,84.10045623779297,84.12098693847656,83.64895629882812
2021-01-18,82.91016197512813,82.91016197512813,79.85233446754832,80.42696380615234,852398.0,83.12769775390625,82.12826232910156,79.9446865081787,53.63201031703658,1.9003360708231867,83.34112548828125,84.10045623779297,84.12098693847656
2021-01-19,80.2422696309732,82.08927839485749,80.20122387836868,82.00718688964844,281063.0,82.79934387207031,82.61259002685547,80.23918190002442,58.99645672165188,1.7941269587389002,80.42696380615234,83.34112548828125,84.10045623779297
2021-01-20,81.63778704814567,82.2739823021448,80.05756731019368,80.57062530517578,340582.0,82.08927154541016,82.61874771118164,80.35821151733398,52.99406408641781,1.5758712948546503,82.00718688964844,80.42696380615234,83.34112548828125
2021-01-21,80.61166450470697,81.12472245797908,79.70868584716911,80.03704071044922,9454257.0,81.2765884399414,82.5387092590332,80.46492805480958,50.92170446967484,1.344349467504415,80.57062530517578,82.00718688964844,80.42696380615234
2021-01-22,80.447471854613,80.59112916776019,79.21613299969546,79.62657928466797,1118365.0,80.53367919921875,82.13441925048828,80.54804267883301,49.32380940500483,1.11489413897678,80.03704071044922,80.57062530517578,82.00718688964844
2021-01-25,79.62658836519773,80.85792736053585,77.86167136536031,78.06689453125,246249.0,80.06166534423828,81.59468154907226,80.52033843994141,43.710943521753414,0.7979968028038087,79.62657928466797,80.03704071044922,80.57062530517578
2021-01-27,78.31316424538564,79.7497265234396,77.73854044757107,79.01092529296875,333497.0,79.46241302490235,81.13087844848633,80.57985382080078,47.59790892088641,0.6159287306366821,78.06689453125,79.62657928466797,80.03704071044922
2021-01-28,78.04636937659218,78.43629562110524,76.28145236539925,76.83555603027344,3683619.0,78.71539916992188,80.40233535766602,80.51931304931641,40.634619753748595,0.29272994395870455,79.01092529296875,78.06689453125,79.62657928466797
2021-01-29,77.92323822077064,77.92323822077064,75.23481137223676,75.60421752929688,164754.0,77.8288345336914,79.5527114868164,80.40438842773438,37.30761657142879,-0.062050865555903556,76.83555603027344,79.01092529296875,78.06689453125
2021-02-01,75.93258570110987,77.77959454248821,74.9064696781219,77.57437133789062,331750.0,77.41839294433593,78.97603607177734,80.39515342712403,45.058713966778186,-0.1821426390991121,75.60421752929688,76.83555603027344,79.01092529296875
2021-02-02,78.39524872157227,80.30382303515651,77.86167072148537,79.70867919921875,2665582.0,77.74674987792969,78.90420761108399,80.51623497009277,51.984533632249054,-0.10389775890196518,77.57437133789062,75.60421752929688,76.83555603027344
2021-02-03,80.03703100580064,86.19372569855453,79.85232793820425,84.71611785888672,2214297.0,78.88778839111328,79.17510070800782,80.89384536743164,63.58338919503493,0.3580430261707761,79.70867919921875,77.57437133789062,75.60421752929688
2021-02-04,84.94187410783381,85.18813746347679,83.83366673930082,84.26463317871094,2617638.0,80.37360382080078,79.54450149536133,81.08162460327148,62.126183933176456,0.6798663103457017,84.71611785888672,79.70867919921875,77.57437133789062
2021-02-05,84.53142364817101,85.4549278880256,82.4791920040497,84.98291015625,1709929.0,82.24934234619141,80.03908843994141,81.28889884948731,63.55712992190993,0.981557744185622,84.26463317871094,84.71611785888672,79.70867919921875
2021-02-08,85.37284462477578,87.58925390066581,84.449340295902,87.19933319091797,845894.0,84.17433471679688,80.7963638305664,81.46539154052735,67.62227373903434,1.3835485085729147,84.98291015625,84.26463317871094,84.71611785888672
2021-02-09,86.37843235372354,89.27207675268642,86.21424936813686,86.5015640258789,922487.0,85.53291168212891,81.6398307800293,81.61725616455078,65.15807686822859,1.6270691055846527,87.19933319091797,84.98291015625,84.26463317871094
2021-02-10,86.21424984508971,87.81499499417293,84.94187066899643,86.33738708496094,654562.0,85.85716552734375,82.37247695922852,81.75167770385742,64.56193824358824,1.7862227620239395,86.5015640258789,87.19933319091797,84.98291015625
2021-02-11,85.90642616645864,88.12284109941649,85.5165054408719,87.71239471435547,369970.0,86.54671783447266,83.46016082763671,81.93124809265137,67.263350489929,2.00024720104318,86.33738708496094,86.5015640258789,87.19933319091797
2021-02-12,89.82618007630272,89.86722582254625,86.48104361352686,87.32245635986328,652279.0,87.0146270751953,84.63198471069336,82.09234809875488,65.73303794620732,2.1140291326680796,87.71239471435547,86.33738708496094,86.5015640258789
2021-02-15,87.42507268817766,88.430668474081,86.80940316220457,87.09671783447266,426363.0,86.99410400390624,85.58421936035157,82.28012771606446,64.81372570927739,2.161075388950806,87.32245635986328,87.71239471435547,86.33738708496094
2021-02-16,88.16386793954064,94.3205627835598,87.42506678507215,92.53512573242188,3379355.0,88.20081634521485,86.86686401367187,82.88553581237792,74.18189099283728,2.6071404603597017,87.09671783447266,87.32245635986328,87.71239471435547
2021-02-17,92.7198209130022,94.85413839853337,91.2832588187462,94.42317199707033,867979.0,89.81797332763672,87.83756942749024,83.50633506774902,76.51921739927022,3.0775240165026077,92.53512573242188,87.09671783447266,87.32245635986328
2021-02-18,95.01833829894892,97.80937149517084,93.78699914172712,97.11161041259766,1147227.0,91.69781646728515,89.12226715087891,84.33338432312011,79.3815673402119,3.625448966668017,94.42317199707033,92.53512573242188,87.09671783447266
2021-02-19,96.1265338439762,96.90637519971138,93.88959909233938,95.3056411743164,1817739.0,93.29445343017578,90.15454025268555,85.09681434631348,72.94845414738444,3.8693533164028935,97.11161041259766,94.42317199707033,92.53512573242188
2021-02-22,96.04445027560052,96.04445027560052,91.73476340425948,92.30938720703124,5701041.0,94.3369873046875,90.66554565429688,85.73095474243163,63.721832035290795,3.77733386291996,95.3056411743164,97.11161041259766,94.42317199707033
2021-02-23,92.06312307737863,94.01274343045448,92.06312307737863,92.74036407470705,404323.0,94.37803497314454,91.28942565917968,86.46462821960449,64.41894865830733,3.6965722308272007,92.30938720703124,95.3056411743164,97.11161041259766
2021-02-24,98.09667851143968,98.09667851143968,88.22544593406904,91.38587951660156,2229209.0,93.77057647705078,91.79427490234374,87.08337593078613,60.485137184303966,3.4831212183606226,92.74036407470705,92.30938720703124,95.3056411743164
2021-02-25,92.26834506175096,95.51087595479058,90.62655952280852,93.47916412353516,2287469.0,93.04408721923828,92.37095184326172,87.91555633544922,64.13067813583702,3.4431794966865112,91.38587951660156,92.74036407470705,92.30938720703124
2021-02-26,91.48848823857531,93.21236509651678,86.70678948230713,88.16387176513672,1463339.0,91.61573333740235,92.45509338378906,88.54353904724121,51.2110801664142,2.948635686195658,93.47916412353516,91.38587951660156,92.74036407470705
2021-03-01,89.682534314413,93.93064990725694,89.33365377689952,93.3970718383789,1671166.0,91.83327026367188,93.08512878417969,89.33467407226563,59.79829787637658,2.9450331546316164,88.16387176513672,93.47916412353516,91.38587951660156
2021-03-02,93.86907595759232,94.19743078799156,91.71423276963174,92.28885650634766,786973.0,91.74296875,93.06050186157226,89.96368293762207,57.4906477133097,2.820244385128717,93.3970718383789,88.16387176513672,93.47916412353516
2021-03-03,93.82803232373136,94.40266167450852,91.8168518641512,93.35602569580078,673053.0,92.13699798583984,92.95378723144532,90.39567832946777,59.126401123934095,2.775466174732344,92.28885650634766,93.3970718383789,88.16387176513672
2021-03-04,92.35042611555689,94.36161762681236,92.02207127173769,92.39147186279295,1994962.0,91.91945953369141,92.48177337646484,90.80202026367188,56.991767484157215,2.631809821791734,93.35602569580078,92.28885650634766,93.3970718383789
2021-03-05,92.88400370203428,92.88400370203428,90.010879347187,90.42132568359376,498254.0,92.3709503173828,91.99334182739258,91.07394104003906,52.79878994362913,2.3321037552293262,92.39147186279295,93.35602569580078,92.28885650634766
2021-03-08,93.31016960798232,94.9218884183017,92.03775820423712,93.43740844726562,759751.0,92.37901763916015,92.10614395141602,91.38584480285644,57.90470363100476,2.311313823768458,90.42132568359376,92.39147186279295,93.35602569580078
2021-03-09,93.43741453888325,94.32810373011866,90.48966471299954,91.59242248535156,529582.0,92.23973083496094,91.99134979248046,91.64038772583008,54.05281975463223,2.1215072899211407,93.43740844726562,90.42132568359376,92.39147186279295
2021-03-10,93.45862313711812,93.45862313711812,90.78655561234564,91.23190307617188,284249.0,91.81490631103516,91.9759521484375,91.88511352539062,53.30661041769635,1.9198623627851674,91.59242248535156,93.43740844726562,90.42132568359376
2021-03-12,91.29551410675047,93.64947279656512,91.29551410675047,93.31016540527344,461782.0,91.99864501953125,91.95905227661133,92.16500205993653,56.99250468716997,1.905786980452703,91.23190307617188,91.59242248535156,93.43740844726562
2021-03-15,93.31016989313628,96.0670612763426,93.31016989313628,95.04913330078124,951239.0,92.92420654296875,92.64757843017578,92.55133590698242,59.84854689282154,2.0117619747859834,93.31016540527344,91.23190307617188,91.59242248535156
2021-03-16,95.43086533562396,96.38517398898018,94.7946595667198,95.11276245117188,416425.0,93.25927734375,92.81914749145508,92.95213813781739,59.953340793426385,2.0769405837701527,95.04913330078124,93.31016540527344,91.23190307617188
2021-03-17,95.64293006259317,95.64293006259317,93.07690253273692,93.56465911865234,332678.0,93.65372467041016,92.94672775268555,93.00361480712891,56.115838072395135,1.9808421844112445,95.11276245117188,95.04913330078124,93.31016540527344
2021-03-18,93.77671813964844,94.75223121203057,93.352581020747,93.77671813964844,450194.0,94.16268768310547,92.98879699707031,92.9712921142578,56.52632857797378,1.8998941047148037,93.56465911865234,95.11276245117188,95.04913330078124
2021-03-19,93.77673370013994,98.39982791273565,92.99207874942798,97.6999969482422,1730338.0,95.04065399169922,93.51964950561523,93.00071144104004,63.35567492849,2.127790139772472,93.77671813964844,93.56465911865234,95.11276245117188
2021-03-22,99.24810040793857,99.37533926121624,94.3069033971489,94.81586456298828,889755.0,94.99400024414062,93.95910339355468,92.97622261047363,56.34788403826374,2.0520196049994297,97.6999969482422,93.77671813964844,93.56465911865234
2021-03-23,94.94310828928714,94.94310828928714,92.63155837190736,92.9496612548828,529671.0,94.5613800048828,93.9103286743164,93.00823631286622,52.3155641966249,1.8203994679352178,94.81586456298828,97.6999969482422,93.77671813964844
2021-03-24,91.5287950429094,94.92189225677411,91.5287950429094,93.8615493774414,1117587.0,94.62075805664062,94.13724136352539,93.06429557800293,54.04604790611705,1.690928618554139,92.9496612548828,94.81586456298828,97.6999969482422
2021-03-25,93.52223356236564,94.7098151795268,91.33792857755437,91.91051483154295,796190.0,94.24751739501953,94.2051025390625,93.09052734375,49.87556115873041,1.4145834181576475,93.8615493774414,92.9496612548828,94.81586456298828
2021-03-26,92.67397021266994,93.31017595783702,89.95949351716946,91.01983642578124,772027.0,92.91148529052734,93.97606964111327,92.96756095886231,48.05258816445426,1.1109017681776123,91.91051483154295,93.8615493774414,92.9496612548828
2021-03-30,91.698458022278,94.83707191491816,91.55000886293296,94.01000213623048,1097245.0,92.75031280517578,93.87215652465821,93.25986747741699,54.115946493677924,1.0988464379079659,91.01983642578124,91.91051483154295,93.8615493774414
2021-03-31,93.28897272367162,93.67069502563932,91.10466169877324,91.46517944335938,449026.0,92.45341644287109,93.50739822387695,93.16327285766602,48.886179134693954,0.8738731131895179,94.01000213623048,91.01983642578124,91.91051483154295
2021-04-01,91.82569777134486,93.0556944200458,91.08345772007532,92.7800064086914,225286.0,92.23710784912109,93.42893295288086,93.18783035278321,51.494402191020946,0.7925397749529424,91.46517944335938,94.01000213623048,91.01983642578124
2021-04-05,91.78328818444128,92.8648414872996,90.53208690623477,90.8289794921875,486939.0,92.02080078125,93.13415908813477,93.06147804260254,47.611986554417115,0.564147806927366,92.7800064086914,91.46517944335938,94.01000213623048
2021-04-06,90.82897286524964,92.8860392690132,88.43259903008791,88.75070190429688,812187.0,91.56697387695313,92.23922958374023,92.87943954467774,43.82182723694904,0.21299067047242204,90.8289794921875,92.7800064086914,91.46517944335938
2021-04-07,89.49293366924117,91.6772387196273,88.87793253487796,89.4081039428711,999170.0,90.64659423828125,91.69845352172851,92.8287784576416,45.305030670567774,-0.012117358379200027,88.75070190429688,90.8289794921875,92.7800064086914
2021-04-08,89.59898492365933,90.55329363882257,88.41140304588114,88.6446762084961,2402142.0,90.08249359130859,91.26795501708985,92.58914184570312,43.856948863063174,-0.2492461762230107,89.4081039428711,88.75070190429688,90.8289794921875
2021-04-09,88.75068797732249,89.66258158974587,88.22051660350336,88.3477554321289,377899.0,89.1960433959961,90.7165756225586,92.42690849304199,43.2775644359439,-0.4558764381615674,88.6446762084961,89.4081039428711,88.75070190429688
2021-04-12,86.3331083205839,87.75396882058962,84.1912181695038,85.29397583007812,994353.0,88.08904266357422,90.0549217224121,92.1300121307373,37.7534037599565,-0.856177421460373,88.3477554321289,88.6446762084961,89.4081039428711
2021-04-13,86.0998411206264,89.06880115926869,86.0998411206264,88.60224914550781,433830.0,88.05935211181641,89.81316299438477,91.89461631774903,45.821625680112795,-0.896138697498273,85.29397583007812,88.3477554321289,88.6446762084961
2021-04-15,87.90241567332235,89.62016866041924,87.86000081195735,88.13568878173828,322286.0,87.80486907958985,89.22573165893554,91.54894409179687,44.93700419066952,-0.9544534732987557,88.60224914550781,85.29397583007812,88.3477554321289
2021-04-16,88.39018432609168,91.06225192601484,88.05087689406739,89.0263900756836,485645.0,87.88121185302734,88.98185272216797,91.24462547302247,47.03909426421649,-0.9182116306248815,88.13568878173828,88.60224914550781,85.29397583007812
2021-04-19,86.52397756039677,87.79638899510849,84.82742898078115,85.315185546875,523746.0,87.27469787597656,88.23537063598633,90.8321517944336,40.15971035082358,-1.175403578057427,89.0263900756836,88.13568878173828,88.60224914550781
2021-04-20,86.16346487942727,87.22380780374394,85.50605456744235,86.39674377441406,268638.0,87.49525146484375,87.79214706420899,90.46315307617188,42.78582646083987,-1.277234178799958,85.315185546875,89.0263900756836,88.13568878173828
2021-04-22,87.1601760695525,87.1601760695525,85.37879790718588,86.35431671142578,781569.0,87.04566497802735,87.55250854492188,89.89586906433105,42.706650472327624,-1.3458451082947533,86.39674377441406,85.315185546875,89.0263900756836
2021-04-23,86.37552019782277,90.29878841521736,86.37552019782277,89.5777587890625,1784651.0,87.33407897949219,87.56947402954101,89.63396377563477,50.24071424626131,-1.1271221652863659,86.35431671142578,86.39674377441406,85.315185546875
2021-04-26,88.68707978919801,91.78327870313376,88.68707978919801,91.31672668457033,2118534.0,87.79214630126953,87.83667907714843,89.55231704711915,53.772405659571696,-0.8041922534269048,89.5777587890625,86.35431671142578,86.39674377441406
2021-04-27,91.99534950454743,93.52224444189966,91.55000778448692,91.86811065673828,670002.0,89.10273132324218,88.18871459960937,89.45264511108398,54.86625433622581,-0.4980348574275837,91.31672668457033,89.5777587890625,86.35431671142578
2021-04-28,92.46189493723044,94.1584434681888,91.8044846825753,93.73430633544922,553985.0,90.57024383544922,89.03274765014649,89.5438346862793,58.4498292681878,-0.10362203026681982,91.86811065673828,91.31672668457033,89.5777587890625
2021-04-29,95.00673153384228,95.00673153384228,92.88604556210474,93.3738021850586,520302.0,91.97414093017578,89.50990295410156,89.66153297424316,57.5000533941174,0.1778135805005263,93.73430633544922,91.86811065673828,91.31672668457033
2021-04-30,92.03775405883788,94.24326936041729,91.95292433465106,93.31016540527344,298803.0,92.72062225341797,90.02735061645508,89.62654113769531,57.32298164877944,0.3912087622812521,93.3738021850586,93.73430633544922,91.86811065673828
2021-05-03,92.88602753950124,94.4977462642097,91.97413389913388,93.69188690185548,541523.0,93.195654296875,90.49390029907228,89.73787651062011,58.15540357282698,0.5843912176797375,93.31016540527344,93.3738021850586,93.73430633544922
2021-05-04,92.88604361857844,93.94638658226084,91.93173495126426,92.46190643310548,467947.0,93.31441345214844,91.20857238769533,89.72197151184082,54.46874363880691,0.6309671642292187,93.69188690185548,93.31016540527344,93.3738021850586
2021-05-05,92.48310029945137,93.39499974497784,91.93172432317178,92.50431060791016,264019.0,93.06841430664062,91.81932907104493,89.80573806762695,54.57565571327011,0.6636504506643206,92.46190643310548,93.69188690185548,93.31016540527344
2021-05-06,92.67396476875749,92.92844820242097,90.63810880490576,91.35913848876952,236427.0,92.66548156738281,92.3198112487793,89.93615989685058,51.08687785555789,0.5903412843710356,92.50431060791016,92.46190643310548,93.69188690185548
2021-05-07,91.86811075267067,91.86811075267067,90.55328439544635,91.01983642578124,227945.0,92.20741577148438,92.46401901245117,90.0167465209961,50.065668483400806,0.49911096063370053,91.35913848876952,92.50431060791016,92.46190643310548
2021-05-10,90.91379781751138,93.31017152662685,90.91379781751138,93.225341796875,368519.0,92.11410675048828,92.65488052368164,90.24577980041504,56.195276174505004,0.5978840874722238,91.01983642578124,91.35913848876952,92.50431060791016
2021-05-11,94.03122028233255,95.43087075227432,92.7163938014221,94.7734603881836,746899.0,92.5764175415039,92.94541549682617,90.56706504821777,59.91488573226587,0.7919535862965574,93.225341796875,91.01983642578124,91.35913848876952
2021-05-12,95.38844221198458,99.67222850242152,94.60378734769648,95.7701644897461,2823115.0,93.22958831787109,93.14900131225586,91.09087448120117,62.143638915626624,1.0144863859411686,94.7734603881836,93.225341796875,91.01983642578124
2021-05-14,96.279119927238,97.53032665029087,94.964293790902,97.04256439208984,913822.0,94.36627349853515,93.51587753295898,91.51289024353028,64.83189066167907,1.2787763335882545,95.7701644897461,94.7734603881836,93.225341796875
2021-05-17,97.55154577517736,98.03930810623596,96.36396404074482,96.78810119628906,1374391.0,95.51992645263672,93.86367111206054,91.94551086425781,63.855296706467975,1.450969099360833,97.04256439208984,95.7701644897461,94.7734603881836
2021-05-18,97.55154276248334,101.70808445735877,96.78809820717257,98.80274963378906,1603865.0,96.63540802001953,94.3747573852539,92.43432884216308,67.9691834607315,1.7300553969107284,96.78810119628906,97.04256439208984,95.7701644897461
2021-05-19,99.6722280597076,101.00826465503089,98.12412289404452,99.09964752197266,993170.0,97.50064544677734,95.03853149414063,93.12355194091796,68.53750401335239,1.952681183542424,98.80274963378906,96.78810119628906,97.04256439208984
2021-05-20,99.09964277683984,99.62981417730344,96.91533200474748,97.08499145507812,384518.0,97.76361083984375,95.49659957885743,93.65796432495117,60.67094824793796,1.9441370146435446,99.09964752197266,98.80274963378906,96.78810119628906
2021-05-21,97.12739449054894,97.19101965680773,95.81256834908334,96.74566650390624,516585.0,97.70423126220703,96.03525238037108,94.17753181457519,59.43361118243343,1.88821880057354,97.08499145507812,99.09964752197266,98.80274963378906
2021-05-24,97.12740684797652,99.39653598656542,96.87292916147446,97.91205596923828,3851110.0,97.92902221679688,96.7244743347168,94.59424667358398,62.28120186145663,1.9159353844987521,96.74566650390624,97.08499145507812,99.09964752197266
2021-05-25,98.82395418982009,99.39653472993906,98.23015758821371,98.80274963378906,278022.0,97.92902221679688,97.2822151184082,94.96854782104492,64.33976805101871,1.986869121390086,97.91205596923828,96.74566650390624,97.08499145507812
2021-05-26,98.31499241583566,98.9724027196245,95.4308619987428,95.7277603149414,557142.0,97.25464477539063,97.37764511108398,95.16153030395508,53.48669586846822,1.7745033100847536,98.80274963378906,97.91205596923828,96.74566650390624
2021-05-27,96.15189450666412,97.33947622928522,94.6674144770236,96.89413452148438,689750.0,97.21647338867187,97.49004211425782,95.31952171325683,56.485100010011585,1.6809416759932816,95.7277603149414,98.80274963378906,97.91205596923828
2021-05-28,97.33947519558792,97.74240778615986,95.3036191919349,95.66413116455078,324939.0,97.00016632080079,97.35219879150391,95.43403816223145,52.63195335212046,1.4903624450152932,96.89413452148438,95.7277603149414,98.80274963378906
2021-05-31,95.47327536458609,96.0670662349185,94.90068905105085,95.64292907714844,258934.0,96.54634094238281,97.23768157958985,95.5506763458252,52.565389487111155,1.3223727106954328,95.66413116455078,96.89413452148438,95.7277603149414
2021-06-01,95.64291302979716,96.70325574631376,94.94308798744169,95.17636108398438,361073.0,95.82106323242188,96.87504272460937,95.62490005493164,51.035765513618756,1.1384679483326465,95.64292907714844,95.66413116455078,96.89413452148438
2021-06-02,95.00672627351469,96.7032749569703,95.00672627351469,96.44879150390624,313662.0,95.96526947021485,96.60995712280274,95.82424430847168,54.891008015913734,1.0829134478047848,95.17636108398438,95.64292907714844,95.66413116455078
2021-06-03,97.1274093008601,98.16654764032307,95.68534411244104,95.91861724853516,246217.0,95.770166015625,96.49331970214844,95.99495964050293,53.01789289050263,0.9847538449934632,96.44879150390624,95.17636108398438,95.64292907714844
2021-06-04,96.2579304269874,96.70327214234104,95.36724124355176,95.91861724853516,162199.0,95.82106323242188,96.41061477661133,96.22293357849121,53.01789289050263,0.896625907235375,95.91861724853516,96.44879150390624,95.17636108398438
2021-06-07,96.0670581073308,100.77497555809052,96.0670581073308,100.18119049072266,2954546.0,96.72871551513671,96.63752822875976,96.68100128173828,64.35860933418462,1.1573961758075626,95.91861724853516,95.91861724853516,96.44879150390624
2021-06-08,101.36877059936523,101.45360032355204,98.39981079101562,99.24808502197266,754567.0,97.54306030273438,96.68206176757812,96.98213844299316,60.89345803163445,1.2740779023862387,100.18119049072266,95.91861724853516,95.91861724853516
2021-06-09,100.43568904059224,104.12568506918664,99.22690259411084,102.64120483398438,1942854.0,98.78154296875,97.37340621948242,97.3755256652832,67.70316805002591,1.6216520275598043,99.24808502197266,100.18119049072266,95.91861724853516
2021-06-10,105.3344552953858,105.3344552953858,101.92015358127504,102.45032501220705,1209277.0,100.08788452148437,97.92902526855468,97.70953369140625,66.9964011737557,1.8602606922399332,102.64120483398438,99.24808502197266,100.18119049072266
2021-06-11,105.99188177112396,105.99188177112396,103.48946790404824,104.46498107910156,1126871.0,101.79715728759766,98.80911026000976,98.08065452575684,70.49711969340136,2.186718555177606,102.45032501220705,102.64120483398438,99.24808502197266
2021-06-14,105.3768758701069,105.88584274468506,102.70481416039198,105.48291015625,991533.0,102.85750122070313,99.79310836791993,98.51539497375488,72.10699586204176,2.4987728350844662,104.46498107910156,102.45032501220705,102.64120483398438
2021-06-15,106.43720562861674,106.67047872832327,104.76186181270717,104.97393035888672,718151.0,104.00267028808594,100.77286529541016,98.82395401000977,70.04875506126524,2.6741813858191392,105.48291015625,104.46498107910156,102.45032501220705
2021-06-16,104.97393883587416,104.97393883587416,102.2170475129118,102.68359375,1752530.0,104.01114807128906,101.39634552001954,99.00315132141114,61.536665337145386,2.5984298213175236,104.97393035888672,105.48291015625,104.46498107910156
2021-06-17,103.5955017157349,103.5955017157349,100.45688211786562,101.66567993164062,889774.0,103.85421905517578,101.97105178833007,99.23218574523926,58.1543480788151,2.4282674667953756,102.68359375,104.97393035888672,105.48291015625
2021-06-18,104.761879654913,104.761879654913,97.63637759081192,98.82395935058594,1976818.0,102.72601470947265,102.26158599853515,99.33610038757324,49.90728406171425,2.0405868581620297,101.66567993164062,102.68359375,104.97393035888672
2021-06-21,98.39982452771828,99.92671375441378,97.00017415233788,99.65103149414062,636478.0,101.55963897705078,102.20857009887695,99.42304916381836,52.03910703988901,1.7795712034973832,98.82395935058594,101.66567993164062,102.68359375
2021-06-22,98.80274335181132,100.5204963684082,98.59067479407209,99.24808502197266,645502.0,100.41446990966797,102.20857009887695,99.44531593322753,50.90251541486126,1.5226478671228278,99.65103149414062,98.82395935058594,101.66567993164062
2021-06-23,99.6722236693092,100.0115310658157,98.37860774830932,98.4846420288086,302007.0,99.57467956542969,101.79291381835938,99.58316001892089,48.730851786993654,1.2431011070655984,99.24808502197266,99.65103149414062,98.82395935058594
2021-06-24,98.8027512081004,98.82395576446928,96.7456791311884,98.039306640625,382390.0,98.84940490722656,101.35181198120117,99.64041862487792,47.45891252498444,0.9743912657176281,98.4846420288086,99.24808502197266,99.65103149414062
2021-06-25,98.10291998684306,98.7179211522556,97.3394754218804,97.91205596923828,748750.0,98.66702423095703,100.69651947021484,99.7528148651123,47.08076311891667,0.7426083875626546,98.039306640625,98.4846420288086,99.24808502197266
2021-06-28,98.80274949794148,98.80274949794148,97.89085004075476,98.3149871826172,376135.0,98.39981536865234,99.97972717285157,99.88641777038575,48.480582796676856,0.5846920027527887,97.91205596923828,98.039306640625,98.4846420288086
2021-06-29,98.61188294543976,100.90222805474208,98.27257554177248,100.0327377319336,718770.0,98.55674591064454,99.48560791015625,100.12923660278321,54.05970837586594,0.5913337165623034,98.3149871826172,97.91205596923828,98.039306640625
2021-06-30,100.30844762986706,100.75378938802014,98.39983023310424,98.52706909179688,407571.0,98.56523132324219,99.06995544433593,100.23315048217773,49.04606585821505,0.46968817384875194,100.0327377319336,98.3149871826172,97.91205596923828
2021-07-01,98.78154762217068,98.82395673532508,97.6787841201334,97.93327331542967,361262.0,98.54402465820313,98.69671478271485,100.33388328552246,47.187413276055665,0.32166094114246846,98.52706909179688,100.0327377319336,98.3149871826172
2021-07-02,97.84843234603366,98.01808028462428,96.53360041831608,96.7244644165039,344563.0,98.30650634765625,98.48676528930665,100.37417564392089,43.56777900733549,0.10559033735694356,97.93327331542967,98.52706909179688,100.0327377319336
2021-07-05,97.19103885085804,97.93327891167051,96.8729359676527,97.65758514404295,315910.0,98.1750259399414,98.28742065429688,100.24799537658691,46.950635521849975,0.009537924196408198,96.7244644165039,97.93327331542967,98.52706909179688
2021-07-06,97.12741088867188,97.7848211940322,96.8517171289448,97.12741088867188,114610.0,97.59396057128906,98.07535324096679,100.14196166992187,45.28944695433752,-0.10811861274468981,97.65758514404295,96.7244644165039,97.93327331542967
2021-07-07,97.19103202233028,98.1877497174959,97.12740684797652,97.91205596923828,338307.0,97.47095794677735,98.01809463500976,99.90550422668457,48.20998456409993,-0.13647476930299263,97.12741088867188,97.65758514404295,96.7244644165039
2021-07-08,98.27257977159574,98.88758093903246,97.36068029862513,98.039306640625,220322.0,97.4921646118164,98.01809463500976,99.68495330810546,48.688371167230166,-0.14698481254372098,97.91205596923828,97.12741088867188,97.65758514404295
2021-07-09,97.97569050622,98.14534998373848,97.5515533178814,97.63638305664062,167929.0,97.67454833984375,97.99052734375,99.34352340698243,47.20162373697684,-0.18568618859097796,98.039306640625,97.91205596923828,97.12741088867188
2021-07-12,98.61187821227163,98.61187821227163,96.80929549226236,97.16980743408205,1843862.0,97.57699279785156,97.87600936889649,98.92786827087403,45.47012515743036,-0.2511114053723844,97.63638305664062,98.039306640625,97.91205596923828
2021-07-13,97.55153735236637,98.33618642019223,96.8517065039606,96.9577407836914,217763.0,97.54305877685547,97.56850967407226,98.52705879211426,44.66808239267653,-0.316425807663947,97.16980743408205,97.63638305664062,98.039306640625
2021-07-14,96.9153409198488,98.124127221918,96.9153409198488,97.53034210205078,6245633.0,97.46671600341797,97.46883697509766,98.2693962097168,47.367617948217855,-0.3183144700156788,96.9577407836914,97.16980743408205,97.63638305664062
2021-07-15,97.93328160671174,98.14535020135126,97.31828038116564,97.6999969482422,130914.0,97.3988540649414,97.44550933837891,98.07111206054688,48.17440009257354,-0.30263295597950446,97.53034210205078,96.9577407836914,97.16980743408205
2021-07-16,98.14533917691988,100.22360426766602,97.91205454465462,99.16326141357422,441393.0,97.70422973632813,97.68938903808593,98.08807716369628,54.633601087170405,-0.1701704112126663,97.6999969482422,97.53034210205078,96.9577407836914
2021-07-19,99.67223367977552,99.67223367977552,98.18775360369376,98.82395935058594,4639065.0,98.03506011962891,97.80602645874023,98.04672355651856,52.98455751784766,-0.09151678246035999,99.16326141357422,97.6999969482422,97.53034210205078
2021-07-20,99.67223804036946,100.2024095193076,97.93328019163536,98.1029281616211,482385.0,98.26409759521485,97.90357818603516,97.98946571350098,49.56109608447018,-0.08636880027884786,98.82395935058594,99.16326141357422,97.6999969482422
2021-07-22,100.09636714380557,100.09636714380557,97.04257737053034,98.88758087158205,345617.0,98.5355453491211,98.00113067626954,98.00961265563964,53.111597390818645,-0.01875784250124468,98.1029281616211,98.82395935058594,99.16326141357422
2021-07-23,99.41776117274892,99.41776117274892,98.42103188064831,98.8451690673828,206982.0,98.76457977294922,98.08171691894532,98.04990577697754,52.894861183067256,0.031044192374153567,98.88758087158205,98.1029281616211,98.82395935058594
2021-07-26,99.03602739285698,99.820676540896,98.46344682595895,98.63309478759766,1003566.0,98.6585464477539,98.18138809204102,98.08595771789551,51.757492487171376,0.05279149433214059,98.8451690673828,98.88758087158205,98.1029281616211
2021-07-27,98.82397358871424,99.54500917350045,97.89086939107672,98.44224548339844,289027.0,98.5822036743164,98.30863189697266,98.09232063293457,50.700940030404844,0.05400392038212942,98.63309478759766,98.8451690673828,98.88758087158205
2021-07-28,98.7815362773756,98.7815362773756,96.49119131003226,96.7244644165039,704391.0,98.30651092529297,98.28530426025391,97.92690696716309,42.32591512305546,-0.08269257075984626,98.44224548339844,98.63309478759766,98.8451690673828
2021-07-29,97.21225030927584,98.14535446733954,94.44121825111554,94.66742706298828,838023.0,97.46248016357421,97.99901275634765,97.73392486572266,34.8928831405472,-0.35294274363576505,96.7244644165039,98.44224548339844,98.63309478759766
2021-07-30,95.54396463382538,97.91913386149314,95.28948118930236,96.73155212402344,741825.0,97.03975677490234,97.90216827392578,97.67383880615235,45.27777350826389,-0.39599552100710866,94.66742706298828,96.7244644165039,98.44224548339844
2021-08-02,97.26879408367328,97.26879408367328,95.8267288103041,96.646728515625,941543.0,96.64248352050781,97.65051498413087,97.66995201110839,44.96040118571264,-0.43198011567447736,96.73155212402344,94.66742706298828,96.7244644165039
2021-08-03,97.41017336547996,99.0784416888596,96.78810779602269,98.65430450439452,391805.0,96.68489532470703,97.63354949951172,97.71978797912598,53.303188101349626,-0.2951018119288449,96.646728515625,96.73155212402344,94.66742706298828
2021-08-04,99.0784474384957,99.84190361920308,98.37155209003195,99.05017852783205,509673.0,97.15003814697266,97.72827453613282,97.81592636108398,54.75943043253872,-0.1529182978718211,98.65430450439452,96.646728515625,96.73155212402344
2021-08-05,99.36118875719252,99.36118875719252,97.9756787109375,98.96533203125,126747.0,98.009619140625,97.73604965209961,97.86859016418457,54.368092354494706,-0.0465466806271877,99.05017852783205,98.65430450439452,96.646728515625
2021-08-06,98.96532615772696,99.81360038193606,98.79566671070296,98.9936065673828,121013.0,98.46203002929687,97.75089340209959,97.91630516052246,54.48482589329274,0.0395788705879454,98.96533203125,99.05017852783205,98.65430450439452
2021-08-09,100.0963702471039,100.0963702471039,98.42810201183492,99.78533172607422,315625.0,99.08975067138672,97.86611709594726,98.02375259399415,57.744498113874364,0.16976267555990887,98.9936065673828,98.96533203125,99.05017852783205
2021-08-10,99.8136185798718,99.8136185798718,96.92948799281972,97.579833984375,1882421.0,98.8748565673828,97.77987594604492,98.04425392150878,47.53221916655179,0.09388677498290576,99.78533172607422,98.9936065673828,98.96533203125
2021-08-11,98.2018922305445,100.12464964686846,97.66464492742604,99.58740234375,660686.0,98.9823013305664,98.06616973876953,98.17573699951171,55.284333580242674,0.19351781288574443,97.579833984375,99.78533172607422,98.9936065673828
2021-08-12,99.72878509524452,106.14739201983164,99.72878509524452,105.77981567382812,4114861.0,100.34519805908204,99.17740859985352,98.58821067810058,70.00552638574823,0.7633526773128807,99.58740234375,97.579833984375,99.78533172607422
2021-08-13,104.84670642751732,105.89290910287632,103.80050375215836,104.42256927490234,2000258.0,101.43099060058594,99.9465103149414,98.9243392944336,64.95777584567892,1.0928349503564192,105.77981567382812,99.58740234375,97.579833984375
2021-08-16,104.53566867146635,104.53566867146635,102.04739505698984,102.18877410888672,224891.0,101.91167907714843,100.50071487426757,99.07561492919922,57.59683226381834,1.1603278866444953,104.42256927490234,105.77981567382812,99.58740234375
2021-08-17,102.35843846609848,103.91360811130166,102.35843846609848,103.60256958007812,601863.0,103.11622619628906,100.99554138183593,99.31454544067383,60.63713588364521,1.312765263071853,102.18877410888672,104.42256927490234,105.77981567382812
2021-08-18,103.5460160615019,105.18601537652836,101.7929181063178,102.01912689208984,3119142.0,103.60257110595703,101.29243621826171,99.51035537719727,55.8105974124908,1.2909214516803047,103.60256958007812,102.18877410888672,104.42256927490234
2021-08-20,100.94464874267578,101.8212035160136,100.322583180367,100.94464874267578,197869.0,102.63553771972656,101.4903678894043,99.61320877075195,52.74270974486444,1.1733826422130988,102.01912689208984,103.60256958007812,102.18877410888672
2021-08-23,101.28394038173008,101.62324777136872,98.56946975916568,99.3611831665039,150893.0,101.62326049804688,101.52712554931641,99.63900947570801,48.51061587207557,0.9416056071556937,100.94464874267578,102.01912689208984,103.60256958007812
2021-08-24,99.53084894117193,101.3404961379198,99.36118948283968,100.06808471679688,1700271.0,101.19912261962891,101.55540084838867,99.71075897216797,50.423139740110244,0.8056743716536943,99.3611831665039,100.94464874267578,102.01912689208984
2021-08-25,100.09637640789956,100.35085411861796,99.02189323011308,99.27638244628906,217950.0,100.3338851928711,101.72505569458008,99.7524658203125,48.26105068192294,0.6268383294203943,100.06808471679688,99.3611831665039,100.94464874267578
2021-08-26,99.47431137245968,99.47431137245968,97.0708672931344,97.9474105834961,608162.0,99.51954193115235,101.5610565185547,99.81361312866211,44.7892405091408,0.37356631491884684,99.27638244628906,100.06808471679688,99.3611831665039
2021-08-27,98.25844038164448,98.82395658527984,97.12740797437375,98.59774780273438,222607.0,99.05016174316407,100.84284973144531,100.01012916564942,46.8058892469297,0.22275541147460842,97.9474105834961,99.27638244628906,100.06808471679688
2021-08-30,98.99362432084304,99.70051963445812,97.74948166560588,99.27638244628906,474927.0,99.0332015991211,100.32823104858399,100.13737068176269,48.90329072128599,0.15619629445599514,98.59774780273438,97.9474105834961,99.27638244628906
2021-08-31,99.78532995070516,100.03981914668984,98.9653360541534,99.33292388916016,2957687.0,98.88616943359375,100.04264602661132,100.27168045043945,49.083423502747294,0.10677925184188553,99.27638244628906,98.59774780273438,97.9474105834961
2021-09-01,100.09635900895958,100.09635900895958,98.82394766562535,99.30463409423828,175278.0,98.89181976318359,99.61285247802735,100.30419692993163,48.99036456511557,0.06458860231467156,99.33292388916016,99.27638244628906,98.59774780273438
2021-09-02,99.89844135910276,99.89844135910276,98.59774946660907,99.47430419921876,447125.0,99.19719848632812,99.35837020874024,100.32540321350098,49.60745631108204,0.044332134822383296,99.30463409423828,99.33292388916016,99.27638244628906
2021-09-03,99.47429378465232,100.01152952874286,98.62601955369529,99.24808502197266,770183.0,99.32726593017578,99.18871383666992,100.33954086303712,48.76047425004231,0.009910499316504229,99.47430419921876,99.30463409423828,99.33292388916016
2021-09-06,99.75705314889312,99.75705314889312,97.89084521452403,98.54119110107422,1959891.0,99.18022766113282,99.10671463012696,100.31692008972168,46.111106132955626,-0.07356135694145394,99.24808502197266,99.47430419921876,99.30463409423828
2021-09-07,98.8805147036198,98.8805147036198,97.49500448360358,97.9474105834961,677715.0,98.903125,98.89464721679687,100.22502403259277,43.950884150119336,-0.1854883356746626,98.54119110107422,99.24808502197266,99.47430419921876
2021-09-08,99.51039382593648,100.43660802863508,98.5552306448134,100.08927917480467,243191.0,99.06005401611328,98.97593688964844,100.35049629211426,52.580666592203656,-0.10020527371537469,97.9474105834961,98.54119110107422,99.24808502197266
2021-09-09,100.26293704635307,100.7839362123609,99.45250698528812,100.43660736083984,251754.0,99.2525146484375,99.22485656738282,100.39295654296875,53.82230523106473,-0.0045390277249168776,100.08927917480467,97.9474105834961,98.54119110107422
2021-09-13,100.46555959243057,100.8128884551991,100.00244659043726,100.6681671142578,337055.0,99.53653106689453,99.43189849853516,100.13737411499024,54.674406106154414,0.08893688923797072,100.43660736083984,100.08927917480467,97.9474105834961
2021-09-14,101.160230669482,101.3339010125144,100.37873768074512,100.72606658935548,450377.0,99.97350616455078,99.5768669128418,99.95254898071289,54.898508193232814,0.16577824225954885,100.6681671142578,100.43660736083984,100.08927917480467
2021-09-15,100.84184621463484,103.59155225307732,100.61030144388812,102.95478057861328,473198.0,100.97498016357422,99.93905258178711,99.99084930419922,62.57009961807835,0.4018815209236948,100.72606658935548,100.6681671142578,100.43660736083984
2021-09-16,103.62049424866711,105.12559404427417,103.24421635540172,103.85205078125,307477.0,101.72753448486328,100.39379425048828,100.00332336425781,65.14087774005857,0.6538599859458714,102.95478057861328,100.72606658935548,100.6681671142578
2021-09-17,104.19936813674606,104.40197566374354,102.3469396364074,103.47576141357422,313393.0,102.33536529541016,100.79393997192383,100.07615509033204,63.18105766983401,0.8138102299412822,103.85205078125,102.95478057861328,100.72606658935548
2021-09-20,102.46271145101872,103.70731736368272,101.33388967991246,102.34693908691406,1409717.0,102.6711196899414,101.10382537841797,100.14626960754394,57.584082584288346,0.8398046773272796,103.47576141357422,103.85205078125,102.95478057861328
2021-09-21,101.5364983358401,103.04159797321664,101.5364983358401,101.88382720947266,1068606.0,102.90267181396484,101.4380889892578,100.27240180969238,55.41517905748803,0.8136568760551341,102.34693908691406,103.47576141357422,103.85205078125
2021-09-22,101.88383107975272,102.665324019476,101.79699591368264,102.2601089477539,829047.0,102.76373748779297,101.86935882568359,100.38200302124024,56.837686042874054,0.8139150407782552,101.88382720947266,102.34693908691406,103.47576141357422
2021-09-23,102.2601051539602,103.44681312137936,102.2601051539602,103.12843322753906,4986626.0,102.61901397705078,102.17327423095703,100.57460556030273,60.00862041537793,0.8741099552219396,102.2601089477539,101.88382720947266,102.34693908691406
2021-09-24,103.79415633301274,103.79415633301274,101.79699464804642,101.97066497802734,133767.0,102.3179946899414,102.32667999267578,100.7757682800293,54.28242518718028,0.8189522648082601,103.12843322753906,102.2601089477539,101.88382720947266
2021-09-27,101.9706623722441,102.5205987740412,101.3628280102972,101.88382720947266,219103.0,102.22537231445312,102.44824600219727,100.94007225036621,53.86723327870357,0.7594775313537525,101.97066497802734,103.12843322753906,102.2601089477539
2021-09-28,102.14432530154107,109.29356949627062,101.99960394986566,106.37019348144533,3284977.0,103.12264556884766,103.01265869140624,101.29476280212403,67.63883694646833,1.0621122714957352,101.88382720947266,101.97066497802734,103.12843322753906
2021-09-29,105.9360113686193,113.5772927235718,105.76234106523104,112.94052124023438,1764289.0,105.25872802734375,104.01123275756837,101.97514266967774,77.99782966861868,1.811244128188477,106.37019348144533,101.88382720947266,101.97066497802734
2021-09-30,112.62214755434924,114.56141108693524,109.14883551600326,109.93032836914062,1291714.0,106.61910705566406,104.61906051635742,102.50642738342285,67.35927177862143,2.1374004919694727,112.94052124023438,106.37019348144533,101.88382720947266
2021-10-01,110.16189953587094,112.043277140605,109.7566726776097,111.0302276611328,639849.0,108.43101959228515,105.37450714111328,103.08422355651855,69.02191146389319,2.4563195183161355,109.93032836914062,112.94052124023438,106.37019348144533
2021-10-04,111.92749235418518,111.92749235418518,110.10400094601545,110.88550567626952,762546.0,110.23135528564453,106.22836380004883,103.6660945892334,68.52729545798326,2.6666478334041557,111.0302276611328,109.93032836914062,112.94052124023438
2021-10-05,111.55120224605103,112.9405294416914,109.66982485834812,109.87244415283205,2655927.0,110.93180541992187,107.02722549438477,104.23265724182129,65.01507900851146,2.7202318010945703,110.88550567626952,111.0302276611328,109.93032836914062
2021-10-06,110.94337173958118,111.26175159281402,108.16471754754838,108.6278305053711,381429.0,110.06926727294922,107.66399765014648,104.76667823791504,60.88630848488168,2.6319283303868133,109.87244415283205,110.88550567626952,111.0302276611328
2021-10-07,109.98823678443826,110.74079258920844,108.5989093327228,109.03307342529295,404205.0,109.88981628417969,108.25446166992188,105.21386795043945,61.73830231030362,2.5650782847789486,108.6278305053711,109.87244415283205,110.88550567626952
2021-10-08,109.93032244961428,110.0750437767524,108.2515526993216,108.6278305053711,295106.0,109.40933685302734,108.92017822265625,105.62342910766601,60.32323547796498,2.451144161020835,109.03307342529295,108.6278305053711,109.87244415283205
2021-10-11,110.56710995026113,112.94053770365038,109.66983288104464,111.9853744506836,4376302.0,109.62931060791016,109.93033294677734,106.18928947448731,67.05981261649013,2.6017845307963086,108.6278305053711,109.03307342529295,108.6278305053711
2021-10-12,112.65108820977348,112.65108820977348,111.00126729645108,111.89854431152344,399701.0,110.03453063964844,110.48316802978516,106.7479133605957,66.74420311871461,2.6832310255785785,111.9853744506836,108.6278305053711,109.03307342529295
2021-10-13,113.63520425540509,118.38205963746648,112.41953554132186,115.48763275146484,1277907.0,111.40649108886718,110.73787918090821,107.37455596923829,72.50453102787056,3.0027732998839127,111.89854431152344,111.9853744506836,108.6278305053711
2021-10-14,116.0375891846666,119.16357311679272,114.8508810229727,118.382080078125,1058710.0,113.27629241943359,111.58305435180664,108.10105743408204,76.09991636017763,3.4498033778922235,115.48763275146484,111.89854431152344,111.9853744506836
2021-10-18,120.92915786091342,121.42120807689052,116.96379537575233,117.97684478759766,3711782.0,115.1460952758789,112.27771606445313,108.8261116027832,74.6285673296502,3.728400157966149,118.382080078125,115.48763275146484,111.89854431152344
2021-10-19,118.9319933828617,118.9319933828617,114.04041676557334,114.90874481201172,576837.0,115.73076934814453,112.68003997802734,109.45420188903809,64.4658838322107,3.659436381818182,117.97684478759766,118.382080078125,115.48763275146484
2021-10-20,116.93483696315714,116.93483696315714,112.01431164540053,112.47742462158205,4395254.0,115.84654541015625,112.94053802490234,109.98388175964355,57.75402400852843,3.3697504863765886,114.90874481201172,117.97684478759766,118.382080078125
2021-10-21,114.12726541262812,114.12726541262812,111.72488851142528,112.24588775634766,191403.0,115.19819641113281,113.30234375,110.48317070007325,57.14386194764062,3.085916710255489,112.47742462158205,114.90874481201172,117.97684478759766
2021-10-22,114.1851482346702,114.1851482346702,110.74078472260342,112.50637817382812,132262.0,114.02305603027344,113.64967422485351,110.95206794738769,57.68549911703864,2.849152540498011,112.24588775634766,112.47742462158205,114.90874481201172
2021-10-25,112.79582366546036,112.79582366546036,110.277674400776,111.60911560058594,267505.0,112.7495101928711,113.947802734375,111.43399047851562,55.10218775522172,2.559608070708606,112.50637817382812,112.24588775634766,112.47742462158205
2021-10-26,110.76971835228616,111.58016026351706,109.81455509181592,110.16189575195312,299738.0,111.80014038085938,113.76545486450195,111.84789390563965,51.12528066120248,2.1881399304332945,111.60911560058594,112.50637817382812,112.24588775634766
2021-10-27,110.56709856993268,111.0880977249673,109.09093626024324,110.1329345703125,203117.0,111.33124237060547,113.58889389038086,112.03603096008301,51.04588371832286,1.8698572769193902,110.16189575195312,111.60911560058594,112.50637817382812
2021-10-28,110.13294352320956,110.56710755812364,107.32535178625568,107.70162963867188,223973.0,110.42239074707031,112.81029357910157,111.77408638000489,44.76127350994556,1.4052313597970567,110.1329345703125,110.16189575195312,111.60911560058594
2021-10-29,108.10684981001208,109.14884825410212,104.98086625519568,107.12274932861328,409809.0,109.34566497802734,111.68436050415039,111.63370742797852,43.391476914950815,0.9790156864937245,107.70162963867188,110.1329345703125,110.16189575195312
2021-11-01,107.38323529985908,109.1488403756088,106.83329891361724,108.59889221191406,142919.0,108.74362030029297,110.74656524658204,111.51214065551758,47.77996673153007,0.7516841418442368,107.12274932861328,107.70162963867188,110.1329345703125
2021-11-02,109.81454853650662,110.62499039935872,107.18062720405337,107.4700698852539,207901.0,108.20525512695312,110.00269775390625,111.3413688659668,44.91259936277695,0.47496067605372616,108.59889221191406,107.12274932861328,107.70162963867188
2021-11-03,107.38323325876615,108.30944747046712,105.9360198725294,106.42807006835938,300206.0,107.4642822265625,109.39776229858398,111.16915016174316,42.384076110375354,0.16961939209458876,107.4700698852539,108.59889221191406,107.12274932861328
2021-11-04,107.49900886035589,107.49900886035589,106.83330010457443,107.15167999267578,30758.0,107.35429229736329,108.88834152221679,111.0953426361084,44.711909570146595,-0.013817225501654207,106.42807006835938,107.4700698852539,108.59889221191406
2021-11-08,108.36734708510131,110.1040033638847,106.89119631460792,109.46723175048828,353875.0,107.82318878173828,108.58442687988281,111.11705055236817,51.469048439951116,0.027338467608871042,107.15167999267578,106.42807006835938,107.4700698852539
2021-11-09,110.24873388145106,110.24873388145106,107.32536930239098,108.02002716064452,251575.0,107.70741577148438,108.22551803588867,111.08666038513184,47.55698666027661,-0.056175112962833396,109.46723175048828,107.15167999267578,106.42807006835938
2021-11-10,107.67266448726498,107.9042209599322,106.22545125490927,106.80433654785156,407790.0,107.5742691040039,107.88976211547852,110.82760848999024,44.49733897425378,-0.21794397724650594,108.02002716064452,109.46723175048828,107.15167999267578
2021-11-11,107.09379948777811,107.12274846889142,104.6624855076857,105.47291564941406,315559.0,107.38323822021485,107.42376022338867,110.50632705688477,41.35897137852724,-0.4484124870051289,106.80433654785156,108.02002716064452,109.46723175048828
2021-11-12,105.64658227857652,106.16758147818072,104.37303914839144,105.35713958740234,290550.0,107.02433013916016,107.18931121826172,109.99980239868164,41.08759714981211,-0.6331045666972273,105.47291564941406,106.80433654785156,108.02002716064452
2021-11-15,106.1965238396999,109.20673504061506,105.35714470550025,109.0041275024414,827803.0,106.93170928955078,107.37744903564453,109.53090476989746,51.81331073743534,-0.4796636607925109,105.35713958740234,105.47291564941406,106.80433654785156
2021-11-16,109.64089191722395,110.74077648056723,107.9910709609356,108.3962860107422,930913.0,107.00696105957032,107.35718841552735,109.05187683105468,50.17371632249463,-0.4024689542415558,109.0041275024414,105.35713958740234,105.47291564941406
2021-11-17,108.25159156257766,112.130119811324,108.25159156257766,110.65396881103516,843002.0,107.77688751220703,107.67557830810547,108.83913803100586,55.77193995323161,-0.1573021778122552,108.3962860107422,109.0041275024414,105.35713958740234
2021-11-18,110.79867347769051,112.53532976487232,110.62500313799066,111.3486099243164,1070661.0,108.9520263671875,108.16763229370117,108.78269729614257,57.35938059362464,0.0919856381455304,110.65396881103516,108.3962860107422,109.0041275024414
2021-11-22,112.99843040102768,114.01147989614049,111.17495073178796,112.44849395751952,943931.0,110.37029724121093,108.69731369018555,108.79282760620117,59.81859193165017,0.37398837252014516,111.3486099243164,110.65396881103516,108.3962860107422
2021-11-23,111.72488143223929,117.07957134544247,111.72488143223929,116.84801483154295,1390943.0,111.93907470703125,109.43539199829101,109.00990943908691,67.8146177475358,0.9416276401429258,112.44849395751952,111.3486099243164,110.65396881103516
2021-11-24,116.84801040882604,120.03187996643685,116.41384637824274,117.57161712646484,1165625.0,113.77414093017578,110.39055099487305,109.30803451538085,68.9104466606976,1.4333517207512187,116.84801483154295,112.44849395751952,111.3486099243164
2021-11-25,117.74530324607022,118.6715176134157,116.58753234252472,118.20840454101562,345914.0,115.28502807617187,111.53095779418945,109.71035995483399,69.88226612739207,1.8530689939469482,117.57161712646484,116.84801483154295,112.44849395751952
2021-11-26,118.0926207884809,118.64255720372036,116.182294270627,116.84801483154295,406467.0,116.3849090576172,112.66846771240235,110.04611396789551,65.19379823983687,2.0522686016044958,118.20840454101562,117.57161712646484,116.84801483154295
2021-11-29,115.77707214796342,118.03472741033929,114.87979512783558,115.74812316894533,606527.0,117.04483489990234,113.70756607055664,110.44843864440918,61.595601373330744,2.097208348461109,116.84801483154295,118.20840454101562,117.57161712646484
2021-11-30,115.77706093500268,121.30542030562972,115.77706093500268,119.71348571777344,955861.0,117.61792907714843,114.77850189208985,111.07797546386719,68.37288792326878,2.424842959170263,115.74812316894533,116.84801483154295,118.20840454101562
2021-12-01,120.40816812106122,120.78444600193036,118.52679049416965,119.88716888427734,525859.0,118.08103942871094,115.92759017944336,111.64238929748535,68.63398006742452,2.667758271906578,119.71348571777344,115.74812316894533,116.84801483154295
2021-12-02,120.3792122808191,124.98135820319312,119.68455452298508,124.25775146484376,1045749.0,119.29090881347656,117.28796844482422,112.48177337646484,74.36825731918736,3.1763251954698717,119.88716888427734,119.71348571777344,115.74812316894533
2021-12-03,123.70781767389866,125.2418664932171,118.90307543857224,119.25040435791016,1383027.0,119.77138671875,118.0781478881836,113.12289009094238,60.68077831242191,3.139131133372686,124.25775146484376,119.88716888427734,119.71348571777344
2021-12-06,120.35027618845729,120.35027618845729,116.52963493020302,116.84801483154295,658383.0,119.99136505126953,118.51809997558594,113.60770683288574,55.4114441369842,2.8825733033199725,119.25040435791016,124.25775146484376,119.88716888427734
2021-12-07,117.36903157846672,119.77140868636536,117.05063985210528,119.16357421875,369989.0,119.88138275146484,118.74965591430664,114.09252395629883,59.098198613702294,2.8334336063513774,116.84801483154295,119.25040435791016,124.25775146484376
2021-12-08,118.64254957150098,120.11871194737758,118.03472701125098,118.58466339111328,876814.0,119.62088165283203,118.85096054077148,114.62075576782226,57.81121406893317,2.71646308137818,119.16357421875,116.84801483154295,119.25040435791016
2021-12-09,119.56878338270742,119.56878338270742,117.05062248545045,117.60057067871094,330271.0,118.28944549560546,118.79017715454101,115.16056747436524,55.59484226135469,2.51535954109211,118.58466339111328,119.16357421875,116.84801483154295
2021-12-10,118.03473652418296,118.09262270923595,116.84801673205476,117.2821807861328,312057.0,117.89580078125,118.83359375,115.75103073120117,54.862000670900905,2.303736097402009,117.60057067871094,118.58466339111328,119.16357421875
2021-12-13,119.01884715440671,121.30545176739754,118.12158176591682,118.3531265258789,566629.0,118.19682312011719,119.09409408569336,116.400830078125,56.91909091191763,2.197112420218261,117.2821807861328,117.60057067871094,118.58466339111328
2021-12-14,117.10853019548249,123.50520729412956,117.10853019548249,122.89738464355467,1233215.0,118.94358520507812,119.41248397827148,117.09549293518066,64.34446308632684,2.4510419540886943,118.3531265258789,117.2821807861328,117.60057067871094
2021-12-15,123.59202435811362,124.8076812586045,120.43710385714289,121.56592559814452,1111929.0,119.53983764648437,119.5803596496582,117.75397491455078,61.02555946632933,2.515844235360845,122.89738464355467,118.3531265258789,117.2821807861328
2021-12-16,122.665813307557,122.665813307557,119.53982992733226,120.5528793334961,600613.0,120.1302993774414,119.20987243652344,118.24892044067383,58.5509670240163,2.4571318564384512,121.56592559814452,122.89738464355467,118.3531265258789
2021-12-17,120.17659385659888,121.85536369289406,118.6425453548558,121.53697204589844,688895.0,120.98125762939453,119.43852920532227,118.75833854675292,60.23773164807818,2.4616337490819262,120.5528793334961,121.56592559814452,122.89738464355467
2021-12-20,123.30259341219868,123.44731476596888,120.1187236292546,121.45016479492188,1001094.0,121.60066528320313,119.89874420166015,119.20842208862305,60.005758518232085,2.430183271740873,121.53697204589844,120.5528793334961,121.56592559814452
2021-12-21,121.971141873221,122.55002723906917,118.55572763667936,119.6266632080078,441315.0,120.94652099609375,119.94505310058594,119.34735450744628,55.19713847607756,2.2323836740504106,121.45016479492188,121.53697204589844,120.5528793334961
2021-12-22,121.07161728043457,123.16324759873324,120.0409674432746,122.19322204589844,602487.0,121.07198028564453,120.30590896606445,119.57843475341797,60.04976266383588,2.25671194584487,119.6266632080078,121.45016479492188,121.53697204589844
2021-12-23,122.04161213017504,127.07362330734378,122.04161213017504,126.34610748291016,728085.0,122.23062591552734,121.18046264648437,119.98531990051269,66.39266949062038,2.5813393509628924,122.19322204589844,119.6266632080078,121.45016479492188
2021-12-24,126.10362433214176,126.49770062508816,120.4350263783506,123.2238540649414,694265.0,122.56800231933593,121.77462997436524,120.30411186218262,58.830068230716556,2.557191440138041,126.34610748291016,122.19322204589844,119.6266632080078
2021-12-27,124.52731809759491,125.64891024566612,124.3151269886962,124.92139434814452,256730.0,123.26224822998047,122.4314567565918,120.76277542114258,61.404183147776344,2.644546672879642,123.2238540649414,126.34610748291016,122.19322204589844
2021-12-28,125.73987668110638,126.4673927167058,123.31480678305049,124.55764770507812,742325.0,124.24844512939453,122.59748306274415,121.0049835205078,60.53083374353658,2.6538332720436415,124.92139434814452,123.2238540649414,126.34610748291016
2021-12-29,123.61793927274636,124.73953162236936,123.01167180435088,123.89075469970705,1254077.0,124.58795166015625,122.8299659729004,121.2051628112793,58.877423149590065,2.577666541364266,124.55764770507812,124.92139434814452,123.2238540649414
2021-12-30,123.89074946396426,128.13462156338247,122.4963417463096,124.49701690673828,2037735.0,124.21813354492187,123.22437973022461,121.21712608337403,59.9484789351479,2.5369794322320445,123.89075469970705,124.55764770507812,124.92139434814452
2021-12-31,123.95137897963794,124.98204107663618,123.34511151124246,123.89075469970705,1943137.0,124.351513671875,123.45975799560547,121.44914360046387,58.31286488475832,2.4278278238640354,124.49701690673828,123.89075469970705,124.55764770507812
2022-01-03,125.01236066993822,125.40643703424016,123.98171079518968,124.2242202758789,851261.0,124.21207885742187,123.73716354370117,121.81795387268066,58.97587054124925,2.341243870975589,123.89075469970705,124.49701690673828,123.89075469970705
2022-01-04,125.43671794768544,129.10462803685314,124.618259487097,127.61927795410156,561471.0,124.82440490722657,124.53642501831055,122.24073905944825,65.06740690316448,2.5175574107533976,124.2242202758789,123.89075469970705,124.49701690673828
2022-01-05,127.58894804419592,128.07396681684483,126.07327979784272,126.34610748291016,1102039.0,125.31547546386719,124.95171356201172,122.62881126403809,61.38626338847654,2.525441230133808,127.61927795410156,124.2242202758789,123.89075469970705
2022-01-06,125.7701885976262,126.25520753397524,124.13327127290005,124.89110565185548,202310.0,125.39429321289063,124.80621337890625,122.99333801269532,57.39031797597753,2.386769532525676,126.34610748291016,127.61927795410156,124.2242202758789
2022-01-07,125.5579959957773,126.34614867465272,123.95138466394282,124.31515502929688,1938078.0,125.47917327880859,124.9153434753418,123.34498672485351,55.840766128954584,2.2049791837963966,124.89110565185548,126.34610748291016,127.61927795410156
2022-01-10,125.072978402074,125.58830326162216,123.34510632220268,123.67855834960938,955898.0,125.37004089355469,124.79105987548829,123.61125831604004,54.10198669512219,1.9866402388762054,124.31515502929688,124.89110565185548,126.34610748291016
2022-01-11,123.8604446269032,124.73952749315936,123.37542573442494,123.61793518066406,1282773.0,124.56977233886718,124.69708862304688,123.64728584289551,53.929767868379216,1.7881011518704355,123.67855834960938,124.31515502929688,124.89110565185548
2022-01-12,124.58794680903468,125.28515676416872,123.89073685390066,124.1938705444336,1060023.0,124.13932495117187,124.72740020751954,123.77868309020997,55.382846342068724,1.6581169258062687,123.61793518066406,123.67855834960938,124.31515502929688
2022-01-13,125.6186122759436,128.2255672773379,125.34579685385158,126.04300689697266,705259.0,124.36970520019531,124.88199920654297,124.05318946838379,59.77014327316079,1.6848909656929436,124.1938705444336,123.61793518066406,123.67855834960938
2022-01-14,126.1036093765818,127.0433287071948,125.34577518561676,125.98236083984376,1654098.0,124.7031463623047,125.09115982055664,124.27545890808105,59.56327587135393,1.6818288788167592,126.04300689697266,124.1938705444336,123.61793518066406
2022-01-17,126.25519757764616,127.04335020342464,124.80015321788596,125.01234436035156,1086281.0,124.96990356445312,125.1699722290039,124.45356788635254,56.212088508967675,1.5828834348509417,125.98236083984376,126.04300689697266,124.1938705444336
2022-01-18,125.13359629494758,125.98237313859656,124.04231001960716,124.34544372558594,1145095.0,125.1154052734375,124.84258880615235,124.68950691223145,53.964111490779175,1.4341234673197647,125.01234436035156,125.98236083984376,126.04300689697266
2022-01-19,124.55763837850655,125.61860637946332,122.0416384153002,124.0726318359375,731075.0,125.09115753173828,124.61524124145508,124.78347740173339,53.02984800755138,1.279467576007761,124.34544372558594,125.01234436035156,125.98236083984376
2022-01-20,124.95172226690158,130.52939035443512,124.86077968009934,130.10499572753906,1617817.0,125.90355529785157,125.13663024902344,124.97142181396484,66.74119016846153,1.6249318168910065,124.0726318359375,124.34544372558594,125.01234436035156
2022-01-21,129.86246865168874,132.89380557011793,129.04401015062118,130.31716918945312,814279.0,126.77051696777343,125.73683166503906,125.32608757019042,67.1049185444123,1.894002460506158,130.10499572753906,124.0726318359375,124.34544372558594
2022-01-24,131.52971124938296,131.98441181235782,128.25587706359755,129.68060302734375,310283.0,127.70416870117188,126.3370361328125,125.5640480041504,64.81467841493918,2.0324485135348596,130.31716918945312,130.10499572753906,124.0726318359375
2022-01-25,128.52869698660714,133.46977907823666,128.52869698660714,132.62100219726562,2660955.0,129.35928039550782,127.23734283447266,125.96721572875977,69.921294750761,2.3523175941233916,129.68060302734375,130.31716918945312,130.10499572753906
2022-01-27,133.8941514877719,133.8941514877719,128.77119694267958,130.1959228515625,712879.0,130.5839385986328,127.83754806518554,126.28247413635253,61.93716847032856,2.382666611518445,132.62100219726562,129.68060302734375,130.31716918945312
2022-01-28,132.34820242661797,132.34820242661797,126.95241911827112,127.40711975097656,388886.0,130.04436340332032,127.97395935058594,126.42797927856445,54.26351100563641,2.1568228124334325,130.1959228515625,132.62100219726562,129.68060302734375
2022-01-31,128.5286847755258,131.3478305641614,128.37711793027162,130.58999633789062,307965.0,130.09892883300782,128.43472290039062,126.76294136047363,60.30777152542606,2.2092051726484954,127.40711975097656,130.1959228515625,132.62100219726562
2022-02-01,131.5600494953022,131.59036780457956,128.07401131743129,129.04403686523438,404473.0,129.97161560058595,128.8378921508789,127.00393218994141,56.408462932009854,2.1017449536575015,130.58999633789062,127.40711975097656,130.1959228515625
2022-02-02,129.43807726708528,132.01471346561038,129.43807726708528,129.7412109375,261553.0,129.39565734863282,129.37746887207032,127.11002883911132,57.73560314217729,2.049215990655469,129.04403686523438,130.58999633789062,127.40711975097656
2022-02-03,130.28688276464817,130.3475070452024,127.922437146687,128.13462829589844,199685.0,128.9833984375,129.7836685180664,127.19945487976074,53.67984191227688,1.8565474927835908,129.7412109375,129.04403686523438,130.58999633789062
2022-02-04,129.10462328253587,129.37745098237895,126.8311207898788,127.1342544555664,226191.0,128.92882537841797,129.48659439086913,127.31161231994629,51.26497414640975,1.6046372522844763,128.13462829589844,129.7412109375,129.04403686523438
2022-02-07,127.04334350656843,129.86247715772868,126.86145834573256,129.52903747558594,416289.0,128.71663360595704,129.40778121948242,127.57230644226074,56.32970926092484,1.5800220369401785,127.1342544555664,128.13462829589844,129.7412109375
2022-02-08,130.0443566627626,130.58999978699725,126.43707058425558,127.37677764892578,353834.0,128.3831817626953,129.17739868164062,127.75721740722656,51.1816554547785,1.3710404200913615,129.52903747558594,127.1342544555664,128.13462829589844
2022-02-09,127.31613633770024,128.31647987583304,126.55830219283298,126.89175415039062,296675.0,127.81329040527343,128.60447387695314,127.9209083557129,50.07108695516503,1.152992658630481,127.37677764892578,129.52903747558594,127.1342544555664
2022-02-10,127.61929968958796,130.7718855319506,127.52835710413572,128.49838256835938,1167243.0,127.88604125976562,128.43471984863282,128.1361339569092,53.658170908204276,1.0971820907298024,126.89175415039062,127.37677764892578,129.52903747558594
2022-02-11,127.80116971375512,128.4377430673895,125.49734871654304,125.9520492553711,1029065.0,127.64960021972657,128.28921279907226,128.1315860748291,47.797118126602314,0.837826058538127,128.49838256835938,126.89175415039062,127.37677764892578
2022-02-14,125.95204962477034,125.95204962477034,122.01131161003624,122.40538787841795,242990.0,126.22487030029296,127.470751953125,127.9527374267578,41.06834178803258,0.3421544584197562,125.9520492553711,128.49838256835938,126.89175415039062
2022-02-15,122.46604231830764,123.61795310405212,120.6775580202492,123.3148193359375,3127255.0,125.41247863769532,126.89783020019532,127.86786117553712,43.273575982066056,0.02245580583945639,122.40538787841795,125.9520492553711,128.49838256835938
2022-02-16,125.28547675614968,126.4490318797418,123.147080173712,123.43009948730467,1599575.0,124.72014770507812,126.26671905517578,127.82209396362305,43.56187811710247,-0.21908011565528795,123.3148193359375,122.40538787841795,125.9520492553711
2022-02-17,124.9710053249764,125.0653493615886,123.2728638494842,123.9646987915039,802558.0,123.81341094970703,125.84972610473633,127.81669731140137,44.95891531545811,-0.3631749231506092,123.43009948730467,123.3148193359375,122.40538787841795
2022-02-18,123.33574710270942,125.8515196608305,122.80114799328489,123.1470718383789,995191.0,123.25241546630859,125.45100784301758,127.46880111694335,43.19771916534779,-0.537154772313329,123.9646987915039,123.43009948730467,123.3148193359375
2022-02-21,123.08419204954546,125.12825766423974,123.08419204954546,124.59365844726562,376749.0,123.69006958007813,124.95746994018555,127.18262557983398,47.14291897004166,-0.5519451266770545,123.1470718383789,123.9646987915039,123.43009948730467
2022-02-22,123.2728801477168,124.78234654543697,120.6942153160484,124.59365844726562,288910.0,123.94583740234376,124.67915802001953,126.92827835083008,47.14291897004166,-0.557243038196475,124.59365844726562,123.1470718383789,123.9646987915039
2022-02-23,125.44272929726964,125.44272929726964,124.3735308633214,124.59365844726562,115297.0,124.17854919433594,124.44934844970703,126.52691116333008,47.14291897004166,-0.5550434755612912,124.59365844726562,124.59365844726562,123.1470718383789
2022-02-24,121.38602460141976,123.27285399936927,119.34195942030776,120.06524658203124,541663.0,123.3986587524414,123.60603485107421,126.02037734985352,37.074996250037984,-0.908235722283905,124.59365844726562,124.59365844726562,124.59365844726562
2022-02-25,120.56840026865191,124.3420592791998,120.56840026865191,124.09049224853516,196391.0,123.58734283447265,123.41987915039063,125.85454597473145,47.7555694037567,-0.853500811450516,120.06524658203124,124.59365844726562,124.59365844726562
2022-02-28,123.93327052705632,132.2038638941279,123.20998324207405,131.57492065429688,882347.0,124.98359527587891,124.33683242797852,125.90379219055175,61.008050396143766,-0.20384240949520915,124.09049224853516,120.06524658203124,124.59365844726562
2022-03-02,127.61260695361186,133.96493216369947,127.61260695361186,132.61270141601562,660815.0,126.5874038696289,125.26662063598633,126.08222541809081,62.43109144694651,0.3902581360997033,131.57492065429688,124.09049224853516,120.06524658203124
2022-03-03,133.1157978681615,137.86431017448876,132.70698233024325,137.04669189453125,413405.0,129.07801055908203,126.62827987670899,126.44749946594239,67.8327830987707,1.2049827825174901,132.61270141601562,131.57492065429688,124.09049224853516
2022-03-04,135.8517407395699,136.82660788637835,132.80136856454783,135.19134521484375,361731.0,132.10323028564454,127.75094451904297,126.80033531188965,63.705242237983654,1.6815629523282212,137.04669189453125,132.61270141601562,131.57492065429688
2022-03-07,133.3045142304982,135.38003203510385,131.354792751074,134.02780151367188,596249.0,134.09069213867187,128.83901748657226,127.14501266479492,61.190585749218485,1.9429705627437102,135.19134521484375,137.04669189453125,132.61270141601562
2022-03-08,133.9648920018859,140.47445109632238,131.88937447223657,133.36740112304688,1051262.0,134.44918823242188,129.71639175415038,127.33693084716796,59.74899040037004,2.072953467802904,134.02780151367188,135.19134521484375,137.04669189453125
2022-03-09,134.34228156667643,135.8517479924358,129.93967862247715,130.85165405273438,475882.0,134.09697875976562,130.34219131469726,127.5106746673584,54.48317635762952,1.9504821488608002,133.36740112304688,134.02780151367188,135.19134521484375
2022-03-10,132.64411680584502,132.89569663244032,130.19123588933346,131.38623046875,546345.0,132.9648864746094,131.0214485168457,127.73539848327637,55.38301099864633,1.8749453920058556,130.85165405273438,133.36740112304688,134.02780151367188
2022-03-11,130.82021063857133,133.96492724046004,130.60008303561602,133.61900329589844,363267.0,132.65041809082032,132.37682418823243,127.99142951965332,59.02646754778335,1.9725102052737213,131.38623046875,130.85165405273438,133.36740112304688
2022-03-14,133.52466058273316,134.56240673564588,131.82650608582566,134.18504333496094,218318.0,132.68186645507814,133.386279296875,128.4030792236328,59.92003625976657,2.0716253161606915,133.61900329589844,131.38623046875,130.85165405273438
2022-03-15,134.27938783149227,134.90833110002384,131.0403274393779,131.73216247558594,480407.0,132.35481872558594,133.4020034790039,128.86941795349122,54.38503245528529,1.9299999320204222,134.18504333496094,133.61900329589844,131.38623046875
2022-03-16,132.07805719632557,132.99001961575743,131.38622231304475,131.63780212402344,843157.0,132.51204833984374,133.30451354980468,129.28556709289552,54.17770147007238,1.7895182505092748,131.73216247558594,134.18504333496094,133.61900329589844
2022-03-17,133.3359406744053,133.7761957375252,130.6629324297533,133.02146911621094,594843.0,132.83909606933594,132.90199127197266,129.76513557434083,56.77965628054769,1.769438878325957,131.63780212402344,131.73216247558594,134.18504333496094
2022-03-21,134.7510846784583,135.25424437204012,128.58743601355272,128.87046813964844,344227.0,131.88938903808594,132.26990356445313,130.01042404174805,47.977887782366686,1.402408649814646,133.02146911621094,131.63780212402344,131.73216247558594
2022-03-22,128.93335235584405,131.70070491680437,128.3044091736204,131.26043701171875,645881.0,131.3044677734375,131.9931671142578,130.41609230041504,52.53964585675879,1.289520276532869,128.87046813964844,133.02146911621094,131.63780212402344
2022-03-23,131.22901334636364,132.5497916290422,131.07177753185707,132.14097595214844,273011.0,131.38623046875,131.87052459716796,130.79345817565917,54.13538900282252,1.2566220046622618,131.26043701171875,128.87046813964844,133.02146911621094
2022-03-24,132.07805158404693,132.8642304625234,130.85161765197572,132.5497589111328,462971.0,131.56862182617186,132.04033508300782,131.19126319885254,54.89361545393658,1.2491359934614081,132.14097595214844,131.26043701171875,128.87046813964844
2022-03-25,132.45543551027998,132.54977954956286,130.00255446833583,131.8264923095703,516801.0,131.32962646484376,132.08436126708983,131.55290489196778,53.217267759123494,1.171339235917742,132.5497589111328,132.14097595214844,131.26043701171875
2022-03-28,131.70072406805207,133.68189793932504,130.50572928888076,133.4932098388672,178827.0,132.2541748046875,132.07178192138673,132.22430305480958,56.512986379592135,1.22999628877281,131.8264923095703,132.5497589111328,132.14097595214844
2022-03-29,134.8768750133058,134.8768750133058,131.92084685295168,132.8328094482422,300330.0,132.5686492919922,131.93655853271486,132.66141891479492,54.86376058798898,1.2092541048484406,133.4932098388672,131.8264923095703,132.5497589111328
2022-03-30,134.24790572106326,137.2982901323809,133.27305154897306,136.13473510742188,440927.0,133.36740112304688,132.37681579589844,132.88940963745117,60.99315219110016,1.4426239095733422,132.8328094482422,133.4932098388672,131.8264923095703
2022-03-31,136.13472696704827,136.63788655834236,135.0969811033091,136.3863067626953,454543.0,134.13471069335938,132.85166625976564,133.07808990478514,61.4229851509297,1.62909173580897,136.13473510742188,132.8328094482422,133.4932098388672
2022-04-01,136.35489685770995,141.9524813464663,136.2605528143964,141.48077392578125,1192382.0,136.06556701660156,133.69759674072264,133.29979400634767,68.89740136425928,2.1630158550054546,136.3863067626953,136.13473510742188,132.8328094482422
2022-04-04,143.02166748046875,143.43048306602498,140.97760234856813,143.02166748046875,431610.0,137.97125854492188,135.1127166748047,133.6913101196289,70.7437986403541,2.679603002840963,141.48077392578125,136.3863067626953,136.13473510742188
2022-04-05,144.3424722305981,147.51864068125852,142.7386618652383,146.57522583007812,560993.0,140.71974182128906,136.64419555664062,134.3186813354492,74.50298087967379,3.337274477007554,143.02166748046875,141.48077392578125,136.3863067626953
2022-04-06,145.85194002772067,149.9400710908752,145.28588855210728,148.80796813964844,666881.0,143.25438842773437,138.31089477539064,135.0907096862793,76.54245343449423,3.99262303015783,146.57522583007812,143.02166748046875,141.48077392578125
2022-04-07,149.05955534720098,150.82060162577451,144.68840472857954,145.5374755859375,798417.0,145.08462219238282,139.6096664428711,135.82500076293945,67.96649660745362,4.199678780846682,148.80796813964844,146.57522583007812,143.02166748046875
2022-04-08,146.19783126054304,147.17269826913986,145.00284950275503,146.29217529296875,1283890.0,146.04690246582032,141.05623474121094,136.5702980041504,68.83426393789736,4.374246325327931,145.5374755859375,148.80796813964844,146.57522583007812
2022-04-11,145.9148422571218,148.11614375669046,143.71354075755315,145.22300720214844,304014.0,146.48717041015624,142.22921447753907,137.1504981994629,66.10231838480459,4.37587704580676,146.29217529296875,145.5374755859375,148.80796813964844
2022-04-12,144.3424659504033,146.95258281761537,143.8078667838375,146.60665893554688,650427.0,146.49345703125,143.60659942626953,137.77157897949218,67.87904769003543,4.437663907583442,145.22300720214844,146.29217529296875,145.5374755859375
2022-04-13,147.80167559177104,148.05325547110408,143.17894489307758,144.31103515625,622017.0,145.5940704345703,144.42422943115236,138.4005226135254,62.06649262594913,4.2523740658111535,146.60665893554688,145.22300720214844,146.29217529296875
2022-04-18,144.02796806165946,145.85190558755517,143.17889744667283,145.3173065185547,2083854.0,145.55003662109374,145.31732940673828,139.08449783325196,63.540309090038,4.139016217930532,144.31103515625,146.60665893554688,145.22300720214844
2022-04-19,144.97139040629068,146.73243627578228,142.4556179046631,143.39903259277344,349919.0,144.97140808105468,145.5091552734375,139.60337600708007,58.846541904423425,3.850010112629235,145.3173065185547,144.31103515625,146.60665893554688
2022-04-20,144.56258628581327,144.56258628581327,140.63169144012613,142.83299255371094,217431.0,144.4934051513672,145.49028778076172,140.3015022277832,57.496841368358,3.534551877580469,143.39903259277344,145.3173065185547,144.31103515625
2022-04-21,141.8267022228346,143.77642372969248,141.60657464552344,142.92735290527344,1545975.0,143.7575439453125,145.12550048828126,140.88484802246094,57.6711344641949,3.254645517737174,142.83299255371094,143.39903259277344,145.3173065185547
2022-04-22,142.36127451485532,144.71981124570408,141.38642034363292,141.82667541503906,1446875.0,143.26067199707032,144.4273712158203,141.36913299560547,54.84587606939011,2.9104523531946995,142.92735290527344,142.83299255371094,143.39903259277344
2022-04-25,140.25435905739522,142.64434876955215,139.37383585839612,140.19146728515625,409082.0,142.23550415039062,143.89277038574218,141.75121841430663,50.85957545802651,2.4771738423722525,141.82667541503906,142.92735290527344,142.83299255371094
2022-04-26,141.04051967576845,146.19784905615023,141.04051967576845,145.6947021484375,915719.0,142.69463806152345,143.83302307128906,142.44462890625,61.105365581284744,2.548485210823003,140.19146728515625,141.82667541503906,142.92735290527344
2022-04-27,146.00914880047546,146.51229562216326,143.0216689613793,144.18521118164062,1063146.0,142.96508178710937,143.72924346923827,142.97922897338867,57.5602809276849,2.4548981407670283,145.6947021484375,140.19146728515625,141.82667541503906
2022-04-28,145.97771104681547,148.55637555263078,144.75127695133074,148.21046447753906,617653.0,144.0217041015625,143.8896240234375,143.74811172485352,63.621254152354624,2.674701717566734,144.18521118164062,145.6947021484375,140.19146728515625
2022-04-29,148.05325427690798,148.55640123563148,142.70723626670954,143.14749145507812,997677.0,144.2858673095703,143.7732696533203,144.09874954223633,53.30872393290224,2.4125476780247084,148.21046447753906,144.18521118164062,145.6947021484375
2022-05-02,143.14748500944663,146.54378121040963,142.36130592569978,145.44313049316406,238635.0,145.33619995117186,143.78585205078124,144.55159072875978,56.73324618265988,2.362790816145065,143.14749145507812,148.21046447753906,144.18521118164062
2022-05-04,145.9148254722454,150.56900780941592,145.9148254722454,149.43690490722656,5564789.0,146.0846405029297,144.38963928222657,144.94939727783202,61.96039494876167,2.6154728198837063,145.44313049316406,143.14749145507812,148.21046447753906
2022-05-05,150.789121046537,151.29228068767247,146.38651897218554,147.07835388183594,1024814.0,146.66326904296875,144.81417541503907,145.1522315979004,57.53937837625048,2.595490572127744,149.43690490722656,145.44313049316406,143.14749145507812
2022-05-06,144.21668182518536,150.317425786886,144.21668182518536,149.84571838378906,942594.0,146.99031982421874,145.50601196289062,145.31575622558594,61.051017322852026,2.7710151465815613,147.07835388183594,149.43690490722656,145.44313049316406
2022-05-09,150.8834720403526,155.03449448566047,148.24190299633358,154.09107971191406,1711354.0,149.17903747558594,146.73245239257812,145.5799118041992,65.73302625598839,3.21561718241054,149.84571838378906,147.07835388183594,149.43690490722656
2022-05-10,154.6885720745606,156.13514652628888,152.45583143318413,153.3992462158203,839239.0,150.7702606201172,148.05323028564453,145.97300033569337,64.37494853975596,3.472117903871208,154.09107971191406,149.84571838378906,147.07835388183594
2022-05-11,153.05330950008175,155.97789764000808,150.06582960576708,150.34886169433594,442659.0,150.95265197753906,148.51864624023438,146.17583465576172,58.62382334320545,3.3901761949955187,153.3992462158203,154.09107971191406,149.84571838378906
2022-05-12,149.21677995776653,152.10991623022636,146.04061155685616,148.24191284179688,823914.0,151.18536376953125,148.92431640625,146.32677993774413,54.9708029594896,3.119266671941716,150.34886169433594,153.3992462158203,154.09107971191406
2022-05-13,151.95265535565446,151.95265535565446,146.63809110571066,148.9966278076172,542157.0,151.0155456542969,149.0029327392578,146.44627838134767,56.02779057010858,2.9316736050340637,148.24191284179688,150.34886169433594,153.3992462158203
2022-05-16,147.67587739951628,149.34256674349598,146.5752267330255,147.9274444580078,193053.0,149.78281860351564,149.48092803955078,146.62709884643556,54.09069019443367,2.6659986146955816,148.9966278076172,148.24191284179688,150.34886169433594
2022-05-17,147.1727104485611,150.50611456425324,146.44942320128274,150.1287384033203,474666.0,149.12871704101562,149.9494888305664,146.86767044067383,57.35944268153994,2.603068739102639,147.9274444580078,148.9966278076172,148.24191284179688
2022-05-18,149.3740388893646,149.87719866503002,142.8330257851376,143.3047332763672,449754.0,147.7198913574219,149.33627166748047,146.86295547485352,46.34361427016785,1.9797350231506528,150.1287384033203,147.9274444580078,148.9966278076172
2022-05-19,140.88327193312364,144.37391169089076,139.43669750474334,143.71351623535156,347049.0,146.8142120361328,148.99978790283203,146.90698165893554,47.000249510082526,1.5014165356069498,143.3047332763672,150.1287384033203,147.9274444580078
2022-05-20,144.87705139722345,146.575205572179,142.6757503820405,144.05943298339844,709181.0,145.82677307128907,148.42115936279296,146.9635856628418,47.58480196923152,1.137149922297482,143.71351623535156,143.3047332763672,150.1287384033203
2022-05-23,144.15379352154065,145.5689158903878,140.94618537799724,141.22921752929688,311554.0,144.48712768554688,147.13497314453124,146.9337127685547,43.370048590548066,0.6130247055905329,144.05943298339844,143.71351623535156,143.3047332763672
2022-05-24,141.44931776220014,144.3424537087327,141.35497373001166,142.7700958251953,674267.0,143.01539916992186,146.07205810546876,147.06264419555663,46.165782470718334,0.31831832060012744,141.22921752929688,144.05943298339844,143.71351623535156
2022-05-25,143.71352893875397,144.02800055568778,140.0027612997584,141.38644409179688,198411.0,142.63174133300782,145.17581634521486,146.84723129272462,44.062202719635394,-0.026581330938086012,142.7700958251953,141.22921752929688,144.05943298339844
2022-05-26,141.38643724061282,144.05944585502388,140.85182528102482,142.8015594482422,241481.0,142.44934997558593,144.63178100585938,146.77804870605468,46.73537758630385,-0.18361223939618299,141.38644409179688,142.7700958251953,141.22921752929688
2022-05-27,143.08456381239048,143.71350695002738,140.53733898660877,141.41786193847656,243338.0,141.92103576660156,143.8739044189453,146.43841857910155,44.49624716067014,-0.4149301343871059,142.8015594482422,141.38644409179688,142.7700958251953
2022-05-30,141.5122203535708,144.56259232201575,141.22920103121652,143.58773803710938,377314.0,142.39273986816406,143.43993377685547,146.46043090820314,48.65099019841609,-0.41833802562143774,141.41786193847656,142.8015594482422,141.38644409179688
2022-05-31,143.83931636848408,147.86455573358884,143.58774930482014,146.5437774658203,2290965.0,143.14747619628906,143.08143768310546,146.51546325683594,53.732131607750276,-0.18043122785235255,143.58773803710938,141.41786193847656,142.8015594482422
2022-06-01,146.4494092652113,146.48086154092348,143.4619293160344,144.05943298339844,1145869.0,143.68207397460938,143.1569076538086,146.24658966064453,49.31542766970223,-0.19016214298028444,146.5437774658203,143.58773803710938,141.41786193847656
2022-06-02,144.18523270690832,144.21668498615705,141.3549882262929,141.88958740234375,191923.0,143.4996795654297,142.97451477050782,145.9871513366699,45.776221544969864,-0.3687120841705678,144.05943298339844,146.5437774658203,143.58773803710938
2022-06-03,141.5751207460859,143.4934027461852,141.5751207460859,141.95248413085938,1391899.0,143.60660400390626,142.7638198852539,145.59248962402344,45.897427757047524,-0.49938238927654766,141.88958740234375,144.05943298339844,146.5437774658203
2022-06-06,142.3613013163747,142.89590051683678,140.72605143430354,141.26065063476562,173533.0,143.1411865234375,142.76696319580077,144.95096817016602,44.71348200170107,-0.6512574383866934,141.95248413085938,141.88958740234375,144.05943298339844
2022-06-07,141.16630867760907,142.14117584267098,140.8203975643715,141.4493408203125,146765.0,142.12229919433594,142.6348876953125,144.3534729003906,45.12921741658056,-0.7477739157554595,141.26065063476562,141.95248413085938,141.88958740234375
2022-06-08,141.22920723527997,142.36129737031084,140.56881172626657,141.29209899902344,524870.0,141.56883239746094,142.62545318603514,143.900634765625,44.82670857501105,-0.8274141055260884,141.4493408203125,141.26065063476562,141.95248413085938
2022-06-09,140.5688127694158,141.9210432814078,138.99645468474674,141.38644409179688,229403.0,141.46820373535155,142.48394165039062,143.557861328125,45.06464893154507,-0.8728549407601633,141.29209899902344,141.4493408203125,141.26065063476562
2022-06-10,139.12223614695876,143.05313130025078,139.12223614695876,141.19775390625,126462.0,141.3172576904297,142.46193084716796,143.16791763305665,44.649910305327765,-0.9135618784286521,141.38644409179688,141.29209899902344,141.4493408203125
2022-06-13,138.74487573202214,141.7952478768905,138.74487573202214,139.8140869140625,268022.0,141.02794494628907,142.08456573486328,142.7622497558594,41.62469356698873,-1.0454218104125914,141.19775390625,141.38644409179688,141.29209899902344
2022-06-14,138.99645580564226,142.9273510490145,138.99645580564226,140.88328552246094,862594.0,140.91473388671875,141.51851654052734,142.29997711181642,44.74039047303604,-1.0515250383863304,139.8140869140625,141.19775390625,141.38644409179688
2022-06-15,140.5688062109912,142.32985230200975,139.5624996429301,139.7511749267578,277093.0,140.60654907226564,141.0876907348633,142.12229919433594,42.17364769316115,-1.1346343951354072,140.88328552246094,139.8140869140625,141.19775390625
2022-06-16,139.97130900840946,140.6631439431853,135.69449029107955,136.0718536376953,258858.0,139.54363098144532,140.50591735839845,141.74021606445314,35.12153005730339,-1.4803253684094955,139.7511749267578,140.88328552246094,139.8140869140625
2022-06-17,130.82019437001316,136.4492312690235,130.82019437001316,133.05294799804688,356995.0,137.9146697998047,139.6159637451172,141.18989181518555,30.600173292524858,-1.9751204512781442,136.0718536376953,139.7511749267578,140.88328552246094
2022-06-20,130.820181197479,132.61266669797965,129.81387467052087,130.9774169921875,261587.0,136.1473358154297,138.58764038085937,140.67730178833008,27.937335550510042,-2.505841346286161,133.05294799804688,136.0718536376953,139.7511749267578
2022-06-21,130.3484772541065,134.1221364267224,130.3484772541065,132.32965087890625,221618.0,134.43660888671874,137.67567138671876,140.15527954101563,32.084011671110744,-2.785221209288835,130.9774169921875,133.05294799804688,136.0718536376953
2022-06-22,132.64411216642876,132.8956919842247,130.91451851341813,132.3925323486328,133351.0,132.96488037109376,136.78571472167968,139.70558395385743,32.27916127786263,-2.9673519680815446,132.32965087890625,130.9774169921875,133.05294799804688
2022-06-23,132.39255024111227,133.11583751657045,129.62519746311912,131.1975555419922,172171.0,131.99002075195312,135.7668258666992,139.12538375854493,30.48639683680777,-3.171556815322589,132.3925323486328,132.32965087890625,130.9774169921875
2022-06-24,133.33596074509924,133.33596074509924,130.66295209808663,131.4176788330078,165435.0,131.6629669189453,134.788818359375,138.6253746032715,31.24393273839854,-3.2778435776632193,131.1975555419922,132.3925323486328,132.32965087890625
2022-06-27,132.8957362917531,133.96493487900608,131.95232125739392,133.08441162109375,336117.0,132.08436584472656,134.11585083007813,138.1002082824707,36.85513737728995,-3.190803598365818,131.4176788330078,131.1975555419922,132.3925323486328
2022-06-28,132.078054747882,133.02146942465257,131.10318779686685,132.23529052734375,224066.0,132.06549377441405,133.2510513305664,137.38478393554686,35.27567687575413,-3.15398360384944,133.08441162109375,131.4176788330078,131.1975555419922
2022-06-29,132.0780808543402,135.15990530011808,131.19755775613467,133.05294799804688,558439.0,132.19757690429688,132.58122863769532,136.8344596862793,38.0297802320031,-3.0239669597266925,132.23529052734375,133.08441162109375,131.4176788330078
2022-06-30,133.05296286738908,135.03412406490256,132.3296754988934,133.24163818359375,610714.0,132.60639343261718,132.29820709228517,136.4020622253418,38.67825016149612,-2.872588697139861,133.05294799804688,132.23529052734375,133.08441162109375
2022-07-01,133.3045053205801,133.74477323546367,129.09059102425564,129.87677001953125,162598.0,132.29821166992187,131.9805892944336,135.79827651977538,32.20610269357164,-2.9896739723359076,133.24163818359375,133.05294799804688,132.23529052734375
2022-07-04,129.56231907125732,133.39887062050124,129.56231907125732,132.48690795898438,1305491.0,132.1787109375,132.13153839111328,135.35958938598634,40.52046995361255,-2.8391209594722966,129.87677001953125,133.24163818359375,133.05294799804688
2022-07-05,132.83278536666285,135.82026526630216,132.67554958247132,134.65672302246094,1186753.0,132.66299743652343,132.36424560546874,135.01995849609375,46.40493941159122,-2.5157210046212413,132.48690795898438,129.87677001953125,133.24163818359375
2022-07-06,134.5309466570389,134.90830999996038,130.94596290958094,132.45542907714844,12556437.0,132.54349365234376,132.37053527832032,134.578125,41.87836649659195,-2.4092775825876913,134.65672302246094,132.48690795898438,129.87677001953125
2022-07-07,133.96488880144437,135.34855859090032,133.33594566153147,133.68186950683594,1219678.0,132.63153991699218,132.61896667480468,134.19289627075196,45.09198386597308,-2.200589880534068,132.45542907714844,134.65672302246094,132.48690795898438
2022-07-08,133.99636915641096,138.02159585865533,133.80768105654417,137.61279296875,1260305.0,134.17874450683593,133.2384780883789,134.01364822387694,53.89169344222547,-1.6984322323275762,133.68186950683594,132.45542907714844,134.65672302246094
2022-07-11,138.43038837099948,139.12222329489086,136.1347432543714,136.4806671142578,522995.0,134.9774963378906,133.5781036376953,133.84697723388672,51.33974946851635,-1.3759605563722346,137.61279296875,133.68186950683594,132.45542907714844
2022-07-12,135.85175702974448,136.44924806499367,134.05927112811227,134.2165069580078,933226.0,134.889453125,133.7762252807617,133.51363830566407,46.58832807927952,-1.28824810982465,136.4806671142578,137.61279296875,133.68186950683594
2022-07-13,135.0970012189478,136.35488758859952,134.2479176827274,134.59384155273438,909814.0,135.3171356201172,133.93031463623046,133.2557716369629,47.46100942281765,-1.1747458765134695,134.2165069580078,136.4806671142578,137.61279296875
2022-07-14,137.99012967858667,137.99012967858667,133.83910744747982,135.12843322753906,760833.0,135.6064483642578,134.118994140625,133.20860061645507,48.73888284115134,-1.029786718219583,134.59384155273438,134.2165069580078,136.4806671142578
2022-07-15,136.4177725020148,136.4177725020148,131.4176667560418,131.70069885253906,715189.0,134.4240295410156,134.30138702392577,133.1409881591797,41.73034062849579,-1.1779167669269839,135.12843322753906,134.59384155273438,134.2165069580078
2022-07-18,131.8579272158116,133.58752078989102,131.38621987742633,132.23529052734375,6346187.0,133.5749542236328,134.2762252807617,133.2038818359375,43.104477299150275,-1.2379040302668614,131.70069885253906,135.12843322753906,134.59384155273438
2022-07-19,132.0780678779572,133.02148264851405,131.85794032400364,132.04661560058594,642350.0,133.14097595214844,134.0152145385742,133.1897300720215,42.72155453988411,-1.285846421282855,132.23529052734375,131.70069885253906,135.12843322753906
2022-07-20,132.4554244506524,133.55607495999334,131.1346463986195,131.60635375976562,349182.0,132.5434783935547,133.93030700683593,133.15042114257812,41.7886679232643,-1.343875205861906,132.04661560058594,132.23529052734375,131.70069885253906
2022-07-21,132.0780713331496,133.9334486454291,131.79505201293142,133.3988494873047,295826.0,132.19756164550782,133.90200500488282,133.26048583984374,46.8750835285454,-1.2310334239949157,131.60635375976562,132.04661560058594,132.23529052734375
2022-07-22,134.21647725039574,134.49949656321007,131.79504856514288,132.04661560058594,1681931.0,132.2667449951172,133.34538726806642,133.29193267822265,43.76809052887903,-1.236466259091003,133.3988494873047,131.60635375976562,132.04661560058594
2022-07-25,132.0780808299803,132.76991583705598,130.47427044440593,130.7887420654297,1143147.0,131.97743530273436,132.77619476318358,133.17714920043946,41.042845646916255,-1.326975158234717,132.04661560058594,133.3988494873047,131.60635375976562
2022-07-26,131.22899573290312,132.7070096317103,130.31702045363963,131.48057556152344,690191.0,131.86422729492188,132.50260162353516,133.13941345214843,43.139877430018565,-1.3275754680379919,130.7887420654297,132.04661560058594,133.3988494873047
2022-07-27,132.07806573422695,132.70700890438994,131.76359414914546,132.45542907714844,492047.0,132.03404235839844,132.28876037597655,133.10953750610352,46.051724272362016,-1.2351506386540905,131.48057556152344,130.7887420654297,132.04661560058594
2022-07-28,132.07809711225158,135.03412559593383,132.07809711225158,134.2165069580078,420390.0,132.19757385253905,132.19756774902345,133.1582809448242,50.93955444738563,-1.0081773870892619,132.45542907714844,131.48057556152344,130.7887420654297
2022-07-29,136.66935918101245,136.92092621823733,133.96489836790852,134.59384155273438,581153.0,132.70701904296874,132.48688201904298,133.39413452148438,51.9442095849731,-0.7887593746077073,134.2165069580078,132.45542907714844,131.48057556152344
2022-08-01,135.22278807447495,138.4303958370651,135.12844403524656,137.80145263671875,6516042.0,134.10956115722655,133.04349822998046,133.65986175537108,59.530848071079184,-0.3519841572788778,134.59384155273438,134.2165069580078,132.45542907714844
2022-08-02,138.17884525688905,140.47449098342895,136.76372275645986,139.97134399414062,1585221.0,135.80771484375,133.83597106933593,133.92559280395508,63.705199826900284,0.16732661024923345,137.80145263671875,134.59384155273438,134.2165069580078
2022-08-03,140.38011771496045,141.35498479743356,138.1788165056567,140.537353515625,161858.0,137.42409973144532,134.72907104492188,134.3296890258789,64.72725565731737,0.6174389214480698,139.97134399414062,137.80145263671875,134.59384155273438
2022-08-04,140.53733388996264,141.07194577427077,137.89577792603723,138.90208435058594,525041.0,138.36121520996093,135.27939453125,134.5906997680664,59.51300080973566,0.8326058538491736,140.537353515625,139.97134399414062,137.80145263671875
2022-08-05,138.61909561225622,141.19776039208875,137.58133668494173,140.56881713867188,847209.0,139.55621032714845,136.1316146850586,134.7385009765625,62.80215515117326,1.1246542899213239,138.90208435058594,140.537353515625,139.97134399414062
2022-08-08,141.51222428415608,142.23551154522937,139.0907954500259,139.43670654296875,534127.0,139.88326110839844,136.9964111328125,134.88630294799805,59.27941865049443,1.2503397773300264,140.56881713867188,138.90208435058594,140.537353515625
2022-08-10,138.9335511134388,141.35497979887046,138.8392070771998,140.47445678710938,766518.0,139.9838836669922,137.8957992553711,135.19920043945314,61.41591656125769,1.4173459219568372,139.43670654296875,140.56881713867188,138.90208435058594
2022-08-11,140.56879512916825,142.32984108135372,139.53103636434042,140.1285400390625,90599.0,139.9021209716797,138.6631103515625,135.47593536376954,60.280567862929495,1.504444603265199,140.47445678710938,139.43670654296875,140.56881713867188
2022-08-12,139.37381403849145,143.77641654834557,139.37381403849145,143.2732696533203,503054.0,140.77635803222657,139.56878662109375,135.8831771850586,66.36756437329753,1.8064012646496792,140.1285400390625,140.47445678710938,139.43670654296875
2022-08-16,144.65692172024418,144.65692172024418,142.83298406111712,143.87074279785156,91839.0,141.4367431640625,140.49647674560546,136.4916793823242,67.39007900364345,2.070052902453142,143.2732696533203,140.1285400390625,140.47445678710938
2022-08-17,143.3990435909788,145.2229813537246,143.21035552053277,143.61917114257812,272326.0,142.2732360839844,141.0782485961914,137.06087341308594,66.47367099518982,2.232958835326315,143.87074279785156,143.2732696533203,140.1285400390625
2022-08-18,143.93365286712714,145.63180723310333,143.2418178865661,145.4116668701172,1166419.0,143.26067810058595,141.62228088378907,137.7291259765625,69.64145108446267,2.478135976551158,143.61917114257812,143.87074279785156,143.2732696533203
2022-08-19,145.7940097430038,146.30377121124647,143.8505093043036,145.31610107421875,507647.0,144.29819030761718,142.10015563964845,138.41461334228515,69.26568619482566,2.6343619812390955,145.4116668701172,143.61917114257812,143.87074279785156
2022-08-22,144.360250190182,147.00466717166728,143.69117302372229,143.94606018066406,1010915.0,144.43274841308593,142.60455322265625,138.9419738769531,63.93930742045761,2.6174490420501684,145.31610107421875,145.4116668701172,143.61917114257812
2022-08-23,142.3849111908236,145.73027172327576,142.3849111908236,144.8063201904297,945294.0,144.61986389160157,143.02830352783204,139.5799591064453,65.72174175848548,2.6429944147803326,143.94606018066406,145.31610107421875,145.4116668701172
2022-08-24,143.53189796615143,146.49493419068148,143.53189796615143,146.11260986328125,1545090.0,145.1185516357422,143.69589385986328,140.34615249633788,68.28525269284248,2.7370944452119943,144.8063201904297,143.94606018066406,145.31610107421875
2022-08-25,146.1444663709712,147.0046993704818,143.4681830471378,144.1691131591797,744033.0,144.8700408935547,144.06535949707032,140.9805793762207,60.978533728746214,2.624590806673581,146.11260986328125,144.8063201904297,143.94606018066406
2022-08-26,144.00976364007397,147.32325744084355,144.00976364007397,146.94093322753906,127949.0,145.19500732421875,144.74659881591796,141.70485458374023,66.48639005541901,2.727650915190111,144.1691131591797,146.11260986328125,144.8063201904297
2022-08-29,142.28933124937873,145.8895658053712,142.28933124937873,144.61514282226562,171605.0,145.32882385253907,144.8807861328125,142.22478637695312,58.96553091128162,2.591778535798767,146.94093322753906,144.1691131591797,146.11260986328125
2022-08-30,144.9656151666872,146.71794677859222,144.9656151666872,146.3037567138672,71223.0,145.62831115722656,145.12408752441405,142.81028213500977,62.29995642650959,2.590494121237583,144.61514282226562,146.94093322753906,144.1691131591797
2022-09-01,144.0098081321731,146.59052005646566,143.37259659176527,144.1053924560547,254299.0,145.22686767578125,145.1727096557617,143.12547912597657,55.928228207814925,2.3845984240637392,146.3037567138672,144.61514282226562,146.94093322753906
2022-09-02,144.20094730133283,145.76211007054707,142.6397715680193,142.86279296875,208370.0,144.96560363769532,144.917822265625,143.27005157470703,52.650391574570854,2.0969844751645894,144.1053924560547,146.3037567138672,144.61514282226562
2022-09-05,142.83096538043353,143.65933258133416,141.2697893716373,142.51235961914062,3220739.0,144.07988891601562,144.6374481201172,143.36880187988282,51.729614644150814,1.8197938551162167,142.86279296875,144.1053924560547,146.3037567138672
2022-09-06,142.41678700764973,145.22052053037478,142.41678700764973,143.3726043701172,1288399.0,143.83138122558594,144.5801025390625,143.5923278808594,53.86269084793436,1.650506838288777,142.51235961914062,142.86279296875,144.1053924560547
2022-09-07,142.0981736949933,144.5514355359206,142.0981736949933,143.02212524414062,164445.0,143.17505493164063,144.40168304443358,143.71499328613282,52.83822234157422,1.4711069166134507,143.3726043701172,142.51235961914062,142.86279296875
2022-09-08,143.4362957222558,144.55141576690878,142.38489423019155,142.89466857910156,1126433.0,142.93291015625,144.07988891601562,143.88789138793945,52.44754269301088,1.3036191879859018,143.02212524414062,143.3726043701172,142.51235961914062
2022-09-09,144.58329265432354,144.58329265432354,141.81142520850324,142.06629943847656,917939.0,142.77361145019532,143.8696075439453,143.9674835205078,49.86688232879744,1.091459820287838,142.89466857910156,143.02212524414062,143.3726043701172
2022-09-12,142.09815536226546,143.11769110388315,141.58838100940645,142.73536682128906,569499.0,142.818212890625,143.4490509033203,144.09782485961915,51.924479397150286,0.9661727015432007,142.06629943847656,142.89466857910156,143.02212524414062
2022-09-13,142.5442141783603,144.90190461952503,142.5442141783603,144.4239959716797,273027.0,143.0284912109375,143.42993621826173,144.1553611755371,56.749266988154574,0.9917082221984401,142.73536682128906,142.06629943847656,142.89466857910156
2022-09-14,142.19374748686843,148.53399666688242,142.19374748686843,148.15167236328125,765274.0,144.0544006347656,143.61472778320314,144.3694076538086,65.08052388984184,1.2977776645239203,144.4239959716797,142.73536682128906,142.06629943847656
2022-09-15,147.96051593700892,151.81565097963525,147.96051593700892,151.46517944335938,1724786.0,145.76850280761718,144.3507064819336,144.76170806884767,70.5170594604315,1.7871115227108305,148.15167236328125,144.4239959716797,142.73536682128906
2022-09-16,151.05100379615112,151.72006814821515,148.693313272029,150.15890502929688,1695065.0,147.38702392578125,145.08031768798827,144.99906997680665,66.14503138437173,2.0459225805934693,151.46517944335938,148.15167236328125,144.4239959716797
2022-09-19,150.15891977020928,151.75194880879818,147.54635473974423,148.47030639648438,4307750.0,148.5340118408203,145.67611236572264,145.15678024291992,60.88959782527553,2.090676395056704,150.15890502929688,151.46517944335938,148.15167236328125
2022-09-20,149.10749951576065,150.44564114936378,147.8330764429764,148.1835479736328,240847.0,149.28592224121093,146.1572067260742,145.36865463256837,60.017503060129755,2.0790392371003463,148.47030639648438,150.15890502929688,151.46517944335938
2022-09-21,148.247250630273,149.234920627261,143.02210881395703,144.26467895507812,178002.0,148.5085235595703,146.28146209716797,145.3415725708008,49.56888265048236,1.7336127188498267,148.1835479736328,148.47030639648438,150.15890502929688
2022-09-22,142.99026654501364,144.23282381350307,139.70862465026022,140.21839904785156,399267.0,146.25916748046876,146.01383514404296,145.0468620300293,41.52957927683923,1.1204429729904746,144.26467895507812,148.1835479736328,148.47030639648438
2022-09-23,139.48561372013825,140.0909595192892,126.19975522568336,129.09906005859375,2070559.0,142.0471984863281,144.71711120605468,144.293359375,28.061034018827044,-0.2597420518029878,140.21839904785156,144.26467895507812,148.1835479736328
2022-09-26,127.50603465606336,133.3683889747036,118.74437542481822,128.23883056640625,5186134.0,138.0009033203125,143.2674575805664,143.35825424194337,27.322776251565244,-1.4067458677352818,129.09906005859375,140.21839904785156,144.26467895507812
2022-09-27,131.7753560484191,132.50813897255398,128.30254526124324,130.5646514892578,1165078.0,134.4771240234375,141.88152313232422,142.65572967529297,32.49400032132566,-2.10382871693929,128.23883056640625,129.09906005859375,140.21839904785156
2022-09-28,130.56463597901018,134.0692991494545,129.13091013655568,132.4125518798828,1104038.0,132.10669860839843,140.30761108398437,141.96116943359374,36.367983082944846,-2.4785901349615926,130.5646514892578,128.23883056640625,129.09906005859375
2022-09-29,132.6674129306484,135.1525400703152,131.3292715367046,132.85858154296875,1799338.0,130.63473510742188,138.44695129394532,141.39882888793946,37.30323861792675,-2.708379875274659,132.4125518798828,130.5646514892578,128.23883056640625
2022-09-30,132.38068462705263,139.29442657432162,132.18951599790756,135.18441772460938,2266503.0,131.851806640625,136.94950256347656,141.01491012573243,42.08355415240217,-2.6720130547591623,132.85858154296875,132.4125518798828,130.5646514892578
2022-10-03,135.18442660195112,136.74558964078548,133.20907348217042,134.29232788085938,445398.0,133.06250610351563,135.53170471191407,140.60390853881836,40.798648070923264,-2.684234102520435,135.18441772460938,132.85858154296875,132.4125518798828
2022-10-04,135.94905434815075,135.94905434815075,132.5718415885878,132.85858154296875,329843.0,133.52129211425782,133.99920806884765,140.07820739746094,38.750843338790176,-2.777592362307331,134.29232788085938,135.18441772460938,132.85858154296875
2022-10-06,133.11348868678544,134.41976452006523,130.9788326945661,131.4567413330078,527306.0,133.33013000488282,132.71841430664062,139.49993820190429,36.805627185136025,-2.9309105328801763,132.85858154296875,134.29232788085938,135.18441772460938
2022-10-07,130.56461450003076,133.62322134897326,129.4176288291156,133.36834716796875,1485038.0,133.4320831298828,132.03340911865234,139.02362213134765,41.14432656799932,-2.8651381436981467,131.4567413330078,132.85858154296875,134.29232788085938
2022-10-10,131.2337054338539,135.02512170071478,131.2337054338539,133.1453399658203,941153.0,133.024267578125,132.438037109375,138.57757415771485,40.79246942361204,-2.7987456709354888,133.36834716796875,131.4567413330078,132.85858154296875
2022-10-11,133.20904868791084,134.73834568044614,131.61602018393725,132.73114013671875,6703403.0,132.71203002929687,132.88726806640625,138.07736282348634,40.10643457013038,-2.7478758205690212,133.1453399658203,133.36834716796875,131.4567413330078
2022-10-12,133.49580967175106,137.63768443483642,133.49580967175106,137.38279724121094,514269.0,133.61687316894532,133.56908264160157,137.72530288696288,50.22966667193432,-2.3056333389199324,132.73114013671875,133.1453399658203,133.36834716796875
2022-10-13,137.35096555776298,138.43422009205958,135.98095802502093,136.2039794921875,1484910.0,134.56632080078126,133.94822540283204,137.1279182434082,48.01484768011358,-2.026908783830123,137.38279724121094,132.73114013671875,133.1453399658203
2022-10-14,138.37047065008446,138.81651348489143,134.83394187375671,135.43930053710938,2492242.0,134.9805114746094,134.2062973022461,136.3266242980957,46.580035954067334,-1.84643619966252,136.2039794921875,137.38279724121094,132.73114013671875
2022-10-17,135.08884978832603,136.8730473296618,134.61094112162203,135.02513122558594,6068101.0,135.3564697265625,134.19036865234375,135.56993560791017,45.78204492253421,-1.717037439770536,135.43930053710938,136.2039794921875,137.38279724121094
2022-10-18,135.18443185497225,137.0004821652729,134.77024175793125,135.34373474121094,1023459.0,135.87898864746094,134.2955093383789,134.9136070251465,46.54075928987201,-1.5706736016882417,135.02513122558594,135.43930053710938,136.2039794921875
2022-10-19,135.34373339119605,138.21118531489043,135.34373339119605,136.26768493652344,417327.0,135.65596618652344,134.63641967773438,134.31781387329102,48.77929194278214,-1.3643962360240494,135.34373474121094,135.02513122558594,135.43930053710938
2022-10-20,135.21627433432295,138.91210619864287,135.21627433432295,138.6253662109375,254431.0,136.14024353027344,135.35328216552733,134.03584823608398,54.0650263261538,-0.9991571015928855,136.26768493652344,135.34373474121094,135.02513122558594
2022-10-21,136.68184869151162,139.48558151390097,136.36324298360597,138.24301147460938,284534.0,136.70098571777345,135.84074859619142,133.93707885742188,53.10786603704767,-0.7321159113998306,138.6253662109375,136.26768493652344,135.34373474121094
2022-10-24,139.10328006004923,140.31397157727633,139.10328006004923,139.358154296875,40241.0,137.56759033203124,136.46203002929687,134.45003356933594,55.57797067067678,-0.4255951422484827,138.24301147460938,138.6253662109375,136.26768493652344
2022-10-25,138.91211253827095,139.740492706938,136.5862878777227,139.1988525390625,361035.0,138.33861389160157,137.10880126953126,134.99803466796874,55.131197038753946,-0.19330128792694268,139.358154296875,138.24301147460938,138.6253662109375
2022-10-27,139.3262763853294,143.24512912140986,138.5297621285691,142.6397705078125,850157.0,139.61303100585937,137.6344985961914,135.60179061889647,62.19957776345428,0.26538736795663453,139.1988525390625,139.358154296875,138.24301147460938
2022-10-28,142.19374803043988,145.85771413515113,142.19374803043988,144.45584106445312,702150.0,140.7791259765625,138.45968475341797,136.203955078125,65.3060815380806,0.7666061898429462,142.6397705078125,139.1988525390625,139.358154296875
2022-10-31,144.64698571235022,146.68605697728125,144.45581710946965,145.34791564941406,475095.0,142.20010681152343,139.45054626464844,136.82842178344725,66.75152177393134,1.2217253910915815,144.45584106445312,142.6397705078125,139.1988525390625
2022-11-01,147.00469261980234,150.38191886469244,146.46306542010151,149.8084259033203,1337754.0,144.2901611328125,140.9288757324219,137.55962219238282,72.84384714683036,1.9202016471838306,145.34791564941406,144.45584106445312,142.6397705078125
2022-11-02,149.80840090150497,150.70049947429956,148.342822427149,148.6295623779297,994934.0,146.17630310058593,142.25745849609376,138.27648391723633,69.23316566125997,2.3515178441231512,149.8084259033203,145.34791564941406,144.45584106445312
2022-11-03,148.11982155980922,148.78889888174925,144.51958662624364,145.31610107421875,1540927.0,146.7115692138672,143.16230010986328,138.89935989379882,60.20079797423023,2.39832401585511,148.6295623779297,149.8084259033203,145.34791564941406
2022-11-04,144.64701967258097,146.2081827609394,143.40446235442644,144.1053924560547,140279.0,146.6414794921875,143.710302734375,139.53179244995118,57.26118494584368,2.3110834456393547,145.31610107421875,148.6295623779297,149.8084259033203
2022-11-07,144.42399251117774,147.57818432573953,144.26468963237966,145.2842254638672,1091269.0,146.6287414550781,144.41442413330077,140.1275863647461,59.34290167760696,2.310433398992217,144.1053924560547,145.31610107421875,148.6295623779297
2022-11-09,146.7179468470982,147.03655259486607,138.9439717872029,139.3900146484375,567735.0,144.54505920410156,144.41761016845703,140.43982009887696,47.01264983670559,1.8134009224795022,145.2842254638672,144.1053924560547,145.31610107421875
2022-11-10,138.24302922763775,140.25024803802805,136.07652050693824,136.77745056152344,803621.0,142.1746368408203,144.17546997070312,140.6421356201172,42.77061140839267,1.1949128052017102,139.3900146484375,145.2842254638672,144.1053924560547
2022-11-11,138.11562310438393,138.75283474500392,136.10840384361015,136.39515686035156,1904753.0,140.39044799804688,143.55100860595704,140.5927536010742,42.17097447053089,0.6662287393754411,136.77745056152344,139.3900146484375,145.2842254638672
2022-11-14,139.36573735165172,140.54958171773944,138.3134267881777,138.938232421875,1068550.0,139.35701599121094,142.9992477416992,140.7294662475586,47.44899141450346,0.44729165294506856,136.39515686035156,136.77745056152344,139.3900146484375
2022-11-15,138.11611323382948,142.45690268786458,138.11611323382948,141.99652099609375,875401.0,138.69947509765626,142.6641082763672,141.0573272705078,53.00405659685909,0.5146284469564364,138.938232421875,136.39515686035156,136.77745056152344
2022-11-16,141.79920616167504,143.01594066709043,140.45093785383548,142.8515167236328,217646.0,139.39177551269532,141.96841735839843,141.44864654541016,54.453603562855925,0.6297252701370439,141.99652099609375,138.938232421875,136.39515686035156
2022-11-17,142.88439432063782,144.9561385024933,142.29246549998575,143.6407470703125,494389.0,140.76443481445312,141.46953582763672,141.86349716186524,55.808588015622135,0.77568303367309,142.8515167236328,141.99652099609375,138.938232421875
2022-11-18,143.7722898378567,143.8380567374013,142.65421240303542,143.54209899902344,257814.0,142.1938232421875,141.2921356201172,142.22721786499022,55.58599313822048,0.8733283523101818,143.6407470703125,142.8515167236328,141.99652099609375
2022-11-21,142.4239978157509,144.36419462349804,142.3582175463204,144.00245666503906,185514.0,143.2066680908203,141.28184204101564,142.4960723876953,56.458776037259,0.9766023234338093,143.54209899902344,143.6407470703125,142.8515167236328
2022-11-22,143.21322481175574,144.1011112446364,142.68706295034764,143.27899169921875,132274.0,143.46316223144532,141.0813186645508,142.74787139892578,54.64152107985633,0.988673302699624,144.00245666503906,143.54209899902344,143.6407470703125
2022-11-23,143.2790079302064,143.90382688401598,140.97707294226828,141.50323486328125,2462581.0,143.193505859375,141.29264068603516,142.8551254272461,50.35706689510204,0.8452078744404901,143.27899169921875,144.00245666503906,143.54209899902344
2022-11-24,142.22666601101167,145.35071994651366,141.50320356527607,145.1205291748047,491071.0,143.48946228027344,142.12694854736327,143.1512092590332,57.642968074581304,1.0117332774422891,141.50323486328125,143.27899169921875,144.00245666503906
2022-11-25,145.08765580629077,145.252079716629,142.42399648732257,145.05477905273438,229430.0,143.79199829101563,142.99291076660157,143.2719596862793,57.47783895109339,1.1254271500854713,145.1205291748047,141.50323486328125,143.27899169921875
2022-11-28,144.66018482268325,146.04135669748587,144.3971172092496,145.646728515625,125485.0,144.1208526611328,143.66376037597655,143.33150405883788,58.62696449183329,1.24889920517802,145.05477905273438,145.1205291748047,141.50323486328125
2022-11-29,145.3507279270109,146.0084235284906,143.73937905572618,144.23265075683594,226855.0,144.31158447265625,143.8873733520508,143.27574081420897,54.816016962620594,1.2186001769262589,145.646728515625,145.05477905273438,145.1205291748047
2022-11-30,144.29843972658134,147.98153298241752,143.1803490044244,147.32383728027344,1391414.0,145.4757049560547,144.33460540771483,143.15151138305663,60.81277677928045,1.4275648184627698,144.23265075683594,145.646728515625,145.05477905273438
2022-12-01,147.32383096865277,147.71844569686257,145.05478624580704,145.9426727294922,239631.0,145.6401336669922,144.5647979736328,143.01716690063478,57.16232257659588,1.464836641046304,147.32383728027344,144.23265075683594,145.646728515625
2022-12-02,144.03536115107994,145.67960043362652,144.0024710130876,144.49574279785156,253110.0,145.52832641601563,144.66016235351563,142.9761489868164,53.53663872952218,1.361920306460405,145.9426727294922,147.32383728027344,144.23265075683594
2022-12-05,144.16690295385112,146.2057704822079,142.88440159452736,145.87692260742188,145541.0,145.574365234375,144.8476089477539,143.06472549438476,56.380744342156845,1.375946977203995,144.49574279785156,145.9426727294922,147.32383728027344
2022-12-06,146.00845892575572,147.3567405879975,144.29845262351685,146.9621124267578,118115.0,146.12025756835936,145.2159210205078,143.14861984252929,58.528688741586926,1.4578240754577791,145.87692260742188,144.49574279785156,145.9426727294922
2022-12-07,146.89634839445526,147.45538712598537,145.05480825642343,145.4822998046875,86862.0,145.7519500732422,145.61382751464845,143.4532341003418,54.58160121535295,1.3873116888480581,146.9621124267578,145.87692260742188,144.49574279785156
2022-12-08,145.51519207784693,146.00846391539895,142.68709485687336,143.2132568359375,233889.0,145.20606689453126,145.42310028076173,143.7750244140625,49.11244651945157,1.1352508449789696,145.4822998046875,146.9621124267578,145.87692260742188
2022-12-09,143.3776727415751,143.87094455146584,141.93074745157062,142.81863403320312,106133.0,144.87064514160156,145.1994857788086,144.09619827270507,48.20772542534688,0.8933500645787262,143.2132568359375,145.4822998046875,146.9621124267578
2022-12-12,141.79918840156873,142.7199650457766,141.20725960308843,141.7663116455078,423502.0,144.04852294921875,144.8114440917969,144.23760223388672,45.78556427102804,0.6097000881574957,142.81863403320312,143.2132568359375,145.4822998046875
2022-12-13,142.06226846099423,142.58843036319095,140.22071518415865,142.25958251953125,217606.0,143.10801696777344,144.6141372680664,144.2507553100586,47.12661394222765,0.4198682950070065,141.7663116455078,142.81863403320312,143.2132568359375
2022-12-14,142.2595893366762,145.021906003448,142.2595893366762,144.06825256347656,334447.0,142.82520751953126,144.28857879638673,144.31159210205078,51.831524580543594,0.41063622929209487,142.25958251953125,141.7663116455078,142.81863403320312
2022-12-15,144.23265373242458,144.85745921437982,141.96359583199717,142.19378662109375,1053007.0,142.6213134765625,143.91369018554687,144.23924407958984,47.148906165038056,0.24919346753856075,144.06825256347656,142.25958251953125,141.7663116455078
2022-12-16,141.1744009030802,143.47633611758835,139.89188611219845,140.28651428222656,222741.0,142.1148895263672,143.49276733398438,144.07646484375,42.90182650228896,-0.03227991947184705,142.19378662109375,144.06825256347656,142.25958251953125
2022-12-19,140.483798199708,144.03535763959468,140.483798199708,143.90382385253906,567018.0,142.54239196777343,143.2954574584961,144.071533203125,51.7744771304039,0.036120668046009996,140.28651428222656,142.19378662109375,144.06825256347656
2022-12-20,143.9038346911336,143.9367114499471,140.71399961582344,142.81863403320312,161809.0,142.65420227050782,142.88110961914063,144.04851531982422,49.29946089577595,0.002731391561184182,143.90382385253906,140.28651428222656,142.19378662109375
2022-12-21,142.9172733900347,143.5091887839901,140.64821531674616,142.09515380859375,305971.0,142.25958251953125,142.54239501953126,144.07811126708984,47.66356927129087,-0.08117294715287926,142.81863403320312,143.90382385253906,140.28651428222656
2022-12-22,142.19380251898792,142.68707428542407,139.9905246384104,141.33880615234375,247447.0,142.08858642578124,142.35494995117188,143.8890251159668,45.94704698148178,-0.2063203424029041,142.09515380859375,142.81863403320312,143.90382385253906
2022-12-23,139.628796668772,141.53610341495016,138.47782924152867,138.8395538330078,129638.0,141.7991943359375,141.95704193115233,143.57826385498046,40.72759428935654,-0.501389622361728,141.33880615234375,142.09515380859375,142.81863403320312
2022-12-26,139.06974527112544,140.87840837925754,138.77378756940857,139.26705932617188,781667.0,140.87184143066406,141.70711669921874,143.2592803955078,41.94249834923432,-0.6927524135031433,138.8395538330078,141.33880615234375,142.09515380859375
2022-12-27,139.66168097924398,141.5032343147978,139.3328331250989,139.79322814941406,2467051.0,140.26676025390626,141.46048126220703,143.0373092651367,43.478085219869925,-0.792812330480615,139.26705932617188,138.8395538330078,141.33880615234375
2022-12-28,139.13552739632027,143.6078500220229,139.13552739632027,141.8320770263672,740055.0,140.21414489746093,141.2368637084961,142.7627212524414,49.096435939655954,-0.6995287387204883,139.79322814941406,139.26705932617188,138.8395538330078
2022-12-29,141.1086207143919,142.32535510846026,140.45092500074915,141.9307403564453,783905.0,140.33253173828126,141.21055908203124,142.56212463378907,49.358768173884606,-0.6106008870649191,141.8320770263672,139.79322814941406,139.26705932617188
2022-12-30,141.60190604023018,142.55555956386334,140.22073420482377,140.6482391357422,164563.0,140.69426879882812,141.24673156738282,142.3697494506836,46.03751457971789,-0.6362774438345866,141.9307403564453,141.8320770263672,139.79322814941406
2023-01-02,140.77979485293315,141.73344843437206,140.08920889337006,141.47036743164062,1472977.0,141.1349304199219,141.00338592529297,142.14942169189453,48.43290803028256,-0.5835604952623896,140.6482391357422,141.9307403564453,141.8320770263672
2023-01-03,141.76630232324945,142.1609170360029,140.94418276299132,141.79917907714844,130221.0,141.53612060546874,140.9014404296875,141.89127502441406,49.400349519406085,-0.5093777918076228,141.47036743164062,140.6482391357422,141.9307403564453
2023-01-04,141.27303585054813,141.56899355092676,138.47782924152867,138.8395538330078,286933.0,140.93761596679687,140.5758804321289,141.55913772583008,41.79897818919079,-0.6815480260487732,141.79917907714844,141.47036743164062,140.6482391357422
2023-01-05,139.59591869550417,139.59591869550417,135.91282528359568,137.32687377929688,440097.0,140.0168426513672,140.17468719482423,141.26481857299805,38.53524192277066,-0.9293419400545702,138.8395538330078,141.79917907714844,141.47036743164062
2023-01-06,137.19533195499832,138.313422768137,136.53763619933596,136.9322509765625,209559.0,139.27364501953124,139.98395690917968,140.97049942016602,37.708055663700854,-1.144371561330729,137.32687377929688,138.8395538330078,141.79917907714844
2023-01-09,137.4583877757273,139.3657077942403,134.46586728281443,137.52415466308594,985859.0,138.48440246582032,139.8096664428711,140.7583915710449,39.79555957232961,-1.252583402877633,136.9322509765625,137.32687377929688,138.8395538330078
2023-01-10,137.6557330726377,139.69458732877877,137.45841898491065,139.2999725341797,537006.0,137.98456115722655,139.76034088134764,140.61041107177735,45.677336225266934,-1.1814296206077586,137.52415466308594,136.9322509765625,137.32687377929688
2023-01-11,139.43148501436332,140.0891806983933,138.21475067507836,139.56301879882812,297503.0,138.12925415039064,139.53343505859374,140.38514938354493,46.510946989973014,-1.0912350222692737,139.2999725341797,137.52415466308594,136.9322509765625
2023-01-12,140.08916521658955,140.6810939429708,139.0039647816992,140.48377990722656,448226.0,138.76063537597656,139.38873901367188,140.29964904785157,49.435932825102896,-0.9346829833310721,139.56301879882812,139.2999725341797,137.52415466308594
2023-01-13,140.4838077513197,141.7005421972971,140.4838077513197,140.68112182617188,227701.0,139.51040954589843,139.39202728271485,140.31937942504882,50.06617972092692,-0.7856342187390339,140.48377990722656,139.56301879882812,139.2999725341797
2023-01-16,140.87841025541263,142.0293777031884,139.92475686531102,141.8320770263672,100489.0,140.3719940185547,139.4281982421875,140.21579208374024,53.69155268162953,-0.5680909345702787,140.68112182617188,140.48377990722656,139.56301879882812
2023-01-17,141.47034585487276,143.83804775662747,141.33881206399613,143.6407470703125,462705.0,141.24014892578126,139.61235504150392,140.25689773559571,58.75882804567426,-0.2468956977749599,141.8320770263672,140.68112182617188,140.48377990722656
2023-01-18,143.64072795247955,144.79169530244997,142.29244656160205,144.26553344726562,268765.0,142.18065185546874,140.1549530029297,140.36541671752929,60.37197382384003,0.05740712691024896,143.6407470703125,141.8320770263672,140.68112182617188
2023-01-19,144.23267166519298,145.41651589095892,143.87093367960014,145.1863250732422,329138.0,143.12116088867188,140.9408981323242,140.55779266357422,62.6883122150956,0.36862027166276334,144.26553344726562,143.6407470703125,141.8320770263672
2023-01-20,145.84399992648616,147.19228126461834,145.3507282243673,146.7976531982422,492531.0,144.34446716308594,141.92743835449218,140.95569763183593,66.39058049035071,0.736786428985539,145.1863250732422,144.26553344726562,143.6407470703125
2023-01-23,146.96211054603955,150.0532886113496,146.96211054603955,147.9486541748047,737925.0,145.56778259277343,142.96988830566406,141.38977737426757,68.77407772891044,1.1086570127221762,146.7976531982422,145.1863250732422,144.26553344726562
2023-01-24,149.26404560688215,149.26404560688215,145.08768025665483,145.31787109375,646123.0,145.90320739746093,143.5716781616211,141.66600952148437,58.55299732845055,1.1775113039106486,147.9486541748047,146.7976531982422,145.1863250732422
2023-01-25,145.2192001371808,145.5809247043747,143.2461132515172,144.26553344726562,1054329.0,145.90320739746093,144.04192962646485,141.7876823425293,55.02989342584342,1.1340908787244075,145.31787109375,147.9486541748047,146.7976531982422
2023-01-27,144.26553646166542,145.613817880715,142.7528445128937,144.13400268554688,137835.0,145.69274291992187,144.40695190429688,141.89784545898436,54.58778508905643,1.0766554320884154,144.26553344726562,145.31787109375,147.9486541748047
2023-01-30,142.75285175964032,143.903819192088,138.54359675908958,139.26705932617188,665163.0,144.1866241455078,144.2655456542969,141.82878646850585,41.349910861251495,0.6311403790520842,144.13400268554688,144.26553344726562,145.31787109375
2023-01-31,140.1220623537519,144.7916987515548,139.69455750883742,142.29244995117188,431878.0,143.05538330078124,144.31158294677735,141.86989059448243,49.54148052792439,0.5162393431512271,139.26705932617188,144.13400268554688,144.26553344726562
2023-02-01,146.66614931277212,146.8634633861623,140.5824637471078,142.45689392089844,428962.0,142.48318786621093,144.19319763183594,141.90277633666992,49.950663877002356,0.4334521320600686,142.29244995117188,139.26705932617188,144.13400268554688
2023-02-02,141.43747225458569,142.75286371612714,138.97111326419548,139.95765686035156,256787.0,141.62161254882812,143.76240997314454,141.95868148803712,44.09772703932698,0.16428139338876235,142.45689392089844,142.29244995117188,139.26705932617188
2023-02-03,140.54954034978743,141.53608372158524,138.3791529603428,141.30589294433594,327262.0,141.05599060058594,143.3743667602539,142.15763244628906,47.66063189684444,0.05907208183148782,139.95765686035156,142.45689392089844,142.29244995117188
2023-02-06,141.07572991272806,142.9501600116216,140.18784337965783,142.78573608398438,208921.0,141.75972595214844,142.97317504882812,142.45030670166017,51.327480719390884,0.09402011289870416,141.30589294433594,139.95765686035156,142.45689392089844
2023-02-07,143.1474539610985,143.4434116369142,141.47032478253888,142.6212921142578,402753.0,141.82549438476562,142.44043884277343,142.70516357421874,50.90072880026542,0.10721155717089914,142.78573608398438,141.30589294433594,139.95765686035156
2023-02-08,144.22724616731978,144.66829702109916,142.83619927460293,143.85403442382812,1013933.0,142.10492248535155,142.29405517578124,142.93286666870117,53.9890720241598,0.21466336803737818,142.6212921142578,142.78573608398438,141.30589294433594
2023-02-09,144.6343710120436,145.10935520504475,143.95581427617222,144.36294555664062,574353.0,142.98598022460936,142.30379638671874,143.1728630065918,55.2407360858467,0.3369998530370424,143.85403442382812,142.6212921142578,142.78573608398438
2023-02-10,143.85403250166132,145.5164910344064,143.6843933123905,145.10935974121094,405874.0,143.74667358398438,142.40133209228514,143.404141998291,57.08473721382146,0.48855008417871204,144.36294555664062,143.85403442382812,142.6212921142578
2023-02-13,145.2111333155212,146.9075250598614,145.2111333155212,146.4325408935547,510085.0,144.47603454589844,143.11788024902344,143.69171295166015,60.213937174865315,0.707271410369259,145.10935974121094,144.36294555664062,143.85403442382812
2023-02-14,146.94146264775028,147.2468076484148,144.36294160000114,145.8896942138672,99811.0,145.1297149658203,143.47760467529298,143.89459381103515,58.33466027234416,0.8272701910805722,146.4325408935547,145.10935974121094,144.36294555664062
2023-02-15,144.15938553144474,145.95756379869815,144.15938553144474,145.58436584472656,751674.0,145.47578125,143.79035186767578,143.99177474975585,57.25232567875108,0.887502070269619,145.8896942138672,146.4325408935547,145.10935974121094
2023-02-16,146.60220103691452,146.63612059349012,145.21115408548164,145.58436584472656,319277.0,145.72006530761718,144.35302276611327,144.0577163696289,57.25232567875108,0.9245783053006562,145.58436584472656,145.8896942138672,146.4325408935547
2023-02-17,144.63437262125183,146.46647030637973,144.5325863486842,145.04150390625,509207.0,145.706494140625,144.7265838623047,144.05047531127929,55.14265745986055,0.8997849068248627,145.58436584472656,145.58436584472656,145.8896942138672
2023-02-20,147.55212860272383,147.55212860272383,145.34681963097998,146.36465454101562,202269.0,145.6929168701172,145.0844757080078,144.02882537841796,59.09871466686139,0.9756563984638831,145.04150390625,145.58436584472656,145.58436584472656
2023-02-21,147.24681310073206,148.4003540407026,146.56825635833235,147.28074645996094,462161.0,145.97112731933595,145.55042114257813,143.99542999267578,61.622324081694096,1.0970598410204104,146.36465454101562,145.04150390625,145.58436584472656
2023-02-22,147.17897155143302,147.38253030670663,144.6004502091142,145.58436584472656,118197.0,145.97112731933595,145.72345428466798,144.0087547302246,54.870888782540696,1.0443505820813925,147.28074645996094,146.36465454101562,145.04150390625
2023-02-23,146.398616580583,146.398616580583,144.39687972070942,144.7022247314453,253061.0,145.7946990966797,145.75738220214845,144.03058929443358,51.698850852000724,0.9207824917440064,145.58436584472656,147.28074645996094,146.36465454101562
2023-02-24,144.32900824202875,146.1950392145317,144.26115533135572,145.8896942138672,439707.0,145.96433715820314,145.83541564941407,144.1183738708496,55.43369181515603,0.908203547863792,144.7022247314453,145.58436584472656,147.28074645996094
2023-02-27,146.60218648784905,149.28248003917082,145.61827094988223,148.84141540527344,336526.0,146.45968933105468,146.07630310058593,144.5970916748047,63.07653077648928,1.1234632903164083,145.8896942138672,144.7022247314453,145.58436584472656
2023-02-28,149.3503499864473,151.31816748156723,148.570006899815,150.8092498779297,1852770.0,147.16539001464844,146.5682586669922,145.02293167114257,67.12434339219507,1.436289333756804,148.84141540527344,145.8896942138672,144.7022247314453
2023-03-01,150.1306597023868,150.80921635640888,147.21286056798365,148.5021209716797,471875.0,147.74894104003906,146.8600341796875,145.32519302368163,58.962937262708216,1.48096852246357,150.8092498779297,148.84141540527344,145.8896942138672
2023-03-02,148.26464148542908,149.96103326443858,146.46646343862471,149.41818237304688,286367.0,148.69213256835937,147.24341583251953,145.7982192993164,60.991025649686414,1.5721725738675332,148.5021209716797,150.8092498779297,148.84141540527344
2023-03-03,149.48604870694248,152.9466851662361,149.41818199173798,150.67352294921875,248945.0,149.64889831542968,147.8066177368164,146.26660079956054,63.64272112265562,1.7258533715126418,149.41818237304688,148.5021209716797,150.8092498779297
2023-03-06,151.99671109991235,155.18592228391765,151.35208771333862,154.06631469726562,503783.0,150.69387817382812,148.5767837524414,146.83062973022462,69.64792575818491,2.0972407641384905,150.67352294921875,149.41818237304688,148.5021209716797
2023-03-08,154.10021628853778,154.94841212214408,153.18416754929714,154.67698669433594,226911.0,151.46742553710936,149.3164077758789,147.43341445922852,70.5895415212316,2.4130281881655833,154.06631469726562,150.67352294921875,149.41818237304688
2023-03-09,154.9484211853832,156.33946795597092,153.01453733269832,153.2520294189453,239561.0,152.4174072265625,150.0831741333008,147.90331420898437,65.48446616906323,2.51926928544151,154.67698669433594,154.06631469726562,150.67352294921875
2023-03-10,150.13067926540668,154.77879019008347,150.13067926540668,153.72703552246094,293146.0,153.2791778564453,150.98565521240235,148.37151870727538,66.3578939503285,2.611689215662466,153.2520294189453,154.67698669433594,154.06631469726562
2023-03-13,154.23593766969375,156.00018226272545,152.9127438709668,153.42166137695312,977487.0,153.82880554199218,151.73885192871094,148.7871337890625,65.2153316967833,2.6299748221408095,153.72703552246094,153.2520294189453,154.67698669433594
2023-03-14,153.31990406623092,154.47345891412252,151.96279046066917,152.74313354492188,691209.0,153.56416931152344,152.12902374267577,149.10266342163087,62.63472090078281,2.560202352614027,153.42166137695312,153.72703552246094,153.2520294189453
2023-03-15,152.84490220787697,156.0680466495525,152.84490220787697,154.94842529296875,355821.0,153.61845703125,152.54294128417968,149.55559997558595,67.18031157556233,2.6522819264459088,152.74313354492188,153.42166137695312,153.72703552246094
2023-03-16,155.21987643735162,158.00195670752365,155.21987643735162,157.42518615722656,469803.0,154.45308837890624,153.43524780273438,150.14764099121095,71.38993837700161,2.891774972876675,154.94842529296875,152.74313354492188,153.42166137695312
2023-03-17,158.1376394032124,158.74832936947834,154.9823480879976,156.00018310546875,277989.0,154.9077178955078,154.09344787597655,150.66843185424804,66.13399922120044,2.932781817400155,157.42518615722656,154.94842529296875,152.74313354492188
2023-03-20,153.99844659614638,155.52519926090108,153.11633111745147,154.3716583251953,627295.0,155.09771728515625,154.46326141357423,151.13493957519532,60.639452695446295,2.8015768633451614,156.00018310546875,157.42518615722656,154.94842529296875
2023-03-21,153.3877470118172,154.4055820581988,150.97886521327217,151.28421020507812,802743.0,154.8059326171875,154.18505096435547,151.38091735839845,51.845084634342946,2.420561999579377,154.3716583251953,156.00018310546875,157.42518615722656
2023-03-22,151.31815247415886,152.3359875804873,149.85925272736705,152.09849548339844,110563.0,154.23594665527344,153.9272018432617,151.6218048095703,53.750198069862826,2.159418558722024,151.28421020507812,154.3716583251953,156.00018310546875
2023-03-23,151.92885010142788,152.26812845636397,150.23245832674752,150.67352294921875,350987.0,152.88561401367187,153.66935119628906,151.87626266479492,50.02074644686199,1.8165372156232138,152.09849548339844,151.28421020507812,154.3716583251953
2023-03-24,150.87710862580008,152.16636936587457,149.9271263012571,150.94496154785156,157730.0,151.87456970214845,153.39114379882812,152.18839950561522,50.72214760032099,1.548849929432464,150.67352294921875,152.09849548339844,151.28421020507812
2023-03-27,150.94493201807202,153.5234529937777,148.9431952801512,149.35032653808594,505003.0,150.87030334472655,152.9840103149414,152.36143112182617,46.58590834845842,1.1942653605047724,150.94496154785156,150.67352294921875,152.09849548339844
2023-03-28,149.9610365227576,151.2502970638719,148.43428388847613,150.77529907226562,201087.0,150.76852111816407,152.78722686767577,152.45812530517577,50.47262773837805,1.0165200985671277,149.35032653808594,150.94496154785156,150.67352294921875
2023-03-29,151.11460075561732,151.7931575866803,149.68963417143985,150.94496154785156,316805.0,150.53781433105468,152.38688049316406,152.46491088867188,50.93045678663159,0.8792110441206376,150.77529907226562,149.35032653808594,150.94496154785156
2023-03-31,151.35208894858906,153.8288100474182,151.35208894858906,153.15025329589844,444473.0,151.0331604003906,151.95938720703126,152.69731750488282,56.55242671546263,0.9375339352774574,150.94496154785156,150.77529907226562,149.35032653808594
2023-04-03,154.1002309398275,154.1341642985063,151.86100200937156,152.40383911132812,516601.0,151.32493591308594,151.5997528076172,152.8466003417969,54.28539287313242,0.9130013488359907,153.15025329589844,150.94496154785156,150.77529907226562
2023-04-05,153.01454673451778,153.52346429571904,151.89492533882049,153.1163330078125,186663.0,152.07813720703126,151.4742202758789,152.96874084472657,56.09468943905947,0.9402132076246517,152.40383911132812,153.15025329589844,150.94496154785156
2023-04-06,153.5234788244744,154.23596899969192,152.43779068555494,152.77706909179688,508918.0,152.4784912109375,151.62350616455078,152.90427856445314,54.97887539111233,0.9237545714079829,153.1163330078125,152.40383911132812,153.15025329589844
2023-04-10,152.403843386641,155.66092131083786,152.403843386641,155.38949584960938,419858.0,153.36739807128907,151.95260620117188,152.9399040222168,61.35371125549087,1.108731226603254,152.77706909179688,153.1163330078125,152.40383911132812
2023-04-11,155.38949185758025,157.42516205658785,155.01628013232002,156.91624450683594,532363.0,154.12059631347657,152.5768783569336,153.12311477661132,64.51594533199425,1.362812758439759,155.38949584960938,152.77706909179688,153.1163330078125
2023-04-12,156.16984155158414,156.91625122880717,153.99845162979489,154.1680908203125,213889.0,154.47344665527345,152.8991912841797,153.1451675415039,55.6836765821583,1.327122920828998,156.91624450683594,155.38949584960938,152.77706909179688
2023-04-13,155.21984978196073,157.15373367392752,154.0323755213337,156.848388671875,471219.0,155.21985778808593,153.64899749755858,153.31650390625,61.254879213120084,1.4978498234429196,154.1680908203125,156.91624450683594,155.38949584960938
2023-04-17,157.76443911498805,162.7518283001494,157.56086657466636,160.44473266601562,744933.0,156.75339050292968,154.6159408569336,153.7015838623047,67.21114806872427,1.9014285435597174,156.848388671875,154.1680908203125,156.91624450683594
2023-04-18,160.13938733161984,160.8179440576013,155.864474435828,156.23768615722656,367729.0,156.92302856445312,155.14521331787108,153.76604690551758,56.30639644314491,1.860349146442303,160.44473266601562,156.848388671875,154.1680908203125
2023-04-19,154.9144980877611,157.05194062033695,154.9144980877611,156.0680389404297,711821.0,156.75338745117188,155.4369918823242,153.69818954467775,55.91245007857264,1.7934307622161612,156.23768615722656,160.44473266601562,156.848388671875
2023-04-20,156.23767392793127,157.93406561010207,155.93232894724886,156.6108856201172,370973.0,157.2419464111328,155.85769653320312,153.72872467041014,56.950370160642,1.7638678799375214,156.0680389404297,156.23768615722656,160.44473266601562
2023-04-21,156.57698718072683,157.6287557803234,155.83057743517793,157.05197143554688,132146.0,157.28266296386718,156.25126037597656,153.86274032592775,57.81931492124958,1.755791351976427,156.6108856201172,156.0680389404297,156.23768615722656
2023-04-24,156.74660904092536,157.6287383368577,156.06805229183044,157.32337951660156,653429.0,156.65839233398438,156.70589141845704,154.1646987915039,58.376052300292464,1.7511053567409078,157.05197143554688,156.6108856201172,156.0680389404297
2023-04-25,157.28945864710892,158.6804916879587,156.7126743709832,157.93408203125,174497.0,156.99767150878907,156.9603500366211,154.45647811889648,59.66607932537756,1.7761953860668882,157.32337951660156,157.05197143554688,156.6108856201172
2023-04-26,158.37512052866754,162.48037986544583,157.45907183733817,161.86968994140625,470193.0,158.1580017089844,157.45569458007813,155.01628646850585,66.80584500343369,2.0895629017499573,157.93408203125,157.32337951660156,157.05197143554688
2023-04-27,161.80182691820522,161.80182691820522,158.4090436839776,160.03758239746094,672465.0,158.8433410644531,158.04264373779296,155.47091751098634,61.360490446232035,2.1651150498279605,161.86968994140625,157.93408203125,157.32337951660156
2023-04-28,159.56262952885314,161.42866067327773,158.2055159692716,160.6822509765625,378702.0,159.56939697265625,158.42602996826173,156.03751373291016,62.51820710243802,2.251061205773766,160.03758239746094,161.86968994140625,157.93408203125
2023-05-02,161.49651108430265,163.60003430795962,161.49651108430265,162.88755798339844,265798.0,160.68223266601564,158.6703125,156.64312667846679,66.24415592740644,2.468666744957261,160.6822509765625,160.03758239746094,161.86968994140625
2023-05-03,162.4803823217995,164.17677392593302,162.10718445205228,162.58216857910156,411514.0,161.61184997558593,159.3047607421875,157.2249870300293,65.27645165482993,2.586660912978118,162.88755798339844,160.6822509765625,160.03758239746094
2023-05-04,162.85360982939227,162.85360982939227,159.4268929337902,161.93756103515625,238885.0,161.62542419433595,159.89171295166017,157.6643524169922,63.17852326204746,2.59820718455461,162.58216857910156,162.88755798339844,160.6822509765625
2023-05-05,162.07327880919854,163.87145697808714,161.6661475156491,163.4982452392578,130619.0,162.31755676269532,160.58044891357423,158.21907272338868,66.02554603988801,2.702143234868487,161.93756103515625,162.58216857910156,162.88755798339844
2023-05-08,163.22683409860713,167.09460210751465,163.22683409860713,166.07676696777344,212683.0,163.3964599609375,161.48292846679686,158.86709442138672,70.13423967447655,2.9584749992424975,163.4982452392578,161.93756103515625,162.58216857910156
2023-05-09,166.0088963078379,167.53564885425223,164.68570248444948,165.0589141845703,381971.0,163.8307312011719,162.25648193359376,159.4811866760254,66.70491979885557,3.0443936809410275,166.07676696777344,163.4982452392578,161.93756103515625
2023-05-10,166.24639361968633,168.28206374564166,166.0089015327125,168.0784912109375,359653.0,164.92999572753905,163.2709228515625,160.1156364440918,71.203392216981,3.3178928817433757,165.0589141845703,166.07676696777344,163.4982452392578
2023-05-11,168.2820624645486,169.0963249866233,167.3999332279081,168.68919372558594,428595.0,166.280322265625,163.95287322998047,160.70428390502929,72.02657986255434,3.5430791469964333,168.0784912109375,165.0589141845703,166.07676696777344
2023-05-12,168.68921627174643,169.26598678574356,163.70182659558833,164.00717163085938,565481.0,166.38210754394532,164.3498321533203,161.19623794555665,58.273062262116234,3.3056355222222464,168.68919372558594,168.0784912109375,165.0589141845703
2023-05-15,164.21073132935678,166.6196132821236,164.21073132935678,165.02499389648438,1235962.0,166.1717529296875,164.7841064453125,161.6050682067871,60.0585937664321,3.1631269311558867,164.00717163085938,168.68919372558594,168.0784912109375
2023-05-16,165.29641889745926,165.9071227237545,162.85361739755044,163.05718994140625,845937.0,165.7714080810547,164.8010696411133,161.73569107055664,55.14549381989352,2.8584520564833724,165.02499389648438,164.00717163085938,168.68919372558594
2023-05-17,163.05718236378763,163.97323115802365,161.15721806033608,161.93756103515625,1193431.0,164.54322204589843,164.73660888671876,162.02068481445312,52.5132489670427,2.4978565917087963,163.05718994140625,165.02499389648438,164.00717163085938
2023-05-18,162.27682323785106,162.8875269749834,159.12153210039267,159.6643829345703,457947.0,162.7382598876953,164.50929107666016,162.20050201416015,47.55057160495006,2.0055370304659164,161.93756103515625,163.05718994140625,165.02499389648438
2023-05-19,159.6304623536927,161.05542865084357,157.4251530969467,158.6465606689453,359625.0,161.6661376953125,164.0241226196289,162.30228576660156,45.47817282708576,1.5157676546791379,159.6643829345703,161.93756103515625,163.05718994140625
2023-05-22,159.35905377370946,162.1750671143649,157.90015396539178,159.019775390625,626135.0,160.46509399414063,163.31842346191405,162.40067596435546,46.400635347706014,1.1445436183456934,158.6465606689453,159.6643829345703,161.93756103515625
2023-05-23,159.01978189955022,160.4786817675829,158.40907802394662,158.81622314453125,898262.0,159.6169006347656,162.69415435791015,162.47531814575194,45.94406306460465,0.8244175575032102,159.019775390625,158.6465606689453,159.6643829345703
2023-05-24,160.47864917696546,161.15720583310485,159.12153586468668,160.07151794433594,237151.0,159.24369201660156,161.89345703125,162.58218994140626,49.25988770403688,0.6643489462007892,158.81622314453125,159.019775390625,158.6465606689453
2023-05-25,161.56435572713804,163.02325546740127,160.34296188817302,161.42864990234375,319701.0,159.59654541015624,161.1674026489258,162.5601379394531,52.64210551222292,0.6396293762042831,160.07151794433594,158.81622314453125,159.019775390625
2023-05-26,161.42865926857277,161.4965121849068,159.3590555861108,160.9875946044922,168691.0,160.06475219726562,160.86544494628907,162.60763854980468,51.441988627794146,0.5777890696695351,161.42864990234375,160.07151794433594,158.81622314453125
2023-05-29,161.4965022645417,161.80184727192466,158.91798116005785,159.15548706054688,196305.0,160.09189453125,160.27849426269532,162.53130035400392,46.681239694890735,0.3766031670877794,160.9875946044922,161.42864990234375,160.07151794433594
2023-05-30,160.17330838798287,160.17330838798287,158.61262251598464,159.52867126464844,942693.0,160.23438415527343,159.92564239501954,162.3633560180664,47.74211976852223,0.24445679055361325,159.15548706054688,160.9875946044922,161.42864990234375
2023-05-31,159.528657667074,159.528657667074,156.10195503929558,158.27333068847656,317163.0,159.87474670410157,159.55921936035156,162.14791412353514,44.532274321578775,0.03799634371054594,159.52867126464844,159.15548706054688,160.9875946044922
2023-06-01,157.1876774563876,158.85013600940724,156.10198939286832,158.03587341308594,766087.0,159.19619140625,159.39636840820313,161.95282974243165,43.930604539057484,-0.1431358841174415,158.27333068847656,159.52867126464844,159.15548706054688
2023-06-02,158.17158740685616,159.49478145075565,158.17158740685616,159.18942260742188,116611.0,158.83655700683593,159.45065460205078,161.73738861083984,47.63215242427051,-0.19139640170956795,158.03587341308594,158.27333068847656,159.52867126464844
2023-06-05,160.2072258424304,161.4625529116026,159.3251104611094,159.8000946044922,277957.0,158.965478515625,159.5286865234375,161.42355499267578,49.531626520842316,-0.17831161770106974,159.18942260742188,158.03587341308594,158.27333068847656
2023-06-06,159.9357974821317,160.78399329780967,159.0876016664537,159.73223876953125,151341.0,159.00619201660157,159.6202880859375,161.15722122192383,49.31756718524981,-0.1714409661505556,159.8000946044922,159.18942260742188,158.03587341308594
2023-06-07,160.41082722164927,162.7857759763535,160.24118802488468,162.34471130371094,437878.0,159.82046813964843,159.847607421875,160.8705322265625,57.01908701094933,0.04429813355895362,159.73223876953125,159.8000946044922,159.18942260742188
2023-06-08,162.71793701637722,166.5178525887998,162.51436444068833,163.9393310546875,696757.0,161.00115966796875,160.0986755371094,160.63303909301757,60.922429252495725,0.34002580567636187,162.34471130371094,159.73223876953125,159.8000946044922
2023-06-09,164.448227983133,166.58568453764406,164.10894960321926,166.07676696777344,267505.0,162.37862854003907,160.6075927734375,160.73651885986328,65.45151597912474,0.7383540454940203,163.9393310546875,162.34471130371094,159.73223876953125
2023-06-12,166.07677537521346,167.19639684666282,163.6000403154069,164.00717163085938,167766.0,163.2200439453125,161.09276123046874,160.68562774658204,58.394341386085415,0.8769243598366927,166.07676696777344,163.9393310546875,162.34471130371094
2023-06-13,163.97323042437654,165.16070465740287,163.83751080029634,164.5160675048828,152897.0,164.17680969238282,161.59150085449218,160.75857162475586,59.5492972774479,1.0160930876929797,164.00717163085938,166.07676696777344,163.9393310546875
2023-06-14,164.41430151270114,167.7392184517848,164.31251524195383,167.2303009033203,311362.0,165.1539276123047,162.48719787597656,161.02320861816406,65.11206808803126,1.330069050558933,164.5160675048828,164.00717163085938,166.07676696777344
2023-06-15,166.382104258106,167.6713648029386,165.4660554359496,167.19638061523438,89426.0,165.80533752441406,163.40324859619142,161.39980850219726,64.99178057187271,1.5581982400731818,167.2303009033203,164.5160675048828,164.00717163085938
2023-06-16,166.6535195081805,167.84099371001747,165.90710991379436,166.9927978515625,91358.0,165.98854370117186,164.18358612060547,161.81712036132814,64.22489838461345,1.702934470196567,167.19638061523438,167.2303009033203,164.5160675048828
2023-06-19,166.9928207415998,168.51957349609378,164.4143132616182,164.88929748535156,94198.0,166.16496887207032,164.6925064086914,162.11059646606446,56.771006663008514,1.6291245418468066,166.9927978515625,167.19638061523438,167.2303009033203
2023-06-20,165.05892883848912,169.46954769748268,165.05892883848912,168.92669677734375,302889.0,167.0470947265625,165.61195220947266,162.6161201477051,65.13499128956028,1.8748024669528434,164.88929748535156,166.9927978515625,167.19638061523438
2023-06-21,169.29989788651875,175.74618658360063,168.92668617668434,175.13548278808594,790214.0,168.6281311035156,166.89102935791016,163.36931838989258,73.59563643389384,2.541207674466051,168.92669677734375,164.88929748535156,166.9927978515625
2023-06-22,175.13549301172262,175.13549301172262,171.50521718934291,172.1159210205078,155838.0,169.6120391845703,167.70868835449218,163.90368194580077,65.29662528737853,2.793483662716966,175.13548278808594,168.92669677734375,164.88929748535156
2023-06-23,171.13199463658285,172.455188487983,169.3677499733207,169.63917541503906,248017.0,170.1413146972656,168.06492919921874,164.3362609863281,59.38170232351564,2.7617260705944773,172.1159210205078,175.13548278808594,168.92669677734375
2023-06-26,169.63918533957192,169.70703825265332,167.70530138775527,168.55349731445312,91998.0,170.87415466308593,168.51956176757812,164.80616149902343,56.946528478555116,2.618765304405116,169.63917541503906,172.1159210205078,175.13548278808594
2023-06-27,168.34992927464774,169.639189878781,168.18029008476896,169.29991149902344,89266.0,170.94879760742188,168.9979461669922,165.2947235107422,58.215228219419636,2.5364585387306704,168.55349731445312,169.63917541503906,172.1159210205078
2023-06-28,170.38557484403358,171.30162357547994,167.26421696397497,169.74095153808594,226097.0,169.86989135742186,169.24901123046874,165.86810455322265,58.984329107091014,2.4782503517744203,169.29991149902344,168.55349731445312,169.63917541503906
2023-06-30,172.38733150252503,176.2890324448096,170.45343390430622,173.0998077392578,604402.0,170.06666870117186,169.8393539428711,166.62130126953124,64.36396337613829,2.6723464224660063,169.74095153808594,169.29991149902344,168.55349731445312
2023-07-03,173.09980745946797,173.09980745946797,169.4016790509537,169.8766632080078,156955.0,170.11416625976562,170.12774047851562,167.15566329956056,56.681237965197866,2.5368449605723526,173.0998077392578,169.74095153808594,169.29991149902344
2023-07-04,171.09807720801084,171.09807720801084,169.19811289767503,169.3677520751953,83614.0,170.27701721191406,170.5755859375,167.6340461730957,55.55369694133345,2.3611760329888796,169.8766632080078,173.0998077392578,169.74095153808594
2023-07-05,168.72312439658918,172.35339994138698,168.72312439658918,171.844482421875,184283.0,170.7859313964844,170.86736450195312,168.2396583557129,59.75011831527878,2.3942096241273703,169.3677520751953,169.8766632080078,173.0998077392578
2023-07-06,174.55872746244603,178.901493511196,172.6248434469487,178.358642578125,586718.0,172.50946960449218,171.18968048095704,169.04035491943358,68.24288014718901,2.912454306297093,171.844482421875,169.3677520751953,169.8766632080078
2023-07-07,178.35863859996743,178.35863859996743,172.8623316976235,173.43910217285156,438795.0,172.57732849121095,171.3219985961914,169.5153434753418,58.24724276761133,2.8928541325758204,178.358642578125,171.844482421875,169.3677520751953
2023-07-10,173.06589451399975,174.11764913198334,168.6213425386589,169.67311096191406,259302.0,172.5366180419922,171.3253921508789,169.69516067504884,51.9715939188182,2.5441099211516303,173.43910217285156,178.358642578125,171.844482421875
2023-07-11,170.3516762456877,173.23554241009805,169.70703905518556,172.1159210205078,199369.0,173.08625183105468,171.68163452148437,170.10059814453126,55.33331779215762,2.4367526100814416,169.67311096191406,173.43910217285156,178.358642578125
2023-07-12,172.62482591715798,172.8623179992823,170.38558330222264,171.19985961914062,142435.0,172.95732727050782,171.8716293334961,170.43478775024414,53.81219545636945,2.25179537297916,172.1159210205078,169.67311096191406,173.43910217285156
2023-07-13,170.99629797874024,171.13200380423353,164.00715805511936,164.99107360839844,567413.0,170.2838134765625,171.39664154052736,170.32282638549805,44.819131886360495,1.5859365980622613,171.19985961914062,172.1159210205078,169.67311096191406
2023-07-14,165.02498604880313,165.8053290249337,160.68223415694376,162.9214630126953,503127.0,168.18028564453124,170.3788070678711,170.10908050537108,42.28251767035886,0.8810818796175681,164.99107360839844,171.19985961914062,172.1159210205078
2023-07-17,164.21070690867316,166.14459057195683,162.34467614834733,163.5321502685547,404466.0,166.95209350585938,169.74435577392578,169.9360481262207,43.30221660001384,0.36752025019677603,162.9214630126953,164.99107360839844,171.19985961914062
2023-07-18,163.53215539013104,165.29639994863848,162.8535987287612,163.63394165039062,307043.0,165.25569763183594,169.1709747314453,169.87328033447267,43.48145554951592,-0.030911004504332595,163.5321502685547,162.9214630126953,164.99107360839844
2023-07-19,164.68570248444948,166.99279798230756,163.2268166509816,165.0589141845703,426530.0,164.0275085449219,168.49241790771484,169.67989120483398,46.05254642035881,-0.22904695911333306,163.63394165039062,163.5321502685547,162.9214630126953
2023-07-20,165.1607296114649,166.7553353471171,164.44823944189065,165.66964721679688,303474.0,164.16322326660156,167.22351837158203,169.20659942626952,47.161983216612875,-0.33295201546286535,165.0589141845703,163.63394165039062,163.5321502685547
2023-07-21,164.99109040968756,167.09461375067175,164.617878643668,165.66964721679688,325843.0,164.71286010742188,166.44657287597656,168.884285736084,47.161983216612875,-0.410564785930859,165.66964721679688,165.0589141845703,163.63394165039062
2023-07-24,165.6696295765563,168.3499231571353,164.75358074555285,167.87493896484375,436039.0,165.5814178466797,166.26675567626953,168.79607391357422,51.351687805655104,-0.290773001855797,165.66964721679688,165.66964721679688,165.0589141845703
2023-07-25,168.3838700372358,170.65703252048985,168.3838700372358,170.41954040527344,183523.0,166.93853759765625,166.09711761474608,168.88937606811524,55.715143178074854,0.009382761563244912,167.87493896484375,165.66964721679688,165.66964721679688
2023-07-26,172.04804347892346,173.47300967748015,169.63916185842567,170.31771850585938,502774.0,167.99029846191405,166.00890350341797,168.94026641845704,55.50062369902314,0.23631806273246525,170.41954040527344,167.87493896484375,165.66964721679688
2023-07-27,170.55522796227234,171.87842184285128,169.46953997672904,170.0463104248047,311906.0,168.86563110351562,166.5144271850586,168.95553436279297,54.893909846309874,0.3897725051856469,170.31771850585938,170.41954040527344,167.87493896484375
2023-07-28,170.99627975065042,177.10328974174507,169.7070193248096,175.2372589111328,631586.0,170.7791534423828,167.74600677490236,169.06240692138672,63.18356412235147,0.9196512495476838,170.0463104248047,170.31771850585938,170.41954040527344
2023-07-31,178.05327718245928,181.0728489133053,175.98367376787644,180.4960784912109,894041.0,173.30338134765623,169.44239959716796,169.59337768554687,69.33256935031301,1.7438250328626737,175.2372589111328,170.0463104248047,170.31771850585938
2023-08-01,178.08719588142137,178.08719588142137,169.97844904394822,170.82664489746094,1210611.0,173.38480224609376,170.161669921875,169.66632232666015,52.10154284626432,1.5983217555269675,180.4960784912109,175.2372589111328,170.0463104248047
2023-08-02,171.91233806714484,172.2516164188879,167.36601367589668,168.68919372558594,411649.0,173.05909729003906,170.52469787597656,169.5085578918457,49.19121916793421,1.2956000429858534,170.82664489746094,180.4960784912109,175.2372589111328
2023-08-03,168.99455471843208,170.01238978687007,167.02673749173093,168.72312927246094,526185.0,172.79446105957032,170.83004608154297,169.0267822265625,49.23969867925685,1.046367348375469,168.68919372558594,170.82664489746094,180.4960784912109
2023-08-04,169.94451623969908,169.94451623969908,167.3660091198078,167.94277954101562,190038.0,171.33556518554687,171.05735931396484,168.7519660949707,48.10308851000999,0.7769250324443249,168.72312927246094,168.68919372558594,170.82664489746094
2023-08-07,168.6552704165324,169.29989374837567,166.9249453390798,168.2820587158203,314303.0,168.89276123046875,171.0980712890625,168.68241348266602,48.6579972405369,0.5840346617425496,167.94277954101562,168.72312927246094,168.68919372558594
2023-08-08,170.91656692292904,170.91656692292904,167.608953479045,168.16603088378906,473559.0,168.3606384277344,170.87272033691406,168.48491897583008,48.467136298604366,0.4169982802986283,168.2820587158203,167.94277954101562,168.72312927246094
2023-08-09,168.54899486811252,169.52385891096085,166.9474082256083,167.2955780029297,420690.0,168.08191528320313,170.57050628662108,168.28970489501953,46.97836328423914,0.21193936667370394,168.16603088378906,168.2820587158203,167.94277954101562
2023-08-10,167.71338207862075,168.86234519895442,167.156318924595,168.51417541503906,197905.0,168.04012451171874,170.41729278564452,168.46585998535156,49.32514817526789,0.14607546019371398,167.2955780029297,168.16603088378906,168.2820587158203
2023-08-11,170.01131466013385,171.4736249737047,169.21052129384867,170.1157684326172,473789.0,168.47472229003907,169.90514373779297,168.82557525634766,52.312596674779805,0.2205704128131174,168.51417541503906,167.2955780029297,168.16603088378906
2023-08-14,171.1254466787752,171.1254466787752,167.74820264996205,170.22019958496094,371827.0,168.8623504638672,168.87755584716797,169.15997772216798,52.50919510999705,0.28475247145902927,170.1157684326172,168.51417541503906,167.2955780029297
2023-08-16,170.08092186215347,173.10999583570242,169.21049749233694,172.5529327392578,191989.0,169.73973083496094,169.05018463134766,169.60592727661134,56.794081388538174,0.5178794930035053,170.22019958496094,170.1157684326172,168.51417541503906
2023-08-17,172.69222140994174,173.1448449849535,168.68826869579993,169.66314697265625,236689.0,170.21324462890624,169.1475799560547,169.8361389160156,50.69229508922611,0.46410288755581064,172.5529327392578,170.22019958496094,170.1157684326172
2023-08-18,168.72310573150983,169.48907652612434,167.12151884244307,167.5741424560547,639251.0,170.02523803710938,169.03268127441407,169.9313636779785,46.77965963275702,0.25003706273193416,169.66314697265625,172.5529327392578,170.22019958496094
2023-08-21,169.17568668414236,172.55294480891212,168.30526225344175,172.16995239257812,189385.0,170.43607482910156,169.4553985595703,170.2563789367676,55.007324851174126,0.44608956457003046,167.5741424560547,169.66314697265625,172.5529327392578
2023-08-22,172.3788478652945,174.0848739633096,171.85659324340455,172.5529327392578,366313.0,170.90262145996093,169.88248596191406,170.4902786254883,55.62300614011034,0.625159449055019,172.16995239257812,167.5741424560547,169.66314697265625
2023-08-23,173.73671958567496,174.01525824207093,172.13513293669664,173.8063507080078,306462.0,171.15330505371094,170.44651794433594,170.659619140625,57.664835761699415,0.8583198010839226,172.5529327392578,172.16995239257812,167.5741424560547
2023-08-24,174.0849042857433,175.8953844569019,171.16028356056913,171.50845336914062,504490.0,171.52236633300782,170.86780548095703,170.71915588378906,52.86274138508245,0.84790581850649,173.8063507080078,172.5529327392578,172.16995239257812
2023-08-25,172.58776982406275,172.58776982406275,168.131193478413,168.792724609375,556781.0,171.76608276367188,170.89566040039062,170.65647659301757,47.796813232503894,0.6134446397137765,171.50845336914062,173.8063507080078,172.5529327392578
2023-08-28,168.8275467119599,173.31894606739974,168.8275467119599,173.00558471679688,477065.0,171.93320922851564,171.18464202880858,170.54489288330078,55.00103680901762,0.7588277744173411,168.792724609375,171.50845336914062,173.8063507080078
2023-08-29,173.94564076821737,176.17392186009587,173.07521625309832,174.8856964111328,291362.0,172.39976196289064,171.65119171142578,170.26437377929688,57.79998021563164,1.014064749879509,173.00558471679688,168.792724609375,171.50845336914062
2023-08-30,174.88568480156437,175.19903193937978,171.61288034173836,172.10032653808594,334047.0,172.05855712890624,171.6059310913086,170.32805786132812,52.58188862984849,0.9802856980483625,174.8856964111328,173.00558471679688,168.792724609375
2023-08-31,172.6225875737587,173.806359212534,169.62832166335258,170.3246612548828,337171.0,171.8217987060547,171.67208251953124,170.40983123779296,49.513099583261244,0.8010007693433749,172.10032653808594,174.8856964111328,173.00558471679688
2023-09-01,172.51812126494576,175.99981896958644,170.81209505649753,175.5471954345703,1429254.0,173.17269287109374,172.46938781738282,170.75103454589845,57.38987607546044,1.0680195686596505,170.3246612548828,172.10032653808594,174.8856964111328
2023-09-04,175.89537416897053,178.54147022617283,174.71160255589132,177.7406768798828,502510.0,174.11971130371094,173.02646026611328,171.2409294128418,60.19857865210471,1.4400297453151438,175.5471954345703,170.3246612548828,172.10032653808594
2023-09-05,178.22811158227336,178.95927381527076,176.20873811411894,177.07916259765625,208805.0,174.55840454101562,173.4790832519531,171.6807846069336,58.9368390383339,1.6623097444509085,177.7406768798828,175.5471954345703,170.3246612548828
2023-09-06,178.26292572492594,179.09852752243572,175.5820212769288,177.18359375,397517.0,175.57505798339844,173.81680755615236,172.13166275024415,59.08264208958133,1.825847730348812,177.07916259765625,177.7406768798828,175.5471954345703
2023-09-07,176.870257591567,179.41189995336282,175.5124010445996,178.92445373535156,256545.0,177.29501647949218,174.55840759277345,172.71310653686524,61.5345465711862,2.072040422059274,177.18359375,177.07916259765625,177.7406768798828
2023-09-08,179.6556017889493,181.9883364206255,179.02889336790057,180.1778564453125,662697.0,178.2211486816406,175.6969207763672,173.2962905883789,63.242414977978726,2.3412999787858837,178.92445373535156,177.18359375,177.07916259765625
2023-09-11,181.08313837812275,184.4951914562567,179.41192032260932,184.1122131347656,1233278.0,179.49545593261718,176.80758361816407,173.99611282348633,68.03937977841917,2.839428655393789,180.1778564453125,178.92445373535156,177.18359375
2023-09-12,188.47591423189053,189.3579415389716,177.0095167386416,177.7058563232422,1070735.0,179.62079467773438,177.089599609375,174.3703956604004,55.368556377265264,2.6862938426386336,184.1122131347656,180.1778564453125,178.92445373535156
2023-09-13,179.19135698577307,180.7232981532823,177.5201394239958,179.37704467773438,698855.0,180.05948486328126,177.81727142333983,174.71160125732422,57.58745657843745,2.669017560722864,177.7058563232422,184.1122131347656,180.1778564453125
2023-09-14,180.21269101496344,181.6517814963016,179.74846462303108,181.14114379882807,329861.0,180.50282287597656,178.89891967773434,175.2855010986328,59.85626031677267,2.765791713488909,179.37704467773438,177.7058563232422,184.1122131347656
2023-09-15,182.39453004923888,182.39453004923888,178.4486060749387,180.30551147460935,546797.0,180.52835388183593,179.37475128173827,175.92206954956055,58.26626187329282,2.7434327963338774,181.14114379882807,179.37704467773438,177.7058563232422
2023-09-18,180.63049388648457,186.1547851767712,180.30552974179372,185.7369842529297,989596.0,180.85330810546873,180.17438201904295,176.6004211425781,64.80958754177595,3.1279308145390416,180.30551147460935,181.14114379882807,179.37704467773438
2023-09-20,185.5513030627168,191.16843132999048,184.2514606052381,190.0542907714844,1155680.0,183.3229949951172,181.47189483642575,177.47548904418946,68.97368940747691,3.737930285387421,185.7369842529297,180.30551147460935,181.14114379882807
2023-09-21,190.3328166416071,190.7506175520416,186.06192825989632,187.3617706298828,562518.0,184.91994018554686,182.48971252441405,178.15326004028321,63.89561778539545,3.958464671076655,190.0542907714844,185.7369842529297,180.30551147460935
2023-09-22,186.24762908942665,188.1509459113896,182.3481161686615,184.85494995117188,662301.0,185.66270141601564,183.08276214599607,178.82058486938476,59.503190234960734,3.8861630140291368,187.3617706298828,190.0542907714844,185.7369842529297
2023-09-25,185.6441133919202,186.2940274445176,182.6730676035722,184.6692352294922,322555.0,186.5354461669922,183.53190002441403,179.61441040039062,59.178621914957525,3.77041480903992,184.85494995117188,187.3617706298828,190.0542907714844
2023-09-26,184.76210970300585,185.82982477064417,183.50869273919935,184.2050323486328,236959.0,186.22905578613282,183.5411819458008,180.17438278198242,58.32228126021712,3.599730774076221,184.6692352294922,184.85494995117188,187.3617706298828
2023-09-27,184.80852096997256,185.2727473405743,183.1837286728664,185.04063415527344,261372.0,185.22632446289063,184.2746597290039,180.68212966918946,59.45950771867987,3.4916390871093483,184.2050323486328,184.6692352294922,184.85494995117188
2023-09-28,185.87624997587628,189.68291216876688,183.647968895738,186.38690185546875,747662.0,185.0313507080078,184.97564544677735,181.3964584350586,61.2920738625286,3.4745556835228513,185.04063415527344,184.2050323486328,184.6692352294922
2023-09-29,185.876234747109,187.36176479020267,184.8085197684922,185.55128479003903,673280.0,185.17061767578124,185.41665954589843,182.1577896118164,59.49441452963727,3.354916263145583,186.38690185546875,185.04063415527344,184.2050323486328
2023-10-03,184.76209549949948,185.69054824070295,182.90519001709245,185.04063415527344,1540528.0,185.2448974609375,185.89017181396486,182.63246154785156,58.36779411472058,3.182213347391297,185.55128479003903,186.38690185546875,185.04063415527344
2023-10-04,184.76210021972656,185.0406388826165,181.46609007083603,184.76210021972656,815409.0,185.35631103515624,185.79268341064454,182.98353271484376,57.72568411569487,2.988421024265051,185.04063415527344,185.55128479003903,186.38690185546875
2023-10-05,186.015528025262,186.015528025262,181.32683845408943,182.44097900390625,1889263.0,184.8363800048828,185.0313522338867,183.25162353515626,52.53864623567408,2.617372685234443,184.76210021972656,185.04063415527344,185.55128479003903
2023-10-06,183.2301530339704,183.36941527748192,180.95543249814244,182.9516143798828,954155.0,184.14932250976562,184.59033660888673,183.5400245666504,53.527972887412325,2.3375721341033397,182.44097900390625,184.76210021972656,185.04063415527344
2023-10-09,181.2339945256725,182.7659502371955,179.93416619504654,182.06961059570312,1311853.0,183.45298767089844,184.31180267333986,183.69728240966796,51.52993634771404,2.0213569031788268,182.9516143798828,182.44097900390625,184.76210021972656
2023-10-10,181.32683715842003,184.29788332572383,181.32683715842003,183.7872314453125,574033.0,183.20230712890626,184.22360229492188,183.87775115966798,55.04882267964792,1.8875927085124715,182.06961059570312,182.9516143798828,182.44097900390625
2023-10-11,183.74080472938263,184.8549594307736,183.27657832615827,184.29788208007807,357690.0,183.10946350097657,184.2328872680664,183.88703460693358,56.06993783585234,1.8020163364502082,183.7872314453125,182.06961059570312,182.9516143798828
2023-10-12,184.2514262013309,187.5474359537324,183.55508671140367,186.47972106933597,1830906.0,183.9172119140625,184.37679595947264,184.3257278442383,60.22716455984295,1.8884833564966357,184.29788208007807,183.7872314453125,182.06961059570312
2023-10-13,186.38690179907675,187.87243196342988,185.08707353056693,187.22250366210935,902873.0,184.77138977050782,184.46035614013672,184.718000793457,61.56080833269536,1.9939603071645422,186.47972106933597,184.29788208007807,183.7872314453125
2023-10-16,186.94395685147649,189.2650886019688,185.7833909762303,188.52232360839844,227295.0,186.0619323730469,184.75746002197266,185.08705978393553,63.84547136736151,2.1575650897887613,187.22250366210935,186.47972106933597,184.29788208007807
2023-10-17,188.7544322191943,193.95375871433436,188.19735494572123,192.2361297607422,1072986.0,187.7517120361328,185.47700958251954,185.68359069824217,69.43519412483951,2.5574158793275785,188.52232360839844,187.22250366210935,186.47972106933597
2023-10-18,193.9073794637096,193.9073794637096,189.40437756554556,191.7255096435547,1445294.0,189.23723754882812,186.17335052490233,185.9830169677734,67.88123121750192,2.8008117207082535,192.2361297607422,188.52232360839844,187.22250366210935
2023-10-19,189.40436021572975,192.51468258217668,187.7795679099576,190.98272705078125,672384.0,190.1378387451172,187.02752532958985,186.02943878173826,65.58194126349683,2.9003350736974483,191.7255096435547,192.2361297607422,188.52232360839844
2023-10-20,190.9827271648258,190.9827271648258,186.52615114720507,188.383056640625,1560245.0,190.3699493408203,187.57066955566407,186.08050308227536,58.157087007921604,2.7378758437625947,190.98272705078125,191.7255096435547,192.2361297607422
2023-10-23,188.33665493011563,190.56493596889408,184.29787960938117,185.31918334960935,438226.0,189.7293212890625,187.8956268310547,186.10371475219725,50.85018334389257,2.3349805624076794,188.383056640625,190.98272705078125,191.7255096435547
2023-10-25,185.0406458915589,186.10836094483747,183.6015412180047,185.2263336181641,751967.0,188.32736206054688,188.03953704833984,186.13156967163084,50.64252917342981,1.9853055849070813,185.31918334960935,188.383056640625,190.98272705078125
2023-10-26,183.9265065982681,185.64413578971568,182.16243776602607,184.71568298339844,801599.0,186.92539672851564,188.08131713867186,186.1571022033691,49.446581134867806,1.6479834797056014,185.2263336181641,185.31918334960935,188.383056640625
2023-10-27,185.6441250721338,187.54745604861435,184.9013600365481,186.61900329589844,1486761.0,186.05265197753906,188.09524536132812,186.23602066040036,53.82370372071779,1.516751160334593,184.71568298339844,185.2263336181641,185.31918334960935
2023-10-30,186.6189833004961,187.6402868858813,183.55508671140367,186.47972106933597,697646.0,185.67198486328124,188.02096710205078,186.24066162109375,53.45892716484228,1.385538069701738,186.61900329589844,184.71568298339844,185.2263336181641
2023-10-31,187.1760841118742,188.4294868512226,186.15478039797705,187.6867218017578,10843430.0,186.14549255371094,187.93740692138672,186.3474334716797,56.227471542528924,1.3632311417957226,186.47972106933597,186.61900329589844,184.71568298339844
2023-11-01,188.01167534672456,188.01167534672456,186.20119538050227,186.57257080078125,428876.0,186.41473999023438,187.3710510253906,186.42403030395508,53.088163002233244,1.2413406638222568,187.6867218017578,186.47972106933597,186.61900329589844
2023-11-02,187.6867263546917,189.0329942375955,186.61901131004245,188.75445556640625,1121137.0,187.22249450683594,187.07394561767578,186.62364807128907,58.03008590569842,1.3057495793194107,186.57257080078125,187.6867218017578,186.47972106933597
2023-11-03,188.61518488098324,191.7255074975273,188.61518488098324,189.72933959960935,748429.0,187.8445617675781,186.9486068725586,186.9880661010742,60.05488985946799,1.4191005946303221,188.75445556640625,186.57257080078125,187.6867218017578
2023-11-06,190.37922794416176,194.04661325601825,190.33280247599876,193.3038482666016,666185.0,189.20938720703126,187.44068603515626,187.50567779541015,66.44675382308523,1.7768822741396093,189.72933959960935,188.75445556640625,186.57257080078125
2023-11-07,192.9324915976624,194.0466321064876,190.9363096092465,193.11817932128903,796192.0,190.2956787109375,188.22058563232423,188.05810623168944,65.85726551722475,2.0221349872443,193.3038482666016,189.72933959960935,188.75445556640625
2023-11-08,194.0466345924797,194.46443551775852,191.72550259974668,192.0968780517578,327094.0,191.40054016113282,188.9076400756836,188.47358856201168,62.569050025154006,2.1097689490902667,193.11817932128903,193.3038482666016,189.72933959960935
2023-11-09,192.23614954957628,195.43930878412155,191.4469590254272,194.9750823974609,222265.0,192.64466552734376,189.93358001708984,189.00744857788087,67.49469650153925,2.3839854316856304,192.0968780517578,193.11817932128903,193.3038482666016
2023-11-10,195.8571131787697,197.66759328550245,194.51085946694613,196.0428009033203,705119.0,193.90735778808593,190.87595977783204,189.48560256958007,69.11820566502837,2.6568336059051205,194.9750823974609,192.0968780517578,193.11817932128903
2023-11-13,197.5283203084992,199.7101899129277,195.6714148296884,197.1105194091797,246230.0,194.66869201660157,191.9390396118164,189.9800033569336,70.69448974658437,2.925500362744998,196.0428009033203,194.9750823974609,192.0968780517578
2023-11-15,199.52449890333543,199.52449890333543,194.83582364750737,195.2071990966797,536129.0,195.08649597167968,192.6910873413086,190.31424713134766,64.38549986399555,2.9508234052806017,197.1105194091797,196.0428009033203,194.9750823974609
2023-11-16,196.72153032419476,197.76262667234417,194.7339604312788,196.1063232421875,675668.0,195.8883850097656,193.64446258544922,190.50775680541992,65.93221598955486,3.0087607817774256,195.2071990966797,197.1105194091797,196.0428009033203
2023-11-17,197.10010566465516,199.3716017059113,195.77506871422565,198.33050537109372,758982.0,196.55946960449216,194.60206756591796,190.83800659179687,69.46499976745775,3.1972930752785373,196.1063232421875,195.2071990966797,197.1105194091797
2023-11-20,198.75642110320388,199.8921691925724,197.71531026355413,198.09390258789065,406879.0,196.96968994140624,195.4385238647461,191.19356536865234,68.64946122447512,3.289692877221569,198.33050537109372,196.1063232421875,195.2071990966797
2023-11-21,198.7564123072473,198.94570124012836,196.8161682511221,197.71530151367188,413392.0,197.09064636230468,195.87966918945312,191.6601776123047,67.28813067074933,3.2943947118293124,198.09390258789065,198.33050537109372,196.1063232421875
2023-11-22,196.9581314750967,201.21719714373037,196.9581314750967,200.17608642578125,295212.0,198.084423828125,196.58545989990233,192.40302276611328,71.27524983456725,3.456837456014142,197.71530151367188,198.09390258789065,198.33050537109372
2023-11-23,201.0752390269385,201.69044612575595,198.0938985479208,199.5609130859375,359298.0,198.775341796875,197.3318634033203,193.11975173950196,69.01071546301065,3.495639596501775,200.17608642578125,197.71530151367188,198.09390258789065
2023-11-24,200.4127102884676,200.69665090097095,198.28317735742127,199.27696228027344,545284.0,198.96463317871093,197.76205139160157,193.8478157043457,67.93776004990795,3.4635524389219654,199.5609130859375,200.17608642578125,197.71530151367188
2023-11-28,201.59579070880216,201.92705717448828,198.2358579752915,198.89837646484372,611095.0,199.12552795410156,198.0476089477539,194.46178436279297,66.45423887469755,3.368741667063915,199.27696228027344,199.5609130859375,200.17608642578125
2023-11-29,200.12878316332493,200.12878316332493,197.90461283942943,199.7975311279297,184882.0,199.54197387695314,198.3163101196289,195.12767486572267,68.22872232105544,3.327796942383543,198.89837646484372,199.27696228027344,199.5609130859375
2023-11-30,199.37162730879572,201.3591974314992,197.05280512685607,197.7626495361328,534577.0,199.05928649902344,198.5718551635742,195.6314712524414,60.437108713587065,3.095467393588848,199.7975311279297,198.89837646484372,199.27696228027344
2023-12-01,200.31806227565585,201.02790659901652,198.28318099208315,199.08767700195312,1088477.0,198.96463928222656,198.86999053955077,196.2572265625,63.37044736212605,2.983867033332615,197.7626495361328,199.7975311279297,198.89837646484372
2023-12-04,200.6020111177569,202.5422552361873,200.3653963336025,201.5011444091797,9223907.0,199.40947570800782,199.1870544433594,196.89456100463866,68.02133410975722,3.0549539854652323,199.08767700195312,197.7626495361328,199.7975311279297
2023-12-05,201.87973838575604,211.24967813844268,200.3653979780113,210.4925079345703,1431243.0,201.72830200195312,200.42691497802736,197.9327194213867,78.81388782740018,3.7930943689568153,201.5011444091797,199.08767700195312,197.7626495361328
2023-12-06,213.0006135459347,214.13636152532956,210.53981422239664,212.38540649414065,928866.0,204.24587707519532,201.89392547607423,198.88679733276368,80.3197362526065,4.4791837924677225,210.4925079345703,201.5011444091797,199.08767700195312
2023-12-07,213.1899073419436,219.9097725731788,212.38541134883116,217.5436248779297,968441.0,208.2020721435547,203.63067932128905,200.1080696105957,83.71630247192452,5.377155219937009,212.38540649414065,210.4925079345703,201.5011444091797
2023-12-08,220.0044326923407,220.90356602166491,214.32567763325605,216.3132476806641,1072993.0,211.64718627929688,205.30591278076173,201.31888809204102,80.16241873211195,5.921266217517854,217.5436248779297,212.38540649414065,210.4925079345703
2023-12-11,216.2659251844285,220.38302844278616,215.36679184117256,218.58474731445312,268147.0,215.06390686035155,207.2366912841797,202.49937133789064,81.7064308520281,6.461287440340527,216.3132476806641,217.5436248779297,212.38540649414065
2023-12-12,218.39544962071244,220.8089233499555,217.63827940971964,219.05796813964844,381554.0,216.7769989013672,209.25265045166014,203.65012969970704,82.02039353282049,6.848497895099314,218.58474731445312,216.3132476806641,217.5436248779297
2023-12-13,218.15881757626917,224.7840311252231,218.15881757626917,224.16883850097656,729960.0,219.13368530273436,211.68978118896484,205.00304565429687,85.01219813265152,7.481527107621986,219.05796813964844,218.58474731445312,216.3132476806641
2023-12-14,223.88491227837676,225.0206603571148,218.7267128578185,219.6731719970703,1249168.0,219.5595947265625,213.8808334350586,206.2263442993164,73.43646025083751,7.533601930709949,224.16883850097656,219.05796813964844,218.58474731445312
2023-12-15,221.80269506041816,225.2572649862099,215.1774813843532,224.73670959472656,8146343.0,221.244287109375,216.44573669433595,207.65786361694336,77.20186298174904,7.892477205241931,219.6731719970703,224.16883850097656,219.05796813964844
2023-12-18,224.689396793302,224.689396793302,219.0579677301426,219.4838714599609,888213.0,221.42411193847656,218.24400939941407,208.7155319213867,66.64745833059389,7.664674709235925,224.73670959472656,219.6731719970703,224.16883850097656
2023-12-19,220.2410372078727,221.85001484449185,218.53740788129105,221.3767852783203,733638.0,221.88787536621095,219.33243713378906,209.8796760559082,68.3278297645358,7.549851921986516,219.4838714599609,224.73670959472656,219.6731719970703
2023-12-20,220.57229878006257,222.7491576244485,214.08904809083452,215.03550720214844,1201532.0,220.06120910644532,219.59744720458986,210.74568634033204,57.81852466811565,6.867995909694969,221.3767852783203,219.4838714599609,224.73670959472656
2023-12-21,211.29700596757533,220.71427165424984,210.82377639094025,219.9097900390625,910512.0,220.10853271484376,219.8340637207031,211.73237152099608,62.582502413524026,6.644342155890513,215.03550720214844,221.3767852783203,219.4838714599609
2023-12-22,221.32946665610967,221.6607186765332,218.11149704601075,219.2945709228516,672707.0,219.02010498046874,220.13219604492187,212.71905441284179,61.63629088870513,6.34431854855805,219.9097900390625,215.03550720214844,221.3767852783203
2023-12-26,220.2410329394423,223.1750619695704,219.10528489100625,220.8089141845703,513335.0,219.2851135253906,220.3546127319336,213.79565200805663,63.11461225278498,6.1577597027388435,219.2945709228516,219.9097900390625,215.03550720214844
2023-12-27,222.41788668389813,223.2223826890571,220.1463906391734,221.0928497314453,734593.0,219.22832641601562,220.55810089111327,214.9053756713867,63.39939693483155,5.964071594195417,220.8089141845703,219.2945709228516,219.9097900390625
2023-12-28,223.0804072425772,226.91356949042483,221.61339274749724,225.91978454589844,1013643.0,221.40518188476562,220.73319549560546,216.21148834228515,67.93220858321196,6.129409652823512,221.0928497314453,220.8089141845703,219.2945709228516
2023-12-29,225.25726170734143,225.44655063553836,222.4178844589296,224.5000915527344,838702.0,222.3232421875,221.21588745117188,217.54836044311523,65.36800586203528,6.075845332888576,225.91978454589844,221.0928497314453,220.8089141845703
2024-01-01,224.54741560397463,226.6769485232958,223.97953438209456,225.0206451416016,393595.0,223.46845703125,221.24428100585936,218.84500885009766,65.87661529912222,6.006164225123996,224.5000915527344,225.91978454589844,221.0928497314453
2024-01-02,227.4814445139893,227.4814445139893,223.64828237084737,225.0206451416016,454202.0,224.31080322265626,221.79795837402344,220.02098388671874,65.87661529912222,5.883124448668809,225.0206451416016,224.5000915527344,225.91978454589844
2024-01-03,223.74293335780007,225.8724664079384,222.133955719393,224.26348876953125,180913.0,224.94493103027344,222.08662872314454,220.70953292846679,64.28404141228253,5.659281671638013,225.0206451416016,225.0206451416016,224.5000915527344
2024-01-04,226.0617825286027,230.08423407223037,224.40547895181484,228.52256774902344,382463.0,225.46548767089843,223.43533477783203,221.51639099121093,68.8464176977644,5.759168626212812,224.26348876953125,225.0206451416016,225.0206451416016
2024-01-05,229.27971797736376,231.7878288266008,226.44034066495055,228.38058471679688,743959.0,226.24158630371093,224.28241424560548,222.0582389831543,68.53212922529336,5.76046980313842,228.52256774902344,224.26348876953125,225.0206451416016
2024-01-08,228.7118428666664,232.0717756647513,227.67074648930975,229.27972412109372,514156.0,227.09340209960936,225.2809295654297,222.7065628051758,69.48224165943883,5.767569084512502,228.38058471679688,228.52256774902344,224.26348876953125
2024-01-09,229.9422426233789,231.45658300730517,228.56987977396963,229.27972412109372,226671.0,227.94521789550782,226.12801055908204,223.2413116455078,69.48224165943883,5.707403916534787,229.27972412109372,228.38058471679688,228.52256774902344
2024-01-10,228.3806096761376,229.18509133748327,225.3046172515199,226.2037506103516,268549.0,228.33327026367186,226.63910064697265,223.59860076904297,62.0491665205518,5.349847520065282,229.27972412109372,229.27972412109372,228.38058471679688
2024-01-11,229.94224997509568,230.03690166779984,226.44035397235132,228.90115356445312,225038.0,228.40898742675782,226.93723754882814,223.8352165222168,65.53146102828762,5.223921262531036,226.2037506103516,229.27972412109372,229.27972412109372
2024-01-12,229.80027411891427,229.80027411891427,226.20372662315287,226.6769561767578,591950.0,228.06826171875,227.15492401123046,224.18540573120117,60.59418604095245,4.888300371569443,228.90115356445312,226.2037506103516,229.27972412109372
2024-01-15,227.29216692035584,228.56989259357005,224.35815211944404,228.1913146972656,422977.0,227.85057983398437,227.47199096679688,224.35813598632814,62.65712005495331,4.690445933032407,226.6769561767578,228.90115356445312,226.2037506103516
2024-01-16,228.475214677988,229.4216737519512,225.0679706768121,226.29837036132807,237733.0,227.25430908203126,227.59976348876953,224.6988609313965,58.53221626224916,4.3309752899097305,228.1913146972656,226.6769561767578,228.90115356445312
2024-01-17,226.10906699308,228.28592575155923,225.1626079191168,226.29837036132807,395971.0,227.27323303222656,227.80325164794922,224.94494018554687,58.53221626224916,3.999982902392958,226.29837036132807,228.1913146972656,226.6769561767578
2024-01-19,222.2759289723624,224.02686967031883,220.00441843088325,222.8437957763672,887189.0,226.06176147460937,227.2353744506836,225.33535461425782,51.373883428211386,3.4194959321491183,226.29837036132807,226.29837036132807,228.1913146972656
2024-01-23,227.2921458787065,233.58610752530416,223.83757595881835,225.16261291503903,1472398.0,225.75889282226558,226.9135772705078,225.59799575805664,55.32348108815445,3.1107066994914305,222.8437957763672,226.29837036132807,226.29837036132807
2024-01-24,224.40546485959047,233.77540444313385,222.37056907080316,233.0182342529297,843168.0,226.7242767333984,227.2874282836914,226.28417892456054,65.53626848582472,3.4599874165344886,225.16261291503903,222.8437957763672,226.29837036132807
2024-01-25,231.9298175026226,235.05313558473105,230.08422504922868,232.3083953857422,6416102.0,227.9262817382812,227.59029541015624,226.85915298461913,64.11014978824775,3.637585021205325,233.0182342529297,225.16261291503903,222.8437957763672
2024-01-29,233.2548389093186,241.34706698482063,232.0717650515499,240.21131896972656,751127.0,230.70887145996093,228.99105224609374,227.8150764465332,71.53649363444052,4.365707133886815,232.3083953857422,233.0182342529297,225.16261291503903
2024-01-30,241.20510493814584,243.19267480449105,237.9871353660546,240.5425720214844,512433.0,234.24862670898438,230.1551940917969,228.5462158203125,71.79989073356367,4.912846273206185,240.21131896972656,232.3083953857422,233.0182342529297
2024-01-31,241.2051214246381,246.07938029608223,238.88628494146852,245.4641876220703,1228947.0,238.30894165039064,232.03391723632814,229.59442062377929,75.43685508969943,5.6781371992358345,240.5425720214844,240.21131896972656,232.3083953857422
2024-02-01,245.41686276210743,256.3957954268444,244.6123955367109,251.56884765625,1219286.0,242.0190643310547,234.37167053222657,230.9218307495117,79.04663347318278,6.699997418091186,245.4641876220703,240.5425720214844,240.21131896972656
2024-02-02,250.4803748238876,266.3809037508594,249.86518223526303,261.8852233886719,1677481.0,247.93442993164064,237.93035583496095,232.76505966186522,83.46812690044254,8.247205654617318,251.56884765625,245.4641876220703,240.5425720214844
2024-02-05,264.62998754065404,273.95261606550343,260.27626961759506,267.611328125,652433.0,253.4144317626953,242.06165161132813,234.93245162963868,85.31979866903315,9.822203874114251,261.8852233886719,251.56884765625,245.4641876220703
2024-02-06,269.504209417879,269.504209417879,257.7207829135809,259.6610412597656,700720.0,257.2381256103516,245.74337615966797,236.48937530517577,73.08061792597084,10.310031972799777,267.611328125,261.8852233886719,251.56884765625
2024-02-07,258.2413575573163,259.6610461322508,252.7518777373867,253.6037139892578,831445.0,258.86603088378905,248.58748626708984,237.75053176879882,65.38468165482338,10.091534638535109,259.6610412597656,267.611328125,261.8852233886719
2024-02-08,258.7146035811419,272.4382606806993,256.4904188951753,261.4120178222656,2520919.0,260.8346649169922,251.42686462402344,239.3571464538574,69.79968532309832,10.428228660892103,253.6037139892578,259.6610412597656,267.611328125
2024-02-09,263.8727654376997,264.5352983107163,254.55016711934812,258.4779663085937,1451088.0,260.15321350097656,254.0438217163086,240.81705856323242,66.37393266758912,10.33912466978606,261.4120178222656,253.6037139892578,259.6610412597656
2024-02-12,258.9038774321617,261.12806211262284,251.90008580990025,255.63861083984372,994362.0,257.7586700439453,255.5865509033203,242.28880157470704,63.14415653872875,9.924987777027383,258.4779663085937,261.4120178222656,253.6037139892578
2024-02-13,255.3546147532968,256.1117992482125,250.1017791014044,255.7805328369141,376687.0,256.982568359375,257.11034698486327,243.63277053833008,63.240441793410376,9.498737689566468,255.63861083984372,258.4779663085937,261.4120178222656
2024-02-14,255.4019691429304,259.9923011094894,252.65724379584083,259.18780517578125,507215.0,258.09938659667966,258.4827087402344,245.25831298828126,65.5662784410469,9.328338546199717,255.7805328369141,255.63861083984372,258.4779663085937
2024-02-15,262.3633164697911,272.5634001601441,261.25671012702253,270.8794250488281,770740.0,259.9928680419922,260.4137664794922,247.39271850585936,72.09153265315099,10.021193924646013,259.18780517578125,255.7805328369141,255.63861083984372
2024-02-16,271.5048860605607,271.8897887706056,262.94067595573534,264.4803161621094,1034053.0,261.19333801269534,260.67327575683595,249.30181579589845,64.84816303222433,9.93935747036116,270.8794250488281,259.18780517578125,255.7805328369141
2024-02-19,264.9614540103586,267.80013721506344,263.1812459251942,266.0199584960937,468314.0,263.2696075439453,260.51413879394534,251.28789520263672,65.74008667408688,9.884792030309256,264.4803161621094,270.8794250488281,259.18780517578125
2024-02-20,267.51147691930066,277.9039973696873,267.51147691930066,277.0860900878906,1864601.0,267.5307189941406,262.2566436767578,254.0000099182129,71.36415213046607,10.612162458898467,266.0199584960937,264.4803161621094,270.8794250488281
2024-02-21,277.03795685097907,278.3851310674027,268.8105473355883,269.5803527832031,811163.0,269.609228515625,263.8543075561523,256.2208969116211,63.72325627365218,10.462354975978798,277.0860900878906,266.0199584960937,264.4803161621094
2024-02-22,269.5322837191944,272.7077682843594,262.988819154268,271.88983154296875,622473.0,269.8113098144531,264.90208892822267,258.164476776123,64.96621449745024,10.409987248248342,269.5803527832031,277.0860900878906,266.0199584960937
2024-02-23,271.60114138116364,274.3917229658707,268.4737588851892,271.55303955078125,715767.0,271.2258544921875,266.20959625244143,260.126708984375,64.61850415930316,10.223459470755131,271.88983154296875,269.5803527832031,277.0860900878906
2024-02-26,272.322826236357,280.45403191109364,271.64922446031915,276.89361572265625,1266852.0,273.4005859375,268.33509674072263,261.9608238220215,67.58151848044002,10.386841681919918,271.55303955078125,271.88983154296875,269.5803527832031
2024-02-27,275.979457153762,282.23422196495994,273.6219095754127,281.46441650390625,711524.0,274.2762512207031,270.9034851074219,264.0069160461426,69.904511080753,10.76110140618664,276.89361572265625,271.55303955078125,271.88983154296875
2024-02-28,280.7908486560357,282.2342560947052,267.9445459448363,269.0030212402344,733196.0,274.16078491210936,271.8850067138672,265.1838577270508,57.75395972213399,9.937619785576373,281.46441650390625,276.89361572265625,271.55303955078125
2024-02-29,269.3879488509958,273.95873899654487,264.047323798056,271.88983154296875,908886.0,274.16078491210936,271.9860473632813,266.19990692138674,59.50976883000172,9.409479511121788,269.0030212402344,281.46441650390625,276.89361572265625
2024-03-01,274.24738017222035,278.43326711124604,273.8143462465227,276.7973937988281,666230.0,275.20965576171875,273.21775512695314,266.94551544189454,62.372796132801675,9.27995030782995,271.88983154296875,269.0030212402344,281.46441650390625
2024-03-04,277.0861160142969,285.84276398804127,277.0861160142969,283.34088134765625,974803.0,276.4991088867188,274.94984741210936,267.7319931030273,65.84102834351418,9.594700505068204,276.7973937988281,271.88983154296875,269.0030212402344
2024-03-05,281.4163122142938,284.25499552253,278.8181674151121,283.8219909667969,317094.0,276.9706237792969,275.6234375,268.9400405883789,66.08852670170758,9.77033746106872,283.34088134765625,276.7973937988281,271.88983154296875
2024-03-06,279.49174844634445,283.58140202174275,275.6907645533204,282.9559020996094,596167.0,279.7611999511719,276.96099243164065,270.4076499938965,65.17306791180815,9.727512175526329,283.8219909667969,283.34088134765625,276.7973937988281
2024-03-07,282.90784828063613,287.6711044114324,280.0210335022623,281.5125427246094,647367.0,281.6857421875,277.9232635498047,271.41267623901365,63.592137136405455,9.46796498257396,282.9559020996094,283.8219909667969,283.34088134765625
2024-03-11,279.44364014252267,280.98328042907184,273.7181422877437,274.728515625,1329164.0,281.2719665527344,278.2408111572266,272.225203704834,56.63789835710208,8.61554305442229,281.5125427246094,282.9559020996094,283.8219909667969
2024-03-12,274.5360390592697,277.75965436187863,272.17849157392493,274.29547119140625,551981.0,279.4628845214844,277.9809967041016,273.1580467224121,56.21529760863917,7.814963434479125,274.728515625,281.5125427246094,282.9559020996094
2024-03-13,272.94829750290825,272.94829750290825,252.01889296058076,254.32833862304688,1476482.0,273.56415405273435,275.26738891601565,273.08543701171874,41.01802122365922,5.505849585087844,274.29547119140625,274.728515625,281.5125427246094
2024-03-14,253.75101882087856,258.2736774743862,250.9123060092898,256.49346923828125,840571.0,268.27166748046875,274.0164337158203,272.9507202148437,42.82305477728948,3.806687050340315,254.32833862304688,274.29547119140625,274.728515625
2024-03-15,258.4179880775764,261.6416033323479,248.02546808657596,255.5311737060547,2453463.0,263.0753936767578,272.3805679321289,272.1833076477051,42.2048429897401,2.355288987208496,256.49346923828125,254.32833862304688,274.29547119140625
2024-03-18,255.627408444342,256.15667536906403,249.661342989453,255.0019378662109,297525.0,259.13007812499995,270.2010223388671,271.70938873291016,41.847035199118636,1.1490946087876637,255.5311737060547,256.49346923828125,254.32833862304688
2024-03-19,253.07740946255836,256.397257949135,248.55472157739533,249.1802215576172,1392524.0,254.10702819824218,266.78495635986326,270.86740188598634,38.027809787841946,-0.27343498990609305,255.0019378662109,255.5311737060547,256.49346923828125
2024-03-20,249.61322458905568,255.09818395941647,249.3726567108152,254.76138305664065,572112.0,254.19363708496093,263.87889556884767,269.7511665344238,43.364338033526685,-0.9396155531781574,249.1802215576172,255.0019378662109,255.5311737060547
2024-03-21,257.35954528738785,264.1435481659354,257.2633122563464,263.4218444824219,2008319.0,255.57931213378907,261.9254898071289,269.44324111938477,50.48900755667439,-0.7599810026517844,254.76138305664065,249.1802215576172,255.0019378662109
2024-03-22,263.3737357033191,267.7039576901871,261.256726541038,265.2982788085937,1675846.0,257.53273315429686,260.30406341552737,269.113663482666,51.900859260460365,-0.460893861517377,263.4218444824219,254.76138305664065,249.1802215576172
2024-03-26,259.8133239746094,263.7105120877494,256.349140448375,259.8133239746094,1069008.0,258.49501037597656,258.81254425048826,268.52667770385744,47.62569191949086,-0.658860232154268,265.2982788085937,263.4218444824219,254.76138305664065
2024-03-27,262.12277245710595,262.4595733832664,259.0916228540585,260.8236999511719,996806.0,260.8237060546875,257.46536712646486,267.7231819152832,48.46776958749661,-0.725853917774657,259.8133239746094,265.2982788085937,263.4218444824219
2024-03-28,261.7378310256881,268.90676498224417,261.44916134088726,266.5972900390625,1034973.0,263.1908874511719,258.69226226806643,266.97982559204104,53.10742329837347,-0.30949871952276453,260.8236999511719,259.8133239746094,265.2982788085937
2024-04-01,270.6869764301394,270.7351076275643,267.2709241594588,269.43603515625,507752.0,264.3937255859375,259.9865188598633,267.0014762878418,55.241205767901384,0.24668514850748124,266.5972900390625,260.8236999511719,259.8133239746094
2024-04-02,269.4360307887969,271.0719041507791,267.99262348099984,268.95489501953125,273896.0,265.125048828125,261.3288909912109,266.85472946166993,54.78616862732925,0.6412489641376169,269.43603515625,266.5972900390625,260.8236999511719
2024-04-03,270.5907688067311,272.3228458323308,268.13695875990186,269.7247009277344,212996.0,267.10732421875,262.8011672973633,266.50109481811523,55.41891356633812,1.0044814965348223,268.95489501953125,269.43603515625,266.5972900390625
2024-04-04,272.65964830089507,275.88326385168045,264.6727768532272,267.1265869140625,722490.0,268.36790161132814,264.59580383300784,265.69038009643555,52.736473050568065,1.0703613485014216,269.7247009277344,268.95489501953125,269.43603515625
2024-04-05,272.46716291891187,272.46716291891187,264.96145714259706,267.8001403808594,472194.0,268.6084716796875,265.89967956542966,264.8892875671387,53.36665679725823,1.1635095278949166,267.1265869140625,269.7247009277344,268.95489501953125
2024-04-08,269.4841218207564,273.4294408438818,269.00298607077025,271.1199951171875,246182.0,268.945263671875,266.66949462890625,264.29749221801757,56.448933040741764,1.4880612197434289,267.8001403808594,267.1265869140625,269.7247009277344
2024-04-09,273.04453765789685,273.6700082585877,270.06149013976085,270.3501892089844,331670.0,269.2243225097656,267.1746856689453,263.7393745422363,55.532358129818036,1.6639726298564028,271.1199951171875,267.8001403808594,267.1265869140625
2024-04-10,270.7350746477233,274.6803934122909,270.0133710700412,271.7935791015625,153209.0,269.6380981445312,268.3727111816406,263.59262771606444,56.944026688837496,1.8979745223174973,270.3501892089844,271.1199951171875,267.8001403808594
2024-04-12,270.3983018387949,273.62191736029035,264.3360029034786,264.817138671875,884893.0,269.17620849609375,268.7720550537109,263.1187110900879,48.86879188282076,1.5031548365803928,271.7935791015625,270.3501892089844,271.1199951171875
2024-04-15,261.40105337004724,265.7312752238841,258.2255690903787,263.8067321777344,255180.0,268.3775268554688,268.4929992675781,263.59263076782224,47.81128233039885,1.096090976865412,264.817138671875,271.7935791015625,270.3501892089844
2024-04-16,262.70010370525773,265.2982483455235,261.0161286815061,263.9991760253906,424078.0,266.9533630371094,267.9493133544922,263.96791610717776,48.04190315325418,0.780026881154015,263.8067321777344,264.817138671875,271.7935791015625
2024-04-18,276.1719445447054,278.1927207438819,267.2709323947454,269.6285095214844,1405699.0,266.80902709960935,268.0166748046875,264.6727828979492,54.39097587458892,0.9725727616251447,263.9991760253906,263.8067321777344,264.817138671875
2024-04-19,269.00296186475634,271.69733944194473,264.335969002803,271.0718688964844,1039990.0,266.66468505859376,268.1513916015625,265.4762794494629,55.8796452184903,1.2274841251096404,269.6285095214844,263.9991760253906,263.8067321777344
2024-04-22,273.7181491710511,273.8624840276894,271.02377126028443,272.8520812988281,564017.0,268.27167358398435,268.72394104003905,266.6598724365234,57.71295894766334,1.5552238280254187,271.0718688964844,269.6285095214844,263.9991760253906
2024-04-23,273.7181074549558,276.1718877424274,270.1576915807892,274.2473449707031,217607.0,270.35979614257815,269.36866149902346,267.63417053222656,59.14581796825365,1.9055796850117872,272.8520812988281,271.0718688964844,269.6285095214844
2024-04-24,274.2473569812101,280.88702396120067,273.766221267208,279.58795166015625,394954.0,273.47755126953126,270.2154571533203,268.4424758911133,64.15274297419899,2.5843903096155145,274.2473449707031,272.8520812988281,271.0718688964844
2024-04-25,280.64650352916243,283.2927504033493,278.33705758492994,282.04180908203125,595385.0,275.9602111816406,271.384619140625,269.27965240478517,66.20232278223779,3.282519564145616,279.58795166015625,274.2473449707031,272.8520812988281
2024-04-26,282.9078389010412,284.8804838543824,280.4059269694932,281.0795288085937,665834.0,277.9617431640625,272.31321411132814,270.34296264648435,64.64148710190673,3.715316199709548,282.04180908203125,279.58795166015625,274.2473449707031
2024-04-29,281.6087683769082,283.43707848205673,278.8662885360865,282.6191711425781,254614.0,279.9151611328125,274.0934173583984,271.4327362060547,66.02182969789067,4.13488256817908,281.0795288085937,282.04180908203125,279.58795166015625
2024-04-30,282.90785411089945,292.81923997442755,281.9936843324288,290.26922607421875,995888.0,283.1195373535156,276.7396667480469,272.6163330078125,71.89313540001743,5.026742280835322,282.6191711425781,281.0795288085937,282.04180908203125
2024-05-02,290.9428035595698,305.4249783690008,290.65410448026563,301.6240234375,1201283.0,287.52675170898436,280.5021514892578,274.225732421875,77.97624443562609,6.574003756701416,290.26922607421875,282.6191711425781,281.0795288085937
2024-05-03,301.5758987759813,304.1259125176762,296.66830798343415,298.977783203125,721391.0,290.9139465332031,283.43707885742185,275.7268768310547,73.958907566405,7.50023214494604,301.6240234375,290.26922607421875,282.6191711425781
2024-05-06,298.9296548317434,298.9296548317434,291.71261811747536,295.3211364746094,336643.0,293.76226806640625,285.86200561523435,277.00669860839844,68.6923962419319,7.8487386115815525,298.977783203125,301.6240234375,290.26922607421875
2024-05-07,295.2730118686382,296.3796182062341,283.4370549504253,284.11065673828125,488118.0,294.06056518554686,286.9878631591797,277.85590209960935,55.61672913569148,7.138057390103654,295.3211364746094,298.977783203125,301.6240234375
2024-05-08,280.59841020517933,291.27963105813296,280.59841020517933,290.5097961425781,635262.0,294.1086791992187,288.6141082763672,278.9913848876953,60.26614073545859,7.010383138973907,284.11065673828125,295.3211364746094,298.977783203125
2024-05-09,291.80882402200234,292.7710954944574,284.254987089991,284.9285888671875,326844.0,290.76959228515625,289.14817199707034,279.6818145751953,54.867492092357445,6.385238536901227,290.5097961425781,284.11065673828125,295.3211364746094
2024-05-10,284.5918186980673,293.1079280217816,284.5918186980673,292.434326171875,594722.0,289.4609008789063,290.1874237060547,280.78602142333983,60.05040546320892,6.421434903891736,284.9285888671875,290.5097961425781,284.11065673828125
2024-05-13,292.4342822700478,295.9946983144198,286.37198399578585,294.8880920410156,498387.0,289.3742919921875,291.5682800292969,281.9407470703125,61.60282191102951,6.572357142190185,292.434326171875,284.9285888671875,290.5097961425781
2024-05-14,296.7645279648514,301.1428809573424,296.235290380555,297.53436279296875,287813.0,292.059033203125,293.05979919433594,283.5766082763672,63.26091911004141,6.826800925717237,294.8880920410156,292.434326171875,284.9285888671875
2024-05-15,298.8333893019706,304.36645018114814,297.29377846332886,303.1155090332031,348587.0,294.58017578125,294.34442749023435,285.54204711914065,66.54246462501571,7.393572810314481,297.53436279296875,294.8880920410156,292.434326171875
2024-05-16,302.9230453660661,303.88531683084545,293.82959764361783,300.7579345703125,545579.0,297.746044921875,294.2578186035156,287.3799850463867,63.94423091546853,7.5652989985254635,303.1155090332031,297.53436279296875,294.8880920410156
2024-05-17,303.83724740215894,304.17404832398364,299.17022442709685,301.5278015136719,809841.0,299.5647399902344,294.5128204345703,288.9749496459961,64.43262021479427,7.6750419619954755,300.7579345703125,303.1155090332031,297.53436279296875
2024-05-21,304.60699530768284,315.0476457127097,300.2286722505065,313.1712341308594,513832.0,303.22136840820315,296.29783020019534,291.07991790771484,70.86117630215082,8.602378886176439,301.5278015136719,300.7579345703125,303.1155090332031
2024-05-22,315.9618359360331,315.9618359360331,308.1674313312315,313.5080261230469,379372.0,306.4161010742188,299.23756713867186,293.11271514892576,71.02431637884094,9.2577586992428,313.1712341308594,301.5278015136719,300.7579345703125
2024-05-23,307.3976401130992,308.6004794790665,297.29378943897325,307.6863098144531,1512804.0,307.33026123046875,300.95521850585936,294.78466339111327,64.32064100739794,9.201320970341555,313.5080261230469,313.1712341308594,301.5278015136719
2024-05-24,305.7136479455094,310.7655730007342,305.4730800857368,306.53155517578125,651126.0,308.4849853515625,303.1155151367187,296.13184356689453,63.04945067766053,8.960127838683377,307.6863098144531,313.5080261230469,313.1712341308594
2024-05-27,309.7071011573714,309.7071011573714,302.82686551660885,306.0023498535156,321253.0,309.37989501953126,304.4723175048828,297.3298706054687,62.44041161963963,8.626833332745605,306.53155517578125,307.6863098144531,313.5080261230469
2024-05-28,307.3495333874116,307.3495333874116,300.2287296472234,300.99853515625,358541.0,306.9453552246094,305.08336181640624,298.32582092285156,56.84868465826665,7.868228962411365,306.0023498535156,306.53155517578125,307.6863098144531
2024-05-29,298.0635994088883,306.6759411463579,297.34189577835826,305.5693054199219,809008.0,305.35761108398435,305.88685607910156,299.47332763671875,60.34234062551278,7.548834232187062,300.99853515625,306.0023498535156,306.53155517578125
2024-05-30,302.92306006033743,305.37687003427163,292.24186977611623,294.93621826171875,432117.0,302.8075927734375,305.0689270019531,299.70667724609376,50.166806456452335,6.36434611774223,305.5693054199219,300.99853515625,306.0023498535156
2024-05-31,297.77491172730447,299.5069885895374,294.1182626003101,298.2079162597656,968868.0,301.1428649902344,304.8139251708984,299.535871887207,52.80398143245128,5.624790357064228,294.93621826171875,305.5693054199219,300.99853515625
2024-06-03,317.7901419776728,333.811955525867,313.17125082788124,324.9590759277344,1459361.0,304.9342102050781,307.1570526123047,300.8349365234375,67.80598954094587,7.115261796062555,298.2079162597656,294.93621826171875,305.5693054199219
2024-06-04,325.199646355454,325.199646355454,269.4360044104553,284.7361145019531,3464163.0,301.6817260742188,304.31354064941405,300.30568542480466,44.76508381928195,4.993255182439782,324.9590759277344,298.2079162597656,294.93621826171875
2024-06-05,286.70877129758503,289.6436872793541,268.81051763897784,287.47857666015625,920859.0,298.06358032226564,301.710595703125,300.4740814208984,46.10968502120441,3.4925831053847105,284.7361145019531,324.9590759277344,298.2079162597656
2024-06-06,292.7229832059916,299.65131994034664,286.8531215605535,289.1625671386719,815492.0,296.9088500976562,299.85822143554685,300.40671997070314,46.96345076735591,2.41137677999086,287.47857666015625,284.7361145019531,324.9590759277344
2024-06-07,288.3446355617492,298.785286719719,285.60215604229074,297.6786804199219,2045162.0,296.8030029296875,298.9729339599609,301.04422454833986,51.176025479718334,2.216145797859042,289.1625671386719,287.47857666015625,284.7361145019531
2024-06-10,302.9230495875234,311.0542553247013,299.988133325524,303.83721923828125,1338621.0,292.57863159179686,298.7564208984375,301.61436920166017,54.02022547299747,2.529211278304558,297.6786804199219,289.1625671386719,287.47857666015625
2024-06-11,305.52122540782494,307.49387039232545,303.2598813307794,304.6070556640625,400332.0,296.5528198242188,299.1172729492188,302.1003173828125,54.37799784314751,2.807079033094226,303.83721923828125,297.6786804199219,289.1625671386719
2024-06-12,308.2636786740391,314.75901125217365,304.9438302765144,312.35333251953125,1000151.0,301.52777099609375,299.79567565917966,302.8412658691406,57.92561675244042,3.6107288005811142,304.6070556640625,303.83721923828125,297.6786804199219
2024-06-13,315.0958079262735,315.7693803426714,308.40800939265364,309.2740478515625,365126.0,305.55006713867186,301.2294586181641,303.1491928100586,56.05943954810811,3.953580083069596,312.35333251953125,304.6070556640625,303.83721923828125
2024-06-14,312.7863525155103,313.3637213130912,307.39765538128086,309.37030029296875,340903.0,307.8883911132813,302.3456970214844,303.5798110961914,56.10704138007778,4.18481897398533,309.2740478515625,312.35333251953125,304.6070556640625
2024-06-18,309.4183765013201,319.714692879275,309.4183765013201,319.1854553222656,1042297.0,310.9580383300781,301.7683349609375,304.4626937866211,60.773695019545215,5.101274130470188,309.37030029296875,309.2740478515625,312.35333251953125
2024-06-19,321.1100097917879,322.2166161383633,313.3637066333689,315.1920166015625,559686.0,313.0750305175781,304.8139251708984,304.56373291015626,58.06857566970852,5.442595461899771,319.1854553222656,309.37030029296875,309.2740478515625
2024-06-20,315.5769478945112,315.5769478945112,310.1400904657829,312.35333251953125,408032.0,313.0750305175781,307.30140075683596,304.5059982299805,56.15513506310709,5.421540846511334,315.1920166015625,319.1854553222656,309.37030029296875
2024-06-21,313.07502159100983,317.0684422283865,310.7174447960966,313.5080261230469,1531354.0,313.921826171875,309.73594665527344,304.79708404541014,56.77901759736796,5.435373434205303,312.35333251953125,315.1920166015625,319.1854553222656
2024-06-24,311.24671457425376,321.6873363917987,310.42877796240424,320.4844970703125,569609.0,316.14466552734376,312.0165283203125,305.4947311401367,60.44151600166632,5.940796951021412,313.5080261230469,312.35333251953125,315.1920166015625
2024-06-25,321.54300927180753,322.3609459033087,313.3155998616489,315.2401428222656,1378217.0,315.35560302734376,313.1568206787109,305.95662078857424,56.561406987488,5.850729601662522,320.4844970703125,313.5080261230469,312.35333251953125
2024-06-26,313.7967594696405,317.7901805434267,312.5939200277653,314.5184631347656,280250.0,315.22089233398435,314.14796142578126,306.6326171875,56.02837441808159,5.655919143741301,315.2401428222656,320.4844970703125,313.5080261230469
2024-06-27,314.85524960502886,319.955276858093,312.0646387349639,319.0411071777344,867938.0,316.558447265625,314.8167388916016,307.30620727539065,58.65779345951778,5.799615669951606,314.5184631347656,315.2401428222656,320.4844970703125
2024-06-28,320.8212779610979,324.67036354999215,317.2608914110862,318.3193664550781,1204951.0,317.5207153320313,315.7212707519531,308.4753646850586,58.061107139550515,5.788531173637239,319.0411071777344,314.5184631347656,315.2401428222656
2024-07-01,318.3193859510587,319.28165740721806,312.9306892895213,317.1165466308594,227113.0,316.8471252441406,316.4958953857422,309.4207962036133,57.02010311640837,5.617929133012922,318.3193664550781,319.0411071777344,314.5184631347656
2024-07-02,318.4637367815759,321.8797885609322,315.9618252274452,318.2712707519531,199166.0,317.45335083007814,316.40447692871095,309.0864059448242,57.802303780458985,5.51235932585314,317.1165466308594,318.3193664550781,319.0411071777344
2024-07-03,318.8486618486838,324.2854898558167,316.7797840329317,322.745849609375,220647.0,319.098828125,317.1598602294922,310.9868927001953,60.780883503878506,5.723775490341552,318.2712707519531,317.1165466308594,318.3193664550781
2024-07-04,325.1034326600372,325.82513628617335,321.3986815059658,322.69775390625,644723.0,319.8301574707031,318.1943023681641,312.7478515625,60.731261809765236,5.820350030471047,322.745849609375,318.2712707519531,317.1165466308594
2024-07-05,322.69775236944974,327.1723089569453,320.1958406041869,326.5949401855469,1067609.0,321.4852722167969,319.50299377441405,314.6194702148438,63.34278347701305,6.140571723445532,322.69775390625,322.745849609375,318.2712707519531
2024-07-08,328.18267728494106,328.18267728494106,324.1411546790843,326.64306640625,337790.0,323.390576171875,320.1188507080078,316.0676895141602,63.37517545858212,6.325318768613329,326.5949401855469,322.69775390625,322.745849609375
2024-07-09,327.1242202566488,329.3374330419348,325.2477790158479,328.0383605957031,362280.0,325.343994140625,321.39867248535154,317.2777465820312,64.35851286277142,6.509285719187062,326.64306640625,326.5949401855469,322.69775390625
2024-07-10,330.25162405068,334.6780499067867,322.84212100250375,333.0422058105469,297783.0,327.40326538085935,323.2510467529297,318.69950408935546,67.70706656680038,6.97840661533138,328.0383605957031,326.64306640625,326.5949401855469
2024-07-11,335.30352633803005,335.4478611942748,329.0487613937193,329.8666687011719,686301.0,328.83704833984376,324.33360290527344,319.5751708984375,63.62193247224811,7.013106276060341,333.0422058105469,328.0383605957031,326.64306640625
2024-07-12,329.8666597937518,332.94594035274105,327.22041315800027,330.2034606933594,964785.0,329.5587524414062,325.5220123291016,320.6216415405273,63.87090911133289,6.987237778560257,329.8666687011719,333.0422058105469,328.0383605957031
2024-07-15,332.128010302231,332.22424332777376,327.3647838829265,330.9251708984375,325109.0,330.41517333984376,326.9028747558594,321.69938507080076,64.43267574741503,6.944916119914694,330.2034606933594,329.8666687011719,333.0422058105469
2024-07-16,330.39594575668724,333.90823107486926,328.51950446958574,329.5299072265625,296791.0,330.71348266601564,328.0287384033203,322.21660766601565,62.412232074978384,6.721310697066599,330.9251708984375,330.2034606933594,329.8666687011719
2024-07-18,328.61571827102614,331.4062997564575,324.1411616553626,328.13458251953125,378696.0,329.7319580078125,328.56761169433594,322.8637359619141,60.373361679292124,6.358217176074049,329.5299072265625,330.9251708984375,330.2034606933594
2024-07-19,326.69118816881297,328.8562991360584,318.5599819009013,319.4741516113281,1125066.0,327.65345458984376,328.24525146484376,323.2197769165039,49.55306175182831,5.310423294572843,328.13458251953125,329.5299072265625,330.9251708984375
2024-07-22,319.4741474191054,326.5468490258701,316.972235572102,325.7289123535156,239340.0,326.758544921875,328.1586486816406,323.83082122802733,55.72483563453309,4.927939790841037,319.4741516113281,328.13458251953125,329.5299072265625
2024-07-23,327.12420882351563,327.22041248075084,308.98538513912143,321.398681640625,350981.0,324.8532470703125,327.63421020507815,323.876530456543,51.06683883473593,4.226682860212691,325.7289123535156,319.4741516113281,328.13458251953125
2024-07-24,319.2816815351554,326.0657134334614,317.8864054380006,324.4298400878906,145775.0,323.83323364257814,327.2733581542969,324.33601531982424,53.9675014895858,3.8708995244855373,321.398681640625,325.7289123535156,319.4741516113281
2024-07-25,319.3779268056333,329.7704773356617,318.2232185464286,326.40252685546875,493114.0,323.4868225097656,326.60939025878906,324.9302185058594,55.80367730386152,3.705404407873857,324.4298400878906,321.398681640625,325.7289123535156
2024-07-26,327.7015707313782,332.5129285713115,325.8251587935228,331.3100891113281,503559.0,325.8540100097656,326.7537322998047,325.5436676025391,60.07077836546165,3.9250026086269827,326.40252685546875,324.4298400878906,321.398681640625
2024-07-29,327.172335101909,332.8016296820491,324.910991030171,329.4817810058594,596261.0,326.6045837402344,326.6815643310547,326.10178833007814,57.83064894913127,3.9064751665172253,331.3100891113281,326.40252685546875,324.4298400878906
2024-07-30,331.1176564325191,343.4828521043252,330.39595274777787,336.458251953125,1083337.0,329.6164978027344,327.23487243652346,327.0688735961914,63.43411815993399,4.403968725711536,329.4817810058594,331.3100891113281,326.40252685546875
2024-07-31,336.41014754886123,337.22808425855465,329.7223483749062,335.4478759765625,228439.0,331.8201049804687,327.82666931152346,327.9277038574219,62.14614686413358,4.662955410987422,336.458251953125,329.4817810058594,331.3100891113281
2024-08-01,337.13179201111967,348.63091766055686,337.13179201111967,347.6205444335937,1481076.0,336.0637084960937,329.7752655029297,329.1714385986328,70.03889967462021,5.783765193334375,335.4478759765625,336.458251953125,329.4817810058594
2024-08-02,344.58945812874435,347.4281416655565,340.692240616161,344.49322509765625,1318164.0,338.70033569335936,332.2771728515625,330.26121215820314,66.2188320985847,6.346507894091701,347.6205444335937,335.4478759765625,336.458251953125
2024-08-05,337.85354001900976,341.5582912823408,328.6157274587884,329.8666687011719,340095.0,338.7773132324219,332.6909484863281,330.4247985839844,51.94785023869562,5.548287472525715,344.49322509765625,347.6205444335937,335.4478759765625
2024-08-06,328.13459362249745,337.56484292440723,326.498720265584,328.0383605957031,357684.0,337.0933349609375,333.35491638183595,330.494563293457,50.48327451157954,4.713824815050316,329.8666687011719,344.49322509765625,347.6205444335937
2024-08-07,330.1072213354427,339.20069861937645,330.1072213354427,338.8157958984375,432477.0,337.7669189453125,334.79351196289065,331.03343505859374,58.00022866479196,4.866063158100474,328.0383605957031,329.8666687011719,344.49322509765625
2024-08-08,342.0394374973789,342.0394374973789,328.4232714404169,329.5299072265625,375508.0,334.14879150390624,335.10625,330.85782012939455,50.83911311603288,4.189129850105871,338.8157958984375,328.0383605957031,329.8666687011719
2024-08-09,335.2554187386002,335.68845270401005,331.4544635477087,333.0422058105469,292840.0,331.85858764648435,335.2794616699219,331.01659698486327,53.193148796198976,3.891212987577717,329.5299072265625,338.8157958984375,328.0383605957031
2024-08-12,330.97330860124936,330.97330860124936,326.7392903236981,328.2789306640625,238300.0,331.5410400390625,335.1591766357422,330.9203704833984,49.71626070574853,3.2334816677853837,333.0422058105469,329.5299072265625,338.8157958984375
2024-08-13,325.2477673768461,329.5779891318633,322.5534189202026,323.996826171875,288207.0,330.73273315429685,333.9130340576172,330.57395324707034,46.75741844323116,2.339723931616504,328.2789306640625,333.0422058105469,329.5299072265625
2024-08-14,323.61186532475057,325.3920733168764,320.0033475161954,320.8694152832031,106316.0,327.14345703125,332.45518798828124,330.1409286499023,44.66658943998781,1.3633427975545942,323.996826171875,328.2789306640625,333.0422058105469
2024-08-16,322.2763250830426,329.4563427931714,320.7238816188643,328.7286376953125,606291.0,326.983203125,330.5659973144531,330.1706314086914,50.64000116816611,1.2097816707222364,320.8694152832031,323.996826171875,328.2789306640625
2024-08-19,332.6097446681711,333.09488141921014,329.2623188522406,330.13555908203125,214800.0,326.40187377929686,329.13023071289064,330.7037017822266,51.646328803754045,1.1879166059538875,328.7286376953125,320.8694152832031,323.996826171875
2024-08-20,331.4939425373988,332.367182784245,328.82569035456964,330.4266357421875,86578.0,326.8314147949219,329.1862274169922,330.93858795166017,51.8649778913081,1.180468136578611,330.13555908203125,328.7286376953125,320.8694152832031
2024-08-21,330.669179735382,330.76621300240816,326.15741411742334,326.7880859375,159137.0,327.38966674804686,329.0611999511719,331.2080581665039,48.88896580373612,0.8709251275878387,330.4266357421875,330.13555908203125,328.7286376953125
2024-08-22,326.73962027595604,327.0792219429404,320.7239123792027,323.9743347167969,379266.0,328.0106506347656,327.5770538330078,331.1852828979492,46.659295122249105,0.39402181658351765,326.7880859375,330.4266357421875,330.13555908203125
2024-08-23,325.52673785649574,327.17621454225167,323.58619098402784,326.15740966796875,454265.0,327.49640502929685,327.23980407714845,331.1730270385742,48.617302859353366,0.1900377733934988,323.9743347167969,326.7880859375,330.4266357421875
2024-08-26,327.90393389444887,331.2998910691079,325.91485549733915,328.0494689941406,92901.0,327.0791870117188,326.7405303955078,331.00999603271487,50.31943383898663,0.17898905020814482,326.15740966796875,323.9743347167969,326.7880859375
2024-08-28,325.0901318997553,328.8742223261763,323.828788164547,324.3624267578125,133582.0,325.86634521484376,326.3488800048828,330.7540283203125,47.048653883876135,-0.12583014550114058,328.0494689941406,326.15740966796875,323.9743347167969
2024-08-29,324.31389813633893,325.86634156632573,319.21996256351684,323.1980895996094,151663.0,325.1483459472656,326.2690063476563,330.09102020263674,46.031111812736995,-0.4560962385716607,324.3624267578125,328.0494689941406,326.15740966796875
2024-08-30,324.99311748988373,330.572190060306,324.1683791008724,327.3702697753906,400612.0,325.82753295898436,326.919091796875,329.6871398925781,50.188351529987735,-0.3768305568571577,323.1980895996094,324.3624267578125,328.0494689941406
2024-09-02,328.09797955379224,329.7959581863008,324.3139188091384,325.3812255859375,254686.0,325.67229614257815,326.5843505859375,328.57517395019534,48.278999877937075,-0.4691036412041285,327.3702697753906,323.1980895996094,324.3624267578125
2024-09-03,325.62377687133363,327.90392540882027,324.0713334238706,324.65350341796875,125685.0,324.99310302734375,326.03614501953126,327.58318786621095,47.56600643365069,-0.5941033686506216,325.3812255859375,327.3702697753906,323.1980895996094
2024-09-04,322.9555443812902,324.70202485867713,321.8397357646043,322.9070129394531,65578.0,324.7020202636719,325.2841827392578,327.235205078125,45.81720242284,-0.8245883970598129,324.65350341796875,325.3812255859375,327.3702697753906
2024-09-05,323.2951454271412,324.4109540417376,320.0932250773976,321.1120300292969,420400.0,324.28480834960936,324.7165771484375,326.8888885498047,44.02565203930928,-1.1389603364007144,322.9070129394531,324.65350341796875,325.3812255859375
2024-09-06,323.10106047885847,323.39213067116754,315.3388728397267,319.899169921875,784663.0,322.79058837890625,324.30906066894534,325.94305725097655,42.80762571011793,-1.4690359061470417,321.1120300292969,322.9070129394531,324.65350341796875
2024-09-09,317.5704834016758,319.5110302714945,313.88345619317835,318.7833251953125,193893.0,321.47100830078125,323.5716522216797,325.4057281494141,41.66552225286651,-1.7999142263732892,319.899169921875,321.1120300292969,322.9070129394531
2024-09-10,319.1714755674164,324.84755178115404,317.76456716633794,324.2654113769531,260395.0,321.3933898925781,323.19324645996096,324.9668884277344,48.881412618021315,-1.601320118312799,318.7833251953125,319.899169921875,321.1120300292969
2024-09-11,327.8069033209476,327.8069033209476,322.1792993332696,322.9555358886719,209261.0,321.40309448242186,323.05255737304685,324.70071868896486,47.37352440039363,-1.5319692735322405,324.2654113769531,318.7833251953125,319.899169921875
2024-09-12,323.5861977969163,328.9227018085596,323.3921312614254,327.75836181640625,253977.0,322.73236083984375,323.5085845947266,324.88879547119143,53.08781796690396,-1.0770448137449193,322.9555358886719,324.2654113769531,318.7833251953125
2024-09-13,328.9227067887261,331.0087888300561,326.2059529130958,327.0791931152344,421660.0,324.1683654785156,323.47947692871094,325.199284362793,52.224251076156406,-0.762527201027865,327.75836181640625,322.9555358886719,324.2654113769531
2024-09-16,326.5455127555709,331.2998762761221,326.5455127555709,328.2920227050781,91481.0,326.0701049804687,323.770556640625,325.1774536132813,53.67348192915514,-0.4106705605237835,327.0791931152344,327.75836181640625,322.9555358886719
2024-09-17,327.1276843273528,329.6018993652379,324.60496746163284,326.6425476074219,565488.0,326.5455322265625,323.96946105957034,325.00280303955077,51.390293130585775,-0.2619014561182098,328.2920227050781,327.0791931152344,327.75836181640625
2024-09-18,327.03066712809834,328.77717717189194,323.1495731779751,324.2654113769531,116076.0,326.80750732421876,324.1053009033203,324.6947418212891,48.207628938159445,-0.3319889345145839,326.6425476074219,328.2920227050781,327.0791931152344
2024-09-19,327.1276953916528,328.2435039631544,323.1495682315895,324.944580078125,128013.0,326.2447509765625,324.4885559082031,324.6025665283203,49.17609855187106,-0.32893872707336413,324.2654113769531,326.6425476074219,328.2920227050781
2024-09-20,327.2732604462636,332.65829647877007,324.7020414303961,331.0088195800781,1617695.0,327.0306762695312,325.5995208740234,324.95429077148435,56.921805518624495,0.16095662338051397,324.944580078125,324.2654113769531,326.6425476074219
2024-09-23,331.8335147714747,332.3186514889769,330.0870344326251,330.9117431640625,233499.0,327.55462036132815,326.81236267089844,325.19200744628904,56.77264487030482,0.5351995157818124,331.0088195800781,324.944580078125,324.2654113769531
2024-09-24,333.6770416430652,340.56598922758275,332.1731296031704,339.6927490234375,428009.0,330.16466064453124,328.3550964355469,325.77417144775393,65.56315642698259,1.5227897192283422,330.9117431640625,331.0088195800781,324.944580078125
2024-09-25,345.17478410784065,355.3141536299385,341.77882699082744,352.9854736328125,1741754.0,335.90867309570314,331.35809020996095,327.20532379150393,74.13719650339718,3.3395772865599156,339.6927490234375,330.9117431640625,331.0088195800781
2024-09-26,354.00429154254755,355.0230668709294,346.5817052075444,354.39239501953125,798750.0,341.79823608398436,334.02149353027346,328.7650390625,74.85091166875102,4.8371615335629485,352.9854736328125,339.6927490234375,330.9117431640625
2024-09-27,352.3063269893919,352.3063269893919,342.7976285664201,343.6708984375,623664.0,344.3306518554688,335.6806640625,329.58007049560547,61.02931842232153,5.100082096226004,354.39239501953125,352.9854736328125,339.6927490234375
2024-09-30,344.2044966169072,346.7757152643414,339.4016313315831,342.40948486328125,337914.0,346.6302001953125,337.0924102783203,330.43148345947264,59.63409920570897,5.147327812092897,343.6708984375,354.39239501953125,352.9854736328125
2024-10-01,341.8758814747296,345.41737390873675,339.644234607395,340.42047119140625,270476.0,346.77574462890624,338.47020263671874,331.2198318481445,57.405547354053,4.967016922641392,342.40948486328125,343.6708984375,354.39239501953125
2024-10-03,330.9117847731239,339.4016783969363,330.9117847731239,333.9681701660156,984262.0,342.9722839355469,339.440478515625,331.7728897094727,50.776483041692565,4.254430053693625,340.42047119140625,342.40948486328125,343.6708984375
2024-10-04,331.88202645270115,337.1700286746345,327.6613605734364,328.7286376953125,856388.0,337.83953247070315,339.8188842773437,332.1537200927734,46.11910160740551,3.2296835626535767,333.9681701660156,340.42047119140625,342.40948486328125
2024-10-07,328.9711941847571,329.60189560178225,315.3388643545124,319.1229248046875,262538.0,332.9299377441406,338.6302947998047,332.1149078369141,39.047825522297444,1.6237462970576644,328.7286376953125,333.9681701660156,340.42047119140625
2024-10-08,316.6002493486276,321.16054690411454,312.81618840386136,317.42498779296875,165721.0,327.93303833007815,337.2816192626953,332.0469909667969,37.94044710110426,0.21158114162972197,319.1229248046875,328.7286376953125,333.9681701660156
2024-10-09,318.20121238115746,321.93674174076546,316.79430393453254,319.9476928710937,222202.0,323.83848266601564,335.30711364746094,331.8311050415039,40.6342436798803,-0.6959858102840144,317.42498779296875,319.1229248046875,328.7286376953125
2024-10-10,321.0149924668718,327.9524420496896,320.28728734398044,324.41094970703125,320332.0,321.9270385742187,332.4496612548828,331.90387573242185,45.16898502427828,-1.0430677964062056,319.9476928710937,317.42498779296875,319.1229248046875
2024-10-11,324.8960788553919,325.42971742220334,319.6080765752573,320.19024658203125,366366.0,320.2193603515625,329.0294464111328,331.5254699707031,41.90882017527617,-1.6398055813006636,324.41094970703125,319.9476928710937,317.42498779296875
2024-10-14,321.0149714978819,321.59714148024653,318.007117930994,320.9179382324219,117500.0,320.5783630371094,326.754150390625,331.2174072265625,42.677021839534,-2.0305984653743394,320.19024658203125,324.41094970703125,319.9476928710937
2024-10-15,321.5486255637856,323.0040357847536,317.861598181492,319.85064697265625,148905.0,321.06349487304686,324.4982666015625,330.7953384399414,41.80384635467012,-2.398774546662594,320.9179382324219,320.19024658203125,324.41094970703125
2024-10-16,323.0525706884579,323.0525706884579,315.532951132839,317.37646484375,112053.0,320.54924926757815,322.19386596679686,330.3320343017578,39.77232316311952,-2.857265782494551,319.85064697265625,320.9179382324219,320.19024658203125
2024-10-17,317.8131036635417,322.0337997167727,314.9508143293461,321.4516296386719,133121.0,319.95738525390624,320.9422119140625,330.19134521484375,44.55190969131757,-2.8588367581811553,317.37646484375,319.85064697265625,320.9179382324219
2024-10-18,322.51888066579755,323.9257889767198,318.4437500455452,322.082275390625,423576.0,320.335791015625,320.27757568359374,330.04822998046876,45.27567804251096,-2.777180320079651,321.4516296386719,317.37646484375,319.85064697265625
2024-10-21,322.9070335674716,324.0713737003753,319.8992091765363,321.1605529785156,95667.0,320.3843139648437,320.48133850097656,329.5558166503906,44.36420247771384,-2.7550834134723914,322.082275390625,321.4516296386719,317.37646484375
2024-10-22,322.470383255686,325.76930702499925,311.6518403368753,313.2042541503906,336800.0,319.05503540039064,320.05926513671875,328.67044219970705,37.37053465701459,-3.34106456508664,321.1605529785156,322.082275390625,321.4516296386719
2024-10-23,309.12913944053474,312.33103010927897,304.568842199211,307.38262939453125,310306.0,317.0562683105469,318.8027587890625,327.05493621826173,33.24131214613756,-4.226494911518671,313.2042541503906,321.1605529785156,322.082275390625
2024-10-24,307.04304756134786,311.1181783178222,306.1212759322903,309.56573486328125,75471.0,314.67908935546876,317.3182373046875,324.88394927978516,36.09300384810516,-4.69789209812194,307.38262939453125,313.2042541503906,321.1605529785156
2024-10-25,311.45777132985853,311.45777132985853,304.08368733268003,306.1697692871094,371593.0,311.4965881347656,315.9161895751953,322.4728179931641,33.68268379879814,-5.284586383182386,309.56573486328125,307.38262939453125,313.2042541503906
2024-10-28,306.0728019703385,310.8271364242875,301.4154711826833,308.5954895019531,141726.0,308.98357543945315,314.68394470214844,320.7190475463867,36.9229817936061,-5.490519194701619,306.1697692871094,309.56573486328125,307.38262939453125
2024-10-29,308.5469757046191,311.65186277599446,304.9569518789913,311.1181945800781,287604.0,308.5663635253906,313.8106994628906,319.15448303222655,40.19564474239125,-5.388051115503572,308.5954895019531,306.1697692871094,309.56573486328125
2024-10-31,309.95387686867826,313.058734256857,308.5954703003034,311.65185546875,410569.0,309.4202087402344,313.2382385253906,317.71605224609374,40.89426841720737,-5.203796325975702,311.1181945800781,308.5954895019531,306.1697692871094
2024-11-01,314.8052700447754,314.8052700447754,310.39050755727584,312.3310546875,60654.0,309.9732727050781,312.32618103027346,316.63419647216796,41.82571515330538,-4.945953503898579,311.65185546875,311.1181945800781,308.5954895019531
2024-11-04,314.4656345396939,314.95077127005123,302.38571810963816,306.12127685546875,151643.0,309.96357421875,310.73008117675784,315.50382843017576,36.20758769754278,-5.182942646947197,312.3310546875,311.65185546875,311.1181945800781
2024-11-06,308.49844483438216,310.8270951135189,304.6173511656893,308.98358154296875,383625.0,310.04119262695315,309.51238403320315,314.99686126708986,40.19516393174035,-5.081221030139773,306.12127685546875,312.3310546875,311.65185546875
2024-11-07,311.3122266421006,311.3122266421006,302.57976603284334,303.5985412597656,260693.0,308.5372619628906,308.55181274414065,314.3055389404297,35.67677749368569,-5.373194816997568,308.98358154296875,306.12127685546875,312.3310546875
2024-11-08,303.4045430776568,307.91630904632154,299.5234489780918,306.9945373535156,506780.0,307.6057983398438,308.51300354003905,313.65788116455076,40.23913536746889,-5.2698105477466015,303.5985412597656,308.98358154296875,306.12127685546875
2024-11-11,304.520349841997,322.4704099424223,303.59857815484304,319.9476928710937,746095.0,309.1291259765625,309.5511993408203,313.4347183227539,53.72216933068654,-4.0954565000907905,306.9945373535156,303.5985412597656,308.98358154296875
2024-11-12,323.052578064938,323.052578064938,312.23400470441163,312.9132080078125,160662.0,310.4875122070313,310.2255432128906,313.070866394043,47.459807822774124,-3.689862161247902,319.9476928710937,306.9945373535156,303.5985412597656
2024-11-13,312.9131918796008,315.0478053427829,307.7707543688387,308.74102783203125,207052.0,310.4390014648437,310.24009704589844,312.46202087402344,44.17100869049579,-3.6628625974162787,312.9132080078125,319.9476928710937,306.9945373535156
2024-11-14,310.0696630304388,313.7111852735585,305.88684722679136,307.2647399902344,409105.0,311.1722412109375,309.85475158691406,311.83272552490234,43.03463245416631,-3.717733620569959,308.74102783203125,312.9132080078125,319.9476928710937
2024-11-18,308.0520662439305,310.5617435874475,305.1486881103177,307.0186767578125,186728.0,311.17706909179685,309.3914337158203,311.3148361206055,42.83681601749373,-3.7379853795238205,307.2647399902344,308.74102783203125,312.9132080078125
2024-11-19,308.05209008367075,313.1699003994425,307.55999409312176,310.0696716308594,225118.0,309.20146484375,309.16529541015626,310.74573822021483,46.14256145578369,-3.467869811856872,307.0186767578125,307.2647399902344,308.74102783203125
2024-11-21,311.9888422559629,321.5847135871794,309.1346916619139,320.64971923828125,610087.0,310.74876708984374,310.6181396484375,310.67411041259766,55.708076606238365,-2.3727285202225517,310.0696716308594,307.0186767578125,307.2647399902344
2024-11-22,320.9942099293749,332.1647949671533,319.07505357954705,331.6726989746094,5493654.0,315.33510131835936,312.8870513916016,311.19971771240233,63.06783428608955,-0.6083461786341218,320.64971923828125,310.0696716308594,307.0186767578125
2024-11-25,335.953918416554,339.79226090343604,330.8853360277768,337.4302062988281,2153990.0,321.3681945800781,316.2702178955078,312.41101531982423,66.2247149944939,1.2402257123329719,331.6726989746094,320.64971923828125,310.0696716308594
2024-11-26,337.33179057535773,339.10332406978785,332.4108308295465,333.3458251953125,5365862.0,326.6336242675781,318.9053466796875,313.7091751098633,62.16517347100711,2.3485838213591705,337.4302062988281,331.6726989746094,320.64971923828125
2024-11-27,331.5250760039128,335.85551472891746,330.98375239131485,333.6410827636719,127027.0,331.3479064941406,320.2746856689453,314.91294250488284,62.34487033636606,3.213744381504,333.3458251953125,337.4302062988281,331.6726989746094
2024-11-28,333.1981726519394,336.1015509184446,327.1946257851802,328.42486572265625,175538.0,332.90293579101564,321.8258514404297,316.0256973266602,57.178115113546056,3.4388443796959223,333.6410827636719,333.3458251953125,337.4302062988281
2024-11-29,327.5883028539894,327.5883028539894,321.33867784447017,324.3896789550781,362633.0,331.4463317871094,323.3907165527344,316.8154067993164,53.485405759931496,3.2541204266810837,328.42486572265625,333.6410827636719,333.3458251953125
2024-12-02,324.1436371140824,326.4564942919093,321.0434383602597,322.8149719238281,441421.0,328.5232849121094,324.94573974609375,317.4002456665039,52.07208395345015,2.9466920344851815,324.3896789550781,328.42486572265625,333.6410827636719
2024-12-03,319.81318317866624,326.0627779746548,319.81318317866624,324.53729248046875,3269489.0,326.76157836914064,326.6976013183594,318.04451751708984,53.51879579982914,2.809641890878652,322.8149719238281,324.3896789550781,328.42486572265625
2024-12-04,324.1436373969425,325.86597337669764,316.17167628361625,319.8623962402344,793485.0,324.00584106445314,327.6768737792969,318.42108459472655,49.17949064184037,2.2973215154316904,324.53729248046875,322.8149719238281,324.3896789550781
2024-12-05,320.30528836484336,324.98020021817325,314.54775933844815,323.4054870605469,379019.0,323.00196533203126,327.95245056152345,319.2852951049805,52.33390285378062,2.152390329275363,319.8623962402344,324.53729248046875,322.8149719238281
2024-12-06,321.78155515605346,327.39143099001376,321.63390234227154,323.7499389648437,944762.0,322.8740173339844,327.16017456054686,320.0236129760742,52.64165911674713,2.0417892347175552,323.4054870605469,319.8623962402344,324.53729248046875
2024-12-09,323.061013827124,325.3738709613256,321.6831510775428,323.8975830078125,621733.0,323.0905395507813,325.8069122314453,321.03856506347654,52.78238480354949,1.943645574492109,323.7499389648437,323.4054870605469,319.8623962402344
2024-12-10,326.75174925712014,326.75174925712014,320.2068783588508,322.6673583984375,323218.0,322.716552734375,324.7390655517578,321.8222061157227,51.41153266632317,1.7464650106103932,323.8975830078125,323.7499389648437,323.4054870605469
2024-12-11,322.1752226818353,323.79913330078125,321.83074951171875,322.3228454589844,65231.0,323.208642578125,323.60724182128905,321.9409637451172,51.011974921247855,1.5445935649847229,322.6673583984375,323.8975830078125,323.7499389648437
2024-12-12,322.47046823613346,324.6848999988288,320.8465576171875,323.79913330078125,1545990.0,323.28737182617186,323.14466857910156,322.4852600097656,52.70809275238964,1.4865965215753931,322.3228454589844,322.6673583984375,323.8975830078125
2024-12-13,326.5056913227378,329.11379407834494,319.9608206235257,328.7201232910156,428289.0,324.2814086914062,323.5777130126953,323.48421478271484,57.93615959257356,1.8167735777084317,323.79913330078125,322.3228454589844,322.6673583984375
2024-12-16,329.2613983064586,330.8853390197676,325.96437936768984,329.5074462890625,304619.0,325.40338134765625,324.24696044921876,324.5963500976562,58.722397370446515,2.1175617260590798,328.7201232910156,323.79913330078125,322.3228454589844
2024-12-17,327.58830888289674,330.1964116414388,323.0118221503372,324.7833557128906,152372.0,325.8265808105469,324.2715667724609,325.48458404541014,52.394224108450736,1.9522396683934744,329.5074462890625,328.7201232910156,323.79913330078125
2024-12-18,320.10841041422475,324.0943755321471,315.6795469342432,316.4668884277344,225146.0,324.6553894042969,323.93201599121096,325.80444488525393,43.50576048489248,1.1370442025359466,324.7833557128906,329.5074462890625,328.7201232910156
2024-12-19,310.66020450499167,318.6321658586012,310.66020450499167,316.76220703125,191598.0,323.2480041503906,323.26768798828124,325.61006927490234,43.86990657986929,0.5089587067452612,316.4668884277344,324.7833557128906,329.5074462890625
2024-12-20,315.9748422699381,320.35450885981106,308.7410548076812,310.7586364746094,383520.0,319.65570678710935,321.9685577392578,324.56436614990236,38.44475273287924,-0.4678484777429617,316.76220703125,316.4668884277344,324.7833557128906
2024-12-23,313.3175110398902,313.3175110398902,306.6742154250895,310.2665100097656,128049.0,315.80751953125,320.60545043945314,323.20618133544923,38.02958960766719,-1.2670795969422102,310.7586364746094,316.76220703125,316.4668884277344
2024-12-24,309.9712707916173,311.6936067270379,304.06611901303233,305.24713134765625,249356.0,311.9002746582031,318.863427734375,321.8012466430664,33.997031607583466,-2.279224445748639,310.2665100097656,310.7586364746094,316.76220703125
2024-12-26,305.4439697265625,308.2489227179679,303.8692566405845,305.4439697265625,144433.0,309.69569091796876,317.1755401611328,320.3913909912109,34.29128836077156,-3.0305391495360823,305.24713134765625,310.2665100097656,310.7586364746094
2024-12-27,305.6408081935736,307.5107969887067,303.9676998441857,304.6566162109375,197167.0,307.2745727539062,315.26128845214845,319.202978515625,33.64514330129323,-3.647448794495972,305.4439697265625,305.24713134765625,310.2665100097656
2024-12-30,303.72166446095457,306.87106091507934,301.5564299951788,303.4756164550781,161670.0,305.81796875,312.73683776855466,318.157275390625,32.65131441681473,-4.183427000621407,304.6566162109375,305.4439697265625,305.24713134765625
2024-12-31,303.4263735566417,304.9518891373671,300.2769772610751,303.7216491699219,183862.0,304.5089965820313,310.15825805664065,317.2026092529297,33.09469586351989,-4.536052022462968,303.4756164550781,304.6566162109375,305.4439697265625
2025-01-01,303.8200498558581,306.3297271728516,301.1627197265625,305.5915832519531,89084.0,304.5778869628906,308.23908081054685,316.2553237915039,36.5155449074829,-4.611463756422268,303.7216491699219,303.4756164550781,304.6566162109375
2025-01-02,305.837637144054,312.0872618022986,303.8200557352825,310.41412353515625,451878.0,305.57191772460936,307.63380432128906,315.78291015625,44.40971550456037,-4.233290662073102,305.5915832519531,303.7216491699219,303.4756164550781
2025-01-03,311.9396543053738,312.92384626717,308.74103042953607,311.1522827148437,307462.0,306.87105102539056,307.07281188964845,315.17024993896484,45.52628296197933,-3.8298740790942247,310.41412353515625,305.5915832519531,303.7216491699219
2025-01-06,309.2331019446459,311.2506832926399,299.932476627453,301.2119140625,249739.0,306.418310546875,306.1181396484375,314.04334869384763,35.256478938221406,-4.263125548125686,311.1522827148437,310.41412353515625,305.5915832519531
2025-01-07,301.1135406948847,305.8376500655848,298.2101624131044,300.3753967285156,622007.0,305.7490600585937,305.1290283203125,312.8672393798828,34.55014994053329,-4.620715682435446,301.2119140625,311.1522827148437,310.41412353515625
2025-01-08,300.5230314052234,302.8850861840303,298.21017421205903,301.65484619140625,213432.0,304.9617126464844,304.7697998046875,311.8166137695313,36.64093661103443,-4.74615681988422,300.3753967285156,301.2119140625,311.1522827148437
2025-01-09,302.88506765246547,302.88506765246547,299.0959226999854,300.4737854003906,247540.0,302.97364501953126,304.2727813720703,310.7241607666016,35.51315723078075,-4.884565331756903,301.65484619140625,300.3753967285156,301.2119140625
2025-01-10,298.5054017515857,300.1785400544756,293.73209489687565,295.06072998046875,541880.0,299.7553344726563,303.3131927490234,309.28724060058596,30.829557432598023,-5.369151175619493,300.4737854003906,301.65484619140625,300.3753967285156
2025-01-13,289.4508700827619,293.6336860376135,282.4631009511551,283.00439453125,796478.0,296.11383056640625,301.2660705566406,307.00145416259767,23.420743276181042,-6.649384494530807,295.06072998046875,300.4737854003906,301.65484619140625
2025-01-14,281.9710079324657,288.36825593093346,281.9710079324657,285.4156799316406,405178.0,293.12188720703125,299.4354736328125,304.79686584472654,27.18946119446852,-7.38428658430729,283.00439453125,295.06072998046875,300.4737854003906
2025-01-15,290.33659974803203,297.7180387246769,286.99035341898343,293.92889404296875,183071.0,291.5766967773437,298.2692047119141,303.25414276123047,38.66605494032505,-7.196796365601017,285.4156799316406,283.00439453125,295.06072998046875
2025-01-16,296.5862549541925,296.7830753262948,291.9605407000387,292.9447326660156,329433.0,290.0708862304688,296.522265625,302.07803497314455,37.921895080416874,-7.046396146079815,293.92889404296875,285.4156799316406,283.00439453125
2025-01-17,292.69869023517606,300.17855532573367,291.0255818823228,297.76727294921875,140051.0,290.61219482421876,295.1837646484375,301.12828826904297,43.64537509045478,-6.463556337298257,292.9447326660156,293.92889404296875,285.4156799316406
2025-01-20,298.8006986350323,303.7216586585501,297.2259854204753,301.60565185546875,263130.0,294.3324462890625,295.2231384277344,300.67063903808594,47.77276428744945,-5.627061231488824,297.76727294921875,292.9447326660156,293.92889404296875
2025-01-21,301.8024506379172,304.9026492238476,296.7830657660918,297.5212097167969,1058994.0,296.75355224609376,294.9377197265625,300.0333740234375,44.073675804286395,-5.233385963281592,301.60565185546875,297.76727294921875,292.9447326660156
2025-01-22,297.57043471009064,297.57043471009064,291.2716123933259,293.1415710449219,439258.0,296.59608764648436,294.0863922119141,299.42809600830077,40.45632219475124,-5.214684083516261,297.5212097167969,301.60565185546875,297.76727294921875
2025-01-23,292.60028119527266,294.81471328313347,289.1064114707109,289.647705078125,177858.0,295.9366821289062,293.0037841796875,298.6382827758789,37.79155601652266,-5.419317968988594,293.1415710449219,297.5212097167969,301.60565185546875
2025-01-24,290.92717578361913,297.5704721164742,289.6969357219793,291.0747985839844,300605.0,294.5981872558594,292.6051910400391,297.9591918945313,39.54321134927923,-5.404042836409928,289.647705078125,293.1415710449219,297.5212097167969
2025-01-27,290.3366369149061,290.3366369149061,279.3136746179727,282.5122985839844,193013.0,290.7795166015625,292.5559814453125,296.91102600097656,33.45614479545233,-6.013539039245302,291.0747985839844,289.647705078125,293.1415710449219
2025-01-28,280.5439274595339,284.2838752122531,275.0324760936862,279.3629150390625,550949.0,287.1478576660156,291.95070495605466,295.6930892944336,31.533421187393003,-6.6737670702440255,282.5122985839844,291.0747985839844,289.647705078125
2025-01-29,281.1344205901318,284.6283199850032,278.82156353285296,283.2504272460937,109028.0,285.16962890625,290.8828582763672,294.57603149414064,36.39277277883615,-6.80487048462237,279.3629150390625,282.5122985839844,291.0747985839844
2025-01-30,283.0043821192451,292.3050080250119,283.0043821192451,290.5826721191406,201065.0,285.35662231445315,290.6466522216797,293.58445892333987,44.407129562691026,-6.2451300304065285,283.2504272460937,279.3629150390625,282.5122985839844
2025-01-31,291.370037367088,298.6038547673012,291.32083977983666,297.078369140625,116192.0,286.5573364257813,290.5777618408203,292.8807632446289,50.372753475675886,-5.217242105527475,290.5826721191406,283.2504272460937,279.3629150390625
2025-02-01,296.7338913083794,300.6214617657856,284.08701796034416,285.3664855957031,526793.0,287.128173828125,288.95384521484374,292.08849182128904,41.68674205279153,-5.286742366194005,297.078369140625,290.5826721191406,283.2504272460937
2025-02-03,283.2504522583875,285.4156867234558,273.60538244524383,279.412109375,1015438.0,287.1380126953125,287.14293518066404,291.04032745361326,38.090600833475484,-5.755939335989467,285.3664855957031,297.078369140625,290.5826721191406
2025-02-04,274.7371762577226,281.8233702968829,267.99545540736887,281.2328491210937,634899.0,286.7344970703125,285.9520629882812,290.0192276000976,39.80071996218937,-5.912704852967238,279.412109375,285.3664855957031,297.078369140625
2025-02-05,282.3154723459223,286.10461743402266,279.85499242315,280.642333984375,273443.0,284.7464294433594,285.0515258789062,289.02765502929685,39.42039173735775,-6.015252207910578,281.2328491210937,279.412109375,285.3664855957031
2025-02-06,280.7899509742194,286.2030066925354,275.37689525590343,276.8039855957031,346675.0,280.691552734375,283.6244445800781,288.1148178100585,36.94885722635742,-6.33323872831113,280.642333984375,281.2328491210937,279.412109375
2025-02-07,275.80829663657454,280.6872098861015,268.8881846206009,277.1026916503906,373061.0,279.0387939453125,283.0834838867187,287.81973266601557,37.27842672007982,-6.486371402572331,276.8039855957031,280.642333984375,281.2328491210937
2025-02-10,274.7628152717362,274.7628152717362,266.94658160082025,267.54400634765625,309214.0,276.66517333984376,281.9015930175781,286.9261489868164,31.58833131393753,-7.294944588578289,277.1026916503906,276.8039855957031,280.642333984375
2025-02-11,267.3448539427544,267.693354243028,258.88142281235065,260.3749694824219,498066.0,272.49359741210935,279.6140472412109,285.248452758789,28.12139284665129,-8.41719780801958,267.54400634765625,277.1026916503906,276.8039855957031
2025-02-12,260.325193729961,260.9723912022319,252.90723320009025,256.1930236816406,910303.0,267.6037353515625,276.1750823974609,283.4108673095703,26.30754036199987,-9.5341360602593,260.3749694824219,267.54400634765625,277.1026916503906
2025-02-13,255.5458189096782,260.1758073237102,254.99819730715748,257.9852905273437,389334.0,263.8399963378906,272.2657745361328,281.4217681884765,28.43792020955327,-10.157606155544727,256.1930236816406,260.3749694824219,267.54400634765625
2025-02-14,258.9809972492754,260.175816347018,253.60422015057992,256.2428283691406,178706.0,259.66802368164065,269.35340881347656,279.1536270141601,27.602457425096148,-10.669323511701464,257.9852905273437,256.1930236816406,260.3749694824219
2025-02-17,254.45058875231965,262.56553535036807,251.0154342064747,262.01788330078125,258116.0,258.56279907226565,267.6139862060547,277.37846069335933,34.47351514108236,-10.487965793212481,256.2428283691406,257.9852905273437,256.1930236816406
2025-02-18,262.86421754188143,266.6976601249576,259.18012355060614,265.6023864746094,166637.0,259.6082824707031,266.0509399414062,276.0015014648437,38.3824779111927,-9.940412161803636,262.01788330078125,256.2428283691406,257.9852905273437
2025-02-19,263.9595062639115,267.3448728785992,261.2711099128522,262.01788330078125,214552.0,260.77325439453125,264.18849487304686,274.6200103759765,36.06550295533234,-9.684079374289468,265.6023864746094,262.01788330078125,256.2428283691406
2025-02-20,261.2213244378408,265.3534642389768,260.3749752288646,264.6564636230469,168026.0,262.10748901367185,262.97374267578124,273.29909362792966,38.985275489923715,-9.162403923899262,262.01788330078125,265.6023864746094,262.01788330078125
2025-02-21,264.5071167429658,264.5071167429658,258.3338085622193,260.6239013671875,2011132.0,262.98370361328125,261.32586364746095,272.2046737670898,36.25984474298212,-8.970954860113352,264.6564636230469,262.01788330078125,265.6023864746094
2025-02-24,256.9397910998392,260.67365764587225,256.04366920604804,258.0350646972656,72662.0,262.1871398925781,260.3749694824219,271.13828125,34.58810169850777,-8.925242936398945,260.6239013671875,264.6564636230469,262.01788330078125
2025-02-25,258.03507480684885,258.5329236991585,253.7535864874996,254.79905700683597,459377.0,260.02647399902344,259.81737823486327,269.7157127380371,32.56690031707396,-9.045859644561233,258.0350646972656,260.6239013671875,264.6564636230469
2025-02-27,251.9115468558316,256.1930353000527,251.9115468558316,255.0479888916016,212921.0,258.6324951171875,259.7028747558594,267.93897857666013,32.891773814938404,-9.017415380723435,254.79905700683597,258.0350646972656,260.6239013671875
2025-02-28,253.90293139212395,255.3964780473717,246.435198115885,249.57164001464844,193046.0,255.61553039550782,258.8615097045898,265.56364212036135,29.522129188862905,-9.329227159858476,255.0479888916016,254.79905700683597,258.0350646972656
2025-03-03,250.26865138077352,252.5587441962138,247.3313306778392,251.46348571777344,86184.0,253.783447265625,258.3835754394531,263.86849212646484,32.10965166979601,-9.316291692437403,249.57164001464844,255.0479888916016,254.79905700683597
2025-03-04,249.2729523977328,255.9939126040967,248.3270273252858,252.95703125,196413.0,252.76784057617186,257.477490234375,262.54573822021484,34.164633799561614,-9.080845267329494,251.46348571777344,249.57164001464844,255.0479888916016
2025-03-05,255.19733816160004,266.0006655456455,255.19733816160004,263.7603454589844,584379.0,254.56009826660156,257.2932861328125,261.6721130371094,46.72603899510907,-7.931090435917611,252.95703125,251.46348571777344,249.57164001464844
2025-03-06,263.85990651279104,266.1998023270481,259.5784182974745,265.3036804199219,288577.0,256.6112365722656,257.6218658447266,260.9051803588867,48.24524645515517,-6.816787531962689,263.7603454589844,252.95703125,251.46348571777344
2025-03-07,265.4530237113607,267.5439950437998,260.4745350085456,262.0676574707031,186171.0,259.1104400634766,257.3629852294922,260.1683639526367,45.32653793126203,-6.12421828370816,265.3036804199219,263.7603454589844,252.95703125
2025-03-10,260.8230354188262,272.8211810437934,260.17580757812607,270.2323608398437,333451.0,262.8642150878906,258.32383117675784,259.82484741210936,53.04501174318384,-4.860500019489507,262.0676574707031,265.3036804199219,263.7603454589844
2025-03-11,269.7843165483712,270.63063532380545,264.85560054905386,266.1997985839844,239262.0,265.5127685546875,259.1403045654297,259.7576370239258,49.34008118422733,-4.1367029266859845,270.2323608398437,262.0676574707031,265.3036804199219
2025-03-12,270.68046192257304,271.3276594366325,262.46595480201444,265.9508972167969,189105.0,265.95087890625,260.25548858642577,260.0364334106445,49.11207078576596,-3.5423388983484756,266.1997985839844,270.2323608398437,262.0676574707031
2025-03-13,268.83839904971273,269.4855965257237,264.40753179975,266.44873046875,137442.0,266.1798889160156,261.39556274414065,260.54921875,49.61361508258254,-2.996587347234822,265.9508972167969,266.1997985839844,270.2323608398437
2025-03-17,268.8383899505028,269.33623882078155,263.7603253964033,266.1499938964844,88753.0,266.99635620117186,263.0533981323242,260.957453918457,49.29961682556906,-2.5586859172583445,266.44873046875,265.9508972167969,266.1997985839844
2025-03-18,268.3903264959554,271.12849541188484,266.3491581858674,269.63494873046875,181587.0,266.8768737792969,264.87054443359375,261.62705993652344,53.033876572293096,-1.9084398424317328,266.1499938964844,266.44873046875,265.9508972167969
2025-03-19,270.82979820162825,277.10268210840195,268.83840262661624,275.7585144042969,603834.0,268.7886169433594,267.15069274902345,262.31409149169923,58.77905051593776,-0.8887496178897436,269.63494873046875,266.1499938964844,266.44873046875
2025-03-20,278.9945299135743,281.93182013073,275.85805759976046,278.74560546875,122052.0,271.34755859375,268.64921875,262.97125244140625,61.268005784318056,0.15856764713959137,275.7585144042969,269.63494873046875,266.1499938964844
2025-03-21,279.4923779720657,284.07256343418425,278.9447259633101,281.782470703125,435426.0,274.414306640625,270.29709777832034,263.95948181152346,63.66976283284582,1.2195653789258927,278.74560546875,275.7585144042969,269.63494873046875
2025-03-24,285.66570632002026,292.6853943754271,283.7738864873619,290.6441955566406,143476.0,279.3131469726562,273.1547515869141,265.2588684082031,69.5947249409308,2.7438514490796706,281.782470703125,278.74560546875,275.7585144042969
2025-03-25,287.7566557722981,294.02953957406623,286.4124577044093,289.8973999023437,465907.0,283.3656372070312,275.1212554931641,266.72254333496096,68.57968983094719,3.8472502672439077,290.6441955566406,281.782470703125,278.74560546875
2025-03-26,290.2459062086485,295.4235468787199,288.40385921720275,290.0965576171875,561809.0,286.2332458496094,277.51093139648435,268.325617980957,68.7107527669828,4.683780438018346,289.8973999023437,290.6441955566406,281.782470703125
2025-03-27,288.6527974264794,295.82183402123866,288.3541002293172,293.6312866210937,420329.0,289.21038208007815,280.2789703369141,270.2672294616699,71.02118738799773,5.567777837791198,290.0965576171875,289.8973999023437,290.6441955566406
2025-03-28,292.9343062197622,292.9343062197622,286.8605435354419,289.200439453125,223033.0,290.6939758300781,282.55414123535155,271.97485198974607,64.58342461392458,5.843460039737749,293.6312866210937,290.0965576171875,289.8973999023437
2025-04-01,289.29997968460555,295.67246982660674,285.76526469739224,288.0055847167969,488351.0,290.1662536621094,284.7397003173828,273.8965492248535,62.92690554888232,5.897542184350755,289.200439453125,293.6312866210937,290.0965576171875
2025-04-02,288.0553733302741,288.5532222509184,283.4751875693759,285.4665832519531,393822.0,289.28009033203125,286.32286376953124,275.5967041015625,59.438129990389825,5.6701643496372185,288.0055847167969,289.200439453125,293.6312866210937
2025-04-03,287.70687724784085,298.80890109199123,285.2674056038701,297.86297607421875,324642.0,290.8333740234375,288.53330993652344,277.8420013427734,68.5934568584155,6.416288101998134,285.4665832519531,288.0055847167969,289.200439453125
2025-04-04,299.6552745464903,299.6552745464903,290.9429185208057,292.5360107421875,343282.0,290.61431884765625,289.9123504638672,279.2807846069336,62.10621389070253,6.502794797708589,297.86297607421875,285.4665832519531,288.0055847167969
2025-04-07,279.392807852434,292.6355763950327,279.392807852434,288.10516357421875,822899.0,290.395263671875,290.54461975097655,280.4208587646484,57.25569966067765,6.1430068815445225,292.5360107421875,297.86297607421875,285.4665832519531
2025-04-08,292.73516658604024,292.73516658604024,283.62453737669125,287.5575256347656,843946.0,290.30565185546874,290.23595275878904,281.6953521728516,56.66662342300603,5.7474297682226165,288.10516357421875,292.5360107421875,297.86297607421875
2025-04-09,289.34978119609656,298.2114853685219,288.3540834152334,292.03814697265625,349569.0,291.6199645996094,290.4500274658203,282.7856414794922,60.2684111158428,5.7294353870959185,287.5575256347656,288.10516357421875,292.5360107421875
2025-04-11,292.68539058702703,303.68783950303214,292.68539058702703,302.7917175292969,369398.0,292.605712890625,291.71954345703125,284.6152374267578,67.29452479364039,6.507879202559479,292.03814697265625,287.5575256347656,288.10516357421875
2025-04-15,303.68781937203056,308.86545992239536,302.2938485734814,303.14019775390625,304148.0,294.72655029296874,292.6704345703125,286.4747024536133,67.49512798225194,7.071406207491975,302.7917175292969,292.03814697265625,287.5575256347656
2025-04-16,306.5255752971796,306.5255752971796,301.6466621307218,304.5341796875,86032.0,298.012353515625,294.20380859375,288.3789749145508,68.33189233708843,7.543530981472372,303.14019775390625,302.7917175292969,292.03814697265625
2025-04-17,303.7375993438536,308.3178152650461,300.85008182384706,307.4714660644531,201591.0,301.9951416015625,296.1503967285156,290.4450485229492,70.07970321264011,8.061776586809628,304.5341796875,303.14019775390625,302.7917175292969
2025-04-21,308.6663117808053,320.36576069507777,307.6706140008672,318.5735168457031,253681.0,307.3022155761719,299.4610900878906,292.89197692871096,75.56836487304588,9.261571051184262,307.4714660644531,304.5341796875,303.14019775390625
2025-04-22,318.4241326186873,318.4241326186873,310.807050805028,311.255126953125,302805.0,308.9948974609375,300.80030517578126,294.6668075561523,66.86128906687586,9.512232807611952,318.5735168457031,307.4714660644531,304.5341796875
2025-04-23,314.5409248377868,314.5409248377868,308.0688892222509,313.54522705078125,255885.0,311.0759033203125,302.90122680664064,296.4067886352539,68.09993580394224,9.782904757815743,311.255126953125,318.5735168457031,307.4714660644531
2025-04-24,312.89804220455966,314.39158894539287,311.653419920532,312.94781494140625,127328.0,312.7586303710938,305.3854919433594,297.96505584716795,67.39227327854691,9.83582677551459,313.54522705078125,311.255126953125,318.5735168457031
2025-04-25,311.95212224240817,313.794169330308,302.1445227920705,304.9324645996094,200793.0,312.250830078125,307.12298583984375,298.6794692993164,58.59455717473777,9.125799533904399,312.94781494140625,313.54522705078125,311.255126953125
2025-04-28,302.09469970372066,309.5624330371331,302.09469970372066,307.3221130371094,96270.0,310.00054931640625,308.65138244628906,299.5507049560547,60.260199346061825,8.656139894792034,304.9324645996094,312.94781494140625,313.54522705078125
2025-04-29,306.4259828974762,309.4628488837825,299.9539475154012,301.9453430175781,330492.0,308.1385925292969,308.5667449951172,300.14314422607424,54.90800280677512,7.760611345270831,307.3221130371094,304.9324645996094,312.94781494140625
2025-04-30,302.3436256459776,308.666312643513,302.3436256459776,305.3307189941406,347597.0,306.4956909179688,308.7857971191406,300.7281158447266,57.46937885983189,7.240604880439889,301.9453430175781,307.3221130371094,304.9324645996094
2025-05-02,303.7376106710892,307.620856514358,300.85009304339883,302.7419128417969,77565.0,304.4545104980469,308.6065704345703,301.40518951416016,54.90115621065557,6.5441639413632515,305.3307189941406,301.9453430175781,307.3221130371094
2025-05-05,303.1401976396785,309.1641569819138,303.1401976396785,307.2225341796875,300339.0,304.9125244140625,308.58167724609376,302.3660369873047,58.36882958140501,6.281370446917151,302.7419128417969,305.3307189941406,301.9453430175781
2025-05-06,305.778795954665,308.9650106359768,304.33502201141044,306.376220703125,608695.0,304.7233459472656,307.36194763183596,303.4115188598633,57.46997083360399,5.9363833526034,307.2225341796875,302.7419128417969,305.3307189941406
2025-05-07,303.7376110041357,311.85257263079467,303.7376110041357,309.91094970703125,735819.0,306.31646728515625,307.22752990722654,304.01391754150393,60.225023744131676,5.8804159103318625,306.376220703125,307.2225341796875,302.7419128417969
2025-05-08,312.6491091216776,315.9847028280991,303.0406314313417,306.52557373046875,404161.0,306.55543823242186,306.5255645751953,304.713395690918,56.45314378051968,5.499495005460801,309.91094970703125,306.376220703125,307.2225341796875
2025-05-09,298.2612609863281,301.7960063743335,295.12481902354625,298.2612609863281,168051.0,305.6593078613281,305.0569091796875,305.22120056152346,48.472138741330724,4.479118977833139,306.52557373046875,309.91094970703125,306.376220703125
2025-05-12,301.9951355059362,309.6122481090713,301.9951355059362,307.72039794921875,315950.0,305.7588806152344,305.33570251464846,306.2293441772461,56.11888322276294,4.383210007610899,298.2612609863281,306.52557373046875,309.91094970703125
2025-05-13,302.54278049985584,307.5710422003167,296.71794233317246,297.2655639648437,857021.0,303.9367492675781,304.3300476074219,306.49071502685547,47.69425340586114,3.4241126902203973,307.72039794921875,298.2612609863281,306.52557373046875
2025-05-14,298.5101727074889,298.70932441161017,292.83471377543856,294.7763061523437,334608.0,300.9098205566406,303.61314392089844,306.08994445800784,45.92641809865999,2.435088668017329,297.2655639648437,307.72039794921875,298.2612609863281
2025-05-15,294.7265475319928,299.107611755887,289.8974071455122,298.3110656738281,593763.0,299.2669189453125,302.9111785888672,305.8484878540039,48.82703900689817,1.9144371176574282,294.7763061523437,297.2655639648437,307.72039794921875
2025-05-16,298.4106317741771,300.3024514469281,294.62696204239074,299.0080261230469,201773.0,299.41627197265626,302.5377899169922,305.5721801757812,49.403354773042025,1.5403002736645703,298.3110656738281,294.7763061523437,297.2655639648437
2025-05-19,301.3479435148499,303.09041472511313,298.0621528157251,302.7917175292969,402840.0,298.4305358886719,302.09470825195314,305.33819274902345,52.52900614471142,1.5314527699104588,299.0080261230469,298.3110656738281,294.7763061523437
2025-05-20,303.2895683691644,303.8371900270612,295.9711831624076,296.71795654296875,598149.0,298.3210144042969,301.1288818359375,304.2454147338867,47.46052300598706,1.0225519658386588,302.7917175292969,299.0080261230469,298.3110656738281
2025-05-21,296.0209313544236,300.750495705811,294.3780361306722,294.8758850097656,359314.0,298.34093017578124,299.62537536621096,303.42645263671875,46.01051825860301,0.4652416185087418,296.71795654296875,302.7917175292969,299.0080261230469
2025-05-22,294.8758842390018,295.1746117974475,285.3669828276864,289.748046875,671540.0,296.6283264160156,297.94762268066404,302.23659362792966,42.14998882296471,-0.3857577540359216,294.8758850097656,296.71795654296875,302.7917175292969
2025-05-23,290.3952705786016,297.46473135929324,290.3952705786016,296.7677307128906,475618.0,296.1802673339844,297.7982696533203,301.4275894165039,48.518120886781716,-0.48812427532567426,289.748046875,294.8758850097656,296.71795654296875
2025-05-26,299.6552691748427,302.3934381624018,294.62697698409914,295.4235534667969,210406.0,294.7066345214844,296.56858520507814,300.95214385986327,47.441189936707616,-0.6699911104938678,296.7677307128906,289.748046875,294.8758850097656
2025-05-27,295.42355650486434,295.97117815349344,291.0922648936535,293.48193359375,820435.0,294.05942993164064,296.1902221679687,300.2601348876953,45.85779445306396,-0.9597312007348364,295.4235534667969,296.7677307128906,289.748046875
2025-05-28,292.8844947979226,294.3780414622529,289.39955258115185,289.9472045898437,196732.0,293.0736938476563,295.7073120117187,299.6602279663086,43.04137969823675,-1.4577711213123052,293.48193359375,295.4235534667969,296.7677307128906
2025-05-29,290.69397641897257,292.4862202523883,290.2459002674764,291.9385986328125,282894.0,293.5118041992188,295.0700653076172,298.99062194824216,45.087542073352,-1.6725029175243549,289.9472045898437,293.48193359375,295.4235534667969
2025-05-30,291.4905156544441,293.3325625650424,287.3583760785295,288.6527709960937,304183.0,291.88881225585936,294.0345397949219,298.28616485595705,42.38211684262902,-2.083797521844417,291.9385986328125,289.9472045898437,293.48193359375
2025-06-02,288.7523476662489,292.28706252627046,287.1592251880749,291.73944091796875,232903.0,291.15198974609376,292.92931213378904,297.5120101928711,45.679524438304064,-2.1360598246596396,288.6527709960937,291.9385986328125,289.9472045898437
2025-06-03,292.486225535119,293.7806205063774,286.4622660658459,287.0098876953125,418461.0,289.8575805664062,291.95850524902346,296.54369354248047,41.73802191726129,-2.5299498081636784,291.73944091796875,288.6527709960937,291.9385986328125
2025-06-04,288.25452040294624,288.4536721225059,285.9644275594408,287.3583984375,136811.0,289.3398193359375,291.2067565917969,295.4160659790039,42.13424755656596,-2.7819203080204034,287.0098876953125,291.73944091796875,288.6527709960937
2025-06-05,288.8021270214068,293.97976759762304,288.8021270214068,292.98406982421875,424191.0,289.5489135742188,291.5303588867188,294.7389907836914,48.25202386074253,-2.4988587906426005,287.3583984375,287.0098876953125,291.73944091796875
2025-06-06,292.934314128239,295.27417972280693,291.739464576143,294.57720947265625,370936.0,290.7338012695312,291.3113067626953,294.55478820800784,49.868419082991664,-2.121521860164762,292.98406982421875,287.3583984375,287.0098876953125
2025-06-09,296.1205176027486,299.90418744845385,294.77631950475177,299.3067626953125,629877.0,292.247265625,291.6996276855469,294.1341064453125,54.42016386227948,-1.4244243286649407,294.57720947265625,292.98406982421875,287.3583984375
2025-06-10,299.30674851142555,300.3024462573809,296.96685273117384,299.8543701171875,486382.0,294.816162109375,292.3368713378906,294.2635467529297,54.930414967025264,-0.8183487551902999,299.3067626953125,294.57720947265625,292.98406982421875
2025-06-11,300.4020357554621,300.4518084905074,292.7351506088125,294.1789245605469,313373.0,296.1802673339844,292.7600433349609,294.23367767333986,48.82932742946728,-0.7869194043631182,299.8543701171875,299.3067626953125,294.57720947265625
2025-06-12,294.129137492526,294.5274105534809,287.1094798360489,287.5575256347656,186679.0,295.09495849609374,292.3219360351562,293.69600067138674,42.849669647415176,-1.281530289909881,294.1789245605469,299.8543701171875,299.3067626953125
2025-06-13,282.47949054215263,285.2176596135873,280.93614065193566,284.47088623046875,179927.0,293.0736938476563,291.90374755859375,292.9691436767578,40.36794790455344,-1.9006692519783996,287.5575256347656,294.1789245605469,299.8543701171875
2025-06-16,285.9146258621351,289.20044693353776,285.566125544311,287.4081726074219,396087.0,290.6939758300781,291.4706207275391,292.19996643066406,43.70904649444244,-2.129776143734034,284.47088623046875,287.5575256347656,294.1789245605469
2025-06-17,287.40817117424683,289.0510665086126,286.0639730329344,287.3583984375,331153.0,288.1947814941406,291.50547180175784,291.73198852539065,43.66440081264625,-2.2889754811006924,287.4081726074219,284.47088623046875,287.5575256347656
2025-06-18,286.51204557793994,287.00989448424394,284.271725499572,286.2133483886719,616296.0,286.60166625976564,291.390966796875,291.2988616943359,42.58672654512471,-2.4789621398431905,287.3583984375,287.4081726074219,284.47088623046875
2025-06-19,285.7652684363807,286.3626931932957,284.2219490017785,285.0682678222656,377297.0,286.10381469726565,290.59938659667966,291.0648727416992,41.48407651757487,-2.6909072636443057,286.2133483886719,287.3583984375,287.4081726074219
2025-06-20,285.0184840364749,293.0836419764232,283.9232104223093,291.8390197753906,160471.0,287.57744140625,290.3255676269531,290.81843719482424,49.766254145173384,-2.2861785608044443,285.0682678222656,286.2133483886719,287.3583984375
2025-06-23,289.0012831732816,291.9883765394137,286.810735883604,289.0510559082031,147818.0,287.90601806640626,289.2999969482422,290.4998123168945,46.82722546448788,-2.165431782334622,291.8390197753906,285.0682678222656,286.2133483886719
2025-06-24,291.9385947746938,293.43214141156375,284.2219371508657,284.66998291015625,438260.0,287.3683349609375,287.78155822753905,290.05921478271483,42.572459788413965,-2.3956396248895544,289.0510559082031,291.8390197753906,285.0682678222656
2025-06-25,287.5077410310686,289.94721280645246,285.7652698733045,289.200439453125,253916.0,287.96575317382815,287.28370971679686,290.0218765258789,47.8494057296275,-2.1872972174818983,284.66998291015625,289.0510559082031,291.8390197753906
2025-06-26,289.250208313159,292.78492331703296,288.55320770487833,292.1377258300781,133402.0,289.3796447753906,287.7417297363281,290.0318328857422,50.99356506259802,-1.7648260794143198,289.200439453125,284.66998291015625,289.0510559082031
2025-06-27,292.7849246758321,299.20718761271564,292.7849246758321,298.3110656738281,221981.0,290.67405395507814,289.12574768066406,290.5147476196289,56.877976063751696,-0.9212580369321586,292.1377258300781,289.200439453125,284.66998291015625
2025-06-30,299.1076176375283,299.70504240396275,294.9257050450584,298.5101928710937,153964.0,292.5658813476562,290.2359497070312,290.85328521728513,57.05709289967698,-0.23395944618067688,298.3110656738281,292.1377258300781,289.200439453125
2025-07-01,298.70934172152363,300.2028884301313,295.72224830430844,296.36944580078125,645474.0,294.90577392578126,291.1370544433594,291.3212631225586,54.4391045689157,0.1364167141401822,298.5101928710937,298.3110656738281,292.1377258300781
2025-07-02,295.77202945434186,297.3651520661023,292.2373142979275,293.5815124511719,147918.0,295.7819885253906,291.8738708496094,291.6324188232422,51.14766710498903,0.20264361853509172,296.36944580078125,298.5101928710937,298.3110656738281
2025-07-03,296.7179508813522,297.6638759665287,291.8888103686099,292.4364624023437,289692.0,295.84173583984375,292.6106903076172,291.60503845214845,49.81547852211545,0.16087844151877562,293.5815124511719,296.36944580078125,298.5101928710937
2025-07-04,292.88448953027694,293.8801872885892,290.6441695740745,292.834716796875,573678.0,294.7464660644531,292.71026000976565,291.5179138183594,50.30033602488963,0.15809264551114666,292.4364624023437,293.5815124511719,296.36944580078125
2025-07-07,293.18324299277486,295.12483556125613,292.1377420224048,294.7265625,393764.0,293.9897399902344,293.27781066894534,291.2889038085938,52.64109041691004,0.3050248825577455,292.834716796875,292.4364624023437,293.5815124511719
2025-07-08,292.78493354550915,297.11622516534453,291.9883874393196,296.568603515625,540430.0,294.0295715332031,294.46767272949216,291.12461547851564,54.869870610908784,0.5636101078998763,294.7265625,292.834716796875,292.4364624023437
2025-07-09,297.46471647021235,298.75911145012924,295.1746236945792,298.3110656738281,509172.0,294.97548217773436,295.3787353515625,291.3312225341797,56.9345076053905,0.8987822929914842,296.568603515625,294.7265625,292.834716796875
2025-07-10,299.655250257427,301.397721321325,296.7677024710832,297.86297607421875,122954.0,296.0607849121094,295.9512603759766,291.8464950561523,56.22219421364877,1.11539401076692,298.3110656738281,296.568603515625,294.7265625
2025-07-11,297.564293101921,299.60546143394043,295.67247336239086,297.3153686523437,69745.0,296.9569152832031,295.8516906738281,292.4887191772461,55.31144317422374,1.2287092202617487,297.86297607421875,298.3110656738281,296.568603515625
2025-07-14,298.0123269655608,299.2071764302786,296.1205073016611,296.9170837402344,1870986.0,297.39501953125,295.6923797607422,292.9641647338867,54.61843186160266,1.2717145427430978,297.3153686523437,297.86297607421875,298.3110656738281
2025-07-15,297.8629842711497,298.4604090153264,295.5728915358045,297.1162109375,517757.0,297.504541015625,295.7670562744141,293.4520553588867,54.9225247941522,1.3068004887113034,296.9170837402344,297.3153686523437,297.86297607421875
2025-07-16,297.1660305376297,297.4149549959838,294.37805837229206,295.6226806640625,156077.0,296.96686401367185,295.97117309570314,293.9225219726562,52.102496328348586,1.200255148341455,297.1162109375,296.9170837402344,297.3153686523437
2025-07-17,296.2200979936788,296.9668713499654,294.6269754230103,295.3737487792969,368355.0,296.4690185546875,296.26490173339846,294.4377960205078,51.626691903219346,1.0832435188015097,295.6226806640625,297.1162109375,296.9170837402344
2025-07-18,294.7763076153358,300.25264525672804,292.2870632328848,292.784912109375,226533.0,295.56292724609375,296.2599212646484,294.485090637207,46.836397192518234,0.7727061998371028,295.3737487792969,295.6226806640625,297.1162109375
2025-07-21,292.78493731035127,295.92140981123333,290.8433447566905,295.6724853515625,79392.0,295.3140075683594,296.35451354980466,294.816162109375,52.16757729484276,0.7509496849273773,292.784912109375,295.3737487792969,295.6226806640625
2025-07-22,295.7222542863697,297.7136499381298,293.3823583182944,296.568603515625,1272256.0,295.20448608398436,296.35451354980466,295.4110931396484,53.71864919820584,0.796831360864303,295.6724853515625,292.784912109375,295.3737487792969
2025-07-23,296.5685841437202,298.3110552251917,295.7720077032769,297.9625549316406,167480.0,295.6724609375,296.3196624755859,295.84919891357424,56.10321497569555,0.9348962471539153,296.568603515625,295.6724853515625,292.784912109375
2025-07-24,298.06213078498155,299.9539504533224,295.2741588228565,297.9625549316406,495623.0,296.1902221679687,296.3296203613281,296.1404403686523,56.10321497569555,1.032412653823485,297.9625549316406,296.568603515625,295.6724853515625
2025-07-25,295.7222576064387,296.4690309842327,289.74807058408635,290.54461669921875,421723.0,295.7421630859375,295.6525451660156,295.7521179199219,42.56737781851391,0.5053046501511744,297.9625549316406,297.9625549316406,296.568603515625
2025-07-28,290.2956663182759,293.92998740804614,289.5488930071643,290.6939697265625,986305.0,294.7464599609375,295.0302337646484,295.36130676269534,42.866263766997136,0.09848403805756334,290.54461669921875,297.9625549316406,297.9625549316406
2025-07-29,288.9017006481346,292.784915857209,288.5532003528736,291.8887939453125,528349.0,293.810498046875,294.5074920654297,295.13727416992185,45.317957685967485,-0.12605877206488003,290.6939697265625,290.54461669921875,297.9625549316406
2025-07-30,292.38664439324265,295.2243891180082,285.31718414149043,287.8562316894531,236327.0,291.7892333984375,293.73084716796876,294.85101013183595,39.203472361207275,-0.6222319369067009,291.8887939453125,290.6939697265625,290.54461669921875
2025-07-31,284.0227833718802,293.08363898001903,283.97301063886147,289.6982727050781,277883.0,290.136376953125,293.1632995605469,294.71410064697267,42.98756750271174,-0.8569371908849917,287.8562316894531,291.8887939453125,290.6939697265625
2025-08-01,289.797825614383,291.3909481335923,285.16783703221586,289.9472045898437,205886.0,290.01689453125,292.87952880859376,294.5697250366211,43.499370088655574,-1.0111995934692004,289.6982727050781,287.8562316894531,291.8887939453125
2025-08-04,289.6484732466601,290.0965493946278,284.7197875504369,286.7609558105469,126153.0,289.23029174804685,291.9883758544922,294.17144470214845,38.709396257861805,-1.3747104998996065,289.9472045898437,289.6982727050781,287.8562316894531
2025-08-05,285.4665609202034,287.2588047398028,283.9730142751091,284.71978759765625,566805.0,287.79649047851564,290.8034942626953,293.57900390625,35.976326091675986,-1.8066745091010716,286.7609558105469,289.9472045898437,289.6982727050781
2025-08-06,286.56180028110003,287.0098764230911,282.6785851335518,283.57470703125,130202.0,286.940185546875,289.3647094726563,292.8421859741211,34.50451444547788,-2.2158644246377435,284.71978759765625,286.7609558105469,289.9472045898437
2025-08-07,283.7241112876616,285.0682790608564,282.3799131281802,284.42108154296875,694253.0,285.88474731445314,288.01056213378905,292.1700912475586,36.570088385548175,-2.4436857430021632,283.57470703125,284.71978759765625,286.7609558105469
2025-08-08,284.37128647553425,284.96871120909003,282.2803151012313,283.6742858886719,807229.0,284.6301635742187,287.3235290527344,291.488037109375,35.50605396408878,-2.6539034008327462,284.42108154296875,283.57470703125,284.71978759765625
2025-08-11,282.97731568809365,285.21763564921457,282.03139066110674,283.6742858886719,123070.0,284.01282958984376,286.62156066894534,290.8258972167969,35.50605396408879,-2.7883599316021446,283.6742858886719,284.42108154296875,283.57470703125
2025-08-12,283.6245362443101,286.2631294471745,282.9275356007067,283.4253845214844,151852.0,283.7539489746094,285.7752197265625,290.14135589599607,35.111169695852396,-2.8817825655521006,283.6742858886719,283.6742858886719,284.42108154296875
2025-08-13,286.26312033626994,288.2047432200216,284.8691494797157,287.20904541015625,198539.0,284.48081665039064,285.7105010986328,289.7206741333008,45.105736848613,-2.6203056116808625,283.4253845214844,283.6742858886719,283.6742858886719
2025-08-14,287.4579757307032,288.7523707554372,285.8150500018588,287.4081726074219,125025.0,285.07823486328124,285.4814910888672,289.32239532470703,45.58079773481563,-2.3696989271089137,287.20904541015625,283.4253845214844,283.6742858886719
2025-08-18,288.70259341341205,289.9969884174994,287.1592435694616,289.29998779296875,78130.0,286.2033752441406,285.41676940917966,289.14814910888674,50.0073096079016,-1.9954355106957564,287.4081726074219,287.20904541015625,283.4253845214844
2025-08-19,289.3500061035156,290.1000061035156,286.6000061035156,288.0,243190.0,287.0685180664062,285.540673828125,288.76452484130857,47.16806522587564,-1.7831719113986537,289.29998779296875,287.4081726074219,287.20904541015625
2025-08-20,288.0,289.0,287.04998779296875,288.3500061035156,102866.0,288.0534423828125,285.90369567871096,288.3535949707031,48.0237140443369,-1.5686267594022638,288.0,289.29998779296875,287.4081726074219
2025-08-21,288.29998779296875,289.29998779296875,283.70001220703125,284.0,163301.0,287.41163330078126,285.94622497558595,287.6554672241211,39.468213224135035,-1.7296687738233345,288.3500061035156,288.0,289.29998779296875
2025-08-22,284.5,284.75,281.79998779296875,283.3500061035156,167892.0,286.6,285.8391174316406,286.92483978271486,38.36828049498848,-1.8879813321483425,284.0,288.3500061035156,288.0
2025-08-25,283.0,284.6000061035156,282.1000061035156,284.1499938964844,262778.0,285.57000122070315,285.8866882324219,286.6051086425781,40.56375690166416,-1.926683241002081,283.3500061035156,284.0,288.3500061035156
2025-08-26,283.0,283.25,278.79998779296875,279.79998779296875,1781174.0,283.92999877929685,285.49925842285154,286.06040954589844,33.562580449348516,-2.282057779091076,284.1499938964844,283.3500061035156,284.0
2025-08-28,282.6499938964844,282.6499938964844,273.79998779296875,274.5,111958.0,281.1599975585938,284.6067199707031,285.1909698486328,27.365281360156004,-2.957269816302528,279.79998779296875,284.1499938964844,283.3500061035156
2025-08-29,273.95001220703125,276.1000061035156,272.20001220703125,275.3500061035156,163503.0,279.42999877929685,283.4208160400391,284.56565856933594,29.61014036795588,-3.384774260944937,274.5,279.79998779296875,284.1499938964844
2025-09-01,275.70001220703125,280.6000061035156,275.70001220703125,279.8500061035156,838139.0,278.72999877929686,282.6649993896484,284.0732452392578,40.15514516861929,-3.3221663556255976,275.3500061035156,274.5,279.79998779296875
2025-09-02,280.29998779296875,288.0,279.79998779296875,286.6499938964844,486870.0,279.22999877929686,282.4,283.9083847045898,51.885105060636235,-2.692805963635692,279.8500061035156,275.3500061035156,274.5
2025-09-03,287.04998779296875,289.3500061035156,285.6499938964844,286.0,1115177.0,280.4700012207031,282.2,283.8703369140625,50.858926985563116,-2.2208814549456406,286.6499938964844,279.8500061035156,275.3500061035156
2025-09-04,287.3999938964844,287.6499938964844,281.04998779296875,282.0,2852382.0,281.9700012207031,281.56499938964845,283.7343475341797,44.965176695455,-2.144919159476842,286.0,286.6499938964844,279.8500061035156
2025-09-05,282.3500061035156,286.6000061035156,282.3500061035156,285.3999938964844,131338.0,283.97999877929686,281.7049987792969,283.8256118774414,50.24329346189463,-1.7897364329999732,282.0,286.0,286.6499938964844
2025-09-08,285.54998779296875,287.70001220703125,282.1499938964844,282.79998779296875,148294.0,284.5699951171875,281.6499969482422,283.7445571899414,46.56550576931561,-1.6984714056075632,285.3999938964844,282.0,286.0
2025-09-09,283.3500061035156,284.25,281.75,283.8500061035156,80324.0,284.00999755859374,281.6199981689453,283.7533432006836,48.214149652848874,-1.5238495228422835,282.79998779296875,285.3999938964844,282.0
2025-09-10,284.54998779296875,286.3999938964844,282.5,282.8999938964844,105141.0,283.38999633789064,281.92999877929685,283.7146286010742,46.80702306227501,-1.4454561494662812,283.8500061035156,282.79998779296875,285.3999938964844
2025-09-11,282.8999938964844,288.75,282.79998779296875,286.79998779296875,120179.0,284.34999389648436,283.1599975585938,283.88335876464845,52.885969815059774,-1.0564537808684804,282.8999938964844,283.8500061035156,282.79998779296875
2025-09-12,286.8999938964844,288.5,285.04998779296875,287.45001220703125,1634052.0,284.75999755859374,284.3699981689453,283.89540710449216,53.83298354758033,-0.6877866866188924,286.79998779296875,282.8999938964844,283.8500061035156
2025-09-15,288.0,288.8999938964844,285.8500061035156,286.3999938964844,156089.0,285.47999877929686,285.0249969482422,283.8449981689453,52.01420479704398,-0.4748690656223289,287.45001220703125,286.79998779296875,282.8999938964844
2025-09-16,286.25,289.95001220703125,286.25,288.3500061035156,292082.0,286.3799987792969,285.1949981689453,283.79749908447263,55.05140017395212,-0.1470851230769199,286.3999938964844,287.45001220703125,286.79998779296875
2025-09-17,288.6499938964844,289.3500061035156,286.04998779296875,287.1499938964844,148177.0,287.22999877929686,285.30999755859375,283.7549987792969,52.835163648611854,0.01567437235161151,288.3500061035156,286.3999938964844,287.45001220703125
2025-09-18,287.0,289.75,286.1000061035156,289.1000061035156,1301690.0,287.69000244140625,286.01999816894534,283.79249877929686,55.93926455301631,0.2985703995605036,287.1499938964844,288.3500061035156,286.3999938964844
2025-09-19,289.1499938964844,290.29998779296875,285.0,286.29998779296875,294602.0,287.4599975585937,286.10999755859376,283.9074981689453,50.77211557557011,0.29344679041196287,289.1000061035156,287.1499938964844,288.3500061035156
2025-09-22,286.3999938964844,288.25,285.8500061035156,286.5,167797.0,287.47999877929686,286.47999877929686,284.0649978637695,51.11945222380431,0.30204383348717556,286.29998779296875,289.1000061035156,287.1499938964844
2025-09-23,288.0,289.0,285.45001220703125,288.6000061035156,93704.0,287.5299987792969,286.9549987792969,284.2874984741211,54.730966973084,0.47285916798909966,286.5,286.29998779296875,289.1000061035156
2025-09-24,288.29998779296875,294.5,287.0,293.29998779296875,540216.0,288.75999755859374,287.9949981689453,284.9624984741211,61.573868438443256,0.9762274518088816,288.6000061035156,286.5,286.29998779296875
2025-09-25,293.20001220703125,294.3500061035156,283.54998779296875,284.3500061035156,362669.0,287.80999755859375,287.75,285.4549987792969,47.003259341970455,0.6455205598958855,293.29998779296875,288.6000061035156,286.5
2025-09-26,283.70001220703125,284.0,280.20001220703125,282.1000061035156,1376566.0,286.9700012207031,287.2149993896484,285.79249877929686,44.17326343421161,0.19957617950933582,284.3500061035156,293.29998779296875,288.6000061035156
2025-09-29,283.0,286.0,280.0,280.6000061035156,100943.0,285.7900024414063,286.63500061035154,285.8299987792969,42.34292211715119,-0.2717429353747889,282.1000061035156,284.3500061035156,293.29998779296875
