Date,Open,High,Low,Close,Volume,Stock
,CONCOR.NS,CONCOR.NS,CONCOR.NS,CONCOR.NS,CONCOR.NS,
2020-01-01,551.9114387095833,554.4122926356437,549.2182610796384,551.1419677734375,615465,CONCOR.NS
2020-01-02,553.9794472099276,553.9794472099276,546.765547103991,550.1801147460938,835523,CONCOR.NS
2020-01-03,552.1518728275104,553.6908733252303,545.034193661229,547.9678344726562,1086282,CONCOR.NS
2020-01-06,544.4570792147946,546.3327049962083,537.6760248114093,540.7539672851562,944473,CONCOR.NS
2020-01-07,543.4952728743422,546.0442079653243,533.5881942139087,535.1271362304688,532397,CONCOR.NS
2020-01-08,530.9430682231432,535.3675703089208,523.1039396570276,531.7606201171875,937862,CONCOR.NS
2020-01-09,536.7141868659565,542.3891452994384,534.550016757626,540.0325927734375,529238,CONCOR.NS
2020-01-10,542.2928925303077,543.6875915919968,539.3111707075525,542.0524291992188,627150,CONCOR.NS
2020-01-13,542.0523838016485,545.7555540143932,538.1568899056346,540.369140625,562622,CONCOR.NS
2020-01-14,540.3692462845138,549.025927171365,540.3211653542951,545.3228149414062,581279,CONCOR.NS
2020-01-15,544.8899562707354,544.8899562707354,534.7904954748965,535.8485107421875,789912,CONCOR.NS
2020-01-16,542.38908390006,543.4470990171704,532.9628748631199,536.76220703125,1061246,CONCOR.NS
2020-01-17,536.6180126364577,539.1668888144818,531.2796795268443,533.2515258789062,472663,CONCOR.NS
2020-01-20,532.8668691386116,535.1272015087031,528.2019028825156,529.9332275390625,393683,CONCOR.NS
2020-01-21,529.5001976961455,533.1071472717323,529.0192710860672,530.5101318359375,327726,CONCOR.NS
2020-01-22,529.9813537205326,531.856980053117,525.4606298875282,529.3080444335938,628321,CONCOR.NS
2020-01-23,528.105484761774,534.165148146474,526.4222416711984,531.8086547851562,1063748,CONCOR.NS
2020-01-24,531.8087267038944,541.523421800517,531.4239618912711,539.9363403320312,1002863,CONCOR.NS
2020-01-27,537.6759624142476,552.5846876690255,535.75225592976,548.44873046875,1280402,CONCOR.NS
2020-01-28,552.9213580425436,557.7787642786349,547.2945395979655,549.9396362304688,1132177,CONCOR.NS
2020-01-29,553.065809510512,559.7026227073917,548.6893874548925,557.5384521484375,902503,CONCOR.NS
2020-01-30,557.8749407949382,562.3475823375074,546.8136273136593,550.9495849609375,1345292,CONCOR.NS
2020-01-31,550.9495872996314,556.7687883274581,541.619598060531,545.370849609375,692547,CONCOR.NS
2020-02-03,519.4968428606281,531.8566905870783,519.4968428606281,524.354248046875,856408,CONCOR.NS
2020-02-04,527.0955614340131,546.332625719926,526.9993995953281,544.7455444335938,779973,CONCOR.NS
2020-02-05,544.890059872973,577.1121552052671,530.9431827888457,571.8219604492188,2991672,CONCOR.NS
2020-02-06,576.5829336335918,579.2280300306285,560.0871271656912,562.4917602539062,1073812,CONCOR.NS
2020-02-07,560.760562864671,565.9064553533203,551.1420283386904,553.2581176757812,782279,CONCOR.NS
2020-02-10,547.8235778049121,553.9313819582226,541.4272880874444,550.6129760742188,739211,CONCOR.NS
2020-02-11,553.9794773943642,559.702516864943,549.1221294664139,552.7771606445312,836442,CONCOR.NS
2020-02-12,552.4886483656247,554.7970614348817,547.4869986552542,549.4107055664062,526605,CONCOR.NS
2020-02-13,549.122039920397,551.0938273272066,542.9661556823514,544.408935546875,446752,CONCOR.NS
2020-02-14,543.4472071513765,545.3228331475219,536.7623138353072,538.830322265625,684950,CONCOR.NS
2020-02-17,540.273089429994,540.7540161503862,527.9132374917889,530.31787109375,551122,CONCOR.NS
2020-02-18,530.8955668640488,532.0510600881458,511.9745930564128,515.6336059570312,799197,CONCOR.NS
2020-02-19,517.1742795470575,540.6690954488957,515.585527619013,533.83251953125,1032847,CONCOR.NS
2020-02-20,530.9437507241739,539.2246776221843,527.6698631017089,529.643798828125,539812,CONCOR.NS
2020-02-24,528.6328231922902,543.0282096399443,521.1703379832915,527.669921875,777678,CONCOR.NS
2020-02-25,527.8624553135373,530.510433642228,520.351837626325,521.8924560546875,601461,CONCOR.NS
2020-02-26,515.5373275506254,522.0850439763027,491.22404279153335,496.6644287109375,1684463,CONCOR.NS
2020-02-27,492.1388163244929,502.00852438201855,483.9059933140133,493.96832275390625,1504002,CONCOR.NS
2020-02-28,487.32438768279843,510.578449817191,473.94006455948795,490.74267578125,2747757,CONCOR.NS
2020-03-02,494.9312315292994,504.126926508801,472.78450327020624,477.7434387207031,729206,CONCOR.NS
2020-03-03,480.6321637466709,491.41666974061656,467.00711663331793,471.3883056640625,1337625,CONCOR.NS
2020-03-04,474.3251761784816,482.7986956842675,451.45627078940686,461.18157958984375,2246982,CONCOR.NS
2020-03-05,463.5406589550593,464.5998562141849,444.8603804579345,448.8564147949219,2296805,CONCOR.NS
2020-03-06,433.4980896515602,437.0608061123187,423.6764866167356,427.8651123046875,1328003,CONCOR.NS
2020-03-09,410.3884849229782,417.8509688907358,397.0522980196452,401.7705078125,1748115,CONCOR.NS
2020-03-11,399.50772246674563,401.5298209674053,376.5425217933256,380.00897216796875,2468237,CONCOR.NS
2020-03-12,363.9285831079817,371.102180654892,337.9783795348298,362.1953430175781,2759835,CONCOR.NS
2020-03-13,329.312209033627,387.2307100962307,289.78512669179673,374.18341064453125,1918709,CONCOR.NS
2020-03-16,363.97667454295663,372.8835111554496,338.94124190243576,341.6855163574219,1911154,CONCOR.NS
2020-03-17,343.75575695835613,354.2513750332229,325.4606326384436,328.78265380859375,1059684,CONCOR.NS
2020-03-18,328.3493437442185,332.2009489494293,280.63759601883635,287.3297424316406,2805857,CONCOR.NS
2020-03-19,279.2413889244993,293.2034583707242,260.17595412451055,275.2934875488281,1787595,CONCOR.NS
2020-03-20,277.7488465049238,339.27822367715186,277.7488465049238,319.5868835449219,3786936,CONCOR.NS
2020-03-23,290.7961849099015,298.93271243389745,273.9454126055198,288.0519104003906,1900207,CONCOR.NS
2020-03-24,294.74405673017077,315.8315866704116,260.94621947463884,268.9864501953125,2463399,CONCOR.NS
2020-03-25,259.9833456022972,277.2192726373665,253.62819127715804,275.1971740722656,2323539,CONCOR.NS
2020-03-26,273.46394882870203,302.6880069837816,264.79783777427133,294.3589172363281,2537652,CONCOR.NS
2020-03-27,313.2799456680358,338.5079422446331,294.6477995267604,297.7290954589844,2980083,CONCOR.NS
2020-03-30,293.8774754680883,302.7361494035765,281.45602574118016,292.96270751953125,1414245,CONCOR.NS
2020-03-31,297.6327516852975,322.234864342003,297.6327516852975,319.3461608886719,2472904,CONCOR.NS
2020-04-01,321.60903224194146,325.1717787844166,299.7511611108529,305.7211608886719,1305776,CONCOR.NS
2020-04-03,309.0913651189193,317.7574781596367,290.796237588516,293.2034912109375,1536089,CONCOR.NS
2020-04-07,303.3138820860896,322.52377303904046,300.8103330552806,316.9870910644531,1479799,CONCOR.NS
2020-04-08,317.516681205378,340.8189027705219,315.92790004989405,321.3682861328125,1536264,CONCOR.NS
2020-04-09,323.53481181112227,370.4281132533878,323.53481181112227,360.36578369140625,4174364,CONCOR.NS
2020-04-13,365.9024794932581,384.0050114613903,362.05087444596063,368.0208740234375,2845404,CONCOR.NS
2020-04-15,368.309735684586,384.00501462756716,366.5283624584403,369.3207702636719,1724865,CONCOR.NS
2020-04-16,370.7170002613795,371.67990156075973,353.095918236888,357.2845153808594,1818967,CONCOR.NS
2020-04-17,373.75011968708543,380.24970321808667,356.41789693774876,362.91748046875,2008707,CONCOR.NS
2020-04-20,365.90247066298883,369.3207583058065,354.9254024201819,356.56231689453125,1953729,CONCOR.NS
2020-04-21,353.6736069655966,360.07692359803946,347.7517703294026,352.1811218261719,1414222,CONCOR.NS
2020-04-22,349.5331303651067,357.0919105489827,345.20007503000204,353.3847351074219,808825,CONCOR.NS
2020-04-23,353.3847505864138,359.7399045666854,349.43684967553196,354.1550598144531,547744,CONCOR.NS
2020-04-24,354.34768758147567,362.62864485312605,346.1630263194035,347.70367431640625,934149,CONCOR.NS
2020-04-27,348.57029345708935,363.9767152673474,340.9152158659503,345.3927307128906,752243,CONCOR.NS
2020-04-28,344.81493897677836,354.2995220418868,339.3745528627601,343.9483337402344,1231881,CONCOR.NS
2020-04-29,346.64442437354984,356.3697321566679,343.99644613180743,352.51812744140625,1320934,CONCOR.NS
2020-04-30,357.23636083861214,367.7319785009926,355.406854355605,359.2102966308594,1463249,CONCOR.NS
2020-05-04,355.3105394580846,357.2363418399712,329.60106590573304,335.4266357421875,989252,CONCOR.NS
2020-05-05,339.4227232251848,354.20326470937914,320.9350056953484,323.53485107421875,1824014,CONCOR.NS
2020-05-06,326.4235488889935,340.8670687513383,313.7614023534211,338.41168212890625,1552800,CONCOR.NS
2020-05-07,338.41169378392385,353.24036880955276,332.44169361437923,346.0667419433594,1208478,CONCOR.NS
2020-05-08,344.6705171635394,352.95144447660925,343.1298692731726,345.4408264160156,786847,CONCOR.NS
2020-05-11,345.6815533685067,355.64758731624147,343.46689221808316,351.41082763671875,1107637,CONCOR.NS
2020-05-12,353.28842092697175,361.08792600577874,346.0666624068562,348.85906982421875,1266333,CONCOR.NS
2020-05-13,360.1250602209779,369.75407252635165,351.45894914614155,366.3357849121094,1959743,CONCOR.NS
2020-05-14,368.5023032698029,380.24968035109976,360.462072323069,364.40997314453125,2553969,CONCOR.NS
2020-05-15,364.8914368068746,371.53544948860883,357.4289521937106,364.3136901855469,1983342,CONCOR.NS
2020-05-18,366.7691240864106,367.443166796142,330.70848559497057,336.5340270996094,1826005,CONCOR.NS
2020-05-19,341.82993564277393,351.26635591480346,334.9933310528358,337.5450134277344,2538310,CONCOR.NS
2020-05-20,332.77867435534364,341.2521935115042,328.4456187761996,337.73760986328125,1422453,CONCOR.NS
2020-05-21,341.8299672342939,348.5702764473645,337.30431929420865,345.7297058105469,1830218,CONCOR.NS
2020-05-22,344.42976775459,351.45893469431127,332.489769478563,335.4266357421875,1839833,CONCOR.NS
2020-05-26,337.4969167862489,342.6002820904763,329.84183944449114,338.17095947265625,755150,CONCOR.NS
2020-05-27,341.82995873611986,342.3114093822271,326.7123966941873,337.1598815917969,1211102,CONCOR.NS
2020-05-28,338.45984922849493,346.5963779840305,334.31938487545773,338.6042785644531,1313121,CONCOR.NS
2020-05-29,338.9412304158253,372.45018121413364,333.3082523855251,362.14715576171875,5144624,CONCOR.NS
2020-06-01,365.9024478982372,397.6781867946631,365.9024478982372,379.7682189941406,5182486,CONCOR.NS
2020-06-02,381.4052052993885,386.1234157241719,371.87248844412915,377.02398681640625,3089307,CONCOR.NS
2020-06-03,379.3831045912227,390.16761068909864,372.0169156710396,375.050048828125,2598118,CONCOR.NS
2020-06-04,376.49437257882994,382.07918783478556,371.3428452355153,375.9166259765625,2283389,CONCOR.NS
2020-06-05,378.9016847734343,394.6932611842398,378.08321274118583,387.6640930175781,3315528,CONCOR.NS
2020-06-08,393.8266567400804,404.3704383996359,386.41230450449865,396.28204345703125,2611698,CONCOR.NS
2020-06-09,411.15881882719265,418.81389524102104,396.2819833004744,404.0333557128906,8761201,CONCOR.NS
2020-06-10,405.3814269440937,406.9220748238144,392.71928136199637,394.837646484375,1775388,CONCOR.NS
2020-06-11,394.7894690168307,394.7894690168307,373.84636913605976,375.4351501464844,2555278,CONCOR.NS
2020-06-12,356.27347448071384,382.7532597461723,351.5552640741334,379.9126892089844,2082575,CONCOR.NS
2020-06-15,376.87954232125117,383.90873905788493,367.82827647359113,369.6096496582031,2062849,CONCOR.NS
2020-06-16,372.59468129929144,378.61281461020246,358.9214706627349,364.50628662109375,3319565,CONCOR.NS
2020-06-17,363.49519588237314,377.12024171849754,360.17317505325684,370.2355041503906,1534928,CONCOR.NS
2020-06-18,370.71696839826683,388.1454862961511,368.83929927169476,385.6419372558594,2314004,CONCOR.NS
2020-06-19,387.0863136062669,396.6671930728268,384.534631097637,393.874755859375,2254559,CONCOR.NS
2020-06-22,394.7895475534292,402.49275823739856,391.08237153468565,400.56695556640625,1198721,CONCOR.NS
2020-06-23,406.3443351555549,410.9662494884665,399.8447515956023,405.8628845214844,1561486,CONCOR.NS
2020-06-24,407.64423633808906,412.7476010370792,399.7484345997966,402.2519836425781,2099508,CONCOR.NS
2020-06-25,401.4817425483217,413.8068684705309,395.31915020179895,410.3885803222656,2307219,CONCOR.NS
2020-06-26,413.0846891660062,422.71370289947953,407.3072809259222,417.70660400390625,2228557,CONCOR.NS
2020-06-29,418.9583938042293,418.9583938042293,395.1265847920554,402.44464111328125,3284690,CONCOR.NS
2020-06-30,406.2480283096157,409.23302803827175,400.5669168562848,402.39642333984375,2304139,CONCOR.NS
2020-07-01,404.3222355111964,404.3222355111964,387.3751673611111,397.67822265625,1327093,CONCOR.NS
2020-07-02,404.322202748863,408.99227938525917,395.8005213625174,406.7776184082031,1156613,CONCOR.NS
2020-07-03,408.6071369607771,415.87702938873014,407.4035104405588,413.9993896484375,923889,CONCOR.NS
2020-07-06,415.39564734478057,431.5724080778564,412.21808456108926,415.491943359375,2893276,CONCOR.NS
2020-07-07,415.49192891675375,416.69555559380115,408.2701688544695,414.0475769042969,1001696,CONCOR.NS
2020-07-08,415.97330818879226,430.1279672354923,402.68528370914834,419.43975830078125,3436552,CONCOR.NS
2020-07-09,422.5211055470326,426.5653030183032,409.32937452963586,412.21807861328125,1590266,CONCOR.NS
2020-07-10,411.6403035298299,417.80286593950916,408.0775569848792,414.1919860839844,1881859,CONCOR.NS
2020-07-13,418.86210896866015,421.6063838355385,406.72954545248416,409.6664123535156,1275777,CONCOR.NS
2020-07-14,407.5479665437072,411.1588463417908,402.9741854661346,407.5960998535156,1282535,CONCOR.NS
2020-07-15,408.70342252804875,430.70569124773925,401.8186554997913,414.9622802734375,2609852,CONCOR.NS
2020-07-16,414.9623274250458,415.9733620369416,404.65927175005714,413.9512634277344,1666639,CONCOR.NS
2020-07-17,417.75474832511344,443.8012175741028,414.6253189994108,432.00567626953125,5518921,CONCOR.NS
2020-07-20,454.48941045168067,456.3189170319243,426.85413157894834,429.6947021484375,7216161,CONCOR.NS
2020-07-21,430.41689227879584,448.61572144437304,430.41689227879584,439.9977722167969,4376897,CONCOR.NS
2020-07-22,440.62365331455607,442.93461062333364,429.55028804897273,434.8943786621094,1414955,CONCOR.NS
2020-07-23,435.616519005773,441.0569051834827,431.62048470101706,434.2684631347656,956982,CONCOR.NS
2020-07-24,433.30554037654633,435.4239347725523,426.0837813702706,431.764892578125,799340,CONCOR.NS
2020-07-27,429.0688132417438,430.7057277750369,420.3545390874918,426.66156005859375,1581583,CONCOR.NS
2020-07-28,428.49109472817935,441.9717134387288,427.62448940244167,436.1943054199219,1341289,CONCOR.NS
2020-07-29,438.9385532538809,447.26764342771224,430.1761457509805,434.17218017578125,1578809,CONCOR.NS
2020-07-30,435.23138217529316,440.5273392592846,428.6836651710699,433.2574462890625,1828510,CONCOR.NS
2020-07-31,430.4169056962199,436.67576450388304,423.33957485970194,434.36480712890625,1333011,CONCOR.NS
2020-08-03,431.57235379226853,438.69781719470814,427.2392981493157,435.13507080078125,935586,CONCOR.NS
2020-08-04,436.8683621620069,447.0269598343391,433.78706603202966,438.7460021972656,1863388,CONCOR.NS
2020-08-05,440.04587741418635,449.6748900490701,439.2274054631383,440.8643493652344,1266857,CONCOR.NS
2020-08-06,443.3197617582926,446.5936203685253,436.72388184058747,441.77911376953125,734437,CONCOR.NS
2020-08-07,442.9346263129537,445.34187971682843,432.4390073491433,438.9867248535156,1068577,CONCOR.NS
2020-08-10,416.93630497991757,422.61741734620915,352.37377805301463,372.0650939941406,18122379,CONCOR.NS
2020-08-11,375.05005024521637,377.45730345603295,362.0508829068071,363.3026428222656,6722936,CONCOR.NS
2020-08-12,363.9766705028896,364.36182512369345,347.7999413458157,349.2442932128906,6927064,CONCOR.NS
2020-08-13,351.4589360541427,365.42100337684155,351.4589360541427,363.11004638671875,7011834,CONCOR.NS
2020-08-14,365.90248862163054,370.7169950508625,358.5844329721149,365.517333984375,4329309,CONCOR.NS
2020-08-17,368.7912301776167,374.1834838066446,362.5323711798242,371.439208984375,5391429,CONCOR.NS
2020-08-18,373.31685409900786,379.3831206702798,370.81330478602933,378.0350646972656,3333309,CONCOR.NS
2020-08-19,378.4201867927243,383.1865596782485,377.6498775559631,378.70904541015625,2585539,CONCOR.NS
2020-08-20,376.4944617917138,381.64599035571763,371.0059118477434,378.37213134765625,1926477,CONCOR.NS
2020-08-21,380.2497028025686,383.71615322573086,377.6498870242578,379.52752685546875,1376188,CONCOR.NS
2020-08-24,382.27175575366914,382.9457983114294,373.55751211848667,378.0831298828125,1334318,CONCOR.NS
2020-08-25,378.90163741205345,380.10526396037636,372.2576247423937,378.70904541015625,1877395,CONCOR.NS
2020-08-26,378.46831480376943,380.8274345596316,375.5796111282223,379.19049072265625,2160596,CONCOR.NS
2020-08-27,380.1052471985558,382.6569294913939,377.1684103043215,380.8274230957031,1315767,CONCOR.NS
2020-08-28,380.73112404387695,397.58189484209845,379.4312015623603,393.9228820800781,5527399,CONCOR.NS
2020-08-31,397.6300884930621,406.29619986405146,375.62778874630055,378.4201965332031,5608228,CONCOR.NS
2020-09-01,382.3680916941415,390.6971816174051,375.7240789559191,386.6529846191406,2272872,CONCOR.NS
2020-09-02,388.00105040850815,390.6971620151377,379.3830729118034,382.3680725097656,1403646,CONCOR.NS
2020-09-03,383.23467125918376,392.5748244988111,383.23467125918376,385.73822021484375,2164330,CONCOR.NS
2020-09-04,381.3089517862794,385.8346000894254,373.84646598743177,377.1684875488281,993434,CONCOR.NS
2020-09-07,377.16843524367226,381.74221622803566,368.4541612106364,371.3428649902344,1461789,CONCOR.NS
2020-09-08,373.605672638723,380.2496851668135,370.23551837522933,373.89453125,1494140,CONCOR.NS
2020-09-09,368.7430769905941,368.7430769905941,355.7920423158635,361.1842956542969,3269239,CONCOR.NS
2020-09-10,363.4471142322886,363.4471142322886,350.4960797510569,353.91436767578125,4485395,CONCOR.NS
2020-09-11,358.5844540118606,370.7170168024797,356.61051801422195,369.5615234375,3692153,CONCOR.NS
2020-09-14,372.0169176785844,376.49440278086456,363.0619180886088,369.9466857910156,2324823,CONCOR.NS
2020-09-15,370.7169707565062,376.1573567879281,367.1542244781875,374.3278503417969,1415179,CONCOR.NS
2020-09-16,373.70196287188935,375.91662388527914,369.75406206133937,372.8353576660156,1545339,CONCOR.NS
2020-09-17,372.93161882626083,378.2275753669072,369.8021899613334,374.42413330078125,2620870,CONCOR.NS
2020-09-18,374.52046045664747,381.5977612778266,373.22053786598093,374.8574523925781,2125625,CONCOR.NS
2020-09-21,375.8066916332254,375.8066916332254,360.35792534705536,366.6536560058594,1833235,CONCOR.NS
2020-09-22,367.08950549341085,368.05807938653334,352.22189032227527,359.05035400390625,1147364,CONCOR.NS
2020-09-23,363.21519553626007,367.47691458551316,360.2610571026431,365.24920654296875,2567644,CONCOR.NS
2020-09-24,361.7139291998046,366.60521549595586,354.49804193268125,359.4377746582031,2226095,CONCOR.NS
2020-09-25,360.50319801308683,368.0580622033228,356.483592897465,363.45733642578125,1176532,CONCOR.NS
2020-09-28,364.47433731277965,377.25952428526836,364.47433731277965,368.3486328125,1541157,CONCOR.NS
2020-09-29,370.3826513773514,373.86952330956103,360.93905590515396,363.11834716796875,1380024,CONCOR.NS
2020-09-30,363.2152355920159,363.3605157745464,350.6237740914927,353.4810791015625,2170449,CONCOR.NS
2020-10-01,355.4666439658717,357.93649574494674,344.13431678986865,345.0544738769531,2242160,CONCOR.NS
2020-10-05,344.618598974487,347.6211841258601,339.96945584615713,341.4707336425781,2883385,CONCOR.NS
2020-10-06,342.87515368853326,350.5268814325885,340.2599923878362,349.1224670410156,1592783,CONCOR.NS
2020-10-07,348.6866034753889,353.33574636498224,343.84373398267513,352.4156188964844,1544189,CONCOR.NS
2020-10-08,355.4666207735656,355.8540444212859,350.6237512807377,354.498046875,1083964,CONCOR.NS
2020-10-09,351.59232813318965,370.9638062672497,349.50990014548415,358.2754821777344,2863357,CONCOR.NS
2020-10-12,361.2295994749543,366.1208851918049,357.4037212586667,358.9049987792969,1735101,CONCOR.NS
2020-10-13,357.21002825818704,357.40375485387693,348.9287335666915,352.1734619140625,1897235,CONCOR.NS
2020-10-14,350.91430466356644,355.46661371990325,346.9915922756276,353.3841857910156,938310,CONCOR.NS
2020-10-15,354.4980734872503,356.9195084154419,344.8123337744839,346.6526184082031,1037468,CONCOR.NS
2020-10-16,352.5609408087368,360.2126696013956,349.1709317624989,359.1956787109375,1711123,CONCOR.NS
2020-10-19,361.2296955124518,373.77271143807184,359.29254745673904,370.9154357910156,2033332,CONCOR.NS
2020-10-20,370.0436615593232,375.0802578653693,366.363092414657,371.3996887207031,1323005,CONCOR.NS
2020-10-21,373.19146897750784,381.0369225779944,371.0121779528464,379.43878173828125,1534158,CONCOR.NS
2020-10-22,379.6809875378531,384.8144176377841,373.1915302641764,383.5068664550781,1102171,CONCOR.NS
2020-10-23,382.6351068219385,384.0395507983329,371.64181671955396,373.43365478515625,1543910,CONCOR.NS
2020-10-26,373.43363020345424,376.7752217571018,367.86433065306005,372.6587829589844,1243433,CONCOR.NS
2020-10-27,372.6104157817852,388.20443295567685,367.42853916257354,384.71759033203125,2381246,CONCOR.NS
2020-10-28,386.99372164231863,388.3981657358486,372.949398941147,377.59857177734375,1880141,CONCOR.NS
2020-10-29,374.8380644589449,378.13120950114245,366.7504672339781,371.8354797363281,915022,CONCOR.NS
2020-10-30,373.675836764741,383.3615767488819,370.81856120453904,378.6155700683594,1341668,CONCOR.NS
2020-11-02,379.6809832489116,382.00555478566815,373.2883893539329,379.8262634277344,965278,CONCOR.NS
2020-11-03,379.72938411753995,388.88241925849286,378.2765232734858,386.3157043457031,1535958,CONCOR.NS
2020-11-04,387.4295649410515,389.076152415463,382.87725572958215,385.4440002441406,1393413,CONCOR.NS
2020-11-05,386.70308439215773,396.5341024167841,385.686093739396,394.5000915527344,1778251,CONCOR.NS
2020-11-06,383.55528690721997,386.4610087777292,360.21264863575607,366.16937255859375,13573170,CONCOR.NS
2020-11-09,369.02667640704766,371.39969441732967,363.4573761725581,368.4455261230469,3100541,CONCOR.NS
2020-11-10,369.99522727417485,377.1626681735394,366.70208194836187,375.9035339355469,2457889,CONCOR.NS
2020-11-11,376.5815092474036,395.1781393952998,374.45066446617363,387.67169189453125,3859064,CONCOR.NS
2020-11-12,388.1075659645283,390.0447137266502,385.4924046622521,387.0905456542969,1905529,CONCOR.NS
2020-11-13,385.97669059251876,390.3352730458847,380.64953426062704,387.2842712402344,1652461,CONCOR.NS
2020-11-14,391.11016707155636,402.7330550030562,387.42959771666114,399.7304992675781,923318,CONCOR.NS
2020-11-17,403.750023309822,403.750023309822,389.3182785696579,396.19512939453125,2992236,CONCOR.NS
2020-11-18,395.9045444729134,396.53411153712824,383.55522840678583,395.4202575683594,1896679,CONCOR.NS
2020-11-19,393.0472399126339,401.9581307798387,390.964812134757,395.4202575683594,2169845,CONCOR.NS
2020-11-20,397.11529541015625,405.15444688407206,395.3718742293283,397.11529541015625,2623059,CONCOR.NS
2020-11-23,400.9895899794884,405.6871792520651,397.01843112354123,399.3914489746094,1601718,CONCOR.NS
2020-11-24,401.4254701217498,403.4110348202623,393.82215899194284,398.03546142578125,1608608,CONCOR.NS
2020-11-25,398.03544824540285,400.3600196482433,386.12197177323594,387.0905456542969,1877065,CONCOR.NS
2020-11-26,389.36672204126495,396.14673958924715,380.9401169796462,394.5970153808594,2197699,CONCOR.NS
2020-11-27,395.42030316007447,400.94118633195546,385.10499681543075,393.2894287109375,5685513,CONCOR.NS
2020-12-01,396.6310259739496,400.0210347429577,384.9112754608154,396.77630615234375,3164488,CONCOR.NS
2020-12-02,400.02101810754374,400.50530505440514,392.2724269577608,396.92156982421875,2200909,CONCOR.NS
2020-12-03,401.958142540619,409.60986994474695,394.2095518410408,404.4764404296875,5670711,CONCOR.NS
2020-12-04,406.8010618475541,407.4306290077547,396.1951651974017,399.6820373535156,2617938,CONCOR.NS
2020-12-07,399.05248688696093,402.4424958775055,396.1467648950656,397.454345703125,2571744,CONCOR.NS
2020-12-08,397.2121505729512,400.94116588954796,390.04470983629506,391.8365478515625,3399029,CONCOR.NS
2020-12-09,394.25796025729863,395.8076842756965,388.78552410474657,390.7711181640625,2934474,CONCOR.NS
2020-12-10,392.85355394717016,393.24097757001636,378.76078689273396,389.60882568359375,2098666,CONCOR.NS
2020-12-11,393.2409876077394,396.53413282378324,383.5552489967113,388.2528381347656,2878119,CONCOR.NS
2020-12-14,390.04472925330026,395.27502250752764,388.59186837387426,391.3038635253906,2631263,CONCOR.NS
2020-12-15,394.209583628328,402.78146869264015,390.14156135961133,399.9241638183594,3714347,CONCOR.NS
2020-12-16,402.9267698605006,404.5249109927121,393.4831736918951,395.03289794921875,3238410,CONCOR.NS
2020-12-17,397.9386132574273,404.3796241130304,392.36931304509216,395.90460205078125,2958532,CONCOR.NS
2020-12-18,395.90459617694756,396.9215869859164,385.8314331584023,392.51458740234375,2096819,CONCOR.NS
2020-12-21,393.2410001496922,394.790724288589,357.4037661459025,367.4769287109375,3899926,CONCOR.NS
2020-12-22,369.9952391628624,375.709819405766,353.57789931900385,374.16009521484375,2682621,CONCOR.NS
2020-12-23,375.80675040873774,380.4558942604831,370.52800974581925,379.5357666015625,2191218,CONCOR.NS
2020-12-24,382.10240296741034,383.8942705913842,377.7438204240558,379.87469482421875,1378601,CONCOR.NS
2020-12-28,382.34454394297995,385.00812214650927,378.9061184491084,380.1652526855469,1652125,CONCOR.NS
2020-12-29,382.48983556274476,390.2868733633715,377.98597274095835,384.959716796875,1845094,CONCOR.NS
2020-12-30,386.55784781971215,388.88241925849286,379.82624741884945,386.3157043457031,1596712,CONCOR.NS
2020-12-31,385.686118292389,390.57740440385555,383.99111405753035,386.75152587890625,1601573,CONCOR.NS
2021-01-01,387.8654419279822,392.7567284490027,386.7515582621285,390.72271728515625,1345602,CONCOR.NS
2021-01-04,393.1441400230915,405.59032054741664,391.0132951786169,400.7958679199219,4721177,CONCOR.NS
2021-01-05,400.79588932492163,403.84692091910586,395.37189884310794,402.15191650390625,2757851,CONCOR.NS
2021-01-06,406.8010349604358,430.9185189785272,403.89531328214696,420.3126525878906,11715662,CONCOR.NS
2021-01-07,424.38064776167516,428.10966318300683,415.80876284732307,417.74591064453125,3263640,CONCOR.NS
2021-01-08,423.2183442168401,432.9040824567629,420.1673130244425,428.642333984375,5146410,CONCOR.NS
2021-01-11,431.0154036186746,431.5481074626561,419.3925163300811,425.7366638183594,2661411,CONCOR.NS
2021-01-12,428.0612383471863,435.66451966294164,421.86234186463014,431.5965270996094,4222486,CONCOR.NS
2021-01-13,433.9211106370876,436.39096227823944,419.3925020220065,425.688232421875,2745987,CONCOR.NS
2021-01-14,427.14109223660836,436.77841441773967,426.9958120625196,434.211669921875,3761138,CONCOR.NS
2021-01-15,434.16323916812803,434.16323916812803,416.63204613106114,419.1987609863281,2566735,CONCOR.NS
2021-01-18,419.19883107117323,420.8938356346333,407.96339589735055,411.78924560546875,2097777,CONCOR.NS
2021-01-19,413.435795527154,426.75368730930796,413.435795527154,423.2668151855469,1664611,CONCOR.NS
2021-01-20,423.65422533739957,430.04681910060106,421.62021420021773,423.024658203125,2707904,CONCOR.NS
2021-01-21,423.26683145089936,429.7562889739027,410.8690962661395,414.79180908203125,1176261,CONCOR.NS
2021-01-22,414.5496625623674,421.91083070648966,410.9659270205416,415.1792297363281,2695024,CONCOR.NS
2021-01-25,415.3245324087824,416.48683306866656,390.33533424807587,408.0118103027344,2142180,CONCOR.NS
2021-01-27,410.38477703578457,429.36880200392994,407.7696156582697,419.3440856933594,5402116,CONCOR.NS
2021-01-28,415.1792158028204,428.01282057995206,410.7722161744631,423.4605407714844,2040445,CONCOR.NS
2021-01-29,426.17250013516434,443.0741258843908,417.45533535967235,419.87677001953125,4558422,CONCOR.NS
2021-02-01,423.2668018746753,442.63828022134237,412.80621539088713,439.7809753417969,2609450,CONCOR.NS
2021-02-02,441.6697112572284,448.2560021455468,436.0035478655776,441.28228759765625,1988474,CONCOR.NS
2021-02-03,444.5754772720433,458.7166639422943,444.5754772720433,449.8542175292969,3880608,CONCOR.NS
2021-02-04,449.8056849349068,466.65886382236374,445.9313895787775,463.9468688964844,3748605,CONCOR.NS
2021-02-05,473.5842310457143,476.05408272371716,447.23900854054205,452.1787414550781,4967630,CONCOR.NS
2021-02-08,455.42346453152277,499.29985085289474,455.42346453152277,486.65997314453125,8821777,CONCOR.NS
2021-02-09,487.19267799297694,492.9072581650852,482.97937556184854,486.46624755859375,2645701,CONCOR.NS
2021-02-10,490.09838305944686,495.18339592715853,478.1364897351241,484.5290832519531,1834353,CONCOR.NS
2021-02-11,482.3498178814301,491.0669832648295,476.82893464853163,485.2071228027344,919182,CONCOR.NS
2021-02-12,484.1901660841416,555.0413525739076,480.02530945470056,532.2314453125,14059902,CONCOR.NS
2021-02-15,525.9356289340512,531.6986554759854,517.266880685299,527.1947631835938,2657865,CONCOR.NS
2021-02-16,527.9211682043275,529.3256121184465,511.98811645530145,520.2694702148438,3175417,CONCOR.NS
2021-02-17,515.7656669208154,549.0361609429652,515.7656669208154,524.53125,5953486,CONCOR.NS
2021-02-18,525.1124027810768,545.8398503201034,525.1124027810768,538.6239624023438,3794478,CONCOR.NS
2021-02-19,539.3989452679062,569.0372893740043,539.0114919772483,551.0702514648438,9880580,CONCOR.NS
2021-02-22,551.0217767116146,551.0701935885938,527.1464037713324,531.9408569335938,2299939,CONCOR.NS
2021-02-23,539.1567782444246,553.0557924642553,530.9238986718393,539.7863159179688,3149822,CONCOR.NS
2021-02-24,550.1499460673242,576.3014399824963,547.9222380387023,563.0803833007812,3900108,CONCOR.NS
2021-02-25,575.1876490133186,578.2386807747857,553.4916267794455,557.123779296875,4200415,CONCOR.NS
2021-02-26,548.2128712903785,567.5359339658108,532.909414268583,540.3189697265625,4612425,CONCOR.NS
2021-03-01,545.2103903026448,554.9929651692709,538.7693488226996,544.8229370117188,2068440,CONCOR.NS
2021-03-02,553.9758421249837,563.7099977891686,550.7310841588834,554.3148193359375,2410011,CONCOR.NS
2021-03-03,556.9301051132339,569.5215683592724,555.4772439694603,560.1748046875,2596642,CONCOR.NS
2021-03-04,558.8671169779868,623.7131487003171,556.9783861283934,596.2056274414062,15871139,CONCOR.NS
2021-03-05,602.1624139932665,604.8259922560412,569.569878149216,572.8146362304688,4647321,CONCOR.NS
2021-03-08,585.7935570076876,602.4046251410443,574.3159784874366,578.4808349609375,5825950,CONCOR.NS
2021-03-09,585.4544882716912,585.4544882716912,560.9011051664762,565.5018310546875,3375768,CONCOR.NS
2021-03-10,575.1391649675468,575.1391649675468,549.7625171860294,555.6224365234375,2596632,CONCOR.NS
2021-03-12,571.4586645595095,579.5947098712509,552.0871844049499,559.0125122070312,7816657,CONCOR.NS
2021-03-15,544.8711685576654,554.508489499895,535.6213007745711,542.9340209960938,3483548,CONCOR.NS
2021-03-16,547.2442729493382,548.2128468837618,536.5899596706786,539.6409912109375,1898170,CONCOR.NS
2021-03-17,534.798203228773,539.9800509226375,519.9789724748183,522.1582641601562,2364082,CONCOR.NS
2021-03-18,534.6528466462933,540.2705640086565,511.31023695222143,528.5508422851562,4099158,CONCOR.NS
2021-03-19,523.1751513382937,545.4523482963682,511.64909970012144,542.9340209960938,2726319,CONCOR.NS
2021-03-22,542.4013772012929,549.3267041463114,533.5389024805555,543.1278076171875,1962206,CONCOR.NS
2021-03-23,540.464249106681,557.8985797230255,540.464249106681,551.021728515625,3483961,CONCOR.NS
2021-03-24,546.2757484794463,559.1093542726248,537.8007257858379,541.1907348632812,1929662,CONCOR.NS
2021-03-25,543.7574194772557,547.2442619241074,528.2602368386969,532.667236328125,2464529,CONCOR.NS
2021-03-26,533.1514787485503,573.7346869229049,533.1514787485503,570.87744140625,8163393,CONCOR.NS
2021-03-30,570.8775633316762,590.9754746795904,569.0372490072087,579.0135498046875,6813462,CONCOR.NS
2021-03-31,571.5554566059549,596.0119485164491,570.393215175145,579.2072143554688,3786964,CONCOR.NS
2021-04-01,585.9872268686843,586.9558007973928,574.703316952405,579.788330078125,2350611,CONCOR.NS
2021-04-05,577.754304740341,588.6991774828407,556.0582267327746,560.4168090820312,1681325,CONCOR.NS
2021-04-06,565.6471780477559,575.1876076608121,553.2494435029981,558.3828735351562,1625567,CONCOR.NS
2021-04-07,561.8211975975821,589.1349894497347,560.8042069731137,566.2766723632812,4420444,CONCOR.NS
2021-04-08,571.5070640815283,582.1129609674937,568.0686382819218,571.5554809570312,3631511,CONCOR.NS
2021-04-09,571.5554238774885,578.2870241779276,561.772851320286,568.891845703125,1810213,CONCOR.NS
2021-04-12,556.9300466383099,557.5596433813358,534.6528447727775,547.4864501953125,1875008,CONCOR.NS
2021-04-13,553.0557368949692,557.6564632526769,543.7574504293749,555.6708984375,1136424,CONCOR.NS
2021-04-15,563.5648240183128,567.2454529414757,541.7719064751906,546.711669921875,2184542,CONCOR.NS
2021-04-16,546.7598941426882,561.7727876045335,542.4013121698944,550.14990234375,1482339,CONCOR.NS
2021-04-19,544.144829889974,544.144829889974,524.9670776230962,534.5075073242188,1062008,CONCOR.NS
2021-04-20,537.0741944548374,554.9928105006707,528.9381505493666,531.8438720703125,1669540,CONCOR.NS
2021-04-22,533.6842051140326,535.8150794624004,527.146331457917,533.490478515625,1077666,CONCOR.NS
2021-04-23,532.7156261660358,545.1133598243067,527.6306133708146,532.1829223632812,874849,CONCOR.NS
2021-04-26,537.4617879618701,542.207765548293,533.974885756118,537.8491821289062,992700,CONCOR.NS
2021-04-27,538.4302292086007,556.9299661774103,532.7156198218707,545.6460571289062,1675512,CONCOR.NS
2021-04-28,548.2128788841651,554.0243228299336,542.4982686906667,545.5977172851562,945136,CONCOR.NS
2021-04-29,550.1500702621664,553.5400794979367,537.6554411463563,539.7863159179688,1159710,CONCOR.NS
2021-04-30,540.3189152282138,585.9871973100248,533.9747681385994,571.3617553710938,6493359,CONCOR.NS
2021-05-03,571.4586506806087,578.0933588255831,552.5230411128251,554.5086059570312,1500804,CONCOR.NS
2021-05-04,559.8356595508983,570.4899714108634,549.1813476909331,551.7965087890625,1334378,CONCOR.NS
2021-05-05,555.9613894770127,559.4482316875374,547.2442248336449,550.39208984375,979546,CONCOR.NS
2021-05-06,553.0558571996986,574.1707625163068,552.0872830189636,559.8358764648438,2641309,CONCOR.NS
2021-05-07,563.5648310873722,566.4705534629031,552.2809779993048,555.9615478515625,1588585,CONCOR.NS
2021-05-10,564.6786421799117,571.4586601820719,560.2232254253183,561.6760864257812,1196044,CONCOR.NS
2021-05-11,559.3999131108183,612.0903634158082,557.5111819494743,593.2515869140625,10155865,CONCOR.NS
2021-05-12,599.0629676187394,604.3901241618325,575.0423463023864,578.8682250976562,2993662,CONCOR.NS
2021-05-14,579.0134981579002,580.175798726675,547.8738809919731,554.750732421875,2120375,CONCOR.NS
2021-05-17,557.8985910144967,560.8043128426972,546.1303939634598,549.2782592773438,1792475,CONCOR.NS
2021-05-18,555.1381932212157,592.7672682186634,554.2664530034806,589.1835327148438,9015134,CONCOR.NS
2021-05-19,592.7672524684765,594.6559834786757,576.3014954554633,580.9022216796875,2018225,CONCOR.NS
2021-05-20,580.1757713529687,593.1546853773049,570.5384491372996,573.00830078125,2605955,CONCOR.NS
2021-05-21,576.3015112912963,589.8131299760763,564.3396464264451,568.1654663085938,3020824,CONCOR.NS
2021-05-24,551.1186012445494,624.4396642352953,537.6069822377243,614.3180541992188,24246327,CONCOR.NS
2021-05-25,628.604449509645,656.4025317505093,618.9187106882329,647.1041870117188,19646926,CONCOR.NS
2021-05-26,653.5936235628435,659.5503763999824,642.212880800857,645.6513061523438,6101756,CONCOR.NS
2021-05-27,640.5178398945275,653.7873127319042,625.6986726293483,646.7167358398438,8515098,CONCOR.NS
2021-05-28,652.818693459178,655.2885446451464,641.0020821399196,646.6682739257812,3714443,CONCOR.NS
2021-05-31,647.8792257150443,672.1904114745732,645.3124807563896,662.4078369140625,7592579,CONCOR.NS
2021-06-01,661.8265162656154,675.0959901625226,655.7245126829667,671.3670043945312,3851257,CONCOR.NS
2021-06-02,671.3186156513764,680.3748180202424,662.1171626527716,669.7689208984375,4446672,CONCOR.NS
2021-06-03,672.1902718858423,689.6246017042071,671.2216980070443,685.5565795898438,2927652,CONCOR.NS
2021-06-04,684.7818285878224,693.9832817300916,679.6483981318644,691.1259765625,2180533,CONCOR.NS
2021-06-07,704.9280664766274,724.4932709101803,685.5081717736365,697.0826416015625,7207731,CONCOR.NS
2021-06-08,698.5840193698806,707.6886389017361,682.844691377145,691.65869140625,2623943,CONCOR.NS
2021-06-09,692.5303921491586,700.0852573310094,675.4350378429867,684.5880737304688,1523374,CONCOR.NS
2021-06-10,687.4937444708936,689.5277851372663,672.1902886281318,674.7085571289062,2866714,CONCOR.NS
2021-06-11,675.9677484904948,677.0815730053147,660.0346960112893,664.4901123046875,2154202,CONCOR.NS
2021-06-14,663.3763069309693,666.3788624609311,648.1696844380272,659.6956787109375,3786048,CONCOR.NS
2021-06-15,660.8579551630498,675.2897298110435,655.288655280048,663.1825561523438,2573970,CONCOR.NS
2021-06-16,665.4103044916479,673.1588961014488,658.678703707221,661.9234619140625,2306078,CONCOR.NS
2021-06-17,653.7873814986699,675.6771279583203,650.445789725376,656.3541259765625,2132830,CONCOR.NS
2021-06-18,657.6617521696809,670.0110707855328,647.9760120788167,666.7178955078125,3641682,CONCOR.NS
2021-06-21,658.6302699009957,667.0568748834353,655.2886780317623,662.1655883789062,1128467,CONCOR.NS
2021-06-22,667.9285544284528,688.6560600515111,665.7977390890308,681.294921875,4076890,CONCOR.NS
2021-06-23,686.6704863222313,693.9832075300149,674.6117293016823,676.2098999023438,3045052,CONCOR.NS
2021-06-24,676.3550845488079,682.650814358946,672.1902289593583,676.7909545898438,1060936,CONCOR.NS
2021-06-25,680.3264245646295,685.4114382389155,671.8514017741529,676.887939453125,1260757,CONCOR.NS
2021-06-28,681.8760406409123,687.6874841691018,676.0645971127226,679.4061889648438,953955,CONCOR.NS
2021-06-29,676.0646315108967,685.0239407393719,670.7374746723438,672.4808959960938,517367,CONCOR.NS
2021-06-30,674.6117263716109,686.912626816587,667.2021123346321,676.403564453125,1362819,CONCOR.NS
2021-07-01,678.4860883821045,682.0698240128179,664.248038729688,665.4103393554688,912047,CONCOR.NS
2021-07-02,668.5097786342612,670.2047831140048,656.2088771578524,658.2428588867188,846824,CONCOR.NS
2021-07-05,663.47320146094,674.7571124026862,655.240322318724,672.3840942382812,1197123,CONCOR.NS
2021-07-06,674.030610739202,678.4860270990239,663.5699651690807,667.4927368164062,922761,CONCOR.NS
2021-07-07,669.672048112353,682.4087599978023,664.7322855307849,670.8342895507812,2119973,CONCOR.NS
2021-07-08,672.9167170480883,676.0645822231963,656.6931042225317,660.3252563476562,1063174,CONCOR.NS
2021-07-09,661.148576248646,661.5360294881442,645.167105550909,652.7704467773438,2317086,CONCOR.NS
2021-07-12,660.9063879728642,679.9388890701564,658.6302629169606,663.1341552734375,3462516,CONCOR.NS
2021-07-13,666.4272620909322,668.3159930250672,653.8842182245137,658.0491333007812,1568797,CONCOR.NS
2021-07-14,659.1146537714592,663.3764033207035,649.8163663584693,655.046630859375,2763407,CONCOR.NS
2021-07-15,660.3253614082291,660.3253614082291,646.7653246503044,648.0728759765625,1617688,CONCOR.NS
2021-07-16,649.0414146824753,650.8817289319365,637.5638364128679,640.6148681640625,871634,CONCOR.NS
2021-07-19,637.999668857779,643.6658027844339,631.5102116083301,637.3216552734375,1409373,CONCOR.NS
2021-07-20,640.7116199211246,648.9444978792948,636.7889075409374,643.5205078125,1822387,CONCOR.NS
2021-07-22,646.862164516078,654.7560667786543,642.3583305920581,647.2980346679688,1315679,CONCOR.NS
2021-07-23,650.8331416326307,669.0907331311397,641.4863813198996,642.648681640625,826880,CONCOR.NS
2021-07-26,643.0362480236489,647.685391008203,635.8687773812102,637.5637817382812,876223,CONCOR.NS
2021-07-27,640.7600455600418,641.9707629233995,608.8940000267012,619.0640258789062,1109916,CONCOR.NS
2021-07-28,624.3425660802991,629.2339104234576,613.4945882344014,619.3060302734375,1506971,CONCOR.NS
2021-07-29,625.8441221155908,625.8441221155908,608.3128970109246,610.2984619140625,1170610,CONCOR.NS
2021-07-30,638.0964489718106,644.8280491414982,621.1948232430005,623.6647338867188,6602645,CONCOR.NS
2021-08-02,639.2588408935378,672.3356666865977,633.9316838860916,669.5751953125,5654405,CONCOR.NS
2021-08-03,671.2216809576512,681.682266759554,669.3329501185582,677.468994140625,2841977,CONCOR.NS
2021-08-04,677.1783719489498,693.498816254487,668.8486020935395,671.0278930664062,2213237,CONCOR.NS
2021-08-05,673.1588624713216,689.334058472102,671.2217146656488,676.9847412109375,1864082,CONCOR.NS
2021-08-06,676.9848010679987,684.5396663546906,666.2335943256876,668.655029296875,1580014,CONCOR.NS
2021-08-09,672.9650747938852,672.9650747938852,647.7821556055579,649.3319091796875,1864257,CONCOR.NS
2021-08-10,649.331934885238,657.8553729706842,631.2195920055045,641.292724609375,1584560,CONCOR.NS
2021-08-11,641.1958915191251,647.4432047025036,631.6554627015015,635.0454711914062,1863492,CONCOR.NS
2021-08-12,640.1789762654008,662.068724305373,636.3530972666407,651.8502807617188,3531889,CONCOR.NS
2021-08-13,648.9444536991374,655.6276366452486,642.4065804715715,645.1669921875,629414,CONCOR.NS
2021-08-16,650.6879302163994,660.5189788880878,646.0387873482497,654.6591186523438,1440901,CONCOR.NS
2021-08-17,656.6931266338469,660.8579827227142,641.0022170944046,644.7312622070312,1295072,CONCOR.NS
2021-08-18,649.9131148321001,660.3252847045965,640.2273754158244,652.2861328125,1962740,CONCOR.NS
2021-08-20,652.2860363837913,652.2860363837913,627.6358213900463,629.4761352539062,1384705,CONCOR.NS
2021-08-23,634.4159677571421,642.0677259769169,628.5561069012716,632.6725463867188,1099874,CONCOR.NS
2021-08-24,632.6725196283628,639.8399314296448,623.8584611620673,628.0233764648438,1395465,CONCOR.NS
2021-08-25,628.6044844030064,633.2052105985599,617.9501711080402,623.3257446289062,1509816,CONCOR.NS
2021-08-26,628.3138272838621,643.7141150228509,624.1004958412968,632.527099609375,2850012,CONCOR.NS
2021-08-27,635.8204249801029,639.2104340379876,628.9919899869199,632.8178100585938,996004,CONCOR.NS
2021-08-30,634.4158736465483,661.2937980643983,634.4158736465483,658.5333862304688,2140598,CONCOR.NS
2021-08-31,660.5674149053324,672.1903019711154,651.9470833513858,658.1943969726562,2201566,CONCOR.NS
2021-09-01,658.6786372589249,675.4834290876303,654.9980684389823,666.8630981445312,2396818,CONCOR.NS
2021-09-02,668.3159946867806,716.5025464776029,664.441699065408,712.579833984375,5136638,CONCOR.NS
2021-09-03,720.618874076143,721.5874478316217,700.8599458175576,704.395263671875,3161373,CONCOR.NS
2021-09-06,709.6742229836086,718.0523531016512,695.4845894098029,705.7999267578125,1197604,CONCOR.NS
2021-09-07,711.9019221202734,722.8467969906817,695.484580256127,700.9086303710938,1839589,CONCOR.NS
2021-09-08,701.2475203145012,718.6818509300551,695.4360767759833,712.72509765625,2506155,CONCOR.NS
2021-09-09,706.2840986411245,729.3361456030412,703.6205204201307,719.6019897460938,3821406,CONCOR.NS
2021-09-13,719.6504227130731,730.6921890502459,713.3546922317339,717.2774047851562,1543777,CONCOR.NS
2021-09-14,716.7446738013595,722.1686639022221,702.7003524903869,706.1871948242188,1237271,CONCOR.NS
2021-09-15,709.4319547019285,713.6936443305608,695.387633353388,697.4700317382812,1211983,CONCOR.NS
2021-09-16,702.1676972067226,720.6190191395029,696.4046703780949,710.0131225585938,2774056,CONCOR.NS
2021-09-17,714.8076442513766,720.425361881429,671.3671220382116,700.9086303710938,2284382,CONCOR.NS
2021-09-20,689.6247234452243,708.3666076616905,674.6118256735937,685.7504272460938,1058006,CONCOR.NS
2021-09-21,683.7163256053549,686.4283206462072,664.4416817446561,681.197998046875,1409360,CONCOR.NS
2021-09-22,685.7503222346226,691.4649319000681,673.2072783872865,674.9022827148438,1019415,CONCOR.NS
2021-09-23,680.6168636644835,703.6689097232659,678.9702762780583,689.576171875,2233951,CONCOR.NS
2021-09-24,692.5303191015093,698.5839058069422,675.8708366647469,677.6142578125,1070387,CONCOR.NS
2021-09-27,678.4860857745296,685.7988076379083,673.1589287841514,680.3748168945312,1141958,CONCOR.NS
2021-09-28,683.8131884021874,707.0589625121768,675.5318931989158,683.571044921875,3115104,CONCOR.NS
2021-09-29,683.5225969731775,690.3994478545723,675.0959924180061,681.58544921875,1044662,CONCOR.NS
2021-09-30,684.6848924740979,691.4164335781736,678.7281395256937,682.1665649414062,2088535,CONCOR.NS
2021-10-01,684.103718669631,688.2685745244299,670.3984337569173,681.3917236328125,1255262,CONCOR.NS
2021-10-04,684.7817673282103,699.310376253137,681.1011982239744,684.8786010742188,2187223,CONCOR.NS
2021-10-05,688.5106168315665,693.8862483619015,678.970189175422,686.8156127929688,1460282,CONCOR.NS
2021-10-06,689.6246362739304,691.3196406467947,671.7060186179365,674.4664306640625,1340297,CONCOR.NS
2021-10-07,678.9702725991016,683.1351283536876,669.4298437707444,673.1104125976562,1638029,CONCOR.NS
2021-10-08,678.0016124578899,679.4060561928197,658.6785546794302,663.5214233398438,1845098,CONCOR.NS
2021-10-11,671.2217782960894,683.4742629753043,664.4417603335027,665.991455078125,1879221,CONCOR.NS
2021-10-12,665.9914274615263,679.4062122014711,660.615853837511,676.113037109375,1230182,CONCOR.NS
2021-10-13,682.5056048558837,682.5056048558837,658.6302351836532,667.0084228515625,1717145,CONCOR.NS
2021-10-14,673.158891363275,676.0646131964978,653.7874124751232,656.0635375976562,3084539,CONCOR.NS
2021-10-18,663.0856792839866,673.1104547853853,656.0635183925924,663.1341552734375,1245681,CONCOR.NS
2021-10-19,663.7636593204168,670.0593894567584,641.0021734428741,646.3777465820312,2130322,CONCOR.NS
2021-10-20,651.0753934379716,664.3932846864097,644.3437929471671,653.109375,2784461,CONCOR.NS
2021-10-21,658.6302366536127,661.1485050881121,637.3216113501134,643.5205078125,1416668,CONCOR.NS
2021-10-22,659.162967827289,663.4731335842043,636.934184594012,658.7755737304688,3869614,CONCOR.NS
2021-10-25,663.9090471067623,666.0399216883973,642.6972532758161,646.5231323242188,2117356,CONCOR.NS
2021-10-26,646.5230693944013,659.7441265951328,646.0387824510348,655.240234375,1691659,CONCOR.NS
2021-10-27,656.6931542261397,666.3788939639883,655.3856030083556,657.5164184570312,1356035,CONCOR.NS
2021-10-28,656.6930580047683,661.0516402481628,634.6095864616473,639.0650024414062,1059481,CONCOR.NS
2021-10-29,628.6044790358998,648.3634108065029,614.0758701213566,634.5127563476562,1321021,CONCOR.NS
2021-11-01,643.9564664660797,647.8307628644428,634.2223085886071,646.0873413085938,596587,CONCOR.NS
2021-11-02,651.0021644188266,662.7783791121366,648.0337262124866,650.7101440429688,749534,CONCOR.NS
2021-11-03,654.0190767106992,672.4620372572753,652.461912193624,663.3621826171875,2000086,CONCOR.NS
2021-11-04,669.5910846264392,670.07770605422,665.6981132041924,668.1798706054688,174389,CONCOR.NS
2021-11-08,672.4620259223111,672.4620259223111,664.0921034285635,668.3257446289062,804641,CONCOR.NS
2021-11-09,666.6713565136114,691.537699609735,666.6713565136114,682.6812133789062,2999385,CONCOR.NS
2021-11-10,681.3671835008943,691.7808921641866,675.5277273609569,685.6494750976562,1974732,CONCOR.NS
2021-11-11,685.1629246203598,691.4890027596102,662.5836799967836,666.8173217773438,967435,CONCOR.NS
2021-11-12,669.5909601890385,674.4571735625053,666.8172423269699,668.8123779296875,688301,CONCOR.NS
2021-11-15,672.364829933697,672.364829933697,658.0582069055517,662.4864501953125,961049,CONCOR.NS
2021-11-16,661.6104236485613,668.2284626089875,652.1213066341344,654.8463745117188,645057,CONCOR.NS
2021-11-17,654.5057166155815,654.5057166155815,645.259910953354,647.44970703125,483272,CONCOR.NS
2021-11-18,647.2064665225402,649.2989623179726,628.7148531933248,635.8681640625,1210622,CONCOR.NS
2021-11-22,636.5007700447258,638.398605322053,602.5345736928442,611.3424682617188,1916154,CONCOR.NS
2021-11-23,610.2231927463781,628.1308827696006,609.8338718929081,620.6369018554688,1934790,CONCOR.NS
2021-11-24,621.7074339820601,624.1405407676834,606.5735216558875,612.2669677734375,860804,CONCOR.NS
2021-11-25,614.1161032544298,614.1161032544298,601.9505703056495,605.5029296875,1445024,CONCOR.NS
2021-11-26,602.2425413859071,602.2425413859071,583.9455914023696,587.8385620117188,1596347,CONCOR.NS
2021-11-29,587.83857703458,594.4079651057447,566.2812279735805,582.242431640625,1815662,CONCOR.NS
2021-11-30,588.0820081895397,610.5638948783399,583.313094333355,603.4105834960938,4036435,CONCOR.NS
2021-12-01,609.2499016341587,618.5930073552813,600.6367279038119,614.4567260742188,2052399,CONCOR.NS
2021-12-02,615.0894366261733,628.0822039713116,598.0576879854169,622.1454467773438,1653609,CONCOR.NS
2021-12-03,624.821956121551,632.4132390351444,617.8145952005287,623.654052734375,1601872,CONCOR.NS
2021-12-06,617.4253578686432,633.4838667160253,610.3693464053996,612.5591430664062,759744,CONCOR.NS
2021-12-07,615.9167129629859,627.7416373340436,614.1162374539248,618.6904907226562,885700,CONCOR.NS
2021-12-08,621.9020801130438,626.7682935724573,611.1964105023341,612.4129638671875,1945693,CONCOR.NS
2021-12-09,617.3279850583381,624.5786568428814,609.7367020055553,622.3402099609375,920524,CONCOR.NS
2021-12-10,622.0968112105957,638.7878896315085,622.0968112105957,634.7003173828125,1115715,CONCOR.NS
2021-12-13,636.1114478516256,636.5494189765616,624.9678657068399,628.27685546875,1127079,CONCOR.NS
2021-12-14,626.7682977522436,632.607753942482,620.5882303783828,624.481201171875,574501,CONCOR.NS
2021-12-15,627.9848733874785,630.1260192802075,618.8363679376463,622.4373779296875,545713,CONCOR.NS
2021-12-16,625.795028704909,632.3157663898583,622.4373296564931,628.3741455078125,501955,CONCOR.NS
2021-12-17,628.714831640625,629.6880744140625,604.8703836914062,608.2767333984375,957081,CONCOR.NS
2021-12-20,600.9287403038077,601.4640119291653,577.4249044263491,592.1695556640625,2068382,CONCOR.NS
2021-12-21,594.4565873419622,601.4639461680122,589.7363843407704,592.8020629882812,1051138,CONCOR.NS
2021-12-22,593.8727566245174,605.0650486018318,590.758367846077,597.9603881835938,858345,CONCOR.NS
2021-12-23,598.4956672051634,609.5905993998731,598.4956672051634,605.746337890625,954050,CONCOR.NS
2021-12-24,609.9312337571071,610.0285342697746,584.4322622258815,586.1354370117188,1114790,CONCOR.NS
2021-12-27,583.9456617023736,593.386128446967,579.2254580310893,591.9749145507812,540989,CONCOR.NS
2021-12-28,593.6780456299157,599.5661520709231,590.8069677911375,595.4298706054688,455357,CONCOR.NS
2021-12-29,595.381278443332,600.9287742422121,592.2182393670087,597.2791137695312,395287,CONCOR.NS
2021-12-30,593.8727467471335,597.1817365050454,585.8921441982476,588.3739013671875,620247,CONCOR.NS
2021-12-31,589.7851095668227,600.3447696984225,589.6390993927541,598.1063232421875,255735,CONCOR.NS
2022-01-03,602.2426385383177,620.5395914734779,597.6197351939593,603.2158813476562,453839,CONCOR.NS
2022-01-04,606.3302220230984,617.5711636970548,599.7121833260436,610.953125,889836,CONCOR.NS
2022-01-05,613.1429495748564,619.8096388372016,609.2499784664446,613.0942993164062,917088,CONCOR.NS
2022-01-06,608.2767400865627,622.7780813310364,607.3034973024241,617.2792358398438,1052909,CONCOR.NS
2022-01-07,620.734309610163,623.8486987699201,613.1430268721524,619.56640625,792623,CONCOR.NS
2022-01-10,618.057945563612,628.7149681266618,618.057945563612,628.0823364257812,618751,CONCOR.NS
2022-01-11,618.9824033780683,633.7757054020999,618.9824033780683,629.4447631835938,1177009,CONCOR.NS
2022-01-12,637.473963382995,644.238011974104,628.082147642575,639.0311279296875,2059079,CONCOR.NS
2022-01-13,634.5542169157732,653.0458275314169,633.580974251792,651.9265747070312,1294997,CONCOR.NS
2022-01-14,653.8730901223963,676.4036825910952,648.2282942919684,674.0192260742188,2775937,CONCOR.NS
2022-01-17,673.4840463033139,677.8149888283003,667.2552683570382,669.4937744140625,1018457,CONCOR.NS
2022-01-18,669.5909685541221,675.771035854824,659.4692208500544,662.6809692382812,1340956,CONCOR.NS
2022-01-19,659.8586399617857,669.7857287265722,651.7807363382344,653.2406005859375,748775,CONCOR.NS
2022-01-20,650.1262309957672,652.60798841033,634.6516457486787,642.7782592773438,628188,CONCOR.NS
2022-01-21,644.2380166952912,648.0336275814271,602.4372308790922,606.9141235351562,4373737,CONCOR.NS
2022-01-24,610.1258531668806,617.4251731868926,597.5709989716524,605.8922119140625,1587007,CONCOR.NS
2022-01-25,598.5443269735102,612.8510081327946,589.9798021427499,604.4324340820312,885983,CONCOR.NS
2022-01-27,598.5929714988947,607.5468171279214,584.4809509168285,599.66357421875,1405220,CONCOR.NS
2022-01-28,603.4106317003736,630.5154242183584,603.4106317003736,617.4253540039062,1564122,CONCOR.NS
2022-01-31,626.7683945085831,633.5810944488939,621.0749476049924,628.9581909179688,1193089,CONCOR.NS
2022-02-01,637.4738764880952,645.162516469138,630.0285471469334,638.6904296875,1158958,CONCOR.NS
2022-02-02,638.2525331945913,648.1796203414863,635.3814554282906,646.4277954101562,1028191,CONCOR.NS
2022-02-03,646.4278705987268,646.4278705987268,637.9606464767538,643.2648315429688,818006,CONCOR.NS
2022-02-04,642.3401497164266,645.0652172590626,624.335160671345,625.9896850585938,739708,CONCOR.NS
2022-02-07,619.9556881169866,629.9314272114907,610.3205602551419,612.7050170898438,437862,CONCOR.NS
2022-02-08,613.1429547322573,615.9653825704064,596.6464776411987,599.1282348632812,1182518,CONCOR.NS
2022-02-09,600.8800732817265,603.3618303133377,596.0138597287549,600.1987915039062,582303,CONCOR.NS
2022-02-10,601.464041382071,612.5103232356402,598.6416135435779,604.5784301757812,1241177,CONCOR.NS
2022-02-11,593.6780857842398,601.9992995324502,591.9262606901993,595.0406494140625,653640,CONCOR.NS
2022-02-14,586.816678394919,588.7631637304013,560.2958156989731,572.6072998046875,1541957,CONCOR.NS
2022-02-15,577.9601401000954,584.0916164881307,568.76304432208,582.242431640625,1112068,CONCOR.NS
2022-02-16,581.9991612807886,592.1695598424377,577.132947557705,584.8702392578125,1029921,CONCOR.NS
2022-02-17,584.8703152451429,590.2718012991311,577.1816728029404,583.5077514648438,1067084,CONCOR.NS
2022-02-18,582.9723923869744,587.6925958433224,570.1742267899575,577.7168579101562,1520502,CONCOR.NS
2022-02-21,574.3105775135274,581.7559090183632,568.3738199359668,572.8020629882812,760162,CONCOR.NS
2022-02-22,560.101219417899,563.4589188864737,548.9575777158867,559.2739868164062,2185096,CONCOR.NS
2022-02-23,562.7775774967597,577.9601394842435,561.0744028134578,569.5416259765625,891349,CONCOR.NS
2022-02-24,554.7483353202873,560.2958305538941,541.1229376106662,543.4100341796875,1933204,CONCOR.NS
2022-02-25,554.7483011740143,575.2350467317041,550.1740489155096,563.1181640625,772903,CONCOR.NS
2022-02-28,562.3396939835225,585.0649496522968,554.8457123295753,583.1671142578125,1242329,CONCOR.NS
2022-03-02,579.1281090406665,591.7316150239669,573.6293229304256,585.2108764648438,575424,CONCOR.NS
2022-03-03,588.3252102390275,595.0406086080229,576.9869090600479,579.7120361328125,808715,CONCOR.NS
2022-03-04,574.2132684817491,578.1062397934897,562.5343545465271,564.4321899414062,740709,CONCOR.NS
2022-03-07,552.704583227016,564.2374860900392,547.059727737614,558.203369140625,1676862,CONCOR.NS
2022-03-08,554.7485286234994,563.6537261332718,541.1231261660802,554.2132568359375,1106111,CONCOR.NS
2022-03-09,555.7216190104502,580.7339699601521,554.8456767608325,578.6901245117188,700987,CONCOR.NS
2022-03-10,582.2424694314661,586.8653724482642,574.4565275084377,577.03564453125,864553,CONCOR.NS
2022-03-11,572.8993850715225,585.7461422204221,565.4054037999811,580.4420166015625,1135613,CONCOR.NS
2022-03-14,580.9772711160414,588.66585319484,573.1426788640281,583.0210571289062,922125,CONCOR.NS
2022-03-15,583.55643139353,587.838724004709,571.1475841566756,574.1646728515625,624447,CONCOR.NS
2022-03-16,579.2740752822654,602.193929317711,577.1329294309537,599.566162109375,1442863,CONCOR.NS
2022-03-17,601.4639920302606,605.3569628524629,596.3058175712466,599.6148071289062,865280,CONCOR.NS
2022-03-21,603.313235484404,611.4884393632368,593.6781080035361,598.447021484375,1047910,CONCOR.NS
2022-03-22,593.6781994867372,600.5882006707686,591.3423926459751,598.7390747070312,1045609,CONCOR.NS
2022-03-23,599.1282997768224,610.2232924920357,594.9920174911905,598.4957275390625,716804,CONCOR.NS
2022-03-24,597.8143514815781,613.2402251094268,592.9481377943043,604.870361328125,1419932,CONCOR.NS
2022-03-25,606.3302860290809,686.1361984759261,606.3302860290809,671.3428955078125,13659202,CONCOR.NS
2022-03-28,661.902370718753,667.8391871368018,636.5980592109327,642.2915649414062,3716271,CONCOR.NS
2022-03-29,646.2332361834751,672.5107924740682,626.5250689655303,630.3207397460938,4415638,CONCOR.NS
2022-03-30,638.4473473528525,643.9948438062945,628.8122188072936,634.0191040039062,1624076,CONCOR.NS
2022-03-31,640.1990318068367,656.6955073395648,630.9045759657248,654.1651000976562,2780538,CONCOR.NS
2022-04-01,656.9388887488043,665.6980739321217,642.9728783562143,664.3355102539062,1841775,CONCOR.NS
2022-04-04,663.7028710296754,669.5909774832447,654.9923369857902,662.5836181640625,1318848,CONCOR.NS
2022-04-05,666.4767465335024,680.2968080188705,659.8587064904066,665.2601928710938,1546530,CONCOR.NS
2022-04-06,659.858658583902,696.4525663315778,658.8854157246337,692.3162841796875,3589384,CONCOR.NS
2022-04-07,698.7881902853803,698.7881902853803,661.8536215507571,666.8658447265625,2018076,CONCOR.NS
2022-04-08,672.7054746441436,689.1045930239117,670.9049397174614,684.481689453125,2068259,CONCOR.NS
2022-04-11,684.4329834400028,692.0729154843888,675.4304877459822,681.4159545898438,1063614,CONCOR.NS
2022-04-12,680.101920391775,682.8269878049642,659.9071363410485,666.8658447265625,705951,CONCOR.NS
2022-04-13,669.980363880141,670.223674578906,654.992401075406,656.5009155273438,541182,CONCOR.NS
2022-04-18,653.0458501984107,658.4959855450708,643.7513943151861,655.3329467773438,642798,CONCOR.NS
2022-04-19,658.1068132829505,666.4766778570429,628.1309460104452,636.9387817382812,1000156,CONCOR.NS
2022-04-20,640.880327268815,645.7951910948763,628.6174928313136,631.634521484375,777172,CONCOR.NS
2022-04-21,635.5275194867843,648.7635972038006,632.0725195843742,639.225830078125,969631,CONCOR.NS
2022-04-22,639.615071524125,658.5446526529616,627.7414994981749,641.2208862304688,1620983,CONCOR.NS
2022-04-25,630.661274013007,636.8413414404434,624.8218177721458,627.4495849609375,1013669,CONCOR.NS
2022-04-26,632.6078675040129,637.4740818694283,619.6637491724139,626.3790893554688,947594,CONCOR.NS
2022-04-27,620.9289020718509,633.921669600475,618.0091736922027,630.5153198242188,713915,CONCOR.NS
2022-04-28,636.9873985461035,643.0701659118989,630.9532814388293,640.2964477539062,609757,CONCOR.NS
2022-04-29,644.1895133260117,645.1140465795576,624.8219554326291,629.104248046875,639658,CONCOR.NS
2022-05-02,622.8752909231963,643.3133864066136,618.6417091910093,627.2548828125,1242193,CONCOR.NS
2022-05-04,628.082220494081,634.8949201296032,620.3936379752076,623.7999877929688,865898,CONCOR.NS
2022-05-05,629.0554356364082,651.9753502096319,626.7683389058687,628.9094848632812,1811387,CONCOR.NS
2022-05-06,619.95560960275,628.6174935291227,610.0771722823372,620.7341918945312,1053543,CONCOR.NS
2022-05-09,608.3253612490379,620.0042741000951,603.5077978175723,607.8873901367188,1768559,CONCOR.NS
2022-05-10,603.4105450827486,628.7148582636381,592.5102136782677,595.3326416015625,1947575,CONCOR.NS
2022-05-11,602.5833590928756,608.0334955159594,584.1403944473193,589.444580078125,823252,CONCOR.NS
2022-05-12,587.8386712044828,589.7851568707229,569.1523969281731,578.3009033203125,1178604,CONCOR.NS
2022-05-13,582.8751750162694,607.4982075953108,581.9992326778485,589.5905151367188,1514147,CONCOR.NS
2022-05-16,589.5903938483109,605.3082866294528,587.0113364304575,602.2911987304688,776915,CONCOR.NS
2022-05-17,606.9142163313342,614.9921794924137,595.4786128658391,611.4398193359375,988636,CONCOR.NS
2022-05-18,616.0626778247611,619.0310564141278,601.5126864285895,604.6270751953125,1525676,CONCOR.NS
2022-05-19,595.2352848399547,600.2475091228291,585.8921775305117,590.4664306640625,1051042,CONCOR.NS
2022-05-20,593.678031155391,601.6586329628016,539.176441409978,558.057373046875,6813913,CONCOR.NS
2022-05-23,564.4806911683256,597.3762781870428,564.4806911683256,584.091552734375,4725539,CONCOR.NS
2022-05-24,584.0430516789964,593.3862193385838,567.6925825272605,571.1475830078125,2236468,CONCOR.NS
2022-05-25,574.2131842393666,628.2281532652731,564.918728476574,607.011474609375,9239957,CONCOR.NS
2022-05-26,607.2547892720826,629.6880214318712,606.6708080159416,626.330322265625,4992191,CONCOR.NS
2022-05-27,622.7781269068867,642.3402845388488,618.0092131548015,640.393798828125,2830260,CONCOR.NS
2022-05-30,642.3402085790094,659.5666169622147,640.5397332703167,644.7733154296875,2304877,CONCOR.NS
2022-05-31,642.340356872444,655.4791368993804,624.189351815158,633.0458984375,4062937,CONCOR.NS
2022-06-01,639.2258666893625,647.1578193636076,632.0725557859106,636.4521484375,1445913,CONCOR.NS
2022-06-02,639.809775291951,647.1577458028767,628.8607949075194,634.7489013671875,891024,CONCOR.NS
2022-06-03,642.3402091760178,649.6395297348362,623.8972473503321,625.40576171875,961984,CONCOR.NS
2022-06-06,628.1795390267579,635.478859583885,615.5760336510473,619.3717041015625,749010,CONCOR.NS
2022-06-07,618.0091038095703,618.0091038095703,607.3034342947589,609.444580078125,838701,CONCOR.NS
2022-06-08,606.3301621672105,612.4129286416006,602.1452307132333,605.5029296875,855354,CONCOR.NS
2022-06-09,603.4104740996838,644.4813279268727,598.5442605988799,638.9824829101562,3650335,CONCOR.NS
2022-06-10,638.3500003767549,647.0604762439301,628.2769013753075,632.656494140625,2079322,CONCOR.NS
2022-06-13,624.7732186719325,629.6394326044158,617.0845768977987,623.3133544921875,790402,CONCOR.NS
2022-06-14,622.8753330041827,633.8243134671468,617.6685082781592,626.2330322265625,1232896,CONCOR.NS
2022-06-15,627.7415729882664,630.9532621789645,613.4348927002221,616.889892578125,689437,CONCOR.NS
2022-06-16,620.442365473712,622.6321620577369,597.4251465074815,601.902099609375,1028787,CONCOR.NS
2022-06-17,593.6781445071813,606.7196225899544,583.7510554563273,593.2401733398438,1840071,CONCOR.NS
2022-06-20,585.8921268573082,604.5783992620653,585.8921268573082,597.6196899414062,876085,CONCOR.NS
2022-06-21,597.6197614480225,612.1697539672363,596.1112469076825,607.7901611328125,758887,CONCOR.NS
2022-06-22,607.7901133883671,610.2232203274718,592.7048503659177,597.3764038085938,648794,CONCOR.NS
2022-06-23,600.9773806368357,610.028526068047,596.8897493253793,603.7510986328125,470651,CONCOR.NS
2022-06-24,598.7390661209524,611.7318355560282,598.7390661209524,605.4544067382812,1045636,CONCOR.NS
2022-06-27,610.2231964677393,618.3984592242883,604.4323902986855,607.8873901367188,1048554,CONCOR.NS
2022-06-28,607.9361618723734,611.2451518768447,599.7122480195948,603.6538696289062,715973,CONCOR.NS
2022-06-29,601.3667550134276,604.1404732562905,588.9091995454822,601.4154052734375,932326,CONCOR.NS
2022-06-30,601.36675944592,605.6976424531842,574.2132611332163,578.398193359375,2340512,CONCOR.NS
2022-07-01,580.4420695281763,588.8119344219572,569.3957273486287,587.1574096679688,1065738,CONCOR.NS
2022-07-04,583.9456141133008,601.8533033735833,583.9456141133008,600.9287109375,1014667,CONCOR.NS
2022-07-05,600.9288300313216,613.1430163334304,600.9288300313216,607.5955200195312,874045,CONCOR.NS
2022-07-06,633.5811701878198,644.0921823289616,611.3425921993384,633.0458984375,8539454,CONCOR.NS
2022-07-07,636.4521141188964,645.9898812765483,628.7148223045579,635.576171875,1339561,CONCOR.NS
2022-07-08,637.473963382995,647.9363223240136,633.8243032872908,639.0311279296875,1073320,CONCOR.NS
2022-07-11,639.0799482868158,650.4668422362254,635.5762383468182,642.7782592773438,813020,CONCOR.NS
2022-07-12,641.3670143291309,663.7515990477501,634.943635518512,655.77099609375,2714915,CONCOR.NS
2022-07-13,661.5130735493456,666.233276872684,649.2015296618462,655.3329467773438,2381834,CONCOR.NS
2022-07-14,654.4085088831697,662.3404023819692,648.9583133420637,656.208984375,672625,CONCOR.NS
2022-07-15,652.4133807724719,668.0339774740196,650.3695943602122,665.7954711914062,1645634,CONCOR.NS
2022-07-18,665.69799222534,665.69799222534,648.5689448411681,653.0458374023438,2560666,CONCOR.NS
2022-07-19,652.7539827850343,662.9730325755496,651.7807399478424,655.6250610351562,1653580,CONCOR.NS
2022-07-20,657.9121055674883,661.8050766063492,654.0191345286274,655.5276489257812,652175,CONCOR.NS
2022-07-21,656.5982886645882,667.1579494427322,654.5544431126062,663.0216674804688,1073493,CONCOR.NS
2022-07-22,664.2382054218056,668.6177979850263,652.0726705239704,657.133544921875,772520,CONCOR.NS
2022-07-25,658.8853055339026,658.8853055339026,644.9192965998635,653.532470703125,1033364,CONCOR.NS
2022-07-26,651.8780206664256,651.8780206664256,645.4546418969153,648.5690307617188,588700,CONCOR.NS
2022-07-27,651.3912943175926,665.1627015875906,645.3085277499287,662.9242553710938,643997,CONCOR.NS
2022-07-28,662.9243830384535,676.209112139422,661.8051300136483,667.6932373046875,1218683,CONCOR.NS
2022-07-29,672.1214212399854,695.5279569635576,669.639664101056,693.6787719726562,2506702,CONCOR.NS
2022-08-01,693.6788451631435,700.7348558645574,687.3527666032551,691.1484375,1249603,CONCOR.NS
2022-08-02,692.0243184703029,714.3602538181848,682.7785113704763,706.8662719726562,1807323,CONCOR.NS
2022-08-03,700.7348129893002,708.4234548370765,672.5594221699502,680.68603515625,1252143,CONCOR.NS
2022-08-04,681.756522685863,683.2163867601369,655.6249795171706,661.269775390625,1458462,CONCOR.NS
2022-08-05,673.4839983605311,682.4378437451512,665.6980561829528,667.5472412109375,2385753,CONCOR.NS
2022-08-08,666.6713649595463,681.2213577248359,648.763672417339,677.766357421875,2072529,CONCOR.NS
2022-08-10,675.4304637248567,681.1726196700704,663.2649294358644,671.9754638671875,827596,CONCOR.NS
2022-08-11,680.9293212890625,687.0607388011082,675.284465755346,680.9293212890625,1773747,CONCOR.NS
2022-08-12,684.9682550873504,689.8344689760102,680.1020411986906,681.4159545898438,842801,CONCOR.NS
2022-08-16,686.1361474481635,704.9683711385907,678.398855607173,699.6642456054688,1601279,CONCOR.NS
2022-08-17,702.2978027863296,708.49165542765,686.2522369129874,688.5444946289062,1654998,CONCOR.NS
2022-08-18,690.2026718260137,694.7871278673266,681.9116558382543,686.5936889648438,592626,CONCOR.NS
2022-08-19,688.6420507169141,689.2760934159453,663.7690021428613,666.646484375,962685,CONCOR.NS
2022-08-22,666.5488740833903,668.9386493616977,652.60047121027,653.6734619140625,782284,CONCOR.NS
2022-08-23,645.8213894572618,662.3546636431957,641.3832690119799,659.8673706054688,939372,CONCOR.NS
2022-08-24,661.3304652053085,674.9862565222323,657.3800517669606,671.816162109375,794168,CONCOR.NS
2022-08-25,677.327213034205,694.3969506657673,673.5230762625058,683.56982421875,1402440,CONCOR.NS
2022-08-26,685.7157145844942,702.1026500531518,683.8136462857844,695.1284790039062,1329374,CONCOR.NS
2022-08-29,673.0842504924775,688.4957759320104,670.0117328814694,671.474853515625,1150065,CONCOR.NS
2022-08-30,676.9370844989277,681.8141528310525,669.3776285841342,679.4243774414062,1036906,CONCOR.NS
2022-09-01,676.8396451676507,686.6913005232768,673.0842663971946,675.7178955078125,1068813,CONCOR.NS
2022-09-02,673.0355132573958,679.0830906457456,655.5755826503835,657.770263671875,1818609,CONCOR.NS
2022-09-05,654.5026117007624,661.232990239962,646.6993018742257,652.6981201171875,2179411,CONCOR.NS
2022-09-06,654.5026450240412,658.4043001359579,650.7960845746267,652.8931884765625,692273,CONCOR.NS
2022-09-07,651.5763109159726,747.8496490016296,644.3094673978044,708.686767578125,21576035,CONCOR.NS
2022-09-08,716.880333080608,728.634056625288,698.9814554066453,714.2467041015625,10396205,CONCOR.NS
2022-09-09,714.0028330626471,753.0193813174366,708.1991096028415,734.1939086914062,6416237,CONCOR.NS
2022-09-12,734.4865371531226,752.0439842563845,734.4865371531226,746.045166015625,3719126,CONCOR.NS
2022-09-13,746.045207153225,762.7735773239507,744.0943795897366,751.4588012695312,2865075,CONCOR.NS
2022-09-14,734.4865133953994,761.7980968948299,734.4865133953994,749.361572265625,3396185,CONCOR.NS
2022-09-15,751.0685297197771,754.2386241633994,737.7541092427524,744.777099609375,1514123,CONCOR.NS
2022-09-16,739.4610753097772,744.7283329123585,712.344587341157,720.5380859375,1726871,CONCOR.NS
2022-09-19,724.1471445529626,741.1680657519821,718.2946624349199,729.26806640625,1680817,CONCOR.NS
2022-09-20,731.4627967284465,741.3144518137378,724.4885645850708,726.4393920898438,1094151,CONCOR.NS
2022-09-21,726.5856369445025,732.53563627487,715.9048457869857,723.8544311523438,880855,CONCOR.NS
2022-09-22,719.8553001713595,738.3881602028715,714.0028180561452,733.41357421875,1201721,CONCOR.NS
2022-09-23,735.8520731476565,736.4860562923544,704.785113021742,708.686767578125,1039225,CONCOR.NS
2022-09-26,704.2486820723917,707.077405578737,676.4493919905868,681.2289428710938,1956203,CONCOR.NS
2022-09-27,684.6428818278354,687.5203045394956,657.4288165001465,668.7435913085938,2966715,CONCOR.NS
2022-09-28,666.158830718358,677.3760888138726,664.841986438601,669.7190551757812,1054161,CONCOR.NS
2022-09-29,673.0841815355963,681.0825854231238,668.1583544788252,678.6928100585938,1057787,CONCOR.NS
2022-09-30,681.8142508100999,700.1032596837613,673.669569338843,694.1532592773438,1607400,CONCOR.NS
2022-10-03,689.6173451868619,693.7140937978454,673.0353156703462,676.0103149414062,668430,CONCOR.NS
2022-10-04,682.7408919794251,698.3962713507011,682.7408919794251,692.6901245117188,966281,CONCOR.NS
2022-10-06,695.3724858946468,702.2003821417584,688.2031591144613,692.5437622070312,1029933,CONCOR.NS
2022-10-07,695.1773368357259,695.1773368357259,675.7665809241415,681.5215454101562,827197,CONCOR.NS
2022-10-10,668.1584452104764,675.8154196373964,667.183031421848,672.9867553710938,700631,CONCOR.NS
2022-10-11,678.4002342573588,694.2994657989002,671.4748207408649,674.0596313476562,2074615,CONCOR.NS
2022-10-12,677.4735788964066,694.4945600056991,675.32765683218,690.30029296875,1828097,CONCOR.NS
2022-10-13,694.4945869164012,703.0782159713833,675.376501315099,678.0100708007812,1326752,CONCOR.NS
2022-10-14,697.030610572975,697.030610572975,676.0592158915924,678.887939453125,602819,CONCOR.NS
2022-10-17,680.7412054304573,697.0793839547141,669.8165607192733,695.22607421875,1114583,CONCOR.NS
2022-10-18,702.2490904063711,710.4913479043876,690.1539369677347,703.6634521484375,1463879,CONCOR.NS
2022-10-19,704.2487154325365,758.8718844965559,703.6634910063767,752.287841796875,6323614,CONCOR.NS
2022-10-20,750.5807660999199,750.5807660999199,714.9294108840794,725.8052368164062,4514522,CONCOR.NS
2022-10-21,729.4631349031251,735.8521424686987,719.4163853808882,729.8045654296875,1411663,CONCOR.NS
2022-10-24,735.4619739303322,736.1447754682082,721.9525171885278,728.5365600585938,171678,CONCOR.NS
2022-10-25,736.2421778514708,746.0938909921092,728.6339636320963,740.6802978515625,2563790,CONCOR.NS
2022-10-27,744.3869576123924,776.4292724938368,742.2897944319219,770.6255493164062,4384523,CONCOR.NS
2022-10-28,773.9420679977195,779.8433094014811,763.2612753053895,766.2850341796875,1580334,CONCOR.NS
2022-10-31,770.1378089521584,791.0116841577525,768.6259297535831,778.3800659179688,2854067,CONCOR.NS
2022-11-01,779.355572022254,787.1588818797985,769.8940469130754,775.7952880859375,1445134,CONCOR.NS
2022-11-02,772.3326447771279,788.134360445441,769.4551621235453,775.1126098632812,1051451,CONCOR.NS
2022-11-03,770.5768472153654,790.0363630487859,767.2116579377089,776.4780883789062,1049764,CONCOR.NS
2022-11-04,778.3801570605843,783.1597081545926,768.1383128887345,776.4780883789062,770719,CONCOR.NS
2022-11-07,776.819368642432,782.7693674346702,763.3586141355672,764.9193115234375,1123901,CONCOR.NS
2022-11-09,767.2604396236687,808.3741534119152,767.2604396236687,789.7437744140625,3969288,CONCOR.NS
2022-11-10,792.8161729786389,798.8637492879675,778.3800634087888,783.5497436523438,1476492,CONCOR.NS
2022-11-11,790.0363176184779,793.9379723167264,746.1914610400064,748.922607421875,3161024,CONCOR.NS
2022-11-14,744.2406533093582,752.0439629115533,729.7069653614587,744.19189453125,2984531,CONCOR.NS
2022-11-15,745.118477373455,750.141821723212,740.5827802921343,744.8258056640625,1113605,CONCOR.NS
2022-11-16,742.7774561863635,746.9717227582528,728.1462521905717,743.070068359375,2070803,CONCOR.NS
2022-11-17,737.8517908127671,744.1919805978,731.5603598114816,733.267333984375,1244622,CONCOR.NS
2022-11-18,734.6329567947167,738.3882762617579,709.125861086259,720.9283447265625,2067846,CONCOR.NS
2022-11-21,721.8060963077018,725.07370820015,711.1740637780084,715.2708129882812,1220397,CONCOR.NS
2022-11-22,715.2708619338416,719.806559501041,707.7114056781948,716.9290771484375,742102,CONCOR.NS
2022-11-23,720.5380840956851,739.5586505065166,718.4409209083731,729.1704711914062,1766907,CONCOR.NS
2022-11-24,733.0233598365941,741.1192812452497,726.4880764580921,732.9258422851562,1043484,CONCOR.NS
2022-11-25,732.6332064622819,748.0447905542394,731.5602752057912,744.19189453125,1415497,CONCOR.NS
2022-11-28,741.3144595077614,754.4337865204301,737.510322020159,746.1915283203125,1091485,CONCOR.NS
2022-11-29,751.0685920560214,751.8001523729591,736.5837215944676,740.9730834960938,935830,CONCOR.NS
2022-11-30,740.339082368719,755.9457033409186,735.4620133149067,752.970703125,1345532,CONCOR.NS
2022-12-01,755.3116030250719,758.5792747629787,745.2648534462925,750.9222412109375,1377416,CONCOR.NS
2022-12-02,754.4337164186239,764.7243187500001,749.3127946412802,762.0419311523438,1217194,CONCOR.NS
2022-12-05,764.7243383951761,767.1628726375077,752.7267618298104,756.9697875976562,696749,CONCOR.NS
2022-12-06,756.9698299277376,758.1403383364176,741.3632099040867,745.8013305664062,690001,CONCOR.NS
2022-12-07,747.1668531365514,761.7980578324368,744.3869480581428,750.8734130859375,1329379,CONCOR.NS
2022-12-08,752.9705684942719,769.4550232280257,751.3123534055568,766.723876953125,1656753,CONCOR.NS
2022-12-09,769.6500633728126,772.4787865317965,749.5078089287362,755.0188598632812,1097105,CONCOR.NS
2022-12-12,754.9702186374535,757.896459794963,746.2402539439777,753.2632446289062,893776,CONCOR.NS
2022-12-13,753.799715475667,760.6763703364205,748.3861812037771,758.481689453125,723322,CONCOR.NS
2022-12-14,757.4087336555125,760.5788281621195,751.1660621979214,754.1898803710938,1185921,CONCOR.NS
2022-12-15,753.5071652029683,760.1887259608574,743.2653202390445,746.72802734375,663406,CONCOR.NS
2022-12-16,743.265233038949,743.9480345300109,716.9290633643405,723.0741577148438,2097103,CONCOR.NS
2022-12-19,723.0742437797177,726.7808043422688,712.3934506779254,723.5619506835938,881231,CONCOR.NS
2022-12-20,721.806111275616,731.5602479144757,716.3438185716647,728.8291015625,699589,CONCOR.NS
2022-12-21,732.5356615783616,747.5570558160157,723.1228959080519,728.8291015625,1553921,CONCOR.NS
2022-12-22,725.7077775925309,736.6324227105065,719.1724940325745,731.31640625,884868,CONCOR.NS
2022-12-23,725.6589742509631,730.5848011233279,692.5436699566927,694.787109375,1015159,CONCOR.NS
2022-12-26,693.5190002841769,714.8317615002009,685.7156922641018,710.1985473632812,456662,CONCOR.NS
2022-12-27,712.0031834680109,721.0745182225465,701.3711512015461,711.7105712890625,919748,CONCOR.NS
2022-12-28,711.7106759214105,714.4418225506535,700.2983229884521,707.4675903320312,593700,CONCOR.NS
2022-12-29,707.3700235632623,712.9298935320007,701.810153594524,710.2962646484375,448214,CONCOR.NS
2022-12-30,710.9790001184042,728.0487381967832,710.3449574616843,720.6355590820312,595684,CONCOR.NS
2023-01-02,726.0979170640833,728.5852098694145,719.318780549321,722.0499267578125,393433,CONCOR.NS
2023-01-03,724.7324109641455,734.242694957282,721.8061697354881,725.7078247070312,938743,CONCOR.NS
2023-01-04,725.7077839256814,728.8291196344176,709.2720870954763,712.3446044921875,665508,CONCOR.NS
2023-01-05,715.9536510093927,725.4639345207573,712.0519962354996,722.7327880859375,730194,CONCOR.NS
2023-01-06,726.3417875072697,728.6339857369433,711.3691524812515,718.3433837890625,961838,CONCOR.NS
2023-01-09,721.9036288281944,733.9500232979013,718.5872580916973,728.8291015625,1198453,CONCOR.NS
2023-01-10,726.6832513642681,727.6586651244886,694.8359682792565,704.3462524414062,1781454,CONCOR.NS
2023-01-11,702.2978837196707,708.7355905066227,696.5917372282601,703.5171508789062,1437759,CONCOR.NS
2023-01-12,709.1258036802992,716.9291137620631,699.0302950758296,704.3462524414062,1948172,CONCOR.NS
2023-01-13,705.2241780540326,706.6872987553895,686.691315836845,695.518798828125,1502850,CONCOR.NS
2023-01-16,695.5187299120153,703.1757632111326,686.7400065737216,691.324462890625,1776052,CONCOR.NS
2023-01-17,687.6666908308952,688.6421045767546,674.1572342645543,678.3515014648438,1997860,CONCOR.NS
2023-01-18,677.9125155000642,692.2511086700645,675.5227400493096,687.81298828125,1939323,CONCOR.NS
2023-01-19,687.8129910977486,695.9576716402036,685.7158278389112,694.0556030273438,980055,CONCOR.NS
2023-01-20,694.0555639374804,698.8838733644887,685.3255999487722,688.3006591796875,903700,CONCOR.NS
2023-01-23,688.5934306557854,689.3737498417302,676.205662649847,683.6676025390625,1352095,CONCOR.NS
2023-01-24,673.6207329485883,673.6207329485883,660.3551293486037,663.6227416992188,3358161,CONCOR.NS
2023-01-25,661.8182032192664,663.2325650077754,629.1418438856696,633.6287231445312,3914593,CONCOR.NS
2023-01-27,635.9696897171252,635.9696897171252,611.7794434875503,624.3622436523438,3113086,CONCOR.NS
2023-01-30,623.2893718484817,624.2647855759441,605.2442178904271,609.8286743164062,3125830,CONCOR.NS
2023-01-31,614.5105363217202,615.4859498714372,606.0244265322785,612.9986572265625,4169337,CONCOR.NS
2023-02-01,622.3139522369308,622.8991766540631,585.1018950722746,596.3191528320312,3147909,CONCOR.NS
2023-02-02,594.0268828709109,599.0502867287016,580.468610006354,593.1489868164062,2971650,CONCOR.NS
2023-02-03,598.9040192015354,599.3917260575628,576.7133572522929,598.026123046875,1174302,CONCOR.NS
2023-02-06,594.2020584556719,606.2625833163347,592.5351430219793,604.2034912109375,1197165,CONCOR.NS
2023-02-07,607.9295149967002,616.2640325410097,602.928828408871,612.5380249023438,1794623,CONCOR.NS
2023-02-08,611.7535851003715,611.7535851003715,590.5740702355288,604.3505249023438,1945286,CONCOR.NS
2023-02-09,606.9489499175637,607.5372448317171,598.124167123932,605.4291381835938,548142,CONCOR.NS
2023-02-10,604.987838536302,605.9683698791484,593.3194916176749,597.5848388671875,1796947,CONCOR.NS
2023-02-13,597.2417063474967,612.8321809701339,597.2417063474967,603.811279296875,1295628,CONCOR.NS
2023-02-14,604.007303389621,608.6158126413536,597.1435840329208,603.3699340820312,552163,CONCOR.NS
2023-02-15,605.4780978350573,611.7535223019795,603.3699315313722,609.1550903320312,904807,CONCOR.NS
2023-02-16,612.8321542126449,612.8321542126449,599.1047139582818,601.3599243164062,1066829,CONCOR.NS
2023-02-17,599.0066981745532,601.7521743175669,588.9562506202612,595.427734375,1520087,CONCOR.NS
2023-02-20,597.1437187129706,599.8401804969783,592.7803413112879,597.4378662109375,1186755,CONCOR.NS
2023-02-21,603.0268977749953,603.0268977749953,582.6318536895453,584.2496948242188,1870148,CONCOR.NS
2023-02-22,584.6418832033212,584.6418832033212,573.0716239411704,575.4739379882812,4515924,CONCOR.NS
2023-02-23,576.5525092905434,578.4155430382323,568.7572720680021,576.2583618164062,1375261,CONCOR.NS
2023-02-24,579.2980137505621,588.3189157616192,577.6310981865252,582.4847412109375,2479933,CONCOR.NS
2023-02-27,582.4846743952289,582.9259255008141,571.1595485352804,578.7586669921875,1261689,CONCOR.NS
2023-02-28,581.7003068140662,587.7796140253279,576.2583690104686,579.0038452148438,1500634,CONCOR.NS
2023-03-01,579.4941146199874,589.9858136053285,579.4941146199874,587.5344848632812,1549355,CONCOR.NS
2023-03-02,588.3189615375807,590.9664088338798,581.4552403196423,582.7299194335938,1448939,CONCOR.NS
2023-03-03,585.1322262763268,598.369402740056,584.3968275838973,593.3196411132812,2457928,CONCOR.NS
2023-03-06,596.6043309477689,600.1342199818506,589.5444930327192,590.5250244140625,1461696,CONCOR.NS
2023-03-08,592.6822599105429,596.7514296090849,584.2987277986954,594.4472045898438,1653598,CONCOR.NS
2023-03-09,595.4277801240343,597.4378578199564,581.4552056213295,583.2691650390625,1152608,CONCOR.NS
2023-03-10,580.9649417636334,580.9649417636334,572.8755564985702,573.708984375,1033672,CONCOR.NS
2023-03-13,573.6109024933614,575.5719654078687,565.1783558997367,568.8062744140625,885826,CONCOR.NS
2023-03-14,563.805606709125,576.5525160782008,563.6094884417606,574.248291015625,1065171,CONCOR.NS
2023-03-15,581.2590326457777,581.2590326457777,569.9339063470973,578.41552734375,1083513,CONCOR.NS
2023-03-16,578.4645095789754,582.1905169178724,571.3066423508783,580.8177490234375,696941,CONCOR.NS
2023-03-17,583.3671476671847,584.7889301160335,575.9150733838903,583.02392578125,1238581,CONCOR.NS
2023-03-20,586.7500294293982,586.7500294293982,570.3261280390769,581.504150390625,1188606,CONCOR.NS
2023-03-21,583.220042445783,586.5048584182898,577.2878396720333,584.0044555664062,937449,CONCOR.NS
2023-03-22,585.3772857724193,588.3188801732857,579.6902152334558,582.092529296875,641602,CONCOR.NS
2023-03-23,579.5920947551576,582.2885561430924,575.0326595891462,578.7586669921875,599565,CONCOR.NS
2023-03-24,576.4544535998848,578.9547967855262,568.953364196071,571.8949584960938,835509,CONCOR.NS
2023-03-27,569.2965452013071,574.8365719227735,560.6188656662614,567.7767333984375,688050,CONCOR.NS
2023-03-28,568.7082652817077,570.620313660223,549.0976354444075,552.2843627929688,997911,CONCOR.NS
2023-03-29,549.097597859002,561.3542406683548,544.194940735261,558.6087646484375,1309935,CONCOR.NS
2023-03-31,568.6592826810455,572.6304234772189,559.2461439212275,568.9534301757812,582696,CONCOR.NS
2023-04-03,574.5424334748121,574.5424334748121,564.2958675251764,569.5416870117188,538447,CONCOR.NS
2023-04-05,571.5518291413811,571.5518291413811,558.9029489886699,561.8445434570312,1070172,CONCOR.NS
2023-04-06,561.8445081196595,563.9036001792482,557.7752787556045,559.540283203125,848250,CONCOR.NS
2023-04-10,562.8250458649063,570.620282772657,560.5698355250694,566.1098022460938,1113760,CONCOR.NS
2023-04-11,569.6888322726818,586.3578686730873,568.7083007197168,580.3275756835938,4732134,CONCOR.NS
2023-04-12,583.3181631155653,590.7701779358347,578.6115644428813,589.2503662109375,1141713,CONCOR.NS
2023-04-13,589.5935407136554,594.3981686905732,582.5337024024883,592.8783569335938,1072943,CONCOR.NS
2023-04-17,591.2604912530734,597.1436802207656,586.3578337799964,593.2705688476562,525069,CONCOR.NS
2023-04-18,593.5157205898496,599.7421316867377,589.9858310357722,596.800537109375,844348,CONCOR.NS
2023-04-19,599.1047320063907,599.1047320063907,586.3578228147653,587.7305908203125,566828,CONCOR.NS
2023-04-20,604.9388721747137,611.6554884700236,596.3592222406887,599.6929931640625,3481181,CONCOR.NS
2023-04-21,601.2619718240633,603.4191532514994,591.8488328262232,596.3593139648438,767883,CONCOR.NS
2023-04-24,596.3592670388591,597.8790788862475,589.054295434052,591.3585205078125,402750,CONCOR.NS
2023-04-25,591.3585640570034,594.2021295397645,588.3679547473461,592.584228515625,558965,CONCOR.NS
2023-04-26,590.230962642455,600.0852924859582,587.33838267825,598.7125244140625,938468,CONCOR.NS
2023-04-27,599.5950213195564,600.3794345620429,590.7702376860715,594.9865112304688,705190,CONCOR.NS
2023-04-28,596.6533641725335,602.5365526442431,595.3786853063741,599.7910766601562,1013705,CONCOR.NS
2023-05-02,602.9288250818153,611.1652535249598,599.4969649354489,608.762939453125,1046906,CONCOR.NS
2023-05-03,608.5176956757515,613.714559399142,605.6741908380177,611.4592895507812,1502363,CONCOR.NS
2023-05-04,610.8220627564131,621.6079084240548,610.8220627564131,620.6763916015625,1325697,CONCOR.NS
2023-05-05,623.6180203335042,623.6670349380514,608.0275458864098,611.5574951171875,797805,CONCOR.NS
2023-05-08,611.5574652563877,624.4514176611037,611.0671995410703,623.4708862304688,949897,CONCOR.NS
2023-05-09,626.3635267890493,628.5207081154548,617.587757662676,622.5394897460938,721060,CONCOR.NS
2023-05-10,623.6179967492446,630.481716839252,617.7348081006669,627.1969604492188,442717,CONCOR.NS
2023-05-11,629.4031881180546,633.1782104202856,624.5005306622257,629.5502319335938,708501,CONCOR.NS
2023-05-12,629.5502264143857,633.7664998200563,622.8826243022914,625.82421875,534620,CONCOR.NS
2023-05-15,625.5790348924654,634.8450686169116,623.6669866879151,634.2567138671875,748724,CONCOR.NS
2023-05-16,633.423393905727,636.9532836172167,627.6873081628321,630.6779174804688,903952,CONCOR.NS
2023-05-17,630.4817381911578,634.8941298270212,623.1277521313853,626.853759765625,1030002,CONCOR.NS
2023-05-18,630.8247839948124,630.8247839948124,615.9697708002851,619.1074829101562,1677962,CONCOR.NS
2023-05-19,612.8322511006013,618.0780712312626,598.1242770741868,614.1559448242188,2513385,CONCOR.NS
2023-05-22,617.7348443248663,633.5213775188556,610.1357252081716,632.3447875976562,908178,CONCOR.NS
2023-05-23,635.6785730544292,650.6316787487267,628.9129414680968,648.3274536132812,1255607,CONCOR.NS
2023-05-24,648.0822893831518,654.6518622250202,643.4737794882953,648.8176879882812,1290952,CONCOR.NS
2023-05-25,648.0823535525865,656.9561522970704,646.9547183076459,655.4363403320312,769540,CONCOR.NS
2023-05-26,654.9950025112644,661.7606933921277,651.2199804026126,659.6525268554688,421631,CONCOR.NS
2023-05-29,659.652589518605,665.2906458392769,654.0145331979331,660.5841064453125,845659,CONCOR.NS
2023-05-30,662.741308902426,662.741308902426,650.1904569894962,657.3973999023438,753031,CONCOR.NS
2023-05-31,654.1124913382268,664.4571457757322,654.1124913382268,657.8875732421875,882663,CONCOR.NS
2023-06-01,658.4267795641954,661.7115355383838,645.1896067807007,646.6113891601562,377426,CONCOR.NS
2023-06-02,646.6605366006441,654.995054509826,646.6605366006441,654.0635375976562,894538,CONCOR.NS
2023-06-05,659.4074113495033,666.7613973496835,651.1709230905448,658.4268798828125,1604415,CONCOR.NS
2023-06-06,659.113216697576,661.6625743897248,651.6611421760338,657.2501831054688,273405,CONCOR.NS
2023-06-07,659.6035822266906,662.9373535712285,652.6417723497304,659.5054931640625,331455,CONCOR.NS
2023-06-08,660.8782259272156,674.6056668218462,656.3678050005941,661.0253295898438,948257,CONCOR.NS
2023-06-09,660.8782696449683,669.9972011588208,652.9850025777869,660.3389892578125,682120,CONCOR.NS
2023-06-12,652.0534455972897,658.0837382434505,639.0123886547226,650.484619140625,1405896,CONCOR.NS
2023-06-13,649.11189360111,653.1811235193923,633.4724032285013,638.3750610351562,3992107,CONCOR.NS
2023-06-14,642.2480170946362,652.5926105914405,638.6200392271678,649.4058837890625,1913846,CONCOR.NS
2023-06-15,646.9055365859685,656.3676877366269,642.2480128288131,646.6113891601562,1467295,CONCOR.NS
2023-06-16,652.0534426139377,656.9561000772004,645.238736770624,655.2891845703125,1114808,CONCOR.NS
2023-06-19,658.7210177097106,658.7210177097106,646.1702270891924,648.082275390625,1260021,CONCOR.NS
2023-06-20,639.2575085946286,641.2185715492271,616.9504174860705,623.961181640625,2796342,CONCOR.NS
2023-06-21,625.5790676007666,641.4636891236439,625.0397872704889,640.4341430664062,1522352,CONCOR.NS
2023-06-22,641.2675701586021,641.2675701586021,627.5401298188156,629.9424438476562,1073821,CONCOR.NS
2023-06-23,629.9425082606197,637.1493912371706,620.7254877226896,629.8934936523438,653943,CONCOR.NS
2023-06-26,630.187542988303,638.2279124407288,620.1370961344925,637.1492919921875,685285,CONCOR.NS
2023-06-27,637.1493581195845,640.8263512526001,628.9619440154935,636.1198120117188,1023867,CONCOR.NS
2023-06-28,636.31589455579,645.4838396472874,633.66844767928,644.3071899414062,618303,CONCOR.NS
2023-06-30,645.1896421733201,650.6805939126367,639.5515867895866,648.9156494140625,580747,CONCOR.NS
2023-07-03,654.0144166704521,664.1628923007224,642.5912023955501,644.2581176757812,1034099,CONCOR.NS
2023-07-04,653.0340174345494,653.524283213404,643.0325835765327,651.7593383789062,1051281,CONCOR.NS
2023-07-05,652.0533893714761,661.7606742948593,645.581905987146,659.9466552734375,1193025,CONCOR.NS
2023-07-06,660.8782079724298,678.0865232284465,657.9366135749265,676.5667114257812,1338976,CONCOR.NS
2023-07-07,678.9689555738594,679.1159993704589,653.0338890036613,657.5933837890625,781925,CONCOR.NS
2023-07-10,661.8097777712275,661.8097777712275,646.1702876708171,658.5740356445312,584713,CONCOR.NS
2023-07-11,658.6229431547057,669.2126701414123,654.4556847692097,664.0648803710938,1007871,CONCOR.NS
2023-07-12,664.8002760720575,670.683464355881,658.917087788234,669.8500366210938,828232,CONCOR.NS
2023-07-13,669.9481832334211,673.5761619469843,661.956827141933,665.1435546875,707954,CONCOR.NS
2023-07-14,665.2906133457342,676.5667254363399,664.0649489880597,675.3900756835938,554148,CONCOR.NS
2023-07-17,671.0756645828002,680.6358450273932,650.1902994263369,671.3698120117188,1636750,CONCOR.NS
2023-07-18,670.6834731348071,678.1845622336222,660.2407898555762,667.7908935546875,665435,CONCOR.NS
2023-07-19,666.7614101211751,676.5667249758983,657.2012281378201,672.5465698242188,832127,CONCOR.NS
2023-07-20,676.5667373625317,691.2747099138912,669.3107802984371,672.3504638671875,1698375,CONCOR.NS
2023-07-21,671.0265933300443,672.1052137037192,658.5248188430462,661.7606201171875,1377045,CONCOR.NS
2023-07-24,664.8003159783503,674.0663500509663,653.0339387043973,667.3006591796875,905295,CONCOR.NS
2023-07-25,671.6640992470909,673.625162310586,660.9762816122842,666.3201904296875,1182873,CONCOR.NS
2023-07-26,666.7613575326029,673.6250773895562,663.917792510253,665.7318115234375,504923,CONCOR.NS
2023-07-27,668.7224817606552,670.1932790079294,657.4463695315533,661.9077758789062,561343,CONCOR.NS
2023-07-28,661.858695051989,677.4981828525948,658.377820551093,676.321533203125,1040732,CONCOR.NS
2023-07-31,675.586190521584,685.1953870676068,671.2228134610284,681.1752319335938,1015449,CONCOR.NS
2023-08-01,685.1463216802282,691.1766137811778,677.2040412102393,680.0475463867188,1289474,CONCOR.NS
2023-08-02,680.0965945124744,683.3323961974971,660.8782018975338,666.173095703125,1130856,CONCOR.NS
2023-08-03,660.3879471802945,677.5472479607773,660.3879471802945,675.5371704101562,626316,CONCOR.NS
2023-08-04,680.4888199823379,683.4304143050281,673.8702327562848,681.616455078125,468756,CONCOR.NS
2023-08-07,678.086508263558,686.3720109363824,672.203319598389,685.3914794921875,565425,CONCOR.NS
2023-08-08,688.3331365962713,699.1189834660134,682.155799903889,696.8147583007812,1433476,CONCOR.NS
2023-08-09,700.5406629852532,700.5406629852532,684.1657768161907,695.5399169921875,1200579,CONCOR.NS
2023-08-10,693.2357628080291,695.7851207409847,678.1846283887901,682.9891967773438,742235,CONCOR.NS
2023-08-11,671.6640162131412,673.9682410891318,655.975513644659,664.7512817382812,1982467,CONCOR.NS
2023-08-14,652.0534023899571,656.9070449485534,633.3252759743546,652.1024169921875,2043555,CONCOR.NS
2023-08-16,652.1515083497668,652.690848578447,641.4147357813969,645.1897583007812,1110423,CONCOR.NS
2023-08-17,645.1896889224398,652.9849258567621,639.3065002696516,648.1802978515625,1117217,CONCOR.NS
2023-08-18,646.1211735082519,650.4845501773,639.3064683562428,642.0029296875,1328417,CONCOR.NS
2023-08-21,641.9540228853854,648.1313597303803,640.2871072676828,645.0917358398438,1406612,CONCOR.NS
2023-08-22,646.7095319529018,651.1709382609039,642.395229307087,649.6021118164062,608286,CONCOR.NS
2023-08-23,650.0923686286877,659.7996541804521,644.1111505634701,647.837158203125,836022,CONCOR.NS
2023-08-24,651.0729285258196,654.700907114996,647.2979061169503,652.1514892578125,304652,CONCOR.NS
2023-08-25,651.0729196677767,651.5631854205385,641.267604612539,650.3865356445312,685050,CONCOR.NS
2023-08-28,651.0729302592666,653.9164956103014,641.0714967708448,651.1709594726562,1203345,CONCOR.NS
2023-08-29,652.8868286861477,658.3778406019397,645.7289612169707,656.9070434570312,433534,CONCOR.NS
2023-08-30,661.8586703861573,672.7916190283271,655.4852165231795,670.9776000976562,706966,CONCOR.NS
2023-08-31,677.5472486888425,677.5472486888425,657.348324258583,659.3093872070312,1312643,CONCOR.NS
2023-09-01,659.3093865007336,677.5962625672876,659.3093865007336,673.6251220703125,971508,CONCOR.NS
2023-09-04,674.5567124292085,682.4009650691949,666.075090323464,668.6735229492188,1051153,CONCOR.NS
2023-09-05,666.76144837204,675.9293943483973,661.9078052711292,672.8897705078125,769275,CONCOR.NS
2023-09-06,672.8896744113013,691.2746381930308,667.741884552417,684.9011840820312,1019097,CONCOR.NS
2023-09-07,678.5277760527891,689.3136222039172,674.6056501796515,677.4982299804688,581325,CONCOR.NS
2023-09-08,678.5278093519735,705.3453223868812,675.1449636509989,695.0988159179688,2697140,CONCOR.NS
2023-09-11,702.060600524057,733.1434631032306,702.060600524057,719.3179321289062,4258948,CONCOR.NS
2023-09-12,724.612704142747,724.612704142747,683.920651068425,685.8817138671875,1524072,CONCOR.NS
2023-09-13,683.9206755966054,690.2941299211616,672.8896969579504,685.489501953125,1709391,CONCOR.NS
2023-09-14,701.8154110333936,710.8853272779746,694.26530662258,708.7771606445312,2836228,CONCOR.NS
2023-09-15,708.9241814601165,710.8852442027447,700.7367684483977,703.3841552734375,976388,CONCOR.NS
2023-09-18,704.9566045797982,725.2498667124648,694.2449555449439,722.9404907226562,3050555,CONCOR.NS
2023-09-20,720.237943443462,732.9150382517851,711.8356110936531,729.3772583007812,2037458,CONCOR.NS
2023-09-21,728.1488740966608,733.1116149902052,716.3070697916801,727.5592041015625,1413616,CONCOR.NS
2023-09-22,725.2498056839923,729.3772555986533,713.457125916773,722.3016357421875,1312782,CONCOR.NS
2023-09-25,715.5700654854775,723.1369876574946,706.8729274340149,717.486328125,1517999,CONCOR.NS
2023-09-26,713.4570917129265,723.1368918988582,710.4106735780449,718.9111938476562,923602,CONCOR.NS
2023-09-27,717.3880681879535,721.0732808670012,709.0840436216977,711.0003662109375,1156256,CONCOR.NS
2023-09-28,709.5262379406797,713.9976170562214,695.6206789527594,697.9301147460938,1088548,CONCOR.NS
2023-09-29,697.6353319262174,705.5953670891319,694.7854102117218,703.8264770507812,1702263,CONCOR.NS
2023-10-03,705.742788412402,707.2168734178051,695.3258850524837,700.8782958984375,781987,CONCOR.NS
2023-10-04,700.8783011008844,705.7427936509569,686.4813801156475,700.58349609375,543728,CONCOR.NS
2023-10-05,700.5835137249592,713.1623608515322,695.5224643825375,697.1439819335938,805424,CONCOR.NS
2023-10-06,700.8782606548835,704.7108454878071,696.3085733756511,702.9419555664062,445913,CONCOR.NS
2023-10-09,692.1320697094578,700.6817751754761,687.2675769459755,697.5370483398438,694946,CONCOR.NS
2023-10-10,702.8437600362853,705.2022601151298,691.6898138965167,692.6234130859375,656117,CONCOR.NS
2023-10-11,693.802728471115,696.4560936781173,684.0246185312295,686.3831787109375,474477,CONCOR.NS
2023-10-12,688.8890472168604,691.8863413462774,683.3366364674231,688.9381713867188,1786426,CONCOR.NS
2023-10-13,689.9700218814503,703.0402900769553,683.9263094264358,700.8291625976562,1154348,CONCOR.NS
2023-10-16,703.2367591363403,705.8901240034178,693.262153776565,704.219482421875,1370256,CONCOR.NS
2023-10-17,707.5608307201558,710.8038058648215,704.6617847648201,710.0176391601562,802524,CONCOR.NS
2023-10-18,710.017538221746,712.179541337724,700.0428733811048,706.9219360351562,1200250,CONCOR.NS
2023-10-19,701.4678915709726,702.598047377618,694.1465908643103,701.1239624023438,1651315,CONCOR.NS
2023-10-20,697.7335649729336,702.4997491357615,691.5915441545098,695.718994140625,1364869,CONCOR.NS
2023-10-23,696.0137256147918,700.4851043020999,682.9435186900965,688.5941772460938,1288944,CONCOR.NS
2023-10-25,686.9236357448544,699.6990395569906,678.9144162857456,682.0591430664062,674117,CONCOR.NS
2023-10-26,677.1454918165211,692.7708166006353,663.3382411632573,679.3074951171875,810939,CONCOR.NS
2023-10-27,679.9462726106302,691.3458388539065,674.4429861636897,677.2929077148438,891975,CONCOR.NS
2023-10-30,678.1773696860015,686.4322699380849,672.1827811562636,676.8998413085938,986581,CONCOR.NS
2023-10-31,681.6660961130838,682.5996353389737,671.5931814742337,676.3102416992188,568594,CONCOR.NS
2023-11-01,676.3102499455997,677.9808917070851,660.586675683479,663.8296508789062,284653,CONCOR.NS
2023-11-02,667.3182716818575,674.14821088742,666.8269100121145,670.7086791992188,936398,CONCOR.NS
2023-11-03,689.7735750026961,707.3642877863189,688.9873483020871,701.4188232421875,4841128,CONCOR.NS
2023-11-06,707.5608598800612,729.1807750430631,705.5954130470611,722.0560302734375,2593068,CONCOR.NS
2023-11-07,725.2007112060129,733.1116222109481,714.4890026532886,730.1634521484375,702505,CONCOR.NS
2023-11-08,730.2125869766807,732.7677037232164,724.6602359329927,728.93505859375,409412,CONCOR.NS
2023-11-09,726.330719948582,729.1315171604041,717.633643299695,722.6455078125,399667,CONCOR.NS
2023-11-10,722.64566579986,726.2326303887745,713.4572255240193,724.1197509765625,488913,CONCOR.NS
2023-11-13,727.1661772926311,729.8686665886179,717.9776776978713,724.8076171875,679954,CONCOR.NS
2023-11-15,727.2151868364077,748.0980553773181,725.1023079094141,742.4965209960938,1248206,CONCOR.NS
2023-11-16,745.1091196839207,747.8202206527288,739.5883563252523,741.067138671875,1304037,CONCOR.NS
2023-11-17,741.0670926294662,744.3204015555468,734.659036192233,740.0812377929688,563879,CONCOR.NS
2023-11-20,740.0812950608666,747.4259261954649,734.9548374800312,740.3277587890625,887881,CONCOR.NS
2023-11-21,745.3063255507092,756.0521683343837,737.3209247028183,738.7503662109375,1006393,CONCOR.NS
2023-11-22,741.3629208824875,746.7358423833518,730.9621632156393,738.6025390625,430759,CONCOR.NS
2023-11-23,739.0461622499482,742.9402410328183,727.8566728441791,740.9192504882812,295661,CONCOR.NS
2023-11-24,744.0247375840577,744.0247375840577,731.5043677724581,738.010986328125,749709,CONCOR.NS
2023-11-28,740.3769717137839,758.1223585191741,737.4194072462188,756.0027465820312,845708,CONCOR.NS
2023-11-29,760.0941473313856,760.0941473313856,750.3341595031537,757.2844848632812,964233,CONCOR.NS
2023-11-30,755.3127903581894,766.896585964665,748.3131841439562,765.0234375,1424004,CONCOR.NS
2023-12-01,764.0375549464089,776.8043880601978,759.6012078531717,774.0440063476562,1154908,CONCOR.NS
2023-12-04,792.6274154763325,792.6274154763325,776.6565525331183,789.5712890625,1794043,CONCOR.NS
2023-12-05,789.5712329411142,794.9934350247678,776.2128505793929,786.810791015625,1782971,CONCOR.NS
2023-12-06,788.6346840091799,795.4370471018257,776.2622163469562,787.5995483398438,1233932,CONCOR.NS
2023-12-07,788.5853239246318,835.0683443138678,782.0786457674806,830.434814453125,3432629,CONCOR.NS
2023-12-08,847.8351767055334,848.5745678480091,818.3580924234445,831.2728271484375,1696687,CONCOR.NS
2023-12-11,834.4276020742708,834.4276020742708,823.7310404261012,832.6530151367188,765109,CONCOR.NS
2023-12-12,837.9767094158843,855.524915531643,835.0191445591224,843.5468139648438,1287959,CONCOR.NS
2023-12-13,843.8425848676445,858.8768733607897,831.6179590077719,850.54638671875,3260734,CONCOR.NS
2023-12-14,853.7010607936281,866.5664551756977,843.152401352691,863.3624267578125,1759665,CONCOR.NS
2023-12-15,866.5664373938592,867.4537308524049,845.3705575258638,847.7366333007812,1476551,CONCOR.NS
2023-12-18,848.2789055452652,861.3414836602276,840.1456021906658,857.052978515625,1740503,CONCOR.NS
2023-12-19,863.6088651079104,864.1017925423328,842.9059128621728,848.2295532226562,1608667,CONCOR.NS
2023-12-20,857.5459438301323,863.5596954062136,810.4713677915389,818.8511352539062,1413534,CONCOR.NS
2023-12-21,810.7177439284897,831.9629649246208,804.8519554761823,827.8716430664062,1066836,CONCOR.NS
2023-12-22,824.1254443691503,829.7941102414213,812.5909296033844,820.6256713867188,1541803,CONCOR.NS
2023-12-26,823.1888630399372,840.3427628175173,819.2454433367519,829.8433837890625,876297,CONCOR.NS
2023-12-27,829.843372674467,834.9205495430401,821.2664229005533,825.8013916015625,1122363,CONCOR.NS
2023-12-28,829.596923775504,849.2647416676452,826.1464315197533,844.7791137695312,1787246,CONCOR.NS
2023-12-29,850.3491776354779,855.4263547119116,838.9625649632299,847.490234375,1071326,CONCOR.NS
2024-01-01,847.8352725508138,861.4400590759877,842.0187041704032,849.018310546875,759906,CONCOR.NS
2024-01-02,852.2715497843283,870.2141207615177,833.0473794884413,867.207275390625,1362479,CONCOR.NS
2024-01-03,870.4606690221216,877.7066790763479,857.0037244393436,869.6719970703125,1965216,CONCOR.NS
2024-01-04,872.4816044126553,919.5068961424789,872.4816044126553,900.3812866210938,4075191,CONCOR.NS
2024-01-05,906.2471045260576,907.134397992739,873.8124546875144,883.2274169921875,983472,CONCOR.NS
2024-01-08,886.1357023677482,886.1357023677482,855.771381783494,858.4824829101562,1078181,CONCOR.NS
2024-01-09,867.5523032254354,883.3259814658978,866.7636313477736,873.4181518554688,1385563,CONCOR.NS
2024-01-10,874.1083299702109,878.889702488214,855.9192938069561,873.7632446289062,997946,CONCOR.NS
2024-01-11,882.3401644126327,903.5360454571819,877.4108897511096,890.0791015625,1960470,CONCOR.NS
2024-01-12,900.036238618372,900.036238618372,869.0310901295857,877.1151123046875,1435565,CONCOR.NS
2024-01-15,882.3401766074679,894.0225336480157,872.1366019858153,888.5017700195312,1027152,CONCOR.NS
2024-01-16,891.1635899536171,891.1635899536171,860.8978310946285,870.2141723632812,1299501,CONCOR.NS
2024-01-17,867.5523176415468,869.179002305848,831.5686135575507,838.1245727539062,1856770,CONCOR.NS
2024-01-18,837.9767075988894,837.9767075988894,802.3873679684139,831.716552734375,2296029,CONCOR.NS
2024-01-19,837.9766394641928,855.3770019876716,828.7095796178663,846.5535888671875,1564164,CONCOR.NS
2024-01-23,865.5313221936128,871.2492685839038,805.5913562592035,813.6260375976562,1482258,CONCOR.NS
2024-01-24,816.2878398024118,831.4206881261614,805.0984109946158,829.2025146484375,1124950,CONCOR.NS
2024-01-25,832.0615600280541,834.3782950423468,806.5278932997016,816.9287109375,1772063,CONCOR.NS
2024-01-29,819.2454786026137,855.5742101133189,803.668982138876,848.1802978515625,6047472,CONCOR.NS
2024-01-30,855.7220478276682,881.8472025136512,842.9059342081295,853.2081298828125,6244159,CONCOR.NS
2024-01-31,859.1725495502311,879.3825750990318,852.764492668904,874.9462280273438,2756554,CONCOR.NS
2024-02-01,880.0726315655709,911.2256205775999,860.2569130915043,908.1694946289062,4773808,CONCOR.NS
2024-02-02,923.7953616559658,924.6333744600145,902.2051745224926,907.0358276367188,3415920,CONCOR.NS
2024-02-05,916.8943555931537,938.4353216813595,900.1348219662866,917.2394409179688,3238887,CONCOR.NS
2024-02-06,922.6616962604621,927.1473243676451,906.9865780707321,922.5137939453125,1185651,CONCOR.NS
2024-02-07,927.905074270633,928.894312089685,908.1697677048917,912.621337890625,1022135,CONCOR.NS
2024-02-08,918.0126405715076,953.6251999040229,910.2965981251189,940.61669921875,3711989,CONCOR.NS
2024-02-09,950.6575821213539,961.0940294540006,900.3053509669413,933.197509765625,2799376,CONCOR.NS
2024-02-12,941.7049342754581,941.7049342754581,896.7440642619044,903.817138671875,2251407,CONCOR.NS
2024-02-13,905.0536988167104,923.6019078012729,884.3786043839377,915.3417358398438,1624595,CONCOR.NS
2024-02-14,910.9891441551389,932.3566571871047,903.1741411266064,929.537353515625,1538122,CONCOR.NS
2024-02-15,938.7867075829797,951.3005903759429,923.9481400237124,944.8705444335938,1713175,CONCOR.NS
2024-02-16,946.7005976628787,976.377732385853,940.9630303587608,970.2444458007812,3576995,CONCOR.NS
2024-02-19,974.151938163004,1004.2742417005177,956.0488982271017,999.3775024414062,3354158,CONCOR.NS
2024-02-20,990.7216332881034,1002.8397960517372,979.3453988569369,989.0399169921875,3193542,CONCOR.NS
2024-02-21,993.1947903212607,1016.5902893641068,975.4874088524656,981.2250366210938,3854456,CONCOR.NS
2024-02-22,991.9582389060612,1012.9795428968404,975.091745897352,1002.7904052734375,2872499,CONCOR.NS
2024-02-23,1010.5064567475171,1010.5064567475171,990.4743904243284,994.1345825195312,1290598,CONCOR.NS
2024-02-26,994.1346284551182,994.480837564893,968.2165836921209,976.42724609375,3999562,CONCOR.NS
2024-02-27,976.4271285579979,987.6550134716515,954.8123074402307,961.5885620117188,1540090,CONCOR.NS
2024-02-28,969.6508953686591,975.3390126701637,940.9629994132448,946.9478759765625,1761906,CONCOR.NS
2024-02-29,941.9522380353679,975.0422542680844,934.8297138541559,966.8810424804688,3664111,CONCOR.NS
2024-03-01,973.2121653758011,978.2573145373144,961.885380143182,967.5240478515625,627986,CONCOR.NS
2024-03-04,966.5347651693929,980.0873348912879,961.5391264338449,975.536865234375,1935494,CONCOR.NS
2024-03-05,973.5089307107936,974.5971285578731,955.752159848932,957.5327758789062,1258586,CONCOR.NS
2024-03-06,954.6144653506933,964.5068432299752,939.0834200045643,961.2423706054688,1005912,CONCOR.NS
2024-03-07,961.5886229405032,965.1993651801968,948.7285311188788,954.3177490234375,763240,CONCOR.NS
2024-03-11,954.3177408934723,961.1434456521371,940.5178611729427,945.4640502929688,1674256,CONCOR.NS
2024-03-12,944.7221174910262,953.6252578652872,911.7805101819175,915.0449829101562,817033,CONCOR.NS
2024-03-13,908.2191991449303,918.7051560416969,843.9187422074988,853.1681518554688,3796016,CONCOR.NS
2024-03-14,853.1682005836086,911.088064949647,845.7489166670805,858.6090087890625,1997066,CONCOR.NS
2024-03-15,858.7078520301585,863.0110726461155,835.9059330331361,856.4326171875,2284557,CONCOR.NS
2024-03-18,859.4992826081306,869.9357902378155,840.3081045275314,845.699462890625,1604337,CONCOR.NS
2024-03-19,844.8091378514613,848.6671896814892,818.6932340288598,822.7491455078125,1306629,CONCOR.NS
2024-03-20,826.5576248976043,834.224217784377,810.6309206002677,830.5640258789062,1182471,CONCOR.NS
2024-03-21,841.8413982055301,868.1056506684826,837.1919683019458,863.802490234375,2443904,CONCOR.NS
2024-03-22,863.8025347028201,871.4691283243966,855.2950526506137,858.7573852539062,999736,CONCOR.NS
2024-03-26,858.7573355580008,870.9744589781642,853.4649373219808,858.7078857421875,950457,CONCOR.NS
2024-03-27,860.6369605422728,877.454004598846,852.9209171096206,856.8778686523438,1643044,CONCOR.NS
2024-03-28,859.6476375498311,882.1033474072842,855.2949671324428,872.6066284179688,1661176,CONCOR.NS
2024-04-01,884.3785831644847,899.1182503685393,878.1958469846435,892.539794921875,2133855,CONCOR.NS
2024-04-02,894.27098917952,912.2751295771541,887.445224070973,907.22998046875,1302199,CONCOR.NS
2024-04-03,907.2300156632804,915.2428785421971,899.8602419218379,904.1139526367188,689633,CONCOR.NS
2024-04-04,910.0987745404877,916.1331009594971,900.206396556352,903.817138671875,716188,CONCOR.NS
2024-04-05,903.8171449278246,932.0598721923631,895.7053828490294,923.4534912109375,1816263,CONCOR.NS
2024-04-08,923.9481310657602,926.6190852761898,882.4001423026318,901.5418701171875,2331541,CONCOR.NS
2024-04-09,911.3353537252639,923.7997262707619,904.7074481679684,914.4514770507812,1117137,CONCOR.NS
2024-04-10,917.715888799104,964.2595136748741,915.6879634517971,960.2531127929688,4586719,CONCOR.NS
2024-04-12,958.5714431404458,964.4574202178424,934.038357393726,936.6103515625,997938,CONCOR.NS
2024-04-15,924.04706476289,943.5845125800997,912.3246202238793,918.903076171875,2887446,CONCOR.NS
2024-04-16,910.0987791679211,949.569391676626,907.2299653866216,936.6597900390625,2600963,CONCOR.NS
2024-04-18,944.4253661574867,944.6726756144055,910.0988014614886,914.2041625976562,1614368,CONCOR.NS
2024-04-19,906.1418547022787,923.8986858739029,888.6817828047906,916.8750610351562,1884184,CONCOR.NS
2024-04-22,929.7846382581113,938.1931596113486,919.4470911070039,935.5716552734375,1124453,CONCOR.NS
2024-04-23,935.8189919966616,948.1350151192092,929.8341151700146,938.1436767578125,1271123,CONCOR.NS
2024-04-24,937.6490154317471,965.8918026488604,937.5995656178862,962.5778198242188,2166181,CONCOR.NS
2024-04-25,971.035815622409,1001.108669367367,957.7800651206023,993.9861450195312,3929729,CONCOR.NS
2024-04-26,999.0806231953009,1067.387474031484,995.3709818351358,1056.505859375,7642272,CONCOR.NS
2024-04-29,1071.344596607968,1072.185424633123,1025.2461367316455,1038.254638671875,3847372,CONCOR.NS
2024-04-30,1046.6135965191436,1048.4931724978546,1013.3257202668195,1016.9364624023438,2814829,CONCOR.NS
2024-05-02,1022.6246023563928,1044.1900352601037,1017.5300034025292,1039.1943359375,1530017,CONCOR.NS
2024-05-03,1049.779139840172,1062.1941229441502,1036.7707589444135,1048.0479736328125,2723333,CONCOR.NS
2024-05-06,1057.4952769364968,1057.4952769364968,1016.6892150341297,1021.2396850585938,1290298,CONCOR.NS
2024-05-07,1021.8826631898112,1022.6245915512752,974.3992480561124,991.5625,2022960,CONCOR.NS
2024-05-08,994.1345950939225,1020.8934670131345,989.7324745606987,1008.0828247070312,1361317,CONCOR.NS
2024-05-09,1006.7967959314824,1015.947245808531,977.3175208356748,979.93896484375,839141,CONCOR.NS
2024-05-10,987.2593522858435,1002.0979197049694,967.524045542749,990.968994140625,1407788,CONCOR.NS
2024-05-13,998.6355843390248,1007.7365844046958,982.412059857686,1002.2957763671875,2352890,CONCOR.NS
2024-05-14,1009.9128557191168,1023.8610840167278,994.1839511466777,1016.0460815429688,1129308,CONCOR.NS
2024-05-15,1018.8160340443332,1027.4223545989441,1010.3085527400933,1016.14501953125,1057905,CONCOR.NS
2024-05-16,1020.8933016685494,1030.785678622702,1008.0826614372663,1025.2459716796875,1069653,CONCOR.NS
2024-05-17,1023.8610785892241,1104.0388471040776,987.9023102702773,1075.3509521484375,12366085,CONCOR.NS
2024-05-21,1105.9678761506063,1107.1549132248845,1065.9037446800344,1082.0777587890625,3637937,CONCOR.NS
2024-05-22,1084.2045987714432,1088.16154986185,1058.5339268750552,1070.157470703125,1796314,CONCOR.NS
2024-05-23,1072.2842762009695,1101.2689923461687,1064.964013009807,1093.9486083984375,3765254,CONCOR.NS
2024-05-24,1097.9056220974674,1107.8475109594528,1084.1551916003775,1090.98095703125,2248991,CONCOR.NS
2024-05-27,1101.4174203625032,1103.4947956471901,1085.8369245924957,1091.1788330078125,2770553,CONCOR.NS
2024-05-28,1094.0971027755947,1099.340111878145,1058.7813585202794,1069.0693359375,2215982,CONCOR.NS
2024-05-29,1065.3596305853976,1085.391696602838,1050.5705733591008,1073.125244140625,1886810,CONCOR.NS
2024-05-30,1066.39837001416,1075.0046907459691,1052.004911429801,1054.5770263671875,841185,CONCOR.NS
2024-05-31,1061.4521607814318,1069.0198541125942,1035.2868692400057,1063.2822265625,2862392,CONCOR.NS
2024-06-03,1109.9247543728045,1167.300543814536,1093.1077126398832,1161.6124267578125,7777140,CONCOR.NS
2024-06-04,1167.3006101264,1167.3006101264,871.2217471081317,938.5393676757812,11525081,CONCOR.NS
2024-06-05,968.4637864422745,994.0850690908857,881.262451999964,982.5604248046875,9725718,CONCOR.NS
2024-06-06,1003.0871986130076,1062.7382903834527,994.2829574324461,1041.420166015625,4231087,CONCOR.NS
2024-06-07,1045.6242727338588,1048.5919859015044,1029.301850311807,1043.447998046875,1823209,CONCOR.NS
2024-06-10,1049.9770922188677,1062.2930553138644,1031.181572816867,1043.596435546875,3010024,CONCOR.NS
2024-06-11,1054.082355104875,1084.6992158121784,1041.3211637087131,1076.0928955078125,4660360,CONCOR.NS
2024-06-12,1084.2047358811647,1139.602058152465,1077.923099382074,1129.066650390625,7365867,CONCOR.NS
2024-06-13,1139.9481975862996,1140.986945618025,1114.4259338395827,1128.0279541015625,1696148,CONCOR.NS
2024-06-14,1127.7310514175354,1134.309506702117,1112.3978660693144,1127.5826416015625,2423581,CONCOR.NS
2024-06-18,1127.5827246208637,1132.6278134394472,1119.1248135664484,1128.0279541015625,823281,CONCOR.NS
2024-06-19,1127.731122400535,1127.731122400535,1089.1508471605166,1091.1788330078125,2279630,CONCOR.NS
2024-06-20,1088.2111230750002,1101.5658337785383,1075.40042072396,1084.1551513671875,1775105,CONCOR.NS
2024-06-21,1086.1831101643982,1103.9398804660068,1076.2907321118992,1079.1595458984375,1650747,CONCOR.NS
2024-06-24,1068.4263129346905,1069.860659413525,1028.2137730134655,1038.056640625,5176051,CONCOR.NS
2024-06-25,1048.5426280999388,1050.5211038325726,1037.0181035626078,1040.084716796875,1670151,CONCOR.NS
2024-06-26,1040.0847820189829,1050.5211697091302,1032.7643971978728,1036.0289306640625,1596944,CONCOR.NS
2024-06-27,1039.6890271601787,1046.9105120929428,1018.2720025920999,1036.7213134765625,1175750,CONCOR.NS
2024-06-28,1033.852412342322,1043.1512719189923,1023.5643149544435,1031.1815185546875,1250197,CONCOR.NS
2024-07-01,1027.8674757238489,1034.4458097931167,1019.6072443618878,1025.2459716796875,1207666,CONCOR.NS
2024-07-02,1023.910672836681,1030.3407187856412,1006.0548815527086,1016.2440795898438,1921959,CONCOR.NS
2024-07-03,1018.9149387001216,1023.8611277229377,1004.867749799667,1011.5451049804688,1809188,CONCOR.NS
2024-07-04,1014.661124721439,1035.039519234748,1013.0289790185195,1021.4375,2949896,CONCOR.NS
2024-07-05,1020.8933663515886,1058.7812207891611,1016.0955873761518,1046.5146484375,3546969,CONCOR.NS
2024-07-08,1052.499536232363,1053.2414646015545,1022.6741123961232,1031.9234619140625,2604978,CONCOR.NS
2024-07-09,1027.8677006570065,1044.4374356812457,1007.5882630848708,1029.104248046875,2654169,CONCOR.NS
2024-07-10,1036.6223338689526,1037.1663422150345,1004.0763854980469,1032.7642822265625,2061836,CONCOR.NS
2024-07-11,1042.5578162832091,1056.5060461114554,1028.8568959226857,1047.6029052734375,2250522,CONCOR.NS
2024-07-12,1055.318927996207,1055.4672170602018,1030.340673672751,1046.0694580078125,2174424,CONCOR.NS
2024-07-15,1051.2135696690905,1051.2135696690905,1032.0718424386987,1044.9813232421875,3021990,CONCOR.NS
2024-07-16,1059.4736320080633,1063.4305830146295,1034.0007599032942,1036.57275390625,5977395,CONCOR.NS
2024-07-18,1049.5813116060613,1051.5597872170056,1018.9149396364213,1028.510498046875,5805768,CONCOR.NS
2024-07-19,1025.8395783958672,1029.3019106276759,996.3603046121247,1000.0699462890625,1911619,CONCOR.NS
2024-07-22,993.1948395058305,1034.6933206028702,980.3841967811683,1027.86767578125,2528388,CONCOR.NS
2024-07-23,1043.5964190133334,1043.645929208342,978.0594719887264,1019.1622924804688,3998368,CONCOR.NS
2024-07-24,1015.0075334064285,1027.2245965715529,1009.0225961755037,1013.2763671875,1943815,CONCOR.NS
2024-07-25,1004.0763776570799,1017.9257070040742,997.497922065944,1003.9774780273438,2277785,CONCOR.NS
2024-07-26,1005.0656152463768,1034.7922597479742,1005.0656152463768,1028.7578125,2483148,CONCOR.NS
2024-07-29,1038.6501906028186,1046.762013101071,1025.9385088920103,1028.7578125,2233424,CONCOR.NS
2024-07-30,1028.757816376675,1043.349074133317,1026.878361135312,1037.3642578125,1740727,CONCOR.NS
2024-07-31,1047.8006505292653,1047.8006505292653,1026.8288570501372,1029.25244140625,1158486,CONCOR.NS
2024-08-01,1029.5493119117712,1033.7040626579321,1018.7665949909741,1026.87841796875,1198855,CONCOR.NS
2024-08-02,1018.0741883322753,1028.609595905373,1009.566706337478,1019.013916015625,1186188,CONCOR.NS
2024-08-05,999.2785722732833,1004.1752510044677,964.5068399929921,967.7218627929688,3400489,CONCOR.NS
2024-08-06,983.3023205162611,999.1795742799269,967.8702358144006,971.9260864257812,1774810,CONCOR.NS
2024-08-07,990.1775766608928,997.3495506288662,981.4722961961127,993.8377685546875,1618060,CONCOR.NS
2024-08-08,998.1409880643038,1002.7904180229167,982.3131825053058,987.1109619140625,1329610,CONCOR.NS
2024-08-09,990.227061923241,994.2334630351855,958.3735919115916,970.2444458007812,3717978,CONCOR.NS
2024-08-12,964.5069130209457,972.9648846440873,945.464084225404,969.552001953125,3086835,CONCOR.NS
2024-08-13,974.3003775906417,975.3390652521265,943.7329040320012,946.4533081054688,1767025,CONCOR.NS
2024-08-14,950.6575476185191,952.6360232639271,932.0598886273414,941.160888671875,1483608,CONCOR.NS
2024-08-16,944.7221100139116,970.4422931137667,943.9307318403421,968.4143676757812,1098849,CONCOR.NS
2024-08-19,979.1475803764064,979.1475803764064,949.1242367454207,957.8789672851562,2316816,CONCOR.NS
2024-08-20,961.4897397265153,972.321906252275,953.625286748729,969.057373046875,937965,CONCOR.NS
2024-08-21,968.5132889853069,981.7196502918595,962.7757216256405,978.5540771484375,1436705,CONCOR.NS
2024-08-22,980.334649069909,986.1711761773398,974.3992223348743,978.207763671875,1419281,CONCOR.NS
2024-08-23,978.2077936613748,988.693750775047,975.2895903964774,979.691650390625,1843828,CONCOR.NS
2024-08-26,981.3239782159574,990.4744286176687,978.9992933462975,982.1153564453125,1634061,CONCOR.NS
2024-08-27,982.115346654836,984.8852006191113,972.5197272265536,974.349853515625,1151524,CONCOR.NS
2024-08-28,974.3992880372665,976.2788641147446,960.0553391270732,961.48974609375,1354925,CONCOR.NS
2024-08-29,963.5176636883032,963.5176636883032,940.8640928239884,952.6360473632812,1775884,CONCOR.NS
2024-08-30,958.521980672306,964.7541667515168,952.2897945930952,954.71337890625,1763647,CONCOR.NS
2024-09-02,958.571431498709,962.6767925341502,947.9865749266269,951.7456665039062,1766518,CONCOR.NS
2024-09-03,953.1306238708121,968.9584287301094,950.9048388124734,964.407958984375,1371843,CONCOR.NS
2024-09-04,958.4230712122647,963.5176703144207,944.9200107248716,954.762939453125,2112938,CONCOR.NS
2024-09-05,957.5822313520371,960.698354706615,947.6898529289789,949.965087890625,2366186,CONCOR.NS
2024-09-06,951.8941032620414,951.8941032620414,929.1910829558165,932.5050659179688,2648249,CONCOR.NS
2024-09-09,931.8620496558486,940.7651902576561,921.5245021036482,936.7587890625,2189268,CONCOR.NS
2024-09-10,943.2877404465021,943.2877404465021,925.9266282426105,929.1911010742188,1606961,CONCOR.NS
2024-09-11,931.0706320288413,936.8081992091646,920.9803943650816,926.9652709960938,1634827,CONCOR.NS
2024-09-12,931.3179820532637,943.7329049430522,928.0039990426867,941.0619506835938,1274303,CONCOR.NS
2024-09-13,945.0189072550821,956.1972828989237,942.8920821017956,951.0037841796875,1726021,CONCOR.NS
2024-09-16,954.6144759097477,955.5048140800444,940.1221180049857,941.259765625,1006437,CONCOR.NS
2024-09-17,943.2424383310199,946.5137872877225,931.8917946809095,936.9475708007812,779425,CONCOR.NS
2024-09-18,936.7988785797493,939.6241208367715,913.8497601562705,919.5003051757812,950529,CONCOR.NS
2024-09-19,919.9959280615918,927.4308394900926,893.7259076808891,905.1756591796875,2683503,CONCOR.NS
2024-09-20,898.1373018988837,898.1373018988837,874.3455852922907,885.2501220703125,4834345,CONCOR.NS
2024-09-23,890.2067209028678,891.0493199888421,868.7942003706413,879.748291015625,3669159,CONCOR.NS
2024-09-24,879.7482722387022,892.8832820384919,877.9639056500118,885.4979248046875,1574531,CONCOR.NS
2024-09-25,885.2501160752383,886.1918836189643,877.4186518764186,881.5822143554688,1043855,CONCOR.NS
2024-09-26,879.7483424702009,886.8858699002228,877.8648072784357,884.2092895507812,923418,CONCOR.NS
2024-09-27,884.2587965642147,908.5461738241062,884.2587965642147,903.3417358398438,2453157,CONCOR.NS
2024-09-30,903.3417615864275,915.9315573606593,898.1373234538308,910.33056640625,2175799,CONCOR.NS
2024-10-01,914.9897556693262,918.9054877432183,907.1582915215421,913.7010498046875,1205512,CONCOR.NS
2024-10-03,896.8981828384357,909.2401483811852,877.8152427780434,882.7718505859375,1296415,CONCOR.NS
2024-10-04,877.319601987458,884.0605766586974,862.4497782249587,873.4038696289062,2388156,CONCOR.NS
2024-10-07,878.2117604200879,882.0283240770725,850.5538657579413,860.7644653320312,2135446,CONCOR.NS
2024-10-08,862.4497363482524,886.4397296213311,859.8723245567538,883.96142578125,626929,CONCOR.NS
2024-10-09,889.1658741536694,898.4347064208422,880.9874713865878,888.571044921875,702284,CONCOR.NS
2024-10-10,892.0902817855348,900.0704081148739,878.2117801673918,880.3926391601562,1131722,CONCOR.NS
2024-10-11,883.7135841509113,891.2971575017706,874.9899668459371,886.142333984375,839159,CONCOR.NS
2024-10-14,877.31956845483,881.7805154130749,862.9454060338186,873.156005859375,1415657,CONCOR.NS
2024-10-15,876.6751751636444,882.177058086567,867.9020037821954,881.2352905273438,761379,CONCOR.NS
2024-10-16,877.3195647307193,882.2266184650521,873.8994933094896,878.1126098632812,416589,CONCOR.NS
2024-10-17,881.284852801246,881.284852801246,858.4844572844534,861.3593139648438,1052737,CONCOR.NS
2024-10-18,856.5513734900211,868.3976781179516,847.133818761573,865.0271606445312,1432195,CONCOR.NS
2024-10-21,865.4237202322157,868.3481309297408,837.7658245586904,842.8711547851562,1116638,CONCOR.NS
2024-10-22,843.61459711666,845.5476861441656,829.7360961065152,837.0718994140625,1475743,CONCOR.NS
2024-10-23,838.6085226043662,844.3086218246438,809.9097500811791,812.7846069335938,1729635,CONCOR.NS
2024-10-24,817.8402396886172,824.7794902071873,804.7052297784667,806.7374267578125,921067,CONCOR.NS
2024-10-25,810.8514673824607,812.6853880329801,773.7760175093617,788.3980102539062,1043417,CONCOR.NS
2024-10-28,792.0163686044116,794.1972881268795,771.9916610888781,773.9743041992188,1753958,CONCOR.NS
2024-10-29,780.0709441415644,804.9530905969948,775.6099972109159,801.9791259765625,1141795,CONCOR.NS
2024-10-30,796.9729567425102,836.9232023303894,794.3459304838535,828.1995849609375,2829127,CONCOR.NS
2024-10-31,828.6952147347909,845.5972341007772,828.6952147347909,839.7484130859375,1876152,CONCOR.NS
2024-11-01,839.7484648852521,843.6146431512338,832.7101060482214,837.864990234375,181775,CONCOR.NS
2024-11-04,837.8649775646238,837.9145315405223,822.796878058129,830.9752807617188,1332843,CONCOR.NS
2024-11-05,823.3916427501405,832.710089381115,803.0199973074455,829.58740234375,2040055,CONCOR.NS
2024-11-06,831.7187836766064,853.3791354259503,824.8786407528843,851.0,1067959,CONCOR.NS
2024-11-07,856.1548703899966,860.4670948775773,839.4510661734836,841.3841552734375,765172,CONCOR.NS
2024-11-08,845.101629359783,845.101629359783,814.8663217991104,820.219482421875,1154194,CONCOR.NS
2024-11-11,820.2194501054787,824.3333981114808,805.9939499857727,822.69775390625,743364,CONCOR.NS
2024-11-12,822.7473018801104,829.58738401707,799.0051395408016,802.7225952148438,622501,CONCOR.NS
2024-11-13,798.0138750512061,806.935769306437,778.7326581429747,785.4736328125,724162,CONCOR.NS
2024-11-14,785.1266546458268,788.6458339891691,769.7611708743491,778.831787109375,656637,CONCOR.NS
2024-11-18,782.7970383258998,785.4240039695964,775.5603430487345,779.0299682617188,703483,CONCOR.NS
2024-11-19,788.5962933192312,803.1687322107615,773.528193652516,778.930908203125,2035040,CONCOR.NS
2024-11-21,778.9309353468104,778.9309353468104,750.6782701767384,763.26806640625,913632,CONCOR.NS
2024-11-22,763.813235745211,784.9283721468736,759.6496732351243,781.50830078125,476991,CONCOR.NS
2024-11-25,799.1042666186985,807.778330065768,788.4475600980131,800.1452026367188,1141288,CONCOR.NS
2024-11-26,800.1451915089973,805.7461218107904,790.6780225597706,792.36328125,447682,CONCOR.NS
2024-11-27,797.4686120003761,808.8688095251965,792.3632819501187,801.8800048828125,1418241,CONCOR.NS
2024-11-28,807.6296523244196,818.3359126112142,803.019983066338,814.0732421875,2046145,CONCOR.NS
2024-11-29,814.0732809639303,823.7386662189384,814.0732809639303,821.1611938476562,1309486,CONCOR.NS
2024-12-02,821.1612254478771,829.6370735558896,814.9159114515538,828.645751953125,886819,CONCOR.NS
2024-12-03,832.6109548115658,838.1623310277787,828.843884694711,832.5613403320312,858817,CONCOR.NS
2024-12-04,837.5676009824971,842.5242087276758,828.596092559351,836.9232177734375,1294358,CONCOR.NS
2024-12-05,842.5241687986196,844.4571973232564,832.2144009750639,839.7980346679688,914474,CONCOR.NS
2024-12-06,843.6145995980028,844.3580907257331,834.5439836375077,835.7335815429688,599505,CONCOR.NS
2024-12-09,837.1710059171597,858.4844181459566,833.0569974940674,850.6529541015625,1577304,CONCOR.NS
2024-12-10,856.4522144084241,856.4522144084241,841.6319460141495,844.2589721679688,1655543,CONCOR.NS
2024-12-11,844.407651080912,851.8425624144,842.9702227886784,848.9181518554688,723220,CONCOR.NS
2024-12-12,836.6753253789753,838.6579683301103,810.5044142218087,817.4436645507812,1928143,CONCOR.NS
2024-12-13,815.8576401814279,822.1525078567046,805.6965942374916,818.385498046875,1334630,CONCOR.NS
2024-12-16,821.7064008886191,821.7064008886191,807.9270080823309,811.5949096679688,954537,CONCOR.NS
2024-12-17,812.7845539305654,816.7993940619397,798.0138387990553,799.2529907226562,748810,CONCOR.NS
2024-12-18,799.1042842486837,803.3174008730681,787.6049783701977,791.6693725585938,492984,CONCOR.NS
2024-12-19,783.1440046692514,789.9345329126156,773.2307894202735,781.9544067382812,595885,CONCOR.NS
2024-12-20,783.1935825576015,788.1006363567651,758.4105436784579,761.285400390625,885877,CONCOR.NS
2024-12-23,769.3151034187631,773.4786661740457,762.3758523284481,769.6124877929688,506816,CONCOR.NS
2024-12-24,771.2481868817323,778.137883942759,765.6471957696716,769.1168212890625,287631,CONCOR.NS
2024-12-26,769.2655494406401,774.2221573622937,763.5654503307385,769.6124877929688,740735,CONCOR.NS
2024-12-27,774.2221006336323,780.9630748120642,771.2481360985479,777.3447875976562,729821,CONCOR.NS
2024-12-30,778.2865180743133,782.6483570593507,764.9036772632921,772.536865234375,1350115,CONCOR.NS
2024-12-31,772.5368674161281,785.4736014688907,766.2915537877736,781.161376953125,559314,CONCOR.NS
2025-01-01,624.136055452098,626.8324816682132,615.0159451321729,618.029541015625,553843,CONCOR.NS
2025-01-02,621.7568590792264,626.5151901948032,615.1348386966837,626.2772827148438,450577,CONCOR.NS
2025-01-03,626.2773055703028,630.7977293708892,620.9638366390892,623.1843872070312,900001,CONCOR.NS
2025-01-06,623.4619095385239,624.0963698286884,597.6479191002709,605.5784912109375,1635487,CONCOR.NS
2025-01-07,605.5784562468854,608.1162367555573,591.3430946514518,598.1633911132812,2139412,CONCOR.NS
2025-01-08,599.1547356341479,603.1200216131814,590.9861956927505,600.1460571289062,1216712,CONCOR.NS
2025-01-09,602.5251884371713,605.1819227649373,595.0308004064697,601.2959594726562,1583145,CONCOR.NS
2025-01-10,602.7234451568828,602.7234451568828,585.4744276229064,594.9911499023438,2063566,CONCOR.NS
2025-01-13,594.9912458174053,594.9912458174053,574.9665370800743,577.6629028320312,2143896,CONCOR.NS
2025-01-14,577.7421990861476,606.4905246256636,577.7421990861476,604.1113891601562,1243672,CONCOR.NS
2025-01-15,605.0630343440972,605.0630343440972,595.9825551541841,602.0494384765625,718682,CONCOR.NS
2025-01-16,606.6887784249128,619.1001433845045,606.6887784249128,615.4520874023438,1302408,CONCOR.NS
2025-01-17,616.2054715099146,620.8845408423863,611.6057853510453,612.5971069335938,2824970,CONCOR.NS
2025-01-20,613.0332146734476,618.1484067813681,609.3850984581798,614.0245361328125,1548477,CONCOR.NS
2025-01-21,614.6193457796396,616.9192189793416,596.3790055091549,599.471923828125,1212150,CONCOR.NS
2025-01-22,600.7408487381907,602.4458927315903,587.1795774332716,599.5909423828125,1320342,CONCOR.NS
2025-01-23,599.3529595209494,615.1744725702355,594.7929047864387,612.4384155273438,601498,CONCOR.NS
2025-01-24,615.4124341032533,615.690033192491,595.5860022023401,598.2427368164062,817096,CONCOR.NS
2025-01-27,596.4186617037144,596.4582927804137,579.526505188869,584.4434814453125,1112760,CONCOR.NS
2025-01-28,588.4484293506533,597.2117381991476,578.3766293421666,585.3952026367188,678616,CONCOR.NS
2025-01-29,587.6554033260579,594.7929305942824,585.2762679069602,589.1622314453125,423263,CONCOR.NS
2025-01-30,589.2811590253322,603.952705227442,587.655377232585,599.74951171875,1727018,CONCOR.NS
2025-01-31,580.5178478569503,623.3429488804381,558.748466378229,618.6639404296875,5997065,CONCOR.NS
2025-02-01,620.1311347980653,623.3033760044384,584.9986950368785,599.5116577148438,2052607,CONCOR.NS
2025-02-03,597.9651591649493,597.9651591649493,566.441146603193,571.0408325195312,1449951,CONCOR.NS
2025-02-04,571.7942431009684,586.2675736586681,571.7942431009684,581.072998046875,1345673,CONCOR.NS
2025-02-05,582.0246586231825,591.6206432250559,582.0246586231825,587.1002197265625,1165215,CONCOR.NS
2025-02-06,589.6128140939851,589.8520952779509,579.3632179668723,582.5138549804688,796905,CONCOR.NS
2025-02-07,583.0722118272499,585.9437078124537,573.3410377501513,577.369140625,803970,CONCOR.NS
2025-02-10,577.3691513648126,579.3233216863504,565.1653236281041,567.8772583007812,653316,CONCOR.NS
2025-02-11,570.7088862835562,570.7088862835562,548.0161202613339,552.3233642578125,1076133,CONCOR.NS
2025-02-12,552.4429838037145,558.2656954041619,534.2568837480707,551.286376953125,1031160,CONCOR.NS
2025-02-13,550.3691526193027,565.5242573986267,550.3691526193027,553.9984130859375,780902,CONCOR.NS
2025-02-14,553.9584723373265,558.1460757358894,531.9038300737021,538.5640869140625,860522,CONCOR.NS
2025-02-17,538.4045925408634,562.8122479291701,523.0899876248603,561.017578125,1834618,CONCOR.NS
2025-02-18,561.0175343935585,561.4562368319215,537.128303167844,541.435546875,1864910,CONCOR.NS
2025-02-19,542.3927779959605,557.0293993348895,537.0884883791556,555.3543701171875,1329775,CONCOR.NS
2025-02-20,555.1549378917787,558.9836194959227,548.893523619634,551.0869750976562,1405502,CONCOR.NS
2025-02-21,549.5715201336195,556.5109182246628,543.1904042623675,548.454833984375,1009667,CONCOR.NS
2025-02-24,542.392743828431,543.9879922624662,533.0604126941886,539.4414672851562,873327,CONCOR.NS
2025-02-25,538.4045891718696,543.1903955713202,535.6128738434259,539.162353515625,921503,CONCOR.NS
2025-02-27,537.6069702988251,541.0368094095018,520.6172752565949,528.4739990234375,2715185,CONCOR.NS
2025-02-28,521.0559488948817,524.5655684943231,495.73102995386483,497.4858093261719,3432116,CONCOR.NS
2025-03-03,499.55969263253183,504.66456079356,479.5788920211633,501.43414306640625,2610458,CONCOR.NS
2025-03-04,495.01315656330354,505.86098595156625,488.9511029357603,501.2347106933594,1390577,CONCOR.NS
2025-03-05,501.2347231796335,530.4282146802785,500.5965994440321,528.633544921875,1949022,CONCOR.NS
2025-03-06,534.4962062625957,536.0116741478732,525.0043129616257,529.5906982421875,1051597,CONCOR.NS
2025-03-07,528.0352673904731,539.7605320947173,519.7797623742124,523.7679443359375,1194378,CONCOR.NS
2025-03-10,526.4400065038238,529.471002815351,510.0485765943981,512.0028076171875,950041,CONCOR.NS
2025-03-11,511.2051487331467,517.4666237959474,502.51094102727836,514.2362060546875,976270,CONCOR.NS
2025-03-12,513.6778411299787,520.1785362487215,507.7753185271704,515.7117919921875,795031,CONCOR.NS
2025-03-13,519.2214444370816,520.218489975718,509.68969152191045,510.6867370605469,741345,CONCOR.NS
2025-03-17,504.1461382813671,519.5803842822842,498.5227866428757,513.3189697265625,1197117,CONCOR.NS
2025-03-18,513.3189697265625,513.3189697265625,513.3189697265625,513.3189697265625,0,CONCOR.NS
2025-03-19,535.1342193678972,547.936310072595,528.2746024704911,545.7427978515625,1593845,CONCOR.NS
2025-03-20,548.8137508409263,549.8905770661652,536.6497830516146,539.1224365234375,1257167,CONCOR.NS
2025-03-21,542.392742865108,554.2376480740043,539.0825445582784,550.0899047851562,2646075,CONCOR.NS
2025-03-24,556.7502507887942,573.5006035968886,554.3174572504994,571.0678100585938,2607210,CONCOR.NS
2025-03-25,574.2981959508087,583.1918245848622,564.7265836935592,567.637939453125,2384057,CONCOR.NS
2025-03-26,567.9171189087442,569.4725075269931,545.5833351814475,547.8565673828125,2131180,CONCOR.NS
2025-03-27,546.8196413120507,563.1312912318022,544.6261290215983,558.7044067382812,1836841,CONCOR.NS
2025-03-28,559.9407510851529,563.9289332463144,547.3381417055533,551.6453857421875,2239613,CONCOR.NS
2025-04-01,551.2465232345422,563.530131148956,548.055965450113,558.106201171875,827260,CONCOR.NS
2025-04-02,558.2258760706133,568.8344554925045,550.3691521462263,565.8831787109375,1237775,CONCOR.NS
2025-04-03,555.3144937112248,572.6630492145955,555.3144937112248,569.9111938476562,911781,CONCOR.NS
2025-04-04,563.9289475153116,568.1564718311687,544.4666594576768,548.3750610351562,1155533,CONCOR.NS
2025-04-07,512.0825656919698,531.704475497856,511.40458202643595,517.865478515625,1783330,CONCOR.NS
2025-04-08,530.2687253474509,538.643871348089,524.0870308450652,536.6497802734375,1018347,CONCOR.NS
2025-04-09,532.0234854180031,548.135775714326,525.2435877944275,546.5404663085938,905947,CONCOR.NS
2025-04-11,561.9348215678144,562.4931646157175,543.349939627708,546.221435546875,1410936,CONCOR.NS
2025-04-15,549.57147318378,557.0692137089142,542.632014830743,555.19482421875,1805352,CONCOR.NS
2025-04-16,557.5478892125767,563.8492244531088,553.9584886843884,557.7871704101562,1578721,CONCOR.NS
2025-04-17,557.2686379381861,560.618756972375,550.3691003141785,557.66748046875,1097135,CONCOR.NS
2025-04-21,559.143100111679,571.5064885625701,557.7073521680583,567.5581665039062,1367121,CONCOR.NS
2025-04-22,571.745760476994,571.745760476994,564.7265822301881,566.401611328125,886242,CONCOR.NS
2025-04-23,567.9171235467319,571.506524056118,557.7073868046076,569.07373046875,1143392,CONCOR.NS
2025-04-24,570.0707388617288,570.7088625802216,562.3336561257792,564.4473876953125,1030227,CONCOR.NS
2025-04-25,568.3159186431716,570.2701496746645,538.4045545040573,541.3956909179688,1394455,CONCOR.NS
2025-04-28,542.3927682156801,552.4030834272161,540.3986771560636,546.7000122070312,1031650,CONCOR.NS
2025-04-29,550.8476884745057,555.872836833807,546.7398658075134,548.01611328125,670001,CONCOR.NS
2025-04-30,548.7738789730373,553.3602640266419,532.9008704669222,537.36767578125,2098238,CONCOR.NS
2025-05-02,537.9658469988731,545.2243671719604,537.447363885131,542.0736694335938,1120468,CONCOR.NS
2025-05-05,546.3809275747907,554.3572914809921,544.0279148276198,550.6881713867188,658440,CONCOR.NS
2025-05-06,553.8787351266934,554.1977969889807,536.0116359675674,537.4873046875,899170,CONCOR.NS
2025-05-07,535.2139994176308,545.5035160339103,532.9806272878634,541.993896484375,620272,CONCOR.NS
2025-05-08,545.104684035735,545.5833072548105,518.942219973165,524.3661499023438,885470,CONCOR.NS
2025-05-09,514.7147661467417,525.7620474755508,514.7147661467417,517.3868408203125,1156786,CONCOR.NS
2025-05-12,534.4962063037718,551.1269191118666,532.821177048442,548.9732666015625,1462391,CONCOR.NS
2025-05-13,549.3322209085468,559.8610191521678,548.7738778522497,549.8905639648438,1731708,CONCOR.NS
2025-05-14,551.2066476098149,561.0973216902635,547.4178261179659,548.25537109375,3363720,CONCOR.NS
2025-05-15,552.4429929065911,557.3085798610158,548.5744514616006,550.5685424804688,3109618,CONCOR.NS
2025-05-16,555.7132522440011,585.4651160424781,550.0101813280489,582.6734008789062,13631936,CONCOR.NS
2025-05-19,588.6157550015276,603.2922961124824,579.4828451803256,595.7944946289062,6468107,CONCOR.NS
2025-05-20,603.4119678452278,604.5286539721408,577.5286439393003,579.841796875,3250117,CONCOR.NS
2025-05-21,581.4769742879529,587.4193267918511,575.0958584550249,583.5109252929688,1493318,CONCOR.NS
2025-05-22,583.8698372382373,589.9717510052175,578.1269061112433,588.6157836914062,3364851,CONCOR.NS
2025-05-23,574.2982086955418,577.767907566199,564.8860967299495,575.0160522460938,5305416,CONCOR.NS
2025-05-26,577.8477235365275,594.7177174079079,575.9334130966482,592.165283203125,5064575,CONCOR.NS
2025-05-27,593.0426559235864,615.3365788749073,587.7383665190181,613.1431274414062,6300577,CONCOR.NS
2025-05-28,615.6955623617059,625.1076744034651,607.7989181127629,620.640869140625,6247990,CONCOR.NS
2025-05-29,620.4415083275502,630.9303856971721,614.2598140030093,626.90234375,4336315,CONCOR.NS
2025-05-30,626.942202228631,630.4518218845657,617.4503703893605,625.666015625,3498486,CONCOR.NS
2025-06-02,625.6260966870053,625.6660174544666,618.1682157511655,620.640869140625,1240528,CONCOR.NS
2025-06-03,622.1564011390019,635.75611656393,618.2080789932661,626.8624267578125,2798212,CONCOR.NS
2025-06-04,629.3351200477608,644.0913810019167,620.8402730724572,642.0972900390625,3847683,CONCOR.NS
2025-06-05,647.5610771595044,650.1135111473423,639.385352929048,641.4990844726562,2363236,CONCOR.NS
2025-06-06,642.0973060272313,648.7177027939131,639.6246526452678,645.6866455078125,1869502,CONCOR.NS
2025-06-09,646.4843205236047,648.7974125098228,636.6335062069228,638.90673828125,1239700,CONCOR.NS
2025-06-10,642.0973169081282,644.8890322019803,636.5537462336115,638.0692749023438,854337,CONCOR.NS
2025-06-11,638.1490186769286,643.6128697301158,625.7457694692943,629.694091796875,948675,CONCOR.NS
2025-06-12,630.8905270434799,632.6851967916496,614.2996751414255,616.25390625,1751187,CONCOR.NS
2025-06-13,601.3779563002348,614.0205471981451,599.8624884728912,607.3602294921875,794976,CONCOR.NS
2025-06-16,605.4060582317147,612.1460957540123,598.5065202006778,609.872802734375,783901,CONCOR.NS
2025-06-17,609.8727816220697,611.6674513437023,596.8713302634309,598.8255004882812,641053,CONCOR.NS
2025-06-18,597.4296962101799,604.608436226744,593.4015933052809,594.8373413085938,579193,CONCOR.NS
2025-06-19,596.2332105629099,596.2332105629099,578.6852340588424,580.639404296875,981611,CONCOR.NS
2025-06-20,583.550813054292,590.56999138962,580.6793171773788,588.8550415039062,1485637,CONCOR.NS
2025-06-23,588.5759432254216,590.2111125516028,581.6764049785127,586.5419921875,1208823,CONCOR.NS
2025-06-24,595.0367405540412,602.215480304799,591.8461827920569,594.4385375976562,1270137,CONCOR.NS
2025-06-25,599.8225530767754,605.4858251126319,596.1534329111021,603.1327514648438,1274791,CONCOR.NS
2025-06-26,606.5227604478589,607.7590872015846,594.199291970306,601.577392578125,2299378,CONCOR.NS
2025-06-27,604.1697022559371,609.314430167576,601.5773474895171,603.2922973632812,1684007,CONCOR.NS
2025-06-30,606.3233305605702,610.5507939248608,604.010177598918,606.044189453125,1872848,CONCOR.NS
2025-07-01,609.3942426195099,610.1120861937513,593.4415140737366,594.8373413085938,1931575,CONCOR.NS
2025-07-02,596.6320667520351,599.822563749509,588.2568599965925,593.6409301757812,1473655,CONCOR.NS
2025-07-03,596.6320498624472,601.1386541284784,592.6837277858234,594.4385375976562,1777152,CONCOR.NS
2025-07-04,595.2361620232178,604.708094249718,593.2420710281652,597.8783569335938,2351859,CONCOR.NS
2025-07-07,600.2213885004312,600.6700711445283,588.3066826540834,595.3857421875,1577967,CONCOR.NS
2025-07-08,591.2978243170325,599.722871001654,586.3624368984223,596.5821533203125,1238893,CONCOR.NS
2025-07-09,596.5821479612097,614.6785480486108,593.092488726546,613.5319213867188,2743583,CONCOR.NS
2025-07-10,616.1741212482845,627.3410430599956,613.6316673849732,625.9949951171875,2800958,CONCOR.NS
2025-07-11,625.9950299098292,626.0449308716471,611.6874504793436,613.1331787109375,765764,CONCOR.NS
2025-07-14,612.4352372161067,619.6139774423534,608.8458975303992,613.7313842773438,880400,CONCOR.NS
2025-07-15,614.6287328315243,622.1065743514436,612.1859590973847,617.9688110351562,1157630,CONCOR.NS
2025-07-16,619.1652682110526,623.1534502929273,616.4233930297637,618.0685424804688,1180059,CONCOR.NS
2025-07-17,621.1593387623716,621.1593387623716,616.0744311176442,619.215087890625,523413,CONCOR.NS
2025-07-18,620.7605227520284,623.1534563664072,608.2476135191567,611.4381713867188,1099595,CONCOR.NS
2025-07-21,611.4381519715166,613.7811845511233,604.3092523151194,611.6375732421875,486223,CONCOR.NS
2025-07-22,614.1800258809157,615.1770713774756,603.4617867928964,605.7051391601562,590163,CONCOR.NS
2025-07-23,607.2007410160072,609.5936746821407,601.9662518693175,607.5496826171875,516705,CONCOR.NS
2025-07-24,609.1449465953077,610.1918321756242,602.7139910950406,604.2593994140625,500417,CONCOR.NS
2025-07-25,602.2154813167894,605.9544019375476,594.2889574298164,596.93115234375,759608,CONCOR.NS
2025-07-28,593.2420982251774,600.0219957482134,587.1102437923463,589.1542358398438,473659,CONCOR.NS
2025-07-29,586.1630789018262,591.8960905768039,584.7671908477264,590.30078125,517700,CONCOR.NS
2025-07-30,591.2479865127069,597.0806783952264,581.7262140779452,583.4212036132812,1292143,CONCOR.NS
2025-07-31,577.1897043232782,582.3742925989962,574.4976691156048,576.4917602539062,1017629,CONCOR.NS
2025-08-01,576.4418791382667,580.23063986054,568.9141369428377,571.9052734375,1111636,CONCOR.NS
2025-08-04,571.9053044075304,581.5268183283197,569.3130103137087,580.03125,890380,CONCOR.NS
2025-08-05,577.2893774793883,581.5268210964651,573.5504566407914,577.189697265625,685480,CONCOR.NS
2025-08-06,581.27752272509,581.27752272509,551.3661579193392,553.1608276367188,2817013,CONCOR.NS
2025-08-07,548.6242774400778,555.3044943522491,527.6364821778517,551.96435546875,5497402,CONCOR.NS
2025-08-08,552.5128182432197,563.1313168833458,549.920463289207,555.0054321289062,1821561,CONCOR.NS
2025-08-11,554.9056657832317,554.9056657832317,541.5452924774489,543.6889038085938,1798513,CONCOR.NS
2025-08-12,543.3898315686616,547.0789123209198,538.5042839704236,539.9500122070312,1247870,CONCOR.NS
2025-08-13,542.0,545.0,536.9000244140625,541.5499877929688,894246,CONCOR.NS
2025-08-14,541.5499877929688,542.0,531.0999755859375,531.7999877929688,1253153,CONCOR.NS
2025-08-18,535.1500244140625,541.0,534.0999755859375,537.7999877929688,612703,CONCOR.NS
2025-08-19,540.0,556.0,538.5999755859375,555.0,1151826,CONCOR.NS
2025-08-20,556.3499755859375,560.8499755859375,552.5499877929688,557.5,679269,CONCOR.NS
2025-08-21,560.0,560.25,552.5499877929688,553.2000122070312,399982,CONCOR.NS
2025-08-22,553.2000122070312,556.9500122070312,546.9000244140625,547.9000244140625,540301,CONCOR.NS
2025-08-25,547.9500122070312,550.5499877929688,543.0,544.4000244140625,588259,CONCOR.NS
2025-08-26,544.9500122070312,544.9500122070312,527.5,528.4500122070312,1774116,CONCOR.NS
2025-08-27,528.4500122070312,528.4500122070312,528.4500122070312,528.4500122070312,0,CONCOR.NS
2025-08-28,528.0,531.4000244140625,521.7000122070312,528.8499755859375,2055711,CONCOR.NS
2025-08-29,531.25,533.9000244140625,526.25,527.3499755859375,826127,CONCOR.NS
2025-09-01,530.0,541.0499877929688,528.5999755859375,539.5499877929688,515078,CONCOR.NS
2025-09-02,540.9500122070312,549.9500122070312,540.9500122070312,544.7999877929688,538311,CONCOR.NS
2025-09-03,546.0,549.75,544.2000122070312,548.7999877929688,320970,CONCOR.NS
2025-09-04,554.0,554.0,539.0,541.5999755859375,581973,CONCOR.NS
2025-09-05,544.2999877929688,548.4500122070312,537.0999755859375,542.25,600344,CONCOR.NS
2025-09-08,546.7999877929688,553.7999877929688,543.9000244140625,546.4500122070312,648461,CONCOR.NS
2025-09-09,548.9500122070312,549.0,539.7000122070312,541.5499877929688,673622,CONCOR.NS
2025-09-10,544.0499877929688,547.4000244140625,540.9000244140625,544.9500122070312,1146430,CONCOR.NS
2025-09-11,545.0,554.4000244140625,544.25,550.0,1512609,CONCOR.NS
2025-09-12,552.5499877929688,555.8499755859375,548.8499755859375,550.0499877929688,1994357,CONCOR.NS
2025-09-15,551.9000244140625,562.9000244140625,549.9000244140625,556.0,5468449,CONCOR.NS
2025-09-16,558.0,569.7999877929688,556.5,564.1500244140625,1769006,CONCOR.NS
2025-09-17,568.0,568.0,559.0,562.25,600086,CONCOR.NS
2025-09-18,564.8499755859375,564.9500122070312,556.0,561.0999755859375,527563,CONCOR.NS
2025-09-19,561.0499877929688,562.6500244140625,552.8499755859375,553.75,2306017,CONCOR.NS
2025-09-22,553.75,560.7000122070312,549.25,550.1500244140625,1119228,CONCOR.NS
2025-09-23,552.7000122070312,552.7000122070312,542.5,543.75,1229127,CONCOR.NS
2025-09-24,543.0,545.6500244140625,529.2000122070312,530.7999877929688,1471214,CONCOR.NS
2025-09-25,531.0,537.8499755859375,528.2999877929688,529.75,3293461,CONCOR.NS
2025-09-26,530.4000244140625,533.8499755859375,523.4000244140625,524.7999877929688,2785713,CONCOR.NS
2025-09-29,527.2000122070312,528.5999755859375,520.6500244140625,523.2999877929688,3106751,CONCOR.NS
